config_id,d_model,n_layers,n_heads,weight_decay,beta1,beta2,cooldown_steps,lr,global_batch_size,final_step,total_compute,n_data,n_param,micro_batch_size,current_lr,tokens_so_far,flops_so_far,eval_step,valid_loss,test_loss,flops_bin
config_1,320,12,16,0.0132792294025421,0.9559746980667114,0.9189565181732178,0.2744268774986267,0.0004101854865439,32,14725.0,280990337434583040,965026304,32808320,16,0.0004101854865439,481689600.0,1.4048562744946691e+17,7362.0,2.07233168390438,2.0928174570601064,bin_0
config_1,320,12,16,0.0132792294025421,0.9559746980667114,0.9189565181732178,0.2744268774986267,0.0004101854865439,32,14725.0,280990337434583040,965026304,32808320,16,2.538276525643104e-06,963379200.0,2.8099033743458304e+17,14725.0,1.913160704754214,1.9317844720361477,bin_0
config_100,1152,12,24,0.0042233127169311,0.9851252436637878,0.9088492393493652,0.1137933507561683,3.8907313864910975e-05,32,7995.0,960968000226484224,524010656,249050880,8,3.8907313864910975e-05,262144000.0,4.804239020519397e+17,3997.0,2.426504022488829,2.450970768733103,bin_0
config_100,1152,12,24,0.0042233127169311,0.9851252436637878,0.9088492393493652,0.1137933507561683,3.8907313864910975e-05,32,7995.0,960968000226484224,524010656,249050880,8,1.9261046467777696e-06,521011200.0,9.609680002264842e+17,7995.0,2.065101157759057,2.085876265705609,bin_0
config_1000,704,16,8,0.0019037378951907,0.8819778561592102,0.9847095608711244,0.1628177165985107,0.0012314933119341,32,8672.0,622204658863349760,568354880,136343680,8,0.0012314933119341,285081600.0,3.111023294316749e+17,4336.0,1.9888474745046896,2.0089491661650234,bin_0
config_1000,704,16,8,0.0019037378951907,0.8819778561592102,0.9847095608711244,0.1628177165985107,0.0012314933119341,32,8672.0,622204658863349760,568354880,136343680,8,1.920117141215568e-05,566886400.0,6.222046588633498e+17,8672.0,1.8093905598218325,1.8281533119717583,bin_0
config_1001,1600,25,32,0.0211585089564323,0.8120240569114685,0.9486563801765442,0.2870637476444244,0.0006547073717229,128,152587.0,245405568000000000000,40000000000,858764800,8,0.0006547073717229,3997696000.0,2.454103928979533e+19,15259.0,1.5490562641718348,1.5657421070630433,bin_2
config_1001,1600,25,32,0.0211585089564323,0.8120240569114685,0.9486563801765442,0.2870637476444244,0.0006547073717229,128,152587.0,245405568000000000000,40000000000,858764800,8,0.0006547073717229,7995392000.0,4.908207857959066e+19,30518.0,1.4716942145199072,1.4861655582072304,bin_2
config_1001,1600,25,32,0.0211585089564323,0.8120240569114685,0.9486563801765442,0.2870637476444244,0.0006547073717229,128,152587.0,245405568000000000000,40000000000,858764800,8,0.0006547073717229,12006195200.0,7.362150957006823e+19,45776.0,1.4399380815126857,1.4542293587571284,bin_2
config_1001,1600,25,32,0.0211585089564323,0.8120240569114685,0.9486563801765442,0.2870637476444244,0.0006547073717229,128,152587.0,245405568000000000000,40000000000,858764800,8,0.0006547073717229,16003891200.0,9.816254885986356e+19,61035.0,1.4173331546588022,1.4320629746308091,bin_2
config_1001,1600,25,32,0.0211585089564323,0.8120240569114685,0.9486563801765442,0.2870637476444244,0.0006547073717229,128,152587.0,245405568000000000000,40000000000,858764800,8,0.0006547073717229,20001587200.0,1.227035881496589e+20,76294.0,1.4036765375782232,1.417639951490965,bin_2
config_1001,1600,25,32,0.0211585089564323,0.8120240569114685,0.9486563801765442,0.2870637476444244,0.0006547073717229,128,152587.0,245405568000000000000,40000000000,858764800,8,0.0006547073717229,23999283200.0,1.4724462743945422e+20,91553.0,1.3941557532255766,1.407884028641904,bin_2
config_1001,1600,25,32,0.0211585089564323,0.8120240569114685,0.9486563801765442,0.2870637476444244,0.0006547073717229,128,152587.0,245405568000000000000,40000000000,858764800,8,0.0006547073717229,27996979200.0,1.7178566672924954e+20,106812.0,1.3868811311291869,1.4005187210587204,bin_2
config_1001,1600,25,32,0.0211585089564323,0.8120240569114685,0.9486563801765442,0.2870637476444244,0.0006547073717229,128,152587.0,245405568000000000000,40000000000,858764800,8,0.0004564357565933,31994675200.0,1.963250977197271e+20,122070.0,1.3612349254967735,1.3746715378468153,bin_2
config_1001,1600,25,32,0.0211585089564323,0.8120240569114685,0.9486563801765442,0.2870637476444244,0.0006547073717229,128,152587.0,245405568000000000000,40000000000,858764800,8,0.0002277470486037,36005478400.0,2.2086613700952244e+20,137329.0,1.3301989756353565,1.3443693153486878,bin_2
config_1001,1600,25,32,0.0211585089564323,0.8120240569114685,0.9486563801765442,0.2870637476444244,0.0006547073717229,128,152587.0,245405568000000000000,40000000000,858764800,8,5.530380520009284e-07,39990067200.0,2.45405568e+20,152587.0,1.30263127768626,1.3156831211340232,bin_2
config_1004,1344,27,32,0.0358172766864299,0.9642934203147888,0.9437898993492126,0.1837904751300811,0.0032679208088666,128,19073.0,24043843696700620800,5000004096,652899072,16,0.0032679208088666,3997696000.0,1.923583133056964e+19,15259.0,3.264644125954049,3.299198892155632,bin_2
config_1004,1344,27,32,0.0358172766864299,0.9642934203147888,0.9437898993492126,0.1837904751300811,0.0032679208088666,128,19073.0,24043843696700620800,5000004096,652899072,16,2.144427349612876e-05,4993843200.0,2.404384369670062e+19,19073.0,3.1180044797209443,3.150887852653128,bin_2
config_1005,1536,28,24,0.0253744889050722,0.9126790761947632,0.9151521325111388,0.0420300215482711,0.0033936274703592,128,152587.0,251066327040000000000,40000000000,870036480,8,0.0033936274703592,3997696000.0,2.5107126323365425e+19,15259.0,1.550930912670542,1.566762078922303,bin_2
config_1005,1536,28,24,0.0253744889050722,0.9126790761947632,0.9151521325111388,0.0420300215482711,0.0033936274703592,128,152587.0,251066327040000000000,40000000000,870036480,8,0.0033936274703592,7995392000.0,5.021425264673085e+19,30518.0,1.4999684140721306,1.514953042307838,bin_2
config_1005,1536,28,24,0.0253744889050722,0.9126790761947632,0.9151521325111388,0.0420300215482711,0.0033936274703592,128,152587.0,251066327040000000000,40000000000,870036480,8,0.0033936274703592,12006195200.0,7.531973357221152e+19,45776.0,1.4834787228850068,1.4980361804024118,bin_2
config_1005,1536,28,24,0.0253744889050722,0.9126790761947632,0.9151521325111388,0.0420300215482711,0.0033936274703592,128,152587.0,251066327040000000000,40000000000,870036480,8,0.0033936274703592,16003891200.0,1.0042685989557695e+20,61035.0,1.472358144394687,1.487417871228984,bin_2
config_1005,1536,28,24,0.0253744889050722,0.9126790761947632,0.9151521325111388,0.0420300215482711,0.0033936274703592,128,152587.0,251066327040000000000,40000000000,870036480,8,0.0033936274703592,20001587200.0,1.2553398621894238e+20,76294.0,1.4652356552491423,1.4801668585226184,bin_2
config_1005,1536,28,24,0.0253744889050722,0.9126790761947632,0.9151521325111388,0.0420300215482711,0.0033936274703592,128,152587.0,251066327040000000000,40000000000,870036480,8,0.0033936274703592,23999283200.0,1.506411125423078e+20,91553.0,1.4604505296320212,1.4751626538057796,bin_2
config_1005,1536,28,24,0.0253744889050722,0.9126790761947632,0.9151521325111388,0.0420300215482711,0.0033936274703592,128,152587.0,251066327040000000000,40000000000,870036480,8,0.0033936274703592,27996979200.0,1.7574823886567322e+20,106812.0,1.456781498271911,1.4714364812999474,bin_2
config_1005,1536,28,24,0.0253744889050722,0.9126790761947632,0.9151521325111388,0.0420300215482711,0.0033936274703592,128,152587.0,251066327040000000000,40000000000,870036480,8,0.0033936274703592,31994675200.0,2.008537197911539e+20,122070.0,1.4536342304456429,1.4685466730203784,bin_2
config_1005,1536,28,24,0.0253744889050722,0.9126790761947632,0.9151521325111388,0.0420300215482711,0.0033936274703592,128,152587.0,251066327040000000000,40000000000,870036480,8,0.0033936274703592,36005478400.0,2.259608461145193e+20,137329.0,1.450856288945089,1.466535563234423,bin_2
config_1005,1536,28,24,0.0253744889050722,0.9126790761947632,0.9151521325111388,0.0420300215482711,0.0033936274703592,128,152587.0,251066327040000000000,40000000000,870036480,8,1.9579637673988737e-05,39990067200.0,2.5106632704e+20,152587.0,1.3426383603205447,1.356476918097402,bin_2
config_1006,1408,24,32,0.0847964063286781,0.9709272384643556,0.9420943260192872,0.0111751919612288,0.0012489578220993,128,152587.0,189312583680000000000,40000000000,650459392,16,0.0012489578220993,3997696000.0,1.8931630573857014e+19,15259.0,1.569461057459722,1.5858242784562655,bin_2
config_1006,1408,24,32,0.0847964063286781,0.9709272384643556,0.9420943260192872,0.0111751919612288,0.0012489578220993,128,152587.0,189312583680000000000,40000000000,650459392,16,0.0012489578220993,7995392000.0,3.786326114771403e+19,30518.0,1.520631281469689,1.5367971688802124,bin_2
config_1006,1408,24,32,0.0847964063286781,0.9709272384643556,0.9420943260192872,0.0111751919612288,0.0012489578220993,128,152587.0,189312583680000000000,40000000000,650459392,16,0.0012489578220993,12006195200.0,5.6793651035381e+19,45776.0,1.5056585931387103,1.5188670290884425,bin_2
config_1006,1408,24,32,0.0847964063286781,0.9709272384643556,0.9420943260192872,0.0111751919612288,0.0012489578220993,128,152587.0,189312583680000000000,40000000000,650459392,16,0.0012489578220993,16003891200.0,7.5725281609238e+19,61035.0,1.495228895867457,1.508992540445484,bin_2
config_1006,1408,24,32,0.0847964063286781,0.9709272384643556,0.9420943260192872,0.0111751919612288,0.0012489578220993,128,152587.0,189312583680000000000,40000000000,650459392,16,0.0012489578220993,20001587200.0,9.465691218309502e+19,76294.0,1.4861941812468358,1.5006744409780033,bin_2
config_1006,1408,24,32,0.0847964063286781,0.9709272384643556,0.9420943260192872,0.0111751919612288,0.0012489578220993,128,152587.0,189312583680000000000,40000000000,650459392,16,0.0012489578220993,23999283200.0,1.1358854275695205e+20,91553.0,1.4811576383231115,1.4957613583861804,bin_2
config_1006,1408,24,32,0.0847964063286781,0.9709272384643556,0.9420943260192872,0.0111751919612288,0.0012489578220993,128,152587.0,189312583680000000000,40000000000,650459392,16,0.0012489578220993,27996979200.0,1.3252017333080904e+20,106812.0,1.4779026438759977,1.491685599186381,bin_2
config_1006,1408,24,32,0.0847964063286781,0.9709272384643556,0.9420943260192872,0.0111751919612288,0.0012489578220993,128,152587.0,189312583680000000000,40000000000,650459392,16,0.0012489578220993,31994675200.0,1.51450563218476e+20,122070.0,1.4755652289703245,1.4887813539974024,bin_2
config_1006,1408,24,32,0.0847964063286781,0.9709272384643556,0.9420943260192872,0.0111751919612288,0.0012489578220993,128,152587.0,189312583680000000000,40000000000,650459392,16,0.0012489578220993,36005478400.0,1.7038219379233302e+20,137329.0,1.4709731616739368,1.4860987684374949,bin_2
config_1006,1408,24,32,0.0847964063286781,0.9709272384643556,0.9420943260192872,0.0111751919612288,0.0012489578220993,128,152587.0,189312583680000000000,40000000000,650459392,16,2.7103483529428195e-05,39990067200.0,1.8931258368e+20,152587.0,1.3917676152948473,1.405822690354019,bin_2
config_1008,1472,27,32,0.0058504804037511,0.9771342277526855,0.9493226408958436,0.0457836985588073,0.0048220525495707,128,53947.0,81389685765605031936,14142143488,796475648,8,0.0048220525495707,3997696000.0,2.3021209985677926e+19,15259.0,3.241783032221872,3.273652175567189,bin_2
config_1008,1472,27,32,0.0058504804037511,0.9771342277526855,0.9493226408958436,0.0457836985588073,0.0048220525495707,128,53947.0,81389685765605031936,14142143488,796475648,8,0.0048220525495707,7995392000.0,4.604241997135585e+19,30518.0,3.810904707009675,3.802464913032094,bin_2
config_1008,1472,27,32,0.0058504804037511,0.9771342277526855,0.9493226408958436,0.0457836985588073,0.0048220525495707,128,53947.0,81389685765605031936,14142143488,796475648,8,0.0048220525495707,12006195200.0,6.906212125987239e+19,45776.0,3.624841011703992,3.624865590158056,bin_2
config_1008,1472,27,32,0.0058504804037511,0.9771342277526855,0.9493226408958436,0.0457836985588073,0.0048220525495707,128,53947.0,81389685765605031936,14142143488,796475648,8,9.17928188861189e-05,14129561600.0,8.138968576560503e+19,53947.0,3.425106484186454,3.4609660354598626,bin_2
config_1009,1536,25,32,0.0221605394035577,0.987869679927826,0.9124249219894408,0.0011175335384905,3.290204767836258e-05,64,38147.0,28269043317981315072,5000004096,785092608,8,3.290204767836258e-05,3997696000.0,2.261553107657624e+19,30518.0,1.608751932480296,1.6263213791221869,bin_2
config_1009,1536,25,32,0.0221605394035577,0.987869679927826,0.9124249219894408,0.0011175335384905,3.290204767836258e-05,64,38147.0,28269043317981315072,5000004096,785092608,8,3.290204767836258e-05,4993843200.0,2.8269043317981315e+19,38147.0,1.576589391778727,1.5933359719886155,bin_2
config_101,448,6,16,0.0169699434190988,0.9789988994598388,0.9388537406921388,0.1072206497192382,0.0005221497267484,64,54092.0,2070548428635832320,7090002432,37668736,16,0.0005221497267484,1592524800.0,4.658848799254366e+17,12171.0,1.875778960695905,1.8956656883569505,bin_1
config_101,448,6,16,0.0169699434190988,0.9789988994598388,0.9388537406921388,0.1072206497192382,0.0005221497267484,64,54092.0,2070548428635832320,7090002432,37668736,16,0.0005221497267484,3191603200.0,9.317697598508732e+17,24342.0,1.8164531844256728,1.835650774277236,bin_1
config_101,448,6,16,0.0169699434190988,0.9789988994598388,0.9388537406921388,0.1072206497192382,0.0005221497267484,64,54092.0,2070548428635832320,7090002432,37668736,16,0.0005221497267484,4784128000.0,1.3976929180508908e+18,36514.0,1.7917469716746055,1.8096628246036317,bin_1
config_101,448,6,16,0.0169699434190988,0.9789988994598388,0.9388537406921388,0.1072206497192382,0.0005221497267484,64,54092.0,2070548428635832320,7090002432,37668736,16,0.0004855029016429,6383206400.0,1.8635777979763277e+18,48685.0,1.7759741803025662,1.7930301795706065,bin_1
config_101,448,6,16,0.0169699434190988,0.9789988994598388,0.9388537406921388,0.1072206497192382,0.0005221497267484,64,54092.0,2070548428635832320,7090002432,37668736,16,3.781736251670209e-06,7084441600.0,2.0705484286358323e+18,54092.0,1.723590162780149,1.74018399499706,bin_1
config_1010,1408,24,32,0.0141483033075928,0.9585115909576416,0.9019722938537598,0.1996625512838363,0.0013716700486838,128,152587.0,189312583680000000000,40000000000,650459392,16,0.0013716700486838,3997696000.0,1.8931630573857014e+19,15259.0,1.556735972498284,1.5715122468354272,bin_2
config_1010,1408,24,32,0.0141483033075928,0.9585115909576416,0.9019722938537598,0.1996625512838363,0.0013716700486838,128,152587.0,189312583680000000000,40000000000,650459392,16,0.0013716700486838,7995392000.0,3.786326114771403e+19,30518.0,1.4807162192219594,1.495952184473882,bin_2
config_1010,1408,24,32,0.0141483033075928,0.9585115909576416,0.9019722938537598,0.1996625512838363,0.0013716700486838,128,152587.0,189312583680000000000,40000000000,650459392,16,0.0013716700486838,12006195200.0,5.6793651035381e+19,45776.0,1.4527293997905293,1.4654330517034062,bin_2
config_1010,1408,24,32,0.0141483033075928,0.9585115909576416,0.9019722938537598,0.1996625512838363,0.0013716700486838,128,152587.0,189312583680000000000,40000000000,650459392,16,0.0013716700486838,16003891200.0,7.5725281609238e+19,61035.0,1.4363373181663577,1.4494915265724306,bin_2
config_1010,1408,24,32,0.0141483033075928,0.9585115909576416,0.9019722938537598,0.1996625512838363,0.0013716700486838,128,152587.0,189312583680000000000,40000000000,650459392,16,0.0013716700486838,20001587200.0,9.465691218309502e+19,76294.0,1.4247675105196531,1.438380564197165,bin_2
config_1010,1408,24,32,0.0141483033075928,0.9585115909576416,0.9019722938537598,0.1996625512838363,0.0013716700486838,128,152587.0,189312583680000000000,40000000000,650459392,16,0.0013716700486838,23999283200.0,1.1358854275695205e+20,91553.0,1.4174957588266153,1.4309986233711245,bin_2
config_1010,1408,24,32,0.0141483033075928,0.9585115909576416,0.9019722938537598,0.1996625512838363,0.0013716700486838,128,152587.0,189312583680000000000,40000000000,650459392,16,0.0013716700486838,27996979200.0,1.3252017333080904e+20,106812.0,1.4118812290176015,1.4252408510348835,bin_2
config_1010,1408,24,32,0.0141483033075928,0.9585115909576416,0.9019722938537598,0.1996625512838363,0.0013716700486838,128,152587.0,189312583680000000000,40000000000,650459392,16,0.0013716700486838,31994675200.0,1.51450563218476e+20,122070.0,1.4084002403353082,1.4212060391316648,bin_2
config_1010,1408,24,32,0.0141483033075928,0.9585115909576416,0.9019722938537598,0.1996625512838363,0.0013716700486838,128,152587.0,189312583680000000000,40000000000,650459392,16,0.0006860376343934,36005478400.0,1.7038219379233302e+20,137329.0,1.366757877517919,1.3805863193605767,bin_2
config_1010,1408,24,32,0.0141483033075928,0.9585115909576416,0.9019722938537598,0.1996625512838363,0.0013716700486838,128,152587.0,189312583680000000000,40000000000,650459392,16,1.665904867923949e-06,39990067200.0,1.8931258368e+20,152587.0,1.32415431638233,1.3369660988401193,bin_2
config_1012,1344,30,24,0.0049717058427631,0.9463396072387696,0.9163929224014282,0.054472591727972,0.0003275729250162,128,152587.0,211920952320000000000,40000000000,717935232,8,0.0003275729250162,3997696000.0,2.119251188797788e+19,15259.0,1.5587699660512269,1.575202001880427,bin_2
config_1012,1344,30,24,0.0049717058427631,0.9463396072387696,0.9163929224014282,0.054472591727972,0.0003275729250162,128,152587.0,211920952320000000000,40000000000,717935232,8,0.0003275729250162,7995392000.0,4.238502377595576e+19,30518.0,1.4718200083443376,1.4872852730946462,bin_2
config_1012,1344,30,24,0.0049717058427631,0.9463396072387696,0.9163929224014282,0.054472591727972,0.0003275729250162,128,152587.0,211920952320000000000,40000000000,717935232,8,0.0003275729250162,12006195200.0,6.3576146810674045e+19,45776.0,1.435532546121566,1.4503205550205511,bin_2
config_1012,1344,30,24,0.0049717058427631,0.9463396072387696,0.9163929224014282,0.054472591727972,0.0003275729250162,128,152587.0,211920952320000000000,40000000000,717935232,8,0.0003275729250162,16003891200.0,8.476865869865191e+19,61035.0,1.412837540790683,1.4275721313816605,bin_2
config_1012,1344,30,24,0.0049717058427631,0.9463396072387696,0.9163929224014282,0.054472591727972,0.0003275729250162,128,152587.0,211920952320000000000,40000000000,717935232,8,0.0003275729250162,20001587200.0,1.059611705866298e+20,76294.0,1.3968458717963734,1.4113511564106238,bin_2
config_1012,1344,30,24,0.0049717058427631,0.9463396072387696,0.9163929224014282,0.054472591727972,0.0003275729250162,128,152587.0,211920952320000000000,40000000000,717935232,8,0.0003275729250162,23999283200.0,1.2715368247460767e+20,91553.0,1.3851960705147417,1.3991242936106978,bin_2
config_1012,1344,30,24,0.0049717058427631,0.9463396072387696,0.9163929224014282,0.054472591727972,0.0003275729250162,128,152587.0,211920952320000000000,40000000000,717935232,8,0.0003275729250162,27996979200.0,1.4834619436258555e+20,106812.0,1.3758688016895388,1.389646496342831,bin_2
config_1012,1344,30,24,0.0049717058427631,0.9463396072387696,0.9163929224014282,0.054472591727972,0.0003275729250162,128,152587.0,211920952320000000000,40000000000,717935232,8,0.0003275729250162,31994675200.0,1.6953731739730382e+20,122070.0,1.3686146541990218,1.382391315092806,bin_2
config_1012,1344,30,24,0.0049717058427631,0.9463396072387696,0.9163929224014282,0.054472591727972,0.0003275729250162,128,152587.0,211920952320000000000,40000000000,717935232,8,0.0003275729250162,36005478400.0,1.907298292852817e+20,137329.0,1.3612082121411309,1.3757155140501554,bin_2
config_1012,1344,30,24,0.0049717058427631,0.9463396072387696,0.9163929224014282,0.054472591727972,0.0003275729250162,128,152587.0,211920952320000000000,40000000000,717935232,8,1.458332117146256e-06,39990067200.0,2.1192095232e+20,152587.0,1.3203317081732828,1.3342395619486198,bin_2
config_1014,1408,26,22,0.0031757194083184,0.8178160786628723,0.922970712184906,0.1348576098680496,3.016423761437181e-05,64,38147.0,25459124856097996800,5000004096,698765056,8,3.016423761437181e-05,3997696000.0,2.0367566842960093e+19,30518.0,1.670143856298728,1.6886780459763573,bin_2
config_1014,1408,26,22,0.0031757194083184,0.8178160786628723,0.922970712184906,0.1348576098680496,3.016423761437181e-05,64,38147.0,25459124856097996800,5000004096,698765056,8,2.7560637011576016e-07,4993843200.0,2.5459124856098e+19,38147.0,1.6121759003889364,1.630074117672248,bin_2
config_1015,1408,26,32,0.1227086037397384,0.8032700419425964,0.9663455486297609,0.2265827059745788,3.852509325952269e-05,128,19073.0,25459124856097996800,5000004096,698765056,16,3.408503391139904e-05,3997696000.0,2.036810078011846e+19,15259.0,1.6666014752231662,1.684660566517564,bin_2
config_1015,1408,26,32,0.1227086037397384,0.8032700419425964,0.9663455486297609,0.2265827059745788,3.852509325952269e-05,128,19073.0,25459124856097996800,5000004096,698765056,16,2.0506298194145533e-07,4993843200.0,2.5459124856098e+19,19073.0,1.611610448634038,1.629373969445463,bin_2
config_1016,1280,30,32,0.0011709695681929,0.9023759961128236,0.9359208345413208,0.1834082752466201,2.1993368136463687e-05,128,53947.0,70523398526958305280,14142143488,673917440,8,2.1993368136463687e-05,3997696000.0,1.994766230045891e+19,15259.0,1.7679650188664922,1.78749361771052,bin_2
config_1016,1280,30,32,0.0011709695681929,0.9023759961128236,0.9359208345413208,0.1834082752466201,2.1993368136463687e-05,128,53947.0,70523398526958305280,14142143488,673917440,8,2.1993368136463687e-05,7995392000.0,3.989532460091782e+19,30518.0,1.6349106831042493,1.652979665447454,bin_2
config_1016,1280,30,32,0.0011709695681929,0.9023759961128236,0.9359208345413208,0.1834082752466201,2.1993368136463687e-05,128,53947.0,70523398526958305280,14142143488,673917440,8,1.81099626245977e-05,12006195200.0,5.984167962945193e+19,45776.0,1.5709842159904417,1.5880527356999818,bin_2
config_1016,1280,30,32,0.0011709695681929,0.9023759961128236,0.9359208345413208,0.1834082752466201,2.1993368136463687e-05,128,53947.0,70523398526958305280,14142143488,673917440,8,1.0447627879662193e-07,14129561600.0,7.052339852695831e+19,53947.0,1.5357812821571943,1.552359793772463,bin_2
config_1017,1472,28,32,0.0093127079308032,0.8652438521385193,0.9090521931648254,0.2986895442008972,0.0004321930173318,128,152587.0,238072919040000000000,40000000000,823233664,8,0.0004321930173318,3997696000.0,2.380775997713672e+19,15259.0,1.5626256115710149,1.5786870806920723,bin_2
config_1017,1472,28,32,0.0093127079308032,0.8652438521385193,0.9090521931648254,0.2986895442008972,0.0004321930173318,128,152587.0,238072919040000000000,40000000000,823233664,8,0.0004321930173318,7995392000.0,4.761551995427344e+19,30518.0,1.480377402540113,1.4955953915197342,bin_2
config_1017,1472,28,32,0.0093127079308032,0.8652438521385193,0.9090521931648254,0.2986895442008972,0.0004321930173318,128,152587.0,238072919040000000000,40000000000,823233664,8,0.0004321930173318,12006195200.0,7.14217196876211e+19,45776.0,1.445543338138549,1.4589469632946075,bin_2
config_1017,1472,28,32,0.0093127079308032,0.8652438521385193,0.9090521931648254,0.2986895442008972,0.0004321930173318,128,152587.0,238072919040000000000,40000000000,823233664,8,0.0004321930173318,16003891200.0,9.52294796647578e+19,61035.0,1.4237188638526883,1.4366770423728912,bin_2
config_1017,1472,28,32,0.0093127079308032,0.8652438521385193,0.9090521931648254,0.2986895442008972,0.0004321930173318,128,152587.0,238072919040000000000,40000000000,823233664,8,0.0004321930173318,20001587200.0,1.1903723964189454e+20,76294.0,1.4069696301124135,1.4209494732149313,bin_2
config_1017,1472,28,32,0.0093127079308032,0.8652438521385193,0.9090521931648254,0.2986895442008972,0.0004321930173318,128,152587.0,238072919040000000000,40000000000,823233664,8,0.0004321930173318,23999283200.0,1.4284499961903124e+20,91553.0,1.3955611304279234,1.4091693262878011,bin_2
config_1017,1472,28,32,0.0093127079308032,0.8652438521385193,0.9090521931648254,0.2986895442008972,0.0004321930173318,128,152587.0,238072919040000000000,40000000000,823233664,8,0.0004321930173318,27996979200.0,1.6665275959616795e+20,106812.0,1.3874868189115994,1.400709637432802,bin_2
config_1017,1472,28,32,0.0093127079308032,0.8652438521385193,0.9090521931648254,0.2986895442008972,0.0004321930173318,128,152587.0,238072919040000000000,40000000000,823233664,8,0.000289579563153,31994675200.0,1.904589593295156e+20,122070.0,1.3636760823062208,1.3761737344010931,bin_2
config_1017,1472,28,32,0.0093127079308032,0.8652438521385193,0.9090521931648254,0.2986895442008972,0.0004321930173318,128,152587.0,238072919040000000000,40000000000,823233664,8,0.0001444910699729,36005478400.0,2.1426671930665232e+20,137329.0,1.3398997189764117,1.3514182725011326,bin_2
config_1017,1472,28,32,0.0093127079308032,0.8652438521385193,0.9090521931648254,0.2986895442008972,0.0004321930173318,128,152587.0,238072919040000000000,40000000000,823233664,8,3.508675978865813e-07,39990067200.0,2.3807291904e+20,152587.0,1.3191156022959067,1.329394390925032,bin_2
config_1018,1472,24,32,0.033575166016817,0.9359514117240906,0.9933380484580994,0.0206245426088571,0.0030903618317097,128,152587.0,206599910400000000000,40000000000,716201600,16,0.0030903618317097,3997696000.0,2.0660397234322715e+19,15259.0,1.5585282907329625,1.5752770666997942,bin_2
config_1018,1472,24,32,0.033575166016817,0.9359514117240906,0.9933380484580994,0.0206245426088571,0.0030903618317097,128,152587.0,206599910400000000000,40000000000,716201600,16,0.0030903618317097,7995392000.0,4.132079446864543e+19,30518.0,1.5072617843502858,1.5234851100796558,bin_2
config_1018,1472,24,32,0.033575166016817,0.9359514117240906,0.9933380484580994,0.0206245426088571,0.0030903618317097,128,152587.0,206599910400000000000,40000000000,716201600,16,0.0030903618317097,12006195200.0,6.197983772189243e+19,45776.0,1.4915270886264864,1.505118040452238,bin_2
config_1018,1472,24,32,0.033575166016817,0.9359514117240906,0.9933380484580994,0.0206245426088571,0.0030903618317097,128,152587.0,206599910400000000000,40000000000,716201600,16,0.0030903618317097,16003891200.0,8.264023495621514e+19,61035.0,1.4817016410436787,1.4953728045010175,bin_2
config_1018,1472,24,32,0.033575166016817,0.9359514117240906,0.9933380484580994,0.0206245426088571,0.0030903618317097,128,152587.0,206599910400000000000,40000000000,716201600,16,0.0030903618317097,20001587200.0,1.0330063219053786e+20,76294.0,1.47389003401897,1.487977375945107,bin_2
config_1018,1472,24,32,0.033575166016817,0.9359514117240906,0.9933380484580994,0.0206245426088571,0.0030903618317097,128,152587.0,206599910400000000000,40000000000,716201600,16,0.0030903618317097,23999283200.0,1.2396102942486058e+20,91553.0,1.4692688523745927,1.4832926869001546,bin_2
config_1018,1472,24,32,0.033575166016817,0.9359514117240906,0.9933380484580994,0.0206245426088571,0.0030903618317097,128,152587.0,206599910400000000000,40000000000,716201600,16,0.0030903618317097,27996979200.0,1.4462142665918328e+20,106812.0,1.465989360574816,1.4800269901557046,bin_2
config_1018,1472,24,32,0.033575166016817,0.9359514117240906,0.9933380484580994,0.0206245426088571,0.0030903618317097,128,152587.0,206599910400000000000,40000000000,716201600,16,0.0030903618317097,31994675200.0,1.6528046991243028e+20,122070.0,1.4644708520076315,1.477024992489424,bin_2
config_1018,1472,24,32,0.033575166016817,0.9359514117240906,0.9933380484580994,0.0206245426088571,0.0030903618317097,128,152587.0,206599910400000000000,40000000000,716201600,16,0.0030903618317097,36005478400.0,1.85940867146753e+20,137329.0,1.4599851575835807,1.4746472232849872,bin_2
config_1018,1472,24,32,0.033575166016817,0.9359514117240906,0.9933380484580994,0.0206245426088571,0.0030903618317097,128,152587.0,206599910400000000000,40000000000,716201600,16,3.633409207920609e-05,39990067200.0,2.065999104e+20,152587.0,1.370721450516435,1.3842226186736686,bin_2
config_102,960,11,20,0.0013601216487586,0.9374064803123474,0.9187837839126588,0.0700860694050788,0.0051341792568564,32,10042.0,841764477773905920,658129664,169939200,8,0.0051341792568564,327680000.0,4.2088223888695296e+17,5021.0,3.233158091253772,3.2653875197611195,bin_0
config_102,960,11,20,0.0013601216487586,0.9374064803123474,0.9187837839126588,0.0700860694050788,0.0051341792568564,32,10042.0,841764477773905920,658129664,169939200,8,0.0003067361718178,655360000.0,8.417644777739059e+17,10042.0,3.052902620543453,3.083511560924946,bin_0
config_1020,1472,24,32,0.0054557700641453,0.8711308836936951,0.9824937582015992,0.2942083179950714,0.0007379167946055,128,19073.0,25825009955830824960,5000004096,716201600,16,0.0005027723945423,3997696000.0,2.066082036994823e+19,15259.0,1.4917897966650666,1.507121048598993,bin_2
config_1020,1472,24,32,0.0054557700641453,0.8711308836936951,0.9824937582015992,0.2942083179950714,0.0007379167946055,128,19073.0,25825009955830824960,5000004096,716201600,16,3.024788143989976e-06,4993843200.0,2.5825009955830825e+19,19073.0,1.441870898887759,1.4567733760349086,bin_2
config_1022,1536,29,24,0.0022946496028453,0.8715603351593018,0.9844749569892884,0.1974336057901382,0.0030244027730077,128,53947.0,91701564775634829312,14142143488,898351104,8,0.0030244027730077,3997696000.0,2.5937942367720387e+19,15259.0,3.1668201542291485,3.1986965460073757,bin_2
config_1022,1536,29,24,0.0022946496028453,0.8715603351593018,0.9844749569892884,0.1974336057901382,0.0030244027730077,128,53947.0,91701564775634829312,14142143488,898351104,8,0.0030244027730077,7995392000.0,5.187588473544077e+19,30518.0,3.0100640899626936,3.0424308371543884,bin_2
config_1022,1536,29,24,0.0022946496028453,0.8715603351593018,0.9844749569892884,0.1974336057901382,0.0030244027730077,128,53947.0,91701564775634829312,14142143488,898351104,8,0.0023135971259806,12006195200.0,7.781212725766881e+19,45776.0,2.9116112145830373,2.9423661310555507,bin_2
config_1022,1536,29,24,0.0022946496028453,0.8715603351593018,0.9844749569892884,0.1974336057901382,0.0030244027730077,128,53947.0,91701564775634829312,14142143488,898351104,8,1.3347129608579002e-05,14129561600.0,9.170156477563485e+19,53947.0,2.8114405649216447,2.841417767649791,bin_2
config_1023,1472,24,32,0.0346603952348232,0.919033706188202,0.9224153757095336,0.1721754372119903,0.000410421838751,128,53947.0,73044139437118586880,14142143488,716201600,16,0.000410421838751,3997696000.0,2.066065812132264e+19,15259.0,1.561969617468412,1.5775786971264198,bin_2
config_1023,1472,24,32,0.0346603952348232,0.919033706188202,0.9224153757095336,0.1721754372119903,0.000410421838751,128,53947.0,73044139437118586880,14142143488,716201600,16,0.000410421838751,7995392000.0,4.132131624264528e+19,30518.0,1.4920169980017866,1.507294274079995,bin_2
config_1023,1472,24,32,0.0346603952348232,0.919033706188202,0.9224153757095336,0.1721754372119903,0.000410421838751,128,53947.0,73044139437118586880,14142143488,716201600,16,0.0003600028768631,12006195200.0,6.198062036579495e+19,45776.0,1.4533804633578316,1.465956401004166,bin_2
config_1023,1472,24,32,0.0346603952348232,0.919033706188202,0.9224153757095336,0.1721754372119903,0.000410421838751,128,53947.0,73044139437118586880,14142143488,716201600,16,2.0768546965223766e-06,14129561600.0,7.304413943711859e+19,53947.0,1.3920630703011496,1.4026177997667282,bin_2
config_1026,1408,24,32,0.0341600328683853,0.8530227541923523,0.9851613640785216,0.0108071751892566,0.0039819437079131,128,19073.0,23664092345608568832,5000004096,650459392,16,0.0039819437079131,3997696000.0,1.893201830344682e+19,15259.0,3.545981713670199,3.5741043547333264,bin_2
config_1026,1408,24,32,0.0341600328683853,0.8530227541923523,0.9851613640785216,0.0108071751892566,0.0039819437079131,128,19073.0,23664092345608568832,5000004096,650459392,16,0.0004445859479708,4993843200.0,2.366409234560857e+19,19073.0,3.642587003160696,3.673950459370848,bin_2
config_1027,1408,28,32,0.0374277643859386,0.9433184266090392,0.9654158353805542,0.2331526577472686,7.272933726198971e-05,128,152587.0,218033080320000000000,40000000000,747070720,8,7.272933726198971e-05,3997696000.0,2.180373670498064e+19,15259.0,1.631845167621237,1.6488472279955129,bin_2
config_1027,1408,28,32,0.0374277643859386,0.9433184266090392,0.9654158353805542,0.2331526577472686,7.272933726198971e-05,128,152587.0,218033080320000000000,40000000000,747070720,8,7.272933726198971e-05,7995392000.0,4.360747340996127e+19,30518.0,1.5162333523640867,1.5322116200259477,bin_2
config_1027,1408,28,32,0.0374277643859386,0.9433184266090392,0.9654158353805542,0.2331526577472686,7.272933726198971e-05,128,152587.0,218033080320000000000,40000000000,747070720,8,7.272933726198971e-05,12006195200.0,6.540978120500646e+19,45776.0,1.4671206337506657,1.4821982635728648,bin_2
config_1027,1408,28,32,0.0374277643859386,0.9433184266090392,0.9654158353805542,0.2331526577472686,7.272933726198971e-05,128,152587.0,218033080320000000000,40000000000,747070720,8,7.272933726198971e-05,16003891200.0,8.721351790998708e+19,61035.0,1.4366783190750685,1.4515491882015448,bin_2
config_1027,1408,28,32,0.0374277643859386,0.9433184266090392,0.9654158353805542,0.2331526577472686,7.272933726198971e-05,128,152587.0,218033080320000000000,40000000000,747070720,8,7.272933726198971e-05,20001587200.0,1.0901725461496771e+20,76294.0,1.4151631234219817,1.429965127374305,bin_2
config_1027,1408,28,32,0.0374277643859386,0.9433184266090392,0.9654158353805542,0.2331526577472686,7.272933726198971e-05,128,152587.0,218033080320000000000,40000000000,747070720,8,7.272933726198971e-05,23999283200.0,1.3082099131994836e+20,91553.0,1.3999530044051467,1.4144408952896712,bin_2
config_1027,1408,28,32,0.0374277643859386,0.9433184266090392,0.9654158353805542,0.2331526577472686,7.272933726198971e-05,128,152587.0,218033080320000000000,40000000000,747070720,8,7.272933726198971e-05,27996979200.0,1.5262472802492898e+20,106812.0,1.388268068208069,1.4024741627446942,bin_2
config_1027,1408,28,32,0.0374277643859386,0.9433184266090392,0.9654158353805542,0.2331526577472686,7.272933726198971e-05,128,152587.0,218033080320000000000,40000000000,747070720,8,6.242792253118338e-05,31994675200.0,1.7442703581997416e+20,122070.0,1.3733092345956897,1.3877144686120455,bin_2
config_1027,1408,28,32,0.0374277643859386,0.9433184266090392,0.9654158353805542,0.2331526577472686,7.272933726198971e-05,128,152587.0,218033080320000000000,40000000000,747070720,8,3.114956464641718e-05,36005478400.0,1.962307725249548e+20,137329.0,1.3482879806248869,1.362319230378651,bin_2
config_1027,1408,28,32,0.0374277643859386,0.9433184266090392,0.9654158353805542,0.2331526577472686,7.272933726198971e-05,128,152587.0,218033080320000000000,40000000000,747070720,8,7.564047331610796e-08,39990067200.0,2.1803308032e+20,152587.0,1.3294778925668995,1.343434111612742,bin_2
config_1028,1344,30,24,0.0394680574536323,0.9693040251731871,0.9159631133079528,0.0426947064697742,2.1256491891108453e-05,128,152587.0,211920952320000000000,40000000000,717935232,8,2.1256491891108453e-05,3997696000.0,2.119251188797788e+19,15259.0,1.7879639197568424,1.807501773775601,bin_2
config_1028,1344,30,24,0.0394680574536323,0.9693040251731871,0.9159631133079528,0.0426947064697742,2.1256491891108453e-05,128,152587.0,211920952320000000000,40000000000,717935232,8,2.1256491891108453e-05,7995392000.0,4.238502377595576e+19,30518.0,1.6275847992349843,1.645553560296043,bin_2
config_1028,1344,30,24,0.0394680574536323,0.9693040251731871,0.9159631133079528,0.0426947064697742,2.1256491891108453e-05,128,152587.0,211920952320000000000,40000000000,717935232,8,2.1256491891108453e-05,12006195200.0,6.3576146810674045e+19,45776.0,1.562428179656873,1.5793550682067872,bin_2
config_1028,1344,30,24,0.0394680574536323,0.9693040251731871,0.9159631133079528,0.0426947064697742,2.1256491891108453e-05,128,152587.0,211920952320000000000,40000000000,717935232,8,2.1256491891108453e-05,16003891200.0,8.476865869865191e+19,61035.0,1.521779591695207,1.5384808140504556,bin_2
config_1028,1344,30,24,0.0394680574536323,0.9693040251731871,0.9159631133079528,0.0426947064697742,2.1256491891108453e-05,128,152587.0,211920952320000000000,40000000000,717935232,8,2.1256491891108453e-05,20001587200.0,1.059611705866298e+20,76294.0,1.494575226951818,1.5099997972855803,bin_2
config_1028,1344,30,24,0.0394680574536323,0.9693040251731871,0.9159631133079528,0.0426947064697742,2.1256491891108453e-05,128,152587.0,211920952320000000000,40000000000,717935232,8,2.1256491891108453e-05,23999283200.0,1.2715368247460767e+20,91553.0,1.473172255373392,1.488283347731731,bin_2
config_1028,1344,30,24,0.0394680574536323,0.9693040251731871,0.9159631133079528,0.0426947064697742,2.1256491891108453e-05,128,152587.0,211920952320000000000,40000000000,717935232,8,2.1256491891108453e-05,27996979200.0,1.4834619436258555e+20,106812.0,1.4563402610919514,1.4709827455340838,bin_2
config_1028,1344,30,24,0.0394680574536323,0.9693040251731871,0.9159631133079528,0.0426947064697742,2.1256491891108453e-05,128,152587.0,211920952320000000000,40000000000,717935232,8,2.1256491891108453e-05,31994675200.0,1.6953731739730382e+20,122070.0,1.4426723672327448,1.4571774093342609,bin_2
config_1028,1344,30,24,0.0394680574536323,0.9693040251731871,0.9159631133079528,0.0426947064697742,2.1256491891108453e-05,128,152587.0,211920952320000000000,40000000000,717935232,8,2.1256491891108453e-05,36005478400.0,1.907298292852817e+20,137329.0,1.430728459612268,1.4456461570790555,bin_2
config_1028,1344,30,24,0.0394680574536323,0.9693040251731871,0.9159631133079528,0.0426947064697742,2.1256491891108453e-05,128,152587.0,211920952320000000000,40000000000,717935232,8,1.2073844027802e-07,39990067200.0,2.1192095232e+20,152587.0,1.4015587508678435,1.4161372809038788,bin_2
config_1029,1344,27,32,0.0803639814257621,0.8106352686882019,0.9217413663864136,0.0731457769870758,0.0006117930170148,128,19073.0,24043843696700620800,5000004096,652899072,16,0.0006117930170148,3997696000.0,1.923583133056964e+19,15259.0,1.548704071748452,1.5643880621331636,bin_2
config_1029,1344,27,32,0.0803639814257621,0.8106352686882019,0.9217413663864136,0.0731457769870758,0.0006117930170148,128,19073.0,24043843696700620800,5000004096,652899072,16,1.0086909957951191e-05,4993843200.0,2.404384369670062e+19,19073.0,1.4692203892254438,1.4842147508996433,bin_2
config_103,1152,24,16,0.1009353175759315,0.842544674873352,0.9827691316604614,0.1769083738327026,0.002076867269352,32,13385.0,2912552297940271104,877214656,440181504,8,0.002076867269352,439091200.0,1.4561673498555318e+18,6692.0,3.3757873026660232,3.4109810581754467,bin_1
config_103,1152,24,16,0.1009353175759315,0.842544674873352,0.9827691316604614,0.1769083738327026,0.002076867269352,32,13385.0,2912552297940271104,877214656,440181504,8,3.070990892578042e-05,874905600.0,2.912552297940271e+18,13385.0,3.174262734671108,3.208777855028872,bin_1
config_1030,1408,29,32,0.0037042368203401,0.9463045597076416,0.932694137096405,0.2664867341518402,8.02926515461877e-05,128,53947.0,79624936328711110656,14142143488,771223552,8,8.02926515461877e-05,3997696000.0,2.2522047628965515e+19,15259.0,1.595333671335314,1.6130386606982496,bin_2
config_1030,1408,29,32,0.0037042368203401,0.9463045597076416,0.932694137096405,0.2664867341518402,8.02926515461877e-05,128,53947.0,79624936328711110656,14142143488,771223552,8,8.02926515461877e-05,7995392000.0,4.504409525793103e+19,30518.0,1.5046416575693693,1.5205113011891724,bin_2
config_1030,1408,29,32,0.0037042368203401,0.9463045597076416,0.932694137096405,0.2664867341518402,8.02926515461877e-05,128,53947.0,79624936328711110656,14142143488,771223552,8,4.5502520321841344e-05,12006195200.0,6.756466690238716e+19,45776.0,1.4447129866334258,1.459745926984021,bin_2
config_1030,1408,29,32,0.0037042368203401,0.9463045597076416,0.932694137096405,0.2664867341518402,8.02926515461877e-05,128,53947.0,79624936328711110656,14142143488,771223552,8,2.6250379957365173e-07,14129561600.0,7.962493632871111e+19,53947.0,1.4153517786987493,1.429994858434943,bin_2
config_1031,1536,29,32,0.168276160955429,0.8665711879730225,0.9431711435317992,0.0838976204395294,0.000188872727449,64,38147.0,32421407679595413504,5000004096,898351104,8,0.000188872727449,3997696000.0,2.593746610653244e+19,30518.0,1.5740841786587825,1.589317903850899,bin_2
config_1031,1536,29,32,0.168276160955429,0.8665711879730225,0.9431711435317992,0.0838976204395294,0.000188872727449,64,38147.0,32421407679595413504,5000004096,898351104,8,2.7740681844079464e-06,4993843200.0,3.2421407679595414e+19,38147.0,1.4831165003287987,1.4975156676378407,bin_2
config_1033,1280,27,40,0.030692609027028,0.8161378502845764,0.9956157207489014,0.1574826836585998,6.298529478954151e-05,128,19073.0,22633477741329776640,5000004096,612961280,16,6.298529478954151e-05,3997696000.0,1.8107494198864943e+19,15259.0,1.6455866417728486,1.6640957040474065,bin_2
config_1033,1280,27,40,0.030692609027028,0.8161378502845764,0.9956157207489014,0.1574826836585998,6.298529478954151e-05,128,19073.0,22633477741329776640,5000004096,612961280,16,4.824048551979501e-07,4993843200.0,2.2633477741329777e+19,19073.0,1.58386275713561,1.6013394815413675,bin_2
config_1034,1600,25,32,0.0131658026948571,0.9310050010681152,0.9468766450881958,0.0596522241830825,0.0006736828945577,128,152587.0,245405568000000000000,40000000000,858764800,8,0.0006736828945577,3997696000.0,2.454103928979533e+19,15259.0,1.5498707500637554,1.5659234056511864,bin_2
config_1034,1600,25,32,0.0131658026948571,0.9310050010681152,0.9468766450881958,0.0596522241830825,0.0006736828945577,128,152587.0,245405568000000000000,40000000000,858764800,8,0.0006736828945577,7995392000.0,4.908207857959066e+19,30518.0,1.4673230591172075,1.481299696740557,bin_2
config_1034,1600,25,32,0.0131658026948571,0.9310050010681152,0.9468766450881958,0.0596522241830825,0.0006736828945577,128,152587.0,245405568000000000000,40000000000,858764800,8,0.0006736828945577,12006195200.0,7.362150957006823e+19,45776.0,1.4314665729491438,1.4451155006885528,bin_2
config_1034,1600,25,32,0.0131658026948571,0.9310050010681152,0.9468766450881958,0.0596522241830825,0.0006736828945577,128,152587.0,245405568000000000000,40000000000,858764800,8,0.0006736828945577,16003891200.0,9.816254885986356e+19,61035.0,1.4090724083341537,1.42325023073642,bin_2
config_1034,1600,25,32,0.0131658026948571,0.9310050010681152,0.9468766450881958,0.0596522241830825,0.0006736828945577,128,152587.0,245405568000000000000,40000000000,858764800,8,0.0006736828945577,20001587200.0,1.227035881496589e+20,76294.0,1.3942550720152307,1.4080914100174045,bin_2
config_1034,1600,25,32,0.0131658026948571,0.9310050010681152,0.9468766450881958,0.0596522241830825,0.0006736828945577,128,152587.0,245405568000000000000,40000000000,858764800,8,0.0006736828945577,23999283200.0,1.4724462743945422e+20,91553.0,1.383538538618166,1.3973914815265625,bin_2
config_1034,1600,25,32,0.0131658026948571,0.9310050010681152,0.9468766450881958,0.0596522241830825,0.0006736828945577,128,152587.0,245405568000000000000,40000000000,858764800,8,0.0006736828945577,27996979200.0,1.7178566672924954e+20,106812.0,1.3752627900877936,1.3890165907828531,bin_2
config_1034,1600,25,32,0.0131658026948571,0.9310050010681152,0.9468766450881958,0.0596522241830825,0.0006736828945577,128,152587.0,245405568000000000000,40000000000,858764800,8,0.0006736828945577,31994675200.0,1.963250977197271e+20,122070.0,1.3688617914621948,1.3824697149190746,bin_2
config_1034,1600,25,32,0.0131658026948571,0.9310050010681152,0.9468766450881958,0.0596522241830825,0.0006736828945577,128,152587.0,245405568000000000000,40000000000,858764800,8,0.0006736828945577,36005478400.0,2.2086613700952244e+20,137329.0,1.363075211849369,1.377560438220618,bin_2
config_1034,1600,25,32,0.0131658026948571,0.9310050010681152,0.9468766450881958,0.0596522241830825,0.0006736828945577,128,152587.0,245405568000000000000,40000000000,858764800,8,2.7385483518606226e-06,39990067200.0,2.45405568e+20,152587.0,1.3115339630842209,1.3250086348076335,bin_2
config_1035,1536,29,24,0.001248158281669,0.941348910331726,0.9844422340393066,0.2551219761371612,0.0021619359031319,128,152587.0,259371048960000000000,40000000000,898351104,8,0.0021619359031319,3997696000.0,2.59376148432084e+19,15259.0,1.5032545677169424,1.5187952477619295,bin_2
config_1035,1536,29,24,0.001248158281669,0.941348910331726,0.9844422340393066,0.2551219761371612,0.0021619359031319,128,152587.0,259371048960000000000,40000000000,898351104,8,0.0021619359031319,7995392000.0,5.18752296864168e+19,30518.0,1.4266255656617586,1.4412243490434085,bin_2
config_1035,1536,29,24,0.001248158281669,0.941348910331726,0.9844422340393066,0.2551219761371612,0.0021619359031319,128,152587.0,259371048960000000000,40000000000,898351104,8,0.0021619359031319,12006195200.0,7.78111447055972e+19,45776.0,1.3931250120479552,1.4071062086840145,bin_2
config_1035,1536,29,24,0.001248158281669,0.941348910331726,0.9844422340393066,0.2551219761371612,0.0021619359031319,128,152587.0,259371048960000000000,40000000000,898351104,8,0.0021619359031319,16003891200.0,1.037487595488056e+20,61035.0,1.3727108603520473,1.386730898139907,bin_2
config_1035,1536,29,24,0.001248158281669,0.941348910331726,0.9844422340393066,0.2551219761371612,0.0021619359031319,128,152587.0,259371048960000000000,40000000000,898351104,8,0.0021619359031319,20001587200.0,1.29686374392014e+20,76294.0,1.3573030106747737,1.371547149976746,bin_2
config_1035,1536,29,24,0.001248158281669,0.941348910331726,0.9844422340393066,0.2551219761371612,0.0021619359031319,128,152587.0,259371048960000000000,40000000000,898351104,8,0.0021619359031319,23999283200.0,1.556239892352224e+20,91553.0,1.3466672177197505,1.3607155545226863,bin_2
config_1035,1536,29,24,0.001248158281669,0.941348910331726,0.9844422340393066,0.2551219761371612,0.0021619359031319,128,152587.0,259371048960000000000,40000000000,898351104,8,0.0021619359031319,27996979200.0,1.815616040784308e+20,106812.0,1.338308393202844,1.352057898494064,bin_2
config_1035,1536,29,24,0.001248158281669,0.941348910331726,0.9844422340393066,0.2551219761371612,0.0021619359031319,128,152587.0,259371048960000000000,40000000000,898351104,8,0.0016959267538517,31994675200.0,2.074975190976112e+20,122070.0,1.3227247651092342,1.3363394938726894,bin_2
config_1035,1536,29,24,0.001248158281669,0.941348910331726,0.9844422340393066,0.2551219761371612,0.0021619359031319,128,152587.0,259371048960000000000,40000000000,898351104,8,0.0008462139682496,36005478400.0,2.334351339408196e+20,137329.0,1.2997105545978078,1.31332430226881,bin_2
config_1035,1536,29,24,0.001248158281669,0.941348910331726,0.9844422340393066,0.2551219761371612,0.0021619359031319,128,152587.0,259371048960000000000,40000000000,898351104,8,2.0548609847891378e-06,39990067200.0,2.5937104896e+20,152587.0,1.2824604343781705,1.2956863942888917,bin_2
config_1036,1408,27,32,0.0255342554301023,0.8101632595062256,0.936262309551239,0.1115855649113655,3.093597842962481e-05,128,53947.0,74547819022092337152,14142143488,722917888,8,3.093597842962481e-05,3997696000.0,2.1085976429794185e+19,15259.0,1.7066545340272248,1.7256121172475034,bin_2
config_1036,1408,27,32,0.0255342554301023,0.8101632595062256,0.936262309551239,0.1115855649113655,3.093597842962481e-05,128,53947.0,74547819022092337152,14142143488,722917888,8,3.093597842962481e-05,7995392000.0,4.217195285958837e+19,30518.0,1.592219643925057,1.6093672094188751,bin_2
config_1036,1408,27,32,0.0255342554301023,0.8101632595062256,0.936262309551239,0.1115855649113655,3.093597842962481e-05,128,53947.0,74547819022092337152,14142143488,722917888,8,3.093597842962481e-05,12006195200.0,6.325654741793424e+19,45776.0,1.5370445312828314,1.5536129826209584,bin_2
config_1036,1408,27,32,0.0255342554301023,0.8101632595062256,0.936262309551239,0.1115855649113655,3.093597842962481e-05,128,53947.0,74547819022092337152,14142143488,722917888,8,2.415668692793408e-07,14129561600.0,7.454781902209234e+19,53947.0,1.494147342140557,1.5101776303912773,bin_2
config_1038,1472,28,32,0.1646162718534469,0.9114007949829102,0.9723398685455322,0.1119196638464927,4.821330003323965e-05,64,38147.0,29759139258666909696,5000004096,823233664,8,4.821330003323965e-05,3997696000.0,2.3807623453901926e+19,30518.0,1.5950445768872246,1.6117822412780074,bin_2
config_1038,1472,28,32,0.1646162718534469,0.9114007949829102,0.9723398685455322,0.1119196638464927,4.821330003323965e-05,64,38147.0,29759139258666909696,5000004096,823233664,8,5.308093468171148e-07,4993843200.0,2.975913925866691e+19,38147.0,1.5305567380053098,1.5464563692006907,bin_2
config_1039,1280,29,32,0.0018268721178174,0.8821435570716858,0.99347722530365,0.2668881118297577,0.0065257330425083,128,53947.0,68354640860385116160,14142143488,653598720,8,0.0065257330425083,3997696000.0,1.933422553410971e+19,15259.0,3.3510993488108527,3.3867154176899645,bin_2
config_1039,1280,29,32,0.0018268721178174,0.8821435570716858,0.99347722530365,0.2668881118297577,0.0065257330425083,128,53947.0,68354640860385116160,14142143488,653598720,8,0.0065257330425083,7995392000.0,3.866845106821942e+19,30518.0,3.578139151588815,3.586735155777853,bin_2
config_1039,1280,29,32,0.0018268721178174,0.8821435570716858,0.99347722530365,0.2668881118297577,0.0065257330425083,128,53947.0,68354640860385116160,14142143488,653598720,8,0.003692793435946,12006195200.0,5.80014095320405e+19,45776.0,3.9046100883014874,3.91055825299904,bin_2
config_1039,1280,29,32,0.0018268721178174,0.8821435570716858,0.99347722530365,0.2668881118297577,0.0065257330425083,128,53947.0,68354640860385116160,14142143488,653598720,8,2.1303705841348337e-05,14129561600.0,6.835464086038512e+19,53947.0,4.737256320421813,4.737473953434678,bin_2
config_104,512,18,16,0.0038574652280658,0.8251498341560364,0.9780817031860352,0.2090599685907364,0.0070676342584192,64,18365.0,1802936398739668992,2407145472,87102464,8,0.0070676342584192,1592524800.0,1.1948564611522194e+18,12171.0,3.155054211572092,3.186785405679518,bin_1
config_104,512,18,16,0.0038574652280658,0.8251498341560364,0.9780817031860352,0.2090599685907364,0.0070676342584192,64,18365.0,1802936398739668992,2407145472,87102464,8,2.761513776407612e-05,2405171200.0,1.802936398739669e+18,18365.0,3.0411088133032025,3.0719627091536217,bin_1
config_1040,1472,29,16,0.0071547138504683,0.9213964939117432,0.933717966079712,0.009841633029282,0.0056820344179868,64,38147.0,30742671584375930880,5000004096,849991680,8,0.0056820344179868,3997696000.0,2.459445962754567e+19,30518.0,3.252641460074753,3.2766382307302755,bin_2
config_1040,1472,29,16,0.0071547138504683,0.9213964939117432,0.933717966079712,0.009841633029282,0.0056820344179868,64,38147.0,30742671584375930880,5000004096,849991680,8,0.000712148313721,4993843200.0,3.074267158437593e+19,38147.0,3.2693532673257297,3.302586561500049,bin_2
config_1041,1280,30,40,0.1438715159893036,0.860273540019989,0.9063361287117004,0.2494284957647323,2.323250737390481e-05,128,152587.0,199470182400000000000,40000000000,673917440,8,2.323250737390481e-05,3997696000.0,1.994741041662527e+19,15259.0,1.825229514993605,1.8450302945785837,bin_2
config_1041,1280,30,40,0.1438715159893036,0.860273540019989,0.9063361287117004,0.2494284957647323,2.323250737390481e-05,128,152587.0,199470182400000000000,40000000000,673917440,8,2.323250737390481e-05,7995392000.0,3.989482083325054e+19,30518.0,1.6556653487486916,1.6734429591210165,bin_2
config_1041,1280,30,40,0.1438715159893036,0.860273540019989,0.9063361287117004,0.2494284957647323,2.323250737390481e-05,128,152587.0,199470182400000000000,40000000000,673917440,8,2.323250737390481e-05,12006195200.0,5.984092399445824e+19,45776.0,1.5867514841185242,1.6035050316130528,bin_2
config_1041,1280,30,40,0.1438715159893036,0.860273540019989,0.9063361287117004,0.2494284957647323,2.323250737390481e-05,128,152587.0,199470182400000000000,40000000000,673917440,8,2.323250737390481e-05,16003891200.0,7.978833441108351e+19,61035.0,1.544679202329917,1.5606352213953365,bin_2
config_1041,1280,30,40,0.1438715159893036,0.860273540019989,0.9063361287117004,0.2494284957647323,2.323250737390481e-05,128,152587.0,199470182400000000000,40000000000,673917440,8,2.323250737390481e-05,20001587200.0,9.973574482770878e+19,76294.0,1.5140961468415182,1.5301714587016184,bin_2
config_1041,1280,30,40,0.1438715159893036,0.860273540019989,0.9063361287117004,0.2494284957647323,2.323250737390481e-05,128,152587.0,199470182400000000000,40000000000,673917440,8,2.323250737390481e-05,23999283200.0,1.1968315524433406e+20,91553.0,1.492205974723472,1.5073660315841926,bin_2
config_1041,1280,30,40,0.1438715159893036,0.860273540019989,0.9063361287117004,0.2494284957647323,2.323250737390481e-05,128,152587.0,199470182400000000000,40000000000,673917440,8,2.323250737390481e-05,27996979200.0,1.3963056566095933e+20,106812.0,1.474615078197151,1.4894419527053833,bin_2
config_1041,1280,30,40,0.1438715159893036,0.860273540019989,0.9063361287117004,0.2494284957647323,2.323250737390481e-05,128,152587.0,199470182400000000000,40000000000,673917440,8,1.864082287177622e-05,31994675200.0,1.5957666882216703e+20,122070.0,1.4541419673747704,1.46908794705985,bin_2
config_1041,1280,30,40,0.1438715159893036,0.860273540019989,0.9063361287117004,0.2494284957647323,2.323250737390481e-05,128,152587.0,199470182400000000000,40000000000,673917440,8,9.301182765080206e-06,36005478400.0,1.7952407923879228e+20,137329.0,1.43081720415686,1.445559325853332,bin_2
config_1041,1280,30,40,0.1438715159893036,0.860273540019989,0.9063361287117004,0.2494284957647323,2.323250737390481e-05,128,152587.0,199470182400000000000,40000000000,673917440,8,2.2586057774362744e-08,39990067200.0,1.994701824e+20,152587.0,1.4147421156871514,1.4292640050219707,bin_2
config_1042,1344,30,28,0.1449876725673675,0.9268251657485962,0.9166992902755736,0.2308869510889053,0.0016078812768682,128,152587.0,211920952320000000000,40000000000,717935232,8,0.0016078812768682,3997696000.0,2.119251188797788e+19,15259.0,1.6125943219857135,1.630029325426602,bin_2
config_1042,1344,30,28,0.1449876725673675,0.9268251657485962,0.9166992902755736,0.2308869510889053,0.0016078812768682,128,152587.0,211920952320000000000,40000000000,717935232,8,0.0016078812768682,7995392000.0,4.238502377595576e+19,30518.0,1.576550422574653,1.59300039744768,bin_2
config_1042,1344,30,28,0.1449876725673675,0.9268251657485962,0.9166992902755736,0.2308869510889053,0.0016078812768682,128,152587.0,211920952320000000000,40000000000,717935232,8,0.0016078812768682,12006195200.0,6.3576146810674045e+19,45776.0,1.5624386643679415,1.5787648667859249,bin_2
config_1042,1344,30,28,0.1449876725673675,0.9268251657485962,0.9166992902755736,0.2308869510889053,0.0016078812768682,128,152587.0,211920952320000000000,40000000000,717935232,8,0.0016078812768682,16003891200.0,8.476865869865191e+19,61035.0,1.5550834422228763,1.5711137268386903,bin_2
config_1042,1344,30,28,0.1449876725673675,0.9268251657485962,0.9166992902755736,0.2308869510889053,0.0016078812768682,128,152587.0,211920952320000000000,40000000000,717935232,8,0.0016078812768682,20001587200.0,1.059611705866298e+20,76294.0,1.5494914299738212,1.5653374918171616,bin_2
config_1042,1344,30,28,0.1449876725673675,0.9268251657485962,0.9166992902755736,0.2308869510889053,0.0016078812768682,128,152587.0,211920952320000000000,40000000000,717935232,8,0.0016078812768682,23999283200.0,1.2715368247460767e+20,91553.0,1.545777136790948,1.5616023077339425,bin_2
config_1042,1344,30,28,0.1449876725673675,0.9268251657485962,0.9166992902755736,0.2308869510889053,0.0016078812768682,128,152587.0,211920952320000000000,40000000000,717935232,8,0.0016078812768682,27996979200.0,1.4834619436258555e+20,106812.0,1.5434634902242754,1.559522158024741,bin_2
config_1042,1344,30,28,0.1449876725673675,0.9268251657485962,0.9166992902755736,0.2308869510889053,0.0016078812768682,128,152587.0,211920952320000000000,40000000000,717935232,8,0.0013936948779939,31994675200.0,1.6953731739730382e+20,122070.0,1.5247503672564615,1.540152036635602,bin_2
config_1042,1344,30,28,0.1449876725673675,0.9268251657485962,0.9166992902755736,0.2308869510889053,0.0016078812768682,128,152587.0,211920952320000000000,40000000000,717935232,8,0.0006954097932342,36005478400.0,1.907298292852817e+20,137329.0,1.4598167703190787,1.4752144966946277,bin_2
config_1042,1344,30,28,0.1449876725673675,0.9268251657485962,0.9166992902755736,0.2308869510889053,0.0016078812768682,128,152587.0,211920952320000000000,40000000000,717935232,8,1.6886632768699662e-06,39990067200.0,2.1192095232e+20,152587.0,1.3442297613523049,1.3576816778691088,bin_2
config_1043,1472,28,32,0.1249647811055183,0.8697582483291626,0.984172821044922,0.1891277730464935,0.0027069984935224,128,53947.0,84171534541767180288,14142143488,823233664,8,0.0027069984935224,3997696000.0,2.380806060712969e+19,15259.0,3.713249446681288,3.752609808484062,bin_2
config_1043,1472,28,32,0.1249647811055183,0.8697582483291626,0.984172821044922,0.1891277730464935,0.0027069984935224,128,53947.0,84171534541767180288,14142143488,823233664,8,0.0027069984935224,7995392000.0,4.761612121425938e+19,30518.0,3.607450554722645,3.646214196369296,bin_2
config_1043,1472,28,32,0.1249647811055183,0.8697582483291626,0.984172821044922,0.1891277730464935,0.0027069984935224,128,53947.0,84171534541767180288,14142143488,823233664,8,0.0021617248310847,12006195200.0,7.14226215578982e+19,45776.0,3.6703147708783375,3.7093570477063538,bin_2
config_1043,1472,28,32,0.1249647811055183,0.8697582483291626,0.984172821044922,0.1891277730464935,0.0027069984935224,128,53947.0,84171534541767180288,14142143488,823233664,8,1.247097914090908e-05,14129561600.0,8.417153454176718e+19,53947.0,3.286210428456791,3.321216402249258,bin_2
config_1044,1280,29,40,0.0012668850831687,0.807770848274231,0.9455793499946594,0.1227493658661842,0.0036922257859259,64,38147.0,24167021397607710720,5000004096,653598720,8,0.0036922257859259,3997696000.0,1.9333870527490814e+19,30518.0,3.152174307948253,3.183607019791838,bin_2
config_1044,1280,29,40,0.0012668850831687,0.807770848274231,0.9455793499946594,0.1227493658661842,0.0036922257859259,64,38147.0,24167021397607710720,5000004096,653598720,8,3.706420588178586e-05,4993843200.0,2.416702139760771e+19,38147.0,3.002427752643335,3.0332696596129995,bin_2
config_1045,1408,25,32,0.1914293617010116,0.9645602703094482,0.9021538496017456,0.1857613921165466,0.0023860295768827,128,152587.0,196492707840000000000,40000000000,674612224,16,0.0023860295768827,3997696000.0,1.964965710663792e+19,15259.0,1.6697018908281795,1.684758470214781,bin_2
config_1045,1408,25,32,0.1914293617010116,0.9645602703094482,0.9021538496017456,0.1857613921165466,0.0023860295768827,128,152587.0,196492707840000000000,40000000000,674612224,16,0.0023860295768827,7995392000.0,3.929931421327584e+19,30518.0,1.6436566319621977,1.6591306760662892,bin_2
config_1045,1408,25,32,0.1914293617010116,0.9645602703094482,0.9021538496017456,0.1857613921165466,0.0023860295768827,128,152587.0,196492707840000000000,40000000000,674612224,16,0.0023860295768827,12006195200.0,5.894768357778736e+19,45776.0,1.6278017513869238,1.6436495383841092,bin_2
config_1045,1408,25,32,0.1914293617010116,0.9645602703094482,0.9021538496017456,0.1857613921165466,0.0023860295768827,128,152587.0,196492707840000000000,40000000000,674612224,16,0.0023860295768827,16003891200.0,7.859734068442528e+19,61035.0,1.625112256691104,1.640823986061284,bin_2
config_1045,1408,25,32,0.1914293617010116,0.9645602703094482,0.9021538496017456,0.1857613921165466,0.0023860295768827,128,152587.0,196492707840000000000,40000000000,674612224,16,0.0023860295768827,20001587200.0,9.82469977910632e+19,76294.0,1.6184296067816313,1.634323857455957,bin_2
config_1045,1408,25,32,0.1914293617010116,0.9645602703094482,0.9021538496017456,0.1857613921165466,0.0023860295768827,128,152587.0,196492707840000000000,40000000000,674612224,16,0.0023860295768827,23999283200.0,1.1789665489770113e+20,91553.0,1.61784906105917,1.6340429660140492,bin_2
config_1045,1408,25,32,0.1914293617010116,0.9645602703094482,0.9021538496017456,0.1857613921165466,0.0023860295768827,128,152587.0,196492707840000000000,40000000000,674612224,16,0.0023860295768827,27996979200.0,1.3754631200433902e+20,106812.0,1.6153227759580142,1.6312881985648733,bin_2
config_1045,1408,25,32,0.1914293617010116,0.9645602703094482,0.9021538496017456,0.1857613921165466,0.0023860295768827,128,152587.0,196492707840000000000,40000000000,674612224,16,0.0023860295768827,31994675200.0,1.5719468136885056e+20,122070.0,1.618536675601709,1.633013731964299,bin_2
config_1045,1408,25,32,0.1914293617010116,0.9645602703094482,0.9021538496017456,0.1857613921165466,0.0023860295768827,128,152587.0,196492707840000000000,40000000000,674612224,16,0.0012826676779199,36005478400.0,1.7684433847548848e+20,137329.0,1.5422779724246165,1.5580010172187304,bin_2
config_1045,1408,25,32,0.1914293617010116,0.9645602703094482,0.9021538496017456,0.1857613921165466,0.0023860295768827,128,152587.0,196492707840000000000,40000000000,674612224,16,3.114701324606704e-06,39990067200.0,1.9649270784e+20,152587.0,1.375712542631587,1.388985996129083,bin_2
config_1046,1472,30,32,0.0045788465067744,0.846030056476593,0.9544662833213806,0.0299400873482227,0.0052701169624924,64,30518.0,31726203910084952064,5000004096,876749696,8,0.0,5000004096.0,2.5381295801189413e+19,30518.0,3.541166199230757,3.5516770067371306,bin_2
config_1047,1536,29,32,0.0010004091309383,0.896490752696991,0.963823676109314,0.0517303198575973,0.0001584114652359,128,53947.0,91701564775634829312,14142143488,898351104,8,0.0001584114652359,3997696000.0,2.5937942367720387e+19,15259.0,1.5566170007478994,1.573705486156901,bin_2
config_1047,1536,29,32,0.0010004091309383,0.896490752696991,0.963823676109314,0.0517303198575973,0.0001584114652359,128,53947.0,91701564775634829312,14142143488,898351104,8,0.0001584114652359,7995392000.0,5.187588473544077e+19,30518.0,1.4735641540757944,1.4893312740325928,bin_2
config_1047,1536,29,32,0.0010004091309383,0.896490752696991,0.963823676109314,0.0517303198575973,0.0001584114652359,128,53947.0,91701564775634829312,14142143488,898351104,8,0.0001584114652359,12006195200.0,7.781212725766881e+19,45776.0,1.4350489688310466,1.4503704738226093,bin_2
config_1047,1536,29,32,0.0010004091309383,0.896490752696991,0.963823676109314,0.0517303198575973,0.0001584114652359,128,53947.0,91701564775634829312,14142143488,898351104,8,2.6685802387424115e-06,14129561600.0,9.170156477563485e+19,53947.0,1.3882397195159413,1.402985763676831,bin_2
config_1049,1600,24,40,0.0086880214512348,0.8986973762512207,0.9189251065254213,0.1687357127666473,2.390389818174299e-05,128,53947.0,83566491556331520000,14142143488,827632000,8,2.390389818174299e-05,3997696000.0,2.363692317752725e+19,15259.0,1.726419254463227,1.745790318973729,bin_2
config_1049,1600,24,40,0.0086880214512348,0.8986973762512207,0.9189251065254213,0.1687357127666473,2.390389818174299e-05,128,53947.0,83566491556331520000,14142143488,827632000,8,2.390389818174299e-05,7995392000.0,4.72738463550545e+19,30518.0,1.6056523504804392,1.6233444121235707,bin_2
config_1049,1600,24,40,0.0086880214512348,0.8986973762512207,0.9189251065254213,0.1687357127666473,2.390389818174299e-05,128,53947.0,83566491556331520000,14142143488,827632000,8,2.1395853492272043e-05,12006195200.0,7.090922048459843e+19,45776.0,1.5464359785103408,1.5631039435941665,bin_2
config_1049,1600,24,40,0.0086880214512348,0.8986973762512207,0.9189251065254213,0.1687357127666473,2.390389818174299e-05,128,53947.0,83566491556331520000,14142143488,827632000,8,1.2343256586925128e-07,14129561600.0,8.356649155633152e+19,53947.0,1.5080683120156897,1.5241802296873,bin_2
config_105,320,16,8,0.0019486513920128,0.9387255907058716,0.9140135645866394,0.2617934942245483,0.0063762944191694,64,31700.0,1479404596388659200,4154995968,38381440,16,0.0063762944191694,1592524800.0,5.680073609667625e+17,12171.0,1.876155128021307,1.8949156194026444,bin_1
config_105,320,16,8,0.0019486513920128,0.9387255907058716,0.9140135645866394,0.2617934942245483,0.0063762944191694,64,31700.0,1479404596388659200,4154995968,38381440,16,0.0056478385130025,3191603200.0,1.136014721933525e+18,24342.0,1.8198836749590697,1.83789410229975,bin_1
config_105,320,16,8,0.0019486513920128,0.9387255907058716,0.9140135645866394,0.2617934942245483,0.0063762944191694,64,31700.0,1479404596388659200,4154995968,38381440,16,0.0,4154982400.0,1.4794045963886592e+18,31700.0,1.740968009614955,1.758251849476892,bin_1
config_1050,1600,25,40,0.0015425181481987,0.8313138484954834,0.9935500025749208,0.1204179376363754,3.617503170971759e-05,128,152587.0,245405568000000000000,40000000000,858764800,8,3.617503170971759e-05,3997696000.0,2.454103928979533e+19,15259.0,1.700834738563319,1.7186025735980175,bin_2
config_1050,1600,25,40,0.0015425181481987,0.8313138484954834,0.9935500025749208,0.1204179376363754,3.617503170971759e-05,128,152587.0,245405568000000000000,40000000000,858764800,8,3.617503170971759e-05,7995392000.0,4.908207857959066e+19,30518.0,1.5628582920793628,1.579586051682957,bin_2
config_1050,1600,25,40,0.0015425181481987,0.8313138484954834,0.9935500025749208,0.1204179376363754,3.617503170971759e-05,128,152587.0,245405568000000000000,40000000000,858764800,8,3.617503170971759e-05,12006195200.0,7.362150957006823e+19,45776.0,1.5047371287619482,1.520786301542501,bin_2
config_1050,1600,25,40,0.0015425181481987,0.8313138484954834,0.9935500025749208,0.1204179376363754,3.617503170971759e-05,128,152587.0,245405568000000000000,40000000000,858764800,8,3.617503170971759e-05,16003891200.0,9.816254885986356e+19,61035.0,1.4675180710632294,1.4829763727598504,bin_2
config_1050,1600,25,40,0.0015425181481987,0.8313138484954834,0.9935500025749208,0.1204179376363754,3.617503170971759e-05,128,152587.0,245405568000000000000,40000000000,858764800,8,3.617503170971759e-05,20001587200.0,1.227035881496589e+20,76294.0,1.4411962415546666,1.4562446125218125,bin_2
config_1050,1600,25,40,0.0015425181481987,0.8313138484954834,0.9935500025749208,0.1204179376363754,3.617503170971759e-05,128,152587.0,245405568000000000000,40000000000,858764800,8,3.617503170971759e-05,23999283200.0,1.4724462743945422e+20,91553.0,1.421933615706006,1.4365809277237438,bin_2
config_1050,1600,25,40,0.0015425181481987,0.8313138484954834,0.9935500025749208,0.1204179376363754,3.617503170971759e-05,128,152587.0,245405568000000000000,40000000000,858764800,8,3.617503170971759e-05,27996979200.0,1.7178566672924954e+20,106812.0,1.4066007974988124,1.4209804198683285,bin_2
config_1050,1600,25,40,0.0015425181481987,0.8313138484954834,0.9935500025749208,0.1204179376363754,3.617503170971759e-05,128,152587.0,245405568000000000000,40000000000,858764800,8,3.617503170971759e-05,31994675200.0,1.963250977197271e+20,122070.0,1.393838014407236,1.4082295294374716,bin_2
config_1050,1600,25,40,0.0015425181481987,0.8313138484954834,0.9935500025749208,0.1204179376363754,3.617503170971759e-05,128,152587.0,245405568000000000000,40000000000,858764800,8,2.9998854803579343e-05,36005478400.0,2.2086613700952244e+20,137329.0,1.379315736469675,1.3937919360301534,bin_2
config_1050,1600,25,40,0.0015425181481987,0.8313138484954834,0.9935500025749208,0.1204179376363754,3.617503170971759e-05,128,152587.0,245405568000000000000,40000000000,858764800,8,7.284620514093375e-08,39990067200.0,2.45405568e+20,152587.0,1.3530115362952968,1.3669782854299075,bin_2
config_1051,1472,30,16,0.009228135459125,0.8566741347312927,0.9826772809028624,0.0384821370244026,0.0019357100827619,128,38458.0,6.397121539846177e+19,10081771520,876749696,8,0.0019357100827619,3997696000.0,2.5381891303893287e+19,15259.0,2.9508627841120862,2.9819012716168265,bin_2
config_1051,1472,30,16,0.009228135459125,0.8566741347312927,0.9826772809028624,0.0384821370244026,0.0019357100827619,128,38458.0,6.397121539846177e+19,10081771520,876749696,8,0.0019357100827619,7995392000.0,5.076378260778657e+19,30518.0,2.868210841534568,2.8995346448069714,bin_2
config_1051,1472,30,16,0.009228135459125,0.8566741347312927,0.9826772809028624,0.0384821370244026,0.0019357100827619,128,38458.0,6.397121539846177e+19,10081771520,876749696,8,1.0470372320551612e-05,10079436800.0,6.397121539846177e+19,38458.0,2.6909852571956447,2.721236658799844,bin_2
config_1052,1600,26,32,0.0643120035529136,0.8813177943229675,0.9780206680297852,0.1863614618778228,0.0001808239467209,128,113705.0,1.896111237550768e+20,29807265792,889897600,8,0.0001808239467209,3997696000.0,2.54454609505186e+19,15259.0,1.5603601430674068,1.5769116002418957,bin_2
config_1052,1600,26,32,0.0643120035529136,0.8813177943229675,0.9780206680297852,0.1863614618778228,0.0001808239467209,128,113705.0,1.896111237550768e+20,29807265792,889897600,8,0.0001808239467209,7995392000.0,5.089092190103719e+19,30518.0,1.4758262932495994,1.4914363704157658,bin_2
config_1052,1600,26,32,0.0643120035529136,0.8813177943229675,0.9780206680297852,0.1863614618778228,0.0001808239467209,128,113705.0,1.896111237550768e+20,29807265792,889897600,8,0.0001808239467209,12006195200.0,7.633471528087944e+19,45776.0,1.434245822625082,1.449247887017297,bin_2
config_1052,1600,26,32,0.0643120035529136,0.8813177943229675,0.9780206680297852,0.1863614618778228,0.0001808239467209,128,113705.0,1.896111237550768e+20,29807265792,889897600,8,0.0001808239467209,16003891200.0,1.0178017623139805e+20,61035.0,1.4102485350800342,1.4251358706345325,bin_2
config_1052,1600,26,32,0.0643120035529136,0.8813177943229675,0.9780206680297852,0.1863614618778228,0.0001808239467209,128,113705.0,1.896111237550768e+20,29807265792,889897600,8,0.0001808239467209,20001587200.0,1.2722563718191664e+20,76294.0,1.394785523619808,1.4091459488477864,bin_2
config_1052,1600,26,32,0.0643120035529136,0.8813177943229675,0.9780206680297852,0.1863614618778228,0.0001808239467209,128,113705.0,1.896111237550768e+20,29807265792,889897600,8,0.0001808239467209,23999283200.0,1.5267109813243524e+20,91553.0,1.3842249050980708,1.3977140100178171,bin_2
config_1052,1600,26,32,0.0643120035529136,0.8813177943229675,0.9780206680297852,0.1863614618778228,0.0001808239467209,128,113705.0,1.896111237550768e+20,29807265792,889897600,8,5.892351826842643e-05,27996979200.0,1.7811655908295383e+20,106812.0,1.3372604849397158,1.3504977337454187,bin_2
config_1052,1600,26,32,0.0643120035529136,0.8813177943229675,0.9780206680297852,0.1863614618778228,0.0001808239467209,128,113705.0,1.896111237550768e+20,29807265792,889897600,8,4.266728332254808e-08,29805772800.0,1.896111237550768e+20,113705.0,1.317636962024892,1.3308641458143953,bin_2
config_1053,1600,27,20,0.0013794143451377,0.9628558158874512,0.9035475254058838,0.1368032097816467,0.0059499102644622,128,61035.0,2.3931295893486305e+20,36329238528,921030400,8,0.0059499102644622,9082458436.941952,2.3931295893486305e+20,15259.0,3.145302330431391,3.177817087486142,bin_2
config_1053,1600,27,20,0.0013794143451377,0.9628558158874512,0.9035475254058838,0.1368032097816467,0.0059499102644622,128,61035.0,2.3931295893486305e+20,36329238528,921030400,8,0.0059499102644622,18164916873.883904,2.3931295893486305e+20,30518.0,2.8509022794786048,2.8781890445068234,bin_2
config_1053,1600,27,20,0.0013794143451377,0.9628558158874512,0.9035475254058838,0.1368032097816467,0.0059499102644622,128,61035.0,2.3931295893486305e+20,36329238528,921030400,8,0.0059499102644622,27246780091.05805,2.3931295893486305e+20,45776.0,2.8530473011634387,2.8729112365988434,bin_2
config_1053,1600,27,20,0.0013794143451377,0.9628558158874512,0.9035475254058838,0.1368032097816467,0.0059499102644622,128,61035.0,2.3931295893486305e+20,36329238528,921030400,8,0.0,36329238528.0,2.3931295893486305e+20,61035.0,3.6291415661280273,3.630021151910063,bin_2
config_1054,1344,28,32,0.0338147245347499,0.9884421825408936,0.9018410444259644,0.0250119753181934,9.920966840581968e-05,128,69361.0,9.040180508903552e+19,18182725632,674577792,8,9.920966840581968e-05,3997696000.0,1.988784971170533e+19,15259.0,1.6049251484675486,1.621832562880438,bin_2
config_1054,1344,28,32,0.0338147245347499,0.9884421825408936,0.9018410444259644,0.0250119753181934,9.920966840581968e-05,128,69361.0,9.040180508903552e+19,18182725632,674577792,8,9.920966840581968e-05,7995392000.0,3.977569942341065e+19,30518.0,1.510158206048559,1.5259038394200997,bin_2
config_1054,1344,28,32,0.0338147245347499,0.9884421825408936,0.9018410444259644,0.0250119753181934,9.920966840581968e-05,128,69361.0,9.040180508903552e+19,18182725632,674577792,8,9.920966840581968e-05,12006195200.0,5.966224578301481e+19,45776.0,1.4677463388442993,1.4831014683989228,bin_2
config_1054,1344,28,32,0.0338147245347499,0.9884421825408936,0.9018410444259644,0.0250119753181934,9.920966840581968e-05,128,69361.0,9.040180508903552e+19,18182725632,674577792,8,9.920966840581968e-05,16003891200.0,7.955009549472013e+19,61035.0,1.451568782583612,1.4638606504924965,bin_2
config_1054,1344,28,32,0.0338147245347499,0.9884421825408936,0.9018410444259644,0.0250119753181934,9.920966840581968e-05,128,69361.0,9.040180508903552e+19,18182725632,674577792,8,6.293577580530646e-07,18179686400.0,9.040180508903552e+19,69361.0,1.407232097817249,1.4220479701581548,bin_2
config_1055,1280,27,32,0.0052364151924848,0.9594790935516356,0.9879084825515748,0.0831740871071815,0.000195964006707,128,36941.0,4.383594955649581e+19,9683881984,612961280,16,0.000195964006707,3997696000.0,1.8107055961738164e+19,15259.0,1.562174979272436,1.5785003504205923,bin_2
config_1055,1280,27,32,0.0052364151924848,0.9594790935516356,0.9879084825515748,0.0831740871071815,0.000195964006707,128,36941.0,4.383594955649581e+19,9683881984,612961280,16,0.000195964006707,7995392000.0,3.621411192347633e+19,30518.0,1.481348663392614,1.4971000744866545,bin_2
config_1055,1280,27,32,0.0052364151924848,0.9594790935516356,0.9879084825515748,0.0831740871071815,0.000195964006707,128,36941.0,4.383594955649581e+19,9683881984,612961280,16,2.6154050374316284e-06,9673113600.0,4.383594955649581e+19,36941.0,1.4326697840651528,1.4456755900382996,bin_2
config_1056,1536,28,32,0.0048941737040877,0.8826416730880737,0.9914537668228148,0.0221044961363077,1.4630970326834358e-05,128,54693.0,8.999143977481195e+19,14337476608,870036480,8,1.4630970326834358e-05,3997696000.0,2.510704074605261e+19,15259.0,1.7994339115893254,1.81902028736521,bin_2
config_1056,1536,28,32,0.0048941737040877,0.8826416730880737,0.9914537668228148,0.0221044961363077,1.4630970326834358e-05,128,54693.0,8.999143977481195e+19,14337476608,870036480,8,1.4630970326834358e-05,7995392000.0,5.021408149210522e+19,30518.0,1.6510533282209616,1.669159103397463,bin_2
config_1056,1536,28,32,0.0048941737040877,0.8826416730880737,0.9914537668228148,0.0221044961363077,1.4630970326834358e-05,128,54693.0,8.999143977481195e+19,14337476608,870036480,8,1.4630970326834358e-05,12006195200.0,7.53194768458814e+19,45776.0,1.5848851911161768,1.6022584040243115,bin_2
config_1056,1536,28,32,0.0048941737040877,0.8826416730880737,0.9914537668228148,0.0221044961363077,1.4630970326834358e-05,128,54693.0,8.999143977481195e+19,14337476608,870036480,8,5.208044073293685e-07,14326169600.0,8.999143977481195e+19,54693.0,1.5420001167547508,1.5587165275167247,bin_2
config_1058,1472,26,32,0.0058767963200807,0.8389076590538025,0.9362383484840392,0.295707494020462,0.009270479902625,128,15259.0,1.764888900806671e+20,31751684096,769717632,8,0.0,31751684096.0,1.764888900806671e+20,15259.0,3.8806710870148704,3.9060281414282128,bin_2
config_106,640,5,16,0.0536591298878192,0.8733065724372864,0.9073991775512696,0.2389845848083496,0.0057292403653264,64,51481.0,2861589101421527040,6747788288,57579520,16,0.0057292403653264,1592524800.0,6.765292234688799e+17,12171.0,1.91879154505478,1.9379396118000427,bin_1
config_106,640,5,16,0.0536591298878192,0.8733065724372864,0.9073991775512696,0.2389845848083496,0.0057292403653264,64,51481.0,2861589101421527040,6747788288,57579520,16,0.0057292403653264,3191603200.0,1.3530584469377595e+18,24342.0,1.895491816304203,1.91457894536518,bin_1
config_106,640,5,16,0.0536591298878192,0.8733065724372864,0.9073991775512696,0.2389845848083496,0.0057292403653264,64,51481.0,2861589101421527040,6747788288,57579520,16,0.0057292403653264,4784128000.0,2.0296432557507748e+18,36514.0,1.892415537173093,1.9112133301085923,bin_1
config_106,640,5,16,0.0536591298878192,0.8733065724372864,0.9073991775512696,0.2389845848083496,0.0057292403653264,64,51481.0,2861589101421527040,6747788288,57579520,16,0.0012950514066465,6383206400.0,2.7061724792196547e+18,48685.0,1.760820791602477,1.7789356956565894,bin_1
config_106,640,5,16,0.0536591298878192,0.8733065724372864,0.9073991775512696,0.2389845848083496,0.0057292403653264,64,51481.0,2861589101421527040,6747788288,57579520,16,1.4436027905804888e-05,6743654400.0,2.861589101421527e+18,51481.0,1.701676914713579,1.7191515603861098,bin_1
config_1060,1280,30,32,0.0147416675463318,0.9307284355163574,0.941908061504364,0.0833547636866569,0.0005025098798796,128,59392.0,7.76409797464739e+19,15569440768,673917440,8,0.0005025098798796,3997696000.0,1.9947530137921696e+19,15259.0,1.5459930156488888,1.5619570781950092,bin_2
config_1060,1280,30,32,0.0147416675463318,0.9307284355163574,0.941908061504364,0.0833547636866569,0.0005025098798796,128,59392.0,7.76409797464739e+19,15569440768,673917440,8,0.0005025098798796,7995392000.0,3.989506027584339e+19,30518.0,1.47489956723862,1.4898155303568137,bin_2
config_1060,1280,30,32,0.0147416675463318,0.9307284355163574,0.941908061504364,0.0833547636866569,0.0005025098798796,128,59392.0,7.76409797464739e+19,15569440768,673917440,8,0.0005025098798796,12006195200.0,5.984128315050158e+19,45776.0,1.4434181705850069,1.457857956866749,bin_2
config_1060,1280,30,32,0.0147416675463318,0.9307284355163574,0.941908061504364,0.0833547636866569,0.0005025098798796,128,59392.0,7.76409797464739e+19,15569440768,673917440,8,4.263720192918224e-06,15558246400.0,7.76409797464739e+19,59392.0,1.381730320101879,1.3953424118483653,bin_2
config_1062,1472,25,32,0.0042403195984661,0.8559060096740723,0.9803286194801332,0.0891427174210548,1.935298314492684e-05,64,45760.0,3.215897184002133e+19,5997901312,742959616,8,1.935298314492684e-05,3997696000.0,2.1447279340335907e+19,30518.0,1.6958334253655103,1.7141935525956702,bin_2
config_1062,1472,25,32,0.0042403195984661,0.8559060096740723,0.9803286194801332,0.0891427174210548,1.935298314492684e-05,64,45760.0,3.215897184002133e+19,5997901312,742959616,8,4.744541099516031e-08,5996544000.0,3.215897184002133e+19,45760.0,1.6084290128653167,1.6257470758821144,bin_2
config_1063,1472,25,32,0.0106984609737992,0.8777312636375427,0.998589038848877,0.0257540177553892,0.0009664000244811,128,62004.0,8.714945149449693e+19,16254058496,742959616,8,0.0009664000244811,3997696000.0,2.1447220830180774e+19,15259.0,1.5493195852881572,1.565696606088857,bin_2
config_1063,1472,25,32,0.0106984609737992,0.8777312636375427,0.998589038848877,0.0257540177553892,0.0009664000244811,128,62004.0,8.714945149449693e+19,16254058496,742959616,8,0.0009664000244811,7995392000.0,4.289444166036155e+19,30518.0,1.4620006620981654,1.4771030665811946,bin_2
config_1063,1472,25,32,0.0106984609737992,0.8777312636375427,0.998589038848877,0.0257540177553892,0.0009664000244811,128,62004.0,8.714945149449693e+19,16254058496,742959616,8,0.0009664000244811,12006195200.0,6.4340256944908255e+19,45776.0,1.4257252495503816,1.4401956617050484,bin_2
config_1063,1472,25,32,0.0106984609737992,0.8777312636375427,0.998589038848877,0.0257540177553892,0.0009664000244811,128,62004.0,8.714945149449693e+19,16254058496,742959616,8,0.0005776601650093,16003891200.0,8.578747777508903e+19,61035.0,1.3911151348274262,1.405188809095836,bin_2
config_1063,1472,25,32,0.0106984609737992,0.8777312636375427,0.998589038848877,0.0257540177553892,0.0009664000244811,128,62004.0,8.714945149449693e+19,16254058496,742959616,8,2.422055199200867e-06,16252928000.0,8.714945149449693e+19,62004.0,1.373703280530992,1.3874267684436234,bin_2
config_1064,1472,26,32,0.1080594435334205,0.8023157715797424,0.9486888647079468,0.2980164289474487,3.790413029491901e-05,128,86452.0,1.2597017484035123e+20,22662985728,769717632,8,3.790413029491901e-05,3997696000.0,2.223405933800166e+19,15259.0,1.6831112922410496,1.7017718365935028,bin_2
config_1064,1472,26,32,0.1080594435334205,0.8023157715797424,0.9486888647079468,0.2980164289474487,3.790413029491901e-05,128,86452.0,1.2597017484035123e+20,22662985728,769717632,8,3.790413029491901e-05,7995392000.0,4.446811867600332e+19,30518.0,1.5637921864185176,1.5812202424885795,bin_2
config_1064,1472,26,32,0.1080594435334205,0.8023157715797424,0.9486888647079468,0.2980164289474487,3.790413029491901e-05,128,86452.0,1.2597017484035123e+20,22662985728,769717632,8,3.790413029491901e-05,12006195200.0,6.670072090283531e+19,45776.0,1.5098236194985812,1.526690687859645,bin_2
config_1064,1472,26,32,0.1080594435334205,0.8023157715797424,0.9486888647079468,0.2980164289474487,3.790413029491901e-05,128,86452.0,1.2597017484035123e+20,22662985728,769717632,8,3.737155401923354e-05,16003891200.0,8.893478024083695e+19,61035.0,1.4763673616041904,1.4925430580338497,bin_2
config_1064,1472,26,32,0.1080594435334205,0.8023157715797424,0.9486888647079468,0.2980164289474487,3.790413029491901e-05,128,86452.0,1.2597017484035123e+20,22662985728,769717632,8,1.4935675002096642e-05,20001587200.0,1.111688395788386e+20,76294.0,1.4332309026503172,1.4483223225054194,bin_2
config_1064,1472,26,32,0.1080594435334205,0.8023157715797424,0.9486888647079468,0.2980164289474487,3.790413029491901e-05,128,86452.0,1.2597017484035123e+20,22662985728,769717632,8,2.942410362906931e-09,22662348800.0,1.2597017484035124e+20,86452.0,1.4154275885957186,1.430227319520028,bin_2
config_1066,1600,25,32,0.0019196326611563,0.9709811806678772,0.9875470995903016,0.0150917181745171,0.0002231904800282,128,126157.0,2.0289840231451853e+20,33071523840,858764800,8,0.0002231904800282,3997696000.0,2.454106170024048e+19,15259.0,1.549780547003277,1.565730373878948,bin_2
config_1066,1600,25,32,0.0019196326611563,0.9709811806678772,0.9875470995903016,0.0150917181745171,0.0002231904800282,128,126157.0,2.0289840231451853e+20,33071523840,858764800,8,0.0002231904800282,7995392000.0,4.9082123400480965e+19,30518.0,1.4558222069896636,1.4710359678893792,bin_2
config_1066,1600,25,32,0.0019196326611563,0.9709811806678772,0.9875470995903016,0.0150917181745171,0.0002231904800282,128,126157.0,2.0289840231451853e+20,33071523840,858764800,8,0.0002231904800282,12006195200.0,7.3621576799935005e+19,45776.0,1.4142319060642212,1.429190102004614,bin_2
config_1066,1600,25,32,0.0019196326611563,0.9709811806678772,0.9875470995903016,0.0150917181745171,0.0002231904800282,128,126157.0,2.0289840231451853e+20,33071523840,858764800,8,0.0002231904800282,16003891200.0,9.816263850017548e+19,61035.0,1.3904931051320717,1.4050935725501326,bin_2
config_1066,1600,25,32,0.0019196326611563,0.9709811806678772,0.9875470995903016,0.0150917181745171,0.0002231904800282,128,126157.0,2.0289840231451853e+20,33071523840,858764800,8,0.0002231904800282,20001587200.0,1.2270370020041595e+20,76294.0,1.3725724254963827,1.3868061990132097,bin_2
config_1066,1600,25,32,0.0019196326611563,0.9709811806678772,0.9875470995903016,0.0150917181745171,0.0002231904800282,128,126157.0,2.0289840231451853e+20,33071523840,858764800,8,0.0002231904800282,23999283200.0,1.4724476190065644e+20,91553.0,1.3594013870544122,1.373256534015546,bin_2
config_1066,1600,25,32,0.0019196326611563,0.9709811806678772,0.9875470995903016,0.0150917181745171,0.0002231904800282,128,126157.0,2.0289840231451853e+20,33071523840,858764800,8,0.0002231904800282,27996979200.0,1.717858236008969e+20,106812.0,1.3490278543409755,1.362696288228035,bin_2
config_1066,1600,25,32,0.0019196326611563,0.9709811806678772,0.9875470995903016,0.0150917181745171,0.0002231904800282,128,126157.0,2.0289840231451853e+20,33071523840,858764800,8,0.0002231904800282,31994675200.0,1.9632527700035096e+20,122070.0,1.3403195575710205,1.3541454627279377,bin_2
config_1066,1600,25,32,0.0019196326611563,0.9709811806678772,0.9875470995903016,0.0150917181745171,0.0002231904800282,128,126157.0,2.0289840231451853e+20,33071523840,858764800,8,8.209844246967707e-07,33069465600.0,2.0289840231451853e+20,126157.0,1.3203128466547511,1.333618507267999,bin_2
config_1068,1536,29,24,0.0043087773956358,0.8994571566581726,0.9326446056365968,0.0621217526495456,0.0010792425600811,128,148852.0,2.530220573551881e+20,39020863488,898351104,8,0.0010792425600811,3997696000.0,2.5937599583363445e+19,15259.0,1.5468205316731187,1.5620511035254745,bin_2
config_1068,1536,29,24,0.0043087773956358,0.8994571566581726,0.9326446056365968,0.0621217526495456,0.0010792425600811,128,148852.0,2.530220573551881e+20,39020863488,898351104,8,0.0010792425600811,7995392000.0,5.187519916672689e+19,30518.0,1.4568135434779963,1.4718207797163825,bin_2
config_1068,1536,29,24,0.0043087773956358,0.8994571566581726,0.9326446056365968,0.0621217526495456,0.0010792425600811,128,148852.0,2.530220573551881e+20,39020863488,898351104,8,0.0010792425600811,12006195200.0,7.78110989270624e+19,45776.0,1.42297430739051,1.4375717718483971,bin_2
config_1068,1536,29,24,0.0043087773956358,0.8994571566581726,0.9326446056365968,0.0621217526495456,0.0010792425600811,128,148852.0,2.530220573551881e+20,39020863488,898351104,8,0.0010792425600811,16003891200.0,1.0374869851042583e+20,61035.0,1.403020548068109,1.4172917674408585,bin_2
config_1068,1536,29,24,0.0043087773956358,0.8994571566581726,0.9326446056365968,0.0621217526495456,0.0010792425600811,128,148852.0,2.530220573551881e+20,39020863488,898351104,8,0.0010792425600811,20001587200.0,1.2968629809378928e+20,76294.0,1.3875518368990696,1.4016276610483889,bin_2
config_1068,1536,29,24,0.0043087773956358,0.8994571566581726,0.9326446056365968,0.0621217526495456,0.0010792425600811,128,148852.0,2.530220573551881e+20,39020863488,898351104,8,0.0010792425600811,23999283200.0,1.556238976771527e+20,91553.0,1.3770450851174652,1.3905957646154967,bin_2
config_1068,1536,29,24,0.0043087773956358,0.8994571566581726,0.9326446056365968,0.0621217526495456,0.0010792425600811,128,148852.0,2.530220573551881e+20,39020863488,898351104,8,0.0010792425600811,27996979200.0,1.815614972605161e+20,106812.0,1.3690071055928217,1.3825331357072612,bin_2
config_1068,1536,29,24,0.0043087773956358,0.8994571566581726,0.9326446056365968,0.0621217526495456,0.0010792425600811,128,148852.0,2.530220573551881e+20,39020863488,898351104,8,0.0010792425600811,31994675200.0,2.0749739702085167e+20,122070.0,1.3630714779994526,1.376054137251416,bin_2
config_1068,1536,29,24,0.0043087773956358,0.8994571566581726,0.9326446056365968,0.0621217526495456,0.0010792425600811,128,148852.0,2.530220573551881e+20,39020863488,898351104,8,0.0010792425600811,36005478400.0,2.334349966042151e+20,137329.0,1.3566827421012473,1.3710770226404314,bin_2
config_1068,1536,29,24,0.0043087773956358,0.8994571566581726,0.9326446056365968,0.0621217526495456,0.0010792425600811,128,148852.0,2.530220573551881e+20,39020863488,898351104,8,2.3345069437188774e-07,39020134400.0,2.530220573551881e+20,148852.0,1.310864752658078,1.3239506737814577,bin_2
config_107,832,13,16,0.0902814045548439,0.8629905581474304,0.9867217540740968,0.2638017833232879,0.008754183538258,64,8077.0,1250759751808819200,1058770880,152608768,8,0.008754183538258,530841600.0,6.253024486571762e+17,4038.0,3.78672948507788,3.824311209367264,bin_1
config_107,832,13,16,0.0902814045548439,0.8629905581474304,0.9867217540740968,0.2638017833232879,0.008754183538258,64,8077.0,1250759751808819200,1058770880,152608768,8,0.0001109685237243,1055129600.0,1.2507597518088192e+18,8077.0,3.486915605641975,3.5227669512043365,bin_1
config_1070,1344,30,32,0.0082349348813295,0.8132417798042297,0.9878344535827636,0.0733523964881897,0.003996015060693,128,97554.0,1.3548786663306166e+20,25573283840,717935232,8,0.003996015060693,3997696000.0,2.1192461169750987e+19,15259.0,3.192545141939257,3.22755649851971,bin_2
config_1070,1344,30,32,0.0082349348813295,0.8132417798042297,0.9878344535827636,0.0733523964881897,0.003996015060693,128,97554.0,1.3548786663306166e+20,25573283840,717935232,8,0.003996015060693,7995392000.0,4.238492233950197e+19,30518.0,3.1452867430937093,3.178370418353159,bin_2
config_1070,1344,30,32,0.0082349348813295,0.8132417798042297,0.9878344535827636,0.0733523964881897,0.003996015060693,128,97554.0,1.3548786663306166e+20,25573283840,717935232,8,0.003996015060693,12006195200.0,6.35759946593172e+19,45776.0,3.44633642911911,3.47727911429327,bin_2
config_1070,1344,30,32,0.0082349348813295,0.8132417798042297,0.9878344535827636,0.0733523964881897,0.003996015060693,128,97554.0,1.3548786663306166e+20,25573283840,717935232,8,0.003996015060693,16003891200.0,8.47684558290682e+19,61035.0,3.1623978956019294,3.1967228788626,bin_2
config_1070,1344,30,32,0.0082349348813295,0.8132417798042297,0.9878344535827636,0.0733523964881897,0.003996015060693,128,97554.0,1.3548786663306166e+20,25573283840,717935232,8,0.003996015060693,20001587200.0,1.0596091699881918e+20,76294.0,2.9994966107118324,3.0308962447135177,bin_2
config_1070,1344,30,32,0.0082349348813295,0.8132417798042297,0.9878344535827636,0.0733523964881897,0.003996015060693,128,97554.0,1.3548786663306166e+20,25573283840,717935232,8,0.0033531899964222,23999283200.0,1.2715337816857017e+20,91553.0,3.054830292091995,3.086392125301674,bin_2
config_1070,1344,30,32,0.0082349348813295,0.8132417798042297,0.9878344535827636,0.0733523964881897,0.003996015060693,128,97554.0,1.3548786663306166e+20,25573283840,717935232,8,2.233970683825776e-06,25572147200.0,1.3548786663306166e+20,97554.0,2.9023242563106977,2.9328174482798968,bin_2
config_1071,1344,26,32,0.1886301934719085,0.8552852869033813,0.9347716569900512,0.1615609228610992,0.000166012046975,128,97888.0,1.1921239203280611e+20,25660921856,631220352,16,0.000166012046975,3997696000.0,1.8583093842233864e+19,15259.0,1.5918264829135331,1.6077849367016652,bin_2
config_1071,1344,26,32,0.1886301934719085,0.8552852869033813,0.9347716569900512,0.1615609228610992,0.000166012046975,128,97888.0,1.1921239203280611e+20,25660921856,631220352,16,0.000166012046975,7995392000.0,3.716618768446773e+19,30518.0,1.5133904525100208,1.5282400588520235,bin_2
config_1071,1344,26,32,0.1886301934719085,0.8552852869033813,0.9347716569900512,0.1615609228610992,0.000166012046975,128,97888.0,1.1921239203280611e+20,25660921856,631220352,16,0.000166012046975,12006195200.0,5.574806368189904e+19,45776.0,1.482032916506783,1.4954739982182863,bin_2
config_1071,1344,26,32,0.1886301934719085,0.8552852869033813,0.9347716569900512,0.1615609228610992,0.000166012046975,128,97888.0,1.1921239203280611e+20,25660921856,631220352,16,0.000166012046975,16003891200.0,7.433115752413289e+19,61035.0,1.4642016974433525,1.4776688917347642,bin_2
config_1071,1344,26,32,0.1886301934719085,0.8552852869033813,0.9347716569900512,0.1615609228610992,0.000166012046975,128,97888.0,1.1921239203280611e+20,25660921856,631220352,16,0.000166012046975,20001587200.0,9.291425136636676e+19,76294.0,1.4518913318290083,1.466180516266432,bin_2
config_1071,1344,26,32,0.1886301934719085,0.8552852869033813,0.9347716569900512,0.1615609228610992,0.000166012046975,128,97888.0,1.1921239203280611e+20,25660921856,631220352,16,6.653499138283041e-05,23999283200.0,1.1149734520860064e+20,91553.0,1.3931251332798942,1.406838087410223,bin_2
config_1071,1344,26,32,0.1886301934719085,0.8552852869033813,0.9347716569900512,0.1615609228610992,0.000166012046975,128,97888.0,1.1921239203280611e+20,25660921856,631220352,16,3.989160101842135e-07,25650790400.0,1.1921239203280613e+20,97888.0,1.3605609517019304,1.3737961791773312,bin_2
config_1072,1472,29,32,0.0063548679463565,0.8350516557693481,0.974306583404541,0.2578908205032348,0.0001147735165432,128,120631.0,1.9443433738992353e+20,31622901760,849991680,8,0.0001147735165432,3997696000.0,2.459461957732957e+19,15259.0,1.6014966883815702,1.61873649698789,bin_2
config_1072,1472,29,32,0.0063548679463565,0.8350516557693481,0.974306583404541,0.2578908205032348,0.0001147735165432,128,120631.0,1.9443433738992353e+20,31622901760,849991680,8,0.0001147735165432,7995392000.0,4.918923915465914e+19,30518.0,1.4951230077079083,1.5112545676700404,bin_2
config_1072,1472,29,32,0.0063548679463565,0.8350516557693481,0.974306583404541,0.2578908205032348,0.0001147735165432,128,120631.0,1.9443433738992353e+20,31622901760,849991680,8,0.0001147735165432,12006195200.0,7.378224692128176e+19,45776.0,1.4478167291938282,1.4629628071237784,bin_2
config_1072,1472,29,32,0.0063548679463565,0.8350516557693481,0.974306583404541,0.2578908205032348,0.0001147735165432,128,120631.0,1.9443433738992353e+20,31622901760,849991680,8,0.0001147735165432,16003891200.0,9.837686649861131e+19,61035.0,1.419971724455474,1.43529984067698,bin_2
config_1072,1472,29,32,0.0063548679463565,0.8350516557693481,0.974306583404541,0.2578908205032348,0.0001147735165432,128,120631.0,1.9443433738992353e+20,31622901760,849991680,8,0.0001147735165432,20001587200.0,1.229714860759409e+20,76294.0,1.4005086711000223,1.414690544292575,bin_2
config_1072,1472,29,32,0.0063548679463565,0.8350516557693481,0.974306583404541,0.2578908205032348,0.0001147735165432,128,120631.0,1.9443433738992353e+20,31622901760,849991680,8,0.0001072914151722,23999283200.0,1.4756610565327046e+20,91553.0,1.3846988348784994,1.398564696517147,bin_2
config_1072,1472,29,32,0.0063548679463565,0.8350516557693481,0.974306583404541,0.2578908205032348,0.0001147735165432,128,120631.0,1.9443433738992353e+20,31622901760,849991680,8,5.102807892600634e-05,27996979200.0,1.7216072523060003e+20,106812.0,1.3543732384091518,1.3685974473542857,bin_2
config_1072,1472,29,32,0.0063548679463565,0.8350516557693481,0.974306583404541,0.2578908205032348,0.0001147735165432,128,120631.0,1.9443433738992353e+20,31622901760,849991680,8,1.1437137204152329e-07,31614566400.0,1.9443433738992357e+20,120631.0,1.333981854446599,1.347326794237387,bin_2
config_1073,1472,25,16,0.1926127225160598,0.8530659079551697,0.9122254252433776,0.1832655668258667,0.0032008939888328,128,51894.0,7.293907242550061e+19,13603710976,742959616,8,0.0032008939888328,3997696000.0,2.1447128880809222e+19,15259.0,3.7378102987711546,3.771695184473132,bin_2
config_1073,1472,25,16,0.1926127225160598,0.8530659079551697,0.9122254252433776,0.1832655668258667,0.0032008939888328,128,51894.0,7.293907242550061e+19,13603710976,742959616,8,0.0032008939888328,7995392000.0,4.2894257761618444e+19,30518.0,3.743385524945181,3.7789842850263,bin_2
config_1073,1472,25,16,0.1926127225160598,0.8530659079551697,0.9122254252433776,0.1832655668258667,0.0032008939888328,128,51894.0,7.293907242550061e+19,13603710976,742959616,8,0.0020511301753887,12006195200.0,6.433998110281951e+19,45776.0,3.6912000318824263,3.728154143114559,bin_2
config_1073,1472,25,16,0.1926127225160598,0.8530659079551697,0.9122254252433776,0.1832655668258667,0.0032008939888328,128,51894.0,7.293907242550061e+19,13603710976,742959616,8,1.4809604154431954e-05,13592166400.0,7.293907242550061e+19,51894.0,3.4160431090339287,3.451691204329006,bin_2
config_1074,1472,26,32,0.0454337820410728,0.9201201796531676,0.9745413661003112,0.2176016569137573,0.0042489944025874,64,51318.0,3.738800896803806e+19,6726385152,769717632,8,0.0042489944025874,3997696000.0,2.2234055452016554e+19,30518.0,3.5879271261027603,3.621539814511284,bin_2
config_1074,1472,26,32,0.0454337820410728,0.9201201796531676,0.9745413661003112,0.2176016569137573,0.0042489944025874,64,51318.0,3.738800896803806e+19,6726385152,769717632,8,6.849534233080261e-06,6723993600.0,3.738800896803806e+19,51318.0,3.523689633822832,3.5607449378732774,bin_2
config_1076,1600,27,40,0.0334636345505714,0.8366649150848389,0.9708696007728576,0.2310438454151153,0.005096566863358,64,70650.0,6.100086592854098e+19,9260321792,921030400,8,0.005096566863358,3997696000.0,2.6349956495501963e+19,30518.0,3.6830743166657753,3.6983586652161646,bin_2
config_1076,1600,27,40,0.0334636345505714,0.8366649150848389,0.9708696007728576,0.2310438454151153,0.005096566863358,64,70650.0,6.100086592854098e+19,9260321792,921030400,8,0.002997429509786,8001945600.0,5.269904956756545e+19,61035.0,3.462329287255397,3.498953727776887,bin_2
config_1076,1600,27,40,0.0334636345505714,0.8366649150848389,0.9708696007728576,0.2310438454151153,0.005096566863358,64,70650.0,6.100086592854098e+19,9260321792,921030400,8,0.0,9260236800.0,6.100086592854098e+19,70650.0,3.2500748432268862,3.2847302672120398,bin_2
config_1077,1472,25,32,0.0347869358956813,0.8364090919494629,0.9365447163581848,0.1892944276332855,0.0005163338501006,128,80220.0,1.1275288447409691e+20,21029300224,742959616,8,0.0005163338501006,3997696000.0,2.144722343792377e+19,15259.0,1.5523554989744406,1.5692006889913903,bin_2
config_1077,1472,25,32,0.0347869358956813,0.8364090919494629,0.9365447163581848,0.1892944276332855,0.0005163338501006,128,80220.0,1.1275288447409691e+20,21029300224,742959616,8,0.0005163338501006,7995392000.0,4.289444687584754e+19,30518.0,1.4830176616008164,1.4983415760368597,bin_2
config_1077,1472,25,32,0.0347869358956813,0.8364090919494629,0.9365447163581848,0.1892944276332855,0.0005163338501006,128,80220.0,1.1275288447409691e+20,21029300224,742959616,8,0.0005163338501006,12006195200.0,6.434026476796635e+19,45776.0,1.4525629339159511,1.4674936749407503,bin_2
config_1077,1472,25,32,0.0347869358956813,0.8364090919494629,0.9365447163581848,0.1892944276332855,0.0005163338501006,128,80220.0,1.1275288447409691e+20,21029300224,742959616,8,0.0005163338501006,16003891200.0,8.578748820589013e+19,61035.0,1.4340915705923174,1.4487126116674454,bin_2
config_1077,1472,25,32,0.0347869358956813,0.8364090919494629,0.9365447163581848,0.1892944276332855,0.0005163338501006,128,80220.0,1.1275288447409691e+20,21029300224,742959616,8,0.000133291319881,20001587200.0,1.0723471164381389e+20,76294.0,1.370453940747214,1.3841123959764106,bin_2
config_1077,1472,25,32,0.0347869358956813,0.8364090919494629,0.9365447163581848,0.1892944276332855,0.0005163338501006,128,80220.0,1.1275288447409691e+20,21029300224,742959616,8,6.800577544953867e-07,21023948800.0,1.1275288447409693e+20,80220.0,1.35373732578559,1.3672746221257035,bin_2
config_1078,1280,28,32,0.0022719446569681,0.9318556785583496,0.939448058605194,0.0886846482753753,0.0090895257890224,128,45776.0,1.1879000608803914e+20,25382230016,633280000,8,0.0090895257890224,8460928167.907724,1.1879000608803914e+20,15259.0,3.428006550523101,3.45389958803771,bin_2
config_1078,1280,28,32,0.0022719446569681,0.9318556785583496,0.939448058605194,0.0886846482753753,0.0090895257890224,128,45776.0,1.1879000608803914e+20,25382230016,633280000,8,0.0090895257890224,16921856335.815449,1.1879000608803914e+20,30518.0,3.269113248215347,3.301657160188331,bin_2
config_1078,1280,28,32,0.0022719446569681,0.9318556785583496,0.939448058605194,0.0886846482753753,0.0090895257890224,128,45776.0,1.1879000608803914e+20,25382230016,633280000,8,0.0,25382230016.0,1.1879000608803914e+20,45776.0,3.541592442676669,3.5513828812270867,bin_2
config_1079,1408,24,32,0.056645318865776,0.9673790335655212,0.9465773105621338,0.1147084310650825,0.0001729948708089,128,90961.0,1.1285400847255968e+20,23845009408,650459392,16,0.0001729948708089,3997696000.0,1.8931622511656518e+19,15259.0,1.574394959660827,1.5899285977785704,bin_2
config_1079,1408,24,32,0.056645318865776,0.9673790335655212,0.9465773105621338,0.1147084310650825,0.0001729948708089,128,90961.0,1.1285400847255968e+20,23845009408,650459392,16,0.0001729948708089,7995392000.0,3.786324502331303e+19,30518.0,1.4867617174054757,1.5024624077218478,bin_2
config_1079,1408,24,32,0.056645318865776,0.9673790335655212,0.9465773105621338,0.1147084310650825,0.0001729948708089,128,90961.0,1.1285400847255968e+20,23845009408,650459392,16,0.0001729948708089,12006195200.0,5.679362684930786e+19,45776.0,1.4523056737712172,1.4647744210430833,bin_2
config_1079,1408,24,32,0.056645318865776,0.9673790335655212,0.9465773105621338,0.1147084310650825,0.0001729948708089,128,90961.0,1.1285400847255968e+20,23845009408,650459392,16,0.0001729948708089,16003891200.0,7.572524936096437e+19,61035.0,1.4304470771257995,1.4431284855623714,bin_2
config_1079,1408,24,32,0.056645318865776,0.9673790335655212,0.9465773105621338,0.1147084310650825,0.0001729948708089,128,90961.0,1.1285400847255968e+20,23845009408,650459392,16,0.0001729948708089,20001587200.0,9.465687187262089e+19,76294.0,1.4134304739021863,1.427742651056071,bin_2
config_1079,1408,24,32,0.056645318865776,0.9673790335655212,0.9465773105621338,0.1147084310650825,0.0001729948708089,128,90961.0,1.1285400847255968e+20,23845009408,650459392,16,1.8239658572776474e-07,23841996800.0,1.1285400847255968e+20,90961.0,1.355836131631351,1.3694562400364485,bin_2
config_108,1024,19,16,0.1038149520754814,0.8585208654403687,0.9441851377487184,0.2702661752700805,9.519714512862264e-05,64,18832.0,5557502201078218752,2468477184,295579648,8,9.519714512862264e-05,1592524800.0,3.591777787241025e+18,12171.0,1.7567917994189446,1.775867874136681,bin_1
config_108,1024,19,16,0.1038149520754814,0.8585208654403687,0.9441851377487184,0.2702661752700805,9.519714512862264e-05,64,18832.0,5557502201078218752,2468477184,295579648,8,5.986065325438994e-07,2464153600.0,5.557502201078219e+18,18832.0,1.6595864712826718,1.677484738753997,bin_1
config_1080,1280,29,32,0.0057828109711408,0.8804432153701782,0.9966502785682678,0.2064402103424072,6.78171927575022e-05,128,93874.0,1.1894315603126649e+20,24608587776,653598720,8,6.78171927575022e-05,3997696000.0,1.9333932908804305e+19,15259.0,1.6318355982811723,1.649321150662469,bin_2
config_1080,1280,29,32,0.0057828109711408,0.8804432153701782,0.9966502785682678,0.2064402103424072,6.78171927575022e-05,128,93874.0,1.1894315603126649e+20,24608587776,653598720,8,6.78171927575022e-05,7995392000.0,3.866786581760861e+19,30518.0,1.525223977595079,1.541190749426357,bin_2
config_1080,1280,29,32,0.0057828109711408,0.8804432153701782,0.9966502785682678,0.2064402103424072,6.78171927575022e-05,128,93874.0,1.1894315603126649e+20,24608587776,653598720,8,6.78171927575022e-05,12006195200.0,5.800053167530152e+19,45776.0,1.4757209918928929,1.4908332116877447,bin_2
config_1080,1280,29,32,0.0057828109711408,0.8804432153701782,0.9966502785682678,0.2064402103424072,6.78171927575022e-05,128,93874.0,1.1894315603126649e+20,24608587776,653598720,8,6.78171927575022e-05,16003891200.0,7.733446458410582e+19,61035.0,1.4448683897589074,1.459631202924447,bin_2
config_1080,1280,29,32,0.0057828109711408,0.8804432153701782,0.9966502785682678,0.2064402103424072,6.78171927575022e-05,128,93874.0,1.1894315603126649e+20,24608587776,653598720,8,6.150055965325061e-05,20001587200.0,9.666839749291011e+19,76294.0,1.4197711725801718,1.434690569756461,bin_2
config_1080,1280,29,32,0.0057828109711408,0.8804432153701782,0.9966502785682678,0.2064402103424072,6.78171927575022e-05,128,93874.0,1.1894315603126649e+20,24608587776,653598720,8,8.132883841706748e-06,23999283200.0,1.1600233040171444e+20,91553.0,1.3814597792508172,1.3958615475795308,bin_2
config_1080,1280,29,32,0.0057828109711408,0.8804432153701782,0.9966502785682678,0.2064402103424072,6.78171927575022e-05,128,93874.0,1.1894315603126649e+20,24608587776,653598720,8,8.398847340832873e-08,24602214400.0,1.1894315603126647e+20,93874.0,1.378917077740685,1.393292248073171,bin_2
config_1082,1600,28,32,0.0783487632870674,0.8888346552848816,0.9031057357788086,0.0401972495019435,0.0006092509720474,64,60187.0,5.375018733156434e+19,7888850944,952163200,8,0.0006092509720474,3997696000.0,2.7254194709566525e+19,30518.0,1.5852232110304911,1.6008704466897934,bin_2
config_1082,1600,28,32,0.0783487632870674,0.8888346552848816,0.9031057357788086,0.0401972495019435,0.0006092509720474,64,60187.0,5.375018733156434e+19,7888850944,952163200,8,9.318844963106885e-06,7883980800.0,5.375018733156434e+19,60187.0,1.4558798464888432,1.4706777521625891,bin_2
config_1083,1344,27,32,0.0031883053015917,0.8266869783401489,0.911697804927826,0.1641466915607452,0.0074448850937187,128,76294.0,1.555401077459583e+20,32345126912,652899072,16,0.0074448850937187,6469110173.148714,1.555401077459583e+20,15259.0,3.161347056295051,3.190205353596171,bin_2
config_1083,1344,27,32,0.0031883053015917,0.8266869783401489,0.911697804927826,0.1641466915607452,0.0074448850937187,128,76294.0,1.555401077459583e+20,32345126912,652899072,16,0.0074448850937187,12938220346.297428,1.555401077459583e+20,30518.0,3.645747694031137,3.636310182399437,bin_2
config_1083,1344,27,32,0.0031883053015917,0.8266869783401489,0.911697804927826,0.1641466915607452,0.0074448850937187,128,76294.0,1.555401077459583e+20,32345126912,652899072,16,0.0074448850937187,19406906565.70257,1.555401077459583e+20,45776.0,2.8680210699800583,2.8982472828568007,bin_2
config_1083,1344,27,32,0.0031883053015917,0.8266869783401489,0.911697804927826,0.1641466915607452,0.0074448850937187,128,76294.0,1.555401077459583e+20,32345126912,652899072,16,0.0074448850937187,25876016738.851284,1.555401077459583e+20,61035.0,3.4600576938566614,3.440002314927148,bin_2
config_1083,1344,27,32,0.0031883053015917,0.8266869783401489,0.911697804927826,0.1641466915607452,0.0074448850937187,128,76294.0,1.555401077459583e+20,32345126912,652899072,16,0.0,32345126912.0,1.555401077459583e+20,76294.0,3.631000731030448,3.620669302315009,bin_2
config_1084,1408,29,32,0.1457967311143875,0.9526291489601136,0.951155960559845,0.2804585695266723,1.200924270960968e-05,64,67342.0,4.969752757675622e+19,8826752000,771223552,8,1.200924270960968e-05,3997696000.0,2.2521890448567706e+19,30518.0,1.775536066899534,1.7938047935728167,bin_2
config_1084,1408,29,32,0.1457967311143875,0.9526291489601136,0.951155960559845,0.2804585695266723,1.200924270960968e-05,64,67342.0,4.969752757675622e+19,8826752000,771223552,8,4.000961300903533e-06,8001945600.0,4.504304291003113e+19,61035.0,1.6328236481791636,1.6496879104121789,bin_2
config_1084,1408,29,32,0.1457967311143875,0.9526291489601136,0.951155960559845,0.2804585695266723,1.200924270960968e-05,64,67342.0,4.969752757675622e+19,8826752000,771223552,8,2.6706988976152574e-08,8821145600.0,4.969752757675622e+19,67342.0,1.6162831014883323,1.6349843839152916,bin_2
config_1085,1408,29,22,0.0030083456076681,0.9723694324493408,0.9551807641983032,0.0522411540150642,4.0849048673408106e-05,128,105847.0,1.5622605135105334e+20,27747227648,771223552,8,4.0849048673408106e-05,3997696000.0,2.252168996349186e+19,15259.0,1.6614690701101646,1.6797592729427775,bin_2
config_1085,1408,29,22,0.0030083456076681,0.9723694324493408,0.9551807641983032,0.0522411540150642,4.0849048673408106e-05,128,105847.0,1.5622605135105334e+20,27747227648,771223552,8,4.0849048673408106e-05,7995392000.0,4.504337992698372e+19,30518.0,1.5465271676563823,1.5630902491241203,bin_2
config_1085,1408,29,22,0.0030083456076681,0.9723694324493408,0.9551807641983032,0.0522411540150642,4.0849048673408106e-05,128,105847.0,1.5622605135105334e+20,27747227648,771223552,8,4.0849048673408106e-05,12006195200.0,6.756359392940582e+19,45776.0,1.4947268775154332,1.5105819688859534,bin_2
config_1085,1408,29,22,0.0030083456076681,0.9723694324493408,0.9551807641983032,0.0522411540150642,4.0849048673408106e-05,128,105847.0,1.5622605135105334e+20,27747227648,771223552,8,4.0849048673408106e-05,16003891200.0,9.008528389289768e+19,61035.0,1.4620720368330595,1.477711243717397,bin_2
config_1085,1408,29,22,0.0030083456076681,0.9723694324493408,0.9551807641983032,0.0522411540150642,4.0849048673408106e-05,128,105847.0,1.5622605135105334e+20,27747227648,771223552,8,4.0849048673408106e-05,20001587200.0,1.1260697385638956e+20,76294.0,1.439428043463191,1.4542448688628244,bin_2
config_1085,1408,29,22,0.0030083456076681,0.9723694324493408,0.9551807641983032,0.0522411540150642,4.0849048673408106e-05,128,105847.0,1.5622605135105334e+20,27747227648,771223552,8,4.0849048673408106e-05,23999283200.0,1.351286638198814e+20,91553.0,1.4217467691663837,1.4363864665344113,bin_2
config_1085,1408,29,22,0.0030083456076681,0.9723694324493408,0.9551807641983032,0.0522411540150642,4.0849048673408106e-05,128,105847.0,1.5622605135105334e+20,27747227648,771223552,8,3.472427722282868e-07,27734835200.0,1.5622605135105334e+20,105847.0,1.387452245618476,1.4015954430376898,bin_2
config_1086,1280,29,32,0.0026997835375368,0.8700830340385437,0.95441335439682,0.0905444398522377,0.002205922268331,64,75702.0,4.795919984022258e+19,9922455552,653598720,8,0.002205922268331,3997696000.0,1.9333952348998877e+19,30518.0,2.9698573653424374,3.000654359489191,bin_2
config_1086,1280,29,32,0.0026997835375368,0.8700830340385437,0.95441335439682,0.0905444398522377,0.002205922268331,64,75702.0,4.795919984022258e+19,9922455552,653598720,8,0.002205922268331,8001945600.0,3.866727117180504e+19,61035.0,2.701015732171105,2.730263366269284,bin_2
config_1086,1280,29,32,0.0026997835375368,0.8700830340385437,0.95441335439682,0.0905444398522377,0.002205922268331,64,75702.0,4.795919984022258e+19,9922455552,653598720,8,6.436890190634169e-07,9922150400.0,4.795919984022258e+19,75702.0,2.5343184399995646,2.5622230550304788,bin_2
config_1088,1600,24,32,0.0092221843078732,0.824236273765564,0.9042198657989502,0.1165157929062843,0.0001338086440227,128,69784.0,1.0809725260529664e+20,18293538816,827632000,8,0.0001338086440227,3997696000.0,2.363659259291845e+19,15259.0,1.579382280072228,1.596521210084196,bin_2
config_1088,1600,24,32,0.0092221843078732,0.824236273765564,0.9042198657989502,0.1165157929062843,0.0001338086440227,128,69784.0,1.0809725260529664e+20,18293538816,827632000,8,0.0001338086440227,7995392000.0,4.727318518583691e+19,30518.0,1.4963696543505935,1.5123514733939871,bin_2
config_1088,1600,24,32,0.0092221843078732,0.824236273765564,0.9042198657989502,0.1165157929062843,0.0001338086440227,128,69784.0,1.0809725260529664e+20,18293538816,827632000,8,0.0001338086440227,12006195200.0,7.090822875243694e+19,45776.0,1.4590012729461077,1.4743277150490244,bin_2
config_1088,1600,24,32,0.0092221843078732,0.824236273765564,0.9042198657989502,0.1165157929062843,0.0001338086440227,128,69784.0,1.0809725260529664e+20,18293538816,827632000,8,0.0001338086440227,16003891200.0,9.45448213453554e+19,61035.0,1.4356224741212658,1.4505491845334162,bin_2
config_1088,1600,24,32,0.0092221843078732,0.824236273765564,0.9042198657989502,0.1165157929062843,0.0001338086440227,128,69784.0,1.0809725260529664e+20,18293538816,827632000,8,5.595933452367597e-07,18284544000.0,1.0809725260529664e+20,69784.0,1.384465231016034,1.4000425388578508,bin_2
config_1089,1536,26,32,0.1339178681373596,0.8536680936813354,0.969471275806427,0.0935972779989242,0.0022927650716155,128,139142.0,2.1379788412091892e+20,36475428864,813407232,8,0.0022927650716155,3997696000.0,2.344613354559444e+19,15259.0,1.619440972218748,1.6374059469582605,bin_2
config_1089,1536,26,32,0.1339178681373596,0.8536680936813354,0.969471275806427,0.0935972779989242,0.0022927650716155,128,139142.0,2.1379788412091892e+20,36475428864,813407232,8,0.0022927650716155,7995392000.0,4.689226709118888e+19,30518.0,1.5851812768373332,1.6018196954492665,bin_2
config_1089,1536,26,32,0.1339178681373596,0.8536680936813354,0.969471275806427,0.0935972779989242,0.0022927650716155,128,139142.0,2.1379788412091892e+20,36475428864,813407232,8,0.0022927650716155,12006195200.0,7.033686409221647e+19,45776.0,1.577143804831583,1.5936509907050211,bin_2
config_1089,1536,26,32,0.1339178681373596,0.8536680936813354,0.969471275806427,0.0935972779989242,0.0022927650716155,128,139142.0,2.1379788412091892e+20,36475428864,813407232,8,0.0022927650716155,16003891200.0,9.378299763781091e+19,61035.0,1.5684212028980256,1.5847905069687327,bin_2
config_1089,1536,26,32,0.1339178681373596,0.8536680936813354,0.969471275806427,0.0935972779989242,0.0022927650716155,128,139142.0,2.1379788412091892e+20,36475428864,813407232,8,0.0022927650716155,20001587200.0,1.1722913118340537e+20,76294.0,1.561517908201843,1.5776530767464247,bin_2
config_1089,1536,26,32,0.1339178681373596,0.8536680936813354,0.969471275806427,0.0935972779989242,0.0022927650716155,128,139142.0,2.1379788412091892e+20,36475428864,813407232,8,0.0022927650716155,23999283200.0,1.406752647289998e+20,91553.0,1.5588770086648034,1.575100995986188,bin_2
config_1089,1536,26,32,0.1339178681373596,0.8536680936813354,0.969471275806427,0.0935972779989242,0.0022927650716155,128,139142.0,2.1379788412091892e+20,36475428864,813407232,8,0.0022927650716155,27996979200.0,1.6412139827459424e+20,106812.0,1.5574376396273004,1.5734833343302617,bin_2
config_1089,1536,26,32,0.1339178681373596,0.8536680936813354,0.969471275806427,0.0935972779989242,0.0022927650716155,128,139142.0,2.1379788412091892e+20,36475428864,813407232,8,0.0022927650716155,31994675200.0,1.8756599527562183e+20,122070.0,1.5563225145613562,1.572193835289752,bin_2
config_1089,1536,26,32,0.1339178681373596,0.8536680936813354,0.969471275806427,0.0935972779989242,0.0022927650716155,128,139142.0,2.1379788412091892e+20,36475428864,813407232,8,0.0003154906709924,36005478400.0,2.1101212882121625e+20,137329.0,1.3996766143450972,1.4141798013839566,bin_2
config_1089,1536,26,32,0.1339178681373596,0.8536680936813354,0.969471275806427,0.0935972779989242,0.0022927650716155,128,139142.0,2.1379788412091892e+20,36475428864,813407232,8,7.39431260138616e-06,36464230400.0,2.137978841209189e+20,139142.0,1.3713819846755169,1.385216048242616,bin_2
config_109,640,17,20,0.0551836527884006,0.8369714021682739,0.9658657312393188,0.283180832862854,0.0002706914383452,32,13809.0,885543793980948480,904989632,118543360,8,0.0002706914383452,452198400.0,4.427398329817125e+17,6904.0,1.957276040832434,1.9773448484861944,bin_0
config_109,640,17,20,0.0551836527884006,0.8369714021682739,0.9658657312393188,0.283180832862854,0.0002706914383452,32,13809.0,885543793980948480,904989632,118543360,8,6.23074922022251e-07,904396800.0,8.855437939809485e+17,13809.0,1.7878152372322005,1.8064261387879248,bin_0
config_1090,1280,24,40,0.1085887774825096,0.9114258289337158,0.9382380247116088,0.1576690524816513,0.0007247433532029,128,118151.0,1.2595501949901079e+20,30972831744,552005120,16,0.0007247433532029,3997696000.0,1.626687579906565e+19,15259.0,1.59422934496989,1.6103617551678515,bin_2
config_1090,1280,24,40,0.1085887774825096,0.9114258289337158,0.9382380247116088,0.1576690524816513,0.0007247433532029,128,118151.0,1.2595501949901079e+20,30972831744,552005120,16,0.0007247433532029,7995392000.0,3.25337515981313e+19,30518.0,1.538646312580734,1.5540018413887648,bin_2
config_1090,1280,24,40,0.1085887774825096,0.9114258289337158,0.9382380247116088,0.1576690524816513,0.0007247433532029,128,118151.0,1.2595501949901079e+20,30972831744,552005120,16,0.0007247433532029,12006195200.0,4.879956134596167e+19,45776.0,1.5157423577543163,1.5288679750630112,bin_2
config_1090,1280,24,40,0.1085887774825096,0.9114258289337158,0.9382380247116088,0.1576690524816513,0.0007247433532029,128,118151.0,1.2595501949901079e+20,30972831744,552005120,16,0.0007247433532029,16003891200.0,6.506643714502733e+19,61035.0,1.501486430598087,1.5146544915730835,bin_2
config_1090,1280,24,40,0.1085887774825096,0.9114258289337158,0.9382380247116088,0.1576690524816513,0.0007247433532029,128,118151.0,1.2595501949901079e+20,30972831744,552005120,16,0.0007247433532029,20001587200.0,8.133331294409297e+19,76294.0,1.4920819698005423,1.505960096531227,bin_2
config_1090,1280,24,40,0.1085887774825096,0.9114258289337158,0.9382380247116088,0.1576690524816513,0.0007247433532029,128,118151.0,1.2595501949901079e+20,30972831744,552005120,16,0.0007247433532029,23999283200.0,9.760018874315864e+19,91553.0,1.485460496886832,1.4998303398929658,bin_2
config_1090,1280,24,40,0.1085887774825096,0.9114258289337158,0.9382380247116088,0.1576690524816513,0.0007247433532029,128,118151.0,1.2595501949901079e+20,30972831744,552005120,16,0.000441623459427,27996979200.0,1.1386706454222429e+20,106812.0,1.440483065609072,1.4544286438676175,bin_2
config_1090,1280,24,40,0.1085887774825096,0.9114258289337158,0.9382380247116088,0.1576690524816513,0.0007247433532029,128,118151.0,1.2595501949901079e+20,30972831744,552005120,16,3.89061280439652e-08,30972313600.0,1.259550194990108e+20,118151.0,1.3622680400824938,1.3748772522660553,bin_2
config_1091,1600,28,32,0.042548406869173,0.8377189040184021,0.96926748752594,0.0275222547352314,0.000412387686083,128,142252.0,2.5407735869527818e+20,37290631168,952163200,8,0.000412387686083,3997696000.0,2.72542137638223e+19,15259.0,1.5464757956344573,1.5626259695115636,bin_2
config_1091,1600,28,32,0.042548406869173,0.8377189040184021,0.96926748752594,0.0275222547352314,0.000412387686083,128,142252.0,2.5407735869527818e+20,37290631168,952163200,8,0.000412387686083,7995392000.0,5.45084275276446e+19,30518.0,1.4682811462683756,1.4832686897086316,bin_2
config_1091,1600,28,32,0.042548406869173,0.8377189040184021,0.96926748752594,0.0275222547352314,0.000412387686083,128,142252.0,2.5407735869527818e+20,37290631168,952163200,8,0.000412387686083,12006195200.0,8.176085518400483e+19,45776.0,1.431666524840183,1.4461822761375396,bin_2
config_1091,1600,28,32,0.042548406869173,0.8377189040184021,0.96926748752594,0.0275222547352314,0.000412387686083,128,142252.0,2.5407735869527818e+20,37290631168,952163200,8,0.000412387686083,16003891200.0,1.0901506894782711e+20,61035.0,1.4108151645640858,1.425033424819102,bin_2
config_1091,1600,28,32,0.042548406869173,0.8377189040184021,0.96926748752594,0.0275222547352314,0.000412387686083,128,142252.0,2.5407735869527818e+20,37290631168,952163200,8,0.000412387686083,20001587200.0,1.3626928271164942e+20,76294.0,1.396525745323447,1.4104293700124395,bin_2
config_1091,1600,28,32,0.042548406869173,0.8377189040184021,0.96926748752594,0.0275222547352314,0.000412387686083,128,142252.0,2.5407735869527818e+20,37290631168,952163200,8,0.000412387686083,23999283200.0,1.635234964754717e+20,91553.0,1.3870124251138969,1.4004584062392595,bin_2
config_1091,1600,28,32,0.042548406869173,0.8377189040184021,0.96926748752594,0.0275222547352314,0.000412387686083,128,142252.0,2.5407735869527818e+20,37290631168,952163200,8,0.000412387686083,27996979200.0,1.9077771023929403e+20,106812.0,1.3868772894925758,1.398857057631993,bin_2
config_1091,1600,28,32,0.042548406869173,0.8377189040184021,0.96926748752594,0.0275222547352314,0.000412387686083,128,142252.0,2.5407735869527818e+20,37290631168,952163200,8,0.000412387686083,31994675200.0,2.1803013789565423e+20,122070.0,1.3734852040693408,1.3869930478783905,bin_2
config_1091,1600,28,32,0.042548406869173,0.8377189040184021,0.96926748752594,0.0275222547352314,0.000412387686083,128,142252.0,2.5407735869527818e+20,37290631168,952163200,8,0.000412387686083,36005478400.0,2.4528435165947652e+20,137329.0,1.3682688700664238,1.382917116342998,bin_2
config_1091,1600,28,32,0.042548406869173,0.8377189040184021,0.96926748752594,0.0275222547352314,0.000412387686083,128,142252.0,2.5407735869527818e+20,37290631168,952163200,8,2.1067059314589965e-07,37289984000.0,2.5407735869527815e+20,142252.0,1.319088160503106,1.332903459033028,bin_2
config_1092,1536,29,32,0.0243445690721273,0.9875535368919371,0.9609927535057068,0.0457544811069965,0.0006944983615539,128,108849.0,1.8502388902198562e+20,28534239232,898351104,8,0.0006944983615539,3997696000.0,2.5937578871523656e+19,15259.0,1.5229276548643582,1.5392179915162385,bin_2
config_1092,1536,29,32,0.0243445690721273,0.9875535368919371,0.9609927535057068,0.0457544811069965,0.0006944983615539,128,108849.0,1.8502388902198562e+20,28534239232,898351104,8,0.0006944983615539,7995392000.0,5.187515774304731e+19,30518.0,1.4510819794897174,1.4661762201199766,bin_2
config_1092,1536,29,32,0.0243445690721273,0.9875535368919371,0.9609927535057068,0.0457544811069965,0.0006944983615539,128,108849.0,1.8502388902198562e+20,28534239232,898351104,8,0.0006944983615539,12006195200.0,7.781103679290039e+19,45776.0,1.4198328201399475,1.4346606865085538,bin_2
config_1092,1536,29,32,0.0243445690721273,0.9875535368919371,0.9609927535057068,0.0457544811069965,0.0006944983615539,128,108849.0,1.8502388902198562e+20,28534239232,898351104,8,0.0006944983615539,16003891200.0,1.0374861566442404e+20,61035.0,1.4015329407961643,1.4163235843670172,bin_2
config_1092,1536,29,32,0.0243445690721273,0.9875535368919371,0.9609927535057068,0.0457544811069965,0.0006944983615539,128,108849.0,1.8502388902198562e+20,28534239232,898351104,8,0.0006944983615539,20001587200.0,1.296861945359477e+20,76294.0,1.3893543500587588,1.403698784484238,bin_2
config_1092,1536,29,32,0.0243445690721273,0.9875535368919371,0.9609927535057068,0.0457544811069965,0.0006944983615539,128,108849.0,1.8502388902198562e+20,28534239232,898351104,8,0.0006944983615539,23999283200.0,1.5562377340747137e+20,91553.0,1.381040813922882,1.394706353545189,bin_2
config_1092,1536,29,32,0.0243445690721273,0.9875535368919371,0.9609927535057068,0.0457544811069965,0.0006944983615539,128,108849.0,1.8502388902198562e+20,28534239232,898351104,8,0.0002857484222538,27996979200.0,1.81561352278995e+20,106812.0,1.3452942711994296,1.3587087615005309,bin_2
config_1092,1536,29,32,0.0243445690721273,0.9875535368919371,0.9609927535057068,0.0457544811069965,0.0006944983615539,128,108849.0,1.8502388902198562e+20,28534239232,898351104,8,6.833417613684011e-06,28521267200.0,1.850238890219856e+20,108849.0,1.3279838876743786,1.3413449878184522,bin_2
config_1093,1536,25,32,0.0053641987033188,0.9368749260902404,0.953996479511261,0.2390500158071518,0.0004707632469944,128,113515.0,1.682426763590448e+20,29757429760,785092608,8,0.0004707632469944,3997696000.0,2.261564549674197e+19,15259.0,1.5473808838109502,1.5643320908702787,bin_2
config_1093,1536,25,32,0.0053641987033188,0.9368749260902404,0.953996479511261,0.2390500158071518,0.0004707632469944,128,113515.0,1.682426763590448e+20,29757429760,785092608,8,0.0004707632469944,7995392000.0,4.523129099348393e+19,30518.0,1.4612309381805482,1.476843422113872,bin_2
config_1093,1536,25,32,0.0053641987033188,0.9368749260902404,0.953996479511261,0.2390500158071518,0.0004707632469944,128,113515.0,1.682426763590448e+20,29757429760,785092608,8,0.0004707632469944,12006195200.0,6.784545437177144e+19,45776.0,1.425786550729001,1.4408445205747105,bin_2
config_1093,1536,25,32,0.0053641987033188,0.9368749260902404,0.953996479511261,0.2390500158071518,0.0004707632469944,128,113515.0,1.682426763590448e+20,29757429760,785092608,8,0.0004707632469944,16003891200.0,9.04610998685134e+19,61035.0,1.4040353490974082,1.4189414164765937,bin_2
config_1093,1536,25,32,0.0053641987033188,0.9368749260902404,0.953996479511261,0.2390500158071518,0.0004707632469944,128,113515.0,1.682426763590448e+20,29757429760,785092608,8,0.0004707632469944,20001587200.0,1.1307674536525536e+20,76294.0,1.388147107831767,1.4029580565554196,bin_2
config_1093,1536,25,32,0.0053641987033188,0.9368749260902404,0.953996479511261,0.2390500158071518,0.0004707632469944,128,113515.0,1.682426763590448e+20,29757429760,785092608,8,0.0003810692729033,23999283200.0,1.3569239086199734e+20,91553.0,1.368737643488118,1.3829902089619246,bin_2
config_1093,1536,25,32,0.0053641987033188,0.9368749260902404,0.953996479511261,0.2390500158071518,0.0004707632469944,128,113515.0,1.682426763590448e+20,29757429760,785092608,8,0.0001164980727314,27996979200.0,1.583080363587393e+20,106812.0,1.3339657153262467,1.3475249220406422,bin_2
config_1093,1536,25,32,0.0053641987033188,0.9368749260902404,0.953996479511261,0.2390500158071518,0.0004707632469944,128,113515.0,1.682426763590448e+20,29757429760,785092608,8,2.602339673822259e-07,29753344000.0,1.682426763590448e+20,113515.0,1.3231082728456278,1.3365136109316935,bin_2
config_1094,1536,27,32,0.0038962548132985,0.9090515375137328,0.9974088072776794,0.248666763305664,0.0016694678924977,128,39831.0,6.337060747976953e+19,10441619456,841721856,8,0.0016694678924977,3997696000.0,2.427687227370147e+19,15259.0,3.182423715552346,3.214932919173944,bin_2
config_1094,1536,27,32,0.0038962548132985,0.9090515375137328,0.9974088072776794,0.248666763305664,0.0016694678924977,128,39831.0,6.337060747976953e+19,10441619456,841721856,8,0.001572880139832,7995392000.0,4.855374454740294e+19,30518.0,3.11502879944004,3.1481982734555105,bin_2
config_1094,1536,27,32,0.0038962548132985,0.9090515375137328,0.9974088072776794,0.248666763305664,0.0016694678924977,128,39831.0,6.337060747976953e+19,10441619456,841721856,8,5.22551541472455e-06,10433331200.0,6.337060747976953e+19,39831.0,2.9307771873278696,2.9617563524402555,bin_2
config_1095,1344,24,32,0.0182064641267061,0.8832160830497742,0.9203925132751464,0.2893065512180328,1.03659913293086e-05,128,126730.0,1.435015095464771e+20,33221742592,587862912,16,1.03659913293086e-05,3997696000.0,1.7278383446458565e+19,15259.0,2.0054086445980386,2.026796569980559,bin_2
config_1095,1344,24,32,0.0182064641267061,0.8832160830497742,0.9203925132751464,0.2893065512180328,1.03659913293086e-05,128,126730.0,1.435015095464771e+20,33221742592,587862912,16,1.03659913293086e-05,7995392000.0,3.455676689291713e+19,30518.0,1.79067186840245,1.81052536944874,bin_2
config_1095,1344,24,32,0.0182064641267061,0.8832160830497742,0.9203925132751464,0.2893065512180328,1.03659913293086e-05,128,126730.0,1.435015095464771e+20,33221742592,587862912,16,1.03659913293086e-05,12006195200.0,5.183401799889162e+19,45776.0,1.7042883237463529,1.7216267017458309,bin_2
config_1095,1344,24,32,0.0182064641267061,0.8832160830497742,0.9203925132751464,0.2893065512180328,1.03659913293086e-05,128,126730.0,1.435015095464771e+20,33221742592,587862912,16,1.03659913293086e-05,16003891200.0,6.91124014453502e+19,61035.0,1.6531073304082526,1.6693130407567884,bin_2
config_1095,1344,24,32,0.0182064641267061,0.8832160830497742,0.9203925132751464,0.2893065512180328,1.03659913293086e-05,128,126730.0,1.435015095464771e+20,33221742592,587862912,16,1.03659913293086e-05,20001587200.0,8.639078489180876e+19,76294.0,1.6163463424463742,1.6331406959940176,bin_2
config_1095,1344,24,32,0.0182064641267061,0.8832160830497742,0.9203925132751464,0.2893065512180328,1.03659913293086e-05,128,126730.0,1.435015095464771e+20,33221742592,587862912,16,9.946692168264368e-06,23999283200.0,1.036691683382673e+20,91553.0,1.5892853024748506,1.6056146590045242,bin_2
config_1095,1344,24,32,0.0182064641267061,0.8832160830497742,0.9203925132751464,0.2893065512180328,1.03659913293086e-05,128,126730.0,1.435015095464771e+20,33221742592,587862912,16,5.634950963999683e-06,27996979200.0,1.2094755178472587e+20,106812.0,1.5618983433285698,1.5776782955497992,bin_2
config_1095,1344,24,32,0.0182064641267061,0.8832160830497742,0.9203925132751464,0.2893065512180328,1.03659913293086e-05,128,126730.0,1.435015095464771e+20,33221742592,587862912,16,1.3232097597349985e-06,31994675200.0,1.382248028907004e+20,122070.0,1.5436776484426904,1.55912217828094,bin_2
config_1095,1344,24,32,0.0182064641267061,0.8832160830497742,0.9203925132751464,0.2893065512180328,1.03659913293086e-05,128,126730.0,1.435015095464771e+20,33221742592,587862912,16,8.482113844454391e-09,33213644800.0,1.435015095464771e+20,126730.0,1.5407670843796653,1.5562009868856337,bin_2
config_1096,1600,28,32,0.0464198179543018,0.9848971366882324,0.9271125793457032,0.1456843167543411,1.2645106835407203e-05,128,93450.0,1.6691242026868408e+20,24497537024,952163200,8,1.2645106835407203e-05,3997696000.0,2.7254324460993585e+19,15259.0,1.8196932212055708,1.839098412873315,bin_2
config_1096,1600,28,32,0.0464198179543018,0.9848971366882324,0.9271125793457032,0.1456843167543411,1.2645106835407203e-05,128,93450.0,1.6691242026868408e+20,24497537024,952163200,8,1.2645106835407203e-05,7995392000.0,5.450864892198717e+19,30518.0,1.6588194428506444,1.677019638995655,bin_2
config_1096,1600,28,32,0.0464198179543018,0.9848971366882324,0.9271125793457032,0.1456843167543411,1.2645106835407203e-05,128,93450.0,1.6691242026868408e+20,24497537024,952163200,8,1.2645106835407203e-05,12006195200.0,8.176118726826413e+19,45776.0,1.5890941177626126,1.606403556397704,bin_2
config_1096,1600,28,32,0.0464198179543018,0.9848971366882324,0.9271125793457032,0.1456843167543411,1.2645106835407203e-05,128,93450.0,1.6691242026868408e+20,24497537024,952163200,8,1.2645106835407203e-05,16003891200.0,1.0901551172925773e+20,61035.0,1.546572618025248,1.5634412004517728,bin_2
config_1096,1600,28,32,0.0464198179543018,0.9848971366882324,0.9271125793457032,0.1456843167543411,1.2645106835407203e-05,128,93450.0,1.6691242026868408e+20,24497537024,952163200,8,1.2645106835407203e-05,20001587200.0,1.3626983619025129e+20,76294.0,1.5157547138362637,1.5320436945313314,bin_2
config_1096,1600,28,32,0.0464198179543018,0.9848971366882324,0.9271125793457032,0.1456843167543411,1.2645106835407203e-05,128,93450.0,1.6691242026868408e+20,24497537024,952163200,8,1.7647791234959363e-06,23999283200.0,1.635241606512449e+20,91553.0,1.476167542504483,1.4918529194104866,bin_2
config_1096,1600,28,32,0.0464198179543018,0.9848971366882324,0.9271125793457032,0.1456843167543411,1.2645106835407203e-05,128,93450.0,1.6691242026868408e+20,24497537024,952163200,8,0.0,24497356800.0,1.6691242026868408e+20,93450.0,1.473552327273322,1.4891694276743248,bin_2
config_1098,1600,24,32,0.0038302030880004,0.9421067833900452,0.9918667078018188,0.2778879702091217,0.0049418066628277,128,139777.0,2.1651871012651008e+20,36641943552,827632000,8,0.0049418066628277,3997696000.0,2.363664263663133e+19,15259.0,3.240519577245243,3.270384270245912,bin_2
config_1098,1600,24,32,0.0038302030880004,0.9421067833900452,0.9918667078018188,0.2778879702091217,0.0049418066628277,128,139777.0,2.1651871012651008e+20,36641943552,827632000,8,0.0049418066628277,7995392000.0,4.727328527326266e+19,30518.0,3.966475174309777,3.955762108779344,bin_2
config_1098,1600,24,32,0.0038302030880004,0.9421067833900452,0.9918667078018188,0.2778879702091217,0.0049418066628277,128,139777.0,2.1651871012651008e+20,36641943552,827632000,8,0.0049418066628277,12006195200.0,7.090837888029594e+19,45776.0,3.3721950542340515,3.4048254203014685,bin_2
config_1098,1600,24,32,0.0038302030880004,0.9421067833900452,0.9918667078018188,0.2778879702091217,0.0049418066628277,128,139777.0,2.1651871012651008e+20,36641943552,827632000,8,0.0049418066628277,16003891200.0,9.454502151692729e+19,61035.0,3.5795774757666665,3.6099673720656846,bin_2
config_1098,1600,24,32,0.0038302030880004,0.9421067833900452,0.9918667078018188,0.2778879702091217,0.0049418066628277,128,139777.0,2.1651871012651008e+20,36641943552,827632000,8,0.0049418066628277,20001587200.0,1.1818166415355858e+20,76294.0,3.058535497853013,3.0888985576395127,bin_2
config_1098,1600,24,32,0.0038302030880004,0.9421067833900452,0.9918667078018188,0.2778879702091217,0.0049418066628277,128,139777.0,2.1651871012651008e+20,36641943552,827632000,8,0.0049418066628277,23999283200.0,1.4181830679018992e+20,91553.0,3.129304905719444,3.1605496766528147,bin_2
config_1098,1600,24,32,0.0038302030880004,0.9421067833900452,0.9918667078018188,0.2778879702091217,0.0049418066628277,128,139777.0,2.1651871012651008e+20,36641943552,827632000,8,0.0041956119231777,27996979200.0,1.6545494942682127e+20,106812.0,3.1917095742460155,3.223522154464096,bin_2
config_1098,1600,24,32,0.0038302030880004,0.9421067833900452,0.9918667078018188,0.2778879702091217,0.0049418066628277,128,139777.0,2.1651871012651008e+20,36641943552,827632000,8,0.0022553783716581,31994675200.0,1.890900430338545e+20,122070.0,3.1587725071438024,3.1845887152484207,bin_2
config_1098,1600,24,32,0.0038302030880004,0.9421067833900452,0.9918667078018188,0.2778879702091217,0.0049418066628277,128,139777.0,2.1651871012651008e+20,36641943552,827632000,8,0.0003087833986582,36005478400.0,2.1272668567048585e+20,137329.0,2.871316801016448,2.9024720373310027,bin_2
config_1098,1600,24,32,0.0038302030880004,0.9421067833900452,0.9918667078018188,0.2778879702091217,0.0049418066628277,128,139777.0,2.1651871012651008e+20,36641943552,827632000,8,3.435167599411329e-06,36634624000.0,2.1651871012651008e+20,139777.0,2.86369749460064,2.8946801484999107,bin_2
config_1099,1280,25,32,0.0663034468889236,0.8765049576759338,0.9393944144248962,0.0871582925319671,0.0003173779987264,128,19448.0,2.151428270529577e+19,5098191360,572323840,16,0.0003173779987264,3997696000.0,1.6880215950231806e+19,15259.0,1.5589839202067892,1.5753724988953013,bin_2
config_1099,1280,25,32,0.0663034468889236,0.8765049576759338,0.9393944144248962,0.0871582925319671,0.0003173779987264,128,19448.0,2.151428270529577e+19,5098191360,572323840,16,8.987695539155907e-06,5085593600.0,2.151428270529577e+19,19448.0,1.4866111082327171,1.5019966953699706,bin_2
config_11,832,16,16,0.0067849024198949,0.8052833676338196,0.9033308625221252,0.2222540229558944,0.0002103319420712,32,10867.0,994247050852982784,712197184,178172800,8,0.0002103319420712,357171200.0,4.970777792660583e+17,5433.0,2.027002039252609,2.04807790577645,bin_0
config_11,832,16,16,0.0067849024198949,0.8052833676338196,0.9033308625221252,0.2222540229558944,0.0002103319420712,32,10867.0,994247050852982784,712197184,178172800,8,1.4805975218263082e-06,711065600.0,9.942470508529828e+17,10867.0,1.852486517004949,1.87133599249425,bin_0
config_110,256,12,16,0.1361991614103317,0.8975043296813965,0.9504519701004028,0.2623507082462311,5.9642545238602906e-05,64,8527.0,239258808265605120,1117694208,23100928,16,5.9642545238602906e-05,557056000.0,1.196153746494986e+17,4263.0,2.716040456687288,2.744123595725958,bin_0
config_110,256,12,16,0.1361991614103317,0.8975043296813965,0.9504519701004028,0.2623507082462311,5.9642545238602906e-05,64,8527.0,239258808265605120,1117694208,23100928,16,7.198697905419228e-07,1114112000.0,2.3925880826560512e+17,8527.0,2.444515079556053,2.469305005432916,bin_0
config_1102,1280,27,20,0.0608720779418945,0.8975180387496948,0.9538505673408508,0.1980818212032318,0.0031387195922434,128,89885.0,1.066627263474067e+20,23563063296,612961280,16,0.0031387195922434,3997696000.0,1.8107209671636857e+19,15259.0,1.5922127964457526,1.6091517617272548,bin_2
config_1102,1280,27,20,0.0608720779418945,0.8975180387496948,0.9538505673408508,0.1980818212032318,0.0031387195922434,128,89885.0,1.066627263474067e+20,23563063296,612961280,16,0.0031387195922434,7995392000.0,3.6214419343273714e+19,30518.0,1.5585865732490038,1.574900716132805,bin_2
config_1102,1280,27,20,0.0608720779418945,0.8975180387496948,0.9538505673408508,0.1980818212032318,0.0031387195922434,128,89885.0,1.066627263474067e+20,23563063296,612961280,16,0.0031387195922434,12006195200.0,5.432044235722189e+19,45776.0,1.546996838147523,1.561193226986244,bin_2
config_1102,1280,27,20,0.0608720779418945,0.8975180387496948,0.9538505673408508,0.1980818212032318,0.0031387195922434,128,89885.0,1.066627263474067e+20,23563063296,612961280,16,0.0031387195922434,16003891200.0,7.242765202885874e+19,61035.0,1.5398197306179608,1.5542925756485737,bin_2
config_1102,1280,27,20,0.0608720779418945,0.8975180387496948,0.9538505673408508,0.1980818212032318,0.0031387195922434,128,89885.0,1.066627263474067e+20,23563063296,612961280,16,0.0023949396574155,20001587200.0,9.05348617004956e+19,76294.0,1.5042294937274494,1.519260832833462,bin_2
config_1102,1280,27,20,0.0608720779418945,0.8975180387496948,0.9538505673408508,0.1980818212032318,0.0031387195922434,128,89885.0,1.066627263474067e+20,23563063296,612961280,16,6.170253073945267e-06,23553638400.0,1.066627263474067e+20,89885.0,1.370145251594606,1.382774363111277,bin_2
config_1104,1280,28,40,0.0214323345571756,0.9153491854667664,0.9744027256965636,0.2565841376781463,3.2197669497691095e-05,128,95420.0,1.1706626828913869e+20,25013913600,633280000,8,3.2197669497691095e-05,3997696000.0,1.87205427355268e+19,15259.0,1.7308123785355052,1.7492107074964245,bin_2
config_1104,1280,28,40,0.0214323345571756,0.9153491854667664,0.9744027256965636,0.2565841376781463,3.2197669497691095e-05,128,95420.0,1.1706626828913869e+20,25013913600,633280000,8,3.2197669497691095e-05,7995392000.0,3.74410854710536e+19,30518.0,1.598172102971155,1.6154420440314246,bin_2
config_1104,1280,28,40,0.0214323345571756,0.9153491854667664,0.9744027256965636,0.2565841376781463,3.2197669497691095e-05,128,95420.0,1.1706626828913869e+20,25013913600,633280000,8,3.2197669497691095e-05,12006195200.0,5.616040135405169e+19,45776.0,1.539801798707149,1.5560865617580102,bin_2
config_1104,1280,28,40,0.0214323345571756,0.9153491854667664,0.9744027256965636,0.2565841376781463,3.2197669497691095e-05,128,95420.0,1.1706626828913869e+20,25013913600,633280000,8,3.2197669497691095e-05,16003891200.0,7.488094408957849e+19,61035.0,1.5036271278486877,1.519560973038439,bin_2
config_1104,1280,28,40,0.0214323345571756,0.9153491854667664,0.9744027256965636,0.2565841376781463,3.2197669497691095e-05,128,95420.0,1.1706626828913869e+20,25013913600,633280000,8,2.514477150659044e-05,20001587200.0,9.36014868251053e+19,76294.0,1.4721101443103102,1.4872654248065635,bin_2
config_1104,1280,28,40,0.0214323345571756,0.9153491854667664,0.9744027256965636,0.2565841376781463,3.2197669497691095e-05,128,95420.0,1.1706626828913869e+20,25013913600,633280000,8,5.089449044482477e-06,23999283200.0,1.1232202956063208e+20,91553.0,1.4395447971684034,1.454423217450986,bin_2
config_1104,1280,28,40,0.0214323345571756,0.9153491854667664,0.9744027256965636,0.2565841376781463,3.2197669497691095e-05,128,95420.0,1.1706626828913869e+20,25013913600,633280000,8,2.6302062245383892e-08,25008537600.0,1.1706626828913869e+20,95420.0,1.435437863899059,1.4502332627870995,bin_2
config_1105,1344,24,32,0.0028529718983918,0.9247119426727296,0.9901216626167296,0.0259835440665483,1.12501811599941e-05,128,87206.0,9.874708377296988e+19,22860736512,587862912,16,1.12501811599941e-05,3997696000.0,1.7278418357587175e+19,15259.0,1.9420051583696585,1.9631242817347168,bin_2
config_1105,1344,24,32,0.0028529718983918,0.9247119426727296,0.9901216626167296,0.0259835440665483,1.12501811599941e-05,128,87206.0,9.874708377296988e+19,22860736512,587862912,16,1.12501811599941e-05,7995392000.0,3.455683671517435e+19,30518.0,1.753383008495706,1.7729612848016083,bin_2
config_1105,1344,24,32,0.0028529718983918,0.9247119426727296,0.9901216626167296,0.0259835440665483,1.12501811599941e-05,128,87206.0,9.874708377296988e+19,22860736512,587862912,16,1.12501811599941e-05,12006195200.0,5.183412272998956e+19,45776.0,1.6734524278562577,1.6901824473553018,bin_2
config_1105,1344,24,32,0.0028529718983918,0.9247119426727296,0.9901216626167296,0.0259835440665483,1.12501811599941e-05,128,87206.0,9.874708377296988e+19,22860736512,587862912,16,1.12501811599941e-05,16003891200.0,6.9112541087576736e+19,61035.0,1.6240823751981142,1.6403710821417512,bin_2
config_1105,1344,24,32,0.0028529718983918,0.9247119426727296,0.9901216626167296,0.0259835440665483,1.12501811599941e-05,128,87206.0,9.874708377296988e+19,22860736512,587862912,16,1.12501811599941e-05,20001587200.0,8.63909594451639e+19,76294.0,1.5886978883039755,1.6056789173063684,bin_2
config_1105,1344,24,32,0.0028529718983918,0.9247119426727296,0.9901216626167296,0.0259835440665483,1.12501811599941e-05,128,87206.0,9.874708377296988e+19,22860736512,587862912,16,2.9801804397335845e-08,22858956800.0,9.874708377296988e+19,87206.0,1.554706313414652,1.571021265006456,bin_2
config_1106,1536,24,24,0.007189892232418,0.8192882537841797,0.97733336687088,0.0272911377251148,0.0008915375801734,128,53284.0,7.607356947197382e+19,13968228352,756777984,8,0.0008915375801734,3997696000.0,2.1785275065176195e+19,15259.0,1.513465388221819,1.529844067585273,bin_2
config_1106,1536,24,24,0.007189892232418,0.8192882537841797,0.97733336687088,0.0272911377251148,0.0008915375801734,128,53284.0,7.607356947197382e+19,13968228352,756777984,8,0.0008915375801734,7995392000.0,4.357055013035239e+19,30518.0,1.4460716506887654,1.4610391149169109,bin_2
config_1106,1536,24,24,0.007189892232418,0.8192882537841797,0.97733336687088,0.0272911377251148,0.0008915375801734,128,53284.0,7.607356947197382e+19,13968228352,756777984,8,0.0008915375801734,12006195200.0,6.535439749547845e+19,45776.0,1.4165923294669291,1.4310582518675288,bin_2
config_1106,1536,24,24,0.007189892232418,0.8192882537841797,0.97733336687088,0.0272911377251148,0.0008915375801734,128,53284.0,7.607356947197382e+19,13968228352,756777984,8,2.0847508752336756e-05,13959168000.0,7.607356947197382e+19,53284.0,1.3757519100826294,1.3898790279959068,bin_2
config_1107,1536,29,24,0.1381172388792038,0.8323726654052734,0.912716269493103,0.1408689320087433,0.0034360724966973,128,81795.0,1.390366401129842e+20,21442121728,898351104,8,0.0034360724966973,3997696000.0,2.593752786214348e+19,15259.0,3.675818874640543,3.7126148185182792,bin_2
config_1107,1536,29,24,0.1381172388792038,0.8323726654052734,0.912716269493103,0.1408689320087433,0.0034360724966973,128,81795.0,1.390366401129842e+20,21442121728,898351104,8,0.0034360724966973,7995392000.0,5.187505572428696e+19,30518.0,3.638828867028971,3.6771138102500167,bin_2
config_1107,1536,29,24,0.1381172388792038,0.8323726654052734,0.912716269493103,0.1408689320087433,0.0034360724966973,128,81795.0,1.390366401129842e+20,21442121728,898351104,8,0.0034360724966973,12006195200.0,7.781088376810275e+19,45776.0,3.848379350294832,3.8827496120187104,bin_2
config_1107,1536,29,24,0.1381172388792038,0.8323726654052734,0.912716269493103,0.1408689320087433,0.0034360724966973,128,81795.0,1.390366401129842e+20,21442121728,898351104,8,0.0034360724966973,16003891200.0,1.0374841163024623e+20,61035.0,3.785718789374242,3.8193510125895016,bin_2
config_1107,1536,29,24,0.1381172388792038,0.8323726654052734,0.912716269493103,0.1408689320087433,0.0034360724966973,128,81795.0,1.390366401129842e+20,21442121728,898351104,8,0.001638710151827,20001587200.0,1.296859394923897e+20,76294.0,4.278172117061303,4.258001237032843,bin_2
config_1107,1536,29,24,0.1381172388792038,0.8323726654052734,0.912716269493103,0.1408689320087433,0.0034360724966973,128,81795.0,1.390366401129842e+20,21442121728,898351104,8,1.3419828358911604e-05,21430272000.0,1.390366401129842e+20,81795.0,3.4888823735127685,3.525151209831238,bin_2
config_1109,1280,30,32,0.0010130432201549,0.8646447658538818,0.9016571044921876,0.0615658909082412,6.040167500032112e-05,128,118552.0,1.5497753416446247e+20,31077834752,673917440,8,6.040167500032112e-05,3997696000.0,1.9947383374515257e+19,15259.0,1.6700791223518183,1.6879683269829049,bin_2
config_1109,1280,30,32,0.0010130432201549,0.8646447658538818,0.9016571044921876,0.0615658909082412,6.040167500032112e-05,128,118552.0,1.5497753416446247e+20,31077834752,673917440,8,6.040167500032112e-05,7995392000.0,3.989476674903052e+19,30518.0,1.5572903077328792,1.5740665928653028,bin_2
config_1109,1280,30,32,0.0010130432201549,0.8646447658538818,0.9016571044921876,0.0615658909082412,6.040167500032112e-05,128,118552.0,1.5497753416446247e+20,31077834752,673917440,8,6.040167500032112e-05,12006195200.0,5.984084286990041e+19,45776.0,1.5071445265461187,1.522706378737434,bin_2
config_1109,1280,30,32,0.0010130432201549,0.8646447658538818,0.9016571044921876,0.0615658909082412,6.040167500032112e-05,128,118552.0,1.5497753416446247e+20,31077834752,673917440,8,6.040167500032112e-05,16003891200.0,7.978822624441567e+19,61035.0,1.4763915107191583,1.491614101705004,bin_2
config_1109,1280,30,32,0.0010130432201549,0.8646447658538818,0.9016571044921876,0.0615658909082412,6.040167500032112e-05,128,118552.0,1.5497753416446247e+20,31077834752,673917440,8,6.040167500032112e-05,20001587200.0,9.973560961893094e+19,76294.0,1.4548641301178542,1.470193578542256,bin_2
config_1109,1280,30,32,0.0010130432201549,0.8646447658538818,0.9016571044921876,0.0615658909082412,6.040167500032112e-05,128,118552.0,1.5497753416446247e+20,31077834752,673917440,8,6.040167500032112e-05,23999283200.0,1.196829929934462e+20,91553.0,1.439285439076971,1.4540996200921106,bin_2
config_1109,1280,30,32,0.0010130432201549,0.8646447658538818,0.9016571044921876,0.0615658909082412,6.040167500032112e-05,128,118552.0,1.5497753416446247e+20,31077834752,673917440,8,6.040167500032112e-05,27996979200.0,1.3963037636796144e+20,106812.0,1.4276287152532672,1.4422993509984408,bin_2
config_1109,1280,30,32,0.0010130432201549,0.8646447658538818,0.9016571044921876,0.0615658909082412,6.040167500032112e-05,128,118552.0,1.5497753416446247e+20,31077834752,673917440,8,1.6552939161506783e-08,31077171200.0,1.5497753416446247e+20,118552.0,1.392949683119039,1.407262328032587,bin_2
config_111,832,8,8,0.007774805650115,0.818271815776825,0.9725469946861268,0.0909768864512443,0.000284937035758,64,8020.0,865686037358837760,1051220992,110002048,16,0.000284937035758,524288000.0,4.328430186794189e+17,4010.0,1.9234298495378328,1.9431745798657856,bin_0
config_111,832,8,8,0.007774805650115,0.818271815776825,0.9725469946861268,0.0909768864512443,0.000284937035758,64,8020.0,865686037358837760,1051220992,110002048,16,7.817202627106957e-06,1048576000.0,8.656860373588378e+17,8020.0,1.7762771989761887,1.7939949483476827,bin_0
config_1111,1536,24,24,0.0060406113043427,0.8091855645179749,0.9423235654830932,0.2579762041568756,0.0018004573648795,64,65010.0,4.640748580297507e+19,8521098240,756777984,8,0.0018004573648795,3997696000.0,2.1785319977467978e+19,30518.0,2.722961866073921,2.751630636121406,bin_2
config_1111,1536,24,24,0.0060406113043427,0.8091855645179749,0.9423235654830932,0.2579762041568756,0.0018004573648795,64,65010.0,4.640748580297507e+19,8521098240,756777984,8,0.0004251273725432,8001945600.0,4.356992610343921e+19,61035.0,2.44845123021329,2.4745971040256687,bin_2
config_1111,1536,24,24,0.0060406113043427,0.8091855645179749,0.9423235654830932,0.2579762041568756,0.0018004573648795,64,65010.0,4.640748580297507e+19,8521098240,756777984,8,1.0735539710687598e-06,8519680000.0,4.640748580297507e+19,65010.0,2.418717388618188,2.4448359030582867,bin_2
config_1112,1472,28,32,0.009445933625102,0.9186721444129944,0.967053234577179,0.2925046384334564,0.0019787673372775,64,70721.0,5.5170800373994095e+19,9269563392,823233664,8,0.0019787673372775,3997696000.0,2.380767361623212e+19,30518.0,3.00284928489904,3.0340955436034283,bin_2
config_1112,1472,28,32,0.009445933625102,0.9186721444129944,0.967053234577179,0.2925046384334564,0.0019787673372775,64,70721.0,5.5170800373994095e+19,9269563392,823233664,8,0.0009251019490868,8001945600.0,4.761456711339955e+19,61035.0,2.6172085591613268,2.6460672300370014,bin_2
config_1112,1472,28,32,0.009445933625102,0.9186721444129944,0.967053234577179,0.2925046384334564,0.0019787673372775,64,70721.0,5.5170800373994095e+19,9269563392,823233664,8,2.008803735996552e-06,9266790400.0,5.5170800373994095e+19,70721.0,2.524164332581348,2.5521283227107565,bin_2
config_1113,1280,24,20,0.0465533062815666,0.8016550540924072,0.9234681725502014,0.0998423546552658,0.0094485292211174,128,50312.0,5.363520948843577e+19,13189107712,552005120,16,0.0094485292211174,3997696000.0,1.6266887851487547e+19,15259.0,3.5939231515321577,3.621577514351392,bin_2
config_1113,1280,24,20,0.0465533062815666,0.8016550540924072,0.9234681725502014,0.0998423546552658,0.0094485292211174,128,50312.0,5.363520948843577e+19,13189107712,552005120,16,0.0094485292211174,7995392000.0,3.253377570297509e+19,30518.0,3.5000622258420853,3.5305679808288324,bin_2
config_1113,1280,24,20,0.0465533062815666,0.8016550540924072,0.9234681725502014,0.0998423546552658,0.0094485292211174,128,50312.0,5.363520948843577e+19,13189107712,552005120,16,0.008487311137902,12006195200.0,4.879959750243751e+19,45776.0,3.993229711954711,3.988012710868335,bin_2
config_1113,1280,24,20,0.0465533062815666,0.8016550540924072,0.9234681725502014,0.0998423546552658,0.0094485292211174,128,50312.0,5.363520948843577e+19,13189107712,552005120,16,2.25726360050596e-05,13185843200.0,5.363520948843577e+19,50312.0,3.273769507720822,3.30896577749096,bin_2
config_1114,1344,27,24,0.0086811678484082,0.9152532815933228,0.9738490581512452,0.2305995821952819,1.5310126400436275e-05,128,117498.0,1.481178591411241e+20,30801643520,652899072,16,1.5310126400436275e-05,3997696000.0,1.92354798603756e+19,15259.0,1.854009189957478,1.8735185203005056,bin_2
config_1114,1344,27,24,0.0086811678484082,0.9152532815933228,0.9738490581512452,0.2305995821952819,1.5310126400436275e-05,128,117498.0,1.481178591411241e+20,30801643520,652899072,16,1.5310126400436275e-05,7995392000.0,3.84709597207512e+19,30518.0,1.68203928193108,1.699915277137131,bin_2
config_1114,1344,27,24,0.0086811678484082,0.9152532815933228,0.9738490581512452,0.2305995821952819,1.5310126400436275e-05,128,117498.0,1.481178591411241e+20,30801643520,652899072,16,1.5310126400436275e-05,12006195200.0,5.77051789821452e+19,45776.0,1.6108924289609563,1.6269188325913226,bin_2
config_1114,1344,27,24,0.0086811678484082,0.9152532815933228,0.9738490581512452,0.2305995821952819,1.5310126400436275e-05,128,117498.0,1.481178591411241e+20,30801643520,652899072,16,1.5310126400436275e-05,16003891200.0,7.694065884252081e+19,61035.0,1.5684921083684829,1.583794026570242,bin_2
config_1114,1344,27,24,0.0086811678484082,0.9152532815933228,0.9738490581512452,0.2305995821952819,1.5310126400436275e-05,128,117498.0,1.481178591411241e+20,30801643520,652899072,16,1.5310126400436275e-05,20001587200.0,9.61761387028964e+19,76294.0,1.5368383015960942,1.553017903585903,bin_2
config_1114,1344,27,24,0.0086811678484082,0.9152532815933228,0.9738490581512452,0.2305995821952819,1.5310126400436275e-05,128,117498.0,1.481178591411241e+20,30801643520,652899072,16,1.4662551112368807e-05,23999283200.0,1.15411618563272e+20,91553.0,1.5136613234926444,1.5290312242117083,bin_2
config_1114,1344,27,24,0.0086811678484082,0.9152532815933228,0.9738490581512452,0.2305995821952819,1.5310126400436275e-05,128,117498.0,1.481178591411241e+20,30801643520,652899072,16,6.045166170807827e-06,27996979200.0,1.3464709842364762e+20,106812.0,1.485220739763291,1.4996800899505616,bin_2
config_1114,1344,27,24,0.0086811678484082,0.9152532815933228,0.9738490581512452,0.2305995821952819,1.5310126400436275e-05,128,117498.0,1.481178591411241e+20,30801643520,652899072,16,2.7123572275077852e-08,30788812800.0,1.481178591411241e+20,117498.0,1.472811990722281,1.4869787126290994,bin_2
config_1115,1472,27,32,0.0013100655050948,0.8333651423454285,0.9721249938011168,0.2927092611789703,0.0008983971783891,128,102924.0,1.5527866848770654e+20,26980976640,796475648,8,0.0008983971783891,3997696000.0,2.3020842587286872e+19,15259.0,1.5217252833335126,1.5380225616595784,bin_2
config_1115,1472,27,32,0.0013100655050948,0.8333651423454285,0.9721249938011168,0.2927092611789703,0.0008983971783891,128,102924.0,1.5527866848770654e+20,26980976640,796475648,8,0.0008983971783891,7995392000.0,4.6041685174573744e+19,30518.0,1.4477164571402503,1.4628208684628128,bin_2
config_1115,1472,27,32,0.0013100655050948,0.8333651423454285,0.9721249938011168,0.2927092611789703,0.0008983971783891,128,102924.0,1.5527866848770654e+20,26980976640,796475648,8,0.0008983971783891,12006195200.0,6.906101908877672e+19,45776.0,1.4137434161881932,1.4286108559956316,bin_2
config_1115,1472,27,32,0.0013100655050948,0.8333651423454285,0.9721249938011168,0.2927092611789703,0.0008983971783891,128,102924.0,1.5527866848770654e+20,26980976640,796475648,8,0.0008983971783891,16003891200.0,9.20818616760636e+19,61035.0,1.3922038206213811,1.4069925654227615,bin_2
config_1115,1472,27,32,0.0013100655050948,0.8333651423454285,0.9721249938011168,0.2927092611789703,0.0008983971783891,128,102924.0,1.5527866848770654e+20,26980976640,796475648,8,0.0007939629050465,20001587200.0,1.1510270426335044e+20,76294.0,1.37343998233803,1.387361825675261,bin_2
config_1115,1472,27,32,0.0013100655050948,0.8333651423454285,0.9721249938011168,0.2927092611789703,0.0008983971783891,128,102924.0,1.5527866848770654e+20,26980976640,796475648,8,0.0003391877284404,23999283200.0,1.3812354685063732e+20,91553.0,1.339946442393006,1.3535999532117218,bin_2
config_1115,1472,27,32,0.0013100655050948,0.8333651423454285,0.9721249938011168,0.2927092611789703,0.0008983971783891,128,102924.0,1.5527866848770654e+20,26980976640,796475648,8,7.157117533472144e-07,26974617600.0,1.5527866848770654e+20,102924.0,1.3218072181060665,1.3351199901494823,bin_2
config_1117,1600,30,20,0.0366069376468658,0.9826443195343018,0.95505553483963,0.182787150144577,9.398968541063368e-05,128,127920.0,2.4364348300353208e+20,33533679616,1014428800,8,9.398968541063368e-05,3997696000.0,2.9063132482417885e+19,15259.0,1.5793040296679637,1.595303189930369,bin_2
config_1117,1600,30,20,0.0366069376468658,0.9826443195343018,0.95505553483963,0.182787150144577,9.398968541063368e-05,128,127920.0,2.4364348300353208e+20,33533679616,1014428800,8,9.398968541063368e-05,7995392000.0,5.812626496483577e+19,30518.0,1.4767614410548913,1.4920549445074112,bin_2
config_1117,1600,30,20,0.0366069376468658,0.9826443195343018,0.95505553483963,0.182787150144577,9.398968541063368e-05,128,127920.0,2.4364348300353208e+20,33533679616,1014428800,8,9.398968541063368e-05,12006195200.0,8.718749279213324e+19,45776.0,1.4319202659364607,1.4464574372866117,bin_2
config_1117,1600,30,20,0.0366069376468658,0.9826443195343018,0.95505553483963,0.182787150144577,9.398968541063368e-05,128,127920.0,2.4364348300353208e+20,33533679616,1014428800,8,9.398968541063368e-05,16003891200.0,1.1625062527455112e+20,61035.0,1.4041272862915133,1.418691042827778,bin_2
config_1117,1600,30,20,0.0366069376468658,0.9826443195343018,0.95505553483963,0.182787150144577,9.398968541063368e-05,128,127920.0,2.4364348300353208e+20,33533679616,1014428800,8,9.398968541063368e-05,20001587200.0,1.4531375775696904e+20,76294.0,1.384385527860923,1.398859464594575,bin_2
config_1117,1600,30,20,0.0366069376468658,0.9826443195343018,0.95505553483963,0.182787150144577,9.398968541063368e-05,128,127920.0,2.4364348300353208e+20,33533679616,1014428800,8,9.398968541063368e-05,23999283200.0,1.743768902393869e+20,91553.0,1.3699321509287006,1.384271216812681,bin_2
config_1117,1600,30,20,0.0366069376468658,0.9826443195343018,0.95505553483963,0.182787150144577,9.398968541063368e-05,128,127920.0,2.4364348300353208e+20,33533679616,1014428800,8,8.48970214640571e-05,27996979200.0,2.034400227218048e+20,106812.0,1.3553069317145423,1.369409213417866,bin_2
config_1117,1600,30,20,0.0366069376468658,0.9826443195343018,0.95505553483963,0.182787150144577,9.398968541063368e-05,128,127920.0,2.4364348300353208e+20,33533679616,1014428800,8,2.3595905113352998e-05,31994675200.0,2.3250125054910225e+20,122070.0,1.3183011912224722,1.332149263708318,bin_2
config_1117,1600,30,20,0.0366069376468658,0.9826443195343018,0.95505553483963,0.182787150144577,9.398968541063368e-05,128,127920.0,2.4364348300353208e+20,33533679616,1014428800,8,8.03949066894476e-08,33528217600.0,2.4364348300353208e+20,127920.0,1.309327686253141,1.32300209667839,bin_2
config_1118,1344,25,24,0.0079034715890884,0.945365846157074,0.9767118096351624,0.0038436057511717,0.0011505972361192,128,150908.0,1.773297632686202e+20,39559647232,609541632,16,0.0011505972361192,3997696000.0,1.7930625664085903e+19,15259.0,1.545590582011176,1.5619186692159683,bin_2
config_1118,1344,25,24,0.0079034715890884,0.945365846157074,0.9767118096351624,0.0038436057511717,0.0011505972361192,128,150908.0,1.773297632686202e+20,39559647232,609541632,16,0.0011505972361192,7995392000.0,3.5861251328171807e+19,30518.0,1.4670926415724832,1.4832492113895104,bin_2
config_1118,1344,25,24,0.0079034715890884,0.945365846157074,0.9767118096351624,0.0038436057511717,0.0011505972361192,128,150908.0,1.773297632686202e+20,39559647232,609541632,16,0.0011505972361192,12006195200.0,5.379070190701857e+19,45776.0,1.436205420200942,1.4494488216228172,bin_2
config_1118,1344,25,24,0.0079034715890884,0.945365846157074,0.9767118096351624,0.0038436057511717,0.0011505972361192,128,150908.0,1.773297632686202e+20,39559647232,609541632,16,0.0011505972361192,16003891200.0,7.172132757110447e+19,61035.0,1.4163627372413383,1.4307089200567027,bin_2
config_1118,1344,25,24,0.0079034715890884,0.945365846157074,0.9767118096351624,0.0038436057511717,0.0011505972361192,128,150908.0,1.773297632686202e+20,39559647232,609541632,16,0.0011505972361192,20001587200.0,8.965195323519037e+19,76294.0,1.4033582222657126,1.4173145532608031,bin_2
config_1118,1344,25,24,0.0079034715890884,0.945365846157074,0.9767118096351624,0.0038436057511717,0.0011505972361192,128,150908.0,1.773297632686202e+20,39559647232,609541632,16,0.0011505972361192,23999283200.0,1.0758257889927628e+20,91553.0,1.3935939010831175,1.4078818603030971,bin_2
config_1118,1344,25,24,0.0079034715890884,0.945365846157074,0.9767118096351624,0.0038436057511717,0.0011505972361192,128,150908.0,1.773297632686202e+20,39559647232,609541632,16,0.0011505972361192,27996979200.0,1.255132045633622e+20,106812.0,1.3875904955238592,1.400764726849853,bin_2
config_1118,1344,25,24,0.0079034715890884,0.945365846157074,0.9767118096351624,0.0038436057511717,0.0011505972361192,128,150908.0,1.773297632686202e+20,39559647232,609541632,16,0.0011505972361192,31994675200.0,1.4344265514220891e+20,122070.0,1.3825278767796814,1.3952453534329523,bin_2
config_1118,1344,25,24,0.0079034715890884,0.945365846157074,0.9767118096351624,0.0038436057511717,0.0011505972361192,128,150908.0,1.773297632686202e+20,39559647232,609541632,16,0.0011505972361192,36005478400.0,1.6137328080629485e+20,137329.0,1.3757097669507636,1.3899028297721363,bin_2
config_1118,1344,25,24,0.0079034715890884,0.945365846157074,0.9767118096351624,0.0038436057511717,0.0011505972361192,128,150908.0,1.773297632686202e+20,39559647232,609541632,16,1.5870306705092607e-05,39557529600.0,1.773297632686202e+20,150908.0,1.3522241078439303,1.366006338596344,bin_2
config_1119,1344,28,32,0.0038383447099477,0.9416353106498718,0.9725314378738404,0.1840899735689163,0.0030315269250422,128,133441.0,1.7391924112261644e+20,34980782080,674577792,8,0.0030315269250422,3997696000.0,1.988769343972245e+19,15259.0,1.521314961187175,1.536881967040359,bin_2
config_1119,1344,28,32,0.0038383447099477,0.9416353106498718,0.9725314378738404,0.1840899735689163,0.0030315269250422,128,133441.0,1.7391924112261644e+20,34980782080,674577792,8,0.0030315269250422,7995392000.0,3.977538687944491e+19,30518.0,1.4552255680326556,1.470102810507915,bin_2
config_1119,1344,28,32,0.0038383447099477,0.9416353106498718,0.9725314378738404,0.1840899735689163,0.0030315269250422,128,133441.0,1.7391924112261644e+20,34980782080,674577792,8,0.0030315269250422,12006195200.0,5.96617769773075e+19,45776.0,1.4275196461794806,1.4421111815483845,bin_2
config_1119,1344,28,32,0.0038383447099477,0.9416353106498718,0.9725314378738404,0.1840899735689163,0.0030315269250422,128,133441.0,1.7391924112261644e+20,34980782080,674577792,8,0.0030315269250422,16003891200.0,7.954947041702996e+19,61035.0,1.4200419031108011,1.4344870400233347,bin_2
config_1119,1344,28,32,0.0038383447099477,0.9416353106498718,0.9725314378738404,0.1840899735689163,0.0030315269250422,128,133441.0,1.7391924112261644e+20,34980782080,674577792,8,0.0030315269250422,20001587200.0,9.943716385675244e+19,76294.0,1.398611032953028,1.413103771600567,bin_2
config_1119,1344,28,32,0.0038383447099477,0.9416353106498718,0.9725314378738404,0.1840899735689163,0.0030315269250422,128,133441.0,1.7391924112261644e+20,34980782080,674577792,8,0.0030315269250422,23999283200.0,1.1932485729647488e+20,91553.0,1.3904186498434816,1.4040271515924423,bin_2
config_1119,1344,28,32,0.0038383447099477,0.9416353106498718,0.9725314378738404,0.1840899735689163,0.0030315269250422,128,133441.0,1.7391924112261644e+20,34980782080,674577792,8,0.0030315269250422,27996979200.0,1.3921255073619734e+20,106812.0,1.3833609981224184,1.3970883052368632,bin_2
config_1119,1344,28,32,0.0038383447099477,0.9416353106498718,0.9725314378738404,0.1840899735689163,0.0030315269250422,128,133441.0,1.7391924112261644e+20,34980782080,674577792,8,0.0014057448891983,31994675200.0,1.590989408340599e+20,122070.0,1.3469053629773562,1.360473324900768,bin_2
config_1119,1344,28,32,0.0038383447099477,0.9416353106498718,0.9725314378738404,0.1840899735689163,0.0030315269250422,128,133441.0,1.7391924112261644e+20,34980782080,674577792,8,5.059743697403973e-06,34970009600.0,1.7391924112261644e+20,133441.0,1.3171083148483371,1.3318338070736555,bin_2
config_112,896,23,16,0.0061714705079793,0.9794992208480836,0.931119441986084,0.2892825305461883,0.0001902689546113,64,71354.0,20290701184668794880,9352611840,277218816,8,0.0001902689546113,1592524800.0,3.4610270499005507e+18,12171.0,1.7156449012287327,1.7339094505739994,bin_2
config_112,896,23,16,0.0061714705079793,0.9794992208480836,0.931119441986084,0.2892825305461883,0.0001902689546113,64,71354.0,20290701184668794880,9352611840,277218816,8,0.0001902689546113,3191603200.0,6.922054099801101e+18,24342.0,1.6229025831769723,1.6404080678009596,bin_2
config_112,896,23,16,0.0061714705079793,0.9794992208480836,0.931119441986084,0.2892825305461883,0.0001902689546113,64,71354.0,20290701184668794880,9352611840,277218816,8,0.0001902689546113,4784128000.0,1.0383365516397068e+19,36514.0,1.582056878238428,1.5973401530453415,bin_2
config_112,896,23,16,0.0061714705079793,0.9794992208480836,0.931119441986084,0.2892825305461883,0.0001902689546113,64,71354.0,20290701184668794880,9352611840,277218816,8,0.0001902689546113,6383206400.0,1.3844392566297618e+19,48685.0,1.5573625213005504,1.572449242912355,bin_2
config_112,896,23,16,0.0061714705079793,0.9794992208480836,0.931119441986084,0.2892825305461883,0.0001902689546113,64,71354.0,20290701184668794880,9352611840,277218816,8,9.682598223138272e-05,7975731200.0,1.7305419616198169e+19,60856.0,1.512642250207604,1.5270905033095938,bin_2
config_112,896,23,16,0.0061714705079793,0.9794992208480836,0.931119441986084,0.2892825305461883,0.0001902689546113,64,71354.0,20290701184668794880,9352611840,277218816,8,3.687204197692982e-08,9351987200.0,2.0290701184668795e+19,71354.0,1.4777667775701304,1.4933820006397904,bin_2
config_1120,1536,29,32,0.0368554182350635,0.8331800699234009,0.967972218990326,0.2739791572093963,2.841128116415348e-05,128,110316.0,1.8751699840405812e+20,28918724608,898351104,8,2.841128116415348e-05,3997696000.0,2.5937505698606936e+19,15259.0,1.711286130107817,1.729684484884387,bin_2
config_1120,1536,29,32,0.0368554182350635,0.8331800699234009,0.967972218990326,0.2739791572093963,2.841128116415348e-05,128,110316.0,1.8751699840405812e+20,28918724608,898351104,8,2.841128116415348e-05,7995392000.0,5.187501139721387e+19,30518.0,1.5766600732725176,1.593985192306706,bin_2
config_1120,1536,29,32,0.0368554182350635,0.8331800699234009,0.967972218990326,0.2739791572093963,2.841128116415348e-05,128,110316.0,1.8751699840405812e+20,28918724608,898351104,8,2.841128116415348e-05,12006195200.0,7.781081727894562e+19,45776.0,1.519907745220622,1.5365770551611166,bin_2
config_1120,1536,29,32,0.0368554182350635,0.8331800699234009,0.967972218990326,0.2739791572093963,2.841128116415348e-05,128,110316.0,1.8751699840405812e+20,28918724608,898351104,8,2.841128116415348e-05,16003891200.0,1.0374832297755256e+20,61035.0,1.4817522645485206,1.4979931626554397,bin_2
config_1120,1536,29,32,0.0368554182350635,0.8331800699234009,0.967972218990326,0.2739791572093963,2.841128116415348e-05,128,110316.0,1.8751699840405812e+20,28918724608,898351104,8,2.841128116415348e-05,20001587200.0,1.2968582867615949e+20,76294.0,1.4565681973637128,1.4716672613581674,bin_2
config_1120,1536,29,32,0.0368554182350635,0.8331800699234009,0.967972218990326,0.2739791572093963,2.841128116415348e-05,128,110316.0,1.8751699840405812e+20,28918724608,898351104,8,1.7640487768875868e-05,23999283200.0,1.556233343747664e+20,91553.0,1.426159773625311,1.4407411021287324,bin_2
config_1120,1536,29,32,0.0368554182350635,0.8331800699234009,0.967972218990326,0.2739791572093963,2.841128116415348e-05,128,110316.0,1.8751699840405812e+20,28918724608,898351104,8,3.305123894030031e-06,27996979200.0,1.815608400733734e+20,106812.0,1.4012308531901876,1.4154634116419027,bin_2
config_1120,1536,29,32,0.0368554182350635,0.8331800699234009,0.967972218990326,0.2739791572093963,2.841128116415348e-05,128,110316.0,1.8751699840405812e+20,28918724608,898351104,8,1.5040381770331272e-08,28914483200.0,1.875169984040581e+20,110316.0,1.3984599226420042,1.4126987621530158,bin_2
config_1121,1344,25,24,0.0011421790113672,0.8829002380371094,0.9947223663330078,0.0991189107298851,5.194485856918618e-05,128,143319.0,1.6841200928406582e+20,37570228224,609541632,16,5.194485856918618e-05,3997696000.0,1.7930622245937803e+19,15259.0,1.671891447598817,1.689607943081465,bin_2
config_1121,1344,25,24,0.0011421790113672,0.8829002380371094,0.9947223663330078,0.0991189107298851,5.194485856918618e-05,128,143319.0,1.6841200928406582e+20,37570228224,609541632,16,5.194485856918618e-05,7995392000.0,3.586124449187561e+19,30518.0,1.5500082017945462,1.5667193443657923,bin_2
config_1121,1344,25,24,0.0011421790113672,0.8829002380371094,0.9947223663330078,0.0991189107298851,5.194485856918618e-05,128,143319.0,1.6841200928406582e+20,37570228224,609541632,16,5.194485856918618e-05,12006195200.0,5.379069165279828e+19,45776.0,1.4978680263581825,1.511755006039729,bin_2
config_1121,1344,25,24,0.0011421790113672,0.8829002380371094,0.9947223663330078,0.0991189107298851,5.194485856918618e-05,128,143319.0,1.6841200928406582e+20,37570228224,609541632,16,5.194485856918618e-05,16003891200.0,7.172131389873609e+19,61035.0,1.4648823670871922,1.4785542162910836,bin_2
config_1121,1344,25,24,0.0011421790113672,0.8829002380371094,0.9947223663330078,0.0991189107298851,5.194485856918618e-05,128,143319.0,1.6841200928406582e+20,37570228224,609541632,16,5.194485856918618e-05,20001587200.0,8.965193614467388e+19,76294.0,1.440578454009822,1.4548628611251957,bin_2
config_1121,1344,25,24,0.0011421790113672,0.8829002380371094,0.9947223663330078,0.0991189107298851,5.194485856918618e-05,128,143319.0,1.6841200928406582e+20,37570228224,609541632,16,5.194485856918618e-05,23999283200.0,1.0758255839061167e+20,91553.0,1.4231721900721066,1.4373509525471049,bin_2
config_1121,1344,25,24,0.0011421790113672,0.8829002380371094,0.9947223663330078,0.0991189107298851,5.194485856918618e-05,128,143319.0,1.6841200928406582e+20,37570228224,609541632,16,5.194485856918618e-05,27996979200.0,1.255131806365495e+20,106812.0,1.4097893658231515,1.4235162106107493,bin_2
config_1121,1344,25,24,0.0011421790113672,0.8829002380371094,0.9947223663330078,0.0991189107298851,5.194485856918618e-05,128,143319.0,1.6841200928406582e+20,37570228224,609541632,16,5.194485856918618e-05,31994675200.0,1.4344262779747218e+20,122070.0,1.3991978936898903,1.4125427295731716,bin_2
config_1121,1344,25,24,0.0011421790113672,0.8829002380371094,0.9947223663330078,0.0991189107298851,5.194485856918618e-05,128,143319.0,1.6841200928406582e+20,37570228224,609541632,16,2.1827445322032545e-05,36005478400.0,1.6137325004341e+20,137329.0,1.373455768882251,1.387476960205641,bin_2
config_1121,1344,25,24,0.0011421790113672,0.8829002380371094,0.9947223663330078,0.0991189107298851,5.194485856918618e-05,128,143319.0,1.6841200928406582e+20,37570228224,609541632,16,6.947921948712021e-08,37565235200.0,1.6841200928406582e+20,143319.0,1.3628221341430165,1.3766886687669595,bin_2
config_1122,1280,26,32,0.0036145308986306,0.9182906150817872,0.940283477306366,0.0731818750500679,8.041295950533822e-05,128,29447.0,3.3759808448259686e+19,7719460864,592642560,16,8.041295950533822e-05,3997696000.0,1.7493833569191924e+19,15259.0,1.6125510786009616,1.630326009500222,bin_2
config_1122,1280,26,32,0.0036145308986306,0.9182906150817872,0.940283477306366,0.0731818750500679,8.041295950533822e-05,128,29447.0,3.3759808448259686e+19,7719460864,592642560,16,1.7546003234683829e-06,7707033600.0,3.3759808448259686e+19,29447.0,1.5003767463809154,1.5165367586104597,bin_2
config_1123,1600,30,20,0.1094068512320518,0.9641364216804504,0.9542818665504456,0.2514043748378753,0.0040754959918558,128,125111.0,2.3829189837060833e+20,32797118464,1014428800,8,0.0040754959918558,3997696000.0,2.90629607087875e+19,15259.0,1.6561685209196122,1.6729775499124997,bin_2
config_1123,1600,30,20,0.1094068512320518,0.9641364216804504,0.9542818665504456,0.2514043748378753,0.0040754959918558,128,125111.0,2.3829189837060833e+20,32797118464,1014428800,8,0.0040754959918558,7995392000.0,5.8125921417575e+19,30518.0,1.62405169397104,1.641069703297537,bin_2
config_1123,1600,30,20,0.1094068512320518,0.9641364216804504,0.9542818665504456,0.2514043748378753,0.0040754959918558,128,125111.0,2.3829189837060833e+20,32797118464,1014428800,8,0.0040754959918558,12006195200.0,8.718697748249928e+19,45776.0,1.621676038581817,1.6387110007981784,bin_2
config_1123,1600,30,20,0.1094068512320518,0.9641364216804504,0.9542818665504456,0.2514043748378753,0.0040754959918558,128,125111.0,2.3829189837060833e+20,32797118464,1014428800,8,0.0040754959918558,16003891200.0,1.1624993819128676e+20,61035.0,1.6136771996490291,1.6308725673839697,bin_2
config_1123,1600,30,20,0.1094068512320518,0.9641364216804504,0.9542818665504456,0.2514043748378753,0.0040754959918558,128,125111.0,2.3829189837060833e+20,32797118464,1014428800,8,0.0040754959918558,20001587200.0,1.4531289890007428e+20,76294.0,1.6176804447174071,1.6338667614733586,bin_2
config_1123,1600,30,20,0.1094068512320518,0.9641364216804504,0.9542818665504456,0.2514043748378753,0.0040754959918558,128,125111.0,2.3829189837060833e+20,32797118464,1014428800,8,0.0040754959918558,23999283200.0,1.7437585960886177e+20,91553.0,1.6151923777236312,1.6317071577955464,bin_2
config_1123,1600,30,20,0.1094068512320518,0.9641364216804504,0.9542818665504456,0.2514043748378753,0.0040754959918558,128,125111.0,2.3829189837060833e+20,32797118464,1014428800,8,0.002372632407302,27996979200.0,2.0343882031764924e+20,106812.0,1.545490827257516,1.5611723938340047,bin_2
config_1123,1600,30,20,0.1094068512320518,0.9641364216804504,0.9542818665504456,0.2514043748378753,0.0040754959918558,128,125111.0,2.3829189837060833e+20,32797118464,1014428800,8,0.0003966264976654,31994675200.0,2.3249987638257356e+20,122070.0,1.403754239336389,1.4182117274647854,bin_2
config_1123,1600,30,20,0.1094068512320518,0.9641364216804504,0.9542818665504456,0.2514043748378753,0.0040754959918558,128,125111.0,2.3829189837060833e+20,32797118464,1014428800,8,1.425315738098204e-06,32794214400.0,2.3829189837060837e+20,125111.0,1.3664027423643674,1.3802855785752906,bin_2
config_1124,1536,24,32,0.0011817882768809,0.9445028305053712,0.9736716747283936,0.2699217200279236,1.515308758825995e-05,128,74149.0,1.0586237270329236e+20,19437891584,756777984,8,1.515308758825995e-05,3997696000.0,2.178524248579938e+19,15259.0,1.823868293801292,1.8437872800279835,bin_2
config_1124,1536,24,32,0.0011817882768809,0.9445028305053712,0.9736716747283936,0.2699217200279236,1.515308758825995e-05,128,74149.0,1.0586237270329236e+20,19437891584,756777984,8,1.515308758825995e-05,7995392000.0,4.357048497159876e+19,30518.0,1.668290401853499,1.686374169783514,bin_2
config_1124,1536,24,32,0.0011817882768809,0.9445028305053712,0.9736716747283936,0.2699217200279236,1.515308758825995e-05,128,74149.0,1.0586237270329236e+20,19437891584,756777984,8,1.515308758825995e-05,12006195200.0,6.535429975948308e+19,45776.0,1.599566362119112,1.6168218035776107,bin_2
config_1124,1536,24,32,0.0011817882768809,0.9445028305053712,0.9736716747283936,0.2699217200279236,1.515308758825995e-05,128,74149.0,1.0586237270329236e+20,19437891584,756777984,8,9.917572415240187e-06,16003891200.0,8.713954224528245e+19,61035.0,1.549871245046131,1.566479924409116,bin_2
config_1124,1536,24,32,0.0011817882768809,0.9445028305053712,0.9736716747283936,0.2699217200279236,1.515308758825995e-05,128,74149.0,1.0586237270329236e+20,19437891584,756777984,8,3.70990952245796e-08,19424870400.0,1.0586237270329236e+20,74149.0,1.5196062465085358,1.5364300641270934,bin_2
config_1126,1472,25,32,0.0117473844438791,0.8142244219779968,0.9154949188232422,0.0321000888943672,0.0018840652192011,128,75321.0,1.0586778800155184e+20,19745175552,742959616,8,0.0018840652192011,3997696000.0,2.144735966218823e+19,15259.0,1.535720240503061,1.552110149547702,bin_2
config_1126,1472,25,32,0.0117473844438791,0.8142244219779968,0.9154949188232422,0.0321000888943672,0.0018840652192011,128,75321.0,1.0586778800155184e+20,19745175552,742959616,8,0.0018840652192011,7995392000.0,4.289471932437646e+19,30518.0,1.4739372322207591,1.4891866443880268,bin_2
config_1126,1472,25,32,0.0117473844438791,0.8142244219779968,0.9154949188232422,0.0321000888943672,0.0018840652192011,128,75321.0,1.0586778800155184e+20,19745175552,742959616,8,0.0018840652192011,12006195200.0,6.434067343183225e+19,45776.0,1.4483482105419283,1.463142627790326,bin_2
config_1126,1472,25,32,0.0117473844438791,0.8142244219779968,0.9154949188232422,0.0321000888943672,0.0018840652192011,128,75321.0,1.0586778800155184e+20,19745175552,742959616,8,0.0018840652192011,16003891200.0,8.578803309402048e+19,61035.0,1.4325728353125151,1.4472743330627191,bin_2
config_1126,1472,25,32,0.0117473844438791,0.8142244219779968,0.9154949188232422,0.0321000888943672,0.0018840652192011,128,75321.0,1.0586778800155184e+20,19745175552,742959616,8,1.6369619198685834e-05,19739443200.0,1.0586778800155184e+20,75321.0,1.369760171018663,1.3830918924046345,bin_2
config_1129,1536,27,32,0.0174107775092124,0.8687940835952759,0.9572368860244752,0.054926797747612,0.000904927146621,128,64820.0,1.031269445465266e+20,16992299008,841721856,8,0.000904927146621,3997696000.0,2.4276674588636983e+19,15259.0,1.5206499649950715,1.5370694226515098,bin_2
config_1129,1536,27,32,0.0174107775092124,0.8687940835952759,0.9572368860244752,0.054926797747612,0.000904927146621,128,64820.0,1.031269445465266e+20,16992299008,841721856,8,0.000904927146621,7995392000.0,4.855334917727397e+19,30518.0,1.454534135245886,1.46989497002031,bin_2
config_1129,1536,27,32,0.0174107775092124,0.8687940835952759,0.9572368860244752,0.054926797747612,0.000904927146621,128,64820.0,1.031269445465266e+20,16992299008,841721856,8,0.000904927146621,12006195200.0,7.282843279175873e+19,45776.0,1.4258019099470045,1.4407115995102242,bin_2
config_1129,1536,27,32,0.0174107775092124,0.8687940835952759,0.9572368860244752,0.054926797747612,0.000904927146621,128,64820.0,1.031269445465266e+20,16992299008,841721856,8,0.000904927146621,16003891200.0,9.710510738039572e+19,61035.0,1.4081201602787268,1.422687252818561,bin_2
config_1129,1536,27,32,0.0174107775092124,0.8687940835952759,0.9572368860244752,0.054926797747612,0.000904927146621,128,64820.0,1.031269445465266e+20,16992299008,841721856,8,5.083860374275641e-06,16986931200.0,1.031269445465266e+20,64820.0,1.3580405601419383,1.3721174868990162,bin_2
config_1130,1408,30,32,0.0020257038995623,0.9087026715278624,0.9221580028533936,0.16835318505764,4.205034565529786e-05,128,43605.0,6.64111091983901e+19,11430811648,795376384,8,4.205034565529786e-05,3997696000.0,2.3239699925656105e+19,15259.0,1.6527228264730485,1.6710043213211123,bin_2
config_1130,1408,30,32,0.0020257038995623,0.9087026715278624,0.9221580028533936,0.16835318505764,4.205034565529786e-05,128,43605.0,6.64111091983901e+19,11430811648,795376384,8,4.205034565529786e-05,7995392000.0,4.647939985131221e+19,30518.0,1.5499548355184618,1.5665931529881525,bin_2
config_1130,1408,30,32,0.0020257038995623,0.9087026715278624,0.9221580028533936,0.16835318505764,4.205034565529786e-05,128,43605.0,6.64111091983901e+19,11430811648,795376384,8,2.86407476197373e-08,11429478400.0,6.64111091983901e+19,43605.0,1.4821787265285116,1.4979449202779864,bin_2
config_1133,1472,25,32,0.0214067250490188,0.924767792224884,0.9566057920455932,0.0792172774672508,1.8380633264314383e-05,128,79193.0,1.1130950619078879e+20,20760098816,742959616,8,1.8380633264314383e-05,3997696000.0,2.14472460314074e+19,15259.0,1.7909349039148112,1.8106192419568048,bin_2
config_1133,1472,25,32,0.0214067250490188,0.924767792224884,0.9566057920455932,0.0792172774672508,1.8380633264314383e-05,128,79193.0,1.1130950619078879e+20,20760098816,742959616,8,1.8380633264314383e-05,7995392000.0,4.28944920628148e+19,30518.0,1.643379804384513,1.6616607949186544,bin_2
config_1133,1472,25,32,0.0214067250490188,0.924767792224884,0.9566057920455932,0.0792172774672508,1.8380633264314383e-05,128,79193.0,1.1130950619078879e+20,20760098816,742959616,8,1.8380633264314383e-05,12006195200.0,6.434033254693657e+19,45776.0,1.5789559147201602,1.5962463306598975,bin_2
config_1133,1472,25,32,0.0214067250490188,0.924767792224884,0.9566057920455932,0.0792172774672508,1.8380633264314383e-05,128,79193.0,1.1130950619078879e+20,20760098816,742959616,8,1.8380633264314383e-05,16003891200.0,8.578757857834397e+19,61035.0,1.539052296202691,1.5557803839347402,bin_2
config_1133,1472,25,32,0.0214067250490188,0.924767792224884,0.9566057920455932,0.0792172774672508,1.8380633264314383e-05,128,79193.0,1.1130950619078879e+20,20760098816,742959616,8,8.47683278075267e-06,20001587200.0,1.0723482460975137e+20,76294.0,1.498651332298263,1.5146778785791553,bin_2
config_1133,1472,25,32,0.0214067250490188,0.924767792224884,0.9566057920455932,0.0792172774672508,1.8380633264314383e-05,128,79193.0,1.1130950619078879e+20,20760098816,742959616,8,1.2599509490921653e-07,20748697600.0,1.113095061907888e+20,79193.0,1.487146246237833,1.5030245985164017,bin_2
config_1134,1536,25,32,0.0026286968495696,0.8842588663101196,0.9127514958381652,0.211633026599884,0.0025102596264332,128,131155.0,1.9438700673359256e+20,34381631488,785092608,8,0.0025102596264332,3997696000.0,2.261561767182257e+19,15259.0,1.5344478656522562,1.550874884519421,bin_2
config_1134,1536,25,32,0.0026286968495696,0.8842588663101196,0.9127514958381652,0.211633026599884,0.0025102596264332,128,131155.0,1.9438700673359256e+20,34381631488,785092608,8,0.0025102596264332,7995392000.0,4.523123534364514e+19,30518.0,1.461358157533114,1.476737198917592,bin_2
config_1134,1536,25,32,0.0026286968495696,0.8842588663101196,0.9127514958381652,0.211633026599884,0.0025102596264332,128,131155.0,1.9438700673359256e+20,34381631488,785092608,8,0.0025102596264332,12006195200.0,6.784537089883674e+19,45776.0,1.4310308537326877,1.4458206068883177,bin_2
config_1134,1536,25,32,0.0026286968495696,0.8842588663101196,0.9127514958381652,0.211633026599884,0.0025102596264332,128,131155.0,1.9438700673359256e+20,34381631488,785092608,8,0.0025102596264332,16003891200.0,9.04609885706593e+19,61035.0,1.4124722224571666,1.427148732982698,bin_2
config_1134,1536,25,32,0.0026286968495696,0.8842588663101196,0.9127514958381652,0.211633026599884,0.0025102596264332,128,131155.0,1.9438700673359256e+20,34381631488,785092608,8,0.0025102596264332,20001587200.0,1.1307660624248188e+20,76294.0,1.399938935442049,1.4144274853096634,bin_2
config_1134,1536,25,32,0.0026286968495696,0.8842588663101196,0.9127514958381652,0.211633026599884,0.0025102596264332,128,131155.0,1.9438700673359256e+20,34381631488,785092608,8,0.0025102596264332,23999283200.0,1.3569222391430444e+20,91553.0,1.3943584883213045,1.4083141784101236,bin_2
config_1134,1536,25,32,0.0026286968495696,0.8842588663101196,0.9127514958381652,0.211633026599884,0.0025102596264332,128,131155.0,1.9438700673359256e+20,34381631488,785092608,8,0.0022026723303711,27996979200.0,1.58307841586127e+20,106812.0,1.3814476316092443,1.3951425911754858,bin_2
config_1134,1536,25,32,0.0026286968495696,0.8842588663101196,0.9127514958381652,0.211633026599884,0.0025102596264332,128,131155.0,1.9438700673359256e+20,34381631488,785092608,8,0.0008234584918098,31994675200.0,1.809219771413186e+20,122070.0,1.3431631825497894,1.3564107966813883,bin_2
config_1134,1536,25,32,0.0026286968495696,0.8842588663101196,0.9127514958381652,0.211633026599884,0.0025102596264332,128,131155.0,1.9438700673359256e+20,34381631488,785092608,8,4.522012585447301e-07,34380185600.0,1.9438700673359256e+20,131155.0,1.3234622767421065,1.3362135404055235,bin_2
config_1135,1600,28,32,0.0753447189927101,0.9284706115722656,0.9950299859046936,0.2267340570688247,0.0001034798042383,128,55979.0,9.998528251041546e+19,14674720768,952163200,8,0.0001034798042383,3997696000.0,2.725442444178048e+19,15259.0,1.5806723827221354,1.598282820513991,bin_2
config_1135,1600,28,32,0.0753447189927101,0.9284706115722656,0.9950299859046936,0.2267340570688247,0.0001034798042383,128,55979.0,9.998528251041546e+19,14674720768,952163200,8,0.0001034798042383,7995392000.0,5.450884888356096e+19,30518.0,1.4862078433056347,1.5020158242690758,bin_2
config_1135,1600,28,32,0.0753447189927101,0.9284706115722656,0.9950299859046936,0.2267340570688247,0.0001034798042383,128,55979.0,9.998528251041546e+19,14674720768,952163200,8,8.299093344955102e-05,12006195200.0,8.176148720407257e+19,45776.0,1.4356843619170736,1.4510195409763054,bin_2
config_1135,1600,28,32,0.0753447189927101,0.9284706115722656,0.9950299859046936,0.2267340570688247,0.0001034798042383,128,55979.0,9.998528251041546e+19,14674720768,952163200,8,2.3644140583916926e-07,14666956800.0,9.998528251041546e+19,55979.0,1.3854403001070024,1.4001901990077534,bin_2
config_1136,1280,30,40,0.0849883630871772,0.8015949726104736,0.971677839756012,0.2765438854694366,0.0005485871224664,128,138159.0,1.8060902749200974e+20,36217749504,673917440,8,0.0005485871224664,3997696000.0,1.9947402272024093e+19,15259.0,1.5727321845586182,1.5896308526641032,bin_2
config_1136,1280,30,40,0.0849883630871772,0.8015949726104736,0.971677839756012,0.2765438854694366,0.0005485871224664,128,138159.0,1.8060902749200974e+20,36217749504,673917440,8,0.0005485871224664,7995392000.0,3.9894804544048185e+19,30518.0,1.500254597800677,1.5158603100893928,bin_2
config_1136,1280,30,40,0.0849883630871772,0.8015949726104736,0.971677839756012,0.2765438854694366,0.0005485871224664,128,138159.0,1.8060902749200974e+20,36217749504,673917440,8,0.0005485871224664,12006195200.0,5.984089956118847e+19,45776.0,1.480077557768978,1.493979198678595,bin_2
config_1136,1280,30,40,0.0849883630871772,0.8015949726104736,0.971677839756012,0.2765438854694366,0.0005485871224664,128,138159.0,1.8060902749200974e+20,36217749504,673917440,8,0.0005485871224664,16003891200.0,7.978830183321256e+19,61035.0,1.457473090515762,1.4725008455749418,bin_2
config_1136,1280,30,40,0.0849883630871772,0.8015949726104736,0.971677839756012,0.2765438854694366,0.0005485871224664,128,138159.0,1.8060902749200974e+20,36217749504,673917440,8,0.0005485871224664,20001587200.0,9.973570410523664e+19,76294.0,1.4459313853940026,1.4607264263414943,bin_2
config_1136,1280,30,40,0.0849883630871772,0.8015949726104736,0.971677839756012,0.2765438854694366,0.0005485871224664,128,138159.0,1.8060902749200974e+20,36217749504,673917440,8,0.0005485871224664,23999283200.0,1.1968310637726074e+20,91553.0,1.4382406168394402,1.452901384107402,bin_2
config_1136,1280,30,40,0.0849883630871772,0.8015949726104736,0.971677839756012,0.2765438854694366,0.0005485871224664,128,138159.0,1.8060902749200974e+20,36217749504,673917440,8,0.0004502615639391,27996979200.0,1.3963050864928485e+20,106812.0,1.4169412223335172,1.4315525911675124,bin_2
config_1136,1280,30,40,0.0849883630871772,0.8015949726104736,0.971677839756012,0.2765438854694366,0.0005485871224664,128,138159.0,1.8060902749200974e+20,36217749504,673917440,8,0.00023129766681,31994675200.0,1.5957660366642512e+20,122070.0,1.3716186355274231,1.3852921221881616,bin_2
config_1136,1280,30,40,0.0849883630871772,0.8015949726104736,0.971677839756012,0.2765438854694366,0.0005485871224664,128,138159.0,1.8060902749200974e+20,36217749504,673917440,8,1.1615855264096393e-05,36005478400.0,1.7952400593844922e+20,137329.0,1.3191005207378357,1.333601991758972,bin_2
config_1136,1280,30,40,0.0849883630871772,0.8015949726104736,0.971677839756012,0.2765438854694366,0.0005485871224664,128,138159.0,1.8060902749200974e+20,36217749504,673917440,8,1.292245950270093e-07,36215193600.0,1.806090274920097e+20,138159.0,1.3181392450117675,1.3326098086306306,bin_2
config_1137,1344,27,32,0.0013138176873326,0.838649332523346,0.934540629386902,0.1262453645467758,0.0076928930357098,128,30518.0,1.7237260279763436e+20,35845505024,652899072,16,0.0076928930357098,17922752512.0,1.7237260279763436e+20,15259.0,3.384958769688841,3.405795709422377,bin_2
config_1137,1344,27,32,0.0013138176873326,0.838649332523346,0.934540629386902,0.1262453645467758,0.0076928930357098,128,30518.0,1.7237260279763436e+20,35845505024,652899072,16,0.0,35845505024.0,1.7237260279763436e+20,30518.0,3.64737075618056,3.6717704644750375,bin_2
config_1139,1472,30,32,0.0277085490524768,0.9189998507499696,0.934520423412323,0.1952729821205139,0.000286487978883,128,148584.0,2.4715037374400692e+20,38950543360,876749696,8,0.000286487978883,3997696000.0,2.5381383950895124e+19,15259.0,1.5716248369803194,1.5878773784832876,bin_2
config_1139,1472,30,32,0.0277085490524768,0.9189998507499696,0.934520423412323,0.1952729821205139,0.000286487978883,128,148584.0,2.4715037374400692e+20,38950543360,876749696,8,0.000286487978883,7995392000.0,5.076276790179025e+19,30518.0,1.4820509867394556,1.4989128000032703,bin_2
config_1139,1472,30,32,0.0277085490524768,0.9189998507499696,0.934520423412323,0.1952729821205139,0.000286487978883,128,148584.0,2.4715037374400692e+20,38950543360,876749696,8,0.000286487978883,12006195200.0,7.614248848130122e+19,45776.0,1.440589357722001,1.4558528703451157,bin_2
config_1139,1472,30,32,0.0277085490524768,0.9189998507499696,0.934520423412323,0.1952729821205139,0.000286487978883,128,148584.0,2.4715037374400692e+20,38950543360,876749696,8,0.000286487978883,16003891200.0,1.0152387243219635e+20,61035.0,1.4170106059605958,1.431910837781234,bin_2
config_1139,1472,30,32,0.0277085490524768,0.9189998507499696,0.934520423412323,0.1952729821205139,0.000286487978883,128,148584.0,2.4715037374400692e+20,38950543360,876749696,8,0.000286487978883,20001587200.0,1.2690525638309147e+20,76294.0,1.40145965218544,1.4163383138766057,bin_2
config_1139,1472,30,32,0.0277085490524768,0.9189998507499696,0.934520423412323,0.1952729821205139,0.000286487978883,128,148584.0,2.4715037374400692e+20,38950543360,876749696,8,0.000286487978883,23999283200.0,1.522866403339866e+20,91553.0,1.3906796569022977,1.4050802191652236,bin_2
config_1139,1472,30,32,0.0277085490524768,0.9189998507499696,0.934520423412323,0.1952729821205139,0.000286487978883,128,148584.0,2.4715037374400692e+20,38950543360,876749696,8,0.000286487978883,27996979200.0,1.7766802428488175e+20,106812.0,1.3820159844687727,1.3967382846699383,bin_2
config_1139,1472,30,32,0.0277085490524768,0.9189998507499696,0.934520423412323,0.1952729821205139,0.000286487978883,128,148584.0,2.4715037374400692e+20,38950543360,876749696,8,0.0002620001389564,31994675200.0,2.030477448643927e+20,122070.0,1.3710407243400324,1.3854488053771317,bin_2
config_1139,1472,30,32,0.0277085490524768,0.9189998507499696,0.934520423412323,0.1952729821205139,0.000286487978883,128,148584.0,2.4715037374400692e+20,38950543360,876749696,8,0.0001109259652158,36005478400.0,2.2842912881528783e+20,137329.0,1.3323147902723218,1.3463360536977893,bin_2
config_1139,1472,30,32,0.0277085490524768,0.9189998507499696,0.934520423412323,0.1952729821205139,0.000286487978883,128,148584.0,2.4715037374400692e+20,38950543360,876749696,8,3.35720386090315e-07,38941491200.0,2.471503737440069e+20,148584.0,1.3090665867484983,1.322345512626601,bin_2
config_114,1024,24,16,0.181996688246727,0.812188446521759,0.984758734703064,0.0859238505363464,0.0007057221373543,32,6606.0,1196055049949872128,432950176,359815168,8,0.0007057221373543,216268800.0,5.98027524974936e+17,3303.0,2.0267838057729066,2.047617524490982,bin_1
config_114,1024,24,16,0.181996688246727,0.812188446521759,0.984758734703064,0.0859238505363464,0.0007057221373543,32,6606.0,1196055049949872128,432950176,359815168,8,7.467959125442413e-06,432537600.0,1.196055049949872e+18,6606.0,1.818085566895907,1.8374467540764416,bin_1
config_1140,1600,28,32,0.0469226576387882,0.886178195476532,0.9118526577949524,0.1930067092180252,0.0001028006154228,128,110909.0,1.9809631654074778e+20,29074360320,952163200,8,0.0001028006154228,3997696000.0,2.7254340892941693e+19,15259.0,1.600472528289576,1.6166976825917354,bin_2
config_1140,1600,28,32,0.0469226576387882,0.886178195476532,0.9118526577949524,0.1930067092180252,0.0001028006154228,128,110909.0,1.9809631654074778e+20,29074360320,952163200,8,0.0001028006154228,7995392000.0,5.4508681785883386e+19,30518.0,1.5013070520025784,1.5167221921584646,bin_2
config_1140,1600,28,32,0.0469226576387882,0.886178195476532,0.9118526577949524,0.1930067092180252,0.0001028006154228,128,110909.0,1.9809631654074778e+20,29074360320,952163200,8,0.0001028006154228,12006195200.0,8.176123656303159e+19,45776.0,1.4598346261313704,1.4747647452256718,bin_2
config_1140,1600,28,32,0.0469226576387882,0.886178195476532,0.9118526577949524,0.1930067092180252,0.0001028006154228,128,110909.0,1.9809631654074778e+20,29074360320,952163200,8,0.0001028006154228,16003891200.0,1.0901557745597329e+20,61035.0,1.4323948307506371,1.4472695153169943,bin_2
config_1140,1600,28,32,0.0469226576387882,0.886178195476532,0.9118526577949524,0.1930067092180252,0.0001028006154228,128,110909.0,1.9809631654074778e+20,29074360320,952163200,8,0.0001028006154228,20001587200.0,1.3626991834891497e+20,76294.0,1.414277708804021,1.4292787116081989,bin_2
config_1140,1600,28,32,0.0469226576387882,0.886178195476532,0.9118526577949524,0.1930067092180252,0.0001028006154228,128,110909.0,1.9809631654074778e+20,29074360320,952163200,8,9.297006044902324e-05,23999283200.0,1.6352425924185666e+20,91553.0,1.3962452563008323,1.4105657989959248,bin_2
config_1140,1600,28,32,0.0469226576387882,0.886178195476532,0.9118526577949524,0.1930067092180252,0.0001028006154228,128,110909.0,1.9809631654074778e+20,29074360320,952163200,8,1.973314625678168e-05,27996979200.0,1.9077860013479834e+20,106812.0,1.34950785349627,1.3634403737646634,bin_2
config_1140,1600,28,32,0.0469226576387882,0.886178195476532,0.9118526577949524,0.1930067092180252,0.0001028006154228,128,110909.0,1.9809631654074778e+20,29074360320,952163200,8,4.322178542493145e-08,29071769600.0,1.9809631654074778e+20,110909.0,1.3418625096610337,1.3558089698435831,bin_2
config_1141,1408,28,22,0.0014913702616468,0.9394122958183287,0.9773163199424744,0.1039396449923515,0.0026888118591159,128,85547.0,1.2223841221270988e+20,22425663488,747070720,8,0.0026888118591159,3997696000.0,2.180363930884473e+19,15259.0,1.5133622045497426,1.5289407295086346,bin_2
config_1141,1408,28,22,0.0014913702616468,0.9394122958183287,0.9773163199424744,0.1039396449923515,0.0026888118591159,128,85547.0,1.2223841221270988e+20,22425663488,747070720,8,0.0026888118591159,7995392000.0,4.360727861768946e+19,30518.0,1.4458141373220037,1.4606459989508644,bin_2
config_1141,1408,28,22,0.0014913702616468,0.9394122958183287,0.9773163199424744,0.1039396449923515,0.0026888118591159,128,85547.0,1.2223841221270988e+20,22425663488,747070720,8,0.0026888118591159,12006195200.0,6.540948902298161e+19,45776.0,1.4135812387603228,1.4280118000605069,bin_2
config_1141,1408,28,22,0.0014913702616468,0.9394122958183287,0.9773163199424744,0.1039396449923515,0.0026888118591159,128,85547.0,1.2223841221270988e+20,22425663488,747070720,8,0.0026888118591159,16003891200.0,8.721312833182633e+19,61035.0,1.3936683117561652,1.4079555204657257,bin_2
config_1141,1408,28,22,0.0014913702616468,0.9394122958183287,0.9773163199424744,0.1039396449923515,0.0026888118591159,128,85547.0,1.2223841221270988e+20,22425663488,747070720,8,0.0026888118591159,20001587200.0,1.0901676764067106e+20,76294.0,1.379509044289589,1.393561237982062,bin_2
config_1141,1408,28,22,0.0014913702616468,0.9394122958183287,0.9773163199424744,0.1039396449923515,0.0026888118591159,128,85547.0,1.2223841221270988e+20,22425663488,747070720,8,1.4213716947300906e-05,22413312000.0,1.2223841221270988e+20,85547.0,1.336430666573712,1.3498881203815585,bin_2
config_1142,1536,29,24,0.0764983519911766,0.8839116096496582,0.9047577381134032,0.2445402890443802,0.0009290003217756,128,103437.0,1.7582484035254144e+20,27115569152,898351104,8,0.0009290003217756,3997696000.0,2.59376358453883e+19,15259.0,4.998143935750743,5.033577595030676,bin_2
config_1142,1536,29,24,0.0764983519911766,0.8839116096496582,0.9047577381134032,0.2445402890443802,0.0009290003217756,128,103437.0,1.7582484035254144e+20,27115569152,898351104,8,0.0009290003217756,7995392000.0,5.18752716907766e+19,30518.0,1.5103014147770208,1.5238145955664213,bin_2
config_1142,1536,29,24,0.0764983519911766,0.8839116096496582,0.9047577381134032,0.2445402890443802,0.0009290003217756,128,103437.0,1.7582484035254144e+20,27115569152,898351104,8,0.0009290003217756,12006195200.0,7.781120771076053e+19,45776.0,1.5206302147224302,1.5354552711033431,bin_2
config_1142,1536,29,24,0.0764983519911766,0.8839116096496582,0.9047577381134032,0.2445402890443802,0.0009290003217756,128,103437.0,1.7582484035254144e+20,27115569152,898351104,8,0.0009290003217756,16003891200.0,1.0374884355614882e+20,61035.0,1.4781937933163565,1.4925420288961442,bin_2
config_1142,1536,29,24,0.0764983519911766,0.8839116096496582,0.9047577381134032,0.2445402890443802,0.0009290003217756,128,103437.0,1.7582484035254144e+20,27115569152,898351104,8,0.0009290003217756,20001587200.0,1.2968647940153713e+20,76294.0,1.4669864782544433,1.480390621687545,bin_2
config_1142,1536,29,24,0.0764983519911766,0.8839116096496582,0.9047577381134032,0.2445402890443802,0.0009290003217756,128,103437.0,1.7582484035254144e+20,27115569152,898351104,8,0.0004365868120877,23999283200.0,1.5562411524692545e+20,91553.0,1.4022281848504896,1.4153915032011564,bin_2
config_1142,1536,29,24,0.0764983519911766,0.8839116096496582,0.9047577381134032,0.2445402890443802,0.0009290003217756,128,103437.0,1.7582484035254144e+20,27115569152,898351104,8,1.358939349478108e-06,27105689600.0,1.7582484035254144e+20,103437.0,1.3328988657427616,1.3452248182941655,bin_2
config_1145,1600,26,20,0.0055590104311704,0.8425634503364563,0.9195390343666076,0.1651782393455505,0.0002919440448749,64,47539.0,3.9637596664366694e+19,6231113216,889897600,8,0.0002919440448749,3997696000.0,2.544563779219468e+19,30518.0,1.558480184175929,1.574948132487594,bin_2
config_1145,1600,26,20,0.0055590104311704,0.8425634503364563,0.9195390343666076,0.1651782393455505,0.0002919440448749,64,47539.0,3.9637596664366694e+19,6231113216,889897600,8,1.4500532030214236e-06,6225920000.0,3.963759666436669e+19,47539.0,1.4569134744268948,1.4722405775844074,bin_2
config_1146,1408,26,32,0.0122108329087495,0.8776434659957886,0.9748331904411316,0.2769656479358673,0.0007541893864981,128,120712.0,1.6112522414504018e+20,31643930624,698765056,16,0.0007541893864981,3997696000.0,2.036756739370707e+19,15259.0,1.5580079163097944,1.5738586039621325,bin_2
config_1146,1408,26,32,0.0122108329087495,0.8776434659957886,0.9748331904411316,0.2769656479358673,0.0007541893864981,128,120712.0,1.6112522414504018e+20,31643930624,698765056,16,0.0007541893864981,7995392000.0,4.073513478741414e+19,30518.0,1.4819159798934811,1.4963467784396938,bin_2
config_1146,1408,26,32,0.0122108329087495,0.8776434659957886,0.9748331904411316,0.2769656479358673,0.0007541893864981,128,120712.0,1.6112522414504018e+20,31643930624,698765056,16,0.0007541893864981,12006195200.0,6.110136739067665e+19,45776.0,1.4423952561519184,1.4546878995660877,bin_2
config_1146,1408,26,32,0.0122108329087495,0.8776434659957886,0.9748331904411316,0.2769656479358673,0.0007541893864981,128,120712.0,1.6112522414504018e+20,31643930624,698765056,16,0.0007541893864981,16003891200.0,8.146893478438373e+19,61035.0,1.41833101249132,1.4304889394025333,bin_2
config_1146,1408,26,32,0.0122108329087495,0.8776434659957886,0.9748331904411316,0.2769656479358673,0.0007541893864981,128,120712.0,1.6112522414504018e+20,31643930624,698765056,16,0.0007541893864981,20001587200.0,1.018365021780908e+20,76294.0,1.4024520343444389,1.415970570572087,bin_2
config_1146,1408,26,32,0.0122108329087495,0.8776434659957886,0.9748331904411316,0.2769656479358673,0.0007541893864981,128,120712.0,1.6112522414504018e+20,31643930624,698765056,16,0.0006578431755768,23999283200.0,1.2220406957179786e+20,91553.0,1.3858277639013823,1.399095043627942,bin_2
config_1146,1408,26,32,0.0122108329087495,0.8776434659957886,0.9748331904411316,0.2769656479358673,0.0007541893864981,128,120712.0,1.6112522414504018e+20,31643930624,698765056,16,0.0003138301302594,27996979200.0,1.4257163696550494e+20,106812.0,1.3527500104904175,1.3646123844287434,bin_2
config_1146,1408,26,32,0.0122108329087495,0.8776434659957886,0.9748331904411316,0.2769656479358673,0.0007541893864981,128,120712.0,1.6112522414504018e+20,31643930624,698765056,16,2.706987897579602e-07,31640780800.0,1.6112522414504018e+20,120712.0,1.3272720245455132,1.338321683367745,bin_2
config_1149,1280,28,32,0.0582586824893951,0.8294486403465271,0.9503237009048462,0.0550380013883113,1.2940497072122524e-05,64,38789.0,2.379462065374888e+19,5084270592,633280000,8,1.2940497072122524e-05,3997696000.0,1.872088048444426e+19,30518.0,1.794308424777672,1.8135721624288403,bin_2
config_1149,1280,28,32,0.0582586824893951,0.8294486403465271,0.9503237009048462,0.0550380013883113,1.2940497072122524e-05,64,38789.0,2.379462065374888e+19,5084270592,633280000,8,2.364945575505069e-07,5079040000.0,2.379462065374888e+19,38789.0,1.7255870961361244,1.744510256892345,bin_2
config_115,320,18,16,0.025479856878519,0.8448149561882019,0.9132958054542542,0.0742518603801727,3.692114842124283e-05,32,14724.0,374904068261437440,965017152,41168000,16,3.692114842124283e-05,481689600.0,1.8745203413071872e+17,7362.0,2.6685453272118584,2.6958440624211666,bin_0
config_115,320,18,16,0.025479856878519,0.8448149561882019,0.9132958054542542,0.0742518603801727,3.692114842124283e-05,32,14724.0,374904068261437440,965017152,41168000,16,8.10711401747326e-07,963379200.0,3.7490406826143744e+17,14724.0,2.3583214858105874,2.382129545209193,bin_0
config_1150,1408,30,32,0.0026768429670482,0.8665501475334167,0.9141082763671876,0.1754480749368667,0.002138846553862,64,47268.0,3.599526212156444e+19,6195575808,795376384,8,0.002138846553862,3997696000.0,2.3239896112082248e+19,30518.0,2.7469688588673957,2.776730445760196,bin_2
config_1150,1408,30,32,0.0026768429670482,0.8665501475334167,0.9141082763671876,0.1754480749368667,0.002138846553862,64,47268.0,3.599526212156444e+19,6195575808,795376384,8,4.642377664237137e-06,6193152000.0,3.599526212156444e+19,47268.0,2.545324067053248,2.5732922510436325,bin_2
config_1151,1600,28,40,0.0863347575068473,0.9051610827445984,0.97341650724411,0.0344992168247699,4.742826786241494e-05,128,49100.0,8.769789439231918e+19,12871315456,952163200,8,4.742826786241494e-05,3997696000.0,2.7254219359111983e+19,15259.0,1.673733937427646,1.6913062207034375,bin_2
config_1151,1600,28,40,0.0863347575068473,0.9051610827445984,0.97341650724411,0.0344992168247699,4.742826786241494e-05,128,49100.0,8.769789439231918e+19,12871315456,952163200,8,4.742826786241494e-05,7995392000.0,5.450843871822397e+19,30518.0,1.544217165366548,1.5603767156405528,bin_2
config_1151,1600,28,40,0.0863347575068473,0.9051610827445984,0.97341650724411,0.0344992168247699,4.742826786241494e-05,128,49100.0,8.769789439231918e+19,12871315456,952163200,8,4.742826786241494e-05,12006195200.0,8.176087196950718e+19,45776.0,1.4871774592946787,1.502607751117378,bin_2
config_1151,1600,28,40,0.0863347575068473,0.9051610827445984,0.97341650724411,0.0344992168247699,4.742826786241494e-05,128,49100.0,8.769789439231918e+19,12871315456,952163200,8,0.0,12871270400.0,8.769789439231918e+19,49100.0,1.454163091964409,1.4692846490711462,bin_2
config_1152,1408,29,22,0.0978740081191062,0.90768563747406,0.9047139883041382,0.0726541802287101,0.0001644733711145,128,67479.0,9.959705374121578e+19,17689380864,771223552,8,0.0001644733711145,3997696000.0,2.252184298874037e+19,15259.0,1.5706113086078988,1.5870231626659144,bin_2
config_1152,1408,29,22,0.0978740081191062,0.90768563747406,0.9047139883041382,0.0726541802287101,0.0001644733711145,128,67479.0,9.959705374121578e+19,17689380864,771223552,8,0.0001644733711145,7995392000.0,4.504368597748074e+19,30518.0,1.4926551112776898,1.508306068426273,bin_2
config_1152,1408,29,22,0.0978740081191062,0.90768563747406,0.9047139883041382,0.0726541802287101,0.0001644733711145,128,67479.0,9.959705374121578e+19,17689380864,771223552,8,0.0001644733711145,12006195200.0,6.756405299512283e+19,45776.0,1.459714025151534,1.4744493470133329,bin_2
config_1152,1408,29,22,0.0978740081191062,0.90768563747406,0.9047139883041382,0.0726541802287101,0.0001644733711145,128,67479.0,9.959705374121578e+19,17689380864,771223552,8,0.0001644733711145,16003891200.0,9.00858959838632e+19,61035.0,1.4397788546906145,1.4547461130189114,bin_2
config_1152,1408,29,22,0.0978740081191062,0.90768563747406,0.9047139883041382,0.0726541802287101,0.0001644733711145,128,67479.0,9.959705374121578e+19,17689380864,771223552,8,9.730166793804303e-07,17681612800.0,9.959705374121578e+19,67479.0,1.3787708986587213,1.3941314488063092,bin_2
config_1154,1472,28,32,0.0688674598932266,0.9132232069969176,0.9851834177970886,0.2347949892282486,1.0795189155032858e-05,128,118955.0,1.8559900869289103e+20,31183556608,823233664,8,1.0795189155032858e-05,3997696000.0,2.3807786756713247e+19,15259.0,1.91649500708111,1.9372408282952231,bin_2
config_1154,1472,28,32,0.0688674598932266,0.9132232069969176,0.9851834177970886,0.2347949892282486,1.0795189155032858e-05,128,118955.0,1.8559900869289103e+20,31183556608,823233664,8,1.0795189155032858e-05,7995392000.0,4.761557351342649e+19,30518.0,1.7204190551648375,1.7397705468975129,bin_2
config_1154,1472,28,32,0.0688674598932266,0.9132232069969176,0.9851834177970886,0.2347949892282486,1.0795189155032858e-05,128,118955.0,1.8559900869289103e+20,31183556608,823233664,8,1.0795189155032858e-05,12006195200.0,7.142180002459568e+19,45776.0,1.6385622464633378,1.6568656878784054,bin_2
config_1154,1472,28,32,0.0688674598932266,0.9132232069969176,0.9851834177970886,0.2347949892282486,1.0795189155032858e-05,128,118955.0,1.8559900869289103e+20,31183556608,823233664,8,1.0795189155032858e-05,16003891200.0,9.522958678130893e+19,61035.0,1.5895809919130606,1.6072711943993805,bin_2
config_1154,1472,28,32,0.0688674598932266,0.9132232069969176,0.9851834177970886,0.2347949892282486,1.0795189155032858e-05,128,118955.0,1.8559900869289103e+20,31183556608,823233664,8,1.0795189155032858e-05,20001587200.0,1.1903737353802216e+20,76294.0,1.5556453079571488,1.5726044579412115,bin_2
config_1154,1472,28,32,0.0688674598932266,0.9132232069969176,0.9851834177970886,0.2347949892282486,1.0795189155032858e-05,128,118955.0,1.8559900869289103e+20,31183556608,823233664,8,1.059227206565254e-05,23999283200.0,1.4284516029473545e+20,91553.0,1.529695951616178,1.5461731084057542,bin_2
config_1154,1472,28,32,0.0688674598932266,0.9132232069969176,0.9851834177970886,0.2347949892282486,1.0795189155032858e-05,128,118955.0,1.8559900869289103e+20,31183556608,823233664,8,4.698013755081432e-06,27996979200.0,1.6665294705144866e+20,106812.0,1.499176833483039,1.5150171618481152,bin_2
config_1154,1472,28,32,0.0688674598932266,0.9132232069969176,0.9851834177970886,0.2347949892282486,1.0795189155032858e-05,128,118955.0,1.8559900869289103e+20,31183556608,823233664,8,1.9325437083837435e-09,31182028800.0,1.8559900869289103e+20,118955.0,1.4843658459479692,1.5001548017439297,bin_2
config_1155,1408,25,32,0.0165137741714715,0.9694600701332092,0.9289296865463256,0.1274682879447937,0.0001781659084372,128,57628.0,7.421079748290596e+19,15107084288,674612224,16,0.0001781659084372,3997696000.0,1.964986740458913e+19,15259.0,1.5694494141125288,1.5860861226378895,bin_2
config_1155,1408,25,32,0.0165137741714715,0.9694600701332092,0.9289296865463256,0.1274682879447937,0.0001781659084372,128,57628.0,7.421079748290596e+19,15107084288,674612224,16,0.0001781659084372,7995392000.0,3.929973480917825e+19,30518.0,1.4886789998070138,1.5045290001103135,bin_2
config_1155,1408,25,32,0.0165137741714715,0.9694600701332092,0.9289296865463256,0.1274682879447937,0.0001781659084372,128,57628.0,7.421079748290596e+19,15107084288,674612224,16,0.0001781659084372,12006195200.0,5.894831445785908e+19,45776.0,1.4512537022496834,1.464839068905252,bin_2
config_1155,1408,25,32,0.0165137741714715,0.9694600701332092,0.9289296865463256,0.1274682879447937,0.0001781659084372,128,57628.0,7.421079748290596e+19,15107084288,674612224,16,6.791893037770113e-07,15099494400.0,7.421079748290596e+19,57628.0,1.3947419468105815,1.4073494722413236,bin_2
config_1156,1536,25,32,0.0259865652769804,0.9643346071243286,0.9816211462020874,0.2626420855522156,0.0030192544218152,128,79165.0,1.1733181128728012e+20,20752719872,785092608,8,0.0030192544218152,3997696000.0,2.261562696182161e+19,15259.0,3.420571961285638,3.457048206720196,bin_2
config_1156,1536,25,32,0.0259865652769804,0.9643346071243286,0.9816211462020874,0.2626420855522156,0.0030192544218152,128,79165.0,1.1733181128728012e+20,20752719872,785092608,8,0.0030192544218152,7995392000.0,4.523125392364321e+19,30518.0,3.500564453171902,3.5370415435071854,bin_2
config_1156,1536,25,32,0.0259865652769804,0.9643346071243286,0.9816211462020874,0.2626420855522156,0.0030192544218152,128,79165.0,1.1733181128728012e+20,20752719872,785092608,8,0.0030192544218152,12006195200.0,6.784539876822504e+19,45776.0,3.34852171209992,3.384191011600807,bin_2
config_1156,1536,25,32,0.0259865652769804,0.9643346071243286,0.9816211462020874,0.2626420855522156,0.0030192544218152,128,79165.0,1.1733181128728012e+20,20752719872,785092608,8,0.0026305210586371,16003891200.0,9.046102573004664e+19,61035.0,3.319022164657468,3.3536049338637803,bin_2
config_1156,1536,25,32,0.0259865652769804,0.9643346071243286,0.9816211462020874,0.2626420855522156,0.0030192544218152,128,79165.0,1.1733181128728012e+20,20752719872,785092608,8,0.0004160332781118,20001587200.0,1.1307665269186824e+20,76294.0,3.0489909143526046,3.081674975528092,bin_2
config_1156,1536,25,32,0.0259865652769804,0.9643346071243286,0.9816211462020874,0.2626420855522156,0.0030192544218152,128,79165.0,1.1733181128728012e+20,20752719872,785092608,8,2.1781847021561627e-06,20748697600.0,1.1733181128728012e+20,79165.0,3.011310223868636,3.0437258011786663,bin_2
config_1157,1600,26,40,0.0222057234495878,0.9048466682434082,0.9821698069572448,0.0595204569399356,0.0008857860811986,128,143804.0,2.398031959780098e+20,37697564672,889897600,8,0.0008857860811986,3997696000.0,2.5445446353567715e+19,15259.0,1.5279437865878716,1.5448331731655558,bin_2
config_1157,1600,26,40,0.0222057234495878,0.9048466682434082,0.9821698069572448,0.0595204569399356,0.0008857860811986,128,143804.0,2.398031959780098e+20,37697564672,889897600,8,0.0008857860811986,7995392000.0,5.089089270713543e+19,30518.0,1.4515276714621996,1.4668993250952391,bin_2
config_1157,1600,26,40,0.0222057234495878,0.9048466682434082,0.9821698069572448,0.0595204569399356,0.0008857860811986,128,143804.0,2.398031959780098e+20,37697564672,889897600,8,0.0008857860811986,12006195200.0,7.63346714909834e+19,45776.0,1.4207295648680358,1.4356052335657057,bin_2
config_1157,1600,26,40,0.0222057234495878,0.9048466682434082,0.9821698069572448,0.0595204569399356,0.0008857860811986,128,143804.0,2.398031959780098e+20,37697564672,889897600,8,0.0008857860811986,16003891200.0,1.0178011784455112e+20,61035.0,1.4024594846807543,1.4171824341132992,bin_2
config_1157,1600,26,40,0.0222057234495878,0.9048466682434082,0.9821698069572448,0.0595204569399356,0.0008857860811986,128,143804.0,2.398031959780098e+20,37697564672,889897600,8,0.0008857860811986,20001587200.0,1.2722556419811883e+20,76294.0,1.390310664128085,1.405115182057756,bin_2
config_1157,1600,26,40,0.0222057234495878,0.9048466682434082,0.9821698069572448,0.0595204569399356,0.0008857860811986,128,143804.0,2.398031959780098e+20,37697564672,889897600,8,0.0008857860811986,23999283200.0,1.5267101055168653e+20,91553.0,1.3825496547437106,1.3970637572984226,bin_2
config_1157,1600,26,40,0.0222057234495878,0.9048466682434082,0.9821698069572448,0.0595204569399356,0.0008857860811986,128,143804.0,2.398031959780098e+20,37697564672,889897600,8,0.0008857860811986,27996979200.0,1.7811645690525427e+20,106812.0,1.3761959420168983,1.390575080582353,bin_2
config_1157,1600,26,40,0.0222057234495878,0.9048466682434082,0.9821698069572448,0.0595204569399356,0.0008857860811986,128,143804.0,2.398031959780098e+20,37697564672,889897600,8,0.0008857860811986,31994675200.0,2.0356023568910225e+20,122070.0,1.3710658191266607,1.3857452212884778,bin_2
config_1157,1600,26,40,0.0222057234495878,0.9048466682434082,0.9821698069572448,0.0595204569399356,0.0008857860811986,128,143804.0,2.398031959780098e+20,37697564672,889897600,8,0.0006679358999948,36005478400.0,2.2900568204266992e+20,137329.0,1.3546256636889251,1.3689269068006609,bin_2
config_1157,1600,26,40,0.0222057234495878,0.9048466682434082,0.9821698069572448,0.0595204569399356,0.0008857860811986,128,143804.0,2.398031959780098e+20,37697564672,889897600,8,4.139670901734567e-07,37696307200.0,2.398031959780098e+20,143804.0,1.3095657675188097,1.323081294298172,bin_2
config_1158,1600,27,32,0.001623939606361,0.9818242192268372,0.9073440432548524,0.1138289868831634,8.087132300715894e-05,128,87519.0,1.5113163097441567e+20,22942748672,921030400,8,8.087132300715894e-05,3997696000.0,2.6349907529092067e+19,15259.0,1.5859177844446213,1.6028828213058537,bin_2
config_1158,1600,27,32,0.001623939606361,0.9818242192268372,0.9073440432548524,0.1138289868831634,8.087132300715894e-05,128,87519.0,1.5113163097441567e+20,22942748672,921030400,8,8.087132300715894e-05,7995392000.0,5.2699815058184135e+19,30518.0,1.4906875961823542,1.50621474295366,bin_2
config_1158,1600,27,32,0.001623939606361,0.9818242192268372,0.9073440432548524,0.1138289868831634,8.087132300715894e-05,128,87519.0,1.5113163097441567e+20,22942748672,921030400,8,8.087132300715894e-05,12006195200.0,7.904799574360826e+19,45776.0,1.4466494275018815,1.4616073243539842,bin_2
config_1158,1600,27,32,0.001623939606361,0.9818242192268372,0.9073440432548524,0.1138289868831634,8.087132300715894e-05,128,87519.0,1.5113163097441567e+20,22942748672,921030400,8,8.087132300715894e-05,16003891200.0,1.0539790327270031e+20,61035.0,1.4177650896349892,1.432726589929862,bin_2
config_1158,1600,27,32,0.001623939606361,0.9818242192268372,0.9073440432548524,0.1138289868831634,8.087132300715894e-05,128,87519.0,1.5113163097441567e+20,22942748672,921030400,8,8.087132300715894e-05,20001587200.0,1.317478108017924e+20,76294.0,1.3969229314854887,1.4117219510137058,bin_2
config_1158,1600,27,32,0.001623939606361,0.9818242192268372,0.9073440432548524,0.1138289868831634,8.087132300715894e-05,128,87519.0,1.5113163097441567e+20,22942748672,921030400,8,1.5424163191487446e-07,22937600000.0,1.5113163097441567e+20,87519.0,1.3558952574065477,1.3701403269220571,bin_2
config_1159,1600,27,32,0.1691129803657531,0.9523060917854308,0.9235618710517884,0.2460032403469085,0.0048772511072456,128,125750.0,2.171498786540421e+20,32964741120,921030400,8,0.0048772511072456,3997696000.0,2.634982106069208e+19,15259.0,3.301437265247595,3.335211774872952,bin_2
config_1159,1600,27,32,0.1691129803657531,0.9523060917854308,0.9235618710517884,0.2460032403469085,0.0048772511072456,128,125750.0,2.171498786540421e+20,32964741120,921030400,8,0.0048772511072456,7995392000.0,5.269964212138416e+19,30518.0,3.76879218128861,3.8044271735676,bin_2
config_1159,1600,27,32,0.1691129803657531,0.9523060917854308,0.9235618710517884,0.2460032403469085,0.0048772511072456,128,125750.0,2.171498786540421e+20,32964741120,921030400,8,0.0048772511072456,12006195200.0,7.904773634407501e+19,45776.0,3.804185695179173,3.829216524108512,bin_2
config_1159,1600,27,32,0.1691129803657531,0.9523060917854308,0.9235618710517884,0.2460032403469085,0.0048772511072456,128,125750.0,2.171498786540421e+20,32964741120,921030400,8,0.0048772511072456,16003891200.0,1.0539755740476708e+20,61035.0,3.776117107477345,3.806514769343079,bin_2
config_1159,1600,27,32,0.1691129803657531,0.9523060917854308,0.9235618710517884,0.2460032403469085,0.0048772511072456,128,125750.0,2.171498786540421e+20,32964741120,921030400,8,0.0048772511072456,20001587200.0,1.3174737846545916e+20,76294.0,4.056766909263173,4.063117747971269,bin_2
config_1159,1600,27,32,0.1691129803657531,0.9523060917854308,0.9235618710517884,0.2460032403469085,0.0048772511072456,128,125750.0,2.171498786540421e+20,32964741120,921030400,8,0.0048772511072456,23999283200.0,1.5809719952615126e+20,91553.0,3.8328173352460393,3.846706021848272,bin_2
config_1159,1600,27,32,0.1691129803657531,0.9523060917854308,0.9235618710517884,0.2460032403469085,0.0048772511072456,128,125750.0,2.171498786540421e+20,32964741120,921030400,8,0.002987777477284,27996979200.0,1.844470205868433e+20,106812.0,3.5121338851725468,3.549508502483368,bin_2
config_1159,1600,27,32,0.1691129803657531,0.9523060917854308,0.9235618710517884,0.2460032403469085,0.0048772511072456,128,125750.0,2.171498786540421e+20,32964741120,921030400,8,0.0005833655232691,31994675200.0,2.1079511480953412e+20,122070.0,3.618538917127202,3.654648069123753,bin_2
config_1159,1600,27,32,0.1691129803657531,0.9523060917854308,0.9235618710517884,0.2460032403469085,0.0048772511072456,128,125750.0,2.171498786540421e+20,32964741120,921030400,8,0.0,32964608000.0,2.171498786540421e+20,125750.0,3.51023273323403,3.5465385302950123,bin_2
config_116,640,8,10,0.0024595244321972,0.8885137438774109,0.983272135257721,0.2443785518407821,9.258812497137114e-05,64,10309.0,760360779470929920,1351303936,72820480,16,9.258812497137114e-05,675020800.0,3.801435112419413e+17,5154.0,2.054582577932613,2.076336073706484,bin_0
config_116,640,8,10,0.0024595244321972,0.8885137438774109,0.983272135257721,0.2443785518407821,9.258812497137114e-05,64,10309.0,760360779470929920,1351303936,72820480,16,3.3080314598743813e-07,1350041600.0,7.603607794709299e+17,10309.0,1.891634681291694,1.9116127483323,bin_0
config_1160,1280,26,40,0.0775074213743209,0.8918365240097046,0.9520190954208374,0.0791796520352363,2.3980572223081253e-05,128,123428.0,1.4150419392217743e+20,32356110336,592642560,16,2.3980572223081253e-05,3997696000.0,1.7493700740986692e+19,15259.0,1.804142215838198,1.8242133073337743,bin_2
config_1160,1280,26,40,0.0775074213743209,0.8918365240097046,0.9520190954208374,0.0791796520352363,2.3980572223081253e-05,128,123428.0,1.4150419392217743e+20,32356110336,592642560,16,2.3980572223081253e-05,7995392000.0,3.4987401481973383e+19,30518.0,1.6527578132269811,1.6705626352888638,bin_2
config_1160,1280,26,40,0.0775074213743209,0.8918365240097046,0.9520190954208374,0.0791796520352363,2.3980572223081253e-05,128,123428.0,1.4150419392217743e+20,32356110336,592642560,16,2.3980572223081253e-05,12006195200.0,5.247995577163686e+19,45776.0,1.5868750852053282,1.6025138659946254,bin_2
config_1160,1280,26,40,0.0775074213743209,0.8918365240097046,0.9520190954208374,0.0791796520352363,2.3980572223081253e-05,128,123428.0,1.4150419392217743e+20,32356110336,592642560,16,2.3980572223081253e-05,16003891200.0,6.997365651262355e+19,61035.0,1.5464552909819806,1.560969249928584,bin_2
config_1160,1280,26,40,0.0775074213743209,0.8918365240097046,0.9520190954208374,0.0791796520352363,2.3980572223081253e-05,128,123428.0,1.4150419392217743e+20,32356110336,592642560,16,2.3980572223081253e-05,20001587200.0,8.746735725361024e+19,76294.0,1.5169869802037224,1.5317313294332535,bin_2
config_1160,1280,26,40,0.0775074213743209,0.8918365240097046,0.9520190954208374,0.0791796520352363,2.3980572223081253e-05,128,123428.0,1.4150419392217743e+20,32356110336,592642560,16,2.3980572223081253e-05,23999283200.0,1.0496105799459694e+20,91553.0,1.4952342264769507,1.5096110972810963,bin_2
config_1160,1280,26,40,0.0775074213743209,0.8918365240097046,0.9520190954208374,0.0791796520352363,2.3980572223081253e-05,128,123428.0,1.4150419392217743e+20,32356110336,592642560,16,2.3980572223081253e-05,27996979200.0,1.2245475873558364e+20,106812.0,1.4777258645901914,1.4920719902241817,bin_2
config_1160,1280,26,40,0.0775074213743209,0.8918365240097046,0.9520190954208374,0.0791796520352363,2.3980572223081253e-05,128,123428.0,1.4150419392217743e+20,32356110336,592642560,16,3.381623876730042e-06,31994675200.0,1.399473130252471e+20,122070.0,1.4432764163564462,1.4569970230196343,bin_2
config_1160,1280,26,40,0.0775074213743209,0.8918365240097046,0.9520190954208374,0.0791796520352363,2.3980572223081253e-05,128,123428.0,1.4150419392217743e+20,32356110336,592642560,16,6.871224132688072e-08,32348569600.0,1.4150419392217743e+20,123428.0,1.440970447102531,1.454537655095585,bin_2
config_1161,1408,26,32,0.0021545889321714,0.8116655945777893,0.9145359396934508,0.262926310300827,3.1499777833232656e-05,128,137547.0,1.8359660607559434e+20,36057161728,698765056,16,3.1499777833232656e-05,3997696000.0,2.0367587894374244e+19,15259.0,1.7476285646000846,1.765578501419943,bin_2
config_1161,1408,26,32,0.0021545889321714,0.8116655945777893,0.9145359396934508,0.262926310300827,3.1499777833232656e-05,128,137547.0,1.8359660607559434e+20,36057161728,698765056,16,3.1499777833232656e-05,7995392000.0,4.073517578874849e+19,30518.0,1.6071489230922011,1.6244623655960209,bin_2
config_1161,1408,26,32,0.0021545889321714,0.8116655945777893,0.9145359396934508,0.262926310300827,3.1499777833232656e-05,128,137547.0,1.8359660607559434e+20,36057161728,698765056,16,3.1499777833232656e-05,12006195200.0,6.110142889133465e+19,45776.0,1.5488657970506636,1.5636734582947902,bin_2
config_1161,1408,26,32,0.0021545889321714,0.8116655945777893,0.9145359396934508,0.262926310300827,3.1499777833232656e-05,128,137547.0,1.8359660607559434e+20,36057161728,698765056,16,3.1499777833232656e-05,16003891200.0,8.14690167857089e+19,61035.0,1.513236267644851,1.5272914780163374,bin_2
config_1161,1408,26,32,0.0021545889321714,0.8116655945777893,0.9145359396934508,0.262926310300827,3.1499777833232656e-05,128,137547.0,1.8359660607559434e+20,36057161728,698765056,16,3.1499777833232656e-05,20001587200.0,1.0183660468008314e+20,76294.0,1.4872205167911092,1.501651017392268,bin_2
config_1161,1408,26,32,0.0021545889321714,0.8116655945777893,0.9145359396934508,0.262926310300827,3.1499777833232656e-05,128,137547.0,1.8359660607559434e+20,36057161728,698765056,16,3.1499777833232656e-05,23999283200.0,1.2220419257445736e+20,91553.0,1.4678664771064382,1.482166274961878,bin_2
config_1161,1408,26,32,0.0021545889321714,0.8116655945777893,0.9145359396934508,0.262926310300827,3.1499777833232656e-05,128,137547.0,1.8359660607559434e+20,36057161728,698765056,16,2.6781430954496308e-05,27996979200.0,1.4257178046883162e+20,106812.0,1.449035213658067,1.462861392028996,bin_2
config_1161,1408,26,32,0.0021545889321714,0.8116655945777893,0.9145359396934508,0.262926310300827,3.1499777833232656e-05,128,137547.0,1.8359660607559434e+20,36057161728,698765056,16,1.3498287166287093e-05,31994675200.0,1.629380335714178e+20,122070.0,1.426318889914966,1.4397442352185483,bin_2
config_1161,1408,26,32,0.0021545889321714,0.8116655945777893,0.9145359396934508,0.262926310300827,3.1499777833232656e-05,128,137547.0,1.8359660607559434e+20,36057161728,698765056,16,1.7159208696899432e-07,36005478400.0,1.83305621465792e+20,137329.0,1.40895640435766,1.4235699364005543,bin_2
config_1161,1408,26,32,0.0021545889321714,0.8116655945777893,0.9145359396934508,0.262926310300827,3.1499777833232656e-05,128,137547.0,1.8359660607559434e+20,36057161728,698765056,16,4.0938213642348624e-08,36044800000.0,1.8359660607559438e+20,137547.0,1.4089319128482067,1.423545124218112,bin_2
config_1166,1536,28,24,0.0018297106726095,0.9244229197502136,0.9494657516479492,0.2521844804286957,0.000161735311849,128,131274.0,2.1599814090021352e+20,34412920832,870036480,8,0.000161735311849,3997696000.0,2.510714712735468e+19,15259.0,1.5621257652806455,1.5789169297061982,bin_2
config_1166,1536,28,24,0.0018297106726095,0.9244229197502136,0.9494657516479492,0.2521844804286957,0.000161735311849,128,131274.0,2.1599814090021352e+20,34412920832,870036480,8,0.000161735311849,7995392000.0,5.021429425470936e+19,30518.0,1.4694395990840723,1.4847398646639995,bin_2
config_1166,1536,28,24,0.0018297106726095,0.9244229197502136,0.9494657516479492,0.2521844804286957,0.000161735311849,128,131274.0,2.1599814090021352e+20,34412920832,870036480,8,0.000161735311849,12006195200.0,7.53197959828159e+19,45776.0,1.429016240415026,1.443712039912333,bin_2
config_1166,1536,28,24,0.0018297106726095,0.9244229197502136,0.9494657516479492,0.2521844804286957,0.000161735311849,128,131274.0,2.1599814090021352e+20,34412920832,870036480,8,0.000161735311849,16003891200.0,1.0042694311017056e+20,61035.0,1.4044879279371167,1.4192571993245453,bin_2
config_1166,1536,28,24,0.0018297106726095,0.9244229197502136,0.9494657516479492,0.2521844804286957,0.000161735311849,128,131274.0,2.1599814090021352e+20,34412920832,870036480,8,0.000161735311849,20001587200.0,1.2553409023752526e+20,76294.0,1.3871491834961,1.401498490620832,bin_2
config_1166,1536,28,24,0.0018297106726095,0.9244229197502136,0.9494657516479492,0.2521844804286957,0.000161735311849,128,131274.0,2.1599814090021352e+20,34412920832,870036480,8,0.000161735311849,23999283200.0,1.5064123736487995e+20,91553.0,1.3739239047589848,1.3883279720095338,bin_2
config_1166,1536,28,24,0.0018297106726095,0.9244229197502136,0.9494657516479492,0.2521844804286957,0.000161735311849,128,131274.0,2.1599814090021352e+20,34412920832,870036480,8,0.0001195683438209,27996979200.0,1.757483844922346e+20,106812.0,1.3531510312537678,1.3671536423241506,bin_2
config_1166,1536,28,24,0.0018297106726095,0.9244229197502136,0.9494657516479492,0.2521844804286957,0.000161735311849,128,131274.0,2.1599814090021352e+20,34412920832,870036480,8,4.5064084473510666e-05,31994675200.0,2.0085388622034115e+20,122070.0,1.3258256292831705,1.3395254558813376,bin_2
config_1166,1536,28,24,0.0018297106726095,0.9244229197502136,0.9494657516479492,0.2521844804286957,0.000161735311849,128,131274.0,2.1599814090021352e+20,34412920832,870036480,8,1.1725260487470652e-07,34406400000.0,2.1599814090021352e+20,131274.0,1.3143121413813263,1.3279438761707212,bin_2
config_1168,1472,24,32,0.0242152549326419,0.8496396541595459,0.9982829689979552,0.1009202450513839,0.0088915461674332,128,19808.0,2.6820806979325133e+19,5192801280,716201600,16,0.0088915461674332,3997696000.0,2.066128300169236e+19,15259.0,3.769954569926028,3.762014264356895,bin_2
config_1168,1472,24,32,0.0242152549326419,0.8496396541595459,0.9982829689979552,0.1009202450513839,0.0088915461674332,128,19808.0,2.6820806979325133e+19,5192801280,716201600,16,3.5583976658062205e-05,5190451200.0,2.6820806979325133e+19,19808.0,3.510540919772914,3.5460950759981498,bin_2
config_1169,1280,25,32,0.0122439851984381,0.9872084856033324,0.9653646945953368,0.1644123792648315,6.760216638213024e-05,128,59873.0,6.623501363927581e+19,15695562752,572323840,16,6.760216638213024e-05,3997696000.0,1.6880398061258156e+19,15259.0,1.6281032281234615,1.6460365540082338,bin_2
config_1169,1280,25,32,0.0122439851984381,0.9872084856033324,0.9653646945953368,0.1644123792648315,6.760216638213024e-05,128,59873.0,6.623501363927581e+19,15695562752,572323840,16,6.760216638213024e-05,7995392000.0,3.3760796122516312e+19,30518.0,1.5319749695746625,1.548552846009614,bin_2
config_1169,1280,25,32,0.0122439851984381,0.9872084856033324,0.9653646945953368,0.1644123792648315,6.760216638213024e-05,128,59873.0,6.623501363927581e+19,15695562752,572323840,16,6.760216638213024e-05,12006195200.0,5.064008792530004e+19,45776.0,1.4873294830713115,1.5006017661876363,bin_2
config_1169,1280,25,32,0.0122439851984381,0.9872084856033324,0.9653646945953368,0.1644123792648315,6.760216638213024e-05,128,59873.0,6.623501363927581e+19,15695562752,572323840,16,1.57965033708115e-07,15689318400.0,6.623501363927581e+19,59873.0,1.4340322909198824,1.446564989715326,bin_2
config_117,320,21,10,0.0014648116193711,0.819384753704071,0.9335467219352722,0.029724420979619,0.0001138764273491,64,61953.0,3549837203958988800,8120313344,45347840,16,0.0001138764273491,1592524800.0,6.973846078379555e+17,12171.0,1.9921140818126863,2.0135044174897865,bin_1
config_117,320,21,10,0.0014648116193711,0.819384753704071,0.9335467219352722,0.029724420979619,0.0001138764273491,64,61953.0,3549837203958988800,8120313344,45347840,16,0.0001138764273491,3191603200.0,1.394769215675911e+18,24342.0,1.865535426296172,1.886129791150328,bin_1
config_117,320,21,10,0.0014648116193711,0.819384753704071,0.9335467219352722,0.029724420979619,0.0001138764273491,64,61953.0,3549837203958988800,8120313344,45347840,16,0.0001138764273491,4784128000.0,2.092211122388884e+18,36514.0,1.817157352869628,1.83586888387555,bin_1
config_117,320,21,10,0.0014648116193711,0.819384753704071,0.9335467219352722,0.029724420979619,0.0001138764273491,64,61953.0,3549837203958988800,8120313344,45347840,16,0.0001138764273491,6383206400.0,2.78959573022684e+18,48685.0,1.7897042277601898,1.808354703129315,bin_1
config_117,320,21,10,0.0014648116193711,0.819384753704071,0.9335467219352722,0.029724420979619,0.0001138764273491,64,61953.0,3549837203958988800,8120313344,45347840,16,6.822688721680239e-05,7975731200.0,3.4869803380647946e+18,60856.0,1.760445638250132,1.778742823209919,bin_1
config_117,320,21,10,0.0014648116193711,0.819384753704071,0.9335467219352722,0.029724420979619,0.0001138764273491,64,61953.0,3549837203958988800,8120313344,45347840,16,1.8556723631043897e-07,8119910400.0,3.549837203958989e+18,61953.0,1.74453233492179,1.7625845413129837,bin_1
config_1170,1280,26,32,0.0039573535323143,0.8140636682510376,0.9145601391792296,0.1170758157968521,1.1896721844095737e-05,128,64883.0,7.438539362661827e+19,17008838656,592642560,16,1.1896721844095737e-05,3997696000.0,1.7493745994306183e+19,15259.0,1.931916079403924,1.952863130608543,bin_2
config_1170,1280,26,32,0.0039573535323143,0.8140636682510376,0.9145601391792296,0.1170758157968521,1.1896721844095737e-05,128,64883.0,7.438539362661827e+19,17008838656,592642560,16,1.1896721844095737e-05,7995392000.0,3.4987491988612366e+19,30518.0,1.7549325039738517,1.7741075555613783,bin_2
config_1170,1280,26,32,0.0039573535323143,0.8140636682510376,0.9145601391792296,0.1170758157968521,1.1896721844095737e-05,128,64883.0,7.438539362661827e+19,17008838656,592642560,16,1.1896721844095737e-05,12006195200.0,5.248009152862965e+19,45776.0,1.6782827192838077,1.6949423909578167,bin_2
config_1170,1280,26,32,0.0039573535323143,0.8140636682510376,0.9145601391792296,0.1170758157968521,1.1896721844095737e-05,128,64883.0,7.438539362661827e+19,17008838656,592642560,16,6.003177307585434e-06,16003891200.0,6.997383752293584e+19,61035.0,1.6218721120865618,1.6377314979912805,bin_2
config_1170,1280,26,32,0.0039573535323143,0.8140636682510376,0.9145601391792296,0.1170758157968521,1.1896721844095737e-05,128,64883.0,7.438539362661827e+19,17008838656,592642560,16,5.168402064970383e-08,17000038400.0,7.438539362661827e+19,64883.0,1.6077599630981194,1.6234624515595983,bin_2
config_1172,1536,28,24,0.0054253111593425,0.9143428802490234,0.9069022536277772,0.2548514306545257,0.0091821616515517,64,55775.0,4.5886324858225164e+19,7310629888,870036480,8,0.0091821616515517,3997696000.0,2.510728573775554e+19,30518.0,3.817005454008696,3.805659669266373,bin_2
config_1172,1536,28,24,0.0054253111593425,0.9143428802490234,0.9069022536277772,0.2548514306545257,0.0091821616515517,64,55775.0,4.5886324858225164e+19,7310629888,870036480,8,1.6149855163134774e-05,7307264000.0,4.5886324858225164e+19,55775.0,4.621264545800256,4.624656248952522,bin_2
config_1173,1408,24,22,0.0026379714254289,0.8789622187614441,0.909326672554016,0.104574829339981,0.0001410482800565,128,109148.0,1.3541877930424585e+20,28612737024,650459392,16,0.0001410482800565,3997696000.0,1.893168132630453e+19,15259.0,1.5941922516900986,1.6113945027648426,bin_2
config_1173,1408,24,22,0.0026379714254289,0.8789622187614441,0.909326672554016,0.104574829339981,0.0001410482800565,128,109148.0,1.3541877930424585e+20,28612737024,650459392,16,0.0001410482800565,7995392000.0,3.786336265260907e+19,30518.0,1.5055196992686537,1.521676906015052,bin_2
config_1173,1408,24,22,0.0026379714254289,0.8789622187614441,0.909326672554016,0.104574829339981,0.0001410482800565,128,109148.0,1.3541877930424585e+20,28612737024,650459392,16,0.0001410482800565,12006195200.0,5.67938032893975e+19,45776.0,1.4672835757693306,1.4815180895367608,bin_2
config_1173,1408,24,22,0.0026379714254289,0.8789622187614441,0.909326672554016,0.104574829339981,0.0001410482800565,128,109148.0,1.3541877930424585e+20,28612737024,650459392,16,0.0001410482800565,16003891200.0,7.572548461570204e+19,61035.0,1.4439641631235842,1.4577090867621,bin_2
config_1173,1408,24,22,0.0026379714254289,0.8789622187614441,0.909326672554016,0.104574829339981,0.0001410482800565,128,109148.0,1.3541877930424585e+20,28612737024,650459392,16,0.0001410482800565,20001587200.0,9.465716594200656e+19,76294.0,1.4264422443851097,1.4409669677155916,bin_2
config_1173,1408,24,22,0.0026379714254289,0.8789622187614441,0.909326672554016,0.104574829339981,0.0001410482800565,128,109148.0,1.3541877930424585e+20,28612737024,650459392,16,0.0001410482800565,23999283200.0,1.135888472683111e+20,91553.0,1.4144890078364825,1.42884397921015,bin_2
config_1173,1408,24,22,0.0026379714254289,0.8789622187614441,0.909326672554016,0.104574829339981,0.0001410482800565,128,109148.0,1.3541877930424585e+20,28612737024,650459392,16,2.9015363726372608e-05,27996979200.0,1.3252052859461563e+20,106812.0,1.3725244535383632,1.3860572621861442,bin_2
config_1173,1408,24,22,0.0026379714254289,0.8789622187614441,0.909326672554016,0.104574829339981,0.0001410482800565,128,109148.0,1.3541877930424585e+20,28612737024,650459392,16,5.931590540314601e-07,28599910400.0,1.3541877930424584e+20,109148.0,1.366198207648074,1.3796733256246223,bin_2
config_1176,1600,27,20,0.0039740982465445,0.8327961564064026,0.991674304008484,0.0308443680405616,1.930573671415914e-05,128,93782.0,1.6194685464682168e+20,24584568832,921030400,8,1.930573671415914e-05,3997696000.0,2.634990781872696e+19,15259.0,1.7391012890221642,1.7579391242832434,bin_2
config_1176,1600,27,20,0.0039740982465445,0.8327961564064026,0.991674304008484,0.0308443680405616,1.930573671415914e-05,128,93782.0,1.6194685464682168e+20,24584568832,921030400,8,1.930573671415914e-05,7995392000.0,5.269981563745392e+19,30518.0,1.6018675086146494,1.6190390931973693,bin_2
config_1176,1600,27,20,0.0039740982465445,0.8327961564064026,0.991674304008484,0.0308443680405616,1.930573671415914e-05,128,93782.0,1.6194685464682168e+20,24584568832,921030400,8,1.930573671415914e-05,12006195200.0,7.904799661249397e+19,45776.0,1.5405670570740937,1.5568604691888466,bin_2
config_1176,1600,27,20,0.0039740982465445,0.8327961564064026,0.991674304008484,0.0308443680405616,1.930573671415914e-05,128,93782.0,1.6194685464682168e+20,24584568832,921030400,8,1.930573671415914e-05,16003891200.0,1.0539790443122092e+20,61035.0,1.5025426842638705,1.518354476104017,bin_2
config_1176,1600,27,20,0.0039740982465445,0.8327961564064026,0.991674304008484,0.0308443680405616,1.930573671415914e-05,128,93782.0,1.6194685464682168e+20,24584568832,921030400,8,1.930573671415914e-05,20001587200.0,1.317478122499479e+20,76294.0,1.4747464476159362,1.4903881765291338,bin_2
config_1176,1600,27,20,0.0039740982465445,0.8327961564064026,0.991674304008484,0.0308443680405616,1.930573671415914e-05,128,93782.0,1.6194685464682168e+20,24584568832,921030400,8,1.4899863190180913e-05,23999283200.0,1.5809772006867488e+20,91553.0,1.449868904879836,1.4649693947346485,bin_2
config_1176,1600,27,20,0.0039740982465445,0.8327961564064026,0.991674304008484,0.0308443680405616,1.930573671415914e-05,128,93782.0,1.6194685464682168e+20,24584568832,921030400,8,2.1361811025348798e-07,24576000000.0,1.6194685464682168e+20,93782.0,1.434383790971803,1.4492715053284757,bin_2
config_1177,1408,27,32,0.1468462347984314,0.8936459422111511,0.932015597820282,0.2245241701602935,1.0172602742386516e-05,128,123220.0,1.702722110614945e+20,32301602816,722917888,8,1.0172602742386516e-05,3997696000.0,2.1085730145977475e+19,15259.0,1.9674733098608548,1.988769933981973,bin_2
config_1177,1408,27,32,0.1468462347984314,0.8936459422111511,0.932015597820282,0.2245241701602935,1.0172602742386516e-05,128,123220.0,1.702722110614945e+20,32301602816,722917888,8,1.0172602742386516e-05,7995392000.0,4.217146029195495e+19,30518.0,1.760417265520721,1.7804474673310264,bin_2
config_1177,1408,27,32,0.1468462347984314,0.8936459422111511,0.932015597820282,0.2245241701602935,1.0172602742386516e-05,128,123220.0,1.702722110614945e+20,32301602816,722917888,8,1.0172602742386516e-05,12006195200.0,6.325580858262435e+19,45776.0,1.6740916026224857,1.693051965158494,bin_2
config_1177,1408,27,32,0.1468462347984314,0.8936459422111511,0.932015597820282,0.2245241701602935,1.0172602742386516e-05,128,123220.0,1.702722110614945e+20,32301602816,722917888,8,1.0172602742386516e-05,16003891200.0,8.434153872860183e+19,61035.0,1.6223228222815718,1.6406276594810798,bin_2
config_1177,1408,27,32,0.1468462347984314,0.8936459422111511,0.932015597820282,0.2245241701602935,1.0172602742386516e-05,128,123220.0,1.702722110614945e+20,32301602816,722917888,8,1.0172602742386516e-05,20001587200.0,1.0542726887457931e+20,76294.0,1.5863015285378597,1.603810139835858,bin_2
config_1177,1408,27,32,0.1468462347984314,0.8936459422111511,0.932015597820282,0.2245241701602935,1.0172602742386516e-05,128,123220.0,1.702722110614945e+20,32301602816,722917888,8,1.0172602742386516e-05,23999283200.0,1.2651299902055678e+20,91553.0,1.5595869233764583,1.5766129201552908,bin_2
config_1177,1408,27,32,0.1468462347984314,0.8936459422111511,0.932015597820282,0.2245241701602935,1.0172602742386516e-05,128,123220.0,1.702722110614945e+20,32301602816,722917888,8,6.0377421662745925e-06,27996979200.0,1.4759872916653428e+20,106812.0,1.5298559771502604,1.5462815740460256,bin_2
config_1177,1408,27,32,0.1468462347984314,0.8936459422111511,0.932015597820282,0.2245241701602935,1.0172602742386516e-05,128,123220.0,1.702722110614945e+20,32301602816,722917888,8,4.302167073411242e-07,31994675200.0,1.6868307745720366e+20,122070.0,1.5079727739388826,1.5241403858583482,bin_2
config_1177,1408,27,32,0.1468462347984314,0.8936459422111511,0.932015597820282,0.2245241701602935,1.0172602742386516e-05,128,123220.0,1.702722110614945e+20,32301602816,722917888,8,7.3541317494207385e-09,32296140800.0,1.702722110614945e+20,123220.0,1.5073881627887975,1.523553707013365,bin_2
config_1178,1600,28,32,0.0226767119020223,0.9233856201171876,0.9368176460266112,0.1763942241668701,0.0040810382924973,128,83554.0,1.4923679626576527e+20,21903306752,952163200,8,0.0040810382924973,3997696000.0,2.7254281952022794e+19,15259.0,3.285711735819207,3.319554581720321,bin_2
config_1178,1600,28,32,0.0226767119020223,0.9233856201171876,0.9368176460266112,0.1763942241668701,0.0040810382924973,128,83554.0,1.4923679626576527e+20,21903306752,952163200,8,0.0040810382924973,7995392000.0,5.450856390404559e+19,30518.0,3.181454495367457,3.2148905238948884,bin_2
config_1178,1600,28,32,0.0226767119020223,0.9233856201171876,0.9368176460266112,0.1763942241668701,0.0040810382924973,128,83554.0,1.4923679626576527e+20,21903306752,952163200,8,0.0040810382924973,12006195200.0,8.176105974413758e+19,45776.0,3.161816886018534,3.19510800967451,bin_2
config_1178,1600,28,32,0.0226767119020223,0.9233856201171876,0.9368176460266112,0.1763942241668701,0.0040810382924973,128,83554.0,1.4923679626576527e+20,21903306752,952163200,8,0.0040810382924973,16003891200.0,1.0901534169616037e+20,61035.0,3.4062563427159045,3.420624231041455,bin_2
config_1178,1600,28,32,0.0226767119020223,0.9233856201171876,0.9368176460266112,0.1763942241668701,0.0040810382924973,128,83554.0,1.4923679626576527e+20,21903306752,952163200,8,0.0020086749744725,20001587200.0,1.3626962364818316e+20,76294.0,3.0696404424260875,3.0993396821960078,bin_2
config_1178,1600,28,32,0.0226767119020223,0.9233856201171876,0.9368176460266112,0.1763942241668701,0.0040810382924973,128,83554.0,1.4923679626576527e+20,21903306752,952163200,8,1.1076233661271376e-06,21902131200.0,1.4923679626576527e+20,83554.0,2.828270623371249,2.8583204174041748,bin_2
config_1179,1536,25,32,0.0121304737403988,0.9755846261978148,0.9188297390937804,0.1958023905754089,0.0013382415054365,128,91475.0,1.3557617844288278e+20,23979638784,785092608,8,0.0013382415054365,3997696000.0,2.2615544212735152e+19,15259.0,1.530596349962422,1.5467641977794837,bin_2
config_1179,1536,25,32,0.0121304737403988,0.9755846261978148,0.9188297390937804,0.1958023905754089,0.0013382415054365,128,91475.0,1.3557617844288278e+20,23979638784,785092608,8,0.0013382415054365,7995392000.0,4.5231088425470304e+19,30518.0,1.4768763728122245,1.4916221612985017,bin_2
config_1179,1536,25,32,0.0121304737403988,0.9755846261978148,0.9188297390937804,0.1958023905754089,0.0013382415054365,128,91475.0,1.3557617844288278e+20,23979638784,785092608,8,0.0013382415054365,12006195200.0,6.784515052638866e+19,45776.0,1.439986769898993,1.4542534496451989,bin_2
config_1179,1536,25,32,0.0121304737403988,0.9755846261978148,0.9188297390937804,0.1958023905754089,0.0013382415054365,128,91475.0,1.3557617844288278e+20,23979638784,785092608,8,0.0013382415054365,16003891200.0,9.04606947391238e+19,61035.0,1.421700825955047,1.4363264384914618,bin_2
config_1179,1536,25,32,0.0121304737403988,0.9755846261978148,0.9188297390937804,0.1958023905754089,0.0013382415054365,128,91475.0,1.3557617844288278e+20,23979638784,785092608,8,0.001133818036123,20001587200.0,1.1307623895185896e+20,76294.0,1.401264756615045,1.4156316040480723,bin_2
config_1179,1536,25,32,0.0121304737403988,0.9755846261978148,0.9188297390937804,0.1958023905754089,0.0013382415054365,128,91475.0,1.3557617844288278e+20,23979638784,785092608,8,1.8679045076161727e-06,23973068800.0,1.3557617844288278e+20,91475.0,1.3408310780955142,1.3543532140821708,bin_2
config_118,832,7,16,0.0014208995271474,0.8293660283088684,0.9295414686203004,0.0032023966778069,0.0001637390523683,64,51538.0,5079586490405486592,6755308544,101480704,16,0.0001637390523683,1592524800.0,1.1995740458443318e+18,12171.0,1.838350818118111,1.857685860297719,bin_1
config_118,832,7,16,0.0014208995271474,0.8293660283088684,0.9295414686203004,0.0032023966778069,0.0001637390523683,64,51538.0,5079586490405486592,6755308544,101480704,16,0.0001637390523683,3191603200.0,2.399148091688664e+18,24342.0,1.7530896832513028,1.771694794795552,bin_1
config_118,832,7,16,0.0014208995271474,0.8293660283088684,0.9295414686203004,0.0032023966778069,0.0001637390523683,64,51538.0,5079586490405486592,6755308544,101480704,16,0.0001637390523683,4784128000.0,3.598820697556481e+18,36514.0,1.7181169880804468,1.7343603850974412,bin_1
config_118,832,7,16,0.0014208995271474,0.8293660283088684,0.9295414686203004,0.0032023966778069,0.0001637390523683,64,51538.0,5079586490405486592,6755308544,101480704,16,0.0001637390523683,6383206400.0,4.798394743400814e+18,48685.0,1.696336958955546,1.7120654771757908,bin_1
config_118,832,7,16,0.0014208995271474,0.8293660283088684,0.9295414686203004,0.0032023966778069,0.0001637390523683,64,51538.0,5079586490405486592,6755308544,101480704,16,3.770959993937249e-05,6750208000.0,5.079586490405487e+18,51538.0,1.6730748413429886,1.6886628956872909,bin_1
config_1180,1280,28,20,0.0140321301296353,0.8803938627243042,0.9686745405197144,0.2640710771083832,0.0002002420660573,128,39284.0,4.819624253526639e+19,10298241024,633280000,8,0.0002002420660573,3997696000.0,1.8720763283922964e+19,15259.0,1.5572112835919272,1.573384093339326,bin_2
config_1180,1280,28,20,0.0140321301296353,0.8803938627243042,0.9686745405197144,0.2640710771083832,0.0002002420660573,128,39284.0,4.819624253526639e+19,10298241024,633280000,8,0.0001695677536149,7995392000.0,3.744152656784593e+19,30518.0,1.473342354219468,1.4884355094296031,bin_2
config_1180,1280,28,20,0.0140321301296353,0.8803938627243042,0.9686745405197144,0.2640710771083832,0.0002002420660573,128,39284.0,4.819624253526639e+19,10298241024,633280000,8,6.563414871253899e-07,10289152000.0,4.819624253526639e+19,39284.0,1.4170808485199191,1.431645639304255,bin_2
config_1181,1408,26,32,0.0077247330918908,0.8029015064239502,0.9631077647209167,0.0909550711512565,2.969548040709924e-05,128,51276.0,6.844303967413862e+19,13441761280,698765056,16,2.969548040709924e-05,3997696000.0,2.036766406091897e+19,15259.0,1.7106757860496395,1.729551999099919,bin_2
config_1181,1408,26,32,0.0077247330918908,0.8029015064239502,0.9631077647209167,0.0909550711512565,2.969548040709924e-05,128,51276.0,6.844303967413862e+19,13441761280,698765056,16,2.969548040709924e-05,7995392000.0,4.0735328121837945e+19,30518.0,1.5931533275275933,1.6106432608698236,bin_2
config_1181,1408,26,32,0.0077247330918908,0.8029015064239502,0.9631077647209167,0.0909550711512565,2.969548040709924e-05,128,51276.0,6.844303967413862e+19,13441761280,698765056,16,2.969548040709924e-05,12006195200.0,6.110165738597726e+19,45776.0,1.5398220779465848,1.554178213525991,bin_2
config_1181,1408,26,32,0.0077247330918908,0.8029015064239502,0.9631077647209167,0.0909550711512565,2.969548040709924e-05,128,51276.0,6.844303967413862e+19,13441761280,698765056,16,1.655763436810179e-07,13434880000.0,6.844303967413862e+19,51276.0,1.504139657372334,1.5183921554440358,bin_2
config_1182,1344,24,32,0.0060205138288438,0.8966104984283447,0.9857292771339417,0.1963119655847549,5.8132722188020125e-05,128,103234.0,1.1689563180233156e+20,27062269952,587862912,16,5.8132722188020125e-05,11993088000.0,1.7278323475519472e+19,15259.0,1.6537109389852305,1.6712382768021254,bin_2
config_1182,1344,24,32,0.0060205138288438,0.8966104984283447,0.9857292771339417,0.1963119655847549,5.8132722188020125e-05,128,103234.0,1.1689563180233156e+20,27062269952,587862912,16,5.8132722188020125e-05,15990784000.0,3.4556646951038943e+19,30518.0,1.5428948924971408,1.559163519945301,bin_2
config_1182,1344,24,32,0.0060205138288438,0.8966104984283447,0.9857292771339417,0.1963119655847549,5.8132722188020125e-05,128,103234.0,1.1689563180233156e+20,27062269952,587862912,16,5.8132722188020125e-05,20001587200.0,5.183383809000455e+19,45776.0,1.4920300294923,1.5073071545069334,bin_2
config_1182,1344,24,32,0.0060205138288438,0.8966104984283447,0.9857292771339417,0.1963119655847549,5.8132722188020125e-05,128,103234.0,1.1689563180233156e+20,27062269952,587862912,16,3.3515381725294935e-05,23999283200.0,6.9112161565524025e+19,61035.0,1.4611573409252478,1.475879557875336,bin_2
config_1182,1344,24,32,0.0060205138288438,0.8966104984283447,0.9857292771339417,0.1963119655847549,5.8132722188020125e-05,128,103234.0,1.1689563180233156e+20,27062269952,587862912,16,9.75284986870972e-08,27053260800.0,8.63904850410435e+19,76294.0,1.4389431408194244,1.4532065345811065,bin_2
config_1182,1344,24,32,0.0060205138288438,0.8966104984283447,0.9857292771339417,0.1963119655847549,5.8132722188020125e-05,128,103234.0,1.1689563180233156e+20,27062269952,587862912,16,9.75284986870972e-08,27053260800.0,1.0366880851656298e+20,91553.0,1.4094104692193328,1.4238488301292795,bin_2
config_1182,1344,24,32,0.0060205138288438,0.8966104984283447,0.9857292771339417,0.1963119655847549,5.8132722188020125e-05,128,103234.0,1.1689563180233156e+20,27062269952,587862912,16,9.75284986870972e-08,27053260800.0,1.1689563180233156e+20,103234.0,1.3874966460368672,1.4016319030230162,bin_2
config_1183,1600,27,32,0.0288070030510425,0.9508829116821288,0.9902631640434264,0.1062887758016586,1.7198623027070425e-05,128,147467.0,2.546516704480985e+20,38657753088,921030400,8,1.7198623027070425e-05,3997696000.0,2.6349826329738416e+19,15259.0,1.805389770073969,1.824964593590283,bin_2
config_1183,1600,27,32,0.0288070030510425,0.9508829116821288,0.9902631640434264,0.1062887758016586,1.7198623027070425e-05,128,147467.0,2.546516704480985e+20,38657753088,921030400,8,1.7198623027070425e-05,7995392000.0,5.269965265947683e+19,30518.0,1.6366958870848671,1.6541509508500334,bin_2
config_1183,1600,27,32,0.0288070030510425,0.9508829116821288,0.9902631640434264,0.1062887758016586,1.7198623027070425e-05,128,147467.0,2.546516704480985e+20,38657753088,921030400,8,1.7198623027070425e-05,12006195200.0,7.904775215086872e+19,45776.0,1.5669669695955808,1.5836956580349657,bin_2
config_1183,1600,27,32,0.0288070030510425,0.9508829116821288,0.9902631640434264,0.1062887758016586,1.7198623027070425e-05,128,147467.0,2.546516704480985e+20,38657753088,921030400,8,1.7198623027070425e-05,16003891200.0,1.0539757848060712e+20,61035.0,1.5241428844362008,1.540441312907172,bin_2
config_1183,1600,27,32,0.0288070030510425,0.9508829116821288,0.9902631640434264,0.1062887758016586,1.7198623027070425e-05,128,147467.0,2.546516704480985e+20,38657753088,921030400,8,1.7198623027070425e-05,20001587200.0,1.3174740481034556e+20,76294.0,1.4937281948425731,1.509511183001956,bin_2
config_1183,1600,27,32,0.0288070030510425,0.9508829116821288,0.9902631640434264,0.1062887758016586,1.7198623027070425e-05,128,147467.0,2.546516704480985e+20,38657753088,921030400,8,1.7198623027070425e-05,23999283200.0,1.5809723114008396e+20,91553.0,1.4712956858560686,1.4866400570459053,bin_2
config_1183,1600,27,32,0.0288070030510425,0.9508829116821288,0.9902631640434264,0.1062887758016586,1.7198623027070425e-05,128,147467.0,2.546516704480985e+20,38657753088,921030400,8,1.7198623027070425e-05,27996979200.0,1.844470574698224e+20,106812.0,1.4532870803895543,1.4683631474561378,bin_2
config_1183,1600,27,32,0.0288070030510425,0.9508829116821288,0.9902631640434264,0.1062887758016586,1.7198623027070425e-05,128,147467.0,2.546516704480985e+20,38657753088,921030400,8,1.7198623027070425e-05,31994675200.0,2.1079515696121427e+20,122070.0,1.4387158968116416,1.4534755172104132,bin_2
config_1183,1600,27,32,0.0288070030510425,0.9508829116821288,0.9902631640434264,0.1062887758016586,1.7198623027070425e-05,128,147467.0,2.546516704480985e+20,38657753088,921030400,8,1.1101089011411988e-05,36005478400.0,2.3714498329095268e+20,137329.0,1.4174824344720998,1.4329120552051262,bin_2
config_1183,1600,27,32,0.0288070030510425,0.9508829116821288,0.9902631640434264,0.1062887758016586,1.7198623027070425e-05,128,147467.0,2.546516704480985e+20,38657753088,921030400,8,1.8653604150835573e-08,38653132800.0,2.546516704480985e+20,147467.0,1.3992910538051948,1.4144101651183894,bin_2
config_1184,1536,29,24,0.0014286185614764,0.89912348985672,0.9450861215591432,0.0865441933274269,0.0007101591327227,64,72531.0,6.164476783555196e+19,9506807808,898351104,8,0.0007101591327227,3997696000.0,2.5937530501514863e+19,30518.0,1.5350118262650536,1.550277445863505,bin_2
config_1184,1536,29,24,0.0014286185614764,0.89912348985672,0.9450861215591432,0.0865441933274269,0.0007101591327227,64,72531.0,6.164476783555196e+19,9506807808,898351104,8,0.0007101591327227,8001945600.0,5.18742110937794e+19,61035.0,1.4699888832451866,1.4850005278919565,bin_2
config_1184,1536,29,24,0.0014286185614764,0.89912348985672,0.9450861215591432,0.0865441933274269,0.0007101591327227,64,72531.0,6.164476783555196e+19,9506807808,898351104,8,3.507238030015219e-06,9502720000.0,6.164476783555196e+19,72531.0,1.406933283835161,1.421224290064124,bin_2
config_1185,1600,24,20,0.0231122467666864,0.949224054813385,0.9195614457130432,0.0848468542098999,2.9898003049311228e-05,128,87744.0,1.3591732605714432e+20,23001591808,827632000,8,2.9898003049311228e-05,3997696000.0,2.3636516209723343e+19,15259.0,1.687802239636906,1.7053891128985608,bin_2
config_1185,1600,24,20,0.0231122467666864,0.949224054813385,0.9195614457130432,0.0848468542098999,2.9898003049311228e-05,128,87744.0,1.3591732605714432e+20,23001591808,827632000,8,2.9898003049311228e-05,7995392000.0,4.7273032419446686e+19,30518.0,1.5679479840153554,1.584096276134741,bin_2
config_1185,1600,24,20,0.0231122467666864,0.949224054813385,0.9195614457130432,0.0848468542098999,2.9898003049311228e-05,128,87744.0,1.3591732605714432e+20,23001591808,827632000,8,2.9898003049311228e-05,12006195200.0,7.090799960785739e+19,45776.0,1.513770554358842,1.529411758028093,bin_2
config_1185,1600,24,20,0.0231122467666864,0.949224054813385,0.9195614457130432,0.0848468542098999,2.9898003049311228e-05,128,87744.0,1.3591732605714432e+20,23001591808,827632000,8,2.9898003049311228e-05,16003891200.0,9.454451581758072e+19,61035.0,1.480398625301533,1.495426249836312,bin_2
config_1185,1600,24,20,0.0231122467666864,0.949224054813385,0.9195614457130432,0.0848468542098999,2.9898003049311228e-05,128,87744.0,1.3591732605714432e+20,23001591808,827632000,8,2.9898003049311228e-05,20001587200.0,1.1818103202730408e+20,76294.0,1.4559475543069058,1.4709594480326915,bin_2
config_1185,1600,24,20,0.0231122467666864,0.949224054813385,0.9195614457130432,0.0848468542098999,2.9898003049311228e-05,128,87744.0,1.3591732605714432e+20,23001591808,827632000,8,1.767211357025406e-07,22990028800.0,1.3591732605714432e+20,87744.0,1.4196110232149968,1.4338364005870503,bin_2
config_1186,1280,29,32,0.0945945680141449,0.8174648284912109,0.931397259235382,0.0539552122354507,0.0005683269700966,128,89434.0,1.1331729954452275e+20,23444633600,653598720,8,0.0005683269700966,3997696000.0,1.933390739260094e+19,15259.0,1.578468060102619,1.594423440577554,bin_2
config_1186,1280,29,32,0.0945945680141449,0.8174648284912109,0.931397259235382,0.0539552122354507,0.0005683269700966,128,89434.0,1.1331729954452275e+20,23444633600,653598720,8,0.0005683269700966,7995392000.0,3.866781478520188e+19,30518.0,1.5181653280922625,1.5332831826757212,bin_2
config_1186,1280,29,32,0.0945945680141449,0.8174648284912109,0.931397259235382,0.0539552122354507,0.0005683269700966,128,89434.0,1.1331729954452275e+20,23444633600,653598720,8,0.0005683269700966,12006195200.0,5.800045512836364e+19,45776.0,1.4930913282710998,1.5074453707894342,bin_2
config_1186,1280,29,32,0.0945945680141449,0.8174648284912109,0.931397259235382,0.0539552122354507,0.0005683269700966,128,89434.0,1.1331729954452275e+20,23444633600,653598720,8,0.0005683269700966,16003891200.0,7.733436252096458e+19,61035.0,1.4784741488245667,1.4934294932885248,bin_2
config_1186,1280,29,32,0.0945945680141449,0.8174648284912109,0.931397259235382,0.0539552122354507,0.0005683269700966,128,89434.0,1.1331729954452275e+20,23444633600,653598720,8,0.0005683269700966,20001587200.0,9.666826991356553e+19,76294.0,1.4680658102817223,1.4828252201588428,bin_2
config_1186,1280,29,32,0.0945945680141449,0.8174648284912109,0.931397259235382,0.0539552122354507,0.0005683269700966,128,89434.0,1.1331729954452275e+20,23444633600,653598720,8,4.004791084619088e-06,23435673600.0,1.1331729954452275e+20,89434.0,1.380852367291685,1.3943759772816642,bin_2
config_1188,1536,30,32,0.1178563833236694,0.9878011345863342,0.9491539597511292,0.141729786992073,0.0012836609967052,128,97462.0,1.709733220363398e+20,25549316096,926665728,8,0.0012836609967052,3997696000.0,2.6768196024630206e+19,15259.0,1.59664984032756,1.6133319599120344,bin_2
config_1188,1536,30,32,0.1178563833236694,0.9878011345863342,0.9491539597511292,0.141729786992073,0.0012836609967052,128,97462.0,1.709733220363398e+20,25549316096,926665728,8,0.0012836609967052,7995392000.0,5.353639204926041e+19,30518.0,3.78881011560315,3.824967705148165,bin_2
config_1188,1536,30,32,0.1178563833236694,0.9878011345863342,0.9491539597511292,0.141729786992073,0.0012836609967052,128,97462.0,1.709733220363398e+20,25549316096,926665728,8,0.0012836609967052,12006195200.0,8.030283381764678e+19,45776.0,3.888264570314376,3.921539016747084,bin_2
config_1188,1536,30,32,0.1178563833236694,0.9878011345863342,0.9491539597511292,0.141729786992073,0.0012836609967052,128,97462.0,1.709733220363398e+20,25549316096,926665728,8,0.0012836609967052,16003891200.0,1.07071029842277e+20,61035.0,3.461190269462398,3.4971539040080835,bin_2
config_1188,1536,30,32,0.1178563833236694,0.9878011345863342,0.9491539597511292,0.141729786992073,0.0012836609967052,128,97462.0,1.709733220363398e+20,25549316096,926665728,8,0.0012836609967052,20001587200.0,1.338392258669072e+20,76294.0,3.4565081987615494,3.4931633888307165,bin_2
config_1188,1536,30,32,0.1178563833236694,0.9878011345863342,0.9491539597511292,0.141729786992073,0.0012836609967052,128,97462.0,1.709733220363398e+20,25549316096,926665728,8,0.0005494102521191,23999283200.0,1.606074218915374e+20,91553.0,3.40633127497845,3.441525109400515,bin_2
config_1188,1536,30,32,0.1178563833236694,0.9878011345863342,0.9491539597511292,0.141729786992073,0.0012836609967052,128,97462.0,1.709733220363398e+20,25549316096,926665728,8,1.1151764251402223e-06,25545932800.0,1.709733220363398e+20,97462.0,3.2136791693578,3.2475037926924037,bin_2
config_119,576,23,18,0.0114337289705872,0.8591312170028687,0.9470757842063904,0.2235157638788223,0.0036880786065012,32,9836.0,676068261986967552,644635072,120556800,8,0.0036880786065012,321126400.0,3.380341309934838e+17,4918.0,3.264186933048451,3.2932319727498323,bin_0
config_119,576,23,18,0.0114337289705872,0.8591312170028687,0.9470757842063904,0.2235157638788223,0.0036880786065012,32,9836.0,676068261986967552,644635072,120556800,8,6.0405291098291226e-05,642252800.0,6.760682619869676e+17,9836.0,3.078154691715016,3.108567746895175,bin_0
config_1190,1536,24,32,0.0314376316964626,0.8936839699745178,0.9107854962348938,0.1568625271320343,0.0020555662922561,128,97026.0,1.3852397926383354e+20,25435043840,756777984,8,0.0020555662922561,3997696000.0,2.178526786208682e+19,15259.0,1.55637861477547,1.5731695682689792,bin_2
config_1190,1536,24,32,0.0314376316964626,0.8936839699745178,0.9107854962348938,0.1568625271320343,0.0020555662922561,128,97026.0,1.3852397926383354e+20,25435043840,756777984,8,0.0020555662922561,7995392000.0,4.357053572417364e+19,30518.0,1.5012174697391325,1.5169308350320725,bin_2
config_1190,1536,24,32,0.0314376316964626,0.8936839699745178,0.9107854962348938,0.1568625271320343,0.0020555662922561,128,97026.0,1.3852397926383354e+20,25435043840,756777984,8,0.0020555662922561,12006195200.0,6.535437588668237e+19,45776.0,1.481400720428248,1.49711446115228,bin_2
config_1190,1536,24,32,0.0314376316964626,0.8936839699745178,0.9107854962348938,0.1568625271320343,0.0020555662922561,128,97026.0,1.3852397926383354e+20,25435043840,756777984,8,0.0020555662922561,16003891200.0,8.713964374876919e+19,61035.0,1.4702368678128133,1.4858084714998965,bin_2
config_1190,1536,24,32,0.0314376316964626,0.8936839699745178,0.9107854962348938,0.1568625271320343,0.0020555662922561,128,97026.0,1.3852397926383354e+20,25435043840,756777984,8,0.0020555662922561,20001587200.0,1.0892491161085605e+20,76294.0,1.4627004747703427,1.4774677096820268,bin_2
config_1190,1536,24,32,0.0314376316964626,0.8936839699745178,0.9107854962348938,0.1568625271320343,0.0020555662922561,128,97026.0,1.3852397926383354e+20,25435043840,756777984,8,0.0007396202783622,23999283200.0,1.3071017947294284e+20,91553.0,1.3907648923944254,1.4045828142908754,bin_2
config_1190,1536,24,32,0.0314376316964626,0.8936839699745178,0.9107854962348938,0.1568625271320343,0.0020555662922561,128,97026.0,1.3852397926383354e+20,25435043840,756777984,8,3.5117105985056976e-06,25427968000.0,1.3852397926383354e+20,97026.0,1.3472223773256675,1.360424899986533,bin_2
config_1191,1280,25,32,0.0092027587816119,0.9226479530334472,0.9573257565498352,0.1546168625354766,0.0022164576221257,128,63407.0,7.0144399742085366e+19,16621961216,572323840,16,0.0022164576221257,3997696000.0,1.6880366452670536e+19,15259.0,1.5363257935789765,1.5527560074993825,bin_2
config_1191,1280,25,32,0.0092027587816119,0.9226479530334472,0.9573257565498352,0.1546168625354766,0.0022164576221257,128,63407.0,7.0144399742085366e+19,16621961216,572323840,16,0.0022164576221257,7995392000.0,3.376073290534107e+19,30518.0,1.4780610609445417,1.4936389225428222,bin_2
config_1191,1280,25,32,0.0092027587816119,0.9226479530334472,0.9573257565498352,0.1546168625354766,0.0022164576221257,128,63407.0,7.0144399742085366e+19,16621961216,572323840,16,0.0022164576221257,12006195200.0,5.063999310160865e+19,45776.0,1.4539490444933785,1.4672043594766837,bin_2
config_1191,1280,25,32,0.0092027587816119,0.9226479530334472,0.9573257565498352,0.1546168625354766,0.0022164576221257,128,63407.0,7.0144399742085366e+19,16621961216,572323840,16,0.0005329175370142,16003891200.0,6.752035955427919e+19,61035.0,1.3913170321652146,1.403354253768921,bin_2
config_1191,1280,25,32,0.0092027587816119,0.9226479530334472,0.9573257565498352,0.1546168625354766,0.0022164576221257,128,63407.0,7.0144399742085366e+19,16621961216,572323840,16,1.5826995159525133e-06,16619929600.0,7.0144399742085366e+19,63407.0,1.3780821621613424,1.389926501649325,bin_2
config_1192,1472,30,32,0.0597999729216098,0.8408438563346863,0.9102481007575988,0.2550119757652282,5.907977902097628e-05,128,142599.0,1.7789601083187187e+20,28036155392,876749696,8,0.0,24015667200.0,2.538139888436108e+19,15259.0,1.6402525053649653,1.6575511544845145,bin_2
config_1192,1472,30,32,0.0597999729216098,0.8408438563346863,0.9102481007575988,0.2550119757652282,5.907977902097628e-05,128,142599.0,1.7789601083187187e+20,28036155392,876749696,8,0.0,27013939200.0,5.076279776872215e+19,30518.0,1.5286582878378572,1.5452515966579563,bin_2
config_1192,1472,30,32,0.0597999729216098,0.8408438563346863,0.9102481007575988,0.2550119757652282,5.907977902097628e-05,128,142599.0,1.7789601083187187e+20,28036155392,876749696,8,0.0,28026470400.0,7.61425332807204e+19,45776.0,1.4799551241710538,1.4954232384630892,bin_2
config_1192,1472,30,32,0.0597999729216098,0.8408438563346863,0.9102481007575988,0.2550119757652282,5.907977902097628e-05,128,142599.0,1.7789601083187187e+20,28036155392,876749696,8,0.0,28026470400.0,1.0152393216508148e+20,61035.0,1.4494869362526253,1.465701471488984,bin_2
config_1192,1472,30,32,0.0597999729216098,0.8408438563346863,0.9102481007575988,0.2550119757652282,5.907977902097628e-05,128,142599.0,1.7789601083187187e+20,28036155392,876749696,8,0.0,28026470400.0,1.2690533104944256e+20,76294.0,1.4296182311949184,1.444924480006343,bin_2
config_1192,1472,30,32,0.0597999729216098,0.8408438563346863,0.9102481007575988,0.2550119757652282,5.907977902097628e-05,128,142599.0,1.7789601083187187e+20,28036155392,876749696,8,0.0,28026470400.0,1.5228672993380365e+20,91553.0,1.396618592162601,1.4116933035948238,bin_2
config_1192,1472,30,32,0.0597999729216098,0.8408438563346863,0.9102481007575988,0.2550119757652282,5.907977902097628e-05,128,142599.0,1.7789601083187187e+20,28036155392,876749696,8,0.0,28026470400.0,1.776681288181647e+20,106812.0,1.3680555557618377,1.3826878368952236,bin_2
config_1192,1472,30,32,0.0597999729216098,0.8408438563346863,0.9102481007575988,0.2550119757652282,5.907977902097628e-05,128,142599.0,1.7789601083187187e+20,28036155392,876749696,8,0.0,28026470400.0,1.7789601083187187e+20,106949.0,1.3680321257329378,1.3826666884441845,bin_2
config_1193,1536,28,32,0.1264948099851608,0.8044952154159546,0.9732344150543212,0.2707783877849579,1.0055556231236553e-05,128,64815.0,1.0664621420912522e+20,16990922752,870036480,8,1.0055556231236553e-05,3997696000.0,2.5107067540184244e+19,15259.0,1.901266744723085,1.922166994946902,bin_2
config_1193,1536,28,32,0.1264948099851608,0.8044952154159546,0.9732344150543212,0.2707783877849579,1.0055556231236553e-05,128,64815.0,1.0664621420912522e+20,16990922752,870036480,8,1.0055556231236553e-05,7995392000.0,5.021413508036849e+19,30518.0,1.719760614750815,1.7386450119487575,bin_2
config_1193,1536,28,32,0.1264948099851608,0.8044952154159546,0.9732344150543212,0.2707783877849579,1.0055556231236553e-05,128,64815.0,1.0664621420912522e+20,16990922752,870036480,8,1.0055556231236553e-05,12006195200.0,7.531955722652035e+19,45776.0,1.6403080216978416,1.658256856887067,bin_2
config_1193,1536,28,32,0.1264948099851608,0.8044952154159546,0.9732344150543212,0.2707783877849579,1.0055556231236553e-05,128,64815.0,1.0664621420912522e+20,16990922752,870036480,8,2.157217618837928e-06,16003891200.0,1.004266247667046e+20,61035.0,1.5834837071622003,1.6007673843766823,bin_2
config_1193,1536,28,32,0.1264948099851608,0.8044952154159546,0.9732344150543212,0.2707783877849579,1.0055556231236553e-05,128,64815.0,1.0664621420912522e+20,16990922752,870036480,8,8.594492505330687e-09,16986931200.0,1.0664621420912522e+20,64815.0,1.5771107347871436,1.5942761999857231,bin_2
config_1195,1536,27,32,0.0042576910927891,0.8095559477806091,0.9407386779785156,0.1109444871544838,2.6051277018268596e-05,128,145204.0,2.310145846784557e+20,38064435200,841721856,8,2.6051277018268596e-05,3997696000.0,2.4276545739845706e+19,15259.0,1.751117028818756,1.769790863736731,bin_2
config_1195,1536,27,32,0.0042576910927891,0.8095559477806091,0.9407386779785156,0.1109444871544838,2.6051277018268596e-05,128,145204.0,2.310145846784557e+20,38064435200,841721856,8,2.6051277018268596e-05,7995392000.0,4.855309147969141e+19,30518.0,1.6041271173758584,1.621685732368563,bin_2
config_1195,1536,27,32,0.0042576910927891,0.8095559477806091,0.9407386779785156,0.1109444871544838,2.6051277018268596e-05,128,145204.0,2.310145846784557e+20,38064435200,841721856,8,2.6051277018268596e-05,12006195200.0,7.282804625382901e+19,45776.0,1.5433199912505071,1.5600141924521962,bin_2
config_1195,1536,27,32,0.0042576910927891,0.8095559477806091,0.9407386779785156,0.1109444871544838,2.6051277018268596e-05,128,145204.0,2.310145846784557e+20,38064435200,841721856,8,2.6051277018268596e-05,16003891200.0,9.710459199367473e+19,61035.0,1.5048708344092134,1.5211303777577447,bin_2
config_1195,1536,27,32,0.0042576910927891,0.8095559477806091,0.9407386779785156,0.1109444871544838,2.6051277018268596e-05,128,145204.0,2.310145846784557e+20,38064435200,841721856,8,2.6051277018268596e-05,20001587200.0,1.2138113773352042e+20,76294.0,1.477850623580276,1.4937756192781886,bin_2
config_1195,1536,27,32,0.0042576910927891,0.8095559477806091,0.9407386779785156,0.1109444871544838,2.6051277018268596e-05,128,145204.0,2.310145846784557e+20,38064435200,841721856,8,2.6051277018268596e-05,23999283200.0,1.4565768347336612e+20,91553.0,1.4577464551808403,1.4729243410317625,bin_2
config_1195,1536,27,32,0.0042576910927891,0.8095559477806091,0.9407386779785156,0.1109444871544838,2.6051277018268596e-05,128,145204.0,2.310145846784557e+20,38064435200,841721856,8,2.6051277018268596e-05,27996979200.0,1.6993422921321182e+20,106812.0,1.4417870699675357,1.456703666790587,bin_2
config_1195,1536,27,32,0.0042576910927891,0.8095559477806091,0.9407386779785156,0.1109444871544838,2.6051277018268596e-05,128,145204.0,2.310145846784557e+20,38064435200,841721856,8,2.6051277018268596e-05,31994675200.0,1.9420918398734945e+20,122070.0,1.428946449434171,1.4435964011852858,bin_2
config_1195,1536,27,32,0.0042576910927891,0.8095559477806091,0.9407386779785156,0.1109444871544838,2.6051277018268596e-05,128,145204.0,2.310145846784557e+20,38064435200,841721856,8,1.270139237081641e-05,36005478400.0,2.1848572972719515e+20,137329.0,1.4049513729967056,1.4197157285545694,bin_2
config_1195,1536,27,32,0.0042576910927891,0.8095559477806091,0.9407386779785156,0.1109444871544838,2.6051277018268596e-05,128,145204.0,2.310145846784557e+20,38064435200,841721856,8,6.468750889134081e-09,38063308800.0,2.310145846784557e+20,145204.0,1.391683109842363,1.40612532657678,bin_2
config_1196,1472,27,32,0.0040039326995611,0.8835217952728271,0.9557969570159912,0.0129222935065627,0.0009511162061244,128,55635.0,8.393566540263535e+19,14584528896,796475648,8,0.0009511162061244,3997696000.0,2.302101767554261e+19,15259.0,1.5214818996484163,1.536690347448724,bin_2
config_1196,1472,27,32,0.0040039326995611,0.8835217952728271,0.9557969570159912,0.0129222935065627,0.0009511162061244,128,55635.0,8.393566540263535e+19,14584528896,796475648,8,0.0009511162061244,7995392000.0,4.604203535108521e+19,30518.0,1.4583110481891477,1.4714364844951473,bin_2
config_1196,1472,27,32,0.0040039326995611,0.8835217952728271,0.9557969570159912,0.0129222935065627,0.0009511162061244,128,55635.0,8.393566540263535e+19,14584528896,796475648,8,0.0009511162061244,12006195200.0,6.906154434206949e+19,45776.0,1.4241472273283318,1.4379899453041984,bin_2
config_1196,1472,27,32,0.0040039326995611,0.8835217952728271,0.9557969570159912,0.0129222935065627,0.0009511162061244,128,55635.0,8.393566540263535e+19,14584528896,796475648,8,4.636360336261118e-05,14575206400.0,8.393566540263535e+19,55635.0,1.3845407313987856,1.398471447678863,bin_2
config_1197,1536,24,32,0.0051747481338679,0.8481680750846863,0.9115896224975586,0.1938311159610748,0.0038552181795239,128,151835.0,2.16773240259078e+20,39802761216,756777984,8,0.0038552181795239,3997696000.0,2.1785114585657262e+19,15259.0,1.540783581899815,1.5566179114287018,bin_2
config_1197,1536,24,32,0.0051747481338679,0.8481680750846863,0.9115896224975586,0.1938311159610748,0.0038552181795239,128,151835.0,2.16773240259078e+20,39802761216,756777984,8,0.0038552181795239,7995392000.0,4.357022917131453e+19,30518.0,1.473226568464373,1.4884460810071132,bin_2
config_1197,1536,24,32,0.0051747481338679,0.8481680750846863,0.9115896224975586,0.1938311159610748,0.0038552181795239,128,151835.0,2.16773240259078e+20,39802761216,756777984,8,0.0038552181795239,12006195200.0,6.53539160674387e+19,45776.0,1.4483279340579862,1.463271090730292,bin_2
config_1197,1536,24,32,0.0051747481338679,0.8481680750846863,0.9115896224975586,0.1938311159610748,0.0038552181795239,128,151835.0,2.16773240259078e+20,39802761216,756777984,8,0.0038552181795239,16003891200.0,8.713903065309597e+19,61035.0,1.4330303212658304,1.447951499800213,bin_2
config_1197,1536,24,32,0.0051747481338679,0.8481680750846863,0.9115896224975586,0.1938311159610748,0.0038552181795239,128,151835.0,2.16773240259078e+20,39802761216,756777984,8,0.0038552181795239,20001587200.0,1.0892414523875325e+20,76294.0,1.4269832294886229,1.4408460221915949,bin_2
config_1197,1536,24,32,0.0051747481338679,0.8481680750846863,0.9115896224975586,0.1938311159610748,0.0038552181795239,128,151835.0,2.16773240259078e+20,39802761216,756777984,8,0.0038552181795239,23999283200.0,1.307092598244105e+20,91553.0,1.4206067418954411,1.4343399562210333,bin_2
config_1197,1536,24,32,0.0051747481338679,0.8481680750846863,0.9115896224975586,0.1938311159610748,0.0038552181795239,128,151835.0,2.16773240259078e+20,39802761216,756777984,8,0.0038552181795239,27996979200.0,1.5249437441006777e+20,106812.0,1.4136595914402943,1.4272048566869049,bin_2
config_1197,1536,24,32,0.0051747481338679,0.8481680750846863,0.9115896224975586,0.1938311159610748,0.0038552181795239,128,151835.0,2.16773240259078e+20,39802761216,756777984,8,0.0038552181795239,31994675200.0,1.7427806130619194e+20,122070.0,1.410250191581054,1.4236892878911531,bin_2
config_1197,1536,24,32,0.0051747481338679,0.8481680750846863,0.9115896224975586,0.1938311159610748,0.0038552181795239,128,151835.0,2.16773240259078e+20,39802761216,756777984,8,0.0018974799636562,36005478400.0,1.960631758918492e+20,137329.0,1.3681313434878333,1.3821610161515534,bin_2
config_1197,1536,24,32,0.0051747481338679,0.8481680750846863,0.9115896224975586,0.1938311159610748,0.0038552181795239,128,151835.0,2.16773240259078e+20,39802761216,756777984,8,4.584867016083679e-06,39793459200.0,2.16773240259078e+20,151835.0,1.3241710775015785,1.3369952046968898,bin_2
config_1198,1408,25,32,0.0064699682407081,0.988901138305664,0.9293347597122192,0.19288931787014,9.244633110938594e-05,128,120062.0,1.5460870704814463e+20,31473678336,674612224,16,9.244633110938594e-05,3997696000.0,1.964963319657876e+19,15259.0,1.6074161592077036,1.6228892033999085,bin_2
config_1198,1408,25,32,0.0064699682407081,0.988901138305664,0.9293347597122192,0.19288931787014,9.244633110938594e-05,128,120062.0,1.5460870704814463e+20,31473678336,674612224,16,9.244633110938594e-05,7995392000.0,3.929926639315752e+19,30518.0,1.5089001895560592,1.524660448715335,bin_2
config_1198,1408,25,32,0.0064699682407081,0.988901138305664,0.9293347597122192,0.19288931787014,9.244633110938594e-05,128,120062.0,1.5460870704814463e+20,31473678336,674612224,16,9.244633110938594e-05,12006195200.0,5.8947611849176826e+19,45776.0,1.4618241503199594,1.476008303517201,bin_2
config_1198,1408,25,32,0.0064699682407081,0.988901138305664,0.9293347597122192,0.19288931787014,9.244633110938594e-05,128,120062.0,1.5460870704814463e+20,31473678336,674612224,16,9.244633110938594e-05,16003891200.0,7.85972450457556e+19,61035.0,1.433910078025255,1.44757994866762,bin_2
config_1198,1408,25,32,0.0064699682407081,0.988901138305664,0.9293347597122192,0.19288931787014,9.244633110938594e-05,128,120062.0,1.5460870704814463e+20,31473678336,674612224,16,9.244633110938594e-05,20001587200.0,9.824687824233436e+19,76294.0,1.4138889385833115,1.4279823343089368,bin_2
config_1198,1408,25,32,0.0064699682407081,0.988901138305664,0.9293347597122192,0.19288931787014,9.244633110938594e-05,128,120062.0,1.5460870704814463e+20,31473678336,674612224,16,9.244633110938594e-05,23999283200.0,1.178965114389131e+20,91553.0,1.3999316859049875,1.4138315878539789,bin_2
config_1198,1408,25,32,0.0064699682407081,0.988901138305664,0.9293347597122192,0.19288931787014,9.244633110938594e-05,128,120062.0,1.5460870704814463e+20,31473678336,674612224,16,5.2941672129401344e-05,27996979200.0,1.3754614463549186e+20,106812.0,1.3741959169262743,1.3870747508768175,bin_2
config_1198,1408,25,32,0.0064699682407081,0.988901138305664,0.9293347597122192,0.19288931787014,9.244633110938594e-05,128,120062.0,1.5460870704814463e+20,31473678336,674612224,16,4.7903790193992134e-08,31470387200.0,1.5460870704814463e+20,120062.0,1.3509186409535956,1.3635301896392322,bin_2
config_1199,1600,27,32,0.0016413264675065,0.9715794920921326,0.9699845910072328,0.0505200885236263,0.0005941917188465,128,61988.0,1.0704343582292705e+20,16249878528,921030400,8,0.0005941917188465,3997696000.0,2.6349870736627155e+19,15259.0,1.5033770338238264,1.5187305609124606,bin_2
config_1199,1600,27,32,0.0016413264675065,0.9715794920921326,0.9699845910072328,0.0505200885236263,0.0005941917188465,128,61988.0,1.0704343582292705e+20,16249878528,921030400,8,0.0005941917188465,7995392000.0,5.269974147325431e+19,30518.0,1.4319089237881488,1.4461391877150926,bin_2
config_1199,1600,27,32,0.0016413264675065,0.9715794920921326,0.9699845910072328,0.0505200885236263,0.0005941917188465,128,61988.0,1.0704343582292705e+20,16249878528,921030400,8,0.0005941917188465,12006195200.0,7.904788536862471e+19,45776.0,1.3978249106739389,1.4115939632107,bin_2
config_1199,1600,27,32,0.0016413264675065,0.9715794920921326,0.9699845910072328,0.0505200885236263,0.0005941917188465,128,61988.0,1.0704343582292705e+20,16249878528,921030400,8,0.0001780108055822,16003891200.0,1.0539775610525186e+20,61035.0,1.3541373339735094,1.3675988597752615,bin_2
config_1199,1600,27,32,0.0016413264675065,0.9715794920921326,0.9699845910072328,0.0505200885236263,0.0005941917188465,128,61988.0,1.0704343582292705e+20,16249878528,921030400,8,7.211525172842303e-06,16239820800.0,1.0704343582292704e+20,61988.0,1.346765391220812,1.3599783919092086,bin_2
config_12,1152,11,12,0.011310419999063,0.9212814569473268,0.9259523153305054,0.01957368850708,0.0040657152421772,64,27527.0,6169807591376486400,3608057600,233123328,8,0.0040657152421772,1592524800.0,2.72796629471585e+18,12171.0,2.890217473675017,2.919824368324451,bin_2
config_12,1152,11,12,0.011310419999063,0.9212814569473268,0.9259523153305054,0.01957368850708,0.0040657152421772,64,27527.0,6169807591376486400,3608057600,233123328,8,0.0040657152421772,3191603200.0,5.4559325894317e+18,24342.0,2.6566323834549403,2.684304074013869,bin_2
config_12,1152,11,12,0.011310419999063,0.9212814569473268,0.9259523153305054,0.01957368850708,0.0040657152421772,64,27527.0,6169807591376486400,3608057600,233123328,8,0.0002040414712616,3604480000.0,6.169807591376486e+18,27527.0,2.953870007300478,2.970385828126956,bin_2
config_120,896,4,8,0.0435597114264965,0.9696089029312134,0.9930973052978516,0.1635321974754333,2.475456494721584e-05,128,49289.0,7760142440107868160,12920852480,85426432,16,2.475456494721584e-05,1599078400.0,9.581899996043028e+17,6086.0,2.3525477990166084,2.376198119413657,bin_2
config_120,896,4,8,0.0435597114264965,0.9696089029312134,0.9930973052978516,0.1635321974754333,2.475456494721584e-05,128,49289.0,7760142440107868160,12920852480,85426432,16,2.475456494721584e-05,3185049600.0,1.9162225575392653e+18,12171.0,2.0845198523411987,2.106130856646866,bin_2
config_120,896,4,8,0.0435597114264965,0.9696089029312134,0.9930973052978516,0.1635321974754333,2.475456494721584e-05,128,49289.0,7760142440107868160,12920852480,85426432,16,2.475456494721584e-05,4784128000.0,2.8744125571435684e+18,18257.0,1.9863225803609756,2.005621640799476,bin_2
config_120,896,4,8,0.0435597114264965,0.9696089029312134,0.9930973052978516,0.1635321974754333,2.475456494721584e-05,128,49289.0,7760142440107868160,12920852480,85426432,16,2.475456494721584e-05,6383206400.0,3.832445115078531e+18,24342.0,1.9292031107574208,1.9475961504607904,bin_2
config_120,896,4,8,0.0435597114264965,0.9696089029312134,0.9930973052978516,0.1635321974754333,2.475456494721584e-05,128,49289.0,7760142440107868160,12920852480,85426432,16,2.475456494721584e-05,7982284800.0,4.790635114682834e+18,30428.0,1.8898209526499763,1.908435824699089,bin_2
config_120,896,4,8,0.0435597114264965,0.9696089029312134,0.9930973052978516,0.1635321974754333,2.475456494721584e-05,128,49289.0,7760142440107868160,12920852480,85426432,16,2.475456494721584e-05,9568256000.0,5.748825114287137e+18,36514.0,1.858050893681948,1.8791544621108007,bin_2
config_120,896,4,8,0.0435597114264965,0.9696089029312134,0.9930973052978516,0.1635321974754333,2.475456494721584e-05,128,49289.0,7760142440107868160,12920852480,85426432,16,2.054383187741027e-05,11167334400.0,6.706857672222099e+18,42599.0,1.8328643327072016,1.8534586184923767,bin_2
config_120,896,4,8,0.0435597114264965,0.9696089029312134,0.9930973052978516,0.1635321974754333,2.475456494721584e-05,128,49289.0,7760142440107868160,12920852480,85426432,16,1.8089874384503864e-06,12766412800.0,7.665047671826403e+18,48685.0,1.811053668514627,1.8312398970713384,bin_2
config_120,896,4,8,0.0435597114264965,0.9696089029312134,0.9930973052978516,0.1635321974754333,2.475456494721584e-05,128,49289.0,7760142440107868160,12920852480,85426432,16,1.1978015297040001e-07,12910592000.0,7.760142440107868e+18,49289.0,1.810273855748724,1.8302090729650904,bin_2
config_1200,1408,28,32,0.0099931014701724,0.9868639707565308,0.9766306281089784,0.1920600533485412,0.0077229803428053,128,76294.0,1.3624984170310926e+20,24996177920,747070720,8,0.0077229803428053,4999301109.933678,1.3624984170310926e+20,15259.0,3.587246434649483,3.5957003233471854,bin_2
config_1200,1408,28,32,0.0099931014701724,0.9868639707565308,0.9766306281089784,0.1920600533485412,0.0077229803428053,128,76294.0,1.3624984170310926e+20,24996177920,747070720,8,0.0077229803428053,9998602219.867355,1.3624984170310926e+20,30518.0,3.5832123170524346,3.5988507622187256,bin_2
config_1200,1408,28,32,0.0099931014701724,0.9868639707565308,0.9766306281089784,0.1920600533485412,0.0077229803428053,128,76294.0,1.3624984170310926e+20,24996177920,747070720,8,0.0077229803428053,14997575700.132643,1.3624984170310926e+20,45776.0,3.493525887786365,3.524731264935165,bin_2
config_1200,1408,28,32,0.0099931014701724,0.9868639707565308,0.9766306281089784,0.1920600533485412,0.0077229803428053,128,76294.0,1.3624984170310926e+20,24996177920,747070720,8,0.0077229803428053,19996876810.066322,1.3624984170310926e+20,61035.0,3.632916676450949,3.6155121115387465,bin_2
config_1200,1408,28,32,0.0099931014701724,0.9868639707565308,0.9766306281089784,0.1920600533485412,0.0077229803428053,128,76294.0,1.3624984170310926e+20,24996177920,747070720,8,0.0,24996177920.0,1.3624984170310926e+20,76294.0,3.708247992640636,3.7036583281345057,bin_2
config_121,832,13,16,0.0113221295177936,0.8992184400558472,0.9905765056610109,0.15568907558918,0.000264307425823,64,42705.0,6612526030458716160,5597517824,152608768,8,0.000264307425823,1592524800.0,1.8845815318279603e+18,12171.0,1.734202278090305,1.7522370873513768,bin_2
config_121,832,13,16,0.0113221295177936,0.8992184400558472,0.9905765056610109,0.15568907558918,0.000264307425823,64,42705.0,6612526030458716160,5597517824,152608768,8,0.000264307425823,3191603200.0,3.7691630636559206e+18,24342.0,1.6500152193522843,1.6676392328348315,bin_2
config_121,832,13,16,0.0113221295177936,0.8992184400558472,0.9905765056610109,0.15568907558918,0.000264307425823,64,42705.0,6612526030458716160,5597517824,152608768,8,0.0002466948822551,4784128000.0,5.653899437446893e+18,36514.0,1.6107113077796873,1.6246080524999589,bin_2
config_121,832,13,16,0.0113221295177936,0.8992184400558472,0.9905765056610109,0.15568907558918,0.000264307425823,64,42705.0,6612526030458716160,5597517824,152608768,8,1.9878717345296745e-07,5596774400.0,6.612526030458716e+18,42705.0,1.5599617207050325,1.5733556355413842,bin_2
config_122,512,6,8,0.0621223002672195,0.8897701501846313,0.9660729765892028,0.0235373154282569,1.528522261651233e-05,64,51604.0,2385169141038317568,6763908096,46195712,16,1.528522261651233e-05,1592524800.0,5.625512288887947e+17,12171.0,2.492538533591445,2.517580976136919,bin_1
config_122,512,6,8,0.0621223002672195,0.8897701501846313,0.9660729765892028,0.0235373154282569,1.528522261651233e-05,64,51604.0,2385169141038317568,6763908096,46195712,16,1.528522261651233e-05,3191603200.0,1.1251024577775894e+18,24342.0,2.2082448086039865,2.231058431438729,bin_1
config_122,512,6,8,0.0621223002672195,0.8897701501846313,0.9660729765892028,0.0235373154282569,1.528522261651233e-05,64,51604.0,2385169141038317568,6763908096,46195712,16,1.528522261651233e-05,4784128000.0,1.6876999072915497e+18,36514.0,2.090248083037591,2.111358367209136,bin_1
config_122,512,6,8,0.0621223002672195,0.8897701501846313,0.9660729765892028,0.0235373154282569,1.528522261651233e-05,64,51604.0,2385169141038317568,6763908096,46195712,16,1.528522261651233e-05,6383206400.0,2.2502511361803443e+18,48685.0,2.0219884916297537,2.042721308668113,bin_1
config_122,512,6,8,0.0621223002672195,0.8897701501846313,0.9660729765892028,0.0235373154282569,1.528522261651233e-05,64,51604.0,2385169141038317568,6763908096,46195712,16,5.036317171832788e-08,6763315200.0,2.3851691410383176e+18,51604.0,2.003034903463832,2.0233573575830643,bin_1
config_124,512,6,16,0.0200212094932794,0.9471274614334106,0.9536486864089966,0.2233599871397018,0.000214345214772,64,12898.0,596173485013991424,1690640128,46195712,16,5.567021550329323e-05,1592524800.0,5.625699710114196e+17,12171.0,1.845245260100272,1.864960854593643,bin_0
config_124,512,6,16,0.0200212094932794,0.9471274614334106,0.9536486864089966,0.2233599871397018,0.000214345214772,64,12898.0,596173485013991424,1690640128,46195712,16,3.5724202462006306e-06,1684275200.0,5.961734850139914e+17,12898.0,1.8344413564431847,1.8540224748591332,bin_0
config_125,512,12,16,0.0832136124372482,0.8749970197677612,0.913178563117981,0.1931610256433487,0.0008339219493791,64,45823.0,3308246406268452864,6006118912,66649088,16,0.0008339219493791,1592524800.0,8.786999325817459e+17,12171.0,1.8493124157973555,1.8685528171247163,bin_1
config_125,512,12,16,0.0832136124372482,0.8749970197677612,0.913178563117981,0.1931610256433487,0.0008339219493791,64,45823.0,3308246406268452864,6006118912,66649088,16,0.0008339219493791,3191603200.0,1.7573998651634918e+18,24342.0,1.799897125161947,1.8183557164983688,bin_1
config_125,512,12,16,0.0832136124372482,0.8749970197677612,0.913178563117981,0.1931610256433487,0.0008339219493791,64,45823.0,3308246406268452864,6006118912,66649088,16,0.0008339219493791,4784128000.0,2.63617199394379e+18,36514.0,1.7784071386834548,1.7960332427935009,bin_1
config_125,512,12,16,0.0832136124372482,0.8749970197677612,0.913178563117981,0.1931610256433487,0.0008339219493791,64,45823.0,3308246406268452864,6006118912,66649088,16,2.1670099238187872e-06,6003097600.0,3.308246406268453e+18,45823.0,1.6607525390062758,1.6771030747189692,bin_1
config_126,960,12,12,0.0010296918917447,0.9298856258392334,0.9253758788108826,0.1140989959239959,0.0002723115321714,64,22242.0,3990995035800698880,2915319552,181000320,8,0.0002723115321714,1592524800.0,2.183904351260242e+18,12171.0,1.7417032975885085,1.7589841402207274,bin_1
config_126,960,12,12,0.0010296918917447,0.9298856258392334,0.9253758788108826,0.1140989959239959,0.0002723115321714,64,22242.0,3990995035800698880,2915319552,181000320,8,4.50811365833683e-06,2909798400.0,3.990995035800699e+18,22242.0,1.6269356436961229,1.6435966649822389,bin_1
config_128,1024,19,16,0.0302694085985422,0.8174729347229004,0.9236218929290771,0.2408254295587539,0.0002982383302878,64,29732.0,8773933395442925568,3897120256,295579648,8,0.0002982383302878,1592524800.0,3.591670367144351e+18,12171.0,1.7227639848091565,1.7410496790291834,bin_2
config_128,1024,19,16,0.0302694085985422,0.8174729347229004,0.9236218929290771,0.2408254295587539,0.0002982383302878,64,29732.0,8773933395442925568,3897120256,295579648,8,0.0002241785884929,3191603200.0,7.183340734288702e+18,24342.0,1.6302842591629654,1.6476397669510765,bin_2
config_128,1024,19,16,0.0302694085985422,0.8174729347229004,0.9236218929290771,0.2408254295587539,0.0002982383302878,64,29732.0,8773933395442925568,3897120256,295579648,8,1.3329087387167022e-06,3892838400.0,8.773933395442926e+18,29732.0,1.5660907311419971,1.582336216754601,bin_2
config_129,896,23,8,0.0045051523484289,0.9197020530700684,0.9563891887664796,0.136887639760971,0.0002345518587389,64,11066.0,3146912212510015488,1450509184,277218816,8,0.0002345518587389,727449600.0,1.5734561062550075e+18,5533.0,1.8152002261197069,1.834440807261995,bin_1
config_129,896,23,8,0.0045051523484289,0.9197020530700684,0.9563891887664796,0.136887639760971,0.0002345518587389,64,11066.0,3146912212510015488,1450509184,277218816,8,2.478751479408146e-06,1448345600.0,3.1469122125100155e+18,11066.0,1.6667980675063734,1.6842986214261435,bin_1
config_13,512,17,16,0.0077903103083372,0.8364718556404114,0.9210257530212402,0.1558320522308349,0.0003470052033662,64,51561.0,4838694406987972608,6758298624,83693568,16,0.0003470052033662,1592524800.0,1.1421762500232852e+18,12171.0,1.8199601849876736,1.8385526601721456,bin_1
config_13,512,17,16,0.0077903103083372,0.8364718556404114,0.9210257530212402,0.1558320522308349,0.0003470052033662,64,51561.0,4838694406987972608,6758298624,83693568,16,0.0003470052033662,3191603200.0,2.2843525000465705e+18,24342.0,1.75041654402581,1.7685464756227154,bin_1
config_13,512,17,16,0.0077903103083372,0.8364718556404114,0.9210257530212402,0.1558320522308349,0.0003470052033662,64,51561.0,4838694406987972608,6758298624,83693568,16,0.0003470052033662,4784128000.0,3.4266225941459405e+18,36514.0,1.7238349309487289,1.7402544025293465,bin_1
config_13,512,17,16,0.0077903103083372,0.8364718556404114,0.9210257530212402,0.1558320522308349,0.0003470052033662,64,51561.0,4838694406987972608,6758298624,83693568,16,0.0001235725525057,6383206400.0,4.5687988441692257e+18,48685.0,1.665062126009182,1.680607610504989,bin_1
config_13,512,17,16,0.0077903103083372,0.8364718556404114,0.9210257530212402,0.1558320522308349,0.0003470052033662,64,51561.0,4838694406987972608,6758298624,83693568,16,4.751129246986698e-07,6756761600.0,4.838694406987973e+18,51561.0,1.6436853906116695,1.6590502277493635,bin_1
config_130,256,4,4,0.0314527750015258,0.9241002202033995,0.9116182923316956,0.2847696542739868,8.906439325073734e-05,64,72640.0,1169564422330908672,9521153024,16281088,16,8.906439325073734e-05,1592524800.0,1.95963223901287e+17,12171.0,2.2192750176671536,2.2425036636383893,bin_1
config_130,256,4,4,0.0314527750015258,0.9241002202033995,0.9116182923316956,0.2847696542739868,8.906439325073734e-05,64,72640.0,1169564422330908672,9521153024,16281088,16,8.906439325073734e-05,3191603200.0,3.91926447802574e+17,24342.0,2.088634954673294,2.111204022045261,bin_1
config_130,256,4,4,0.0314527750015258,0.9241002202033995,0.9116182923316956,0.2847696542739868,8.906439325073734e-05,64,72640.0,1169564422330908672,9521153024,16281088,16,8.906439325073734e-05,4784128000.0,5.879057725356663e+17,36514.0,2.0431553355711034,2.064273001121138,bin_1
config_130,256,4,4,0.0314527750015258,0.9241002202033995,0.9116182923316956,0.2847696542739868,8.906439325073734e-05,64,72640.0,1169564422330908672,9521153024,16281088,16,8.906439325073734e-05,6383206400.0,7.838689964369532e+17,48685.0,2.0183807840050845,2.0392222916251748,bin_1
config_130,256,4,4,0.0314527750015258,0.9241002202033995,0.9116182923316956,0.2847696542739868,8.906439325073734e-05,64,72640.0,1169564422330908672,9521153024,16281088,16,5.076476656641011e-05,7975731200.0,9.798322203382404e+17,60856.0,1.9943154813498,2.014842378118892,bin_1
config_130,256,4,4,0.0314527750015258,0.9241002202033995,0.9116182923316956,0.2847696542739868,8.906439325073734e-05,64,72640.0,1169564422330908672,9521153024,16281088,16,1.7222991201496106e-07,9515827200.0,1.1695644223309087e+18,72640.0,1.975528776586424,1.9967008007901428,bin_1
config_131,896,16,8,0.1204774156212806,0.9701463580131532,0.9962975978851318,0.157887578010559,4.5667682570638135e-05,64,7924.0,1653042323649282048,1038672704,206558464,8,4.5667682570638135e-05,517734400.0,8.26521161824641e+17,3962.0,2.118742009814569,2.140476282788076,bin_1
config_131,896,16,8,0.1204774156212806,0.9701463580131532,0.9962975978851318,0.157887578010559,4.5667682570638135e-05,64,7924.0,1653042323649282048,1038672704,206558464,8,8.761186104678725e-07,1035468800.0,1.653042323649282e+18,7924.0,1.9094116517455693,1.9292131064237643,bin_1
config_133,256,19,16,0.0239542946219444,0.8186690807342529,0.9359500408172609,0.2213456481695175,0.0003435621911194,64,67753.0,2609897244741599232,8880600064,29068288,16,0.0003435621911194,1592524800.0,4.688362045333786e+17,12171.0,1.965902125360872,1.987165043835739,bin_1
config_133,256,19,16,0.0239542946219444,0.8186690807342529,0.9359500408172609,0.2213456481695175,0.0003435621911194,64,67753.0,2609897244741599232,8880600064,29068288,16,0.0003435621911194,3191603200.0,9.376724090667572e+17,24342.0,1.895836312409372,1.916347734390624,bin_1
config_133,256,19,16,0.0239542946219444,0.8186690807342529,0.9359500408172609,0.2213456481695175,0.0003435621911194,64,67753.0,2609897244741599232,8880600064,29068288,16,0.0003435621911194,4784128000.0,1.4065471343629768e+18,36514.0,1.875355215871529,1.8943129798917924,bin_1
config_133,256,19,16,0.0239542946219444,0.8186690807342529,0.9359500408172609,0.2213456481695175,0.0003435621911194,64,67753.0,2609897244741599232,8880600064,29068288,16,0.0003435621911194,6383206400.0,1.8753833388963556e+18,48685.0,1.857416725174488,1.8760864642626829,bin_1
config_133,256,19,16,0.0239542946219444,0.8186690807342529,0.9359500408172609,0.2213456481695175,0.0003435621911194,64,67753.0,2609897244741599232,8880600064,29068288,16,0.0001581494935514,7975731200.0,2.344219543429734e+18,60856.0,1.8143386064597504,1.8326695179701804,bin_1
config_133,256,19,16,0.0239542946219444,0.8186690807342529,0.9359500408172609,0.2213456481695175,0.0003435621911194,64,67753.0,2609897244741599232,8880600064,29068288,16,6.87307664282589e-08,8880128000.0,2.609897244741599e+18,67753.0,1.7824669899813856,1.80209164843266,bin_1
config_134,1024,5,16,0.0203004758805036,0.92259681224823,0.9090343713760376,0.1144875958561897,0.0013346225023269,32,12810.0,688488257243971584,839535168,115720192,16,0.0013346225023269,419430400.0,3.442441286219858e+17,6405.0,2.023989027520714,2.0453282567773927,bin_0
config_134,1024,5,16,0.0203004758805036,0.92259681224823,0.9090343713760376,0.1144875958561897,0.0013346225023269,32,12810.0,688488257243971584,839535168,115720192,16,9.10383698722356e-06,838860800.0,6.884882572439716e+17,12810.0,1.8432305422035629,1.8614612691130747,bin_0
config_135,896,11,16,0.0449550673365592,0.9500080943107604,0.9579784870147704,0.2993337213993072,0.000137306182296,64,35254.0,5446325124812242944,4620941312,156086784,8,0.000137306182296,1592524800.0,1.8802752338483525e+18,12171.0,1.7782362795358846,1.7967542866791464,bin_1
config_135,896,11,16,0.0449550673365592,0.9500080943107604,0.9579784870147704,0.2993337213993072,0.000137306182296,64,35254.0,5446325124812242944,4620941312,156086784,8,0.000137306182296,3191603200.0,3.760550467696705e+18,24342.0,1.6880732429654108,1.7055959822796614,bin_1
config_135,896,11,16,0.0449550673365592,0.9500080943107604,0.9579784870147704,0.2993337213993072,0.000137306182296,64,35254.0,5446325124812242944,4620941312,156086784,8,5.204934886126602e-08,4620288000.0,5.446325124812243e+18,35254.0,1.610162923906704,1.626078359093668,bin_1
config_137,640,11,20,0.0377118177711963,0.9578600525856018,0.9398182034492492,0.1110697239637374,1.040064944390906e-05,32,5331.0,245043393122181120,349415392,88061440,16,1.040064944390906e-05,173670400.0,1.2249871368797837e+17,2665.0,3.1524161513592035,3.184636499530784,bin_0
config_137,640,11,20,0.0377118177711963,0.9578600525856018,0.9398182034492492,0.1110697239637374,1.040064944390906e-05,32,5331.0,245043393122181120,349415392,88061440,16,5.446286026371298e-07,347340800.0,2.4504339312218112e+17,5331.0,2.9061325230889103,2.93544430258938,bin_0
config_138,1152,17,16,0.0711811631917953,0.8830775022506714,0.9837164878845216,0.2815972566604614,0.0002150253567378,32,4400.0,707406768770531328,288362432,328688640,8,0.0002150253567378,144179200.0,3.5370338438526566e+17,2200.0,2.1304766049345987,2.1518261108828374,bin_0
config_138,1152,17,16,0.0711811631917953,0.8830775022506714,0.9837164878845216,0.2815972566604614,0.0002150253567378,32,4400.0,707406768770531328,288362432,328688640,8,0.0,288358400.0,7.074067687705313e+17,4400.0,1.8984541900040672,1.9175247775726632,bin_0
config_139,1152,13,24,0.0069242739118635,0.838340163230896,0.9293854832649232,0.212120771408081,4.95075510116294e-05,128,47354.0,24302744578512912384,12413710336,264978432,8,4.95075510116294e-05,1599078400.0,3.123421537881268e+18,6086.0,1.944879301805965,1.9658408160287824,bin_2
config_139,1152,13,24,0.0069242739118635,0.838340163230896,0.9293854832649232,0.212120771408081,4.95075510116294e-05,128,47354.0,24302744578512912384,12413710336,264978432,8,4.95075510116294e-05,3185049600.0,6.246329861576227e+18,12171.0,1.7795610802095445,1.798833862269511,bin_2
config_139,1152,13,24,0.0069242739118635,0.838340163230896,0.9293854832649232,0.212120771408081,4.95075510116294e-05,128,47354.0,24302744578512912384,12413710336,264978432,8,4.95075510116294e-05,4784128000.0,9.369751399457495e+18,18257.0,1.7098906335478925,1.726576503867009,bin_2
config_139,1152,13,24,0.0069242739118635,0.838340163230896,0.9293854832649232,0.212120771408081,4.95075510116294e-05,128,47354.0,24302744578512912384,12413710336,264978432,8,4.95075510116294e-05,6383206400.0,1.2492659723152454e+19,24342.0,1.6673390282177534,1.683613126258381,bin_2
config_139,1152,13,24,0.0069242739118635,0.838340163230896,0.9293854832649232,0.212120771408081,4.95075510116294e-05,128,47354.0,24302744578512912384,12413710336,264978432,8,4.95075510116294e-05,7982284800.0,1.5616081261033724e+19,30428.0,1.63741195913221,1.6532812279951377,bin_2
config_139,1152,13,24,0.0069242739118635,0.838340163230896,0.9293854832649232,0.212120771408081,4.95075510116294e-05,128,47354.0,24302744578512912384,12413710336,264978432,8,4.95075510116294e-05,9568256000.0,1.8739502798914994e+19,36514.0,1.6146379796012502,1.6299076342191852,bin_2
config_139,1152,13,24,0.0069242739118635,0.838340163230896,0.9293854832649232,0.212120771408081,4.95075510116294e-05,128,47354.0,24302744578512912384,12413710336,264978432,8,2.343278549475171e-05,11167334400.0,2.186241112260995e+19,42599.0,1.5825374441654956,1.5972921692152493,bin_2
config_139,1152,13,24,0.0069242739118635,0.838340163230896,0.9293854832649232,0.212120771408081,4.95075510116294e-05,128,47354.0,24302744578512912384,12413710336,264978432,8,1.97162688218364e-08,12412518400.0,2.4302744578512912e+19,47354.0,1.5648159172886709,1.5794747086626584,bin_2
config_14,256,16,16,0.0269946958869695,0.860435962677002,0.9427583813667296,0.0423292107880115,0.0002349194401176,64,19182.0,652893645850804224,2514246144,26510848,16,0.0002349194401176,1592524800.0,4.142617330648597e+17,12171.0,1.973507345973287,1.9946140247446933,bin_0
config_14,256,16,16,0.0269946958869695,0.860435962677002,0.9427583813667296,0.0423292107880115,0.0002349194401176,64,19182.0,652893645850804224,2514246144,26510848,16,9.269324394285152e-06,2510028800.0,6.528936458508042e+17,19182.0,1.88754202012802,1.9076201205052403,bin_0
config_140,704,18,16,0.0034730962943285,0.9060853123664856,0.9462706446647644,0.2942233085632324,3.637058398453519e-05,128,40908.0,12922899703387914240,10724007936,148962176,8,3.637058398453519e-05,1599078400.0,1.92257669880754e+18,6086.0,2.126814425538798,2.149145905697932,bin_2
config_140,704,18,16,0.0034730962943285,0.9060853123664856,0.9462706446647644,0.2942233085632324,3.637058398453519e-05,128,40908.0,12922899703387914240,10724007936,148962176,8,3.637058398453519e-05,3185049600.0,3.844837496087179e+18,12171.0,1.9017973970585185,1.922469544430248,bin_2
config_140,704,18,16,0.0034730962943285,0.9060853123664856,0.9462706446647644,0.2942233085632324,3.637058398453519e-05,128,40908.0,12922899703387914240,10724007936,148962176,8,3.637058398453519e-05,4784128000.0,5.767414194894718e+18,18257.0,1.8139428348033155,1.8308606950376856,bin_2
config_140,704,18,16,0.0034730962943285,0.9060853123664856,0.9462706446647644,0.2942233085632324,3.637058398453519e-05,128,40908.0,12922899703387914240,10724007936,148962176,8,3.637058398453519e-05,6383206400.0,7.689674992174358e+18,24342.0,1.761539320261752,1.778338288557334,bin_2
config_140,704,18,16,0.0034730962943285,0.9060853123664856,0.9462706446647644,0.2942233085632324,3.637058398453519e-05,128,40908.0,12922899703387914240,10724007936,148962176,8,3.160215747011208e-05,7982284800.0,9.612251690981898e+18,30428.0,1.7233305050896817,1.7400381396051312,bin_2
config_140,704,18,16,0.0034730962943285,0.9060853123664856,0.9462706446647644,0.2942233085632324,3.637058398453519e-05,128,40908.0,12922899703387914240,10724007936,148962176,8,1.3320167348274437e-05,9568256000.0,1.1534828389789436e+19,36514.0,1.6879053039042675,1.7053670027216927,bin_2
config_140,704,18,16,0.0034730962943285,0.9060853123664856,0.9462706446647644,0.2942233085632324,3.637058398453519e-05,128,40908.0,12922899703387914240,10724007936,148962176,8,2.4174532392517678e-08,10721689600.0,1.2922899703387914e+19,40908.0,1.6743395567526582,1.6915172454177356,bin_2
config_142,640,22,10,0.004982475657016,0.947515904903412,0.9088433384895324,0.2068767696619033,0.0004552711907308,32,4789.0,379612480558080000,313852000,143944960,8,0.0004552711907308,157286400.0,1.8976660648487024e+17,2394.0,2.2457389866621944,2.268742862573029,bin_0
config_142,640,22,10,0.004982475657016,0.947515904903412,0.9088433384895324,0.2068767696619033,0.0004552711907308,32,4789.0,379612480558080000,313852000,143944960,8,1.7934925695457945e-05,311296000.0,3.7961248055808e+17,4789.0,1.9853039980921905,2.005757874111056,bin_0
config_143,832,7,16,0.0075609101913869,0.955179750919342,0.9478598833084106,0.2773872911930084,0.0002514373336452,64,27633.0,2723526082854420480,3621999360,101480704,16,0.0002514373336452,1592524800.0,1.1995815132059912e+18,12171.0,1.7884189288622236,1.806713539613892,bin_1
config_143,832,7,16,0.0075609101913869,0.955179750919342,0.9478598833084106,0.2773872911930084,0.0002514373336452,64,27633.0,2723526082854420480,3621999360,101480704,16,0.0001076932506663,3191603200.0,2.3991630264119823e+18,24342.0,1.6850830688019522,1.7021589232262555,bin_1
config_143,832,7,16,0.0075609101913869,0.955179750919342,0.9478598833084106,0.2773872911930084,0.0002514373336452,64,27633.0,2723526082854420480,3621999360,101480704,16,1.0825090685316469e-06,3617587200.0,2.7235260828544205e+18,27633.0,1.6585222212729362,1.6753502478773532,bin_1
config_145,512,13,8,0.0012072670506313,0.9570940732955932,0.9803966283798218,0.2242175787687301,0.0001036573958117,32,14001.0,535754457667141632,917634752,70057984,16,0.0001036573958117,458752000.0,2.678580961124199e+17,7000.0,2.065957723461855,2.087378431078716,bin_0
config_145,512,13,8,0.0012072670506313,0.9570940732955932,0.9803966283798218,0.2242175787687301,0.0001036573958117,32,14001.0,535754457667141632,917634752,70057984,16,3.30224261904259e-08,917504000.0,5.357544576671416e+17,14001.0,1.894562973525678,1.913933694551668,bin_0
config_146,512,6,16,0.0957846716046333,0.806829571723938,0.9084144830703736,0.1919735223054886,5.182906534173526e-05,32,4260.0,98471546572898304,279247488,46195712,16,5.182906534173526e-05,140902400.0,4.923577328644915e+16,2130.0,2.853143442441897,2.881890873548112,bin_0
config_146,512,6,16,0.0957846716046333,0.806829571723938,0.9084144830703736,0.1919735223054886,5.182906534173526e-05,32,4260.0,98471546572898304,279247488,46195712,16,6.343826847213558e-07,278528000.0,9.84715465728983e+16,4260.0,2.6448628621590538,2.671808368295253,bin_0
config_147,768,15,24,0.0042094280943274,0.8424946069717407,0.9508960247039796,0.0239343177527189,0.0025765285827219,128,39883.0,12042325546660528128,10455205888,144804864,8,0.0025765285827219,1599078400.0,1.8376148553763756e+18,6086.0,1.7187773814357694,1.7364965199642497,bin_2
config_147,768,15,24,0.0042094280943274,0.8424946069717407,0.9508960247039796,0.0239343177527189,0.0025765285827219,128,39883.0,12042325546660528128,10455205888,144804864,8,0.0025765285827219,3185049600.0,3.674927769435732e+18,12171.0,1.6444205824273532,1.6624751709523748,bin_2
config_147,768,15,24,0.0042094280943274,0.8424946069717407,0.9508960247039796,0.0239343177527189,0.0025765285827219,128,39883.0,12042325546660528128,10455205888,144804864,8,0.0025765285827219,4784128000.0,5.512542624812107e+18,18257.0,1.6140280790602577,1.629235442075573,bin_2
config_147,768,15,24,0.0042094280943274,0.8424946069717407,0.9508960247039796,0.0239343177527189,0.0025765285827219,128,39883.0,12042325546660528128,10455205888,144804864,8,0.0025765285827219,6383206400.0,7.349855538871464e+18,24342.0,1.594505631630538,1.6095000765362724,bin_2
config_147,768,15,24,0.0042094280943274,0.8424946069717407,0.9508960247039796,0.0239343177527189,0.0025765285827219,128,39883.0,12042325546660528128,10455205888,144804864,8,0.0025765285827219,7982284800.0,9.18747039424784e+18,30428.0,1.5805524077767232,1.595803098717674,bin_2
config_147,768,15,24,0.0042094280943274,0.8424946069717407,0.9508960247039796,0.0239343177527189,0.0025765285827219,128,39883.0,12042325546660528128,10455205888,144804864,8,0.0025765285827219,9568256000.0,1.1025085249624214e+19,36514.0,1.5710721037231508,1.5852235733876463,bin_2
config_147,768,15,24,0.0042094280943274,0.8424946069717407,0.9508960247039796,0.0239343177527189,0.0025765285827219,128,39883.0,12042325546660528128,10455205888,144804864,8,8.912520254698549e-05,10446438400.0,1.2042325546660528e+19,39883.0,1.530611944882596,1.5444577621631934,bin_2
config_148,768,24,6,0.0010892336722463,0.8342776894569397,0.9559993147850036,0.124794878065586,0.0006141236517578,32,12737.0,1422289425458626560,834737088,208519680,8,0.0006141236517578,416153600.0,7.110888797456649e+17,6368.0,1.9211985856485492,1.94005333285871,bin_1
config_148,768,24,6,0.0010892336722463,0.8342776894569397,0.9559993147850036,0.124794878065586,0.0006141236517578,32,12737.0,1422289425458626560,834737088,208519680,8,1.4299921406570135e-05,832307200.0,1.4222894254586266e+18,12737.0,1.748129496251649,1.765124737554077,bin_1
config_149,1024,9,16,0.0751291438937187,0.9113813042640686,0.9885201454162598,0.0741611123085022,0.000153317436343,128,49599.0,15980105768166752256,13002237952,167108608,8,0.000153317436343,1599078400.0,1.960824284865881e+18,6086.0,1.8112461912241136,1.8306406970688556,bin_2
config_149,1024,9,16,0.0751291438937187,0.9113813042640686,0.9885201454162598,0.0741611123085022,0.000153317436343,128,49599.0,15980105768166752256,13002237952,167108608,8,0.000153317436343,3185049600.0,3.921326383684299e+18,12171.0,1.6967736873665793,1.7152355193505522,bin_2
config_149,1024,9,16,0.0751291438937187,0.9113813042640686,0.9885201454162598,0.0741611123085022,0.000153317436343,128,49599.0,15980105768166752256,13002237952,167108608,8,0.000153317436343,4784128000.0,5.88215066855018e+18,18257.0,1.645605075339802,1.6616681785075391,bin_2
config_149,1024,9,16,0.0751291438937187,0.9113813042640686,0.9885201454162598,0.0741611123085022,0.000153317436343,128,49599.0,15980105768166752256,13002237952,167108608,8,0.000153317436343,6383206400.0,7.842652767368598e+18,24342.0,1.6151922127067069,1.6307759616804904,bin_2
config_149,1024,9,16,0.0751291438937187,0.9113813042640686,0.9885201454162598,0.0741611123085022,0.000153317436343,128,49599.0,15980105768166752256,13002237952,167108608,8,0.000153317436343,7982284800.0,9.80347705223448e+18,30428.0,1.5939252554002354,1.6096344249561183,bin_2
config_149,1024,9,16,0.0751291438937187,0.9113813042640686,0.9885201454162598,0.0741611123085022,0.000153317436343,128,49599.0,15980105768166752256,13002237952,167108608,8,0.000153317436343,9568256000.0,1.176430133710036e+19,36514.0,1.5786972975730895,1.5937320170246188,bin_2
config_149,1024,9,16,0.0751291438937187,0.9113813042640686,0.9885201454162598,0.0741611123085022,0.000153317436343,128,49599.0,15980105768166752256,13002237952,167108608,8,0.000153317436343,11167334400.0,1.3724803435918778e+19,42599.0,1.567544578587423,1.5819630424702753,bin_2
config_149,1024,9,16,0.0751291438937187,0.9113813042640686,0.9885201454162598,0.0741611123085022,0.000153317436343,128,49599.0,15980105768166752256,13002237952,167108608,8,3.747481655041054e-05,12766412800.0,1.568562772078466e+19,48685.0,1.5289132180370268,1.5428657494802944,bin_2
config_149,1024,9,16,0.0751291438937187,0.9113813042640686,0.9885201454162598,0.0741611123085022,0.000153317436343,128,49599.0,15980105768166752256,13002237952,167108608,8,2.042565084505127e-06,12989235200.0,1.5980105768166752e+19,49599.0,1.519128260886083,1.535141661557995,bin_2
config_150,768,9,12,0.0257197842001914,0.8373668789863586,0.9811001420021056,0.098066858947277,9.669139399193229e-05,32,8614.0,442459950908866560,564540992,102328320,16,9.669139399193229e-05,281804800.0,2.2122997545443328e+17,4307.0,2.157970175586763,2.17968015995182,bin_0
config_150,768,9,12,0.0257197842001914,0.8373668789863586,0.9811001420021056,0.098066858947277,9.669139399193229e-05,32,8614.0,442459950908866560,564540992,102328320,16,1.6038856823306357e-06,563609600.0,4.4245995090886656e+17,8614.0,1.9505544801618235,1.97101288115392,bin_0
config_151,704,9,8,0.0990390032529831,0.9255010485649108,0.9917033314704896,0.1366190612316131,0.0006168645923025,64,7977.0,741078998983876608,1045677632,92178944,16,0.0006168645923025,524288000.0,3.704930485079228e+17,3988.0,1.889807921198548,1.9089354583474456,bin_0
config_151,704,9,8,0.0990390032529831,0.9255010485649108,0.9917033314704896,0.1366190612316131,0.0006168645923025,64,7977.0,741078998983876608,1045677632,92178944,16,1.5294163445518844e-05,1042022400.0,7.410789989838766e+17,7977.0,1.7369555700802413,1.7556605185837042,bin_0
config_152,1152,17,24,0.0105846812948584,0.8561805486679077,0.9279930591583252,0.036378264427185,0.0075398376211524,64,34296.0,11027945535298338816,4495355904,328688640,8,0.0075398376211524,1592524800.0,3.913608733091792e+18,12171.0,3.261331171989441,3.2950021638635727,bin_2
config_152,1152,17,24,0.0105846812948584,0.8561805486679077,0.9279930591583252,0.036378264427185,0.0075398376211524,64,34296.0,11027945535298338816,4495355904,328688640,8,0.0075398376211524,3191603200.0,7.827217466183583e+18,24342.0,3.194074118489125,3.2258072028785456,bin_2
config_152,1152,17,24,0.0105846812948584,0.8561805486679077,0.9279930591583252,0.036378264427185,0.0075398376211524,64,34296.0,11027945535298338816,4495355904,328688640,8,0.0002781335449663,4489216000.0,1.102794553529834e+19,34296.0,3.0739690260808974,3.105610683511515,bin_2
config_154,640,10,20,0.0161739960312843,0.9487506747245787,0.9566959738731384,0.2890935838222503,9.53442431637086e-05,64,22506.0,1932485669636014080,2949943296,82981120,16,9.53442431637086e-05,1592524800.0,1.0450672303003612e+18,12171.0,1.8779456246876325,1.898514173968893,bin_1
config_154,640,10,20,0.0161739960312843,0.9487506747245787,0.9566959738731384,0.2890935838222503,9.53442431637086e-05,64,22506.0,1932485669636014080,2949943296,82981120,16,8.792890546914675e-08,2949120000.0,1.932485669636014e+18,22506.0,1.7651834141621825,1.7841463733501122,bin_1
config_155,384,7,6,0.0993761494755745,0.8123986124992371,0.9582383036613464,0.1867299973964691,0.0001412643323419,32,13357.0,224296341526609920,875417856,31698432,16,0.0001412643323419,439091200.0,1.1213977455376963e+17,6678.0,2.1692754364013678,2.190519536557745,bin_0
config_155,384,7,6,0.0993761494755745,0.8123986124992371,0.9582383036613464,0.1867299973964691,0.0001412643323419,32,13357.0,224296341526609920,875417856,31698432,16,3.964917106630728e-07,874905600.0,2.2429634152660992e+17,13357.0,2.001776912251457,2.0230866311417253,bin_0
config_156,1088,8,8,0.0258137267082929,0.9728651642799376,0.926228642463684,0.2195684760808944,0.0004361973551567,128,53420.0,17514622374374670336,14003934208,172815744,16,0.0004361973551567,1599078400.0,1.995394829098545e+18,6086.0,1.748906388673626,1.7674727612636127,bin_2
config_156,1088,8,8,0.0258137267082929,0.9728651642799376,0.926228642463684,0.2195684760808944,0.0004361973551567,128,53420.0,17514622374374670336,14003934208,172815744,16,0.0004361973551567,3185049600.0,3.990461791810448e+18,12171.0,1.6563933130952178,1.6740655551582089,bin_2
config_156,1088,8,8,0.0258137267082929,0.9728651642799376,0.926228642463684,0.2195684760808944,0.0004361973551567,128,53420.0,17514622374374670336,14003934208,172815744,16,0.0004361973551567,4784128000.0,5.985856620908991e+18,18257.0,1.6166972900609502,1.6334601217801454,bin_2
config_156,1088,8,8,0.0258137267082929,0.9728651642799376,0.926228642463684,0.2195684760808944,0.0004361973551567,128,53420.0,17514622374374670336,14003934208,172815744,16,0.0004361973551567,6383206400.0,7.980923583620896e+18,24342.0,1.5953745165809257,1.610724100128549,bin_2
config_156,1088,8,8,0.0258137267082929,0.9728651642799376,0.926228642463684,0.2195684760808944,0.0004361973551567,128,53420.0,17514622374374670336,14003934208,172815744,16,0.0004361973551567,7982284800.0,9.97631841271944e+18,30428.0,1.5796245607782582,1.593876691020903,bin_2
config_156,1088,8,8,0.0258137267082929,0.9728651642799376,0.926228642463684,0.2195684760808944,0.0004361973551567,128,53420.0,17514622374374670336,14003934208,172815744,16,0.0004361973551567,9568256000.0,1.1971713241817985e+19,36514.0,1.5651889174492633,1.5814885483804295,bin_2
config_156,1088,8,8,0.0258137267082929,0.9728651642799376,0.926228642463684,0.2195684760808944,0.0004361973551567,128,53420.0,17514622374374670336,14003934208,172815744,16,0.000402391967158,11167334400.0,1.3966780204529887e+19,42599.0,1.552985194941036,1.5684124184827335,bin_2
config_156,1088,8,8,0.0258137267082929,0.9728651642799376,0.926228642463684,0.2195684760808944,0.0004361973551567,128,53420.0,17514622374374670336,14003934208,172815744,16,0.0001755351280023,12766412800.0,1.5962175033628432e+19,48685.0,1.5174477255148966,1.532415979690239,bin_2
config_156,1088,8,8,0.0258137267082929,0.9728651642799376,0.926228642463684,0.2195684760808944,0.0004361973551567,128,53420.0,17514622374374670336,14003934208,172815744,16,7.437929152643067e-07,13998489600.0,1.751462237437467e+19,53420.0,1.4982336536391836,1.5094326032966865,bin_2
config_157,704,10,22,0.0051104230806231,0.8986737728118896,0.9799457788467408,0.0035617949906736,6.420239515136927e-05,32,6358.0,318285357983391744,416682688,98488192,16,6.420239515136927e-05,209715200.0,1.5914267899169587e+17,3179.0,2.467761115636982,2.4929806807002084,bin_0
config_157,704,10,22,0.0051104230806231,0.8986737728118896,0.9799457788467408,0.0035617949906736,6.420239515136927e-05,32,6358.0,318285357983391744,416682688,98488192,16,2.334632550958883e-05,416153600.0,3.1828535798339174e+17,6358.0,2.168284499293468,2.19076670806916,bin_0
config_158,640,9,8,0.0026285052299499,0.8071402311325073,0.9234828352928162,0.0713945254683494,0.0017585569294169,64,14297.0,1141074620035891200,1874025472,77900800,16,0.0017585569294169,1592524800.0,9.713939428171526e+17,12171.0,1.798286054407964,1.8166801837233248,bin_1
config_158,640,9,8,0.0026285052299499,0.8071402311325073,0.9234828352928162,0.0713945254683494,0.0017585569294169,64,14297.0,1141074620035891200,1874025472,77900800,16,8.103154478685958e-05,1867776000.0,1.1410746200358912e+18,14297.0,1.7261671223405932,1.7441550186423005,bin_1
config_159,384,11,16,0.0794789716601371,0.8028450012207031,0.9460576176643372,0.1857580244541168,0.0003474590484984,64,10918.0,481485663909642240,1431151360,38779392,16,0.0003474590484984,714342400.0,2.4074283195482112e+17,5459.0,1.990041202599885,2.0115555842587205,bin_0
config_159,384,11,16,0.0794789716601371,0.8028450012207031,0.9460576176643372,0.1857580244541168,0.0003474590484984,64,10918.0,481485663909642240,1431151360,38779392,16,3.083956051761166e-06,1428684800.0,4.8148566390964224e+17,10918.0,1.847476972478335,1.867802096038568,bin_0
config_16,704,8,22,0.0021382959093898,0.9441627264022828,0.916120946407318,0.0944500789046287,0.0002752876898739,128,41875.0,7174412678548684800,10977462272,85869696,16,0.0002752876898739,1599078400.0,1.0427098641587414e+18,6086.0,1.8329692285396024,1.8519767859078688,bin_2
config_16,704,8,22,0.0021382959093898,0.9441627264022828,0.916120946407318,0.0944500789046287,0.0002752876898739,128,41875.0,7174412678548684800,10977462272,85869696,16,0.0002752876898739,3185049600.0,2.085248399059488e+18,12171.0,1.7387033501975633,1.7569552725242208,bin_2
config_16,704,8,22,0.0021382959093898,0.9441627264022828,0.916120946407318,0.0944500789046287,0.0002752876898739,128,41875.0,7174412678548684800,10977462272,85869696,16,0.0002752876898739,4784128000.0,3.1279582632182287e+18,18257.0,1.6993155820696704,1.7157006893371087,bin_2
config_16,704,8,22,0.0021382959093898,0.9441627264022828,0.916120946407318,0.0944500789046287,0.0002752876898739,128,41875.0,7174412678548684800,10977462272,85869696,16,0.0002752876898739,6383206400.0,4.170496798118976e+18,24342.0,1.676999597597946,1.692329016987583,bin_2
config_16,704,8,22,0.0021382959093898,0.9441627264022828,0.916120946407318,0.0944500789046287,0.0002752876898739,128,41875.0,7174412678548684800,10977462272,85869696,16,0.0002752876898739,7982284800.0,5.213206662277717e+18,30428.0,1.6606666414797728,1.676328033180296,bin_2
config_16,704,8,22,0.0021382959093898,0.9441627264022828,0.916120946407318,0.0944500789046287,0.0002752876898739,128,41875.0,7174412678548684800,10977462272,85869696,16,0.0002752876898739,9568256000.0,6.255916526436457e+18,36514.0,1.6483982204255572,1.6643035644663209,bin_2
config_16,704,8,22,0.0021382959093898,0.9441627264022828,0.916120946407318,0.0944500789046287,0.0002752876898739,128,41875.0,7174412678548684800,10977462272,85869696,16,1.7401244619086277e-06,10970726400.0,7.174412678548685e+18,41875.0,1.6035096502481128,1.6178468345098314,bin_2
config_160,512,12,16,0.0171056408435106,0.922629415988922,0.9285797476768494,0.1609956175088882,0.0004646388406399,64,13320.0,961706657612169216,1745977728,66649088,16,0.000253557576282,1592524800.0,8.787486283631916e+17,12171.0,1.7868577570993391,1.8051041413916915,bin_0
config_160,512,12,16,0.0171056408435106,0.922629415988922,0.9285797476768494,0.1609956175088882,0.0004646388406399,64,13320.0,961706657612169216,1745977728,66649088,16,4.33431754328327e-06,1743257600.0,9.617066576121692e+17,13320.0,1.7503652445996394,1.768478072901241,bin_0
config_161,320,24,4,0.0245353486388921,0.8496823310852051,0.9062071442604064,0.2344718128442764,5.412238897406496e-05,64,52860.0,3366017825525268480,6928590336,49527680,16,5.412238897406496e-05,1592524800.0,7.75024649157549e+17,12171.0,2.102710041569882,2.1245801277629663,bin_1
config_161,320,24,4,0.0245353486388921,0.8496823310852051,0.9062071442604064,0.2344718128442764,5.412238897406496e-05,64,52860.0,3366017825525268480,6928590336,49527680,16,5.412238897406496e-05,3191603200.0,1.550049298315098e+18,24342.0,1.930478434093663,1.9513275154301375,bin_1
config_161,320,24,4,0.0245353486388921,0.8496823310852051,0.9062071442604064,0.2344718128442764,5.412238897406496e-05,64,52860.0,3366017825525268480,6928590336,49527680,16,5.412238897406496e-05,4784128000.0,2.325137625448915e+18,36514.0,1.866972070991016,1.8853975716966096,bin_1
config_161,320,24,4,0.0245353486388921,0.8496823310852051,0.9062071442604064,0.2344718128442764,5.412238897406496e-05,64,52860.0,3366017825525268480,6928590336,49527680,16,1.8165978548661467e-05,6383206400.0,3.100162274606464e+18,48685.0,1.816034312443655,1.8331888901601072,bin_1
config_161,320,24,4,0.0245353486388921,0.8496823310852051,0.9062071442604064,0.2344718128442764,5.412238897406496e-05,64,52860.0,3366017825525268480,6928590336,49527680,16,4.366821766505164e-08,6927155200.0,3.3660178255252685e+18,52860.0,1.804901343799028,1.821733325270356,bin_1
config_163,320,11,20,0.0030604095663875,0.8720068335533142,0.9026197791099548,0.1328626424074173,0.0033498981501907,32,3919.0,70623543471206400,256856224,31415040,16,0.0033498981501907,127795200.0,3.530276133199626e+16,1959.0,2.474106031714893,2.499965838526116,bin_0
config_163,320,11,20,0.0030604095663875,0.8720068335533142,0.9026197791099548,0.1328626424074173,0.0033498981501907,32,3919.0,70623543471206400,256856224,31415040,16,0.0001224001247185,255590400.0,7.06235434712064e+16,3919.0,2.189624625542125,2.212939299520899,bin_0
config_164,960,5,10,0.0097052529454231,0.8228393197059631,0.9019281268119812,0.0485286898910999,6.232170562725514e-05,64,16798.0,1627895267171205120,2201833216,103572480,16,6.232170562725514e-05,1592524800.0,1.1794923977104858e+18,12171.0,1.934043442225847,1.9536693414312891,bin_1
config_164,960,5,10,0.0097052529454231,0.8228393197059631,0.9019281268119812,0.0485286898910999,6.232170562725514e-05,64,16798.0,1627895267171205120,2201833216,103572480,16,3.6704808222187072e-06,2195456000.0,1.627895267171205e+18,16798.0,1.8618535089101949,1.881285257183137,bin_1
config_165,512,22,16,0.0614232383668422,0.8348501324653625,0.9888287782669068,0.1459586024284362,0.0044183353893458,64,7687.0,887822252250955776,1007613248,100738048,8,0.0044183353893458,504627200.0,4.438533778327596e+17,3843.0,3.257480120893385,3.291163173269053,bin_0
config_165,512,22,16,0.0614232383668422,0.8348501324653625,0.9888287782669068,0.1459586024284362,0.0044183353893458,64,7687.0,887822252250955776,1007613248,100738048,8,0.0001458326578107,1002700800.0,8.878222522509558e+17,7687.0,3.110410858334088,3.14314858401408,bin_0
config_167,384,5,24,0.1671644300222396,0.8381988406181335,0.9767906069755554,0.0701567530632019,1.5175343833107036e-05,32,4214.0,59690028902473728,276204256,28157952,16,1.5175343833107036e-05,137625600.0,2.9845014451236864e+16,2107.0,3.4671391698962357,3.5046510680777128,bin_0
config_167,384,5,24,0.1671644300222396,0.8381988406181335,0.9767906069755554,0.0701567530632019,1.5175343833107036e-05,32,4214.0,59690028902473728,276204256,28157952,16,7.201858090288093e-07,275251200.0,5.969002890247373e+16,4214.0,3.1455565249333617,3.178600307605305,bin_0
config_168,1152,11,8,0.0049066520296037,0.8577886819839478,0.9984267354011536,0.1368255466222763,0.0001622918498469,64,37342.0,8369798794182918144,4894596096,233123328,8,0.0001622918498469,1592524800.0,2.727995852498535e+18,12171.0,1.7230413055419922,1.7407581302767894,bin_2
config_168,1152,11,8,0.0049066520296037,0.8577886819839478,0.9984267354011536,0.1368255466222763,0.0001622918498469,64,37342.0,8369798794182918144,4894596096,233123328,8,0.0001622918498469,3191603200.0,5.45599170499707e+18,24342.0,1.6334767468444638,1.651134694853767,bin_2
config_168,1152,11,8,0.0049066520296037,0.8577886819839478,0.9984267354011536,0.1368255466222763,0.0001622918498469,64,37342.0,8369798794182918144,4894596096,233123328,8,2.674686583893781e-05,4784128000.0,8.184211696502466e+18,36514.0,1.5592884414899544,1.5738441211864596,bin_2
config_168,1152,11,8,0.0049066520296037,0.8577886819839478,0.9984267354011536,0.1368255466222763,0.0001622918498469,64,37342.0,8369798794182918144,4894596096,233123328,8,1.334166704555079e-06,4888985600.0,8.369798794182918e+18,37342.0,1.554868337814925,1.5693919412816155,bin_2
config_169,320,9,16,0.0490764640271663,0.8817325234413147,0.9908536076545716,0.2501752376556396,0.0015983717748895,32,4790.0,76131282140467200,313926240,28628480,16,0.0015983717748895,157286400.0,3.80656410702336e+16,2395.0,2.2240226465756776,2.24703055725723,bin_0
config_169,320,9,16,0.0490764640271663,0.8817325234413147,0.9908536076545716,0.2501752376556396,0.0015983717748895,32,4790.0,76131282140467200,313926240,28628480,16,5.336800583938327e-05,311296000.0,7.61312821404672e+16,4790.0,2.0099802709016643,2.030234973117953,bin_0
config_17,384,23,16,0.1259277760982513,0.8496121764183044,0.9804573059082032,0.2800866663455963,0.0005876030772924,64,12223.0,924610354410553344,1602220544,60022272,16,1.2531412399166878e-05,1592524800.0,9.206768079465632e+17,12171.0,1.75608169533931,1.7744830205304578,bin_0
config_17,384,23,16,0.1259277760982513,0.8496121764183044,0.9804573059082032,0.2800866663455963,0.0005876030772924,64,12223.0,924610354410553344,1602220544,60022272,16,3.948253221655379e-06,1599078400.0,9.246103544105532e+17,12223.0,1.7558539189931412,1.7742468720926354,bin_0
config_171,832,21,16,0.0780559256672859,0.8067910671234131,0.946793496608734,0.1033859476447105,0.0001132523830165,128,42102.0,19356925167990079488,11036791808,220779520,8,0.0001132523830165,1599078400.0,2.7981152100229827e+18,6086.0,1.827614007543345,1.8467758047385292,bin_2
config_171,832,21,16,0.0780559256672859,0.8067910671234131,0.946793496608734,0.1033859476447105,0.0001132523830165,128,42102.0,19356925167990079488,11036791808,220779520,8,0.0001132523830165,3185049600.0,5.595770657441624e+18,12171.0,1.696728514550162,1.714427717044705,bin_2
config_171,832,21,16,0.0780559256672859,0.8067910671234131,0.946793496608734,0.1033859476447105,0.0001132523830165,128,42102.0,19356925167990079488,11036791808,220779520,8,0.0001132523830165,4784128000.0,8.393885867464607e+18,18257.0,1.641497563397298,1.6567378137346174,bin_2
config_171,832,21,16,0.0780559256672859,0.8067910671234131,0.946793496608734,0.1033859476447105,0.0001132523830165,128,42102.0,19356925167990079488,11036791808,220779520,8,0.0001132523830165,6383206400.0,1.1191541314883248e+19,24342.0,1.6090745828581638,1.6228838941894594,bin_2
config_171,832,21,16,0.0780559256672859,0.8067910671234131,0.946793496608734,0.1033859476447105,0.0001132523830165,128,42102.0,19356925167990079488,11036791808,220779520,8,0.0001132523830165,7982284800.0,1.3989656524906232e+19,30428.0,1.584949859028957,1.5992604835111586,bin_2
config_171,832,21,16,0.0780559256672859,0.8067910671234131,0.946793496608734,0.1033859476447105,0.0001132523830165,128,42102.0,19356925167990079488,11036791808,220779520,8,0.0001132523830165,9568256000.0,1.6787771734929211e+19,36514.0,1.5662822636229092,1.581333865396312,bin_2
config_171,832,21,16,0.0780559256672859,0.8067910671234131,0.946793496608734,0.1033859476447105,0.0001132523830165,128,42102.0,19356925167990079488,11036791808,220779520,8,5.204613190098496e-08,11036262400.0,1.935692516799008e+19,42102.0,1.5188891346337363,1.5330967962155575,bin_2
config_172,512,22,16,0.0041630957275629,0.8260307908058167,0.9701148271560668,0.094092734158039,0.0014550815103575,32,8513.0,491597050062569472,557926656,100738048,8,0.0014550815103575,278528000.0,2.457696517169383e+17,4256.0,2.0240525302144348,2.045190644791869,bin_0
config_172,512,22,16,0.0041630957275629,0.8260307908058167,0.9701148271560668,0.094092734158039,0.0014550815103575,32,8513.0,491597050062569472,557926656,100738048,8,2.361555509943609e-05,557056000.0,4.915970500625695e+17,8513.0,1.8409738887919755,1.8602734276310344,bin_0
config_173,256,16,4,0.0989229902625083,0.9446476101875304,0.9674342274665833,0.0337210744619369,0.0026090140454471,128,54144.0,3685795249465589760,14193730560,26510848,16,0.0026090140454471,1599078400.0,4.14297981092043e+17,6086.0,1.9038497159910983,1.924341426169286,bin_1
config_173,256,16,4,0.0989229902625083,0.9446476101875304,0.9674342274665833,0.0337210744619369,0.0026090140454471,128,54144.0,3685795249465589760,14193730560,26510848,16,0.0026090140454471,3185049600.0,8.285278882470022e+17,12171.0,1.8635435394380917,1.8840985102340824,bin_1
config_173,256,16,4,0.0989229902625083,0.9446476101875304,0.9674342274665833,0.0337210744619369,0.0026090140454471,128,54144.0,3685795249465589760,14193730560,26510848,16,0.0026090140454471,4784128000.0,1.2428258693390454e+18,18257.0,1.8502350841584756,1.869026735297969,bin_1
config_173,256,16,4,0.0989229902625083,0.9446476101875304,0.9674342274665833,0.0337210744619369,0.0026090140454471,128,54144.0,3685795249465589760,14193730560,26510848,16,0.0026090140454471,6383206400.0,1.6570557764940045e+18,24342.0,1.8424183852555325,1.861334231759681,bin_1
config_173,256,16,4,0.0989229902625083,0.9446476101875304,0.9674342274665833,0.0337210744619369,0.0026090140454471,128,54144.0,3685795249465589760,14193730560,26510848,16,0.0026090140454471,7982284800.0,2.071353757586048e+18,30428.0,1.837757948734721,1.8564265997683416,bin_1
config_173,256,16,4,0.0989229902625083,0.9446476101875304,0.9674342274665833,0.0337210744619369,0.0026090140454471,128,54144.0,3685795249465589760,14193730560,26510848,16,0.0026090140454471,9568256000.0,2.485651738678091e+18,36514.0,1.83605394961404,1.8541276333762,bin_1
config_173,256,16,4,0.0989229902625083,0.9446476101875304,0.9674342274665833,0.0337210744619369,0.0026090140454471,128,54144.0,3685795249465589760,14193730560,26510848,16,0.0026090140454471,11167334400.0,2.8998816458330496e+18,42599.0,1.8301152406364192,1.8482243017290456,bin_1
config_173,256,16,4,0.0989229902625083,0.9446476101875304,0.9674342274665833,0.0337210744619369,0.0026090140454471,128,54144.0,3685795249465589760,14193730560,26510848,16,0.0026090140454471,12766412800.0,3.314179626925093e+18,48685.0,1.8285002738921368,1.845611013779875,bin_1
config_173,256,16,4,0.0989229902625083,0.9446476101875304,0.9674342274665833,0.0337210744619369,0.0026090140454471,128,54144.0,3685795249465589760,14193730560,26510848,16,6.290225643817678e-05,14181990400.0,3.68579524946559e+18,54144.0,1.7344152355975793,1.7499482923257546,bin_1
config_174,704,6,8,0.0056233666837215,0.8594385385513306,0.9356430768966676,0.2209752947092056,0.0059980228543281,64,38677.0,2754105169649467392,5069577216,73251200,16,0.0059980228543281,1592524800.0,8.666704765055116e+17,12171.0,1.819620533575777,1.8379624032583397,bin_1
config_174,704,6,8,0.0056233666837215,0.8594385385513306,0.9356430768966676,0.2209752947092056,0.0059980228543281,64,38677.0,2754105169649467392,5069577216,73251200,16,0.0059980228543281,3191603200.0,1.733340953011023e+18,24342.0,1.7722482318956343,1.7902715126803663,bin_1
config_174,704,6,8,0.0056233666837215,0.8594385385513306,0.9356430768966676,0.2209752947092056,0.0059980228543281,64,38677.0,2754105169649467392,5069577216,73251200,16,0.0015279306990255,4784128000.0,2.600082637344692e+18,36514.0,1.6911691640635005,1.7071511184973795,bin_1
config_174,704,6,8,0.0056233666837215,0.8594385385513306,0.9356430768966676,0.2209752947092056,0.0059980228543281,64,38677.0,2754105169649467392,5069577216,73251200,16,1.894999029567693e-05,5065932800.0,2.7541051696494674e+18,38677.0,1.66744564154109,1.6830668203557124,bin_1
config_175,384,13,16,0.0023949262686073,0.8833497762680054,0.9059370160102844,0.2610687911510467,3.0009896363480948e-05,64,53578.0,2644328463605563392,7022694912,42319872,16,3.0009896363480948e-05,1592524800.0,6.006965868554875e+17,12171.0,2.366552044133671,2.391295139672326,bin_1
config_175,384,13,16,0.0023949262686073,0.8833497762680054,0.9059370160102844,0.2610687911510467,3.0009896363480948e-05,64,53578.0,2644328463605563392,7022694912,42319872,16,3.0009896363480948e-05,3191603200.0,1.201393173710975e+18,24342.0,2.1137747344814364,2.1371895990606213,bin_1
config_175,384,13,16,0.0023949262686073,0.8833497762680054,0.9059370160102844,0.2610687911510467,3.0009896363480948e-05,64,53578.0,2644328463605563392,7022694912,42319872,16,3.0009896363480948e-05,4784128000.0,1.802139115310268e+18,36514.0,2.015684199059596,2.037234781491952,bin_1
config_175,384,13,16,0.0023949262686073,0.8833497762680054,0.9059370160102844,0.2610687911510467,3.0009896363480948e-05,64,53578.0,2644328463605563392,7022694912,42319872,16,1.0466023769290058e-05,6383206400.0,2.402835702165756e+18,48685.0,1.9570652687745016,1.9773528084207757,bin_1
config_175,384,13,16,0.0023949262686073,0.8833497762680054,0.9059370160102844,0.2610687911510467,3.0009896363480948e-05,64,53578.0,2644328463605563392,7022694912,42319872,16,6.007557719149414e-08,7018905600.0,2.6443284636055634e+18,53578.0,1.945883110390335,1.9658985134812648,bin_1
config_176,1088,13,16,0.0017619210993871,0.8095828294754028,0.9092755317687988,0.1330126523971557,1.5252197954396252e-05,128,42766.0,20485025742858485760,11210874880,246636544,8,1.5252197954396252e-05,1599078400.0,2.9152099020492155e+18,6086.0,2.294924286369417,2.3190395239337547,bin_2
config_176,1088,13,16,0.0017619210993871,0.8095828294754028,0.9092755317687988,0.1330126523971557,1.5252197954396252e-05,128,42766.0,20485025742858485760,11210874880,246636544,8,1.5252197954396252e-05,3185049600.0,5.82994080148554e+18,12171.0,2.021920725361245,2.043731430163149,bin_2
config_176,1088,13,16,0.0017619210993871,0.8095828294754028,0.9092755317687988,0.1330126523971557,1.5252197954396252e-05,128,42766.0,20485025742858485760,11210874880,246636544,8,1.5252197954396252e-05,4784128000.0,8.745150703534756e+18,18257.0,1.9109006415820515,1.9305180031158884,bin_2
config_176,1088,13,16,0.0017619210993871,0.8095828294754028,0.9092755317687988,0.1330126523971557,1.5252197954396252e-05,128,42766.0,20485025742858485760,11210874880,246636544,8,1.5252197954396252e-05,6383206400.0,1.165988160297108e+19,24342.0,1.845387728370604,1.86442522265872,bin_2
config_176,1088,13,16,0.0017619210993871,0.8095828294754028,0.9092755317687988,0.1330126523971557,1.5252197954396252e-05,128,42766.0,20485025742858485760,11210874880,246636544,8,1.5252197954396252e-05,7982284800.0,1.4575091505020295e+19,30428.0,1.800520359805373,1.8190671909246288,bin_2
config_176,1088,13,16,0.0017619210993871,0.8095828294754028,0.9092755317687988,0.1330126523971557,1.5252197954396252e-05,128,42766.0,20485025742858485760,11210874880,246636544,8,1.5252197954396252e-05,9568256000.0,1.7490301407069512e+19,36514.0,1.768154362928672,1.7856979874704706,bin_2
config_176,1088,13,16,0.0017619210993871,0.8095828294754028,0.9092755317687988,0.1330126523971557,1.5252197954396252e-05,128,42766.0,20485025742858485760,11210874880,246636544,8,4.4512392061001686e-07,11167334400.0,2.040503230650584e+19,42599.0,1.7331427058821818,1.7501473823727154,bin_2
config_176,1088,13,16,0.0017619210993871,0.8095828294754028,0.9092755317687988,0.1330126523971557,1.5252197954396252e-05,128,42766.0,20485025742858485760,11210874880,246636544,8,4.2903510420243824e-08,11206656000.0,2.048502574285849e+19,42766.0,1.7328929587661244,1.7498874233785222,bin_2
config_177,704,12,16,0.0204045511782169,0.9717811942100524,0.9783326983451844,0.2237565666437149,0.0002218099543824,64,49076.0,5623050642885181440,6432573440,111106688,16,0.0002218099543824,1592524800.0,1.3945339753556838e+18,12171.0,1.7758480467561817,1.7945936221763736,bin_2
config_177,704,12,16,0.0204045511782169,0.9717811942100524,0.9783326983451844,0.2237565666437149,0.0002218099543824,64,49076.0,5623050642885181440,6432573440,111106688,16,0.0002218099543824,3191603200.0,2.789067950711368e+18,24342.0,1.6905866542018828,1.7086845505823856,bin_2
config_177,704,12,16,0.0204045511782169,0.9717811942100524,0.9783326983451844,0.2237565666437149,0.0002218099543824,64,49076.0,5623050642885181440,6432573440,111106688,16,0.0002218099543824,4784128000.0,4.183716504489149e+18,36514.0,1.6536938105254877,1.6693995131039228,bin_2
config_177,704,12,16,0.0204045511782169,0.9717811942100524,0.9783326983451844,0.2237565666437149,0.0002218099543824,64,49076.0,5623050642885181440,6432573440,111106688,16,7.594986144049919e-06,6383206400.0,5.578250479844834e+18,48685.0,1.5877462711490569,1.6028070238379182,bin_2
config_177,704,12,16,0.0204045511782169,0.9717811942100524,0.9783326983451844,0.2237565666437149,0.0002218099543824,64,49076.0,5623050642885181440,6432573440,111106688,16,5.251852120885579e-07,6429081600.0,5.623050642885181e+18,49076.0,1.587077932084193,1.6021572121635812,bin_2
config_178,1024,20,8,0.0123338690027594,0.8723912835121155,0.9627224206924438,0.2133075296878814,0.0008379966020584,64,43669.0,13471763783249559552,5723835904,308426752,8,0.0008379966020584,1592524800.0,3.754719297577925e+18,12171.0,1.6832296015786343,1.7005778708223436,bin_2
config_178,1024,20,8,0.0123338690027594,0.8723912835121155,0.9627224206924438,0.2133075296878814,0.0008379966020584,64,43669.0,13471763783249559552,5723835904,308426752,8,0.0008379966020584,3191603200.0,7.50943859515585e+18,24342.0,1.6096060375698278,1.6262263050235686,bin_2
config_178,1024,20,8,0.0123338690027594,0.8723912835121155,0.9627224206924438,0.2133075296878814,0.0008379966020584,64,43669.0,13471763783249559552,5723835904,308426752,8,0.0006450072622027,4784128000.0,1.1264466389923617e+19,36514.0,1.5621548091290427,1.5759008903581588,bin_2
config_178,1024,20,8,0.0123338690027594,0.8723912835121155,0.9627224206924438,0.2133075296878814,0.0008379966020584,64,43669.0,13471763783249559552,5723835904,308426752,8,1.7094626840358533e-06,5721292800.0,1.347176378324956e+19,43669.0,1.5017803154421634,1.5151533150282062,bin_2
config_18,448,12,16,0.0018611494451761,0.8498718738555908,0.928823947906494,0.207493245601654,0.0042910231277346,64,48493.0,2853457141687713792,6356115968,52812928,16,0.0042910231277346,1592524800.0,7.161740224667718e+17,12171.0,1.8273625506068392,1.845867167804728,bin_1
config_18,448,12,16,0.0018611494451761,0.8498718738555908,0.928823947906494,0.207493245601654,0.0042910231277346,64,48493.0,2853457141687713792,6356115968,52812928,16,0.0042910231277346,3191603200.0,1.4323480449335437e+18,24342.0,1.7784301771588176,1.7966530074959748,bin_1
config_18,448,12,16,0.0018611494451761,0.8498718738555908,0.928823947906494,0.207493245601654,0.0042910231277346,64,48493.0,2853457141687713792,6356115968,52812928,16,0.0042910231277346,4784128000.0,2.1485809100609403e+18,36514.0,1.7591120277304373,1.7757882864919423,bin_1
config_18,448,12,16,0.0018611494451761,0.8498718738555908,0.928823947906494,0.207493245601654,0.0042910231277346,64,48493.0,2853457141687713792,6356115968,52812928,16,1.8339528326467677e-05,6350438400.0,2.853457141687714e+18,48493.0,1.6793646802747286,1.694956267064337,bin_1
config_180,384,13,16,0.0236900802701711,0.8308934569358826,0.9668469429016112,0.1727160662412643,0.0040242234244942,32,8956.0,221012186491256832,586954752,42319872,16,0.0040242234244942,294912000.0,1.1050609324562842e+17,4478.0,2.29728749286933,2.320317957557616,bin_0
config_180,384,13,16,0.0236900802701711,0.8308934569358826,0.9668469429016112,0.1727160662412643,0.0040242234244942,32,8956.0,221012186491256832,586954752,42319872,16,1.5617943432707712e-05,586547200.0,2.2101218649125683e+17,8956.0,2.0407985829134456,2.061792650183693,bin_0
config_181,1152,18,6,0.0027816121000796,0.865947961807251,0.9911959171295166,0.2166959047317505,0.0091243218630552,32,11724.0,1980228795878670336,768409344,344616192,8,0.0091243218630552,383385600.0,9.901143979393352e+17,5862.0,3.635500298562597,3.671764759470205,bin_1
config_181,1152,18,6,0.0027816121000796,0.865947961807251,0.9911959171295166,0.2166959047317505,0.0091243218630552,32,11724.0,1980228795878670336,768409344,344616192,8,8.621406484776543e-05,766771200.0,1.9802287958786703e+18,11724.0,3.6234212513048143,3.655269183838954,bin_1
config_182,320,10,10,0.0071186386048793,0.9147440195083618,0.9817898869514464,0.0017712415428832,0.0008199787116609,64,55329.0,1876358155631984640,7252089856,30021760,16,0.0008199787116609,1592524800.0,4.127519946537419e+17,12171.0,1.8726217853436704,1.8937715432292128,bin_1
config_182,320,10,10,0.0071186386048793,0.9147440195083618,0.9817898869514464,0.0017712415428832,0.0008199787116609,64,55329.0,1876358155631984640,7252089856,30021760,16,0.0008199787116609,3191603200.0,8.255039893074838e+17,24342.0,1.8163105238461104,1.8366000139908711,bin_1
config_182,320,10,10,0.0071186386048793,0.9147440195083618,0.9817898869514464,0.0017712415428832,0.0008199787116609,64,55329.0,1876358155631984640,7252089856,30021760,16,0.0008199787116609,4784128000.0,1.238289896704193e+18,36514.0,1.7934571743011474,1.811602801064976,bin_1
config_182,320,10,10,0.0071186386048793,0.9147440195083618,0.9817898869514464,0.0017712415428832,0.0008199787116609,64,55329.0,1876358155631984640,7252089856,30021760,16,0.0008199787116609,6383206400.0,1.6510418913579346e+18,48685.0,1.7792286588324877,1.7960068433011165,bin_1
config_182,320,10,10,0.0071186386048793,0.9147440195083618,0.9817898869514464,0.0017712415428832,0.0008199787116609,64,55329.0,1876358155631984640,7252089856,30021760,16,0.0002426467616139,7248281600.0,1.876358155631985e+18,55329.0,1.759188018470514,1.7763236871703727,bin_1
config_183,256,14,8,0.0019966410472989,0.9692267775535583,0.9934679269790648,0.0193282850086689,0.0002155606198357,64,35743.0,1109734797267173376,4684972032,24805888,16,0.0002155606198357,1592524800.0,3.778804861801966e+17,12171.0,1.93848444317208,1.959792034704177,bin_1
config_183,256,14,8,0.0019966410472989,0.9692267775535583,0.9934679269790648,0.0193282850086689,0.0002155606198357,64,35743.0,1109734797267173376,4684972032,24805888,16,0.0002155606198357,3191603200.0,7.557609723603932e+17,24342.0,1.8576156754962732,1.8783381278397608,bin_1
config_183,256,14,8,0.0019966410472989,0.9692267775535583,0.9934679269790648,0.0193282850086689,0.0002155606198357,64,35743.0,1109734797267173376,4684972032,24805888,16,1.3433487902807082e-05,4679270400.0,1.1097347972671734e+18,35743.0,1.8052138709631125,1.824508571898351,bin_1
config_184,448,4,16,0.0026220432482659,0.9690382480621338,0.9007914662361144,0.0517554432153701,0.0066928705200552,32,7445.0,116980086086578176,487945568,32620672,16,0.0066928705200552,242483200.0,5.848218675812545e+16,3722.0,3.142638071951319,3.174626529412192,bin_0
config_184,448,4,16,0.0026220432482659,0.9690382480621338,0.9007914662361144,0.0517554432153701,0.0066928705200552,32,7445.0,116980086086578176,487945568,32620672,16,0.0007822835672791,484966400.0,1.1698008608657818e+17,7445.0,3.038442908505925,3.0676929114294835,bin_0
config_185,1088,22,16,0.1063120737671852,0.908372700214386,0.915748119354248,0.0626056566834449,0.006519490852952,64,9206.0,3457438301756620800,1206767360,379513984,8,0.006519490852952,602931200.0,1.7287191508783104e+18,4603.0,3.579603619614585,3.618122857125079,bin_1
config_185,1088,22,16,0.1063120737671852,0.908372700214386,0.915748119354248,0.0626056566834449,0.006519490852952,64,9206.0,3457438301756620800,1206767360,379513984,8,6.791136305158395e-05,1205862400.0,3.457438301756621e+18,9206.0,3.591251622028038,3.621683994902939,bin_1
config_187,1088,15,8,0.1377591639757156,0.8258185982704163,0.92188161611557,0.1156944632530212,0.0006645486573688,64,63208.0,17049214676763869184,8284895744,276164864,8,0.0006645486573688,1592524800.0,3.2829070976916383e+18,12171.0,1.7510823186108324,1.7693421036884434,bin_2
config_187,1088,15,8,0.1377591639757156,0.8258185982704163,0.92188161611557,0.1156944632530212,0.0006645486573688,64,63208.0,17049214676763869184,8284895744,276164864,8,0.0006645486573688,3191603200.0,6.565814195383277e+18,24342.0,1.6954367290363936,1.7135102360952097,bin_2
config_187,1088,15,8,0.1377591639757156,0.8258185982704163,0.92188161611557,0.1156944632530212,0.0006645486573688,64,63208.0,17049214676763869184,8284895744,276164864,8,0.0006645486573688,4784128000.0,9.848991024986649e+18,36514.0,1.672272885353839,1.6886148812536332,bin_2
config_187,1088,15,8,0.1377591639757156,0.8258185982704163,0.92188161611557,0.1156944632530212,0.0006645486573688,64,63208.0,17049214676763869184,8284895744,276164864,8,0.0006645486573688,6383206400.0,1.3131898122678284e+19,48685.0,1.659434545606863,1.6757712222709031,bin_2
config_187,1088,15,8,0.1377591639757156,0.8258185982704163,0.92188161611557,0.1156944632530212,0.0006645486573688,64,63208.0,17049214676763869184,8284895744,276164864,8,0.0002143060358418,7975731200.0,1.6414805220369922e+19,60856.0,1.5614971997112523,1.576051976035853,bin_2
config_187,1088,15,8,0.1377591639757156,0.8258185982704163,0.92188161611557,0.1156944632530212,0.0006645486573688,64,63208.0,17049214676763869184,8284895744,276164864,8,7.270773056552125e-07,8283750400.0,1.704921467676387e+19,63208.0,1.5226446085972865,1.5363176701498813,bin_2
config_189,896,5,4,0.150010660290718,0.9394695162773132,0.933585524559021,0.1099407821893692,2.983872582262848e-05,32,4312.0,193098834781396992,282652896,95520768,16,2.983872582262848e-05,140902400.0,9.65494173906985e+16,2156.0,2.7802491146619204,2.808614961671048,bin_0
config_189,896,5,4,0.150010660290718,0.9394695162773132,0.933585524559021,0.1099407821893692,2.983872582262848e-05,32,4312.0,193098834781396992,282652896,95520768,16,7.55410780319711e-07,281804800.0,1.93098834781397e+17,4312.0,2.455929874865735,2.479673897868297,bin_0
config_19,896,14,16,0.0573401786386966,0.9260037541389464,0.951003074645996,0.2415649443864822,0.0016180668026208,64,8328.0,1557066879940755456,1091648768,186369792,8,0.0016180668026208,543948800.0,7.785334399703777e+17,4164.0,1.8828772280486776,1.9028694413115883,bin_1
config_19,896,14,16,0.0573401786386966,0.9260037541389464,0.951003074645996,0.2415649443864822,0.0016180668026208,64,8328.0,1557066879940755456,1091648768,186369792,8,2.2529025595914796e-05,1087897600.0,1.5570668799407557e+18,8328.0,1.7074293656925517,1.7249662827519412,bin_1
config_191,896,22,8,0.001220831181854,0.8955643773078918,0.9106137156486512,0.0796689614653587,0.0010045722592622,64,9122.0,2495445891526361088,1195739904,267124480,8,0.0010045722592622,596377600.0,1.2477229457631803e+18,4561.0,1.8495299255652504,1.8675468406520903,bin_1
config_191,896,22,8,0.001220831181854,0.8955643773078918,0.9106137156486512,0.0796689614653587,0.0010045722592622,64,9122.0,2495445891526361088,1195739904,267124480,8,3.0441583614006272e-05,1192755200.0,2.495445891526361e+18,9122.0,1.6930587749793882,1.7102472503654291,bin_1
config_192,384,19,8,0.0357538238167762,0.9891937971115112,0.9980051517486572,0.1837434768676757,2.1995487259118814e-05,64,61133.0,3981313612158861312,8012875776,52941312,16,2.1995487259118814e-05,1592524800.0,7.926417478871558e+17,12171.0,2.350394531351621,2.374521578608966,bin_1
config_192,384,19,8,0.0357538238167762,0.9891937971115112,0.9980051517486572,0.1837434768676757,2.1995487259118814e-05,64,61133.0,3981313612158861312,8012875776,52941312,16,2.1995487259118814e-05,3191603200.0,1.5852834957743117e+18,24342.0,2.0721826620570947,2.093594806116136,bin_1
config_192,384,19,8,0.0357538238167762,0.9891937971115112,0.9980051517486572,0.1837434768676757,2.1995487259118814e-05,64,61133.0,3981313612158861312,8012875776,52941312,16,2.1995487259118814e-05,4784128000.0,2.3779903691029176e+18,36514.0,1.9607913147035192,1.9808564221663556,bin_1
config_192,384,19,8,0.0357538238167762,0.9891937971115112,0.9980051517486572,0.1837434768676757,2.1995487259118814e-05,64,61133.0,3981313612158861312,8012875776,52941312,16,2.1995487259118814e-05,6383206400.0,3.1706321169900733e+18,48685.0,1.9002918038211885,1.9195747143323303,bin_1
config_192,384,19,8,0.0357538238167762,0.9891937971115112,0.9980051517486572,0.1837434768676757,2.1995487259118814e-05,64,61133.0,3981313612158861312,8012875776,52941312,16,5.541954143812896e-07,7975731200.0,3.9632738648772296e+18,60856.0,1.8555853986349264,1.8742914122831624,bin_1
config_192,384,19,8,0.0357538238167762,0.9891937971115112,0.9980051517486572,0.1837434768676757,2.1995487259118814e-05,64,61133.0,3981313612158861312,8012875776,52941312,16,6.46234935497631e-08,8008499200.0,3.981313612158861e+18,61133.0,1.855380747982713,1.8740483627553848,bin_1
config_193,448,10,8,0.0475836582481861,0.98838073015213,0.9989293217658995,0.1750710904598236,0.0094161722809076,128,57677.0,5997020712333213696,15119814656,47764864,16,0.0094161722809076,1599078400.0,6.327976152584209e+17,6086.0,3.49338409025161,3.5281420828084475,bin_2
config_193,448,10,8,0.0475836582481861,0.98838073015213,0.9989293217658995,0.1750710904598236,0.0094161722809076,128,57677.0,5997020712333213696,15119814656,47764864,16,0.0094161722809076,3185049600.0,1.2654912545695432e+18,12171.0,3.635555000461516,3.672222725211597,bin_2
config_193,448,10,8,0.0475836582481861,0.98838073015213,0.9989293217658995,0.1750710904598236,0.0094161722809076,128,57677.0,5997020712333213696,15119814656,47764864,16,0.0094161722809076,4784128000.0,1.898288869827964e+18,18257.0,3.574599843806908,3.612217276213599,bin_2
config_193,448,10,8,0.0475836582481861,0.98838073015213,0.9989293217658995,0.1750710904598236,0.0094161722809076,128,57677.0,5997020712333213696,15119814656,47764864,16,0.0094161722809076,6383206400.0,2.5309825091390863e+18,24342.0,3.553339532555127,3.590119670336364,bin_2
config_193,448,10,8,0.0475836582481861,0.98838073015213,0.9989293217658995,0.1750710904598236,0.0094161722809076,128,57677.0,5997020712333213696,15119814656,47764864,16,0.0094161722809076,7982284800.0,3.163780124397507e+18,30428.0,4.0155339740534295,4.042210258577691,bin_2
config_193,448,10,8,0.0475836582481861,0.98838073015213,0.9989293217658995,0.1750710904598236,0.0094161722809076,128,57677.0,5997020712333213696,15119814656,47764864,16,0.0094161722809076,9568256000.0,3.796577739655928e+18,36514.0,3.6051866524336766,3.641449696196884,bin_2
config_193,448,10,8,0.0475836582481861,0.98838073015213,0.9989293217658995,0.1750710904598236,0.0094161722809076,128,57677.0,5997020712333213696,15119814656,47764864,16,0.0094161722809076,11167334400.0,4.42927137896705e+18,42599.0,3.700983122763087,3.731568033577966,bin_2
config_193,448,10,8,0.0475836582481861,0.98838073015213,0.9989293217658995,0.1750710904598236,0.0094161722809076,128,57677.0,5997020712333213696,15119814656,47764864,16,0.0083716924399037,12766412800.0,5.062068994225471e+18,48685.0,3.742342798983465,3.779732213489345,bin_2
config_193,448,10,8,0.0475836582481861,0.98838073015213,0.9989293217658995,0.1750710904598236,0.0094161722809076,128,57677.0,5997020712333213696,15119814656,47764864,16,0.0027296361559093,14352384000.0,5.694762633536594e+18,54770.0,3.505555540225545,3.542570008137187,bin_2
config_193,448,10,8,0.0475836582481861,0.98838073015213,0.9989293217658995,0.1750710904598236,0.0094161722809076,128,57677.0,5997020712333213696,15119814656,47764864,16,2.517942473848761e-05,15112601600.0,5.997020712333214e+18,57677.0,3.394754635154224,3.431232160193021,bin_2
config_194,896,23,4,0.021770816296339,0.9721643328666688,0.9240269660949708,0.2948778867721557,0.0012925154296681,64,33565.0,9544713482017308672,4399453696,277218816,8,0.0012925154296681,1592524800.0,3.4610072334167337e+18,12171.0,1.7232879363904234,1.740569221308974,bin_2
config_194,896,23,4,0.021770816296339,0.9721643328666688,0.9240269660949708,0.2948778867721557,0.0012925154296681,64,33565.0,9544713482017308672,4399453696,277218816,8,0.0012034484878641,3191603200.0,6.922014466833467e+18,24342.0,1.6511926108891846,1.6679377431361402,bin_2
config_194,896,23,4,0.021770816296339,0.9721643328666688,0.9240269660949708,0.2948778867721557,0.0012925154296681,64,33565.0,9544713482017308672,4399453696,277218816,8,1.958950332931527e-06,4397465600.0,9.544713482017309e+18,33565.0,1.554023357707946,1.5696399165958654,bin_2
config_195,512,23,16,0.0609503835439682,0.9783605337142944,0.9153027534484864,0.0226972289383411,1.0446694432175718e-05,32,7608.0,455835970944958464,498647744,104146944,8,1.0446694432175718e-05,249036800.0,2.2791798547247923e+17,3804.0,3.1235667270128844,3.1563228431295176,bin_0
config_195,512,23,16,0.0609503835439682,0.9783605337142944,0.9153027534484864,0.0226972289383411,1.0446694432175718e-05,32,7608.0,455835970944958464,498647744,104146944,8,4.858927642872419e-07,498073600.0,4.5583597094495846e+17,7608.0,2.8211371661405096,2.8503687110103546,bin_0
config_196,896,22,16,0.014022477902472,0.871102511882782,0.9374001622200012,0.0230475440621376,2.3862421585363336e-05,128,41842.0,22891168807448739840,10968734720,267124480,8,2.3862421585363336e-05,1599078400.0,3.3295648717110323e+18,6086.0,2.1765414753507395,2.1989103883016305,bin_2
config_196,896,22,16,0.014022477902472,0.871102511882782,0.9374001622200012,0.0230475440621376,2.3862421585363336e-05,128,41842.0,22891168807448739840,10968734720,267124480,8,2.3862421585363336e-05,3185049600.0,6.658582657508212e+18,12171.0,1.9115379687020035,1.932457755921317,bin_2
config_196,896,22,16,0.014022477902472,0.871102511882782,0.9374001622200012,0.0230475440621376,2.3862421585363336e-05,128,41842.0,22891168807448739840,10968734720,267124480,8,2.3862421585363336e-05,4784128000.0,9.988147529219246e+18,18257.0,1.8133858805992564,1.8311317807924552,bin_2
config_196,896,22,16,0.014022477902472,0.871102511882782,0.9374001622200012,0.0230475440621376,2.3862421585363336e-05,128,41842.0,22891168807448739840,10968734720,267124480,8,2.3862421585363336e-05,6383206400.0,1.3317165315016423e+19,24342.0,1.7550160300536233,1.7719849364288518,bin_2
config_196,896,22,16,0.014022477902472,0.871102511882782,0.9374001622200012,0.0230475440621376,2.3862421585363336e-05,128,41842.0,22891168807448739840,10968734720,267124480,8,2.3862421585363336e-05,7982284800.0,1.6646730186727457e+19,30428.0,1.7156096546962614,1.7321258492547955,bin_2
config_196,896,22,16,0.014022477902472,0.871102511882782,0.9374001622200012,0.0230475440621376,2.3862421585363336e-05,128,41842.0,22891168807448739840,10968734720,267124480,8,2.3862421585363336e-05,9568256000.0,1.997629505843849e+19,36514.0,1.68449745430321,1.7016476122277682,bin_2
config_196,896,22,16,0.014022477902472,0.871102511882782,0.9374001622200012,0.0230475440621376,2.3862421585363336e-05,128,41842.0,22891168807448739840,10968734720,267124480,8,1.0396490732212245e-06,10957619200.0,2.289116880744874e+19,41842.0,1.647919064291188,1.6642108949481464,bin_2
config_197,832,6,16,0.0228867176920175,0.9725158214569092,0.9484971165657043,0.2844057083129883,0.0041795033030211,64,16307.0,1454245025592213504,2137417984,92959360,16,0.0037468611668447,1592524800.0,1.085399902280176e+18,12171.0,1.8357867243250865,1.8560876274108888,bin_1
config_197,832,6,16,0.0228867176920175,0.9725158214569092,0.9484971165657043,0.2844057083129883,0.0041795033030211,64,16307.0,1454245025592213504,2137417984,92959360,16,6.309364485906216e-06,2136473600.0,1.4542450255922135e+18,16307.0,1.727015028547068,1.7458762367436145,bin_1
config_198,1024,4,16,0.0012432726798579,0.8015820384025574,0.9507052302360536,0.0755850821733474,0.0001758049620548,64,12502.0,1176337057976156160,1638702720,102873088,16,6.55543926306132e-05,1592524800.0,1.1451926357884977e+18,12171.0,1.8111856963986257,1.8302910289998915,bin_1
config_198,1024,4,16,0.0012432726798579,0.8015820384025574,0.9507052302360536,0.0755850821733474,0.0001758049620548,64,12502.0,1176337057976156160,1638702720,102873088,16,3.724681399466779e-07,1638400000.0,1.1763370579761562e+18,12502.0,1.798439908535754,1.8175555656386204,bin_1
config_2,576,13,16,0.0143020534887909,0.8083764314651489,0.934376299381256,0.2957313954830169,0.0003822118742391,64,70553.0,6180364669405888512,9247547392,80732160,16,0.0003822118742391,1592524800.0,1.0661661217997686e+18,12171.0,1.8240969774112528,1.8436410066267923,bin_2
config_2,576,13,16,0.0143020534887909,0.8083764314651489,0.934376299381256,0.2957313954830169,0.0003822118742391,64,70553.0,6180364669405888512,9247547392,80732160,16,0.0003822118742391,3191603200.0,2.132332243599537e+18,24342.0,1.748647732732574,1.7662851816510103,bin_2
config_2,576,13,16,0.0143020534887909,0.8083764314651489,0.934376299381256,0.2957313954830169,0.0003822118742391,64,70553.0,6180364669405888512,9247547392,80732160,16,0.0003822118742391,4784128000.0,3.1985859642919025e+18,36514.0,1.7203543999054645,1.7363959140609195,bin_2
config_2,576,13,16,0.0143020534887909,0.8083764314651489,0.934376299381256,0.2957313954830169,0.0003822118742391,64,70553.0,6180364669405888512,9247547392,80732160,16,0.0003822118742391,6383206400.0,4.264752086091672e+18,48685.0,1.702322575388733,1.717817536932024,bin_2
config_2,576,13,16,0.0143020534887909,0.8083764314651489,0.934376299381256,0.2957313954830169,0.0003822118742391,64,70553.0,6180364669405888512,9247547392,80732160,16,0.0001777512373342,7975731200.0,5.33091820789144e+18,60856.0,1.6554299847884335,1.6704091008071176,bin_2
config_2,576,13,16,0.0143020534887909,0.8083764314651489,0.934376299381256,0.2957313954830169,0.0003822118742391,64,70553.0,6180364669405888512,9247547392,80732160,16,5.495761228513277e-08,9247129600.0,6.180364669405889e+18,70553.0,1.6202779341186315,1.6349321781386863,bin_2
config_20,320,17,20,0.0441352501511573,0.8478574752807617,0.9122387766838074,0.203784629702568,0.0014226961648091,64,59985.0,2926973597194321920,7862405632,39774720,16,0.0014226961648091,1592524800.0,5.938850654572325e+17,12171.0,1.9291778725140825,1.949593869401613,bin_1
config_20,320,17,20,0.0441352501511573,0.8478574752807617,0.9122387766838074,0.203784629702568,0.0014226961648091,64,59985.0,2926973597194321920,7862405632,39774720,16,0.0014226961648091,3191603200.0,1.187770130914465e+18,24342.0,1.8750760250267415,1.894994119618678,bin_1
config_20,320,17,20,0.0441352501511573,0.8478574752807617,0.9122387766838074,0.203784629702568,0.0014226961648091,64,59985.0,2926973597194321920,7862405632,39774720,16,0.0014226961648091,4784128000.0,1.781703991463757e+18,36514.0,1.8558594555208996,1.8738279159324405,bin_1
config_20,320,17,20,0.0441352501511573,0.8478574752807617,0.9122387766838074,0.203784629702568,0.0014226961648091,64,59985.0,2926973597194321920,7862405632,39774720,16,0.0013134101946884,6383206400.0,2.3755890569209897e+18,48685.0,1.8388352517479565,1.8568782623886677,bin_1
config_20,320,17,20,0.0441352501511573,0.8478574752807617,0.9122387766838074,0.203784629702568,0.0014226961648091,64,59985.0,2926973597194321920,7862405632,39774720,16,4.073491964031416e-06,7857766400.0,2.926973597194322e+18,59985.0,1.7287459863356378,1.7451347641459558,bin_1
config_200,448,9,8,0.0155280418694019,0.9784345030784608,0.9626482725143432,0.1403578966856002,3.872754678013735e-05,64,8832.0,428895116479807488,1157660544,45240832,16,3.872754678013735e-05,576716800.0,2.144475582399037e+17,4416.0,2.578732198379079,2.605972680654682,bin_0
config_200,448,9,8,0.0155280418694019,0.9784345030784608,0.9626482725143432,0.1403578966856002,3.872754678013735e-05,64,8832.0,428895116479807488,1157660544,45240832,16,1.0002271969042722e-06,1153433600.0,4.288951164798075e+17,8832.0,2.2319973342145074,2.2550238234879543,bin_0
config_201,1088,23,16,0.0042800987139344,0.8101455569267273,0.913439154624939,0.0642567574977874,0.0024138456210494,32,11537.0,2253455590341648384,756103872,394278144,8,0.0024138456210494,376832000.0,1.1266301330580416e+18,5768.0,3.182982441831808,3.214750831674357,bin_1
config_201,1088,23,16,0.0042800987139344,0.8101455569267273,0.913439154624939,0.0642567574977874,0.0024138456210494,32,11537.0,2253455590341648384,756103872,394278144,8,0.0001205294034801,753664000.0,2.2534555903416484e+18,11537.0,2.8894478247204765,2.9194541539911363,bin_1
config_202,896,21,16,0.0114468429237604,0.9735972285270692,0.9439927339553832,0.16097392141819,0.001238958328031,64,11816.0,3104357053328326656,1548793088,257030144,8,0.001238958328031,773324800.0,1.5521785266641633e+18,5908.0,1.8610369864839025,1.8809038174543224,bin_1
config_202,896,21,16,0.0114468429237604,0.9735972285270692,0.9439927339553832,0.16097392141819,0.001238958328031,64,11816.0,3104357053328326656,1548793088,257030144,8,1.042236238091277e-05,1546649600.0,3.1043570533283267e+18,11816.0,1.6852710115714151,1.7030677411790751,bin_1
config_203,256,24,16,0.0117952236905694,0.9827755689620972,0.997874677181244,0.1952327340841293,1.2444884305296e-05,64,15707.0,722440535331962880,2058799360,33330688,16,1.2444884305296e-05,1592524800.0,5.5980287486632205e+17,12171.0,2.857783274494233,2.887839051778199,bin_0
config_203,256,24,16,0.0117952236905694,0.9827755689620972,0.997874677181244,0.1952327340841293,1.2444884305296e-05,64,15707.0,722440535331962880,2058799360,33330688,16,2.8412977865972158e-08,2057830400.0,7.224405353319629e+17,15707.0,2.7871888426483653,2.816628843526371,bin_0
config_204,768,13,12,0.0373377986252307,0.8759056329727173,0.9611735343933104,0.0253341272473335,0.0019586882553994,128,57040.0,15388248146097733632,14952844288,130646016,8,0.0019586882553994,1599078400.0,1.6418807541576228e+18,6086.0,1.748446461489943,1.7666192675613963,bin_2
config_204,768,13,12,0.0373377986252307,0.8759056329727173,0.9611735343933104,0.0253341272473335,0.0019586882553994,128,57040.0,15388248146097733632,14952844288,130646016,8,0.0019586882553994,3185049600.0,3.2834917283687854e+18,12171.0,1.672926983794228,1.690612221838998,bin_2
config_204,768,13,12,0.0373377986252307,0.8759056329727173,0.9611735343933104,0.0253341272473335,0.0019586882553994,128,57040.0,15388248146097733632,14952844288,130646016,8,0.0019586882553994,4784128000.0,4.925372482526408e+18,18257.0,1.6439207029538077,1.660083774367317,bin_2
config_204,768,13,12,0.0373377986252307,0.8759056329727173,0.9611735343933104,0.0253341272473335,0.0019586882553994,128,57040.0,15388248146097733632,14952844288,130646016,8,0.0019586882553994,6383206400.0,6.566983456737571e+18,24342.0,1.6285650165550043,1.6446015834222074,bin_2
config_204,768,13,12,0.0373377986252307,0.8759056329727173,0.9611735343933104,0.0253341272473335,0.0019586882553994,128,57040.0,15388248146097733632,14952844288,130646016,8,0.0019586882553994,7982284800.0,8.208864210895194e+18,30428.0,1.61882798232016,1.6341816640291058,bin_2
config_204,768,13,12,0.0373377986252307,0.8759056329727173,0.9611735343933104,0.0253341272473335,0.0019586882553994,128,57040.0,15388248146097733632,14952844288,130646016,8,0.0019586882553994,9568256000.0,9.850744965052815e+18,36514.0,1.6104270051932723,1.626008241723795,bin_2
config_204,768,13,12,0.0373377986252307,0.8759056329727173,0.9611735343933104,0.0253341272473335,0.0019586882553994,128,57040.0,15388248146097733632,14952844288,130646016,8,0.0019586882553994,11167334400.0,1.1492355939263975e+19,42599.0,1.6049413377339723,1.6203066879608592,bin_2
config_204,768,13,12,0.0373377986252307,0.8759056329727173,0.9611735343933104,0.0253341272473335,0.0019586882553994,128,57040.0,15388248146097733632,14952844288,130646016,8,0.0019586882553994,12766412800.0,1.31342366934216e+19,48685.0,1.60033278496539,1.6156727584854502,bin_2
config_204,768,13,12,0.0373377986252307,0.8759056329727173,0.9611735343933104,0.0253341272473335,0.0019586882553994,128,57040.0,15388248146097733632,14952844288,130646016,8,0.0019586882553994,14352384000.0,1.4775847667632765e+19,54770.0,1.5980736552105574,1.6122043222872935,bin_2
config_204,768,13,12,0.0373377986252307,0.8759056329727173,0.9611735343933104,0.0253341272473335,0.0019586882553994,128,57040.0,15388248146097733632,14952844288,130646016,8,5.421974409410284e-05,14942208000.0,1.5388248146097734e+19,57040.0,1.5333638705581916,1.54617120416438,bin_2
config_205,768,15,16,0.0057737873867154,0.9091055393218994,0.9418526291847228,0.1627175062894821,0.0011192992096766,64,23334.0,3522738614483681280,3058458880,144804864,8,0.0011192992096766,1592524800.0,1.837458287343828e+18,12171.0,1.735117957533383,1.7524382952979354,bin_1
config_205,768,15,16,0.0057737873867154,0.9091055393218994,0.9418526291847228,0.1627175062894821,0.0011192992096766,64,23334.0,3522738614483681280,3058458880,144804864,8,1.0025335386988242e-05,3053977600.0,3.5227386144836813e+18,23334.0,1.612430296335064,1.6285530374870925,bin_1
config_207,896,16,16,0.1296555697917938,0.9622085094451904,0.9009727239608764,0.1180628314614296,0.0034704774152487,64,19446.0,4056484938513186816,2548851968,206558464,8,0.0034704774152487,1592524800.0,2.5389014803375503e+18,12171.0,1.8881011999239687,1.9071236340139728,bin_1
config_207,896,16,16,0.1296555697917938,0.9622085094451904,0.9009727239608764,0.1180628314614296,0.0034704774152487,64,19446.0,4056484938513186816,2548851968,206558464,8,6.95607673644634e-05,2542796800.0,4.056484938513187e+18,19446.0,1.6964413552987772,1.7138363751427073,bin_1
config_208,1088,22,8,0.1615364104509353,0.8139193058013916,0.93545401096344,0.0499356351792812,3.295508577139117e-05,32,5412.0,1016346393930977280,354740576,379513984,8,3.295508577139117e-05,176947200.0,5.0817319696548864e+17,2706.0,2.502087013369701,2.5281146806380788,bin_0
config_208,1088,22,8,0.1615364104509353,0.8139193058013916,0.93545401096344,0.0499356351792812,3.295508577139117e-05,32,5412.0,1016346393930977280,354740576,379513984,8,1.464670478728498e-06,353894400.0,1.0163463939309772e+18,5412.0,2.170787486209244,2.193210793968107,bin_0
config_209,1152,8,12,0.0079712504521012,0.884700357913971,0.9305753111839294,0.2760461568832397,0.0005633403779938,32,6111.0,536032375643160576,400496704,185340672,8,0.0005633403779938,199884800.0,2.6797232982979142e+17,3055.0,2.072519200180398,2.092891408771765,bin_0
config_209,1152,8,12,0.0079712504521012,0.884700357913971,0.9305753111839294,0.2760461568832397,0.0005633403779938,32,6111.0,536032375643160576,400496704,185340672,8,3.6754117188213297e-06,399769600.0,5.360323756431606e+17,6111.0,1.8717710927079936,1.891148660808313,bin_0
config_21,832,20,16,0.0300359409302473,0.977047085762024,0.9784560799598694,0.091295838356018,0.0004408876993693,128,54998.0,24254581429738143744,14417606656,212258176,8,0.0004408876993693,1599078400.0,2.683977282471842e+18,6086.0,1.4649132853115256,1.4778889153359018,bin_2
config_21,832,20,16,0.0300359409302473,0.977047085762024,0.9784560799598694,0.091295838356018,0.0004408876993693,128,54998.0,24254581429738143744,14417606656,212258176,8,0.0004408876993693,3185049600.0,5.367513556517382e+18,12171.0,1.5314767292207565,1.5446183381916685,bin_2
config_21,832,20,16,0.0300359409302473,0.977047085762024,0.9784560799598694,0.091295838356018,0.0004408876993693,128,54998.0,24254581429738143744,14417606656,212258176,8,0.0004408876993693,4784128000.0,8.051490838989223e+18,18257.0,1.6277465181272917,1.6444510220319613,bin_2
config_21,832,20,16,0.0300359409302473,0.977047085762024,0.9784560799598694,0.091295838356018,0.0004408876993693,128,54998.0,24254581429738143744,14417606656,212258176,8,0.0004408876993693,6383206400.0,1.0735027113034764e+19,24342.0,1.5857315201406703,1.6007124749659063,bin_2
config_21,832,20,16,0.0300359409302473,0.977047085762024,0.9784560799598694,0.091295838356018,0.0004408876993693,128,54998.0,24254581429738143744,14417606656,212258176,8,0.0004408876993693,7982284800.0,1.3419004395506604e+19,30428.0,1.4642128753618011,1.477148874314903,bin_2
config_21,832,20,16,0.0300359409302473,0.977047085762024,0.9784560799598694,0.091295838356018,0.0004408876993693,128,54998.0,24254581429738143744,14417606656,212258176,8,0.0004408876993693,9568256000.0,1.6102981677978446e+19,36514.0,1.513736426604878,1.5270311568688772,bin_2
config_21,832,20,16,0.0300359409302473,0.977047085762024,0.9784560799598694,0.091295838356018,0.0004408876993693,128,54998.0,24254581429738143744,14417606656,212258176,8,0.0004408876993693,11167334400.0,1.8786517952023982e+19,42599.0,1.560516895872657,1.5750148054056965,bin_2
config_21,832,20,16,0.0300359409302473,0.977047085762024,0.9784560799598694,0.091295838356018,0.0004408876993693,128,54998.0,24254581429738143744,14417606656,212258176,8,0.0004408876993693,12766412800.0,2.147049523449583e+19,48685.0,1.521975519300027,1.535227261446135,bin_2
config_21,832,20,16,0.0300359409302473,0.977047085762024,0.9784560799598694,0.091295838356018,0.0004408876993693,128,54998.0,24254581429738143744,14417606656,212258176,8,2.177656830185153e-05,14352384000.0,2.415403150854137e+19,54770.0,1.7260072040859291,1.7438876525232387,bin_2
config_21,832,20,16,0.0300359409302473,0.977047085762024,0.9784560799598694,0.091295838356018,0.0004408876993693,128,54998.0,24254581429738143744,14417606656,212258176,8,4.2148196713260905e-06,14404812800.0,2.4254581429738144e+19,54998.0,1.54476376626823,1.5583773749626784,bin_2
config_210,1152,8,8,0.0081880623474717,0.8163630366325378,0.9949122071266174,0.1082334890961647,0.0015811843331903,64,9347.0,1639753797257625600,1225142400,185340672,8,0.0015811843331903,609484800.0,8.197891831159607e+17,4673.0,3.0010180517493703,3.032200602468897,bin_1
config_210,1152,8,8,0.0081880623474717,0.8163630366325378,0.9949122071266174,0.1082334890961647,0.0015811843331903,64,9347.0,1639753797257625600,1225142400,185340672,8,7.350708571705758e-05,1218969600.0,1.6397537972576256e+18,9347.0,2.8626298007808746,2.8932642235912263,bin_1
config_212,384,11,16,0.0880805552005767,0.8167279362678528,0.9445584416389464,0.1777094900608062,0.0002531666250433,32,5630.0,124135227704549376,368975264,38779392,16,0.0002531666250433,183500800.0,6.206761385227469e+16,2815.0,2.3454991238625325,2.3688966855846467,bin_0
config_212,384,11,16,0.0880805552005767,0.8167279362678528,0.9445584416389464,0.1777094900608062,0.0002531666250433,32,5630.0,124135227704549376,368975264,38779392,16,7.594998751301316e-06,367001600.0,1.2413522770454938e+17,5630.0,2.09967833659688,2.120116409004712,bin_0
config_213,1088,5,8,0.0316794402897357,0.8535974025726318,0.9638176560401917,0.0973559096455574,0.0001746552297845,64,14550.0,1725537892505812992,1907174912,128523264,16,0.0001746552297845,1592524800.0,1.4434035525558935e+18,12171.0,1.7928907444437996,1.8127990278259651,bin_1
config_213,1088,5,8,0.0316794402897357,0.8535974025726318,0.9638176560401917,0.0973559096455574,0.0001746552297845,64,14550.0,1725537892505812992,1907174912,128523264,16,0.0,1907097600.0,1.725537892505813e+18,14550.0,1.7320859935635426,1.75142890035129,bin_1
config_214,512,22,16,0.0020820929203182,0.8292973041534424,0.9081192016601562,0.1115973144769668,0.0030502434819936,64,33727.0,3895171972765581312,4420734976,100738048,8,0.0030502434819936,1592524800.0,1.4056434927663263e+18,12171.0,1.7873142847663066,1.8050673583882757,bin_1
config_214,512,22,16,0.0020820929203182,0.8292973041534424,0.9081192016601562,0.1115973144769668,0.0030502434819936,64,33727.0,3895171972765581312,4420734976,100738048,8,0.0030502434819936,3191603200.0,2.8112869855326525e+18,24342.0,1.7290609212781562,1.746126963642777,bin_1
config_214,512,22,16,0.0020820929203182,0.8292973041534424,0.9081192016601562,0.1115973144769668,0.0030502434819936,64,33727.0,3895171972765581312,4420734976,100738048,8,2.18858820127104e-05,4417126400.0,3.895171972765581e+18,33727.0,1.6363867415365625,1.652381468092809,bin_1
config_215,1024,11,16,0.0114380586892366,0.894997775554657,0.9396002888679504,0.0843763425946235,0.0004949926515109,64,68541.0,12878285605699584000,8983808000,192802816,8,0.0004949926515109,1592524800.0,2.2868299865331648e+18,12171.0,1.7394913868825943,1.7579420374651424,bin_2
config_215,1024,11,16,0.0114380586892366,0.894997775554657,0.9396002888679504,0.0843763425946235,0.0004949926515109,64,68541.0,12878285605699584000,8983808000,192802816,8,0.0004949926515109,3191603200.0,4.5736599730663296e+18,24342.0,1.662531236644651,1.6802798067937132,bin_2
config_215,1024,11,16,0.0114380586892366,0.894997775554657,0.9396002888679504,0.0843763425946235,0.0004949926515109,64,68541.0,12878285605699584000,8983808000,192802816,8,0.0004949926515109,4784128000.0,6.86067785130819e+18,36514.0,1.6301136618754903,1.645576022707048,bin_2
config_215,1024,11,16,0.0114380586892366,0.894997775554657,0.9396002888679504,0.0843763425946235,0.0004949926515109,64,68541.0,12878285605699584000,8983808000,192802816,8,0.0004949926515109,6383206400.0,9.147507837841354e+18,48685.0,1.6104019762844335,1.6246957055467075,bin_2
config_215,1024,11,16,0.0114380586892366,0.894997775554657,0.9396002888679504,0.0843763425946235,0.0004949926515109,64,68541.0,12878285605699584000,8983808000,192802816,8,0.0004949926515109,7975731200.0,1.1434337824374518e+19,60856.0,1.595594953963014,1.6096760665784116,bin_2
config_215,1024,11,16,0.0114380586892366,0.894997775554657,0.9396002888679504,0.0843763425946235,0.0004949926515109,64,68541.0,12878285605699584000,8983808000,192802816,8,3.509372075384781e-06,8978432000.0,1.2878285605699584e+19,68541.0,1.5296394878919006,1.5448154218470465,bin_2
config_216,640,4,20,0.0010342149762436,0.9683133959770204,0.9143857359886168,0.2372587025165558,0.0001819146709749,128,50000.0,4952929159190937600,13107314688,52499200,16,0.0001819146709749,1599078400.0,6.028705372567209e+17,6086.0,1.9617488164979904,1.9833990136912607,bin_1
config_216,640,4,20,0.0010342149762436,0.9683133959770204,0.9143857359886168,0.2372587025165558,0.0001819146709749,128,50000.0,4952929159190937600,13107314688,52499200,16,0.0001819146709749,3185049600.0,1.205642015930258e+18,12171.0,1.8504646313776736,1.8707714746819168,bin_1
config_216,640,4,20,0.0010342149762436,0.9683133959770204,0.9143857359886168,0.2372587025165558,0.0001819146709749,128,50000.0,4952929159190937600,13107314688,52499200,16,0.0001819146709749,4784128000.0,1.808512553186979e+18,18257.0,1.8078704640122711,1.8264203056741932,bin_1
config_216,640,4,20,0.0010342149762436,0.9683133959770204,0.9143857359886168,0.2372587025165558,0.0001819146709749,128,50000.0,4952929159190937600,13107314688,52499200,16,0.0001819146709749,6383206400.0,2.411284031860516e+18,24342.0,1.7815964231334749,1.8000837969779968,bin_1
config_216,640,4,20,0.0010342149762436,0.9683133959770204,0.9143857359886168,0.2372587025165558,0.0001819146709749,128,50000.0,4952929159190937600,13107314688,52499200,16,0.0001819146709749,7982284800.0,3.0141545691172367e+18,30428.0,1.7644560830319511,1.7825516590524892,bin_1
config_216,640,4,20,0.0010342149762436,0.9683133959770204,0.9143857359886168,0.2372587025165558,0.0001819146709749,128,50000.0,4952929159190937600,13107314688,52499200,16,0.0001819146709749,9568256000.0,3.617025106373958e+18,36514.0,1.7492308581461673,1.7692059856946352,bin_1
config_216,640,4,20,0.0010342149762436,0.9683133959770204,0.9143857359886168,0.2372587025165558,0.0001819146709749,128,50000.0,4952929159190937600,13107314688,52499200,16,0.0001134858004733,11167334400.0,4.219796585047495e+18,42599.0,1.7270330046044022,1.7462981942833449,bin_1
config_216,640,4,20,0.0010342149762436,0.9683133959770204,0.9143857359886168,0.2372587025165558,0.0001819146709749,128,50000.0,4952929159190937600,13107314688,52499200,16,1.9936694677746744e-05,12766412800.0,4.822667122304216e+18,48685.0,1.703382330292561,1.7222829567408953,bin_1
config_216,640,4,20,0.0010342149762436,0.9683133959770204,0.9143857359886168,0.2372587025165558,0.0001819146709749,128,50000.0,4952929159190937600,13107314688,52499200,16,0.0,13107200000.0,4.952929159190938e+18,50000.0,1.7006125931270788,1.7191099211036185,bin_1
config_217,640,15,10,0.0286927781999111,0.8349365592002869,0.9655855894088744,0.0864721164107322,2.718383802857716e-05,64,74709.0,8677020799885639680,9792295936,108382720,8,2.718383802857716e-05,1592524800.0,1.413591671089268e+18,12171.0,2.109686440854776,2.1319353945138024,bin_2
config_217,640,15,10,0.0286927781999111,0.8349365592002869,0.9655855894088744,0.0864721164107322,2.718383802857716e-05,64,74709.0,8677020799885639680,9792295936,108382720,8,2.718383802857716e-05,3191603200.0,2.827183342178536e+18,24342.0,1.907352627789388,1.928239935616978,bin_2
config_217,640,15,10,0.0286927781999111,0.8349365592002869,0.9655855894088744,0.0864721164107322,2.718383802857716e-05,64,74709.0,8677020799885639680,9792295936,108382720,8,2.718383802857716e-05,4784128000.0,4.24089115751816e+18,36514.0,1.8286133047791775,1.847349398468361,bin_2
config_217,640,15,10,0.0286927781999111,0.8349365592002869,0.9655855894088744,0.0864721164107322,2.718383802857716e-05,64,74709.0,8677020799885639680,9792295936,108382720,8,2.718383802857716e-05,6383206400.0,5.654482828607429e+18,48685.0,1.7815991235756483,1.7991880137412275,bin_2
config_217,640,15,10,0.0286927781999111,0.8349365592002869,0.9655855894088744,0.0864721164107322,2.718383802857716e-05,64,74709.0,8677020799885639680,9792295936,108382720,8,2.718383802857716e-05,7975731200.0,7.068074499696696e+18,60856.0,1.7490070582999555,1.7666829084959186,bin_2
config_217,640,15,10,0.0286927781999111,0.8349365592002869,0.9655855894088744,0.0864721164107322,2.718383802857716e-05,64,74709.0,8677020799885639680,9792295936,108382720,8,6.981112583499923e-06,9574809600.0,8.481666170785964e+18,73027.0,1.7078217254505783,1.7265793653003505,bin_2
config_217,640,15,10,0.0286927781999111,0.8349365592002869,0.9655855894088744,0.0864721164107322,2.718383802857716e-05,64,74709.0,8677020799885639680,9792295936,108382720,8,3.787222016365154e-08,9791078400.0,8.67702079988564e+18,74709.0,1.7025282622751643,1.721203471715333,bin_2
config_218,1024,15,16,0.0374038219451904,0.9586784839630128,0.9632535576820374,0.0482639744877815,0.0072204219177365,32,3133.0,378385613420986368,205371536,244191232,8,0.0072204219177365,101580800.0,1.8913241960334013e+17,1566.0,3.51868580028659,3.550248776302963,bin_0
config_218,1024,15,16,0.0374038219451904,0.9586784839630128,0.9632535576820374,0.0482639744877815,0.0072204219177365,32,3133.0,378385613420986368,205371536,244191232,8,0.0015779730018894,203161600.0,3.783856134209864e+17,3133.0,3.4855002605328798,3.5192315769977256,bin_0
config_219,896,5,16,0.0134088154882192,0.921682834625244,0.921558916568756,0.107504017651081,0.0001120632659876,64,53580.0,4797784980690960384,7022868992,95520768,16,0.0001120632659876,1592524800.0,1.0898439902946936e+18,12171.0,1.8805564190520612,1.9004172948931084,bin_1
config_219,896,5,16,0.0134088154882192,0.921682834625244,0.921558916568756,0.107504017651081,0.0001120632659876,64,53580.0,4797784980690960384,7022868992,95520768,16,0.0001120632659876,3191603200.0,2.179687980589387e+18,24342.0,1.7879930296491404,1.806635587215424,bin_1
config_219,896,5,16,0.0134088154882192,0.921682834625244,0.921558916568756,0.107504017651081,0.0001120632659876,64,53580.0,4797784980690960384,7022868992,95520768,16,0.0001120632659876,4784128000.0,3.269621515209961e+18,36514.0,1.7482331073870423,1.7643257104764218,bin_1
config_219,896,5,16,0.0134088154882192,0.921682834625244,0.921558916568756,0.107504017651081,0.0001120632659876,64,53580.0,4797784980690960384,7022868992,95520768,16,9.494248923955538e-05,6383206400.0,4.359465505504655e+18,48685.0,1.718814488942506,1.7340540167933605,bin_1
config_219,896,5,16,0.0134088154882192,0.921682834625244,0.921558916568756,0.107504017651081,0.0001120632659876,64,53580.0,4797784980690960384,7022868992,95520768,16,5.836628436858002e-07,7018905600.0,4.79778498069096e+18,53580.0,1.6799409765102824,1.6950005627460167,bin_1
config_22,1024,17,16,0.0110320840030908,0.8064497709274292,0.956723928451538,0.2669802904129028,2.7464457161840983e-05,64,17016.0,4565343240459386880,2230351360,269885440,8,2.7464457161840983e-05,1592524800.0,3.265443851647344e+18,12171.0,1.9315993457552163,1.9514675925951133,bin_1
config_22,1024,17,16,0.0110320840030908,0.8064497709274292,0.956723928451538,0.2669802904129028,2.7464457161840983e-05,64,17016.0,4565343240459386880,2230351360,269885440,8,9.674841800736448e-08,2228224000.0,4.565343240459387e+18,17016.0,1.8520887708921276,1.8711459554354413,bin_1
config_220,1024,12,8,0.0324628613889217,0.9000729918479919,0.945777952671051,0.2702809274196625,0.0069995243102312,32,8620.0,867649254367297536,564972992,205649920,8,0.0069995243102312,281804800.0,4.338246271836488e+17,4310.0,3.401690028925411,3.4356144394640062,bin_0
config_220,1024,12,8,0.0324628613889217,0.9000729918479919,0.945777952671051,0.2702809274196625,0.0069995243102312,32,8620.0,867649254367297536,564972992,205649920,8,6.010755096806566e-05,563609600.0,8.676492543672975e+17,8620.0,3.1933500297733994,3.22666996678368,bin_0
config_222,512,7,8,0.0042387307621538,0.93626070022583,0.942180633544922,0.1624442040920257,4.25016951339785e-05,128,43693.0,4417376391668957184,11454011392,49604608,16,4.25016951339785e-05,1599078400.0,6.152965628292238e+17,6086.0,2.272975309129621,2.2966141292306244,bin_1
config_222,512,7,8,0.0042387307621538,0.93626070022583,0.942180633544922,0.1624442040920257,4.25016951339785e-05,128,43693.0,4417376391668957184,11454011392,49604608,16,4.25016951339785e-05,3185049600.0,1.2304920253359322e+18,12171.0,2.0299717746015453,2.0519721962584825,bin_1
config_222,512,7,8,0.0042387307621538,0.93626070022583,0.942180633544922,0.1624442040920257,4.25016951339785e-05,128,43693.0,4417376391668957184,11454011392,49604608,16,4.25016951339785e-05,4784128000.0,1.845788588165156e+18,18257.0,1.9386431529482857,1.959327787375841,bin_1
config_222,512,7,8,0.0042387307621538,0.93626070022583,0.942180633544922,0.1624442040920257,4.25016951339785e-05,128,43693.0,4417376391668957184,11454011392,49604608,16,4.25016951339785e-05,6383206400.0,2.4609840506718643e+18,24342.0,1.8885221230006608,1.908724377467984,bin_1
config_222,512,7,8,0.0042387307621538,0.93626070022583,0.942180633544922,0.1624442040920257,4.25016951339785e-05,128,43693.0,4417376391668957184,11454011392,49604608,16,4.25016951339785e-05,7982284800.0,3.0762806135010883e+18,30428.0,1.8559307552165671,1.8756776010013017,bin_1
config_222,512,7,8,0.0042387307621538,0.93626070022583,0.942180633544922,0.1624442040920257,4.25016951339785e-05,128,43693.0,4417376391668957184,11454011392,49604608,16,4.25016951339785e-05,9568256000.0,3.691577176330311e+18,36514.0,1.8321147111204803,1.8510133459919789,bin_1
config_222,512,7,8,0.0042387307621538,0.93626070022583,0.942180633544922,0.1624442040920257,4.25016951339785e-05,128,43693.0,4417376391668957184,11454011392,49604608,16,6.545632349082499e-06,11167334400.0,4.30677263883702e+18,42599.0,1.8046423863973773,1.8229001155055935,bin_1
config_222,512,7,8,0.0042387307621538,0.93626070022583,0.942180633544922,0.1624442040920257,4.25016951339785e-05,128,43693.0,4417376391668957184,11454011392,49604608,16,2.575134409977541e-07,11442585600.0,4.417376391668957e+18,43693.0,1.801838806887142,1.8200475054099912,bin_1
config_223,512,10,4,0.0065804910846054,0.8704584240913391,0.9597530961036682,0.2560728788375854,0.0002472805790603,32,8213.0,260947963287502848,538311872,59831296,16,0.0002472805790603,268697600.0,1.3045809536813427e+17,4106.0,2.1027969149292494,2.12477067365021,bin_0
config_223,512,10,4,0.0065804910846054,0.8704584240913391,0.9597530961036682,0.2560728788375854,0.0002472805790603,32,8213.0,260947963287502848,538311872,59831296,16,1.528600821580628e-06,537395200.0,2.6094796328750285e+17,8213.0,1.9300240950897087,1.9508547378368064,bin_0
config_225,704,11,16,0.0215001329779624,0.8420057892799377,0.9875066876411438,0.0428169816732406,0.0088472785428166,32,10732.0,576056038770229248,703361664,104797440,16,0.0088472785428166,350617600.0,2.8802801938511462e+17,5366.0,3.454745417735616,3.4882898904456465,bin_0
config_225,704,11,16,0.0215001329779624,0.8420057892799377,0.9875066876411438,0.0428169816732406,0.0088472785428166,32,10732.0,576056038770229248,703361664,104797440,16,0.0006168037328325,701235200.0,5.7605603877022925e+17,10732.0,3.3653405406045134,3.40040617778653,bin_0
config_226,1152,17,18,0.1853440105915069,0.9161006808280944,0.935006320476532,0.0357707627117633,0.0014292931882664,32,4701.0,755799067571871744,308088736,328688640,8,0.0014292931882664,154009600.0,3.7781914673343936e+17,2350.0,2.652756977745744,2.680591366349674,bin_0
config_226,1152,17,18,0.1853440105915069,0.9161006808280944,0.935006320476532,0.0357707627117633,0.0014292931882664,32,4701.0,755799067571871744,308088736,328688640,8,8.507697549205075e-06,308019200.0,7.557990675718717e+17,4701.0,2.7621757168848005,2.790033613853767,bin_0
config_228,704,18,4,0.0399384871125221,0.9040734171867372,0.990315079689026,0.1099712327122688,1.9380742742214352e-05,64,22573.0,3565383608390123520,2958716928,148962176,8,1.9380742742214352e-05,1592524800.0,1.9223977272722363e+18,12171.0,2.069617965065065,2.090827320599165,bin_1
config_228,704,18,4,0.0399384871125221,0.9040734171867372,0.990315079689026,0.1099712327122688,1.9380742742214352e-05,64,22573.0,3565383608390123520,2958716928,148962176,8,1.7959592388031e-07,2955673600.0,3.5653836083901235e+18,22573.0,1.8964572584042785,1.9159705004926588,bin_1
config_229,512,4,16,0.0018442793516442,0.9879359602928162,0.9148320555686952,0.0184668134897947,0.0022235468495637,32,4208.0,79034609498849280,275793664,39377920,16,0.0022235468495637,137625600.0,3.951730474942464e+16,2104.0,3.354310495579829,3.3905729525988217,bin_0
config_229,512,4,16,0.0018442793516442,0.9879359602928162,0.9148320555686952,0.0184668134897947,0.0022235468495637,32,4208.0,79034609498849280,275793664,39377920,16,0.0002310178545001,275251200.0,7.903460949884928e+16,4208.0,3.278112542121137,3.3121941311633,bin_0
config_23,512,19,16,0.0128449872136116,0.8817463517189026,0.9352611899375916,0.1104201823472976,0.0053081442601978,32,5347.0,274061187133931520,350451264,90511360,8,0.0053081442601978,173670400.0,1.3700496600130894e+17,2673.0,3.354164859701376,3.387270878690188,bin_0
config_23,512,19,16,0.0128449872136116,0.8817463517189026,0.9352611899375916,0.1104201823472976,0.0053081442601978,32,5347.0,274061187133931520,350451264,90511360,8,0.0004228521698801,347340800.0,2.7406118713393152e+17,5347.0,3.2304822241282856,3.2641069165995864,bin_0
config_230,640,10,10,0.0160612966865301,0.9632174372673036,0.9026671648025512,0.0283447820693254,7.486332469852641e-05,64,71492.0,6138639402416209920,9370645504,82981120,16,7.486332469852641e-05,1592524800.0,1.0450593096683222e+18,12171.0,1.9091608470776045,1.930177477422308,bin_2
config_230,640,10,10,0.0160612966865301,0.9632174372673036,0.9026671648025512,0.0283447820693254,7.486332469852641e-05,64,71492.0,6138639402416209920,9370645504,82981120,16,7.486332469852641e-05,3191603200.0,2.0901186193366444e+18,24342.0,1.7940512019688966,1.813487356178096,bin_2
config_230,640,10,10,0.0160612966865301,0.9632174372673036,0.9026671648025512,0.0283447820693254,7.486332469852641e-05,64,71492.0,6138639402416209920,9370645504,82981120,16,7.486332469852641e-05,4784128000.0,3.135263793708744e+18,36514.0,1.7451857553153742,1.7631843874884434,bin_2
config_230,640,10,10,0.0160612966865301,0.9632174372673036,0.9026671648025512,0.0283447820693254,7.486332469852641e-05,64,71492.0,6138639402416209920,9370645504,82981120,16,7.486332469852641e-05,6383206400.0,4.1803231033770655e+18,48685.0,1.7166669360536044,1.733628816096509,bin_2
config_230,640,10,10,0.0160612966865301,0.9632174372673036,0.9026671648025512,0.0283447820693254,7.486332469852641e-05,64,71492.0,6138639402416209920,9370645504,82981120,16,7.486332469852641e-05,7975731200.0,5.225382413045388e+18,60856.0,1.6964713342854234,1.7133258412314245,bin_2
config_230,640,10,10,0.0160612966865301,0.9632174372673036,0.9026671648025512,0.0283447820693254,7.486332469852641e-05,64,71492.0,6138639402416209920,9370645504,82981120,16,1.5519544113218643e-06,9365094400.0,6.13863940241621e+18,71492.0,1.6568258378935643,1.67394110824241,bin_2
config_231,448,8,8,0.1367519795894622,0.8640304803848267,0.90659499168396,0.0998118296265602,1.1065585567848755e-05,32,7425.0,167570837688360960,486649920,42716800,16,1.1065585567848755e-05,242483200.0,8.377413461268632e+16,3712.0,3.139520283292552,3.1727409528513424,bin_0
config_231,448,8,8,0.1367519795894622,0.8640304803848267,0.90659499168396,0.0998118296265602,1.1065585567848755e-05,32,7425.0,167570837688360960,486649920,42716800,16,3.733328464186497e-07,484966400.0,1.6757083768836096e+17,7425.0,2.926259589664272,2.9568963773915025,bin_0
config_232,896,19,16,0.0012096071150153,0.9311397671699524,0.9063278436660768,0.1701404452323913,1.730688745738007e-05,32,7465.0,899911468066996224,489289472,236841472,8,1.730688745738007e-05,245760000.0,4.498954586505063e+17,3732.0,2.6965726360141256,2.724227864116919,bin_0
config_232,896,19,16,0.0012096071150153,0.9311397671699524,0.9063278436660768,0.1701404452323913,1.730688745738007e-05,32,7465.0,899911468066996224,489289472,236841472,8,2.044120565832311e-07,488243200.0,8.999114680669962e+17,7465.0,2.4297356691125964,2.455849669937228,bin_0
config_234,1024,4,8,0.0072107329033315,0.9787518382072448,0.9616208076477052,0.1944755613803863,0.0001347081124549,64,38058.0,3580934012541075456,4988439552,102873088,16,0.0001347081124549,1592524800.0,1.1451875523316367e+18,12171.0,1.8454962011634328,1.8658327206627268,bin_1
config_234,1024,4,8,0.0072107329033315,0.9787518382072448,0.9616208076477052,0.1944755613803863,0.0001347081124549,64,38058.0,3580934012541075456,4988439552,102873088,16,0.0001347081124549,3191603200.0,2.2903751046632732e+18,24342.0,1.7603327475219477,1.7801386344628256,bin_1
config_234,1024,4,8,0.0072107329033315,0.9787518382072448,0.9616208076477052,0.1944755613803863,0.0001347081124549,64,38058.0,3580934012541075456,4988439552,102873088,16,2.835768669164277e-05,4784128000.0,3.4356567484871726e+18,36514.0,1.6904304943319226,1.7070023116127389,bin_1
config_234,1024,4,8,0.0072107329033315,0.9787518382072448,0.9616208076477052,0.1944755613803863,0.0001347081124549,64,38058.0,3580934012541075456,4988439552,102873088,16,1.4561071471960577e-07,4987289600.0,3.5809340125410755e+18,38058.0,1.6828607604542716,1.6991288297293616,bin_1
config_235,640,5,4,0.0166207216680049,0.8390088677406311,0.9678124189376832,0.0067464355379343,0.0001447020622435,128,56113.0,6238137151751454720,14709878784,57579520,16,0.0001447020622435,1599078400.0,6.765865789667163e+17,6086.0,1.961520637215161,1.9828271308883287,bin_2
config_235,640,5,4,0.0166207216680049,0.8390088677406311,0.9678124189376832,0.0067464355379343,0.0001447020622435,128,56113.0,6238137151751454720,14709878784,57579520,16,0.0001447020622435,3185049600.0,1.3530619869543058e+18,12171.0,1.8424775825953876,1.862849642448738,bin_2
config_235,640,5,4,0.0166207216680049,0.8390088677406311,0.9678124189376832,0.0067464355379343,0.0001447020622435,128,56113.0,6238137151751454720,14709878784,57579520,16,0.0001447020622435,4784128000.0,2.029648565921022e+18,18257.0,1.794802273179664,1.8128924228715115,bin_2
config_235,640,5,4,0.0166207216680049,0.8390088677406311,0.9678124189376832,0.0067464355379343,0.0001447020622435,128,56113.0,6238137151751454720,14709878784,57579520,16,0.0001447020622435,6383206400.0,2.706123973908612e+18,24342.0,1.7670316758703013,1.7835930511599682,bin_2
config_235,640,5,4,0.0166207216680049,0.8390088677406311,0.9678124189376832,0.0067464355379343,0.0001447020622435,128,56113.0,6238137151751454720,14709878784,57579520,16,0.0001447020622435,7982284800.0,3.3827105528753275e+18,30428.0,1.7479647936977325,1.7641958816325078,bin_2
config_235,640,5,4,0.0166207216680049,0.8390088677406311,0.9678124189376832,0.0067464355379343,0.0001447020622435,128,56113.0,6238137151751454720,14709878784,57579520,16,0.0001447020622435,9568256000.0,4.059297131842044e+18,36514.0,1.730394818274701,1.7491793698951843,bin_2
config_235,640,5,4,0.0166207216680049,0.8390088677406311,0.9678124189376832,0.0067464355379343,0.0001447020622435,128,56113.0,6238137151751454720,14709878784,57579520,16,0.0001447020622435,11167334400.0,4.735772539829634e+18,42599.0,1.718884711187394,1.7369230131243096,bin_2
config_235,640,5,4,0.0166207216680049,0.8390088677406311,0.9678124189376832,0.0067464355379343,0.0001447020622435,128,56113.0,6238137151751454720,14709878784,57579520,16,0.0001447020622435,12766412800.0,5.41235911879635e+18,48685.0,1.710422181965875,1.7282523535509575,bin_2
config_235,640,5,4,0.0166207216680049,0.8390088677406311,0.9678124189376832,0.0067464355379343,0.0001447020622435,128,56113.0,6238137151751454720,14709878784,57579520,16,0.0001447020622435,14352384000.0,6.08883452678394e+18,54770.0,1.7109396807092134,1.720983468040091,bin_2
config_235,640,5,4,0.0166207216680049,0.8390088677406311,0.9678124189376832,0.0067464355379343,0.0001447020622435,128,56113.0,6238137151751454720,14709878784,57579520,16,4.976525950176573e-06,14706278400.0,6.238137151751455e+18,56113.0,1.6906470656394958,1.7012752809290026,bin_2
config_236,1088,24,4,0.0097922459244728,0.9681309461593628,0.969487190246582,0.2159206420183181,0.0004706831241492,32,11638.0,2361143090537054208,762726272,409042304,8,0.0004706831241492,380108800.0,1.180571545268527e+18,5819.0,1.9093252876352087,1.9282978191727496,bin_1
config_236,1088,24,4,0.0097922459244728,0.9681309461593628,0.969487190246582,0.2159206420183181,0.0004706831241492,32,11638.0,2361143090537054208,762726272,409042304,8,7.12020649588788e-06,760217600.0,2.361143090537054e+18,11638.0,1.7209755117775964,1.7398250416654055,bin_1
config_238,512,5,16,0.0786180272698402,0.9583942890167236,0.9177591800689696,0.0957598909735679,0.0001197840028908,64,68589.0,2873267109268291584,8990150656,42786816,16,0.0001197840028908,1592524800.0,5.098563032979687e+17,12171.0,1.974190830559027,1.9959999882979471,bin_1
config_238,512,5,16,0.0786180272698402,0.9583942890167236,0.9177591800689696,0.0957598909735679,0.0001197840028908,64,68589.0,2873267109268291584,8990150656,42786816,16,0.0001197840028908,3191603200.0,1.0197126065959374e+18,24342.0,1.8737983717683888,1.894995786166582,bin_1
config_238,512,5,16,0.0786180272698402,0.9583942890167236,0.9177591800689696,0.0957598909735679,0.0001197840028908,64,68589.0,2873267109268291584,8990150656,42786816,16,0.0001197840028908,4784128000.0,1.5296108009713275e+18,36514.0,1.834470576731885,1.8539840112357844,bin_1
config_238,512,5,16,0.0786180272698402,0.9583942890167236,0.9177591800689696,0.0957598909735679,0.0001197840028908,64,68589.0,2873267109268291584,8990150656,42786816,16,0.0001197840028908,6383206400.0,2.0394671042692964e+18,48685.0,1.8121464253644477,1.8314138080252973,bin_1
config_238,512,5,16,0.0786180272698402,0.9583942890167236,0.9177591800689696,0.0957598909735679,0.0001197840028908,64,68589.0,2873267109268291584,8990150656,42786816,16,0.0001197840028908,7975731200.0,2.5493234075672653e+18,60856.0,1.7973511741200432,1.816348912872252,bin_1
config_238,512,5,16,0.0786180272698402,0.9583942890167236,0.9177591800689696,0.0957598909735679,0.0001197840028908,64,68589.0,2873267109268291584,8990150656,42786816,16,7.112631109533403e-07,8984985600.0,2.873267109268292e+18,68589.0,1.748343592979869,1.768737702877795,bin_1
config_239,768,5,8,0.0077525009401142,0.8296642303466797,0.9055002927780152,0.2624649405479431,0.00019921749481,64,13533.0,955044154252984320,1773905920,74010624,16,7.758879057229798e-05,1592524800.0,8.589257667489155e+17,12171.0,1.8378241293547584,1.857759394997456,bin_0
config_239,768,5,8,0.0077525009401142,0.8296642303466797,0.9055002927780152,0.2624649405479431,0.00019921749481,64,13533.0,955044154252984320,1773905920,74010624,16,1.8513594279724176e-06,1769472000.0,9.550441542529844e+17,13533.0,1.816514991658633,1.836332793274864,bin_0
config_24,768,5,24,0.0375687181949615,0.9681217670440674,0.9104373455047609,0.0288956891745328,0.0006285262643359,64,50895.0,3591534802529157120,6670942720,74010624,16,0.0006285262643359,1592524800.0,8.588774944804475e+17,12171.0,1.818893533339266,1.838883473677713,bin_1
config_24,768,5,24,0.0375687181949615,0.9681217670440674,0.9104373455047609,0.0288956891745328,0.0006285262643359,64,50895.0,3591534802529157120,6670942720,74010624,16,0.0006285262643359,3191603200.0,1.717754988960895e+18,24342.0,1.7635503634077605,1.782359582517968,bin_1
config_24,768,5,24,0.0375687181949615,0.9681217670440674,0.9104373455047609,0.0288956891745328,0.0006285262643359,64,50895.0,3591534802529157120,6670942720,74010624,16,0.0006285262643359,4784128000.0,2.576703050978478e+18,36514.0,1.7413625531509274,1.7576313522604643,bin_1
config_24,768,5,24,0.0375687181949615,0.9681217670440674,0.9104373455047609,0.0288956891745328,0.0006285262643359,64,50895.0,3591534802529157120,6670942720,74010624,16,0.0006285262643359,6383206400.0,3.4355805454589256e+18,48685.0,1.727185091698756,1.742925832467001,bin_1
config_24,768,5,24,0.0375687181949615,0.9681217670440674,0.9104373455047609,0.0288956891745328,0.0006285262643359,64,50895.0,3591534802529157120,6670942720,74010624,16,1.92405999286518e-05,6665011200.0,3.591534802529157e+18,50895.0,1.6719451241024206,1.6864203290861162,bin_1
config_242,960,4,8,0.0199514832347631,0.9552431106567384,0.9658665060997008,0.0346337929368019,0.0028835874982178,64,9714.0,826839407530229760,1273259136,92511360,16,0.0028835874982178,635699200.0,4.134197037651149e+17,4857.0,1.949772497396,1.971135891969087,bin_0
config_242,960,4,8,0.0199514832347631,0.9552431106567384,0.9658665060997008,0.0346337929368019,0.0028835874982178,64,9714.0,826839407530229760,1273259136,92511360,16,0.0001201494790924,1271398400.0,8.268394075302298e+17,9714.0,1.8153943308845892,1.834286714108264,bin_0
config_244,256,4,16,0.0121004208922386,0.8728266954421997,0.962993323802948,0.0739754140377044,1.4641314010077622e-05,64,14230.0,229121001051979776,1865220992,16281088,16,1.4641314010077622e-05,1592524800.0,1.9596849640222387e+17,12171.0,2.87084168316888,2.9014779924955523,bin_0
config_244,256,4,16,0.0121004208922386,0.8728266954421997,0.962993323802948,0.0739754140377044,1.4641314010077622e-05,64,14230.0,229121001051979776,1865220992,16281088,16,4.1752796606685286e-07,1861222400.0,2.2912100105197978e+17,14230.0,2.8283099992939684,2.858447571426141,bin_0
config_245,256,24,16,0.0014359467895701,0.9754559993743896,0.907706618309021,0.2666901350021362,0.0081082070246338,64,37246.0,1713099230359584768,4881962496,33330688,16,0.0081082070246338,1592524800.0,5.597951654595528e+17,12171.0,3.4642764561293555,3.4942714100978414,bin_1
config_245,256,24,16,0.0014359467895701,0.9754559993743896,0.907706618309021,0.2666901350021362,0.0081082070246338,64,37246.0,1713099230359584768,4881962496,33330688,16,0.0081082070246338,3191603200.0,1.1195903309191055e+18,24342.0,3.399313416324678,3.4149698216797875,bin_1
config_245,256,24,16,0.0014359467895701,0.9754559993743896,0.907706618309021,0.2666901350021362,0.0081082070246338,64,37246.0,1713099230359584768,4881962496,33330688,16,0.000608952223938,4784128000.0,1.6794314905587146e+18,36514.0,3.166456242076686,3.1988532884003686,bin_1
config_245,256,24,16,0.0014359467895701,0.9754559993743896,0.907706618309021,0.2666901350021362,0.0081082070246338,64,37246.0,1713099230359584768,4881962496,33330688,16,3.754933284336702e-05,4875878400.0,1.7130992303595848e+18,37246.0,3.162598804880361,3.195441439112679,bin_1
config_247,320,11,20,0.0067448839545249,0.886860191822052,0.9277928471565248,0.2392595559358596,2.698613388929516e-05,32,4442.0,80052146740224000,291147840,31415040,16,2.698613388929516e-05,144179200.0,4.0026073370112e+16,2221.0,3.217718427845689,3.251809639149025,bin_0
config_247,320,11,20,0.0067448839545249,0.886860191822052,0.9277928471565248,0.2392595559358596,2.698613388929516e-05,32,4442.0,80052146740224000,291147840,31415040,16,1.0672482329099778e-06,288358400.0,8.0052146740224e+16,4442.0,2.972751537776384,3.004172098441202,bin_0
config_248,448,13,16,0.0040794294327497,0.9873132705688475,0.962724268436432,0.0973278954625129,0.0017047111177816,32,9931.0,309226664959844352,650894144,55336960,16,0.0017047111177816,324403200.0,1.545977637222462e+17,4965.0,2.342054822601256,2.365252780992477,bin_0
config_248,448,13,16,0.0040794294327497,0.9873132705688475,0.962724268436432,0.0973278954625129,0.0017047111177816,32,9931.0,309226664959844352,650894144,55336960,16,5.470605036359488e-05,648806400.0,3.0922666495984435e+17,9931.0,2.0312819217853857,2.0512189864721453,bin_0
config_249,640,21,16,0.0022195363417267,0.9591811895370485,0.9919294714927672,0.2207741886377334,0.0007560073281638,64,32173.0,4905840653057064960,4217088256,138864640,8,0.0007560073281638,1592524800.0,1.85587252007452e+18,12171.0,1.7135209929943085,1.731975689891909,bin_1
config_249,640,21,16,0.0022195363417267,0.9591811895370485,0.9919294714927672,0.2207741886377334,0.0007560073281638,64,32173.0,4905840653057064960,4217088256,138864640,8,0.0007560073281638,3191603200.0,3.71174504014904e+18,24342.0,1.6393834531111795,1.6570448906304407,bin_1
config_249,640,21,16,0.0022195363417267,0.9591811895370485,0.9919294714927672,0.2207741886377334,0.0007560073281638,64,32173.0,4905840653057064960,4217088256,138864640,8,2.44834814809461e-06,4213964800.0,4.905840653057065e+18,32173.0,1.5722970425496336,1.5892591498718889,bin_1
config_25,576,5,12,0.0093683768063783,0.8831959962844849,0.916224241256714,0.0240446273237466,1.0500752068764996e-05,64,55712.0,2657881839685533696,7302363648,48872448,16,1.0500752068764996e-05,1592524800.0,5.806483319717947e+17,12171.0,2.681574294528023,2.7100231022131247,bin_1
config_25,576,5,12,0.0093683768063783,0.8831959962844849,0.916224241256714,0.0240446273237466,1.0500752068764996e-05,64,55712.0,2657881839685533696,7302363648,48872448,16,1.0500752068764996e-05,3191603200.0,1.1612966639435894e+18,24342.0,2.3658991018670505,2.390629565598535,bin_1
config_25,576,5,12,0.0093683768063783,0.8831959962844849,0.916224241256714,0.0240446273237466,1.0500752068764996e-05,64,55712.0,2657881839685533696,7302363648,48872448,16,1.0500752068764996e-05,4784128000.0,1.7419927034440978e+18,36514.0,2.2098010174954523,2.2324588602879007,bin_1
config_25,576,5,12,0.0093683768063783,0.8831959962844849,0.916224241256714,0.0240446273237466,1.0500752068764996e-05,64,55712.0,2657881839685533696,7302363648,48872448,16,1.0500752068764996e-05,6383206400.0,2.3226410354158925e+18,48685.0,2.129521170952281,2.1512396863249483,bin_1
config_25,576,5,12,0.0093683768063783,0.8831959962844849,0.916224241256714,0.0240446273237466,1.0500752068764996e-05,64,55712.0,2657881839685533696,7302363648,48872448,16,9.410681465659457e-08,7300710400.0,2.6578818396855337e+18,55712.0,2.0901742914856456,2.112107823637665,bin_1
config_250,896,15,16,0.0039356108754873,0.881286084651947,0.9572030901908876,0.224277526140213,3.0575040000258014e-05,32,3906.0,386259552311721984,255984192,196464128,8,3.0575040000258014e-05,127795200.0,1.93129776155861e+17,1953.0,2.7698768362256345,2.7987029944091546,bin_0
config_250,896,15,16,0.0039356108754873,0.881286084651947,0.9572030901908876,0.224277526140213,3.0575040000258014e-05,32,3906.0,386259552311721984,255984192,196464128,8,2.0941808219354386e-07,255590400.0,3.86259552311722e+17,3906.0,2.502946289171938,2.5283484965074257,bin_0
config_251,1152,10,12,0.0256948322057724,0.8664553761482239,0.9594216346740724,0.1740366518497467,0.000444615870947,64,69150.0,14376293064790769664,9063668736,217195776,8,0.000444615870947,1592524800.0,2.530352319473152e+18,12171.0,1.7278189993881787,1.7459658403279352,bin_2
config_251,1152,10,12,0.0256948322057724,0.8664553761482239,0.9594216346740724,0.1740366518497467,0.000444615870947,64,69150.0,14376293064790769664,9063668736,217195776,8,0.000444615870947,3191603200.0,5.060704638946304e+18,24342.0,1.6490351917509172,1.666286978076716,bin_2
config_251,1152,10,12,0.0256948322057724,0.8664553761482239,0.9594216346740724,0.1740366518497467,0.000444615870947,64,69150.0,14376293064790769664,9063668736,217195776,8,0.000444615870947,4784128000.0,7.591264858536083e+18,36514.0,1.6151033255506737,1.6304096476171837,bin_2
config_251,1152,10,12,0.0256948322057724,0.8664553761482239,0.9594216346740724,0.1740366518497467,0.000444615870947,64,69150.0,14376293064790769664,9063668736,217195776,8,0.000444615870947,6383206400.0,1.0121617178009235e+19,48685.0,1.5953728580084003,1.6097350119958158,bin_2
config_251,1152,10,12,0.0256948322057724,0.8664553761482239,0.9594216346740724,0.1740366518497467,0.000444615870947,64,69150.0,14376293064790769664,9063668736,217195776,8,0.0003066571155775,7975731200.0,1.2651969497482387e+19,60856.0,1.5609231445437572,1.5747588167620488,bin_2
config_251,1152,10,12,0.0256948322057724,0.8664553761482239,0.9594216346740724,0.1740366518497467,0.000444615870947,64,69150.0,14376293064790769664,9063668736,217195776,8,0.0,9063628800.0,1.437629306479077e+19,69150.0,1.508094282365236,1.523205120798017,bin_2
config_252,1152,7,16,0.0073581109754741,0.8167036771774292,0.9361596703529358,0.1766027212142944,3.973675484303385e-05,64,26566.0,4229270058051698688,3482153472,169413120,16,3.973675484303385e-05,1592524800.0,1.937606183714041e+18,12171.0,1.923231762549916,1.9435222156712264,bin_1
config_252,1152,7,16,0.0073581109754741,0.8167036771774292,0.9361596703529358,0.1766027212142944,3.973675484303385e-05,64,26566.0,4229270058051698688,3482153472,169413120,16,1.8771402415724367e-05,3191603200.0,3.875212367428082e+18,24342.0,1.791956208416673,1.81115746654448,bin_1
config_252,1152,7,16,0.0073581109754741,0.8167036771774292,0.9361596703529358,0.1766027212142944,3.973675484303385e-05,64,26566.0,4229270058051698688,3482153472,169413120,16,1.3553359144926905e-07,3479961600.0,4.229270058051698e+18,26566.0,1.7747041862519062,1.793595739309905,bin_1
config_253,256,9,16,0.0606688857078552,0.8122206330299377,0.9495726227760316,0.2543847262859344,2.2981621441431344e-05,32,11661.0,137449517975764992,764224704,20543488,16,2.2981621441431344e-05,383385600.0,6.871886543167052e+16,5830.0,3.0196316210950007,3.0515481840196204,bin_0
config_253,256,9,16,0.0606688857078552,0.8122206330299377,0.9495726227760316,0.2543847262859344,2.2981621441431344e-05,32,11661.0,137449517975764992,764224704,20543488,16,8.523190689674528e-08,763494400.0,1.37449517975765e+17,11661.0,2.8205883635849247,2.850595575864198,bin_0
config_254,832,18,16,0.0014520587865263,0.9431080222129822,0.9604704976081848,0.0490252561867237,1.7880396626424044e-05,64,70732.0,14269674745449676800,9271089152,195215488,8,1.7880396626424044e-05,1592524800.0,2.455412137743426e+18,12171.0,2.133787209889928,2.155914539059655,bin_2
config_254,832,18,16,0.0014520587865263,0.9431080222129822,0.9604704976081848,0.0490252561867237,1.7880396626424044e-05,64,70732.0,14269674745449676800,9271089152,195215488,8,1.7880396626424044e-05,3191603200.0,4.910824275486852e+18,24342.0,1.911218629469637,1.931957103658895,bin_2
config_254,832,18,16,0.0014520587865263,0.9431080222129822,0.9604704976081848,0.0490252561867237,1.7880396626424044e-05,64,70732.0,14269674745449676800,9271089152,195215488,8,1.7880396626424044e-05,4784128000.0,7.366438156072917e+18,36514.0,1.822083277213769,1.8401393643949853,bin_2
config_254,832,18,16,0.0014520587865263,0.9431080222129822,0.9604704976081848,0.0490252561867237,1.7880396626424044e-05,64,70732.0,14269674745449676800,9271089152,195215488,8,1.7880396626424044e-05,6383206400.0,9.821850293816345e+18,48685.0,1.769055953143073,1.7863572253946398,bin_2
config_254,832,18,16,0.0014520587865263,0.9431080222129822,0.9604704976081848,0.0490252561867237,1.7880396626424044e-05,64,70732.0,14269674745449676800,9271089152,195215488,8,1.7880396626424044e-05,7975731200.0,1.2277262431559768e+19,60856.0,1.7328103600369125,1.7496443251899032,bin_2
config_254,832,18,16,0.0014520587865263,0.9431080222129822,0.9604704976081848,0.0490252561867237,1.7880396626424044e-05,64,70732.0,14269674745449676800,9271089152,195215488,8,1.650339463644565e-07,9266790400.0,1.4269674745449677e+19,70732.0,1.691324779205635,1.7088618639062665,bin_2
config_255,320,16,16,0.0041961395181715,0.9791050553321838,0.927950084209442,0.2309212535619735,0.0001256780960829,32,6690.0,156120044389171200,438472448,38381440,16,0.0001256780960829,219545600.0,7.80600221945856e+16,3345.0,3.0164174642719206,3.0475789132665416,bin_0
config_255,320,16,16,0.0041961395181715,0.9791050553321838,0.927950084209442,0.2309212535619735,0.0001256780960829,32,6690.0,156120044389171200,438472448,38381440,16,3.255909224948012e-06,435814400.0,1.561200443891712e+17,6690.0,2.692452110853352,2.720769730239618,bin_0
config_257,1152,9,16,0.0444585382938385,0.8571687936782837,0.9411231279373168,0.1687253415584564,2.9584420190076344e-05,32,9069.0,869131465787031552,594366528,201268224,8,2.9584420190076344e-05,298188800.0,4.345178151812108e+17,4534.0,2.359120866607447,2.3830708489457115,bin_0
config_257,1152,9,16,0.0444585382938385,0.8571687936782837,0.9411231279373168,0.1687253415584564,2.9584420190076344e-05,32,9069.0,869131465787031552,594366528,201268224,8,3.673882245826474e-07,593100800.0,8.691314657870316e+17,9069.0,2.114934283553577,2.1376150277794386,bin_0
config_258,256,14,16,0.0915262922644615,0.9447681903839112,0.9202937483787536,0.1037943586707115,0.0057521876879036,32,4351.0,67549032300773376,285172032,24805888,16,0.0057521876879036,144179200.0,3.3766753678276736e+16,2175.0,2.4711321697469617,2.4968871570806037,bin_0
config_258,256,14,16,0.0915262922644615,0.9447681903839112,0.9202937483787536,0.1037943586707115,0.0057521876879036,32,4351.0,67549032300773376,285172032,24805888,16,1.2754296425506774e-05,285081600.0,6.754903230077338e+16,4351.0,2.163031937489744,2.185017933571925,bin_0
config_259,576,19,24,0.0018001337302848,0.902701497077942,0.9458271861076356,0.2790288627147674,0.0022349336650222,64,23344.0,2743360890295320576,3059783424,104626944,8,0.0022349336650222,1592524800.0,1.4303223695932293e+18,12171.0,1.7582847075188746,1.7766410405323154,bin_1
config_259,576,19,24,0.0018001337302848,0.902701497077942,0.9458271861076356,0.2790288627147674,0.0022349336650222,64,23344.0,2743360890295320576,3059783424,104626944,8,1.5098584563331616e-05,3053977600.0,2.7433608902953206e+18,23344.0,1.638907356027697,1.6563956091833896,bin_1
config_260,832,6,16,0.0991600677371025,0.9110540151596068,0.933419108390808,0.1280960440635681,0.000305013731122,64,9522.0,849177937756422144,1248103424,92959360,16,0.000305013731122,622592000.0,4.245889688782111e+17,4761.0,1.9294270545146504,1.9499547082869733,bin_0
config_260,832,6,16,0.0991600677371025,0.9110540151596068,0.933419108390808,0.1280960440635681,0.000305013731122,64,9522.0,849177937756422144,1248103424,92959360,16,5.504759708518784e-06,1245184000.0,8.491779377564221e+17,9522.0,1.7803804930311735,1.7993036275613503,bin_0
config_261,640,23,16,0.1013193577527999,0.877369225025177,0.9131836891174316,0.0856294333934784,0.0052501140162348,64,11383.0,1873554666310041600,1492004480,149025280,8,0.0052501140162348,747110400.0,9.366950369823812e+17,5691.0,3.675813355367692,3.7081566032425295,bin_1
config_261,640,23,16,0.1013193577527999,0.877369225025177,0.9131836891174316,0.0856294333934784,0.0052501140162348,64,11383.0,1873554666310041600,1492004480,149025280,8,0.0001778786062995,1487667200.0,1.8735546663100416e+18,11383.0,3.613873288436014,3.650935625678203,bin_1
config_262,640,7,20,0.0152613511309027,0.9343929290771484,0.9087176322937012,0.2953790426254272,0.0036164547782391,32,5984.0,202573556339097600,392216640,67740160,16,0.0036164547782391,196608000.0,1.012867781695488e+17,2992.0,3.2122405700214576,3.247091491574147,bin_0
config_262,640,7,20,0.0152613511309027,0.9343929290771484,0.9087176322937012,0.2953790426254272,0.0036164547782391,32,5984.0,202573556339097600,392216640,67740160,16,6.958656619135807e-05,389939200.0,2.025735563390976e+17,5984.0,2.98258665483506,3.0135911839125584,bin_0
config_263,320,17,16,0.0021297268103808,0.9189876317977904,0.9105565547943116,0.2053686380386352,0.001977928681299,64,29083.0,1419108811976540160,3811995136,39774720,16,0.001977928681299,1592524800.0,5.938855465586931e+17,12171.0,1.8722187170435167,1.8923256120525425,bin_1
config_263,320,17,16,0.0021297268103808,0.9189876317977904,0.9105565547943116,0.2053686380386352,0.001977928681299,64,29083.0,1419108811976540160,3811995136,39774720,16,0.0015675714080021,3191603200.0,1.1877710931173862e+18,24342.0,1.8068439325739123,1.826370233981336,bin_1
config_263,320,17,16,0.0021297268103808,0.9189876317977904,0.9105565547943116,0.2053686380386352,0.001977928681299,64,29083.0,1419108811976540160,3811995136,39774720,16,1.0929612605972694e-05,3807641600.0,1.4191088119765402e+18,29083.0,1.7416391922215946,1.7607481084886143,bin_1
config_264,832,20,16,0.0367078371345996,0.9458777904510498,0.9256864786148072,0.2296593487262725,1.86446777661331e-05,64,7920.0,1746471391844155392,1038151808,212258176,8,1.86446777661331e-05,517734400.0,8.732356959220777e+17,3960.0,2.5705090485439928,2.5974876570506176,bin_1
config_264,832,20,16,0.0367078371345996,0.9458777904510498,0.9256864786148072,0.2296593487262725,1.86446777661331e-05,64,7920.0,1746471391844155392,1038151808,212258176,8,2.051119666241256e-07,1035468800.0,1.7464713918441554e+18,7920.0,2.246335199914995,2.2698775304340923,bin_1
config_265,960,9,16,0.0263782795518636,0.9385005831718444,0.9463416934013368,0.1028058230876922,0.0049177194014191,32,11548.0,831851818743767040,756828224,147816960,16,0.0049177194014191,376832000.0,4.159259093718835e+17,5774.0,3.1931528872349224,3.2267678055216056,bin_0
config_265,960,9,16,0.0263782795518636,0.9385005831718444,0.9463416934013368,0.1028058230876922,0.0049177194014191,32,11548.0,831851818743767040,756828224,147816960,16,0.0001988631265948,753664000.0,8.31851818743767e+17,11548.0,3.022204484236045,3.05329207068584,bin_0
config_266,960,13,10,0.0063493219204247,0.9245458841323853,0.9697742462158204,0.2051762640476226,0.0011462841648608,32,5397.0,516106377852825600,353758816,192061440,8,0.0011462841648608,176947200.0,2.580053747353944e+17,2698.0,2.1820484685702404,2.204798230851283,bin_0
config_266,960,13,10,0.0063493219204247,0.9245458841323853,0.9697742462158204,0.2051762640476226,0.0011462841648608,32,5397.0,516106377852825600,353758816,192061440,8,4.8667891371688985e-05,350617600.0,5.161063778528256e+17,5397.0,1.964667898299264,1.9857719125317743,bin_0
config_267,384,24,12,0.0057418784126639,0.8900291919708252,0.9348431825637816,0.0855846256017685,1.181805146188708e-05,128,42622.0,6671851560840462336,11173111808,61792512,16,1.181805146188708e-05,1599078400.0,9.526744075659296e+17,6086.0,2.8875133235337302,2.917737466077336,bin_2
config_267,384,24,12,0.0057418784126639,0.8900291919708252,0.9348431825637816,0.0855846256017685,1.181805146188708e-05,128,42622.0,6671851560840462336,11173111808,61792512,16,1.181805146188708e-05,3185049600.0,1.905192279737912e+18,12171.0,2.606389870487276,2.6346635851312854,bin_2
config_267,384,24,12,0.0057418784126639,0.8900291919708252,0.9348431825637816,0.0855846256017685,1.181805146188708e-05,128,42622.0,6671851560840462336,11173111808,61792512,16,1.181805146188708e-05,4784128000.0,2.8578666873038413e+18,18257.0,2.389873870357138,2.414252567252175,bin_2
config_267,384,24,12,0.0057418784126639,0.8900291919708252,0.9348431825637816,0.0855846256017685,1.181805146188708e-05,128,42622.0,6671851560840462336,11173111808,61792512,16,1.181805146188708e-05,6383206400.0,3.810384559475823e+18,24342.0,2.2507462644967875,2.2732102946766086,bin_2
config_267,384,24,12,0.0057418784126639,0.8900291919708252,0.9348431825637816,0.0855846256017685,1.181805146188708e-05,128,42622.0,6671851560840462336,11173111808,61792512,16,1.181805146188708e-05,7982284800.0,4.763058967041752e+18,30428.0,2.15822970788987,2.1803135747596865,bin_2
config_267,384,24,12,0.0057418784126639,0.8900291919708252,0.9348431825637816,0.0855846256017685,1.181805146188708e-05,128,42622.0,6671851560840462336,11173111808,61792512,16,1.181805146188708e-05,9568256000.0,5.715733374607683e+18,36514.0,2.0942187302620683,2.1163146995716406,bin_2
config_267,384,24,12,0.0057418784126639,0.8900291919708252,0.9348431825637816,0.0855846256017685,1.181805146188708e-05,128,42622.0,6671851560840462336,11173111808,61792512,16,7.129068608761027e-08,11167334400.0,6.668251246779664e+18,42599.0,2.045842171340692,2.067262057202761,bin_2
config_267,384,24,12,0.0057418784126639,0.8900291919708252,0.9348431825637816,0.0855846256017685,1.181805146188708e-05,128,42622.0,6671851560840462336,11173111808,61792512,16,7.129068608761027e-08,11167334400.0,6.671851560840462e+18,42622.0,2.045821719599552,2.067232148920904,bin_2
config_268,512,20,16,0.0132315587252378,0.9523652791976928,0.971203863620758,0.1582098305225372,0.0001352336694253,64,37450.0,4000819782442549248,4908657152,93920256,8,0.0001352336694253,1592524800.0,1.300239721551623e+18,12171.0,1.8362225853419696,1.8566359056801087,bin_1
config_268,512,20,16,0.0132315587252378,0.9523652791976928,0.971203863620758,0.1582098305225372,0.0001352336694253,64,37450.0,4000819782442549248,4908657152,93920256,8,0.0001352336694253,3191603200.0,2.6004794431032453e+18,24342.0,1.738143188034902,1.7567044389052469,bin_1
config_268,512,20,16,0.0132315587252378,0.9523652791976928,0.971203863620758,0.1582098305225372,0.0001352336694253,64,37450.0,4000819782442549248,4908657152,93920256,8,2.1686695805890087e-05,4784128000.0,3.900825995623692e+18,36514.0,1.6623014158889895,1.6788647163109702,bin_1
config_268,512,20,16,0.0132315587252378,0.9523652791976928,0.971203863620758,0.1582098305225372,0.0001352336694253,64,37450.0,4000819782442549248,4908657152,93920256,8,0.0,4908646400.0,4.000819782442549e+18,37450.0,1.6577748745582144,1.6742418596392772,bin_1
config_269,1152,9,24,0.0026329786051064,0.8984911441802979,0.9733958840370178,0.2594406306743622,3.1542946089757606e-05,32,7458.0,714767177221079040,488802560,201268224,8,3.1542946089757606e-05,245760000.0,3.573835886105395e+17,3729.0,2.4250363088826665,2.4494913049408646,bin_0
config_269,1152,9,24,0.0026329786051064,0.8984911441802979,0.9733958840370178,0.2594406306743622,3.1542946089757606e-05,32,7458.0,714767177221079040,488802560,201268224,8,1.3047754328752049e-07,488243200.0,7.14767177221079e+17,7458.0,2.162712949631644,2.1850833748403145,bin_0
config_27,1088,16,16,0.1406401544809341,0.8610662221908569,0.9939342737197876,0.1830026060342788,3.582799035939388e-05,64,8196.0,2334698588914679808,1074324736,290929024,8,3.582799035939388e-05,537395200.0,1.16734929445734e+18,4098.0,2.139994398003719,2.1622997131894848,bin_1
config_27,1088,16,16,0.1406401544809341,0.8610662221908569,0.9939342737197876,0.1830026060342788,3.582799035939388e-05,64,8196.0,2334698588914679808,1074324736,290929024,8,1.0994580096945398e-06,1068236800.0,2.33469858891468e+18,8196.0,1.923981964451368,1.944166752764436,bin_1
config_270,1088,15,16,0.158280998468399,0.8818374872207642,0.9985269904136658,0.038118626922369,0.0002319696213817,32,4436.0,598369286796263424,290771584,276164864,8,0.0002319696213817,144179200.0,2.991846433981317e+17,2218.0,2.1182938053178004,2.1399661113004216,bin_0
config_270,1088,15,16,0.158280998468399,0.8818374872207642,0.9985269904136658,0.038118626922369,0.0002319696213817,32,4436.0,598369286796263424,290771584,276164864,8,4.9413647158236745e-05,288358400.0,5.983692867962634e+17,4436.0,1.9022766825019335,1.921603161565593,bin_0
config_271,320,9,10,0.007285482250154,0.942619800567627,0.9089280962944032,0.1454843878746032,0.0009413245134055,64,44580.0,1417067131877130240,5843255808,28628480,16,0.0009413245134055,1592524800.0,3.868803064620133e+17,12171.0,1.9093800661212108,1.9292180463915969,bin_1
config_271,320,9,10,0.007285482250154,0.942619800567627,0.9089280962944032,0.1454843878746032,0.0009413245134055,64,44580.0,1417067131877130240,5843255808,28628480,16,0.0009413245134055,3191603200.0,7.737606129240265e+17,24342.0,1.8625482715153303,1.881574619324481,bin_1
config_271,320,9,10,0.007285482250154,0.942619800567627,0.9089280962944032,0.1454843878746032,0.0009413245134055,64,44580.0,1417067131877130240,5843255808,28628480,16,0.0009413245134055,4784128000.0,1.1606727064459745e+18,36514.0,1.841426721752667,1.859030703599336,bin_1
config_271,320,9,10,0.007285482250154,0.942619800567627,0.9089280962944032,0.1454843878746032,0.0009413245134055,64,44580.0,1417067131877130240,5843255808,28628480,16,4.354623809123639e-06,5839257600.0,1.4170671318771302e+18,44580.0,1.7694388346203038,1.7861096956690805,bin_1
config_273,320,15,10,0.0057379072532057,0.9898402094841005,0.987259030342102,0.0477402657270431,0.004171370062977,32,14247.0,317309656833146880,933718912,36988160,16,0.004171370062977,465305600.0,1.5864369239997933e+17,7123.0,3.048239845995043,3.080128107383603,bin_0
config_273,320,15,10,0.0057379072532057,0.9898402094841005,0.987259030342102,0.0477402657270431,0.004171370062977,32,14247.0,317309656833146880,933718912,36988160,16,0.0002883152837645,930611200.0,3.173096568331469e+17,14247.0,2.9875179692565417,3.0199066492768583,bin_0
config_274,896,8,16,0.0013994369655847,0.9175933599472046,0.9839277863502502,0.0202722623944282,0.0036979857832193,64,28204.0,3441379572829126656,3696862208,125803776,16,0.0036979857832193,1592524800.0,1.4850741306517975e+18,12171.0,3.040233670297216,3.0728605753476503,bin_1
config_274,896,8,16,0.0013994369655847,0.9175933599472046,0.9839277863502502,0.0202722623944282,0.0036979857832193,64,28204.0,3441379572829126656,3696862208,125803776,16,0.0036979857832193,3191603200.0,2.970148261303595e+18,24342.0,2.8238311989581,2.8554813917347643,bin_1
config_274,896,8,16,0.0013994369655847,0.9175933599472046,0.9839277863502502,0.0202722623944282,0.0036979857832193,64,28204.0,3441379572829126656,3696862208,125803776,16,2.5905329479645068e-05,3696230400.0,3.4413795728291267e+18,28204.0,2.711744487715549,2.7419182205981896,bin_1
config_275,448,20,16,0.013170707039535,0.9600280523300172,0.9095777869224548,0.0689961090683937,0.0018641861388459,32,14382.0,620318199356792832,942558272,73005184,16,0.0018641861388459,471859200.0,3.101590996783964e+17,7191.0,2.0633148348526875,2.083487844740758,bin_0
config_275,448,20,16,0.013170707039535,0.9600280523300172,0.9095777869224548,0.0689961090683937,0.0018641861388459,32,14382.0,620318199356792832,942558272,73005184,16,6.013503673696699e-05,940441600.0,6.203181993567928e+17,14382.0,1.8806326960344784,1.8988275746830172,bin_0
config_276,512,19,16,0.1484456360340118,0.9141913056373596,0.9700859785079956,0.0785673409700393,0.0003187198599334,64,9467.0,970384831461457920,1240863744,90511360,8,0.0003187198599334,622592000.0,4.851411648153671e+17,4733.0,1.9227239640618932,1.9426340469375984,bin_0
config_276,512,19,16,0.1484456360340118,0.9141913056373596,0.9700859785079956,0.0785673409700393,0.0003187198599334,64,9467.0,970384831461457920,1240863744,90511360,8,7.292379029433596e-06,1238630400.0,9.70384831461458e+17,9467.0,1.7639557781375823,1.7824906073632787,bin_0
config_277,1088,20,16,0.0117900948971509,0.867542564868927,0.973539650440216,0.1696777492761612,0.0004952197778038,128,59689.0,41221088384140836864,15647120384,349985664,8,0.0004952197778038,1599078400.0,4.202977833535176e+18,6086.0,1.7084178760794342,1.7263333188314909,bin_2
config_277,1088,20,16,0.0117900948971509,0.867542564868927,0.973539650440216,0.1696777492761612,0.0004952197778038,128,59689.0,41221088384140836864,15647120384,349985664,8,0.0004952197778038,3185049600.0,8.405265069332341e+18,12171.0,1.6005476800144696,1.6173888695435443,bin_2
config_277,1088,20,16,0.0117900948971509,0.867542564868927,0.973539650440216,0.1696777492761612,0.0004952197778038,128,59689.0,41221088384140836864,15647120384,349985664,8,0.0004952197778038,4784128000.0,1.2608242902867515e+19,18257.0,1.5547975365548838,1.5697432512728895,bin_2
config_277,1088,20,16,0.0117900948971509,0.867542564868927,0.973539650440216,0.1696777492761612,0.0004952197778038,128,59689.0,41221088384140836864,15647120384,349985664,8,0.0004952197778038,6383206400.0,1.681053013866468e+19,24342.0,1.5283917615257323,1.5419009133831398,bin_2
config_277,1088,20,16,0.0117900948971509,0.867542564868927,0.973539650440216,0.1696777492761612,0.0004952197778038,128,59689.0,41221088384140836864,15647120384,349985664,8,0.0004952197778038,7982284800.0,2.101350797219986e+19,30428.0,1.5100275450260914,1.5234054435276594,bin_2
config_277,1088,20,16,0.0117900948971509,0.867542564868927,0.973539650440216,0.1696777492761612,0.0004952197778038,128,59689.0,41221088384140836864,15647120384,349985664,8,0.0004952197778038,9568256000.0,2.5216485805735035e+19,36514.0,1.494992632142833,1.507944619880348,bin_2
config_277,1088,20,16,0.0117900948971509,0.867542564868927,0.973539650440216,0.1696777492761612,0.0004952197778038,128,59689.0,41221088384140836864,15647120384,349985664,8,0.0004952197778038,11167334400.0,2.94187730415322e+19,42599.0,1.485391843309168,1.496931531712657,bin_2
config_277,1088,20,16,0.0117900948971509,0.867542564868927,0.973539650440216,0.1696777492761612,0.0004952197778038,128,59689.0,41221088384140836864,15647120384,349985664,8,0.0004952197778038,12766412800.0,3.3621750875067376e+19,48685.0,1.4765499013564625,1.4878924571392966,bin_2
config_277,1088,20,16,0.0117900948971509,0.867542564868927,0.973539650440216,0.1696777492761612,0.0004952197778038,128,59689.0,41221088384140836864,15647120384,349985664,8,0.000241521722383,14352384000.0,3.782403811086454e+19,54770.0,1.446138871605279,1.4557576987196188,bin_2
config_277,1088,20,16,0.0117900948971509,0.867542564868927,0.973539650440216,0.1696777492761612,0.0004952197778038,128,59689.0,41221088384140836864,15647120384,349985664,8,1.907136499886583e-06,15636889600.0,4.122108838414084e+19,59689.0,1.4227680897126431,1.4315858931619614,bin_2
config_278,1088,20,16,0.0016925551462918,0.8753906488418579,0.98145592212677,0.1065762937068939,0.0002264612558064,32,5982.0,1032896940028563456,392077536,349985664,8,0.0002264612558064,196608000.0,5.164484700142817e+17,2991.0,2.0407520561726367,2.060122146977753,bin_1
config_278,1088,20,16,0.0016925551462918,0.8753906488418579,0.98145592212677,0.1065762937068939,0.0002264612558064,32,5982.0,1032896940028563456,392077536,349985664,8,1.1376389616652967e-05,389939200.0,1.0328969400285636e+18,5982.0,1.8325453142846215,1.851354624795132,bin_1
config_28,832,17,16,0.1810379177331924,0.8702592849731445,0.9988232851028442,0.0429375916719436,0.000159551622346,128,40974.0,15763806869154299904,10741265408,186694144,8,0.000159551622346,1599078400.0,2.341448933608461e+18,6086.0,1.7925634571372486,1.8112088495786072,bin_2
config_28,832,17,16,0.1810379177331924,0.8702592849731445,0.9988232851028442,0.0429375916719436,0.000159551622346,128,40974.0,15763806869154299904,10741265408,186694144,8,0.000159551622346,3185049600.0,4.682513140149289e+18,12171.0,1.679406041981744,1.697014601953694,bin_2
config_28,832,17,16,0.1810379177331924,0.8702592849731445,0.9988232851028442,0.0429375916719436,0.000159551622346,128,40974.0,15763806869154299904,10741265408,186694144,8,0.000159551622346,4784128000.0,7.02396207375775e+18,18257.0,1.629804850406334,1.6444459225701504,bin_2
config_28,832,17,16,0.1810379177331924,0.8702592849731445,0.9988232851028442,0.0429375916719436,0.000159551622346,128,40974.0,15763806869154299904,10741265408,186694144,8,0.000159551622346,6383206400.0,9.365026280298578e+18,24342.0,1.6003156141570356,1.6145294311789216,bin_2
config_28,832,17,16,0.1810379177331924,0.8702592849731445,0.9988232851028442,0.0429375916719436,0.000159551622346,128,40974.0,15763806869154299904,10741265408,186694144,8,0.000159551622346,7982284800.0,1.170647521390704e+19,30428.0,1.5802058489987107,1.5945533061222952,bin_2
config_28,832,17,16,0.1810379177331924,0.8702592849731445,0.9988232851028442,0.0429375916719436,0.000159551622346,128,40974.0,15763806869154299904,10741265408,186694144,8,0.000159551622346,9568256000.0,1.40479241475155e+19,36514.0,1.5638614045596513,1.579045981559597,bin_2
config_28,832,17,16,0.1810379177331924,0.8702592849731445,0.9988232851028442,0.0429375916719436,0.000159551622346,128,40974.0,15763806869154299904,10741265408,186694144,8,2.176940839286552e-06,10734796800.0,1.57638068691543e+19,40974.0,1.5167174780759656,1.5310012575446583,bin_2
config_280,640,22,8,0.0407310873270034,0.8881247043609619,0.921944260597229,0.1636008620262146,0.0008252391708083,32,15164.0,1202041983513231360,993811584,143944960,8,0.0008252391708083,498073600.0,6.010209917566157e+17,7582.0,1.9527185985103983,1.9728367414826251,bin_1
config_280,640,22,8,0.0407310873270034,0.8881247043609619,0.921944260597229,0.1636008620262146,0.0008252391708083,32,15164.0,1202041983513231360,993811584,143944960,8,4.658608222305252e-06,992870400.0,1.2020419835132314e+18,15164.0,1.7752920687003213,1.7937481660921066,bin_1
config_281,1088,22,8,0.0486693158745765,0.9689316749572754,0.9904478192329408,0.1163442358374595,0.0080355471000075,64,18037.0,6773610356925235200,2364227840,379513984,8,0.0080355471000075,1592524800.0,4.570694220443368e+18,12171.0,3.6066878545479697,3.639766577970786,bin_2
config_281,1088,22,8,0.0486693158745765,0.9689316749572754,0.9904478192329408,0.1163442358374595,0.0080355471000075,64,18037.0,6773610356925235200,2364227840,379513984,8,0.0001417136523833,2359296000.0,6.773610356925235e+18,18037.0,3.520491738827502,3.5577624015339087,bin_2
config_282,896,22,16,0.0311017278581857,0.965438723564148,0.9498512744903564,0.2556383609771728,0.0048470692709088,32,5168.0,706952552643477504,338749632,267124480,8,0.0048470692709088,170393600.0,3.5347627632173875e+17,2584.0,3.565397756295126,3.5988167214393614,bin_0
config_282,896,22,16,0.0311017278581857,0.965438723564148,0.9498512744903564,0.2556383609771728,0.0048470692709088,32,5168.0,706952552643477504,338749632,267124480,8,6.60463640244956e-05,337510400.0,7.069525526434775e+17,5168.0,3.344382768693517,3.37903799604197,bin_0
config_283,448,4,16,0.0170505419373512,0.923178493976593,0.9484933018684388,0.1760314404964447,0.0078569380566477,128,45476.0,2858064266759503872,11921514496,32620672,16,0.0078569380566477,1599078400.0,3.824914048618688e+17,6086.0,1.8932469029113892,1.914392456304832,bin_1
config_283,448,4,16,0.0170505419373512,0.923178493976593,0.9484933018684388,0.1760314404964447,0.0078569380566477,128,45476.0,2858064266759503872,11921514496,32620672,16,0.0078569380566477,3185049600.0,7.649199619740067e+17,12171.0,1.8576494777007184,1.8784792918064557,bin_1
config_283,448,4,16,0.0170505419373512,0.923178493976593,0.9484933018684388,0.1760314404964447,0.0078569380566477,128,45476.0,2858064266759503872,11921514496,32620672,16,0.0078569380566477,4784128000.0,1.1474113668358752e+18,18257.0,1.8464439733302007,1.866635131835937,bin_1
config_283,448,4,16,0.0170505419373512,0.923178493976593,0.9484933018684388,0.1760314404964447,0.0078569380566477,128,45476.0,2858064266759503872,11921514496,32620672,16,0.0078569380566477,6383206400.0,1.5298399239480133e+18,24342.0,1.840126256551899,1.8601676079875131,bin_1
config_283,448,4,16,0.0170505419373512,0.923178493976593,0.9484933018684388,0.1760314404964447,0.0078569380566477,128,45476.0,2858064266759503872,11921514496,32620672,16,0.0078569380566477,7982284800.0,1.9123313288098816e+18,30428.0,1.8351591060982373,1.854925322806249,bin_1
config_283,448,4,16,0.0170505419373512,0.923178493976593,0.9484933018684388,0.1760314404964447,0.0078569380566477,128,45476.0,2858064266759503872,11921514496,32620672,16,0.0078569380566477,9568256000.0,2.2948227336717504e+18,36514.0,1.8308860877302824,1.8519972187573792,bin_1
config_283,448,4,16,0.0170505419373512,0.923178493976593,0.9484933018684388,0.1760314404964447,0.0078569380566477,128,45476.0,2858064266759503872,11921514496,32620672,16,0.0028228049782534,11167334400.0,2.6772512907838884e+18,42599.0,1.7716466604686174,1.792385334694972,bin_1
config_283,448,4,16,0.0170505419373512,0.923178493976593,0.9484933018684388,0.1760314404964447,0.0078569380566477,128,45476.0,2858064266759503872,11921514496,32620672,16,2.5519099247075724e-05,11914444800.0,2.858064266759504e+18,45476.0,1.7341747190522363,1.7545582676324687,bin_1
config_284,384,20,12,0.0483192093670368,0.903019905090332,0.9865307211875916,0.1901404410600662,7.008380634943023e-05,64,17552.0,1189262233280249856,2300676352,54711552,16,7.008380634943023e-05,1592524800.0,8.246644622409937e+17,12171.0,1.9897039562366048,2.010845667573272,bin_1
config_284,384,20,12,0.0483192093670368,0.903019905090332,0.9865307211875916,0.1901404410600662,7.008380634943023e-05,64,17552.0,1189262233280249856,2300676352,54711552,16,4.200407932240769e-08,2300313600.0,1.18926223328025e+18,17552.0,1.899196789850954,1.9196414667661077,bin_1
config_285,1088,7,8,0.0031421547755599,0.950667917728424,0.9977838397026062,0.0893551707267761,3.61292804882396e-05,64,48072.0,7153950547235635200,6300917248,158051584,16,3.61292804882396e-05,1592524800.0,1.8112567005825615e+18,12171.0,1.9112012032211805,1.931688458059655,bin_2
config_285,1088,7,8,0.0031421547755599,0.950667917728424,0.9977838397026062,0.0893551707267761,3.61292804882396e-05,64,48072.0,7153950547235635200,6300917248,158051584,16,3.61292804882396e-05,3191603200.0,3.622513401165124e+18,24342.0,1.7875182047046598,1.8069174061837745,bin_2
config_285,1088,7,8,0.0031421547755599,0.950667917728424,0.9977838397026062,0.0893551707267761,3.61292804882396e-05,64,48072.0,7153950547235635200,6300917248,158051584,16,3.61292804882396e-05,4784128000.0,5.433918919157971e+18,36514.0,1.7313955825274108,1.7483758365521664,bin_2
config_285,1088,7,8,0.0031421547755599,0.950667917728424,0.9977838397026062,0.0893551707267761,3.61292804882396e-05,64,48072.0,7153950547235635200,6300917248,158051584,16,1.850626707197413e-07,6298009600.0,7.153950547235635e+18,48072.0,1.677925302161545,1.694050323337805,bin_2
config_286,320,17,16,0.0161458626389503,0.9404575824737548,0.9531689286231996,0.131152719259262,4.229031765135005e-05,128,55232.0,5390083514748764160,14478785536,39774720,16,4.229031765135005e-05,1599078400.0,5.939319284248439e+17,6086.0,2.5515870573481574,2.579119177020964,bin_1
config_286,320,17,16,0.0161458626389503,0.9404575824737548,0.9531689286231996,0.131152719259262,4.229031765135005e-05,128,55232.0,5390083514748764160,14478785536,39774720,16,4.229031765135005e-05,3185049600.0,1.187766266983039e+18,12171.0,2.183450838151525,2.206341814056772,bin_1
config_286,320,17,16,0.0161458626389503,0.9404575824737548,0.9531689286231996,0.131152719259262,4.229031765135005e-05,128,55232.0,5390083514748764160,14478785536,39774720,16,4.229031765135005e-05,4784128000.0,1.7816981954078828e+18,18257.0,2.049086441602863,2.0695725510550327,bin_1
config_286,320,17,16,0.0161458626389503,0.9404575824737548,0.9531689286231996,0.131152719259262,4.229031765135005e-05,128,55232.0,5390083514748764160,14478785536,39774720,16,4.229031765135005e-05,6383206400.0,2.375532533966078e+18,24342.0,1.9712415472796705,1.991218655109405,bin_1
config_286,320,17,16,0.0161458626389503,0.9404575824737548,0.9531689286231996,0.131152719259262,4.229031765135005e-05,128,55232.0,5390083514748764160,14478785536,39774720,16,4.229031765135005e-05,7982284800.0,2.9694644623909217e+18,30428.0,1.923882758382891,1.9433673673379617,bin_1
config_286,320,17,16,0.0161458626389503,0.9404575824737548,0.9531689286231996,0.131152719259262,4.229031765135005e-05,128,55232.0,5390083514748764160,14478785536,39774720,16,4.229031765135005e-05,9568256000.0,3.563396390815765e+18,36514.0,1.8886766514230944,1.9096292972955544,bin_1
config_286,320,17,16,0.0161458626389503,0.9404575824737548,0.9531689286231996,0.131152719259262,4.229031765135005e-05,128,55232.0,5390083514748764160,14478785536,39774720,16,4.229031765135005e-05,11167334400.0,4.1572307293739607e+18,42599.0,1.8647016666756304,1.885615886000336,bin_1
config_286,320,17,16,0.0161458626389503,0.9404575824737548,0.9531689286231996,0.131152719259262,4.229031765135005e-05,128,55232.0,5390083514748764160,14478785536,39774720,16,3.8138941722852205e-05,12766412800.0,4.751162657798804e+18,48685.0,1.844325700783339,1.865046383748289,bin_1
config_286,320,17,16,0.0161458626389503,0.9404575824737548,0.9531689286231996,0.131152719259262,4.229031765135005e-05,128,55232.0,5390083514748764160,14478785536,39774720,16,2.814294230008383e-06,14352384000.0,5.344996996357e+18,54770.0,1.819361840857834,1.8377785122199135,bin_1
config_286,320,17,16,0.0161458626389503,0.9404575824737548,0.9531689286231996,0.131152719259262,4.229031765135005e-05,128,55232.0,5390083514748764160,14478785536,39774720,16,1.8684111070595442e-07,14470348800.0,5.390083514748764e+18,55232.0,1.8184372896444605,1.8368416683791116,bin_1
config_287,1024,13,16,0.0097906207665801,0.8016343712806702,0.9397841691970824,0.1279297918081283,0.0067702042870223,32,7088.0,760899147561172992,464537344,218497024,8,0.0067702042870223,232652800.0,3.804495737805865e+17,3544.0,3.4634955559402214,3.4986000761047737,bin_0
config_287,1024,13,16,0.0097906207665801,0.8016343712806702,0.9397841691970824,0.1279297918081283,0.0067702042870223,32,7088.0,760899147561172992,464537344,218497024,8,0.0002839600032084,462028800.0,7.60899147561173e+17,7088.0,3.3064308401795683,3.340640398947919,bin_0
config_288,768,20,12,0.0089467922225594,0.8394425511360168,0.956773281097412,0.0143849020823836,2.4499251594534144e-05,64,43013.0,8222970194220810240,5637923840,180201984,8,2.4499251594534144e-05,1592524800.0,2.3267795837040307e+18,12171.0,2.0436400853805856,2.064938093834236,bin_2
config_288,768,20,12,0.0089467922225594,0.8394425511360168,0.956773281097412,0.0143849020823836,2.4499251594534144e-05,64,43013.0,8222970194220810240,5637923840,180201984,8,2.4499251594534144e-05,3191603200.0,4.653559167408061e+18,24342.0,1.8611034097437,1.88132447025815,bin_2
config_288,768,20,12,0.0089467922225594,0.8394425511360168,0.956773281097412,0.0143849020823836,2.4499251594534144e-05,64,43013.0,8222970194220810240,5637923840,180201984,8,2.4499251594534144e-05,4784128000.0,6.980529925180263e+18,36514.0,1.7851424916455003,1.8032461536126057,bin_2
config_288,768,20,12,0.0089467922225594,0.8394425511360168,0.956773281097412,0.0143849020823836,2.4499251594534144e-05,64,43013.0,8222970194220810240,5637923840,180201984,8,5.153564251277385e-07,5636096000.0,8.22297019422081e+18,43013.0,1.7422460162053344,1.7596230941522315,bin_2
config_289,1152,17,12,0.0569113194942474,0.9144594073295592,0.940680980682373,0.2087820023298263,0.0005520299309864,64,11775.0,3786195773294936064,1543378816,328688640,8,0.0005520299309864,773324800.0,1.8929371140031667e+18,5887.0,1.7759133313132114,1.7941706372479924,bin_1
config_289,1152,17,12,0.0569113194942474,0.9144594073295592,0.940680980682373,0.2087820023298263,0.0005520299309864,64,11775.0,3786195773294936064,1543378816,328688640,8,5.6146250100332345e-06,1540096000.0,3.786195773294936e+18,11775.0,1.618006936780742,1.634862146631616,bin_1
config_29,1088,16,16,0.0086383717134594,0.9294519424438475,0.9863791465759276,0.0843113660812377,0.0001587443257449,32,7668.0,1092157692776976384,502562528,290929024,8,0.0001587443257449,252313600.0,5.460788463884882e+17,3834.0,2.025963861570984,2.04636142193294,bin_1
config_29,1088,16,16,0.0086383717134594,0.9294519424438475,0.9863791465759276,0.0843113660812377,0.0001587443257449,32,7668.0,1092157692776976384,502562528,290929024,8,4.423216506824359e-06,501350400.0,1.0921576927769764e+18,7668.0,1.8301851863548404,1.848712194239507,bin_1
config_290,960,22,20,0.0028631549794226,0.9267964959144592,0.9625800251960754,0.0033187151420861,0.00013824722555,32,6480.0,963453433611755520,424717888,291611520,8,0.00013824722555,212992000.0,4.8172671680587776e+17,3240.0,2.1396989723893465,2.161307206212497,bin_0
config_290,960,22,20,0.0028631549794226,0.9267964959144592,0.9625800251960754,0.0033187151420861,0.00013824722555,32,6480.0,963453433611755520,424717888,291611520,8,0.00013824722555,422707200.0,9.634534336117556e+17,6480.0,1.9351278976338808,1.955439010467685,bin_0
config_291,896,20,16,0.0196014903485775,0.8226928114891052,0.9482616782188416,0.2294032126665115,0.0014036647044122,64,43525.0,10963789027581100032,5704969216,246935808,8,0.0014036647044122,1592524800.0,3.065830585977934e+18,12171.0,1.7039202696378113,1.7219845235934024,bin_2
config_291,896,20,16,0.0196014903485775,0.8226928114891052,0.9482616782188416,0.2294032126665115,0.0014036647044122,64,43525.0,10963789027581100032,5704969216,246935808,8,0.0014036647044122,3191603200.0,6.131661171955868e+18,24342.0,1.6367673428136795,1.654048915378383,bin_2
config_291,896,20,16,0.0196014903485775,0.8226928114891052,0.9482616782188416,0.2294032126665115,0.0014036647044122,64,43525.0,10963789027581100032,5704969216,246935808,8,0.0009876547023733,4784128000.0,9.19774365429285e+18,36514.0,1.5839243227341135,1.5997548973169484,bin_2
config_291,896,20,16,0.0196014903485775,0.8226928114891052,0.9482616782188416,0.2294032126665115,0.0014036647044122,64,43525.0,10963789027581100032,5704969216,246935808,8,3.514785417698795e-06,5701632000.0,1.09637890275811e+19,43525.0,1.5177067243662037,1.5323328961505265,bin_2
config_293,256,7,16,0.0614839829504489,0.9377123713493348,0.9271611571311952,0.0922957956790924,0.0005476031801663,64,23238.0,478357382737428480,3045924864,18838528,16,0.0005476031801663,1592524800.0,2.5054168625945616e+17,12171.0,1.996479122404192,2.018330137964155,bin_0
config_293,256,7,16,0.0614839829504489,0.9377123713493348,0.9271611571311952,0.0922957956790924,0.0005476031801663,64,23238.0,478357382737428480,3045924864,18838528,16,9.70565337981373e-06,3040870400.0,4.783573827374285e+17,23238.0,1.8960559056235144,1.9172223837258384,bin_0
config_294,448,16,14,0.1759200394153595,0.9729136824607848,0.9087342023849488,0.0245700366795063,0.0020660266745835,64,44773.0,3248412171514675200,5868576768,62909056,16,0.0020660266745835,1592524800.0,8.830416666183885e+17,12171.0,1.9135975907669691,1.933636394836864,bin_1
config_294,448,16,14,0.1759200394153595,0.9729136824607848,0.9087342023849488,0.0245700366795063,0.0020660266745835,64,44773.0,3248412171514675200,5868576768,62909056,16,0.0020660266745835,3191603200.0,1.766083333236777e+18,24342.0,1.908828734139927,1.9286850536846725,bin_1
config_294,448,16,14,0.1759200394153595,0.9729136824607848,0.9087342023849488,0.0245700366795063,0.0020660266745835,64,44773.0,3248412171514675200,5868576768,62909056,16,0.0020660266745835,4784128000.0,2.649197552781517e+18,36514.0,1.8982799639467332,1.9161710469058304,bin_1
config_294,448,16,14,0.1759200394153595,0.9729136824607848,0.9087342023849488,0.0245700366795063,0.0020660266745835,64,44773.0,3248412171514675200,5868576768,62909056,16,4.319873955947436e-05,5865472000.0,3.248412171514675e+18,44773.0,1.7563383867310696,1.773044035161128,bin_1
config_295,256,23,16,0.0187963470816612,0.921316921710968,0.952395796775818,0.0807119980454444,2.1157613446121104e-05,64,34135.0,1519008478405066752,4474244608,32478208,16,2.1157613446121104e-05,1592524800.0,5.4160984885507744e+17,12171.0,2.6581787303236664,2.685969446917049,bin_1
config_295,256,23,16,0.0187963470816612,0.921316921710968,0.952395796775818,0.0807119980454444,2.1157613446121104e-05,64,34135.0,1519008478405066752,4474244608,32478208,16,2.1157613446121104e-05,3191603200.0,1.0832196977101548e+18,24342.0,2.3314821349988217,2.356204160940452,bin_1
config_295,256,23,16,0.0187963470816612,0.921316921710968,0.952395796775818,0.0807119980454444,2.1157613446121104e-05,64,34135.0,1519008478405066752,4474244608,32478208,16,2.6879000748248493e-07,4469555200.0,1.5190084784050668e+18,34135.0,2.1967673833252954,2.2200794910993733,bin_1
config_296,1088,4,16,0.0196296032518148,0.908617377281189,0.9621769189834596,0.144216239452362,0.0005919601535424,32,4569.0,236428942224494592,299485408,113759104,16,0.0005919601535424,150732800.0,1.1818859795157488e+17,2284.0,2.1338089932379174,2.154735598134213,bin_0
config_296,1088,4,16,0.0196296032518148,0.908617377281189,0.9621769189834596,0.144216239452362,0.0005919601535424,32,4569.0,236428942224494592,299485408,113759104,16,1.7093074342411385e-05,298188800.0,2.364289422244946e+17,4569.0,1.9300179086356863,1.9494396051422491,bin_0
config_297,832,4,8,0.0570301711559295,0.863582193851471,0.9627997875213624,0.0103002190589904,1.1333920156175736e-05,64,34399.0,2422355323858649088,4508854784,75916672,16,1.1333920156175736e-05,1592524800.0,8.570739453671217e+17,12171.0,2.4307057075813168,2.4555601736365773,bin_1
config_297,832,4,8,0.0570301711559295,0.863582193851471,0.9627997875213624,0.0103002190589904,1.1333920156175736e-05,64,34399.0,2422355323858649088,4508854784,75916672,16,1.1333920156175736e-05,3191603200.0,1.7141478907342433e+18,24342.0,2.17530721042977,2.197568224922555,bin_1
config_297,832,4,8,0.0570301711559295,0.863582193851471,0.9627997875213624,0.0103002190589904,1.1333920156175736e-05,64,34399.0,2422355323858649088,4508854784,75916672,16,1.5688194566457953e-06,4502323200.0,2.422355323858649e+18,34399.0,2.078305085526138,2.098650064116619,bin_1
config_298,576,23,18,0.0013176158536225,0.8768689036369324,0.9861904382705688,0.097722090780735,3.260996891185641e-05,64,27425.0,3769993521479024640,3594711040,120556800,8,3.260996891185641e-05,1592524800.0,1.6730935697327698e+18,12171.0,2.055838150333185,2.07800340427727,bin_1
config_298,576,23,18,0.0013176158536225,0.8768689036369324,0.9861904382705688,0.097722090780735,3.260996891185641e-05,64,27425.0,3769993521479024640,3594711040,120556800,8,3.260996891185641e-05,3191603200.0,3.34618713946554e+18,24342.0,1.872807314337277,1.893814145189817,bin_1
config_298,576,23,18,0.0013176158536225,0.8768689036369324,0.9861904382705688,0.097722090780735,3.260996891185641e-05,64,27425.0,3769993521479024640,3594711040,120556800,8,3.0419747119269345e-07,3591372800.0,3.7699935214790246e+18,27425.0,1.8317065847310865,1.8521661746306497,bin_1
config_299,960,15,20,0.019781544804573,0.8675929307937622,0.9738726019859314,0.1579572111368179,6.507160287583247e-05,64,40048.0,8602503373227294720,5249212416,214183680,8,6.507160287583247e-05,1592524800.0,2.6143894465528714e+18,12171.0,1.8249946396468115,1.8451377244464688,bin_2
config_299,960,15,20,0.019781544804573,0.8675929307937622,0.9738726019859314,0.1579572111368179,6.507160287583247e-05,64,40048.0,8602503373227294720,5249212416,214183680,8,6.507160287583247e-05,3191603200.0,5.228778893105743e+18,24342.0,1.7098557480827707,1.7287479166320112,bin_2
config_299,960,15,20,0.019781544804573,0.8675929307937622,0.9738726019859314,0.1579572111368179,6.507160287583247e-05,64,40048.0,8602503373227294720,5249212416,214183680,8,3.650182561319425e-05,4784128000.0,7.843383144477164e+18,36514.0,1.6401643951994471,1.6575066921359205,bin_2
config_299,960,15,20,0.019781544804573,0.8675929307937622,0.9738726019859314,0.1579572111368179,6.507160287583247e-05,64,40048.0,8602503373227294720,5249212416,214183680,8,4.938240218244994e-07,5242880000.0,8.602503373227295e+18,40048.0,1.6168726708263648,1.6337208408996706,bin_2
config_30,960,24,16,0.0036745357792824,0.8800628185272217,0.9567224979400636,0.1875524967908859,0.0001465376699343,32,8416.0,1350500738423316480,551595968,313733760,8,0.0001465376699343,275251200.0,6.752503692116582e+17,4208.0,2.044456596296342,2.065341448920672,bin_1
config_30,960,24,16,0.0036745357792824,0.8800628185272217,0.9567224979400636,0.1875524967908859,0.0001465376699343,32,8416.0,1350500738423316480,551595968,313733760,8,1.4858065392581404e-06,550502400.0,1.3505007384233165e+18,8416.0,1.8364657036007428,1.856047809632098,bin_1
config_300,832,5,8,0.0010897214524447,0.8723223209381104,0.9202178120613098,0.0364016890525817,8.596925908932462e-05,32,9485.0,378442083474284544,621610176,84438016,16,8.596925908932462e-05,311296000.0,1.8920109223353267e+17,4742.0,2.194774591414655,2.2177327210004214,bin_0
config_300,832,5,8,0.0010897214524447,0.8723223209381104,0.9202178120613098,0.0364016890525817,8.596925908932462e-05,32,9485.0,378442083474284544,621610176,84438016,16,8.721519038047419e-06,619315200.0,3.784420834742845e+17,9485.0,2.0200157464527693,2.0416887933308963,bin_0
config_301,704,18,22,0.0116611244156956,0.8956702947616577,0.9340165257453918,0.2032245546579361,1.8225146050099283e-05,32,5247.0,414412764190064640,343898496,148962176,8,1.8225146050099283e-05,170393600.0,2.0716689164675805e+17,2623.0,2.90963654748729,2.93967794519956,bin_0
config_301,704,18,22,0.0116611244156956,0.8956702947616577,0.9340165257453918,0.2032245546579361,1.8225146050099283e-05,32,5247.0,414412764190064640,343898496,148962176,8,8.035477151544696e-07,340787200.0,4.1441276419006464e+17,5247.0,2.6945423530359736,2.722887460814148,bin_0
config_302,448,15,16,0.0014507265295833,0.8194030523300171,0.9073783755302428,0.1171997711062431,0.000108386244392,128,51307.0,7093266404169351168,13450073088,60385024,16,0.000108386244392,1599078400.0,8.413982368054002e+17,6086.0,2.0540882326735823,2.075916808081455,bin_2
config_302,448,15,16,0.0014507265295833,0.8194030523300171,0.9073783755302428,0.1171997711062431,0.000108386244392,128,51307.0,7093266404169351168,13450073088,60385024,16,0.000108386244392,3185049600.0,1.6826582221752425e+18,12171.0,1.874584155708063,1.895228048387121,bin_2
config_302,448,15,16,0.0014507265295833,0.8194030523300171,0.9073783755302428,0.1171997711062431,0.000108386244392,128,51307.0,7093266404169351168,13450073088,60385024,16,0.000108386244392,4784128000.0,2.524056458980643e+18,18257.0,1.8116535265328453,1.8301382515860385,bin_2
config_302,448,15,16,0.0014507265295833,0.8194030523300171,0.9073783755302428,0.1171997711062431,0.000108386244392,128,51307.0,7093266404169351168,13450073088,60385024,16,0.000108386244392,6383206400.0,3.365316444350485e+18,24342.0,1.7764198903177606,1.79406055618505,bin_2
config_302,448,15,16,0.0014507265295833,0.8194030523300171,0.9073783755302428,0.1171997711062431,0.000108386244392,128,51307.0,7093266404169351168,13450073088,60385024,16,0.000108386244392,7982284800.0,4.2067146811558856e+18,30428.0,1.75220825183587,1.769753595531964,bin_2
config_302,448,15,16,0.0014507265295833,0.8194030523300171,0.9073783755302428,0.1171997711062431,0.000108386244392,128,51307.0,7093266404169351168,13450073088,60385024,16,0.000108386244392,9568256000.0,5.048112917961286e+18,36514.0,1.7316409251338143,1.7520002965067254,bin_2
config_302,448,15,16,0.0014507265295833,0.8194030523300171,0.9073783755302428,0.1171997711062431,0.000108386244392,128,51307.0,7093266404169351168,13450073088,60385024,16,0.000108386244392,11167334400.0,5.889372903331128e+18,42599.0,1.7185547394439822,1.7386302511027605,bin_2
config_302,448,15,16,0.0014507265295833,0.8194030523300171,0.9073783755302428,0.1171997711062431,0.000108386244392,128,51307.0,7093266404169351168,13450073088,60385024,16,4.699200717279272e-05,12766412800.0,6.730771140136528e+18,48685.0,1.693429434455809,1.7109604679951902,bin_2
config_302,448,15,16,0.0014507265295833,0.8194030523300171,0.9073783755302428,0.1171997711062431,0.000108386244392,128,51307.0,7093266404169351168,13450073088,60385024,16,1.2617723444938481e-07,13447987200.0,7.093266404169351e+18,51307.0,1.6805338550004802,1.6973465480960783,bin_2
config_303,256,5,16,0.1235965564846992,0.9474732279777528,0.9563267827033995,0.2561911046504974,2.1409810869954526e-05,64,22116.0,389149265161617408,2898868224,17133568,16,2.1409810869954526e-05,1592524800.0,2.141587857787143e+17,12171.0,2.7350858732129706,2.764035305116997,bin_0
config_303,256,5,16,0.1235965564846992,0.9474732279777528,0.9563267827033995,0.2561911046504974,2.1409810869954526e-05,64,22116.0,389149265161617408,2898868224,17133568,16,6.046901569625478e-08,2896691200.0,3.891492651616174e+17,22116.0,2.575811384036893,2.6034812783413246,bin_0
config_304,960,9,12,0.0204262062907218,0.8904656171798706,0.9608121514320374,0.0511055067181587,8.919249376049265e-05,32,13052.0,940196530301829120,855401472,147816960,16,8.919249376049265e-05,429260800.0,4.7009826515091456e+17,6526.0,2.022985460054679,2.044666246429818,bin_0
config_304,960,9,12,0.0204262062907218,0.8904656171798706,0.9608121514320374,0.0511055067181587,8.919249376049265e-05,32,13052.0,940196530301829120,855401472,147816960,16,2.6744375940178605e-07,855244800.0,9.401965303018292e+17,13052.0,1.8611523627453164,1.8802616025189884,bin_0
config_306,704,6,16,0.0094222538173198,0.8286904692649841,0.9457385540008544,0.201420783996582,3.485264824121259e-05,64,42555.0,3030249779544784896,5577886208,73251200,16,3.485264824121259e-05,1592524800.0,8.666706630675497e+17,12171.0,2.09949660383287,2.1228220893125065,bin_1
config_306,704,6,16,0.0094222538173198,0.8286904692649841,0.9457385540008544,0.201420783996582,3.485264824121259e-05,64,42555.0,3030249779544784896,5577886208,73251200,16,3.485264824121259e-05,3191603200.0,1.7333413261350994e+18,24342.0,1.9414058418742943,1.9628810379153392,bin_1
config_306,704,6,16,0.0094222538173198,0.8286904692649841,0.9457385540008544,0.201420783996582,3.485264824121259e-05,64,42555.0,3030249779544784896,5577886208,73251200,16,2.462172268119732e-05,4784128000.0,2.600083197046136e+18,36514.0,1.871188976334744,1.8896374444883377,bin_1
config_306,704,6,16,0.0094222538173198,0.8286904692649841,0.9457385540008544,0.201420783996582,3.485264824121259e-05,64,42555.0,3030249779544784896,5577886208,73251200,16,2.0331728060442943e-08,5577113600.0,3.030249779544785e+18,42555.0,1.8459917237719552,1.8636691928300704,bin_1
config_307,896,17,16,0.0023603285662829,0.8000351190567017,0.9097041487693788,0.0772125050425529,3.818804907496087e-05,64,34708.0,7615848263401340928,4549300224,216652800,8,3.818804907496087e-05,1592524800.0,2.6706375825129e+18,12171.0,1.9321644985480384,1.952373297097253,bin_2
config_307,896,17,16,0.0023603285662829,0.8000351190567017,0.9097041487693788,0.0772125050425529,3.818804907496087e-05,64,34708.0,7615848263401340928,4549300224,216652800,8,3.818804907496087e-05,3191603200.0,5.341275165025799e+18,24342.0,1.7960490645346094,1.8156945342509476,bin_2
config_307,896,17,16,0.0023603285662829,0.8000351190567017,0.9097041487693788,0.0772125050425529,3.818804907496087e-05,64,34708.0,7615848263401340928,4549300224,216652800,8,1.140367273608369e-07,4548198400.0,7.615848263401341e+18,34708.0,1.7191380410116226,1.7366388182171055,bin_2
config_308,256,4,16,0.0030492197256535,0.8645064830780029,0.983383297920227,0.0162963345646858,0.0014561301795765,64,12593.0,202767455174000640,1650682880,16281088,16,0.0014561301795765,1592524800.0,1.9597257976040355e+17,12171.0,1.994233708850673,2.016150275292944,bin_0
config_308,256,4,16,0.0030492197256535,0.8645064830780029,0.983383297920227,0.0162963345646858,0.0014561301795765,64,12593.0,202767455174000640,1650682880,16281088,16,0.0003054321840087,1644953600.0,2.0276745517400064e+17,12593.0,1.962221613360233,1.9841635970600315,bin_0
config_309,960,8,16,0.0504826679825782,0.9497694969177246,0.9985332489013672,0.0492629557847976,0.0050490838475525,32,3309.0,218869452627148800,216878336,136755840,16,0.0050490838475525,108134400.0,1.0940165447123122e+17,1654.0,3.442219958539869,3.476746718531749,bin_0
config_309,960,8,16,0.0504826679825782,0.9497694969177246,0.9985332489013672,0.0492629557847976,0.0050490838475525,32,3309.0,218869452627148800,216878336,136755840,16,0.0002787837707237,216268800.0,2.188694526271488e+17,3309.0,3.4302417458862555,3.464844455875334,bin_0
config_31,384,9,12,0.005846943706274,0.8798413276672363,0.9946510195732116,0.2452300190925598,0.0007336802664212,64,16584.0,644147354064715776,2173791488,35238912,16,0.0007336802664212,1592524800.0,4.727398363676831e+17,12171.0,1.8449432636870715,1.8645063122374117,bin_0
config_31,384,9,12,0.005846943706274,0.8798413276672363,0.9946510195732116,0.2452300190925598,0.0007336802664212,64,16584.0,644147354064715776,2173791488,35238912,16,6.135053875633008e-06,2169241600.0,6.441473540647158e+17,16584.0,1.7741653468178922,1.7931625166877372,bin_0
config_310,576,8,12,0.1007096990942955,0.8349400758743286,0.9244853258132936,0.1941493451595306,0.0032142661511898,64,13922.0,872468194747613184,1824840704,60819840,16,0.0021079495262429,1592524800.0,7.627359860848442e+17,12171.0,1.848301884854426,1.86805163696164,bin_0
config_310,576,8,12,0.1007096990942955,0.8349400758743286,0.9244853258132936,0.1941493451595306,0.0032142661511898,64,13922.0,872468194747613184,1824840704,60819840,16,2.617093091272218e-05,1821900800.0,8.724681947476132e+17,13922.0,1.7456064658868509,1.7642594474260924,bin_0
config_312,640,21,8,0.0808069184422493,0.8592009544372559,0.9267439246177672,0.1586446613073349,3.169764386257157e-05,32,4092.0,311983363017768960,268182656,138864640,8,3.169764386257157e-05,134348800.0,1.5599168150888448e+17,2046.0,2.8358579479280066,2.8658186511524386,bin_0
config_312,640,21,8,0.0808069184422493,0.8592009544372559,0.9267439246177672,0.1586446613073349,3.169764386257157e-05,32,4092.0,311983363017768960,268182656,138864640,8,2.051311313140225e-06,265420800.0,3.1198336301776896e+17,4092.0,2.5556176602058724,2.5818098319749363,bin_0
config_313,256,10,16,0.0347329527139663,0.9173092246055604,0.9973372220993042,0.2025797665119171,9.949818922905251e-05,32,10546.0,132187178092068864,691145472,21395968,16,9.949818922905251e-05,344064000.0,6.609358904603443e+16,5273.0,2.5222685311270543,2.548581126166172,bin_0
config_313,256,10,16,0.0347329527139663,0.9173092246055604,0.9973372220993042,0.2025797665119171,9.949818922905251e-05,32,10546.0,132187178092068864,691145472,21395968,16,2.142751266168735e-06,688128000.0,1.3218717809206886e+17,10546.0,2.242744814372453,2.265470100621708,bin_0
config_316,832,4,16,0.009393404237926,0.8634306788444519,0.9663178324699402,0.1829550564289093,7.840470061637461e-05,64,47539.0,3347607207703609344,6231073792,75916672,16,7.840470061637461e-05,1592524800.0,8.570589899863402e+17,12171.0,1.9379534731145764,1.9586517084621995,bin_1
config_316,832,4,16,0.009393404237926,0.8634306788444519,0.9663178324699402,0.1829550564289093,7.840470061637461e-05,64,47539.0,3347607207703609344,6231073792,75916672,16,7.840470061637461e-05,3191603200.0,1.7141179799726804e+18,24342.0,1.8374621954902275,1.857199257045496,bin_1
config_316,832,4,16,0.009393404237926,0.8634306788444519,0.9663178324699402,0.1829550564289093,7.840470061637461e-05,64,47539.0,3347607207703609344,6231073792,75916672,16,7.840470061637461e-05,4784128000.0,2.571247388083249e+18,36514.0,1.792814458120065,1.8097069332638724,bin_1
config_316,832,4,16,0.009393404237926,0.8634306788444519,0.9663178324699402,0.1829550564289093,7.840470061637461e-05,64,47539.0,3347607207703609344,6231073792,75916672,16,3.515905857236467e-07,6225920000.0,3.3476072077036093e+18,47539.0,1.743146152457253,1.7591548446358227,bin_1
config_317,512,9,4,0.0954451933503151,0.8176335692405701,0.9104537963867188,0.1078761294484138,0.0005088574835099,32,8810.0,260837286425395200,577428480,56422400,16,0.0005088574835099,288358400.0,1.304186432126976e+17,4405.0,2.105278524492608,2.125200158298993,bin_0
config_317,512,9,4,0.0954451933503151,0.8176335692405701,0.9104537963867188,0.1078761294484138,0.0005088574835099,32,8810.0,260837286425395200,577428480,56422400,16,5.35639456326236e-06,576716800.0,2.608372864253952e+17,8810.0,1.93792210668814,1.9572016041786944,bin_0
config_318,768,13,12,0.0162910427898168,0.8843373656272888,0.9317058324813844,0.0812874734401702,1.8264625396113843e-05,32,4809.0,324359599254552576,315181984,130646016,8,1.8264625396113843e-05,157286400.0,1.621460754019431e+17,2404.0,2.8978928713915777,2.928023684728341,bin_0
config_318,768,13,12,0.0162910427898168,0.8843373656272888,0.9317058324813844,0.0812874734401702,1.8264625396113843e-05,32,4809.0,324359599254552576,315181984,130646016,8,4.2149135529493707e-07,314572800.0,3.243595992545526e+17,4809.0,2.664450461571334,2.69223988439216,bin_0
config_320,256,9,16,0.1050161495804786,0.9192008972167968,0.9594610929489136,0.2426553964614868,1.127895029640058e-05,32,5513.0,64983421317464064,361310368,20543488,16,1.127895029640058e-05,180224000.0,3.248581700542916e+16,2756.0,3.626491256541893,3.666509496344895,bin_0
config_320,256,9,16,0.1050161495804786,0.9192008972167968,0.9594610929489136,0.2426553964614868,1.127895029640058e-05,32,5513.0,64983421317464064,361310368,20543488,16,1.09668177900679e-07,360448000.0,6.498342131746406e+16,5513.0,3.318533871525624,3.3545590947885984,bin_0
config_321,320,8,10,0.1329120248556137,0.8612205386161804,0.9115259647369384,0.1907256096601486,0.0058645294047892,32,3275.0,48576110104719360,214660128,27235200,16,0.0058645294047892,108134400.0,2.428063885234369e+16,1637.0,2.852540204016889,2.883157691330206,bin_0
config_321,320,8,10,0.1329120248556137,0.8612205386161804,0.9115259647369384,0.1907256096601486,0.0058645294047892,32,3275.0,48576110104719360,214660128,27235200,16,0.0002349571075636,212992000.0,4.857611010471936e+16,3275.0,2.3503033328838034,2.373769612312317,bin_0
config_322,768,5,8,0.0015762264374643,0.8294346332550049,0.9725618958473206,0.2328995615243911,5.047874947194941e-05,64,51844.0,3658489554177884160,6795304960,74010624,16,5.047874947194941e-05,1592524800.0,8.588742451180276e+17,12171.0,1.9960363062092517,2.017678864979353,bin_1
config_322,768,5,8,0.0015762264374643,0.8294346332550049,0.9725618958473206,0.2328995615243911,5.047874947194941e-05,64,51844.0,3658489554177884160,6795304960,74010624,16,5.047874947194941e-05,3191603200.0,1.7177484902360553e+18,24342.0,1.8725678720239731,1.8929111774241336,bin_1
config_322,768,5,8,0.0015762264374643,0.8294346332550049,0.9725618958473206,0.2328995615243911,5.047874947194941e-05,64,51844.0,3658489554177884160,6795304960,74010624,16,5.047874947194941e-05,4784128000.0,2.576693302624243e+18,36514.0,1.818885597283723,1.837062792856185,bin_1
config_322,768,5,8,0.0015762264374643,0.8294346332550049,0.9725618958473206,0.2328995615243911,5.047874947194941e-05,64,51844.0,3658489554177884160,6795304960,74010624,16,1.3144375380139883e-05,6383206400.0,3.435567547742271e+18,48685.0,1.7711631476683696,1.78884336131518,bin_1
config_322,768,5,8,0.0015762264374643,0.8294346332550049,0.9725618958473206,0.2328995615243911,5.047874947194941e-05,64,51844.0,3658489554177884160,6795304960,74010624,16,1.839543628263845e-07,6789529600.0,3.658489554177884e+18,51844.0,1.7638037216077085,1.7813927391318023,bin_1
config_323,768,4,24,0.0023167571052908,0.8521632552146912,0.9628558158874512,0.2678549289703369,0.0015705209225416,32,4550.0,142270585668403200,298234176,66931200,16,0.0015705209225416,150732800.0,7.11352928342016e+16,2275.0,2.1819984462612965,2.2050512298208766,bin_0
config_323,768,4,24,0.0023167571052908,0.8521632552146912,0.9628558158874512,0.2678549289703369,0.0015705209225416,32,4550.0,142270585668403200,298234176,66931200,16,0.0,298188800.0,1.422705856684032e+17,4550.0,1.968251569427428,1.9894747264658816,bin_0
config_324,1152,24,12,0.034820731729269,0.8060417175292969,0.9604148268699646,0.1474871337413787,0.0003930893726646,64,12073.0,5254151248215244800,1582467200,440181504,8,0.0003930893726646,792985600.0,2.626858024867656e+18,6036.0,1.756470361661446,1.773934842279608,bin_1
config_324,1152,24,12,0.034820731729269,0.8060417175292969,0.9604148268699646,0.1474871337413787,0.0003930893726646,64,12073.0,5254151248215244800,1582467200,440181504,8,5.079244702970733e-06,1579417600.0,5.254151248215245e+18,12073.0,1.6037342639870649,1.6203389777071056,bin_1
config_325,256,11,16,0.0136110140010714,0.9309593439102172,0.919180393218994,0.1074723675847053,0.0013728543417528,64,18848.0,500665921515159552,2470455552,22248448,16,0.0013728543417528,1592524800.0,3.2330246873731994e+17,12171.0,1.953507323890436,1.974626066254788,bin_0
config_325,256,11,16,0.0136110140010714,0.9309593439102172,0.919180393218994,0.1074723675847053,0.0013728543417528,64,18848.0,500665921515159552,2470455552,22248448,16,3.2541732545252186e-05,2464153600.0,5.006659215151596e+17,18848.0,1.858125958481773,1.8778441422884584,bin_0
config_326,960,24,12,0.0658076778054237,0.9538992643356324,0.9490440487861632,0.2320783883333206,0.0005187226342968,32,12658.0,2031049653366988800,829558080,313733760,8,0.0005187226342968,416153600.0,1.0155248266834944e+18,6329.0,1.905762014193613,1.9254850705725248,bin_1
config_326,960,24,12,0.0658076778054237,0.9538992643356324,0.9490440487861632,0.2320783883333206,0.0005187226342968,32,12658.0,2031049653366988800,829558080,313733760,8,1.4129319286261804e-06,829030400.0,2.0310496533669888e+18,12658.0,1.7167733907699585,1.734329172724583,bin_1
config_327,1088,24,16,0.0500851385295391,0.9632472395896912,0.98127943277359,0.029932864010334,1.2304918527661355e-05,32,9117.0,1849683780968103936,597508224,409042304,8,1.2304918527661355e-05,298188800.0,9.247404490131204e+17,4558.0,2.631801860254319,2.659338486624545,bin_1
config_327,1088,24,16,0.0500851385295391,0.9632472395896912,0.98127943277359,0.029932864010334,1.2304918527661355e-05,32,9117.0,1849683780968103936,597508224,409042304,8,7.690574079788348e-07,596377600.0,1.849683780968104e+18,9117.0,2.2820218070413247,2.3060079037166035,bin_1
config_328,704,5,16,0.0294565800577402,0.9055126905441284,0.984049677848816,0.1745802462100982,0.001080350135453,64,10007.0,640227574995959808,1311638656,66941952,16,0.001080350135453,655360000.0,3.2008179851152064e+17,5003.0,1.8825482458755616,1.9029902998736647,bin_0
config_328,704,5,16,0.0294565800577402,0.9055126905441284,0.984049677848816,0.1745802462100982,0.001080350135453,64,10007.0,640227574995959808,1311638656,66941952,16,4.328821378460964e-06,1310720000.0,6.402275749959598e+17,10007.0,1.748211543091008,1.7682607853608052,bin_0
config_329,576,12,18,0.0054459427483379,0.8333979249000549,0.9817357063293456,0.017713202163577,4.717555930255912e-05,64,21040.0,1738193177947373568,2757806336,76749696,16,4.717555930255912e-05,1592524800.0,1.0054918806462682e+18,12171.0,2.007415708362079,2.029707404433704,bin_1
config_329,576,12,18,0.0054459427483379,0.8333979249000549,0.9817357063293456,0.017713202163577,4.717555930255912e-05,64,21040.0,1738193177947373568,2757806336,76749696,16,5.072640785221408e-06,2752512000.0,1.7381931779473736e+18,21040.0,1.871694326048992,1.892391752102336,bin_1
config_330,576,8,18,0.0265005268156528,0.8581200242042542,0.9967872500419616,0.1209078878164291,0.0001496758923167,32,3104.0,97273650549583872,203456032,60819840,16,0.0001496758923167,101580800.0,4.863682527479194e+16,1552.0,2.614589273030641,2.642088930176907,bin_0
config_330,576,8,18,0.0265005268156528,0.8581200242042542,0.9967872500419616,0.1209078878164291,0.0001496758923167,32,3104.0,97273650549583872,203456032,60819840,16,1.5965428513785166e-06,203161600.0,9.727365054958387e+16,3104.0,2.2665391722663504,2.289889193401962,bin_0
config_331,640,16,16,0.0160514507442712,0.9867626428604126,0.9623345732688904,0.0724877938628196,0.0001259349664906,32,3822.0,233576277930946560,250535056,113463040,8,0.0001259349664906,124518400.0,1.1678813896547328e+17,1911.0,2.9277694510631878,2.9574192973433946,bin_0
config_331,640,16,16,0.0160514507442712,0.9867626428604126,0.9623345732688904,0.0724877938628196,0.0001259349664906,32,3822.0,233576277930946560,250535056,113463040,8,1.0002055100336772e-05,249036800.0,2.3357627793094656e+17,3822.0,2.510112609589686,2.535726337765084,bin_0
config_332,640,12,20,0.0656398236751556,0.9093673825263976,0.9980979561805724,0.0303106792271137,2.877649421861861e-05,64,74369.0,7286391440521297920,9747703808,93141760,16,2.877649421861861e-05,1592524800.0,1.192468235724357e+18,12171.0,2.118941535793367,2.141247490038637,bin_2
config_332,640,12,20,0.0656398236751556,0.9093673825263976,0.9980979561805724,0.0303106792271137,2.877649421861861e-05,64,74369.0,7286391440521297920,9747703808,93141760,16,2.877649421861861e-05,3191603200.0,2.384936471448714e+18,24342.0,1.915934326531457,1.9368093936169732,bin_2
config_332,640,12,20,0.0656398236751556,0.9093673825263976,0.9980979561805724,0.0303106792271137,2.877649421861861e-05,64,74369.0,7286391440521297920,9747703808,93141760,16,2.877649421861861e-05,4784128000.0,3.577502683365309e+18,36514.0,1.835895553846828,1.854902738469546,bin_2
config_332,640,12,20,0.0656398236751556,0.9093673825263976,0.9980979561805724,0.0303106792271137,2.877649421861861e-05,64,74369.0,7286391440521297920,9747703808,93141760,16,2.877649421861861e-05,6383206400.0,4.769970919089666e+18,48685.0,1.7877259002357233,1.8061531574218,bin_2
config_332,640,12,20,0.0656398236751556,0.9093673825263976,0.9980979561805724,0.0303106792271137,2.877649421861861e-05,64,74369.0,7286391440521297920,9747703808,93141760,16,2.877649421861861e-05,7975731200.0,5.962439154814023e+18,60856.0,1.7550295454165974,1.7732937179627966,bin_2
config_332,640,12,20,0.0656398236751556,0.9093673825263976,0.9980979561805724,0.0303106792271137,2.877649421861861e-05,64,74369.0,7286391440521297920,9747703808,93141760,16,1.6839483528996427e-05,9574809600.0,7.15490739053838e+18,73027.0,1.722468134692458,1.740255867809546,bin_2
config_332,640,12,20,0.0656398236751556,0.9093673825263976,0.9980979561805724,0.0303106792271137,2.877649421861861e-05,64,74369.0,7286391440521297920,9747703808,93141760,16,2.4257027069820244e-07,9745203200.0,7.286391440521298e+18,74369.0,1.7107657628762918,1.7283137881560404,bin_2
config_334,640,5,10,0.0131190652027726,0.8562263250350952,0.9346939325332642,0.2671234011650085,0.0002730154374148,32,3714.0,103223183066726400,243406080,57579520,16,0.0002730154374148,121241600.0,5.16115915333632e+16,1857.0,2.3392072193739843,2.362262978514687,bin_0
config_334,640,5,10,0.0131190652027726,0.8562263250350952,0.9346939325332642,0.2671234011650085,0.0002730154374148,32,3714.0,103223183066726400,243406080,57579520,16,3.8530404473872525e-06,242483200.0,1.032231830667264e+17,3714.0,2.1102058930475205,2.131620472845484,bin_0
config_335,576,14,8,0.0595030188560485,0.8149394392967224,0.963992476463318,0.0086675947532057,0.0029162305872887,64,27721.0,2566618569131950080,3633541120,84714624,16,0.0029162305872887,1592524800.0,1.1268826739621572e+18,12171.0,1.8089475226011436,1.8281158170543732,bin_1
config_335,576,14,8,0.0595030188560485,0.8149394392967224,0.963992476463318,0.0086675947532057,0.0029162305872887,64,27721.0,2566618569131950080,3633541120,84714624,16,0.0029162305872887,3191603200.0,2.2537653479243144e+18,24342.0,1.7700333974791356,1.788671428688237,bin_1
config_335,576,14,8,0.0595030188560485,0.8149394392967224,0.963992476463318,0.0086675947532057,0.0029162305872887,64,27721.0,2566618569131950080,3633541120,84714624,16,0.0002551701763877,3630694400.0,2.56661856913195e+18,27721.0,1.702418676438879,1.7206922600308403,bin_1
config_336,256,18,16,0.0029498888179659,0.945767343044281,0.9552015662193298,0.2582761645317077,0.0087498938664793,32,14089.0,260833674886152192,923356608,28215808,16,0.0087498938664793,462028800.0,1.3040758080048662e+17,7044.0,3.2179680009748117,3.251111734968717,bin_0
config_336,256,18,16,0.0029498888179659,0.945767343044281,0.9552015662193298,0.2582761645317077,0.0087498938664793,32,14089.0,260833674886152192,923356608,28215808,16,9.380040153729972e-05,920780800.0,2.608336748861522e+17,14089.0,3.003528330756016,3.0347456315306367,bin_0
config_337,896,6,14,0.1105519160628318,0.8360485434532166,0.9371925592422484,0.2649151682853699,0.0001907320547616,64,35629.0,3576020258305474560,4670010880,105615104,16,0.0001907320547616,1592524800.0,1.2215819294348966e+18,12171.0,1.8194167320454704,1.8384122503780929,bin_1
config_337,896,6,14,0.1105519160628318,0.8360485434532166,0.9371925592422484,0.2649151682853699,0.0001907320547616,64,35629.0,3576020258305474560,4670010880,105615104,16,0.0001907320547616,3191603200.0,2.4431638588697933e+18,24342.0,1.7445071382600752,1.7628678610285775,bin_1
config_337,896,6,14,0.1105519160628318,0.8360485434532166,0.9371925592422484,0.2649151682853699,0.0001907320547616,64,35629.0,3576020258305474560,4670010880,105615104,16,5.860595028699545e-07,4666163200.0,3.5760202583054746e+18,35629.0,1.657989146162252,1.6741919322092025,bin_1
config_339,1024,20,16,0.0011731486301869,0.9736136794090272,0.9218024015426636,0.1805884391069412,0.0044099958613514,64,25901.0,7990468752772694016,3394962432,308426752,8,0.0044099958613514,1592524800.0,3.75475831782543e+18,12171.0,3.285910202127988,3.3205373484189398,bin_2
config_339,1024,20,16,0.0011731486301869,0.9736136794090272,0.9218024015426636,0.1805884391069412,0.0044099958613514,64,25901.0,7990468752772694016,3394962432,308426752,8,0.0014624553305444,3191603200.0,7.50951663565086e+18,24342.0,3.4004494287146896,3.431410791678507,bin_2
config_339,1024,20,16,0.0011731486301869,0.9736136794090272,0.9218024015426636,0.1805884391069412,0.0044099958613514,64,25901.0,7990468752772694016,3394962432,308426752,8,9.42911238262234e-07,3394764800.0,7.990468752772694e+18,25901.0,3.3692726002364863,3.4032634420473067,bin_2
config_34,1152,10,24,0.0067783254198729,0.9024069905281068,0.95904278755188,0.2701653838157654,0.008225092664361,32,5764.0,599235591008968704,377793696,217195776,8,0.008225092664361,190054400.0,2.9961779550448435e+17,2882.0,3.380033884126632,3.414130551736863,bin_0
config_34,1152,10,24,0.0067783254198729,0.9024069905281068,0.95904278755188,0.2701653838157654,0.008225092664361,32,5764.0,599235591008968704,377793696,217195776,8,7.395715947402376e-05,376832000.0,5.992355910089687e+17,5764.0,3.201855779085003,3.2355057163316694,bin_0
config_340,896,24,14,0.0126449093222618,0.8357028961181641,0.982084572315216,0.0206923671066761,0.0007067553233355,128,60566.0,35756792303096954880,15877104640,287313152,8,0.0007067553233355,1599078400.0,3.593036323294391e+18,6086.0,1.723569054193184,1.7418698580343217,bin_2
config_340,896,24,14,0.0126449093222618,0.8357028961181641,0.982084572315216,0.0206923671066761,0.0007067553233355,128,60566.0,35756792303096954880,15877104640,287313152,8,0.0007067553233355,3185049600.0,7.185482269276377e+18,12171.0,1.61127289213118,1.6286638780304643,bin_2
config_340,896,24,14,0.0126449093222618,0.8357028961181641,0.982084572315216,0.0206923671066761,0.0007067553233355,128,60566.0,35756792303096954880,15877104640,287313152,8,0.0007067553233355,4784128000.0,1.0778518592570767e+19,18257.0,1.5669007968316313,1.5819984602146462,bin_2
config_340,896,24,14,0.0126449093222618,0.8357028961181641,0.982084572315216,0.0206923671066761,0.0007067553233355,128,60566.0,35756792303096954880,15877104640,287313152,8,0.0007067553233355,6383206400.0,1.4370964538552754e+19,24342.0,1.5407721499048297,1.5555166159106082,bin_2
config_340,896,24,14,0.0126449093222618,0.8357028961181641,0.982084572315216,0.0206923671066761,0.0007067553233355,128,60566.0,35756792303096954880,15877104640,287313152,8,0.0007067553233355,7982284800.0,1.7964000861847144e+19,30428.0,1.5225986927650017,1.5369884894910406,bin_2
config_340,896,24,14,0.0126449093222618,0.8357028961181641,0.982084572315216,0.0206923671066761,0.0007067553233355,128,60566.0,35756792303096954880,15877104640,287313152,8,0.0007067553233355,9568256000.0,2.155703718514153e+19,36514.0,1.5091199274629843,1.522289195803345,bin_2
config_340,896,24,14,0.0126449093222618,0.8357028961181641,0.982084572315216,0.0206923671066761,0.0007067553233355,128,60566.0,35756792303096954880,15877104640,287313152,8,0.0007067553233355,11167334400.0,2.5149483131123524e+19,42599.0,1.501384325115407,1.5135412756341402,bin_2
config_340,896,24,14,0.0126449093222618,0.8357028961181641,0.982084572315216,0.0206923671066761,0.0007067553233355,128,60566.0,35756792303096954880,15877104640,287313152,8,0.0007067553233355,12766412800.0,2.874251945441791e+19,48685.0,1.489857232951727,1.5028709195090122,bin_2
config_340,896,24,14,0.0126449093222618,0.8357028961181641,0.982084572315216,0.0206923671066761,0.0007067553233355,128,60566.0,35756792303096954880,15877104640,287313152,8,0.0007067553233355,14352384000.0,3.2334965400399897e+19,54770.0,1.4831710621568024,1.4951037652570691,bin_2
config_340,896,24,14,0.0126449093222618,0.8357028961181641,0.982084572315216,0.0206923671066761,0.0007067553233355,128,60566.0,35756792303096954880,15877104640,287313152,8,9.02480859805944e-06,15872819200.0,3.5756792303096955e+19,60566.0,1.4487725125570767,1.459693820593787,bin_2
config_341,640,7,20,0.1301916986703872,0.885168194770813,0.9838002920150756,0.225354790687561,0.0012938744621351,64,20542.0,1390648060176629760,2692529664,67740160,16,0.0012938744621351,1592524800.0,8.239498364526221e+17,12171.0,1.8192069550811267,1.838048323490581,bin_1
config_341,640,7,20,0.1301916986703872,0.885168194770813,0.9838002920150756,0.225354790687561,0.0012938744621351,64,20542.0,1390648060176629760,2692529664,67740160,16,1.1739625709586334e-05,2686976000.0,1.3906480601766298e+18,20542.0,1.681361683353049,1.699021903413241,bin_1
config_342,768,22,24,0.0055214865133166,0.9888175129890442,0.9070473313331604,0.2614226341247558,0.0014111776836216,32,4453.0,461502279717470208,291869536,194360832,8,0.0014111776836216,147456000.0,2.306993206043316e+17,2226.0,3.2412470300080347,3.2756421850548416,bin_0
config_342,768,22,24,0.0055214865133166,0.9888175129890442,0.9070473313331604,0.2614226341247558,0.0014111776836216,32,4453.0,461502279717470208,291869536,194360832,8,3.637055885622864e-06,291635200.0,4.615022797174702e+17,4453.0,3.134754124469445,3.1680310868435217,bin_0
config_344,704,24,4,0.0875655934214592,0.886063814163208,0.9374412894248962,0.1585273146629333,0.0007177779334597,32,11884.0,1196304710310420480,778877120,186817664,8,0.0007177779334597,389939200.0,5.981523551552102e+17,5942.0,1.9679574560141957,1.9874957198784,bin_1
config_344,704,24,4,0.0875655934214592,0.886063814163208,0.9374412894248962,0.1585273146629333,0.0007177779334597,32,11884.0,1196304710310420480,778877120,186817664,8,1.2960408782597302e-05,776601600.0,1.1963047103104205e+18,11884.0,1.7768667941015277,1.7954263557762395,bin_1
config_345,512,9,16,0.0076495544053614,0.9608064293861388,0.9168024063110352,0.0887841582298278,2.681366459000856e-05,64,52961.0,3135767729539645440,6941805056,56422400,16,2.681366459000856e-05,1592524800.0,7.206327115467424e+17,12171.0,2.235262294870908,2.258461922622118,bin_1
config_345,512,9,16,0.0076495544053614,0.9608064293861388,0.9168024063110352,0.0887841582298278,2.681366459000856e-05,64,52961.0,3135767729539645440,6941805056,56422400,16,2.681366459000856e-05,3191603200.0,1.4412654230934848e+18,24342.0,2.017935194617412,2.0404290237973948,bin_1
config_345,512,9,16,0.0076495544053614,0.9608064293861388,0.9168024063110352,0.0887841582298278,2.681366459000856e-05,64,52961.0,3135767729539645440,6941805056,56422400,16,2.681366459000856e-05,4784128000.0,2.161957343637972e+18,36514.0,1.93317595180918,1.953798418279554,bin_1
config_345,512,9,16,0.0076495544053614,0.9608064293861388,0.9168024063110352,0.0887841582298278,2.681366459000856e-05,64,52961.0,3135767729539645440,6941805056,56422400,16,2.4298814295624517e-05,6383206400.0,2.882590055184714e+18,48685.0,1.882927595982786,1.902831161686632,bin_1
config_345,512,9,16,0.0076495544053614,0.9608064293861388,0.9168024063110352,0.0887841582298278,2.681366459000856e-05,64,52961.0,3135767729539645440,6941805056,56422400,16,6.272869215016936e-08,6940262400.0,3.1357677295396454e+18,52961.0,1.8593874389617169,1.8789256889702843,bin_1
config_348,384,10,16,0.001752340933308,0.9314836263656616,0.9405074119567872,0.2699307799339294,6.621400098083541e-05,32,14505.0,300752050626330624,950608768,37009152,16,6.621400098083541e-05,475136000.0,1.5036565812769043e+17,7252.0,2.3888443662299483,2.413617878976416,bin_0
config_348,384,10,16,0.001752340933308,0.9314836263656616,0.9405074119567872,0.2699307799339294,6.621400098083541e-05,32,14505.0,300752050626330624,950608768,37009152,16,8.456449678268637e-08,950272000.0,3.007520506263306e+17,14505.0,2.15426023745146,2.1766371880984696,bin_0
config_349,704,19,22,0.0010439156321808,0.8924535512924194,0.9364830255508424,0.1082175746560096,0.0041447458788752,64,14842.0,2451665771592744960,1945469440,155271424,8,0.0041447458788752,1592524800.0,2.0104584359288036e+18,12171.0,3.0319296834117075,3.063319275965456,bin_1
config_349,704,19,22,0.0010439156321808,0.8924535512924194,0.9364830255508424,0.1082175746560096,0.0041447458788752,64,14842.0,2451665771592744960,1945469440,155271424,8,0.000108393105176,1939865600.0,2.451665771592745e+18,14842.0,2.882806060587773,2.9137177136296133,bin_1
config_350,256,10,16,0.1874123215675354,0.8057861328125,0.9284704327583312,0.0920700430870056,1.794811942090746e-05,32,5947.0,74551328771653632,389794336,21395968,16,1.794811942090746e-05,193331200.0,3.7269396407958e+16,2973.0,3.3473385706104217,3.383604226346876,bin_0
config_350,256,10,16,0.1874123215675354,0.8057861328125,0.9284704327583312,0.0920700430870056,1.794811942090746e-05,32,5947.0,74551328771653632,389794336,21395968,16,1.5421601696209337e-06,386662400.0,7.455132877165363e+16,5947.0,3.0888663067583177,3.1215123626834056,bin_0
config_351,768,23,12,0.0010750442743301,0.8375259637832642,0.92042875289917,0.2818653285503387,5.130747376824729e-05,64,76122.0,16388448755432030208,9977531392,201440256,8,5.130747376824729e-05,1592524800.0,2.620317514021744e+18,12171.0,1.9039467016595308,1.9241353586267247,bin_2
config_351,768,23,12,0.0010750442743301,0.8375259637832642,0.92042875289917,0.2818653285503387,5.130747376824729e-05,64,76122.0,16388448755432030208,9977531392,201440256,8,5.130747376824729e-05,3191603200.0,5.240635028043488e+18,24342.0,1.7647064931666263,1.7838781617313135,bin_2
config_351,768,23,12,0.0010750442743301,0.8375259637832642,0.92042875289917,0.2818653285503387,5.130747376824729e-05,64,76122.0,16388448755432030208,9977531392,201440256,8,5.130747376824729e-05,4784128000.0,7.861167833948729e+18,36514.0,1.7044510914654027,1.7222385746533753,bin_2
config_351,768,23,12,0.0010750442743301,0.8375259637832642,0.92042875289917,0.2818653285503387,5.130747376824729e-05,64,76122.0,16388448755432030208,9977531392,201440256,8,5.130747376824729e-05,6383206400.0,1.0481485347970474e+19,48685.0,1.6672099549066826,1.6841831573111112,bin_2
config_351,768,23,12,0.0010750442743301,0.8375259637832642,0.92042875289917,0.2818653285503387,5.130747376824729e-05,64,76122.0,16388448755432030208,9977531392,201440256,8,3.65197492257957e-05,7975731200.0,1.310180286199222e+19,60856.0,1.633659193261725,1.6499956467503407,bin_2
config_351,768,23,12,0.0010750442743301,0.8375259637832642,0.92042875289917,0.2818653285503387,5.130747376824729e-05,64,76122.0,16388448755432030208,9977531392,201440256,8,7.3460365126797075e-06,9574809600.0,1.572212037601396e+19,73027.0,1.6003236244350183,1.6166570571016092,bin_2
config_351,768,23,12,0.0010750442743301,0.8375259637832642,0.92042875289917,0.2818653285503387,5.130747376824729e-05,64,76122.0,16388448755432030208,9977531392,201440256,8,5.260833440070173e-08,9974579200.0,1.638844875543203e+19,76122.0,1.5960156029365102,1.61234829427766,bin_2
config_353,448,4,16,0.0074136857874691,0.943619191646576,0.9962298274040222,0.2234905809164047,3.6946014006389305e-05,64,12595.0,395797398076932096,1650944128,32620672,16,5.8425644039954665e-06,1592524800.0,3.82473214132143e+17,12171.0,2.2564577353586914,2.279779631348907,bin_0
config_353,448,4,16,0.0074136857874691,0.943619191646576,0.9962298274040222,0.2234905809164047,3.6946014006389305e-05,64,12595.0,395797398076932096,1650944128,32620672,16,5.908211195051598e-07,1644953600.0,3.957973980769321e+17,12595.0,2.253426654456092,2.276610188953212,bin_0
config_355,384,19,24,0.0091700283810496,0.9725356101989746,0.9924817085266112,0.113319993019104,5.758667248301208e-05,128,60456.0,7874473379501703168,15848331264,52941312,16,5.758667248301208e-05,1599078400.0,7.927094909958874e+17,6086.0,2.334926349491369,2.358601999243752,bin_2
config_355,384,19,24,0.0091700283810496,0.9725356101989746,0.9924817085266112,0.113319993019104,5.758667248301208e-05,128,60456.0,7874473379501703168,15848331264,52941312,16,5.758667248301208e-05,3185049600.0,1.5852887306787615e+18,12171.0,2.0436086357616987,2.065420107763322,bin_2
config_355,384,19,24,0.0091700283810496,0.9725356101989746,0.9924817085266112,0.113319993019104,5.758667248301208e-05,128,60456.0,7874473379501703168,15848331264,52941312,16,5.758667248301208e-05,4784128000.0,2.3779982216746496e+18,18257.0,1.938529070361716,1.9589551517220796,bin_2
config_355,384,19,24,0.0091700283810496,0.9725356101989746,0.9924817085266112,0.113319993019104,5.758667248301208e-05,128,60456.0,7874473379501703168,15848331264,52941312,16,5.758667248301208e-05,6383206400.0,3.1705774613575235e+18,24342.0,1.8811736519219449,1.9008230332077527,bin_2
config_355,384,19,24,0.0091700283810496,0.9725356101989746,0.9924817085266112,0.113319993019104,5.758667248301208e-05,128,60456.0,7874473379501703168,15848331264,52941312,16,5.758667248301208e-05,7982284800.0,3.9632869523534106e+18,30428.0,1.8436493938086465,1.8626510040095596,bin_2
config_355,384,19,24,0.0091700283810496,0.9725356101989746,0.9924817085266112,0.113319993019104,5.758667248301208e-05,128,60456.0,7874473379501703168,15848331264,52941312,16,5.758667248301208e-05,9568256000.0,4.755996443349299e+18,36514.0,1.813583816192189,1.8339444454771572,bin_2
config_355,384,19,24,0.0091700283810496,0.9725356101989746,0.9924817085266112,0.113319993019104,5.758667248301208e-05,128,60456.0,7874473379501703168,15848331264,52941312,16,5.758667248301208e-05,11167334400.0,5.548575683032173e+18,42599.0,1.7921471801351327,1.812455003066141,bin_2
config_355,384,19,24,0.0091700283810496,0.9725356101989746,0.9924817085266112,0.113319993019104,5.758667248301208e-05,128,60456.0,7874473379501703168,15848331264,52941312,16,5.758667248301208e-05,12766412800.0,6.34128517402806e+18,48685.0,1.7764267935909208,1.7961295616040465,bin_2
config_355,384,19,24,0.0091700283810496,0.9725356101989746,0.9924817085266112,0.113319993019104,5.758667248301208e-05,128,60456.0,7874473379501703168,15848331264,52941312,16,4.7969277837674e-05,14352384000.0,7.133864413710935e+18,54770.0,1.7611594315435066,1.777897921585646,bin_2
config_355,384,19,24,0.0091700283810496,0.9725356101989746,0.9924817085266112,0.113319993019104,5.758667248301208e-05,128,60456.0,7874473379501703168,15848331264,52941312,16,5.044088100701676e-08,15846604800.0,7.874473379501703e+18,60456.0,1.7368148075166296,1.7532739009231817,bin_2
config_358,1024,11,8,0.0140782734379172,0.909735381603241,0.916336178779602,0.110927052795887,0.0001113926264224,64,74966.0,14085636349231104000,9826048000,192802816,8,0.0001113926264224,1592524800.0,2.2868537737973453e+18,12171.0,1.7938221993016414,1.812692036120618,bin_2
config_358,1024,11,8,0.0140782734379172,0.909735381603241,0.916336178779602,0.110927052795887,0.0001113926264224,64,74966.0,14085636349231104000,9826048000,192802816,8,0.0001113926264224,3191603200.0,4.5737075475946906e+18,24342.0,1.6980758050816958,1.716483706138173,bin_2
config_358,1024,11,8,0.0140782734379172,0.909735381603241,0.916336178779602,0.110927052795887,0.0001113926264224,64,74966.0,14085636349231104000,9826048000,192802816,8,0.0001113926264224,4784128000.0,6.860749215055152e+18,36514.0,1.65518048356791,1.6714306299412838,bin_2
config_358,1024,11,8,0.0140782734379172,0.909735381603241,0.916336178779602,0.110927052795887,0.0001113926264224,64,74966.0,14085636349231104000,9826048000,192802816,8,0.0001113926264224,6383206400.0,9.147602988852496e+18,48685.0,1.6296161447782986,1.6454772575956875,bin_2
config_358,1024,11,8,0.0140782734379172,0.909735381603241,0.916336178779602,0.110927052795887,0.0001113926264224,64,74966.0,14085636349231104000,9826048000,192802816,8,0.0001113926264224,7975731200.0,1.1434456762649842e+19,60856.0,1.611845400235692,1.6279121177118332,bin_2
config_358,1024,11,8,0.0140782734379172,0.909735381603241,0.916336178779602,0.110927052795887,0.0001113926264224,64,74966.0,14085636349231104000,9826048000,192802816,8,2.566786196337082e-05,9574809600.0,1.372131053644719e+19,73027.0,1.564468386153706,1.5789564161417915,bin_2
config_358,1024,11,8,0.0140782734379172,0.909735381603241,0.916336178779602,0.110927052795887,0.0001113926264224,64,74966.0,14085636349231104000,9826048000,192802816,8,2.1434540261687626e-07,9823846400.0,1.4085636349231104e+19,74966.0,1.5560029460953884,1.570377010087498,bin_2
config_359,1024,20,8,0.0144238313660025,0.9737749099731444,0.931054949760437,0.0760165601968765,0.0037173093296587,32,5395.0,832267890453774336,353611072,308426752,8,0.0037173093296587,176947200.0,4.16056811965492e+17,2697.0,3.4651974841805755,3.4997087500525303,bin_0
config_359,1024,20,8,0.0144238313660025,0.9737749099731444,0.931054949760437,0.0760165601968765,0.0037173093296587,32,5395.0,832267890453774336,353611072,308426752,8,0.0004079973654503,350617600.0,8.322678904537743e+17,5395.0,3.352245126083249,3.386449763618532,bin_0
config_36,704,24,8,0.0051701162010431,0.9035282731056212,0.9945122003555298,0.0462554991245269,1.6447580492240377e-05,64,19477.0,3921148247558750208,2552938752,186817664,8,1.6447580492240377e-05,1592524800.0,2.4502898455120164e+18,12171.0,2.1032628986092865,2.1252361592894693,bin_1
config_36,704,24,8,0.0051701162010431,0.9035282731056212,0.9945122003555298,0.0462554991245269,1.6447580492240377e-05,64,19477.0,3921148247558750208,2552938752,186817664,8,4.93427414767211e-07,2549350400.0,3.92114824755875e+18,19477.0,1.951438476492147,1.9717565433510011,bin_1
config_360,640,13,8,0.0210473574697971,0.8691765666007996,0.9489502906799316,0.1596058309078216,0.0084162913262844,64,16057.0,1670488244757135360,2104681728,98222080,16,0.0084162913262844,1592524800.0,1.2662086583383631e+18,12171.0,3.1776570664859207,3.211261148061909,bin_1
config_360,640,13,8,0.0210473574697971,0.8691765666007996,0.9489502906799316,0.1596058309078216,0.0084162913262844,64,16057.0,1670488244757135360,2104681728,98222080,16,2.299533149258126e-05,2103705600.0,1.6704882447571354e+18,16057.0,3.065115200417941,3.0973131982615736,bin_1
config_361,576,19,24,0.0013895373558625,0.8222805857658386,0.9885231852531432,0.0977745503187179,0.0001611687039257,32,4881.0,286812035955486720,319893280,104626944,8,0.0001611687039257,160563200.0,1.4337663751923533e+17,2440.0,2.3669531863634705,2.391003875322029,bin_0
config_361,576,19,24,0.0013895373558625,0.8222805857658386,0.9885231852531432,0.0977745503187179,0.0001611687039257,32,4881.0,286812035955486720,319893280,104626944,8,1.0474276355764509e-05,317849600.0,2.8681203595548672e+17,4881.0,2.066828224893476,2.088337581372652,bin_0
config_362,1024,16,16,0.0047677103430032,0.8581838011741638,0.9469996094703674,0.1941602975130081,0.0003925334312953,64,26646.0,6791893480858189824,3492549888,257038336,8,0.0003925334312953,1592524800.0,3.1023093730963384e+18,12171.0,1.71240704630242,1.7302224559080406,bin_2
config_362,1024,16,16,0.0047677103430032,0.8581838011741638,0.9469996094703674,0.1941602975130081,0.0003925334312953,64,26646.0,6791893480858189824,3492549888,257038336,8,0.0001742232279632,3191603200.0,6.204618746192677e+18,24342.0,1.601550551613823,1.6183257264191988,bin_2
config_362,1024,16,16,0.0047677103430032,0.8581838011741638,0.9469996094703674,0.1941602975130081,0.0003925334312953,64,26646.0,6791893480858189824,3492549888,257038336,8,3.4905350550133523e-06,3486515200.0,6.79189348085819e+18,26646.0,1.5723381717185505,1.5887219806381914,bin_2
config_363,1088,22,16,0.0037232432514429,0.8582589030265808,0.9044780135154724,0.2180307060480117,0.0003017889976035,64,20672.0,7763005834702848000,2709561600,379513984,8,0.0003017889976035,1592524800.0,4.57060487684638e+18,12171.0,1.706887202047911,1.7242833776552169,bin_2
config_363,1088,22,16,0.0037232432514429,0.8582589030265808,0.9044780135154724,0.2180307060480117,0.0003017889976035,64,20672.0,7763005834702848000,2709561600,379513984,8,1.473121355065202e-06,2706636800.0,7.763005834702848e+18,20672.0,1.58753064524932,1.6042427044618326,bin_2
config_364,1088,7,8,0.0015274054603651,0.829801619052887,0.9134795665740968,0.0946737229824066,0.0004570894816424,32,4554.0,338927741580902400,298514176,158051584,16,0.0004570894816424,150732800.0,1.694638707904512e+17,2277.0,2.1499132596860164,2.171363067353358,bin_0
config_364,1088,7,8,0.0015274054603651,0.829801619052887,0.9134795665740968,0.0946737229824066,0.0004570894816424,32,4554.0,338927741580902400,298514176,158051584,16,4.242129760022881e-06,298188800.0,3.389277415809024e+17,4554.0,1.9520625243030607,1.9724823880195617,bin_0
config_367,384,14,16,0.0063899182714521,0.9714251756668092,0.9154441952705384,0.0415639765560627,0.0041856756433844,64,58811.0,3057146135817486336,7708494848,44090112,16,0.0041856756433844,1592524800.0,6.326796962989002e+17,12171.0,1.874178051362272,1.8938441075653327,bin_1
config_367,384,14,16,0.0063899182714521,0.9714251756668092,0.9154441952705384,0.0415639765560627,0.0041856756433844,64,58811.0,3057146135817486336,7708494848,44090112,16,0.0041856756433844,3191603200.0,1.2653593925978004e+18,24342.0,1.8181095597783072,1.8370301914996787,bin_1
config_367,384,14,16,0.0063899182714521,0.9714251756668092,0.9154441952705384,0.0415639765560627,0.0041856756433844,64,58811.0,3057146135817486336,7708494848,44090112,16,0.0041856756433844,4784128000.0,1.8980910714532943e+18,36514.0,1.7951511129785758,1.8127548352616727,bin_1
config_367,384,14,16,0.0063899182714521,0.9714251756668092,0.9154441952705384,0.0415639765560627,0.0041856756433844,64,58811.0,3057146135817486336,7708494848,44090112,16,0.0041856756433844,6383206400.0,2.5307707677521946e+18,48685.0,1.782416305151142,1.799202470271314,bin_1
config_367,384,14,16,0.0063899182714521,0.9714251756668092,0.9154441952705384,0.0415639765560627,0.0041856756433844,64,58811.0,3057146135817486336,7708494848,44090112,16,1.883896566171397e-05,7707033600.0,3.0571461358174863e+18,58811.0,1.7112157707917883,1.7267738705384927,bin_1
config_368,1088,19,16,0.0035268291831016,0.8615473508834839,0.9073721170425416,0.1952930241823196,0.0052543715573847,64,55694.0,18389489705819504640,7299996160,335221504,8,0.0052543715573847,1592524800.0,4.01871798056396e+18,12171.0,3.080338758757857,3.111859042683586,bin_2
config_368,1088,19,16,0.0035268291831016,0.8615473508834839,0.9073721170425416,0.1952930241823196,0.0052543715573847,64,55694.0,18389489705819504640,7299996160,335221504,8,0.0052543715573847,3191603200.0,8.037435961127921e+18,24342.0,2.964430019581904,2.995711362127398,bin_2
config_368,1088,19,16,0.0035268291831016,0.8615473508834839,0.9073721170425416,0.1952930241823196,0.0052543715573847,64,55694.0,18389489705819504640,7299996160,335221504,8,0.0052543715573847,4784128000.0,1.2056484129678123e+19,36514.0,2.8569402826614065,2.8714501721741725,bin_2
config_368,1088,19,16,0.0035268291831016,0.8615473508834839,0.9073721170425416,0.1952930241823196,0.0052543715573847,64,55694.0,18389489705819504640,7299996160,335221504,8,0.003378914552441,6383206400.0,1.6075202110242085e+19,48685.0,3.268064884006,3.292479569990127,bin_2
config_368,1088,19,16,0.0035268291831016,0.8615473508834839,0.9073721170425416,0.1952930241823196,0.0052543715573847,64,55694.0,18389489705819504640,7299996160,335221504,8,2.12571118540757e-05,7294156800.0,1.8389489705819505e+19,55694.0,3.0430724415622774,3.0682528102202493,bin_2
config_369,1088,16,16,0.0172708705067634,0.9822660088539124,0.9632694721221924,0.1139906495809555,0.0001278270647162,64,28880.0,8226497877032632320,3785469440,290929024,8,0.0001278270647162,1592524800.0,3.46692194118297e+18,12171.0,1.714501656567464,1.732753509986596,bin_2
config_369,1088,16,16,0.0172708705067634,0.9822660088539124,0.9632694721221924,0.1139906495809555,0.0001278270647162,64,28880.0,8226497877032632320,3785469440,290929024,8,0.0001278270647162,3191603200.0,6.93384388236594e+18,24342.0,1.6238970137424156,1.6413553999877366,bin_2
config_369,1088,16,16,0.0172708705067634,0.9822660088539124,0.9632694721221924,0.1139906495809555,0.0001278270647162,64,28880.0,8226497877032632320,3785469440,290929024,8,1.1648881960776717e-06,3781427200.0,8.226497877032632e+18,28880.0,1.5684965333391407,1.585350897683472,bin_2
config_37,384,12,24,0.0056938407942652,0.9702830910682678,0.9245150685310364,0.0677775666117668,6.283398397499695e-05,128,56744.0,5302862166196224000,14875356160,40549632,16,6.283398397499695e-05,1599078400.0,5.687512185159703e+17,6086.0,2.3556441343026084,2.380109194458508,bin_1
config_37,384,12,24,0.0056938407942652,0.9702830910682678,0.9245150685310364,0.0677775666117668,6.283398397499695e-05,128,56744.0,5302862166196224000,14875356160,40549632,16,6.283398397499695e-05,3185049600.0,1.1374089846463808e+18,12171.0,2.056575774130274,2.078491006444712,bin_1
config_37,384,12,24,0.0056938407942652,0.9702830910682678,0.9245150685310364,0.0677775666117668,6.283398397499695e-05,128,56744.0,5302862166196224000,14875356160,40549632,16,6.283398397499695e-05,4784128000.0,1.7061602031623514e+18,18257.0,1.9567477979425525,1.977250277097108,bin_1
config_37,384,12,24,0.0056938407942652,0.9702830910682678,0.9245150685310364,0.0677775666117668,6.283398397499695e-05,128,56744.0,5302862166196224000,14875356160,40549632,16,6.283398397499695e-05,6383206400.0,2.2748179692927616e+18,24342.0,1.9021786427497864,1.9222367122525077,bin_1
config_37,384,12,24,0.0056938407942652,0.9702830910682678,0.9245150685310364,0.0677775666117668,6.283398397499695e-05,128,56744.0,5302862166196224000,14875356160,40549632,16,6.283398397499695e-05,7982284800.0,2.843569187808732e+18,30428.0,1.8685018016080388,1.887721116308306,bin_1
config_37,384,12,24,0.0056938407942652,0.9702830910682678,0.9245150685310364,0.0677775666117668,6.283398397499695e-05,128,56744.0,5302862166196224000,14875356160,40549632,16,6.283398397499695e-05,9568256000.0,3.4123204063247027e+18,36514.0,1.842100884992568,1.8630956706453543,bin_1
config_37,384,12,24,0.0056938407942652,0.9702830910682678,0.9245150685310364,0.0677775666117668,6.283398397499695e-05,128,56744.0,5302862166196224000,14875356160,40549632,16,6.283398397499695e-05,11167334400.0,3.980978172455113e+18,42599.0,1.8229101147808011,1.8438942707952903,bin_1
config_37,384,12,24,0.0056938407942652,0.9702830910682678,0.9245150685310364,0.0677775666117668,6.283398397499695e-05,128,56744.0,5302862166196224000,14875356160,40549632,16,6.283398397499695e-05,12766412800.0,4.549729390971084e+18,48685.0,1.8080400588082488,1.8286847671524424,bin_1
config_37,384,12,24,0.0056938407942652,0.9702830910682678,0.9245150685310364,0.0677775666117668,6.283398397499695e-05,128,56744.0,5302862166196224000,14875356160,40549632,16,3.258542627988139e-05,14352384000.0,5.118387157101494e+18,54770.0,1.7916469216737592,1.80639702624962,bin_1
config_37,384,12,24,0.0056938407942652,0.9702830910682678,0.9245150685310364,0.0677775666117668,6.283398397499695e-05,128,56744.0,5302862166196224000,14875356160,40549632,16,7.190364876202485e-07,14863564800.0,5.302862166196224e+18,56744.0,1.780344376954876,1.794601475019924,bin_1
config_371,640,5,20,0.0060323416255414,0.8161618709564209,0.9732842445373536,0.025093013420701,0.0015700086951255,64,49768.0,2766377832140636160,6523274752,57579520,16,0.0015700086951255,1592524800.0,6.765307947874876e+17,12171.0,1.823548848980763,1.8437352808967968,bin_1
config_371,640,5,20,0.0060323416255414,0.8161618709564209,0.9732842445373536,0.025093013420701,0.0015700086951255,64,49768.0,2766377832140636160,6523274752,57579520,16,0.0015700086951255,3191603200.0,1.3530615895749752e+18,24342.0,1.7662876661879117,1.785805260783336,bin_1
config_371,640,5,20,0.0060323416255414,0.8161618709564209,0.9732842445373536,0.025093013420701,0.0015700086951255,64,49768.0,2766377832140636160,6523274752,57579520,16,0.0015700086951255,4784128000.0,2.0296479698357007e+18,36514.0,1.7420738203799138,1.759952108860016,bin_1
config_371,640,5,20,0.0060323416255414,0.8161618709564209,0.9732842445373536,0.025093013420701,0.0015700086951255,64,49768.0,2766377832140636160,6523274752,57579520,16,0.0013435651333286,6383206400.0,2.706178764623189e+18,48685.0,1.722058123721451,1.7397872413181867,bin_1
config_371,640,5,20,0.0060323416255414,0.8161618709564209,0.9732842445373536,0.025093013420701,0.0015700086951255,64,49768.0,2766377832140636160,6523274752,57579520,16,2.264435617969603e-05,6520832000.0,2.766377832140636e+18,49768.0,1.687415955340276,1.704770498666607,bin_1
config_373,1152,21,16,0.0776055306196212,0.9824782013893129,0.9337735176086426,0.1923518925905227,0.0019745568279176,64,12626.0,4879843611789164544,1654948096,392398848,8,0.0003871042216181,1592524800.0,4.703989909637725e+18,12171.0,3.2604379255263534,3.292591223873076,bin_1
config_373,1152,21,16,0.0776055306196212,0.9824782013893129,0.9337735176086426,0.1923518925905227,0.0019745568279176,64,12626.0,4879843611789164544,1654948096,392398848,8,2.1144348239645738e-05,1651507200.0,4.879843611789165e+18,12626.0,3.2382813277010056,3.272881685514919,bin_1
config_374,576,13,18,0.0115746259689331,0.8755624890327454,0.9386836886405944,0.1006982997059822,0.0037527957465499,64,34878.0,3055309513547120640,4571594240,80732160,16,0.0037527957465499,1592524800.0,1.066178453161936e+18,12171.0,1.7874425995545309,1.8047602343950115,bin_1
config_374,576,13,18,0.0115746259689331,0.8755624890327454,0.9386836886405944,0.1006982997059822,0.0037527957465499,64,34878.0,3055309513547120640,4571594240,80732160,16,0.0037527957465499,3191603200.0,2.1323569063238725e+18,24342.0,1.7393794781653606,1.7563301852882889,bin_1
config_374,576,13,18,0.0115746259689331,0.8755624890327454,0.9386836886405944,0.1006982997059822,0.0037527957465499,64,34878.0,3055309513547120640,4571594240,80732160,16,2.9919783856320777e-05,4567859200.0,3.0553095135471206e+18,34878.0,1.6380751626608805,1.6548911320576902,bin_1
config_375,1152,23,12,0.0770118832588195,0.9820305109024048,0.9313522577285768,0.2937497198581695,1.5161052033363376e-05,32,4222.0,884562026190225408,276740032,424253952,8,1.5161052033363376e-05,137625600.0,4.422810130951127e+17,2111.0,2.8749567795581505,2.904698075740064,bin_0
config_375,1152,23,12,0.0770118832588195,0.9820305109024048,0.9313522577285768,0.2937497198581695,1.5161052033363376e-05,32,4222.0,884562026190225408,276740032,424253952,8,2.689864070435433e-07,275251200.0,8.845620261902254e+17,4222.0,2.5885553559123493,2.615237816552647,bin_0
config_376,704,14,8,0.01592318713665,0.8408514261245728,0.9686583876609802,0.1768219172954559,0.0019815054256469,64,36284.0,4681953639236763648,4755909632,123725184,8,0.0019815054256469,1592524800.0,1.5705009850939988e+18,12171.0,1.7340455464261475,1.7519669714521189,bin_1
config_376,704,14,8,0.01592318713665,0.8408514261245728,0.9686583876609802,0.1768219172954559,0.0019815054256469,64,36284.0,4681953639236763648,4755909632,123725184,8,0.0019815054256469,3191603200.0,3.1410019701879977e+18,24342.0,1.6753764847653811,1.6930469070106255,bin_1
config_376,704,14,8,0.01592318713665,0.8408514261245728,0.9686583876609802,0.1768219172954559,0.0019815054256469,64,36284.0,4681953639236763648,4755909632,123725184,8,1.05021331990641e-05,4751360000.0,4.681953639236764e+18,36284.0,1.5799302223080494,1.5936679493403825,bin_1
config_377,256,8,16,0.0525498427450656,0.8026305437088013,0.953645646572113,0.0406963005661964,0.0001330681407125,64,18655.0,411902837096841216,2445229824,19691008,16,0.0001330681407125,1592524800.0,2.68735965173179e+17,12171.0,2.1130453870726416,2.135678187198326,bin_0
config_377,256,8,16,0.0525498427450656,0.8026305437088013,0.953645646572113,0.0406963005661964,0.0001330681407125,64,18655.0,411902837096841216,2445229824,19691008,16,8.766017174740746e-07,2444492800.0,4.119028370968412e+17,18655.0,2.00952870302513,2.0319033660263317,bin_0
config_378,704,4,16,0.0026393479201942,0.9275038242340088,0.9654542207717896,0.2796150147914886,0.0002171796077163,64,23919.0,1357419570427920384,3135177216,60632704,16,0.0002171796077163,1592524800.0,6.907125545247803e+17,12171.0,1.868016107434132,1.888848949416739,bin_1
config_378,704,4,16,0.0026393479201942,0.9275038242340088,0.9654542207717896,0.2796150147914886,0.0002171796077163,64,23919.0,1357419570427920384,3135177216,60632704,16,6.169875219215449e-07,3132620800.0,1.3574195704279204e+18,23919.0,1.7611969078173404,1.780930122742887,bin_1
config_379,256,14,16,0.0020587611943483,0.9717686772346495,0.9814202189445496,0.1958454400300979,0.002732214750722,64,24202.0,751405614642757632,3172212224,24805888,16,0.002732214750722,1592524800.0,3.778761150242543e+17,12171.0,1.9076499097464517,1.928837727640496,bin_0
config_379,256,14,16,0.0020587611943483,0.9717686772346495,0.9814202189445496,0.1958454400300979,0.002732214750722,64,24202.0,751405614642757632,3172212224,24805888,16,1.1530764932360556e-06,3171942400.0,7.514056146427576e+17,24202.0,1.80536850202279,1.8253758126790407,bin_0
config_38,704,16,22,0.0141976652666926,0.8837316036224365,0.9634721279144288,0.093929998576641,2.373611459915992e-05,32,7587.0,544382247618367488,497267744,136343680,8,2.373611459915992e-05,249036800.0,2.7215524782080768e+17,3793.0,2.7140169757116035,2.7420963949844483,bin_0
config_38,704,16,22,0.0141976652666926,0.8837316036224365,0.9634721279144288,0.093929998576641,2.373611459915992e-05,32,7587.0,544382247618367488,497267744,136343680,8,1.233477865405781e-06,494796800.0,5.443822476183675e+17,7587.0,2.442311825889056,2.468622900032606,bin_0
config_380,576,10,6,0.0018162111518904,0.8562465310096741,0.9674994945526124,0.2250396311283111,0.0021890364587306,128,41812.0,6074423630818836480,10960829440,68784768,16,0.0021890364587306,1599078400.0,8.841706260681966e+17,6086.0,1.780694190713226,1.7998150423315704,bin_2
config_380,576,10,6,0.0018162111518904,0.8562465310096741,0.9674994945526124,0.2250396311283111,0.0021890364587306,128,41812.0,6074423630818836480,10960829440,68784768,16,0.0021890364587306,3185049600.0,1.768195972703914e+18,12171.0,1.7097844102343576,1.7284116496805284,bin_2
config_380,576,10,6,0.0018162111518904,0.8562465310096741,0.9674994945526124,0.2250396311283111,0.0021890364587306,128,41812.0,6074423630818836480,10960829440,68784768,16,0.0021890364587306,4784128000.0,2.652366598772111e+18,18257.0,1.6796985653971062,1.6963713096399775,bin_2
config_380,576,10,6,0.0018162111518904,0.8562465310096741,0.9674994945526124,0.2250396311283111,0.0021890364587306,128,41812.0,6074423630818836480,10960829440,68784768,16,0.0021890364587306,6383206400.0,3.536391945407828e+18,24342.0,1.6614287761391189,1.6778207927453714,bin_2
config_380,576,10,6,0.0018162111518904,0.8562465310096741,0.9674994945526124,0.2250396311283111,0.0021890364587306,128,41812.0,6074423630818836480,10960829440,68784768,16,0.0021890364587306,7982284800.0,4.420562571476025e+18,30428.0,1.6489612979185386,1.665276656932518,bin_2
config_380,576,10,6,0.0018162111518904,0.8562465310096741,0.9674994945526124,0.2250396311283111,0.0021890364587306,128,41812.0,6074423630818836480,10960829440,68784768,16,0.0012358552097754,9568256000.0,5.304733197544222e+18,36514.0,1.6210470944154458,1.6362580819989814,bin_2
config_380,576,10,6,0.0018162111518904,0.8562465310096741,0.9674994945526124,0.2250396311283111,0.0021890364587306,128,41812.0,6074423630818836480,10960829440,68784768,16,2.7918415883483078e-06,10957619200.0,6.074423630818836e+18,41812.0,1.5934467817916245,1.6082268873199088,bin_2
config_381,1152,8,6,0.1323904395103454,0.9490640163421632,0.966964602470398,0.1400066167116165,0.0008113985531963,64,21946.0,3850029548730777600,2876550400,185340672,8,0.0008113985531963,1592524800.0,2.135182249047767e+18,12171.0,1.7437385277083663,1.76183224525608,bin_1
config_381,1152,8,6,0.1323904395103454,0.9490640163421632,0.966964602470398,0.1400066167116165,0.0008113985531963,64,21946.0,3850029548730777600,2876550400,185340672,8,1.214984812728892e-05,2870476800.0,3.8500295487307776e+18,21946.0,1.6083064597356516,1.624738171471924,bin_1
config_382,704,6,4,0.0022339960560202,0.9472734928131104,0.9783576726913452,0.1955612301826477,1.104700641008094e-05,64,10166.0,723931492641325056,1332565888,73251200,16,1.104700641008094e-05,668467200.0,3.619657463206625e+17,5083.0,2.791023506883715,2.819369463295233,bin_0
config_382,704,6,4,0.0022339960560202,0.9472734928131104,0.9783576726913452,0.1955612301826477,1.104700641008094e-05,64,10166.0,723931492641325056,1332565888,73251200,16,8.890950833063115e-08,1330380800.0,7.23931492641325e+17,10166.0,2.495551422463089,2.520388652535736,bin_0
config_383,384,16,12,0.0056632542982697,0.983685314655304,0.9770740270614624,0.1369165331125259,0.0003763558634091,32,7810.0,223544274110226432,511891488,47630592,16,0.0003763558634091,255590400.0,1.1177213705511322e+17,3905.0,2.337962607360277,2.360506519645941,bin_0
config_383,384,16,12,0.0056632542982697,0.983685314655304,0.9770740270614624,0.1369165331125259,0.0003763558634091,32,7810.0,223544274110226432,511891488,47630592,16,3.5206348307681608e-06,511180800.0,2.2354427411022643e+17,7810.0,2.025662552802289,2.0455662414285003,bin_0
config_384,960,8,10,0.0797690451145172,0.8145352602005005,0.9233595728874208,0.0945527553558349,6.607137765968218e-05,64,12460.0,1648264741362892800,1633270016,136755840,16,1.7387204647284783e-05,1592524800.0,1.6100345238465303e+18,12171.0,1.8444118819080413,1.8639369170001296,bin_1
config_384,960,8,10,0.0797690451145172,0.8145352602005005,0.9233595728874208,0.0945527553558349,6.607137765968218e-05,64,12460.0,1648264741362892800,1633270016,136755840,16,5.608775692672493e-07,1631846400.0,1.6482647413628928e+18,12460.0,1.837811143710965,1.857372528646813,bin_1
config_386,832,19,8,0.0267548281699419,0.8584039807319641,0.9332371354103088,0.28179731965065,0.0062275840900838,64,12983.0,2741033021202038784,1701740032,203736832,8,0.0014181458575833,1592524800.0,2.569599699688055e+18,12171.0,2.9426325296183102,2.9729149440077483,bin_1
config_386,832,19,8,0.0267548281699419,0.8584039807319641,0.9332371354103088,0.28179731965065,0.0062275840900838,64,12983.0,2741033021202038784,1701740032,203736832,8,5.618104837965161e-05,1697382400.0,2.741033021202039e+18,12983.0,2.8994077391898045,2.9297003928950573,bin_1
config_389,384,14,16,0.0436412505805492,0.8618155717849731,0.95359468460083,0.2383837550878524,0.0001543074322398,128,57649.0,5993472525532397568,15112346624,44090112,16,0.0001543074322398,1599078400.0,6.327303819734977e+17,6086.0,2.035832475287015,2.057560030749587,bin_2
config_389,384,14,16,0.0436412505805492,0.8618155717849731,0.95359468460083,0.2383837550878524,0.0001543074322398,128,57649.0,5993472525532397568,15112346624,44090112,16,0.0001543074322398,3185049600.0,1.2653567990469012e+18,12171.0,1.873189106339314,1.8938590432776776,bin_2
config_389,384,14,16,0.0436412505805492,0.8618155717849731,0.95359468460083,0.2383837550878524,0.0001543074322398,128,57649.0,5993472525532397568,15112346624,44090112,16,0.0001543074322398,4784128000.0,1.8980871810203988e+18,18257.0,1.8175383489640036,1.836089192218468,bin_2
config_389,384,14,16,0.0436412505805492,0.8618155717849731,0.95359468460083,0.2383837550878524,0.0001543074322398,128,57649.0,5993472525532397568,15112346624,44090112,16,0.0001543074322398,6383206400.0,2.5307135980938025e+18,24342.0,1.7860578469370232,1.8036153149995648,bin_2
config_389,384,14,16,0.0436412505805492,0.8618155717849731,0.95359468460083,0.2383837550878524,0.0001543074322398,128,57649.0,5993472525532397568,15112346624,44090112,16,0.0001543074322398,7982284800.0,3.1634439800673004e+18,30428.0,1.7647843835002086,1.7823007169317029,bin_2
config_389,384,14,16,0.0436412505805492,0.8618155717849731,0.95359468460083,0.2383837550878524,0.0001543074322398,128,57649.0,5993472525532397568,15112346624,44090112,16,0.0001543074322398,9568256000.0,3.7961743620407977e+18,36514.0,1.7483126715363049,1.765962769789774,bin_2
config_389,384,14,16,0.0436412505805492,0.8618155717849731,0.95359468460083,0.2383837550878524,0.0001543074322398,128,57649.0,5993472525532397568,15112346624,44090112,16,0.0001543074322398,11167334400.0,4.4288007791142016e+18,42599.0,1.7370806040138496,1.7538566205931492,bin_2
config_389,384,14,16,0.0436412505805492,0.8618155717849731,0.95359468460083,0.2383837550878524,0.0001543074322398,128,57649.0,5993472525532397568,15112346624,44090112,16,0.0001004873534503,12766412800.0,5.0615311610877e+18,48685.0,1.716002130703848,1.732321436092502,bin_2
config_389,384,14,16,0.0436412505805492,0.8618155717849731,0.95359468460083,0.2383837550878524,0.0001543074322398,128,57649.0,5993472525532397568,15112346624,44090112,16,3.2552557565376094e-05,14352384000.0,5.694157578161103e+18,54770.0,1.6951662270749202,1.7098922172139903,bin_2
config_389,384,14,16,0.0436412505805492,0.8618155717849731,0.95359468460083,0.2383837550878524,0.0001543074322398,128,57649.0,5993472525532397568,15112346624,44090112,16,5.502157022088477e-07,15099494400.0,5.993472525532398e+18,57649.0,1.6880984685850926,1.7024635094501932,bin_2
config_39,704,5,22,0.052173975855112,0.9013373851776124,0.9686514735221864,0.0799318179488182,0.0069445897825062,32,8547.0,273426215158407168,560170176,66941952,16,0.0069445897825062,278528000.0,1.3669711212962138e+17,4273.0,3.199550290811257,3.2325796039768906,bin_0
config_39,704,5,22,0.052173975855112,0.9013373851776124,0.9686514735221864,0.0799318179488182,0.0069445897825062,32,8547.0,273426215158407168,560170176,66941952,16,0.0004778853876688,557056000.0,2.734262151584072e+17,8547.0,3.1108510090093144,3.1438092467042265,bin_0
config_390,448,12,8,0.0263109542429447,0.8869538307189941,0.9259814023971558,0.0170515365898609,0.0001160037863883,64,16613.0,977573865295577088,2177559552,52812928,16,0.0001160037863883,1592524800.0,7.161892201596622e+17,12171.0,1.9198676258227865,1.9405072315794525,bin_0
config_390,448,12,8,0.0263109542429447,0.8869538307189941,0.9259814023971558,0.0170515365898609,0.0001160037863883,64,16613.0,977573865295577088,2177559552,52812928,16,5.328795841159535e-06,2175795200.0,9.775738652955772e+17,16613.0,1.852710446334276,1.8728315140380236,bin_0
config_392,1152,9,24,0.0483062416315078,0.9083746671676636,0.9305450916290284,0.1360324919223785,0.0001162314656539,32,13648.0,1307947549383032832,894456448,201268224,8,0.0001162314656539,445644800.0,6.539737746915164e+17,6824.0,1.9982123220748589,2.019502070536379,bin_1
config_392,1152,9,24,0.0483062416315078,0.9083746671676636,0.9305450916290284,0.1360324919223785,0.0001162314656539,32,13648.0,1307947549383032832,894456448,201268224,8,3.005986180706436e-06,891289600.0,1.3079475493830328e+18,13648.0,1.826220463045308,1.8457553779883464,bin_1
config_393,384,6,8,0.0010251259664073,0.8142458200454712,0.9021746516227722,0.0318898744881153,0.0009211389697156,64,18126.0,561099083637915648,2375904512,29928192,16,0.0009211389697156,1592524800.0,3.767591827737544e+17,12171.0,1.938260395448716,1.9586815969670408,bin_0
config_393,384,6,8,0.0010251259664073,0.8142458200454712,0.9021746516227722,0.0318898744881153,0.0009211389697156,64,18126.0,561099083637915648,2375904512,29928192,16,4.143531697683013e-05,2372403200.0,5.6109908363791565e+17,18126.0,1.860582616133768,1.8801725220289387,bin_0
config_394,256,16,8,0.0992780104279518,0.8141578435897827,0.9329516887664796,0.1726442128419876,0.0026363867800682,32,6761.0,115073449560145920,443139520,26510848,16,0.0026363867800682,222822400.0,5.7528214689142616e+16,3380.0,2.2400168685444064,2.2629377185712096,bin_0
config_394,256,16,8,0.0992780104279518,0.8141578435897827,0.9329516887664796,0.1726442128419876,0.0026363867800682,32,6761.0,115073449560145920,443139520,26510848,16,2.4850260994645476e-05,442368000.0,1.1507344956014592e+17,6761.0,2.021070953978867,2.041221890957629,bin_0
config_395,576,8,12,0.1427061557769775,0.9009849429130554,0.9885208606719972,0.157696858048439,0.000709387823008,32,7630.0,239097096102961152,500091712,60819840,16,0.000709387823008,249036800.0,1.1954854805148058e+17,3815.0,2.038780429793186,2.058834307350096,bin_0
config_395,576,8,12,0.1427061557769775,0.9009849429130554,0.9885208606719972,0.157696858048439,0.000709387823008,32,7630.0,239097096102961152,500091712,60819840,16,1.769046940169579e-05,498073600.0,2.3909709610296115e+17,7630.0,1.8580248895629508,1.876973150949009,bin_0
config_396,1024,22,16,0.0021180387120693,0.9880083799362184,0.9290487766265868,0.1968290656805038,1.2180064004496671e-05,128,47966.0,32166103901779525632,12574229504,334120960,8,1.2180064004496671e-05,1599078400.0,4.081284833970524e+18,6086.0,2.325492331317214,2.349920399970696,bin_2
config_396,1024,22,16,0.0021180387120693,0.9880083799362184,0.9290487766265868,0.1968290656805038,1.2180064004496671e-05,128,47966.0,32166103901779525632,12574229504,334120960,8,1.2180064004496671e-05,3185049600.0,8.161899065766556e+18,12171.0,2.003666157175283,2.025450942516327,bin_2
config_396,1024,22,16,0.0021180387120693,0.9880083799362184,0.9290487766265868,0.1968290656805038,1.2180064004496671e-05,128,47966.0,32166103901779525632,12574229504,334120960,8,1.2180064004496671e-05,4784128000.0,1.224318389973708e+19,18257.0,1.8861423967509972,1.905751762194712,bin_2
config_396,1024,22,16,0.0021180387120693,0.9880083799362184,0.9290487766265868,0.1968290656805038,1.2180064004496671e-05,128,47966.0,32166103901779525632,12574229504,334120960,8,1.2180064004496671e-05,6383206400.0,1.6323798131533111e+19,24342.0,1.8170119488434715,1.8357932598864448,bin_2
config_396,1024,22,16,0.0021180387120693,0.9880083799362184,0.9290487766265868,0.1968290656805038,1.2180064004496671e-05,128,47966.0,32166103901779525632,12574229504,334120960,8,1.2180064004496671e-05,7982284800.0,2.0405082965503635e+19,30428.0,1.770130500715287,1.7884716422831426,bin_2
config_396,1024,22,16,0.0021180387120693,0.9880083799362184,0.9290487766265868,0.1968290656805038,1.2180064004496671e-05,128,47966.0,32166103901779525632,12574229504,334120960,8,1.2180064004496671e-05,9568256000.0,2.448636779947416e+19,36514.0,1.733747499673093,1.7531593538698602,bin_2
config_396,1024,22,16,0.0021180387120693,0.9880083799362184,0.9290487766265868,0.1968290656805038,1.2180064004496671e-05,128,47966.0,32166103901779525632,12574229504,334120960,8,6.922807271277316e-06,11167334400.0,2.856698203127019e+19,42599.0,1.701818498920222,1.719940667855935,bin_2
config_396,1024,22,16,0.0021180387120693,0.9880083799362184,0.9290487766265868,0.1968290656805038,1.2180064004496671e-05,128,47966.0,32166103901779525632,12574229504,334120960,8,2.0641989627364293e-08,12569804800.0,3.216610390177953e+19,47966.0,1.6830712610385457,1.7008530793033665,bin_2
config_397,1088,22,16,0.1994882375001907,0.8678081035614014,0.979910373687744,0.0542008131742477,1.1180967703694478e-05,128,46705.0,35078567206097387520,12243651584,379513984,8,1.1180967703694478e-05,1599078400.0,4.5709915430105713e+18,6086.0,2.3964850756770275,2.421480805268053,bin_2
config_397,1088,22,16,0.1994882375001907,0.8678081035614014,0.979910373687744,0.0542008131742477,1.1180967703694478e-05,128,46705.0,35078567206097387520,12243651584,379513984,8,1.1180967703694478e-05,3185049600.0,9.141232019385746e+18,12171.0,2.052182354966148,2.074366055238442,bin_2
config_397,1088,22,16,0.1994882375001907,0.8678081035614014,0.979910373687744,0.0542008131742477,1.1180967703694478e-05,128,46705.0,35078567206097387520,12243651584,379513984,8,1.1180967703694478e-05,4784128000.0,1.3712223562396318e+19,18257.0,1.922893366598692,1.9421334690734988,bin_2
config_397,1088,22,16,0.1994882375001907,0.8678081035614014,0.979910373687744,0.0542008131742477,1.1180967703694478e-05,128,46705.0,35078567206097387520,12243651584,379513984,8,1.1180967703694478e-05,6383206400.0,1.8282464038771493e+19,24342.0,1.842552693886835,1.86137772796584,bin_2
config_397,1088,22,16,0.1994882375001907,0.8678081035614014,0.979910373687744,0.0542008131742477,1.1180967703694478e-05,128,46705.0,35078567206097387520,12243651584,379513984,8,1.1180967703694478e-05,7982284800.0,2.2853455581782065e+19,30428.0,1.7903387229169,1.8085070402504968,bin_2
config_397,1088,22,16,0.1994882375001907,0.8678081035614014,0.979910373687744,0.0542008131742477,1.1180967703694478e-05,128,46705.0,35078567206097387520,12243651584,379513984,8,1.1180967703694478e-05,9568256000.0,2.7424447124792635e+19,36514.0,1.7509577723995584,1.7692874494341553,bin_2
config_397,1088,22,16,0.1994882375001907,0.8678081035614014,0.979910373687744,0.0542008131742477,1.1180967703694478e-05,128,46705.0,35078567206097387520,12243651584,379513984,8,1.1180967703694478e-05,11167334400.0,3.199468760116781e+19,42599.0,1.721537744275859,1.7387293300863171,bin_2
config_397,1088,22,16,0.1994882375001907,0.8678081035614014,0.979910373687744,0.0542008131742477,1.1180967703694478e-05,128,46705.0,35078567206097387520,12243651584,379513984,8,2.208804366593064e-08,12242124800.0,3.5078567206097388e+19,46705.0,1.6904239973279296,1.7068932045874048,bin_2
config_398,1152,14,6,0.169340044260025,0.9828420877456664,0.9201869964599608,0.280400812625885,0.0096469977870583,32,3978.0,542722377506770944,260724016,280905984,8,0.0096469977870583,131072000.0,2.7136118875338547e+17,1989.0,3.88902149517028,3.9160722513277024,bin_0
config_398,1152,14,6,0.169340044260025,0.9828420877456664,0.9201869964599608,0.280400812625885,0.0096469977870583,32,3978.0,542722377506770944,260724016,280905984,8,0.0002422564466705,258867200.0,5.427223775067709e+17,3978.0,3.719356757812813,3.747397859448293,bin_0
config_399,640,11,10,0.0239374469965696,0.8794302940368652,0.9895592331886292,0.0890058353543281,0.0008631240343675,32,6488.0,298192043793285120,425201792,88061440,16,0.0008631240343675,212992000.0,1.4909602189664256e+17,3244.0,2.0353689692059502,2.05583929937394,bin_0
config_399,640,11,10,0.0239374469965696,0.8794302940368652,0.9895592331886292,0.0890058353543281,0.0008631240343675,32,6488.0,298192043793285120,425201792,88061440,16,5.684352392714917e-05,422707200.0,2.981920437932851e+17,6488.0,1.85532443601577,1.874162018572698,bin_0
config_4,832,23,8,0.0087910573929548,0.8677055239677429,0.9440151453018188,0.0205717030912637,0.0001162478729384,128,49046.0,24390063872739901440,12857278464,237822208,8,0.0001162478729384,1599078400.0,3.026504276179404e+18,6086.0,1.8113468097074392,1.83015104156192,bin_2
config_4,832,23,8,0.0087910573929548,0.8677055239677429,0.9440151453018188,0.0205717030912637,0.0001162478729384,128,49046.0,24390063872739901440,12857278464,237822208,8,0.0001162478729384,3185049600.0,6.052511262796504e+18,12171.0,1.685514965025881,1.7029283180058308,bin_2
config_4,832,23,8,0.0087910573929548,0.8677055239677429,0.9440151453018188,0.0205717030912637,0.0001162478729384,128,49046.0,24390063872739901440,12857278464,237822208,8,0.0001162478729384,4784128000.0,9.079015538975908e+18,18257.0,1.632278892839165,1.647619770183425,bin_2
config_4,832,23,8,0.0087910573929548,0.8677055239677429,0.9440151453018188,0.0205717030912637,0.0001162478729384,128,49046.0,24390063872739901440,12857278464,237822208,8,0.0001162478729384,6383206400.0,1.2105022525593008e+19,24342.0,1.5990354420597377,1.6140215415893049,bin_2
config_4,832,23,8,0.0087910573929548,0.8677055239677429,0.9440151453018188,0.0205717030912637,0.0001162478729384,128,49046.0,24390063872739901440,12857278464,237822208,8,0.0001162478729384,7982284800.0,1.5131526801772413e+19,30428.0,1.576703424234212,1.5913187681107823,bin_2
config_4,832,23,8,0.0087910573929548,0.8677055239677429,0.9440151453018188,0.0205717030912637,0.0001162478729384,128,49046.0,24390063872739901440,12857278464,237822208,8,0.0001162478729384,9568256000.0,1.8158031077951816e+19,36514.0,1.5594322153325506,1.5733325429237472,bin_2
config_4,832,23,8,0.0087910573929548,0.8677055239677429,0.9440151453018188,0.0205717030912637,0.0001162478729384,128,49046.0,24390063872739901440,12857278464,237822208,8,0.0001162478729384,11167334400.0,2.118403806456892e+19,42599.0,1.5461216054600513,1.5597071448510254,bin_2
config_4,832,23,8,0.0087910573929548,0.8677055239677429,0.9440151453018188,0.0205717030912637,0.0001162478729384,128,49046.0,24390063872739901440,12857278464,237822208,8,3.990254368718957e-05,12766412800.0,2.421054234074832e+19,48685.0,1.5185094036279954,1.5319705731778996,bin_2
config_4,832,23,8,0.0087910573929548,0.8677055239677429,0.9440151453018188,0.0205717030912637,0.0001162478729384,128,49046.0,24390063872739901440,12857278464,237822208,8,5.304962455522319e-06,12845056000.0,2.43900638727399e+19,49046.0,1.511295383222381,1.5246791172419272,bin_2
config_40,576,5,24,0.0401831865310668,0.9290140867233276,0.9115337133407592,0.0972509682178497,0.0001781737373676,64,20181.0,962786313184444416,2645195008,48872448,16,0.0001781737373676,1592524800.0,5.806487397932646e+17,12171.0,1.922852147368134,1.944151065896769,bin_0
config_40,576,5,24,0.0401831865310668,0.9290140867233276,0.9115337133407592,0.0972509682178497,0.0001781737373676,64,20181.0,962786313184444416,2645195008,48872448,16,2.8151813753292854e-06,2641100800.0,9.627863131844444e+17,20181.0,1.826764790816385,1.846748716401272,bin_0
config_401,768,22,12,0.0403382368385791,0.9798499941825868,0.9529121518135072,0.0541707351803779,7.781993190292269e-05,32,10226.0,1059761473688567808,670228736,194360832,8,7.781993190292269e-05,334233600.0,5.298807368442839e+17,5113.0,2.127131514725138,2.1488288269472906,bin_1
config_401,768,22,12,0.0403382368385791,0.9798499941825868,0.9529121518135072,0.0541707351803779,7.781993190292269e-05,32,10226.0,1059761473688567808,670228736,194360832,8,3.6588033082748505e-06,668467200.0,1.0597614736885678e+18,10226.0,1.8914366478607303,1.91120913675574,bin_1
config_402,512,16,8,0.1489379703998565,0.9219158291816713,0.9732590913772584,0.130660131573677,0.000902320316527,64,63236.0,5660535037767450624,8288562688,80284672,16,0.000902320316527,1592524800.0,1.0894802319037832e+18,12171.0,1.805640682079753,1.82441953264299,bin_2
config_402,512,16,8,0.1489379703998565,0.9219158291816713,0.9732590913772584,0.130660131573677,0.000902320316527,64,63236.0,5660535037767450624,8288562688,80284672,16,0.000902320316527,3191603200.0,2.1789604638075663e+18,24342.0,1.7585492705126278,1.7770849447172197,bin_2
config_402,512,16,8,0.1489379703998565,0.9219158291816713,0.9732590913772584,0.130660131573677,0.000902320316527,64,63236.0,5660535037767450624,8288562688,80284672,16,0.000902320316527,4784128000.0,3.2685302101499254e+18,36514.0,1.74058569665815,1.7579901372018407,bin_2
config_402,512,16,8,0.1489379703998565,0.9219158291816713,0.9732590913772584,0.130660131573677,0.000902320316527,64,63236.0,5660535037767450624,8288562688,80284672,16,0.000902320316527,6383206400.0,4.358010442053709e+18,48685.0,1.7293159708038706,1.7461398246640063,bin_2
config_402,512,16,8,0.1489379703998565,0.9219158291816713,0.9732590913772584,0.130660131573677,0.000902320316527,64,63236.0,5660535037767450624,8288562688,80284672,16,0.0002605829430202,7975731200.0,5.447490673957492e+18,60856.0,1.6334824243139048,1.6489726058381502,bin_2
config_402,512,16,8,0.1489379703998565,0.9219158291816713,0.9732590913772584,0.130660131573677,0.000902320316527,64,63236.0,5660535037767450624,8288562688,80284672,16,3.931678939115635e-06,8283750400.0,5.660535037767451e+18,63236.0,1.5973508704685777,1.6123693449770815,bin_2
config_403,256,13,16,0.0202211681753397,0.8581398129463196,0.915706992149353,0.0709576085209846,0.001472788862884,32,5703.0,84273928517615616,373773504,23953408,16,0.001472788862884,186777600.0,4.212957569765424e+16,2851.0,2.320022577340485,2.3423789708340754,bin_0
config_403,256,13,16,0.0202211681753397,0.8581398129463196,0.915706992149353,0.0709576085209846,0.001472788862884,32,5703.0,84273928517615616,373773504,23953408,16,1.0936550962010192e-05,373555200.0,8.427392851761562e+16,5703.0,2.109225670118801,2.130242339626688,bin_0
config_404,1088,21,16,0.0082495082169771,0.8845011591911316,0.9286541938781738,0.2855751514434814,0.0002972428046632,64,73038.0,26323912939643338752,9573269504,364749824,8,0.0002972428046632,1592524800.0,4.386597995405119e+18,12171.0,1.7152079816724433,1.732339729363801,bin_2
config_404,1088,21,16,0.0082495082169771,0.8845011591911316,0.9286541938781738,0.2855751514434814,0.0002972428046632,64,73038.0,26323912939643338752,9573269504,364749824,8,0.0002972428046632,3191603200.0,8.773195990810237e+18,24342.0,1.6245800940912278,1.6421358075884522,bin_2
config_404,1088,21,16,0.0082495082169771,0.8845011591911316,0.9286541938781738,0.2855751514434814,0.0002972428046632,64,73038.0,26323912939643338752,9573269504,364749824,8,0.0002972428046632,4784128000.0,1.3160154400149742e+19,36514.0,1.5879305525490497,1.6028214389378908,bin_2
config_404,1088,21,16,0.0082495082169771,0.8845011591911316,0.9286541938781738,0.2855751514434814,0.0002972428046632,64,73038.0,26323912939643338752,9573269504,364749824,8,0.0002972428046632,6383206400.0,1.7546752395554863e+19,48685.0,1.5652411451105213,1.5792220553022915,bin_2
config_404,1088,21,16,0.0082495082169771,0.8845011591911316,0.9286541938781738,0.2855751514434814,0.0002972428046632,64,73038.0,26323912939643338752,9573269504,364749824,8,0.0001736968549281,7975731200.0,2.193335039095998e+19,60856.0,1.521700866935683,1.5345817049409525,bin_2
config_404,1088,21,16,0.0082495082169771,0.8845011591911316,0.9286541938781738,0.2855751514434814,0.0002972428046632,64,73038.0,26323912939643338752,9573269504,364749824,8,5.415556684664337e-07,9568256000.0,2.63199483863651e+19,73027.0,1.4728051776084743,1.4871889263391496,bin_2
config_404,1088,21,16,0.0082495082169771,0.8845011591911316,0.9286541938781738,0.2855751514434814,0.0002972428046632,64,73038.0,26323912939643338752,9573269504,364749824,8,5.415556684664337e-07,9568256000.0,2.632391293964334e+19,73038.0,1.4728070968096374,1.487189859835828,bin_2
config_405,448,24,4,0.0631351023912429,0.9440246820449828,0.935495913028717,0.0374105423688888,0.0001780481979949,32,14793.0,739468712052080640,969518720,83101312,8,0.0001780481979949,484966400.0,3.697093621535313e+17,7396.0,2.0027034385282487,2.022088323655676,bin_0
config_405,448,24,4,0.0631351023912429,0.9440246820449828,0.935495913028717,0.0374105423688888,0.0001780481979949,32,14793.0,739468712052080640,969518720,83101312,8,1.3844615757291916e-05,966656000.0,7.394687120520806e+17,14793.0,1.8430267206371809,1.862775960398502,bin_0
config_407,512,22,8,0.0113647188991308,0.873883843421936,0.9617615342140198,0.0306900683790445,4.2482690332690254e-05,32,3637.0,210055729289969664,238397872,100738048,8,4.2482690332690254e-05,117964800.0,1.0499898703578909e+17,1818.0,2.8763517760644195,2.9064865497682915,bin_0
config_407,512,22,8,0.0113647188991308,0.873883843421936,0.9617615342140198,0.0306900683790445,4.2482690332690254e-05,32,3637.0,210055729289969664,238397872,100738048,8,1.416089677756342e-05,235929600.0,2.1005572928996966e+17,3637.0,2.5974465077626903,2.624893508446021,bin_0
config_409,768,15,16,0.0161314029246568,0.9062357544898988,0.9519384503364564,0.1323668211698532,0.0006774883368052,64,8854.0,1336754327982243840,1160576640,144804864,8,0.0006774883368052,583270400.0,6.683771639911219e+17,4427.0,1.854163378340299,1.8737240760639065,bin_1
config_409,768,15,16,0.0161314029246568,0.9062357544898988,0.9519384503364564,0.1323668211698532,0.0006774883368052,64,8854.0,1336754327982243840,1160576640,144804864,8,2.3142214749965508e-06,1159987200.0,1.3367543279822438e+18,8854.0,1.7017404039961392,1.719280916843258,bin_1
config_41,832,5,8,0.0761127769947052,0.9640675783157348,0.9051052331924438,0.1276539266109466,0.0065104756504297,64,25536.0,2037742112187285504,3347094016,84438016,16,0.0065104756504297,1592524800.0,9.712311735366326e+17,12171.0,1.9582652777140257,1.976407569119188,bin_1
config_41,832,5,8,0.0761127769947052,0.9640675783157348,0.9051052331924438,0.1276539266109466,0.0065104756504297,64,25536.0,2037742112187285504,3347094016,84438016,16,0.0023692617739827,3191603200.0,1.942462347073265e+18,24342.0,1.8099393710152047,1.8290376859805624,bin_1
config_41,832,5,8,0.0761127769947052,0.9640675783157348,0.9051052331924438,0.1276539266109466,0.0065104756504297,64,25536.0,2037742112187285504,3347094016,84438016,16,7.191688352729993e-05,3342336000.0,2.0377421121872852e+18,25536.0,1.736280251995462,1.754306462592766,bin_1
config_410,1152,8,24,0.0138102946802973,0.8828459978103638,0.9570432305336,0.1718286871910095,0.0001075466716429,32,7519.0,659536107972673536,492772544,185340672,8,0.0001075466716429,245760000.0,3.297241960193217e+17,3759.0,2.1483570571219337,2.170164860662867,bin_0
config_410,1152,8,24,0.0138102946802973,0.8828459978103638,0.9570432305336,0.1718286871910095,0.0001075466716429,32,7519.0,659536107972673536,492772544,185340672,8,1.5827937732111006e-06,491520000.0,6.595361079726735e+17,7519.0,1.9478347022611584,1.9679294888308791,bin_0
config_412,384,8,12,0.0012446850305423,0.901610553264618,0.9189532399177552,0.0570378750562667,0.0032724242191761,32,8030.0,145393987634896896,526274336,33468672,16,0.0032724242191761,262144000.0,7.269699381744845e+16,4015.0,2.193352881415945,2.215842459592663,bin_0
config_412,384,8,12,0.0012446850305423,0.901610553264618,0.9189532399177552,0.0570378750562667,0.0032724242191761,32,8030.0,145393987634896896,526274336,33468672,16,0.000214350931387,524288000.0,1.453939876348969e+17,8030.0,2.014612671469078,2.0345899021820943,bin_0
config_413,256,21,8,0.0010310852667316,0.8891617059707642,0.9577582478523254,0.1876858174800872,0.0006168783875182,64,53807.0,2233542424304812032,7052682752,30773248,16,0.0006168783875182,1592524800.0,5.0522134380682566e+17,12171.0,1.8920988449894012,1.9120570852326568,bin_1
config_413,256,21,8,0.0010310852667316,0.8891617059707642,0.9577582478523254,0.1876858174800872,0.0006168783875182,64,53807.0,2233542424304812032,7052682752,30773248,16,0.0006168783875182,3191603200.0,1.0104426876136512e+18,24342.0,1.835262561547952,1.8547318834164104,bin_1
config_413,256,21,8,0.0010310852667316,0.8891617059707642,0.9577582478523254,0.1876858174800872,0.0006168783875182,64,53807.0,2233542424304812032,7052682752,30773248,16,0.0006168783875182,4784128000.0,1.5157055416779584e+18,36514.0,1.812018716296212,1.829643012304775,bin_1
config_413,256,21,8,0.0010310852667316,0.8891617059707642,0.9577582478523254,0.1876858174800872,0.0006168783875182,64,53807.0,2233542424304812032,7052682752,30773248,16,0.0003119823653253,6383206400.0,2.020926885484784e+18,48685.0,1.7690850711259685,1.7849271278303178,bin_1
config_413,256,21,8,0.0010310852667316,0.8891617059707642,0.9577582478523254,0.1876858174800872,0.0006168783875182,64,53807.0,2233542424304812032,7052682752,30773248,16,4.276241545482507e-07,7051673600.0,2.233542424304812e+18,53807.0,1.7401847106120625,1.75603021355926,bin_1
config_415,1024,18,16,0.0411340445280075,0.8989241719245911,0.944077968597412,0.0371687673032283,6.249877333175391e-05,32,3371.0,474859189757804544,220951808,282732544,8,6.249877333175391e-05,111411200.0,2.3735916189317728e+17,1685.0,2.608536201695927,2.635804813689873,bin_0
config_415,1024,18,16,0.0411340445280075,0.8989241719245911,0.944077968597412,0.0371687673032283,6.249877333175391e-05,32,3371.0,474859189757804544,220951808,282732544,8,1.0499793919734656e-05,219545600.0,4.748591897578045e+17,3371.0,2.234488201199985,2.257107260383544,bin_0
config_416,256,23,16,0.0227594040334224,0.8725208044052124,0.929986834526062,0.0620394796133041,0.009905656799674,32,4150.0,92350459962114048,272018592,32478208,16,0.009905656799674,137625600.0,4.617522998105702e+16,2075.0,3.253946383194845,3.2883340159400563,bin_0
config_416,256,23,16,0.0227594040334224,0.8725208044052124,0.929986834526062,0.0620394796133041,0.009905656799674,32,4150.0,92350459962114048,272018592,32478208,16,0.0,271974400.0,9.235045996211405e+16,4150.0,3.1518783762415903,3.183938529061489,bin_0
config_417,320,13,4,0.0816669017076492,0.8451610207557678,0.9422065615653992,0.0388608276844024,1.5376646842923947e-05,64,27316.0,1100615028432076800,3580471040,34201600,16,1.5376646842923947e-05,1592524800.0,4.903933779120957e+17,12171.0,2.638237821704052,2.666193024291367,bin_1
config_417,320,13,4,0.0816669017076492,0.8451610207557678,0.9422065615653992,0.0388608276844024,1.5376646842923947e-05,64,27316.0,1100615028432076800,3580471040,34201600,16,1.5376646842923947e-05,3191603200.0,9.807867558241914e+17,24342.0,2.3090993721367883,2.333219664253172,bin_1
config_417,320,13,4,0.0816669017076492,0.8451610207557678,0.9422065615653992,0.0388608276844024,1.5376646842923947e-05,64,27316.0,1100615028432076800,3580471040,34201600,16,2.318815735030946e-07,3578265600.0,1.1006150284320768e+18,27316.0,2.2599982922585284,2.2836706435484966,bin_1
config_419,640,4,16,0.0229826606810092,0.8328509330749512,0.9956916570663452,0.220205932855606,0.0004896487225778,32,5960.0,147597908015923200,390599616,52499200,16,0.0004896487225778,196608000.0,7.37989540079616e+16,2980.0,2.1147721790876544,2.135776416747297,bin_0
config_419,640,4,16,0.0229826606810092,0.8328509330749512,0.9956916570663452,0.220205932855606,0.0004896487225778,32,5960.0,147597908015923200,390599616,52499200,16,3.732078678184733e-06,389939200.0,1.475979080159232e+17,5960.0,1.933217912736486,1.953790201046428,bin_0
config_42,576,20,12,0.0140387089923024,0.8388198614120483,0.9855701327323914,0.093000628054142,0.0054623712785542,64,61610.0,7547468496072081408,8075352064,108609408,8,0.0054623712785542,1592524800.0,1.4909956024296916e+18,12171.0,1.761825115973832,1.7806792574632364,bin_2
config_42,576,20,12,0.0140387089923024,0.8388198614120483,0.9855701327323914,0.093000628054142,0.0054623712785542,64,61610.0,7547468496072081408,8075352064,108609408,8,0.0054623712785542,3191603200.0,2.981991204859384e+18,24342.0,1.707303561441234,1.7248469640583288,bin_2
config_42,576,20,12,0.0140387089923024,0.8388198614120483,0.9855701327323914,0.093000628054142,0.0054623712785542,64,61610.0,7547468496072081408,8075352064,108609408,8,0.0054623712785542,4784128000.0,4.473109311241292e+18,36514.0,1.6859510183138926,1.702585069351509,bin_2
config_42,576,20,12,0.0140387089923024,0.8388198614120483,0.9855701327323914,0.093000628054142,0.0054623712785542,64,61610.0,7547468496072081408,8075352064,108609408,8,0.0054623712785542,6383206400.0,5.964104913670984e+18,48685.0,1.6746184211871664,1.6914987226196978,bin_2
config_42,576,20,12,0.0140387089923024,0.8388198614120483,0.9855701327323914,0.093000628054142,0.0054623712785542,64,61610.0,7547468496072081408,8075352064,108609408,8,0.0007246294591902,7975731200.0,7.455100516100676e+18,60856.0,1.5787093348972132,1.5938773588274346,bin_2
config_42,576,20,12,0.0140387089923024,0.8388198614120483,0.9855701327323914,0.093000628054142,0.0054623712785542,64,61610.0,7547468496072081408,8075352064,108609408,8,9.53459814724035e-06,8074035200.0,7.547468496072081e+18,61610.0,1.5698841026376504,1.5849556478320574,bin_2
config_421,448,4,16,0.0061795329675078,0.956964075565338,0.9762089252471924,0.1696716696023941,2.6685143893701024e-05,32,5186.0,81484460800856064,339886752,32620672,16,2.6685143893701024e-05,170393600.0,4.074223040042803e+16,2593.0,3.0670707630720293,3.0996569077695004,bin_0
config_421,448,4,16,0.0061795329675078,0.956964075565338,0.9762089252471924,0.1696716696023941,2.6685143893701024e-05,32,5186.0,81484460800856064,339886752,32620672,16,1.092906917148167e-06,337510400.0,8.148446080085606e+16,5186.0,2.8311731418234403,2.8610419894046477,bin_0
config_422,384,11,6,0.021287040784955,0.8086002469062805,0.9263935089111328,0.1494925618171692,1.787889596016612e-05,32,7235.0,159524178756157440,474164160,38779392,16,1.787889596016612e-05,235929600.0,7.975106490131603e+16,3617.0,3.04433280210026,3.076323044417334,bin_0
config_422,384,11,6,0.021287040784955,0.8086002469062805,0.9263935089111328,0.1494925618171692,1.787889596016612e-05,32,7235.0,159524178756157440,474164160,38779392,16,5.788726721607885e-07,471859200.0,1.5952417875615744e+17,7235.0,2.830089424164569,2.8598599919334786,bin_0
config_423,1088,9,16,0.0312167648226022,0.8522573113441467,0.928579032421112,0.1805836111307144,0.0001129858210333,64,14924.0,2672151469963886592,1956181888,187579904,8,0.0001129858210333,1592524800.0,2.1792251099524567e+18,12171.0,1.7836325243652844,1.802821245525704,bin_1
config_423,1088,9,16,0.0312167648226022,0.8522573113441467,0.928579032421112,0.1805836111307144,0.0001129858210333,64,14924.0,2672151469963886592,1956181888,187579904,8,1.0061817086458888e-06,1952972800.0,2.6721514699638866e+18,14924.0,1.7218396077390576,1.740031555930122,bin_1
config_425,1088,10,16,0.0767761170864105,0.9686793684959412,0.9796754717826844,0.2890152633190155,8.977491961559281e-05,64,7702.0,1495427094623748096,1009527296,202344064,8,8.977491961559281e-05,504627200.0,7.47713547311874e+17,3851.0,1.9985621418327584,2.0199997021526586,bin_1
config_425,1088,10,16,0.0767761170864105,0.9686793684959412,0.9796754717826844,0.2890152633190155,8.977491961559281e-05,64,7702.0,1495427094623748096,1009527296,202344064,8,8.069655695783727e-08,1009254400.0,1.495427094623748e+18,7702.0,1.8245844841394268,1.8441326447002224,bin_1
config_426,320,24,16,0.0070151519030332,0.8497564792633057,0.9525163173675536,0.2569499909877777,8.643505134386942e-05,32,12285.0,391155684028784640,805152448,49527680,16,8.643505134386942e-05,403046400.0,1.955619219621323e+17,6142.0,2.3854093925288464,2.4095009547374286,bin_0
config_426,320,24,16,0.0070151519030332,0.8497564792633057,0.9525163173675536,0.2569499909877777,8.643505134386942e-05,32,12285.0,391155684028784640,805152448,49527680,16,9.58563623902229e-07,802816000.0,3.9115568402878464e+17,12285.0,2.119871256585981,2.142334630411179,bin_0
config_427,640,20,4,0.025717930868268,0.909534215927124,0.9891121983528136,0.1734955161809921,0.000200479189516,32,14234.0,1042132664127160320,932873344,133784320,8,0.000200479189516,465305600.0,5.2106633206358016e+17,7117.0,1.9128152493766095,1.9322580657826096,bin_1
config_427,640,20,4,0.025717930868268,0.909534215927124,0.9891121983528136,0.1734955161809921,0.000200479189516,32,14234.0,1042132664127160320,932873344,133784320,8,2.76075028090138e-06,930611200.0,1.0421326641271604e+18,14234.0,1.7569411864632465,1.7752145255002818,bin_1
config_428,960,7,8,0.1567834764719009,0.8057945966720581,0.94278222322464,0.2971674501895904,3.120499604847282e-05,64,48069.0,5791721230915338240,6300604416,125694720,16,3.120499604847282e-05,1592524800.0,1.4664552851415795e+18,12171.0,2.00204220713162,2.02348533364593,bin_2
config_428,960,7,8,0.1567834764719009,0.8057945966720581,0.94278222322464,0.2971674501895904,3.120499604847282e-05,64,48069.0,5791721230915338240,6300604416,125694720,16,3.120499604847282e-05,3191603200.0,2.932910570283159e+18,24342.0,1.8586431641656844,1.8786931519039345,bin_2
config_428,960,7,8,0.1567834764719009,0.8057945966720581,0.94278222322464,0.2971674501895904,3.120499604847282e-05,64,48069.0,5791721230915338240,6300604416,125694720,16,2.5273774802911093e-05,4784128000.0,4.399486343082708e+18,36514.0,1.7921354151553794,1.8095752412373904,bin_2
config_428,960,7,8,0.1567834764719009,0.8057945966720581,0.94278222322464,0.2971674501895904,3.120499604847282e-05,64,48069.0,5791721230915338240,6300604416,125694720,16,4.1507625659546836e-08,6298009600.0,5.791721230915338e+18,48069.0,1.74882676859371,1.7659244257113973,bin_2
config_429,1152,9,8,0.0092852693051099,0.897749125957489,0.960605800151825,0.2289566993713379,4.624730718205683e-05,64,21053.0,4035268254571757568,2759569152,201268224,8,4.624730718205683e-05,1592524800.0,2.332838546829092e+18,12171.0,1.8454618186638003,1.8655337188087528,bin_1
config_429,1152,9,8,0.0092852693051099,0.897749125957489,0.960605800151825,0.2289566993713379,4.624730718205683e-05,64,21053.0,4035268254571757568,2759569152,201268224,8,2.8784631026174474e-08,2759065600.0,4.0352682545717576e+18,21053.0,1.7417589816695354,1.7604599755123014,bin_1
config_43,384,21,24,0.1175562143325805,0.9758898615837096,0.980487823486328,0.1420563906431198,0.0027835546061396,64,30466.0,2144295879396360192,3993306368,56481792,16,0.0027835546061396,1592524800.0,8.56634449817275e+17,12171.0,1.915056354139672,1.935552673027164,bin_1
config_43,384,21,24,0.1175562143325805,0.9758898615837096,0.980487823486328,0.1420563906431198,0.0027835546061396,64,30466.0,2144295879396360192,3993306368,56481792,16,0.0027835546061396,3191603200.0,1.71326889963455e+18,24342.0,1.882551295210104,1.9023527570630685,bin_1
config_43,384,21,24,0.1175562143325805,0.9758898615837096,0.980487823486328,0.1420563906431198,0.0027835546061396,64,30466.0,2144295879396360192,3993306368,56481792,16,1.0292783382998516e-05,3991142400.0,2.14429587939636e+18,30466.0,1.7244691998450483,1.7427157466137997,bin_1
config_430,256,6,8,0.0036235079169273,0.8727726936340332,0.902118980884552,0.005625307559967,0.0002984958409797,128,50216.0,1917262456896356352,13163937792,17986048,16,0.0002984958409797,1599078400.0,2.323653678642509e+17,6086.0,2.075333122347222,2.097453571499371,bin_1
config_430,256,6,8,0.0036235079169273,0.8727726936340332,0.902118980884552,0.005625307559967,0.0002984958409797,128,50216.0,1917262456896356352,13163937792,17986048,16,0.0002984958409797,3185049600.0,4.64692555418304e+17,12171.0,1.975306754815774,1.9967150708104744,bin_1
config_430,256,6,8,0.0036235079169273,0.8727726936340332,0.902118980884552,0.005625307559967,0.0002984958409797,128,50216.0,1917262456896356352,13163937792,17986048,16,0.0002984958409797,4784128000.0,6.970579232825549e+17,18257.0,1.9415624322656728,1.9622381135283924,bin_1
config_430,256,6,8,0.0036235079169273,0.8727726936340332,0.902118980884552,0.005625307559967,0.0002984958409797,128,50216.0,1917262456896356352,13163937792,17986048,16,0.0002984958409797,6383206400.0,9.29385110836608e+17,24342.0,1.9236335070015955,1.9439145162457323,bin_1
config_430,256,6,8,0.0036235079169273,0.8727726936340332,0.902118980884552,0.005625307559967,0.0002984958409797,128,50216.0,1917262456896356352,13163937792,17986048,16,0.0002984958409797,7982284800.0,1.161750478700859e+18,30428.0,1.9119364290550107,1.931986704185361,bin_1
config_430,256,6,8,0.0036235079169273,0.8727726936340332,0.902118980884552,0.005625307559967,0.0002984958409797,128,50216.0,1917262456896356352,13163937792,17986048,16,0.0002984958409797,9568256000.0,1.3941158465651098e+18,36514.0,1.9030289703509848,1.92411152398,bin_1
config_430,256,6,8,0.0036235079169273,0.8727726936340332,0.902118980884552,0.005625307559967,0.0002984958409797,128,50216.0,1917262456896356352,13163937792,17986048,16,0.0002984958409797,11167334400.0,1.626443034119163e+18,42599.0,1.8970383816468912,1.917821535087023,bin_1
config_430,256,6,8,0.0036235079169273,0.8727726936340332,0.902118980884552,0.005625307559967,0.0002984958409797,128,50216.0,1917262456896356352,13163937792,17986048,16,0.0002984958409797,12766412800.0,1.858808401983414e+18,48685.0,1.8929429533051665,1.913200807454156,bin_1
config_430,256,6,8,0.0036235079169273,0.8727726936340332,0.902118980884552,0.005625307559967,0.0002984958409797,128,50216.0,1917262456896356352,13163937792,17986048,16,1.6935934239985272e-05,13159628800.0,1.9172624568963564e+18,50216.0,1.8705317136107895,1.889511693266572,bin_1
config_432,512,10,4,0.0059729753993451,0.895187258720398,0.9502788186073304,0.0016822636825963,1.3285276509122925e-05,64,76053.0,4832233648451223552,9968457728,59831296,16,1.3285276509122925e-05,1592524800.0,7.733174987876855e+17,12171.0,2.510826638448434,2.536377303014036,bin_1
config_432,512,10,4,0.0059729753993451,0.895187258720398,0.9502788186073304,0.0016822636825963,1.3285276509122925e-05,64,76053.0,4832233648451223552,9968457728,59831296,16,1.3285276509122925e-05,3191603200.0,1.546634997575371e+18,24342.0,2.200739927252785,2.223782154263043,bin_1
config_432,512,10,4,0.0059729753993451,0.895187258720398,0.9502788186073304,0.0016822636825963,1.3285276509122925e-05,64,76053.0,4832233648451223552,9968457728,59831296,16,1.3285276509122925e-05,4784128000.0,2.3200160340755523e+18,36514.0,2.070834041892505,2.092578724876779,bin_1
config_432,512,10,4,0.0059729753993451,0.895187258720398,0.9502788186073304,0.0016822636825963,1.3285276509122925e-05,64,76053.0,4832233648451223552,9968457728,59831296,16,1.3285276509122925e-05,6383206400.0,3.0933335328632376e+18,48685.0,1.9983667708615789,2.019393668526509,bin_1
config_432,512,10,4,0.0059729753993451,0.895187258720398,0.9502788186073304,0.0016822636825963,1.3285276509122925e-05,64,76053.0,4832233648451223552,9968457728,59831296,16,1.3285276509122925e-05,7975731200.0,3.866651031650923e+18,60856.0,1.9509762661965169,1.9709524169124544,bin_1
config_432,512,10,4,0.0059729753993451,0.895187258720398,0.9502788186073304,0.0016822636825963,1.3285276509122925e-05,64,76053.0,4832233648451223552,9968457728,59831296,16,1.3285276509122925e-05,9574809600.0,4.639968530438609e+18,73027.0,1.914108964576096,1.935270749389148,bin_1
config_432,512,10,4,0.0059729753993451,0.895187258720398,0.9502788186073304,0.0016822636825963,1.3285276509122925e-05,64,76053.0,4832233648451223552,9968457728,59831296,16,3.1382542934936137e-07,9968025600.0,4.832233648451224e+18,76053.0,1.9001484348344024,1.9208569854595623,bin_1
config_433,896,5,16,0.0061138593591749,0.8220089673995972,0.9793564081192015,0.2192663550376892,0.0002885026042349,64,74549.0,6675475322425835520,9771381760,95520768,16,0.0002885026042349,1592524800.0,1.0898497652449376e+18,12171.0,1.806679762699565,1.8257834908219637,bin_2
config_433,896,5,16,0.0061138593591749,0.8220089673995972,0.9793564081192015,0.2192663550376892,0.0002885026042349,64,74549.0,6675475322425835520,9771381760,95520768,16,0.0002885026042349,3191603200.0,2.179699530489875e+18,24342.0,1.7258159137553857,1.7444138316248283,bin_2
config_433,896,5,16,0.0061138593591749,0.8220089673995972,0.9793564081192015,0.2192663550376892,0.0002885026042349,64,74549.0,6675475322425835520,9771381760,95520768,16,0.0002885026042349,4784128000.0,3.2696388405351777e+18,36514.0,1.6921170013068152,1.708485879038201,bin_2
config_433,896,5,16,0.0061138593591749,0.8220089673995972,0.9793564081192015,0.2192663550376892,0.0002885026042349,64,74549.0,6675475322425835520,9771381760,95520768,16,0.0002885026042349,6383206400.0,4.359488605780116e+18,48685.0,1.670461450248468,1.6864188832533165,bin_2
config_433,896,5,16,0.0061138593591749,0.8220089673995972,0.9793564081192015,0.2192663550376892,0.0002885026042349,64,74549.0,6675475322425835520,9771381760,95520768,16,0.0002417837498724,7975731200.0,5.449338371025053e+18,60856.0,1.6498233457471505,1.665720256586544,bin_2
config_433,896,5,16,0.0061138593591749,0.8220089673995972,0.9793564081192015,0.2192663550376892,0.0002885026042349,64,74549.0,6675475322425835520,9771381760,95520768,16,2.645695605947698e-05,9574809600.0,6.53918813626999e+18,73027.0,1.6028782619022932,1.6190242443710077,bin_2
config_433,896,5,16,0.0061138593591749,0.8220089673995972,0.9793564081192015,0.2192663550376892,0.0002885026042349,64,74549.0,6675475322425835520,9771381760,95520768,16,8.648371226913673e-07,9764864000.0,6.675475322425836e+18,74549.0,1.60017113951386,1.6162567169939883,bin_2
config_434,1024,8,8,0.0015841940185055,0.804408073425293,0.99294114112854,0.1421934068202972,0.0009460877045057,64,7660.0,1131441696565886976,1004127232,154261504,16,0.0009460877045057,504627200.0,5.657208482829435e+17,3830.0,1.8783090032124128,1.898996463564576,bin_1
config_434,1024,8,8,0.0015841940185055,0.804408073425293,0.99294114112854,0.1421934068202972,0.0009460877045057,64,7660.0,1131441696565886976,1004127232,154261504,16,8.687674054231112e-06,1002700800.0,1.131441696565887e+18,7660.0,1.723050263123434,1.74200850873697,bin_1
config_435,832,14,8,0.0025725339073687,0.9239929914474488,0.9969072937965392,0.04215869307518,0.0005865066195838,64,33921.0,5570648396716376064,4446213632,161130112,8,0.0005865066195838,1592524800.0,1.998772490092716e+18,12171.0,1.7064352437707244,1.7241175575725367,bin_2
config_435,832,14,8,0.0025725339073687,0.9239929914474488,0.9969072937965392,0.04215869307518,0.0005865066195838,64,33921.0,5570648396716376064,4446213632,161130112,8,0.0005865066195838,3191603200.0,3.997544980185432e+18,24342.0,1.6294307422051664,1.6465155015812545,bin_2
config_435,832,14,8,0.0025725339073687,0.9239929914474488,0.9969072937965392,0.04215869307518,0.0005865066195838,64,33921.0,5570648396716376064,4446213632,161130112,8,8.613034273608454e-06,4443340800.0,5.570648396716376e+18,33921.0,1.569304974303871,1.5841860440324564,bin_2
config_436,1152,12,18,0.1257834434509277,0.931308925151825,0.9954248666763306,0.1916379630565643,2.7249350750935264e-05,64,31056.0,7464969213233725440,4070607360,249050880,8,2.7249350750935264e-05,1592524800.0,2.925558355688681e+18,12171.0,1.908838878107853,1.9299746885651448,bin_2
config_436,1152,12,18,0.1257834434509277,0.931308925151825,0.9954248666763306,0.1916379630565643,2.7249350750935264e-05,64,31056.0,7464969213233725440,4070607360,249050880,8,2.7249350750935264e-05,3191603200.0,5.851116711377362e+18,24342.0,1.7693991643092672,1.7890887135560396,bin_2
config_436,1152,12,18,0.1257834434509277,0.931308925151825,0.9954248666763306,0.1916379630565643,2.7249350750935264e-05,64,31056.0,7464969213233725440,4070607360,249050880,8,2.747371945985695e-08,4069785600.0,7.464969213233725e+18,31056.0,1.7138114485779747,1.7330386774852629,bin_2
config_44,512,10,8,0.1910098493099212,0.8299545645713806,0.9952585697174072,0.1549912691116333,0.0001025907331495,64,34857.0,2214785461987049472,4568900608,59831296,16,0.0001025907331495,1592524800.0,7.733354522146019e+17,12171.0,1.8916506469836,1.911455864828141,bin_1
config_44,512,10,8,0.1910098493099212,0.8299545645713806,0.9952585697174072,0.1549912691116333,0.0001025907331495,64,34857.0,2214785461987049472,4568900608,59831296,16,0.0001025907331495,3191603200.0,1.5466709044292037e+18,24342.0,1.790532519231077,1.8096817750618104,bin_1
config_44,512,10,8,0.1910098493099212,0.8299545645713806,0.9952585697174072,0.1549912691116333,0.0001025907331495,64,34857.0,2214785461987049472,4568900608,59831296,16,1.3293875084171466e-07,4567859200.0,2.2147854619870492e+18,34857.0,1.717010974415013,1.734441689780501,bin_1
config_440,256,16,4,0.0112751871347427,0.9399657845497132,0.979595959186554,0.2927257716655731,0.0009727148571982,64,43915.0,1494733602929246208,5756110848,26510848,16,0.0009727148571982,1592524800.0,4.142639799897952e+17,12171.0,1.8714832645947816,1.891488409863144,bin_1
config_440,256,16,4,0.0112751871347427,0.9399657845497132,0.979595959186554,0.2927257716655731,0.0009727148571982,64,43915.0,1494733602929246208,5756110848,26510848,16,0.0009727148571982,3191603200.0,8.285279599795904e+17,24342.0,1.8187818473675208,1.8384280407624167,bin_1
config_440,256,16,4,0.0112751871347427,0.9399657845497132,0.979595959186554,0.2927257716655731,0.0009727148571982,64,43915.0,1494733602929246208,5756110848,26510848,16,0.0005610797873298,4784128000.0,1.2428259769408742e+18,36514.0,1.7765043208247326,1.7942206747414635,bin_1
config_440,256,16,4,0.0112751871347427,0.9399657845497132,0.979595959186554,0.2927257716655731,0.0009727148571982,64,43915.0,1494733602929246208,5756110848,26510848,16,1.1350231705931383e-06,5754060800.0,1.4947336029292462e+18,43915.0,1.7400374913997338,1.757462731033075,bin_1
config_442,768,7,16,0.0037212572060525,0.98037987947464,0.9561781883239746,0.0566612742841243,2.1857331375940703e-05,32,3922.0,169930713095626752,257054704,88169472,16,2.1857331375940703e-05,127795200.0,8.496535654781338e+16,1961.0,3.0221958260458024,3.0538184394211068,bin_0
config_442,768,7,16,0.0037212572060525,0.98037987947464,0.9561781883239746,0.0566612742841243,2.1857331375940703e-05,32,3922.0,169930713095626752,257054704,88169472,16,2.1660418480661968e-06,255590400.0,1.6993071309562675e+17,3922.0,2.734847493953392,2.763506905055437,bin_0
config_443,384,11,6,0.0024962285533547,0.8575440645217896,0.9386717677116394,0.1234442591667175,0.0060745133087038,64,11015.0,485762069399961600,1443862400,38779392,16,0.0060745133087038,720896000.0,2.428589846741342e+17,5507.0,1.96956570164102,1.990990282433932,bin_0
config_443,384,11,6,0.0024962285533547,0.8575440645217896,0.9386717677116394,0.1234442591667175,0.0060745133087038,64,11015.0,485762069399961600,1443862400,38779392,16,6.704760826383924e-05,1441792000.0,4.857620693999616e+17,11015.0,1.8291507487218888,1.8486140202303405,bin_0
config_444,960,7,20,0.0024611281696707,0.9126481413841248,0.9073897004127502,0.0365006998181343,0.000222373768338,64,15937.0,1920236803462840320,2088956288,125694720,16,0.000222373768338,1592524800.0,1.4664743762907845e+18,12171.0,1.7933573425011555,1.8127820077489636,bin_1
config_444,960,7,20,0.0024611281696707,0.9126481413841248,0.9073897004127502,0.0365006998181343,0.000222373768338,64,15937.0,1920236803462840320,2088956288,125694720,16,1.416149643460599e-05,2084044800.0,1.9202368034628403e+18,15937.0,1.7254911661148071,1.7442412585117777,bin_1
config_445,960,15,12,0.0025999851059168,0.8830950856208801,0.997972011566162,0.1923551112413406,4.298264320823364e-05,64,13221.0,2839987652766842880,1732948864,214183680,8,1.810240301848928e-05,1592524800.0,2.6144383724245704e+18,12171.0,1.832885757196145,1.8522305407680448,bin_1
config_445,960,15,12,0.0025999851059168,0.8830950856208801,0.997972011566162,0.1923551112413406,4.298264320823364e-05,64,13221.0,2839987652766842880,1732948864,214183680,8,3.549490787939114e-07,1730150400.0,2.839987652766843e+18,13221.0,1.8162159742292807,1.8356175408402424,bin_1
config_446,832,13,16,0.070756696164608,0.9360437393188475,0.9850977659225464,0.001352620194666,0.0043706325814127,32,3275.0,253622570998517760,214692064,152608768,8,0.0043706325814127,108134400.0,1.26772564496053e+17,1637.0,3.5726286276442107,3.610134766062752,bin_0
config_446,832,13,16,0.070756696164608,0.9360437393188475,0.9850977659225464,0.001352620194666,0.0043706325814127,32,3275.0,253622570998517760,214692064,152608768,8,0.0043706325814127,212992000.0,2.5362257099851776e+17,3275.0,3.52671032690611,3.558186828660183,bin_0
config_447,960,15,24,0.0039843725971877,0.8282538652420044,0.944128155708313,0.1955503672361374,0.0023508057929575,64,31422.0,6749696632886231040,4118637312,214183680,8,0.0023508057929575,1592524800.0,2.614428035098285e+18,12171.0,2.9289516418488297,2.9600932213908338,bin_2
config_447,960,15,24,0.0039843725971877,0.8282538652420044,0.944128155708313,0.1955503672361374,0.0023508057929575,64,31422.0,6749696632886231040,4118637312,214183680,8,0.0023508057929575,3191603200.0,5.22885607019657e+18,24342.0,2.749198755924819,2.778137526199466,bin_2
config_447,960,15,24,0.0039843725971877,0.8282538652420044,0.944128155708313,0.1955503672361374,0.0023508057929575,64,31422.0,6749696632886231040,4118637312,214183680,8,8.417598868012185e-06,4115660800.0,6.749696632886231e+18,31422.0,2.545492531237055,2.5731418754038264,bin_2
config_448,512,14,16,0.0090883681550621,0.8009518384933472,0.9694865942001344,0.1315535902976989,0.0006096421275287,64,17956.0,1451908678055362560,2353659136,73466880,16,0.0006096421275287,1592524800.0,9.841379216201724e+17,12171.0,1.7855185542731988,1.8048664075038472,bin_1
config_448,512,14,16,0.0090883681550621,0.8009518384933472,0.9694865942001344,0.1315535902976989,0.0006096421275287,64,17956.0,1451908678055362560,2353659136,73466880,16,1.5486252181086011e-06,2352742400.0,1.4519086780553626e+18,17956.0,1.6965861100446982,1.7149064143759305,bin_1
config_449,320,11,10,0.0261048432439565,0.8514614105224609,0.9400065541267396,0.224967673420906,0.0041894097812473,64,59833.0,2156311386862387200,7842455552,31415040,16,0.0041894097812473,1592524800.0,4.386286144686396e+17,12171.0,1.9110658355619088,1.9317375360551428,bin_1
config_449,320,11,10,0.0261048432439565,0.8514614105224609,0.9400065541267396,0.224967673420906,0.0041894097812473,64,59833.0,2156311386862387200,7842455552,31415040,16,0.0041894097812473,3191603200.0,8.772572289372792e+17,24342.0,1.8761614230421724,1.8963523084609235,bin_1
config_449,320,11,10,0.0261048432439565,0.8514614105224609,0.9400065541267396,0.224967673420906,0.0041894097812473,64,59833.0,2156311386862387200,7842455552,31415040,16,0.0041894097812473,4784128000.0,1.315921882237113e+18,36514.0,1.866086118416708,1.8847144537675573,bin_1
config_449,320,11,10,0.0261048432439565,0.8514614105224609,0.9400065541267396,0.224967673420906,0.0041894097812473,64,59833.0,2156311386862387200,7842455552,31415040,16,0.0034651336623051,6383206400.0,1.7545504967057528e+18,48685.0,1.837891320830486,1.8559539920384769,bin_1
config_449,320,11,10,0.0261048432439565,0.8514614105224609,0.9400065541267396,0.224967673420906,0.0041894097812473,64,59833.0,2156311386862387200,7842455552,31415040,16,1.0271212688051264e-05,7838105600.0,2.1563113868623872e+18,59833.0,1.7310952065811782,1.7476936149597169,bin_1
config_45,384,18,16,0.0693534761667251,0.8223691582679749,0.9257362484931946,0.1023211479187011,0.007423544768244,128,51426.0,6427954039390470144,13481150464,51171072,16,0.007423544768244,1599078400.0,7.607149745990433e+17,6086.0,1.888257254577074,1.9082831543390868,bin_2
config_45,384,18,16,0.0693534761667251,0.8223691582679749,0.9257362484931946,0.1023211479187011,0.007423544768244,128,51426.0,6427954039390470144,13481150464,51171072,16,0.007423544768244,3185049600.0,1.521304954953164e+18,12171.0,1.8535305427332396,1.8737235829087555,bin_2
config_45,384,18,16,0.0693534761667251,0.8223691582679749,0.9257362484931946,0.1023211479187011,0.007423544768244,128,51426.0,6427954039390470144,13481150464,51171072,16,0.007423544768244,4784128000.0,2.2820199295522076e+18,18257.0,1.8539692312381304,1.869832251032845,bin_2
config_45,384,18,16,0.0693534761667251,0.8223691582679749,0.9257362484931946,0.1023211479187011,0.007423544768244,128,51426.0,6427954039390470144,13481150464,51171072,16,0.007423544768244,6383206400.0,3.042609909906328e+18,24342.0,1.831669834129146,1.8508943015630128,bin_2
config_45,384,18,16,0.0693534761667251,0.8223691582679749,0.9257362484931946,0.1023211479187011,0.007423544768244,128,51426.0,6427954039390470144,13481150464,51171072,16,0.007423544768244,7982284800.0,3.803324884505372e+18,30428.0,1.8285973522311352,1.8470992851648171,bin_2
config_45,384,18,16,0.0693534761667251,0.8223691582679749,0.9257362484931946,0.1023211479187011,0.007423544768244,128,51426.0,6427954039390470144,13481150464,51171072,16,0.007423544768244,9568256000.0,4.564039859104415e+18,36514.0,1.8248287574189608,1.841795705967262,bin_2
config_45,384,18,16,0.0693534761667251,0.8223691582679749,0.9257362484931946,0.1023211479187011,0.007423544768244,128,51426.0,6427954039390470144,13481150464,51171072,16,0.007423544768244,11167334400.0,5.324629839458535e+18,42599.0,1.818986253152128,1.836751489248432,bin_2
config_45,384,18,16,0.0693534761667251,0.8223691582679749,0.9257362484931946,0.1023211479187011,0.007423544768244,128,51426.0,6427954039390470144,13481150464,51171072,16,0.0038465278536843,12766412800.0,6.085344814057578e+18,48685.0,1.751844217464572,1.7675090258629595,bin_2
config_45,384,18,16,0.0693534761667251,0.8223691582679749,0.9257362484931946,0.1023211479187011,0.007423544768244,128,51426.0,6427954039390470144,13481150464,51171072,16,3.668735296984312e-05,13474201600.0,6.42795403939047e+18,51426.0,1.653594708481773,1.667213394329196,bin_2
config_450,576,23,12,0.0035565963480621,0.8183761835098267,0.9914408326148988,0.0851434171199798,4.383165287435986e-05,64,17173.0,2360772572134440960,2251010560,120556800,8,4.383165287435986e-05,1592524800.0,1.6731475557822326e+18,12171.0,1.9468866995123568,1.9672285870255015,bin_1
config_450,576,23,12,0.0035565963480621,0.8183761835098267,0.9914408326148988,0.0851434171199798,4.383165287435986e-05,64,17173.0,2360772572134440960,2251010560,120556800,8,6.895540465870579e-07,2247884800.0,2.360772572134441e+18,17173.0,1.849507224520699,1.8695020129055275,bin_1
config_452,1088,11,16,0.0462528690695762,0.8532684445381165,0.9478209018707277,0.1955594718456268,0.0003090526734013,64,15970.0,3342233581983645696,2093311872,217108224,8,0.0003090526734013,1592524800.0,2.547171253996428e+18,12171.0,1.726427177777056,1.7437711201144046,bin_1
config_452,1088,11,16,0.0462528690695762,0.8532684445381165,0.9478209018707277,0.1955594718456268,0.0003090526734013,64,15970.0,3342233581983645696,2093311872,217108224,8,1.9792038002005e-06,2090598400.0,3.3422335819836457e+18,15970.0,1.6371117192409077,1.6541085589127462,bin_1
config_453,896,5,14,0.1221770644187927,0.8414026498794556,0.9015281796455384,0.1546180844306945,6.624501111218706e-05,128,39983.0,7160619425557118976,10481522688,95520768,16,6.624501111218706e-05,1599078400.0,1.08995147497538e+18,6086.0,2.02335322567674,2.0453885134712597,bin_2
config_453,896,5,14,0.1221770644187927,0.8414026498794556,0.9015281796455384,0.1546180844306945,6.624501111218706e-05,128,39983.0,7160619425557118976,10481522688,95520768,16,6.624501111218706e-05,3185049600.0,2.179723858351192e+18,12171.0,1.8754111610865984,1.8960310955516628,bin_2
config_453,896,5,14,0.1221770644187927,0.8414026498794556,0.9015281796455384,0.1546180844306945,6.624501111218706e-05,128,39983.0,7160619425557118976,10481522688,95520768,16,6.624501111218706e-05,4784128000.0,3.269675333326572e+18,18257.0,1.812188150882721,1.830209146913935,bin_2
config_453,896,5,14,0.1221770644187927,0.8414026498794556,0.9015281796455384,0.1546180844306945,6.624501111218706e-05,128,39983.0,7160619425557118976,10481522688,95520768,16,6.624501111218706e-05,6383206400.0,4.359447716702383e+18,24342.0,1.7735447001066365,1.7909063370110558,bin_2
config_453,896,5,14,0.1221770644187927,0.8414026498794556,0.9015281796455384,0.1546180844306945,6.624501111218706e-05,128,39983.0,7160619425557118976,10481522688,95520768,16,6.624501111218706e-05,7982284800.0,5.449399191677764e+18,30428.0,1.746963957294089,1.7644469207232116,bin_2
config_453,896,5,14,0.1221770644187927,0.8414026498794556,0.9015281796455384,0.1546180844306945,6.624501111218706e-05,128,39983.0,7160619425557118976,10481522688,95520768,16,3.732309506692778e-05,9568256000.0,6.539350666653144e+18,36514.0,1.7134603851740478,1.731288320861879,bin_2
config_453,896,5,14,0.1221770644187927,0.8414026498794556,0.9015281796455384,0.1546180844306945,6.624501111218706e-05,128,39983.0,7160619425557118976,10481522688,95520768,16,3.536210557590001e-07,10472652800.0,7.160619425557119e+18,39983.0,1.6934102006818428,1.710874388257011,bin_2
config_454,1088,13,16,0.0088058672845363,0.9264971613883972,0.9016724824905396,0.2574591338634491,4.21366530645173e-05,32,7799.0,934037727910060032,511172416,246636544,8,4.21366530645173e-05,255590400.0,4.66958982064537e+17,3899.0,2.313266633592668,2.337310315624612,bin_0
config_454,1088,13,16,0.0088058672845363,0.9264971613883972,0.9016724824905396,0.2574591338634491,4.21366530645173e-05,32,7799.0,934037727910060032,511172416,246636544,8,1.0287473842358503e-06,507904000.0,9.3403772791006e+17,7799.0,2.0733820698300347,2.096315318033344,bin_0
config_455,960,16,24,0.026420148089528,0.9178988337516784,0.9369154572486876,0.0720773637294769,0.0002415412600385,32,5807.0,658019707485511680,380629696,225244800,8,0.0002415412600385,190054400.0,3.2895319628559334e+17,2903.0,2.112329377952169,2.133462431978007,bin_0
config_455,960,16,24,0.026420148089528,0.9178988337516784,0.9369154572486876,0.0720773637294769,0.0002415412600385,32,5807.0,658019707485511680,380629696,225244800,8,4.0449493307883006e-06,380108800.0,6.580197074855117e+17,5807.0,1.9016467239426784,1.920796705308508,bin_0
config_456,512,22,16,0.0700742900371551,0.8523126840591431,0.9135717749595642,0.2776541411876678,1.4003881005919538e-05,64,20225.0,2335845522259574784,2651013632,100738048,8,1.4003881005919538e-05,1592524800.0,1.4056650606388767e+18,12171.0,2.4604170711118667,2.4868159826466294,bin_1
config_456,512,22,16,0.0700742900371551,0.8523126840591431,0.9135717749595642,0.2776541411876678,1.4003881005919538e-05,64,20225.0,2335845522259574784,2651013632,100738048,8,6.235031614389841e-08,2647654400.0,2.335845522259575e+18,20225.0,2.257258751255567,2.2809496710144104,bin_1
config_458,384,12,16,0.0198859944939613,0.8173035383224487,0.9750396013259888,0.030469162389636,0.0001936872431542,64,10031.0,468738617212108800,1314884992,40549632,16,0.0001936872431542,655360000.0,2.3434594410514662e+17,5015.0,2.0672313688622146,2.0888315693276827,bin_0
config_458,384,12,16,0.0198859944939613,0.8173035383224487,0.9750396013259888,0.030469162389636,0.0001936872431542,64,10031.0,468738617212108800,1314884992,40549632,16,1.968624438617196e-05,1310720000.0,4.687386172121088e+17,10031.0,1.900407739115543,1.9213923013796568,bin_0
config_459,256,20,16,0.0063249212689697,0.8187616467475891,0.9658255577087402,0.2439539581537246,0.0004558377258945,32,12549.0,251092470143483904,822469952,29920768,16,0.0004558377258945,409600000.0,1.2553623059050269e+17,6274.0,2.117706163320385,2.139740839160857,bin_0
config_459,256,20,16,0.0063249212689697,0.8187616467475891,0.9658255577087402,0.2439539581537246,0.0004558377258945,32,12549.0,251092470143483904,822469952,29920768,16,7.296977644178943e-06,819200000.0,2.510924701434839e+17,12549.0,1.9520492499382769,1.972177133677436,bin_0
config_460,896,23,8,0.0010162896942347,0.8859100937843323,0.998332679271698,0.2034689038991928,1.3384660633164458e-05,128,39655.0,22553382701624721408,10395551744,277218816,8,1.3384660633164458e-05,1599078400.0,3.4613513333019305e+18,6086.0,2.3172447941733187,2.340306963021638,bin_2
config_460,896,23,8,0.0010162896942347,0.8859100937843323,0.998332679271698,0.2034689038991928,1.3384660633164458e-05,128,39655.0,22553382701624721408,10395551744,277218816,8,1.3384660633164458e-05,3185049600.0,6.922133926654255e+18,12171.0,2.021540182828903,2.041771965867184,bin_2
config_460,896,23,8,0.0010162896942347,0.8859100937843323,0.998332679271698,0.2034689038991928,1.3384660633164458e-05,128,39655.0,22553382701624721408,10395551744,277218816,8,1.3384660633164458e-05,4784128000.0,1.0383485259956183e+19,18257.0,1.9026082047673525,1.919568847984564,bin_2
config_460,896,23,8,0.0010162896942347,0.8859100937843323,0.998332679271698,0.2034689038991928,1.3384660633164458e-05,128,39655.0,22553382701624721408,10395551744,277218816,8,1.3384660633164458e-05,6383206400.0,1.384426785330851e+19,24342.0,1.830445682083974,1.8474186533005512,bin_2
config_460,896,23,8,0.0010162896942347,0.8859100937843323,0.998332679271698,0.2034689038991928,1.3384660633164458e-05,128,39655.0,22553382701624721408,10395551744,277218816,8,1.3384660633164458e-05,7982284800.0,1.730561918661044e+19,30428.0,1.782291434045698,1.799137100137648,bin_2
config_460,896,23,8,0.0010162896942347,0.8859100937843323,0.998332679271698,0.2034689038991928,1.3384660633164458e-05,128,39655.0,22553382701624721408,10395551744,277218816,8,5.234085807837614e-06,9568256000.0,2.076697051991237e+19,36514.0,1.736985084131116,1.7555781339621934,bin_2
config_460,896,23,8,0.0010162896942347,0.8859100937843323,0.998332679271698,0.2034689038991928,1.3384660633164458e-05,128,39655.0,22553382701624721408,10395551744,277218816,8,8.294906193087446e-09,10394009600.0,2.255338270162472e+19,39655.0,1.7248547750418304,1.743324271596846,bin_2
config_461,896,24,14,0.0298680327832698,0.9059614539146424,0.932022213935852,0.1268952488899231,0.0033247990068048,128,45042.0,26592166517123579904,11807731712,287313152,8,0.0033247990068048,1599078400.0,3.59308923722779e+18,6086.0,1.69465442815765,1.712189350597194,bin_2
config_461,896,24,14,0.0298680327832698,0.9059614539146424,0.932022213935852,0.1268952488899231,0.0033247990068048,128,45042.0,26592166517123579904,11807731712,287313152,8,0.0033247990068048,3185049600.0,7.185588088448805e+18,12171.0,1.6266036646483375,1.6437254167189363,bin_2
config_461,896,24,14,0.0298680327832698,0.9059614539146424,0.932022213935852,0.1268952488899231,0.0033247990068048,128,45042.0,26592166517123579904,11807731712,287313152,8,0.0033247990068048,4784128000.0,1.0778677325676595e+19,18257.0,1.5997198398777697,1.6150611351552555,bin_2
config_461,896,24,14,0.0298680327832698,0.9059614539146424,0.932022213935852,0.1268952488899231,0.0033247990068048,128,45042.0,26592166517123579904,11807731712,287313152,8,0.0033247990068048,6383206400.0,1.437117617689761e+19,24342.0,1.5846688769879889,1.5996260958421429,bin_2
config_461,896,24,14,0.0298680327832698,0.9059614539146424,0.932022213935852,0.1268952488899231,0.0033247990068048,128,45042.0,26592166517123579904,11807731712,287313152,8,0.0033247990068048,7982284800.0,1.7964265414125402e+19,30428.0,1.5740839757489375,1.589408503145468,bin_2
config_461,896,24,14,0.0298680327832698,0.9059614539146424,0.932022213935852,0.1268952488899231,0.0033247990068048,128,45042.0,26592166517123579904,11807731712,287313152,8,0.0033247990068048,9568256000.0,2.155735465135319e+19,36514.0,1.5691228357885705,1.5823419805237504,bin_2
config_461,896,24,14,0.0298680327832698,0.9059614539146424,0.932022213935852,0.1268952488899231,0.0033247990068048,128,45042.0,26592166517123579904,11807731712,287313152,8,0.0014206752711491,11167334400.0,2.5149853502574207e+19,42599.0,1.505099680785273,1.518054223871622,bin_2
config_461,896,24,14,0.0298680327832698,0.9059614539146424,0.932022213935852,0.1268952488899231,0.0033247990068048,128,45042.0,26592166517123579904,11807731712,287313152,8,2.443421842271247e-05,11796480000.0,2.659216651712358e+19,45042.0,1.4608924294397478,1.472602878525609,bin_2
config_462,320,19,4,0.1991513073444366,0.9216235876083374,0.9048609733581544,0.1871036887168884,0.0005288657266646,64,10725.0,568934579884032000,1405766400,42561280,16,0.0005288657266646,701235200.0,2.8444076618537805e+17,5362.0,1.960786569704775,1.979331133404716,bin_0
config_462,320,19,4,0.1991513073444366,0.9216235876083374,0.9048609733581544,0.1871036887168884,0.0005288657266646,64,10725.0,568934579884032000,1405766400,42561280,16,6.591048437994303e-06,1402470400.0,5.68934579884032e+17,10725.0,1.8114496786867984,1.8293177496409807,bin_0
config_463,576,22,8,0.0062254699878394,0.9400070905685424,0.9493823647499084,0.1312830150127411,5.251553011476062e-05,64,40943.0,5424060688360538112,5366544384,116574336,8,5.251553011476062e-05,1592524800.0,1.6123938802246075e+18,12171.0,1.9310518489313908,1.9516737382529208,bin_1
config_463,576,22,8,0.0062254699878394,0.9400070905685424,0.9493823647499084,0.1312830150127411,5.251553011476062e-05,64,40943.0,5424060688360538112,5366544384,116574336,8,5.251553011476062e-05,3191603200.0,3.2247877604492155e+18,24342.0,1.7920329975690998,1.8111995997194383,bin_1
config_463,576,22,8,0.0062254699878394,0.9400070905685424,0.9493823647499084,0.1312830150127411,5.251553011476062e-05,64,40943.0,5424060688360538112,5366544384,116574336,8,4.340958145114074e-05,4784128000.0,4.837314119014158e+18,36514.0,1.7300717148624485,1.7472454092541678,bin_1
config_463,576,22,8,0.0062254699878394,0.9400070905685424,0.9493823647499084,0.1312830150127411,5.251553011476062e-05,64,40943.0,5424060688360538112,5366544384,116574336,8,4.2012424091809e-07,5360844800.0,5.424060688360538e+18,40943.0,1.6973001624521662,1.7141894650654714,bin_1
config_464,384,15,12,0.1077658832073211,0.8639999032020569,0.9298667311668396,0.255592405796051,5.705048170057125e-05,32,10425.0,284672218886553600,683243200,45860352,16,5.705048170057125e-05,340787200.0,1.4232245609944531e+17,5212.0,2.5609162816845004,2.5882506157921963,bin_0
config_464,384,15,12,0.1077658832073211,0.8639999032020569,0.9298667311668396,0.255592405796051,5.705048170057125e-05,32,10425.0,284672218886553600,683243200,45860352,16,5.353836495924422e-07,681574400.0,2.846722188865536e+17,10425.0,2.278974591474064,2.302696764508232,bin_0
config_465,1088,8,16,0.0015990562969818,0.8089659810066223,0.9602773189544678,0.0939427092671394,0.0001080675210687,64,13277.0,2176671023850848256,1740371968,172815744,16,9.766808038850224e-05,1592524800.0,1.9953500814407373e+18,12171.0,1.7872169706860526,1.8059772092006243,bin_1
config_465,1088,8,16,0.0015990562969818,0.8089659810066223,0.9602773189544678,0.0939427092671394,0.0001080675210687,64,13277.0,2176671023850848256,1740371968,172815744,16,2.339874153051965e-06,1736704000.0,2.1766710238508485e+18,13277.0,1.7468903861671197,1.765338520378363,bin_1
config_466,448,9,14,0.1274635195732116,0.8008636832237244,0.950128734111786,0.0987331047654151,0.0042574433609843,64,34423.0,1671598081153695744,4511926272,45240832,16,0.0042574433609843,1592524800.0,5.910298418418392e+17,12171.0,1.949971528834984,1.97066532861991,bin_1
config_466,448,9,14,0.1274635195732116,0.8008636832237244,0.950128734111786,0.0987331047654151,0.0042574433609843,64,34423.0,1671598081153695744,4511926272,45240832,16,0.0042574433609843,3191603200.0,1.1820596836836785e+18,24342.0,1.9243392003168824,1.94524344741321,bin_1
config_466,448,9,14,0.1274635195732116,0.8008636832237244,0.950128734111786,0.0987331047654151,0.0042574433609843,64,34423.0,1671598081153695744,4511926272,45240832,16,2.8817303502837004e-05,4508876800.0,1.6715980811536955e+18,34423.0,1.740628634085421,1.756951820225012,bin_1
config_467,896,10,14,0.0138049609959125,0.811149537563324,0.9756145477294922,0.0590475834906101,1.9745435565710068e-05,64,66493.0,9552466924089901056,8715414528,145992448,16,1.9745435565710068e-05,1592524800.0,1.7485009690207718e+18,12171.0,2.116627652410601,2.1390428412937728,bin_2
config_467,896,10,14,0.0138049609959125,0.811149537563324,0.9756145477294922,0.0590475834906101,1.9745435565710068e-05,64,66493.0,9552466924089901056,8715414528,145992448,16,1.9745435565710068e-05,3191603200.0,3.497001938041544e+18,24342.0,1.9152512974817244,1.936361032157648,bin_2
config_467,896,10,14,0.0138049609959125,0.811149537563324,0.9756145477294922,0.0590475834906101,1.9745435565710068e-05,64,66493.0,9552466924089901056,8715414528,145992448,16,1.9745435565710068e-05,4784128000.0,5.245646568303711e+18,36514.0,1.8343415667189928,1.852779676679705,bin_2
config_467,896,10,14,0.0138049609959125,0.811149537563324,0.9756145477294922,0.0590475834906101,1.9745435565710068e-05,64,66493.0,9552466924089901056,8715414528,145992448,16,1.9745435565710068e-05,6383206400.0,6.994147537324483e+18,48685.0,1.7852416679898246,1.8026097875344949,bin_2
config_467,896,10,14,0.0138049609959125,0.811149537563324,0.9756145477294922,0.0590475834906101,1.9745435565710068e-05,64,66493.0,9552466924089901056,8715414528,145992448,16,1.9745435565710068e-05,7975731200.0,8.742648506345254e+18,60856.0,1.7506581927518376,1.768230068449114,bin_2
config_467,896,10,14,0.0138049609959125,0.811149537563324,0.9756145477294922,0.0590475834906101,1.9745435565710068e-05,64,66493.0,9552466924089901056,8715414528,145992448,16,2.162643222938187e-07,8709734400.0,9.5524669240899e+18,66493.0,1.720104170001921,1.7394778941889275,bin_2
config_468,576,20,24,0.1477396190166473,0.9021043181419371,0.9312154650688172,0.2174163460731506,0.0002618669532239,32,8055.0,493416682715860992,527927136,108609408,8,0.0002618669532239,265420800.0,2.466777133825912e+17,4027.0,2.1364780712127684,2.157382745547373,bin_0
config_468,576,20,24,0.1477396190166473,0.9021043181419371,0.9312154650688172,0.2174163460731506,0.0002618669532239,32,8055.0,493416682715860992,527927136,108609408,8,7.477640012106012e-07,527564800.0,4.93416682715861e+17,8055.0,1.9175895812863208,1.9384237733434455,bin_0
config_469,896,18,16,0.0205510184168815,0.8425233364105225,0.966022491455078,0.20390684902668,0.0021284781396389,32,3736.0,430201672086896640,244899520,226747136,8,0.0021284781396389,121241600.0,2.1510083604344832e+17,1868.0,3.1873416567239605,3.219724516321401,bin_0
config_469,896,18,16,0.0205510184168815,0.8425233364105225,0.966022491455078,0.20390684902668,0.0021284781396389,32,3736.0,430201672086896640,244899520,226747136,8,0.0001006901616649,242483200.0,4.3020167208689664e+17,3736.0,3.1037345054501397,3.136271079407364,bin_0
config_47,896,22,16,0.0674669817090034,0.891569197177887,0.925190269947052,0.0611584968864917,2.1164072677493092e-05,128,52002.0,28449694166331949056,13632206848,267124480,8,2.1164072677493092e-05,1599078400.0,3.329580375683556e+18,6086.0,2.239806238608282,2.2628969751615995,bin_2
config_47,896,22,16,0.0674669817090034,0.891569197177887,0.925190269947052,0.0611584968864917,2.1164072677493092e-05,128,52002.0,28449694166331949056,13632206848,267124480,8,2.1164072677493092e-05,3185049600.0,6.658613662905776e+18,12171.0,1.949143372266019,1.970159493958364,bin_2
config_47,896,22,16,0.0674669817090034,0.891569197177887,0.925190269947052,0.0611584968864917,2.1164072677493092e-05,128,52002.0,28449694166331949056,13632206848,267124480,8,2.1164072677493092e-05,4784128000.0,9.98819403858933e+18,18257.0,1.8411722032554811,1.8593831067788795,bin_2
config_47,896,22,16,0.0674669817090034,0.891569197177887,0.925190269947052,0.0611584968864917,2.1164072677493092e-05,128,52002.0,28449694166331949056,13632206848,267124480,8,2.1164072677493092e-05,6383206400.0,1.3317227325811552e+19,24342.0,1.7796644830703736,1.7961939591071645,bin_2
config_47,896,22,16,0.0674669817090034,0.891569197177887,0.925190269947052,0.0611584968864917,2.1164072677493092e-05,128,52002.0,28449694166331949056,13632206848,267124480,8,2.1164072677493092e-05,7982284800.0,1.6646807701495106e+19,30428.0,1.7369077321935873,1.753311961811097,bin_2
config_47,896,22,16,0.0674669817090034,0.891569197177887,0.925190269947052,0.0611584968864917,2.1164072677493092e-05,128,52002.0,28449694166331949056,13632206848,267124480,8,2.1164072677493092e-05,9568256000.0,1.997638807717866e+19,36514.0,1.7029713825124209,1.72044480288615,bin_2
config_47,896,22,16,0.0674669817090034,0.891569197177887,0.925190269947052,0.0611584968864917,2.1164072677493092e-05,128,52002.0,28449694166331949056,13632206848,267124480,8,2.1164072677493092e-05,11167334400.0,2.330542136440089e+19,42599.0,1.678341248426281,1.6950076645124157,bin_2
config_47,896,22,16,0.0674669817090034,0.891569197177887,0.925190269947052,0.0611584968864917,2.1164072677493092e-05,128,52002.0,28449694166331949056,13632206848,267124480,8,2.1164072677493092e-05,12766412800.0,2.663500174008444e+19,48685.0,1.6587440309368195,1.6748967572509266,bin_2
config_47,896,22,16,0.0674669817090034,0.891569197177887,0.925190269947052,0.0611584968864917,2.1164072677493092e-05,128,52002.0,28449694166331949056,13632206848,267124480,8,1.3310737533016476e-08,13631488000.0,2.844969416633195e+19,52002.0,1.633012287206337,1.647354616180795,bin_2
config_470,576,5,8,0.0011564474552869,0.853035569190979,0.9627637267112732,0.1491836309432983,0.0002036858204519,128,45839.0,4373772867670376448,12016666624,48872448,16,0.0002036858204519,1599078400.0,5.807016224752266e+17,6086.0,1.9369686778647,1.957701027237001,bin_1
config_470,576,5,8,0.0011564474552869,0.853035569190979,0.9627637267112732,0.1491836309432983,0.0002036858204519,128,45839.0,4373772867670376448,12016666624,48872448,16,0.0002036858204519,3185049600.0,1.1613078289756792e+18,12171.0,1.8374402625052653,1.8570089572765789,bin_1
config_470,576,5,8,0.0011564474552869,0.853035569190979,0.9627637267112732,0.1491836309432983,0.0002036858204519,128,45839.0,4373772867670376448,12016666624,48872448,16,0.0002036858204519,4784128000.0,1.7420094514509056e+18,18257.0,1.797062643512351,1.8143407594180496,bin_1
config_470,576,5,8,0.0011564474552869,0.853035569190979,0.9627637267112732,0.1491836309432983,0.0002036858204519,128,45839.0,4373772867670376448,12016666624,48872448,16,0.0002036858204519,6383206400.0,2.3226156579513585e+18,24342.0,1.771975118957582,1.788835928049244,bin_1
config_470,576,5,8,0.0011564474552869,0.853035569190979,0.9627637267112732,0.1491836309432983,0.0002036858204519,128,45839.0,4373772867670376448,12016666624,48872448,16,0.0002036858204519,7982284800.0,2.903317280426585e+18,30428.0,1.7551967512974973,1.7722354772442677,bin_1
config_470,576,5,8,0.0011564474552869,0.853035569190979,0.9627637267112732,0.1491836309432983,0.0002036858204519,128,45839.0,4373772867670376448,12016666624,48872448,16,0.0002036858204519,9568256000.0,3.484018902901811e+18,36514.0,1.7420371587550054,1.75911358888032,bin_1
config_470,576,5,8,0.0011564474552869,0.853035569190979,0.9627637267112732,0.1491836309432983,0.0002036858204519,128,45839.0,4373772867670376448,12016666624,48872448,16,9.64811893015247e-05,11167334400.0,4.064625109402264e+18,42599.0,1.7151348722567323,1.7323062920961223,bin_1
config_470,576,5,8,0.0011564474552869,0.853035569190979,0.9627637267112732,0.1491836309432983,0.0002036858204519,128,45839.0,4373772867670376448,12016666624,48872448,16,1.1617062002962234e-06,12006195200.0,4.373772867670376e+18,45839.0,1.6987229126789531,1.71562943067707,bin_1
config_471,1152,18,12,0.0369792580604553,0.93490332365036,0.9554860591888428,0.1531489193439483,0.0042035672813653,128,50758.0,34290499284094943232,13306108928,344616192,8,0.0042035672813653,1599078400.0,4.1115090949801375e+18,6086.0,1.698046536426075,1.7161805634420426,bin_2
config_471,1152,18,12,0.0369792580604553,0.93490332365036,0.9554860591888428,0.1531489193439483,0.0042035672813653,128,50758.0,34290499284094943232,13306108928,344616192,8,0.0042035672813653,3185049600.0,8.222342621591071e+18,12171.0,1.6298104798207518,1.646924443166764,bin_2
config_471,1152,18,12,0.0369792580604553,0.93490332365036,0.9554860591888428,0.1531489193439483,0.0042035672813653,128,50758.0,34290499284094943232,13306108928,344616192,8,0.0042035672813653,4784128000.0,1.2333851716571208e+19,18257.0,1.6060748075852629,1.6215055247799297,bin_2
config_471,1152,18,12,0.0369792580604553,0.93490332365036,0.9554860591888428,0.1531489193439483,0.0042035672813653,128,50758.0,34290499284094943232,13306108928,344616192,8,0.0042035672813653,6383206400.0,1.644468524318214e+19,24342.0,1.5921272992892344,1.607063262618956,bin_2
config_471,1152,18,12,0.0369792580604553,0.93490332365036,0.9554860591888428,0.1531489193439483,0.0042035672813653,128,50758.0,34290499284094943232,13306108928,344616192,8,0.0042035672813653,7982284800.0,2.055619433816228e+19,30428.0,1.5835822448574128,1.5982821748686618,bin_2
config_471,1152,18,12,0.0369792580604553,0.93490332365036,0.9554860591888428,0.1531489193439483,0.0042035672813653,128,50758.0,34290499284094943232,13306108928,344616192,8,0.0042035672813653,9568256000.0,2.466770343314241e+19,36514.0,1.577972357703037,1.592199520048548,bin_2
config_471,1152,18,12,0.0369792580604553,0.93490332365036,0.9554860591888428,0.1531489193439483,0.0042035672813653,128,50758.0,34290499284094943232,13306108928,344616192,8,0.0042035672813653,11167334400.0,2.8778536959753347e+19,42599.0,1.5711345009823314,1.585893497017563,bin_2
config_471,1152,18,12,0.0369792580604553,0.93490332365036,0.9554860591888428,0.1531489193439483,0.0042035672813653,128,50758.0,34290499284094943232,13306108928,344616192,8,0.0011129475704425,12766412800.0,3.289004605473349e+19,48685.0,1.4772339601497182,1.4900402207843593,bin_2
config_471,1152,18,12,0.0369792580604553,0.93490332365036,0.9554860591888428,0.1531489193439483,0.0042035672813653,128,50758.0,34290499284094943232,13306108928,344616192,8,4.326326804440957e-06,13303808000.0,3.4290499284094943e+19,50758.0,1.4428673833510914,1.4548607131496805,bin_2
config_472,896,7,4,0.0112031530588865,0.8318111300468445,0.9452764391899108,0.0528621412813663,0.0030265511013567,64,21255.0,2363384513657438208,2785969664,115709440,16,0.0030265511013567,1592524800.0,1.353317003797915e+18,12171.0,1.7892197743400198,1.8073371451409137,bin_1
config_472,896,7,4,0.0112031530588865,0.8318111300468445,0.9452764391899108,0.0528621412813663,0.0030265511013567,64,21255.0,2363384513657438208,2785969664,115709440,16,1.3475294307020366e-05,2785280000.0,2.363384513657438e+18,21255.0,1.6831315903976316,1.6998638974252294,bin_1
config_473,1152,6,24,0.004058004822582,0.9062162041664124,0.9243938326835632,0.2730266749858856,0.0001005287631414,64,20004.0,2859832568840454144,2622032896,153485568,16,0.0001005287631414,1592524800.0,1.7400031091460293e+18,12171.0,1.8323549238971024,1.852047815361961,bin_1
config_473,1152,6,24,0.004058004822582,0.9062162041664124,0.9243938326835632,0.2730266749858856,0.0001005287631414,64,20004.0,2859832568840454144,2622032896,153485568,16,7.363395945173165e-08,2621440000.0,2.859832568840454e+18,20004.0,1.734925443696194,1.753643023459638,bin_1
config_474,1088,19,16,0.1269980669021606,0.9784902930259703,0.9493076801300048,0.2620872259140014,0.0029329834505915,128,46642.0,30801299746906570752,12227058688,335221504,8,0.0029329834505915,1599078400.0,4.019053862606093e+18,6086.0,1.743655315852556,1.7615204152318298,bin_2
config_474,1088,19,16,0.1269980669021606,0.9784902930259703,0.9493076801300048,0.2620872259140014,0.0029329834505915,128,46642.0,30801299746906570752,12227058688,335221504,8,0.0029329834505915,3185049600.0,8.0374473483041e+18,12171.0,1.6932643464549644,1.7115382738973273,bin_2
config_474,1088,19,16,0.1269980669021606,0.9784902930259703,0.9493076801300048,0.2620872259140014,0.0029329834505915,128,46642.0,30801299746906570752,12227058688,335221504,8,0.0029329834505915,4784128000.0,1.2056501210910194e+19,18257.0,1.6722423371916912,1.687386666946724,bin_2
config_474,1088,19,16,0.1269980669021606,0.9784902930259703,0.9493076801300048,0.2620872259140014,0.0029329834505915,128,46642.0,30801299746906570752,12227058688,335221504,8,0.0029329834505915,6383206400.0,1.60748946966082e+19,24342.0,1.6606105063391514,1.6762679874115305,bin_2
config_474,1088,19,16,0.1269980669021606,0.9784902930259703,0.9493076801300048,0.2620872259140014,0.0029329834505915,128,46642.0,30801299746906570752,12227058688,335221504,8,0.0029329834505915,7982284800.0,2.0093948559214297e+19,30428.0,1.6533502780609444,1.6689999044136925,bin_2
config_474,1088,19,16,0.1269980669021606,0.9784902930259703,0.9493076801300048,0.2620872259140014,0.0029329834505915,128,46642.0,30801299746906570752,12227058688,335221504,8,0.0024334357130153,9568256000.0,2.4113002421820387e+19,36514.0,1.6278301822552916,1.642190993535714,bin_2
config_474,1088,19,16,0.1269980669021606,0.9784902930259703,0.9493076801300048,0.2620872259140014,0.0029329834505915,128,46642.0,30801299746906570752,12227058688,335221504,8,0.0009698232254001,11167334400.0,2.81313959075184e+19,42599.0,1.5434098491316937,1.5571895113343095,bin_2
config_474,1088,19,16,0.1269980669021606,0.9784902930259703,0.9493076801300048,0.2620872259140014,0.0029329834505915,128,46642.0,30801299746906570752,12227058688,335221504,8,1.0077331881941027e-05,12215910400.0,3.080129974690657e+19,46642.0,1.466255934013695,1.4782506108283997,bin_2
config_475,576,22,12,0.1206451654434204,0.982081413269043,0.910350501537323,0.0139491502195596,0.0024615789297968,128,56476.0,14963691382869196800,14805017600,116574336,8,0.0024615789297968,1599078400.0,1.6125261306774902e+18,6086.0,1.8812733420387644,1.8993940015894468,bin_2
config_475,576,22,12,0.1206451654434204,0.982081413269043,0.910350501537323,0.0139491502195596,0.0024615789297968,128,56476.0,14963691382869196800,14805017600,116574336,8,0.0024615789297968,3185049600.0,3.2247873047117537e+18,12171.0,1.9321809761250608,1.9508655431036088,bin_2
config_475,576,22,12,0.1206451654434204,0.982081413269043,0.910350501537323,0.0139491502195596,0.0024615789297968,128,56476.0,14963691382869196800,14805017600,116574336,8,0.0024615789297968,4784128000.0,4.837313435389243e+18,18257.0,3.8320452731945474,3.849111161701015,bin_2
config_475,576,22,12,0.1206451654434204,0.982081413269043,0.910350501537323,0.0139491502195596,0.0024615789297968,128,56476.0,14963691382869196800,14805017600,116574336,8,0.0024615789297968,6383206400.0,6.449574609423507e+18,24342.0,3.286019272608835,3.3194625354985723,bin_2
config_475,576,22,12,0.1206451654434204,0.982081413269043,0.910350501537323,0.0139491502195596,0.0024615789297968,128,56476.0,14963691382869196800,14805017600,116574336,8,0.0024615789297968,7982284800.0,8.062100740100997e+18,30428.0,3.720831046104431,3.755964452985857,bin_2
config_475,576,22,12,0.1206451654434204,0.982081413269043,0.910350501537323,0.0139491502195596,0.0024615789297968,128,56476.0,14963691382869196800,14805017600,116574336,8,0.0024615789297968,9568256000.0,9.674626870778489e+18,36514.0,3.413460569381714,3.4502899378635843,bin_2
config_475,576,22,12,0.1206451654434204,0.982081413269043,0.910350501537323,0.0139491502195596,0.0024615789297968,128,56476.0,14963691382869196800,14805017600,116574336,8,0.0024615789297968,11167334400.0,1.128688804481275e+19,42599.0,3.360232021417774,3.395604558968153,bin_2
config_475,576,22,12,0.1206451654434204,0.982081413269043,0.910350501537323,0.0139491502195596,0.0024615789297968,128,56476.0,14963691382869196800,14805017600,116574336,8,0.0024615789297968,12766412800.0,1.289941417549024e+19,48685.0,3.2470923862691787,3.2814683486594527,bin_2
config_475,576,22,12,0.1206451654434204,0.982081413269043,0.910350501537323,0.0139491502195596,0.0024615789297968,128,56476.0,14963691382869196800,14805017600,116574336,8,0.0024615789297968,14352384000.0,1.4511675349524505e+19,54770.0,3.292872046095426,3.316684245633297,bin_2
config_475,576,22,12,0.1206451654434204,0.982081413269043,0.910350501537323,0.0139491502195596,0.0024615789297968,128,56476.0,14963691382869196800,14805017600,116574336,8,8.132281089544757e-05,14798028800.0,1.4963691382869197e+19,56476.0,3.205776186184805,3.238619812941942,bin_2
config_477,832,14,16,0.0020638527348637,0.8298234939575195,0.984631359577179,0.135431483387947,0.0001018697657855,64,46616.0,7655428202710499328,6110180864,161130112,8,0.0001018697657855,1592524800.0,1.9987604396599767e+18,12171.0,1.7988657680691265,1.8178743073588512,bin_2
config_477,832,14,16,0.0020638527348637,0.8298234939575195,0.984631359577179,0.135431483387947,0.0001018697657855,64,46616.0,7655428202710499328,6110180864,161130112,8,0.0001018697657855,3191603200.0,3.9975208793199534e+18,24342.0,1.6951532232370532,1.7131383092872432,bin_2
config_477,832,14,16,0.0020638527348637,0.8298234939575195,0.984631359577179,0.135431483387947,0.0001018697657855,64,46616.0,7655428202710499328,6110180864,161130112,8,0.0001018697657855,4784128000.0,5.996445542169452e+18,36514.0,1.648174665716828,1.6637377317225346,bin_2
config_477,832,14,16,0.0020638527348637,0.8298234939575195,0.984631359577179,0.135431483387947,0.0001018697657855,64,46616.0,7655428202710499328,6110180864,161130112,8,2.581841046362093e-07,6107955200.0,7.655428202710499e+18,46616.0,1.5911193972142017,1.6060758398986257,bin_2
config_478,640,18,10,0.0014902690891176,0.8973298072814941,0.9800864458084106,0.061700090765953,3.989475226262584e-05,64,29097.0,3908110876065792000,3813849600,123623680,8,3.989475226262584e-05,1592524800.0,1.634725829899878e+18,12171.0,1.952070954471338,1.973513015176429,bin_1
config_478,640,18,10,0.0014902690891176,0.8973298072814941,0.9800864458084106,0.061700090765953,3.989475226262584e-05,64,29097.0,3908110876065792000,3813849600,123623680,8,3.989475226262584e-05,3191603200.0,3.2694516597997563e+18,24342.0,1.8095399715861336,1.8298512425579008,bin_1
config_478,640,18,10,0.0014902690891176,0.8973298072814941,0.9800864458084106,0.061700090765953,3.989475226262584e-05,64,29097.0,3908110876065792000,3813849600,123623680,8,1.0445979701077478e-06,3807641600.0,3.908110876065792e+18,29097.0,1.7606145717667752,1.780467642506615,bin_1
config_480,640,20,16,0.0188879147171974,0.8142209053039551,0.9528288245201112,0.0825691074132919,0.0005217669531702,128,59436.0,17405639807627427840,15580796928,133784320,8,0.0005217669531702,1599078400.0,1.7822653588602954e+18,6086.0,1.774747403195647,1.7931416960622444,bin_2
config_480,640,20,16,0.0188879147171974,0.8142209053039551,0.9528288245201112,0.0825691074132919,0.0005217669531702,128,59436.0,17405639807627427840,15580796928,133784320,8,0.0005217669531702,3185049600.0,3.564237870964288e+18,12171.0,1.6753714330274552,1.6932051514015822,bin_2
config_480,640,20,16,0.0188879147171974,0.8142209053039551,0.9528288245201112,0.0825691074132919,0.0005217669531702,128,59436.0,17405639807627427840,15580796928,133784320,8,0.0005217669531702,4784128000.0,5.346503229824584e+18,18257.0,1.6367848084012016,1.6529943405409329,bin_2
config_480,640,20,16,0.0188879147171974,0.8142209053039551,0.9528288245201112,0.0825691074132919,0.0005217669531702,128,59436.0,17405639807627427840,15580796928,133784320,8,0.0005217669531702,6383206400.0,7.128475741928576e+18,24342.0,1.6139727202595258,1.629684335091075,bin_2
config_480,640,20,16,0.0188879147171974,0.8142209053039551,0.9528288245201112,0.0825691074132919,0.0005217669531702,128,59436.0,17405639807627427840,15580796928,133784320,8,0.0005217669531702,7982284800.0,8.910741100788872e+18,30428.0,1.5985791944089482,1.6135372484902866,bin_2
config_480,640,20,16,0.0188879147171974,0.8142209053039551,0.9528288245201112,0.0825691074132919,0.0005217669531702,128,59436.0,17405639807627427840,15580796928,133784320,8,0.0005217669531702,9568256000.0,1.0693006459649167e+19,36514.0,1.5870312128692377,1.6018348441163048,bin_2
config_480,640,20,16,0.0188879147171974,0.8142209053039551,0.9528288245201112,0.0825691074132919,0.0005217669531702,128,59436.0,17405639807627427840,15580796928,133784320,8,0.0005217669531702,11167334400.0,1.247497897175316e+19,42599.0,1.5772380749612558,1.592015531942493,bin_2
config_480,640,20,16,0.0188879147171974,0.8142209053039551,0.9528288245201112,0.0825691074132919,0.0005217669531702,128,59436.0,17405639807627427840,15580796928,133784320,8,0.0005217669531702,12766412800.0,1.4257244330613457e+19,48685.0,1.5700472260694034,1.5848495207458246,bin_2
config_480,640,20,16,0.0188879147171974,0.8142209053039551,0.9528288245201112,0.0825691074132919,0.0005217669531702,128,59436.0,17405639807627427840,15580796928,133784320,8,0.0004982677690148,14352384000.0,1.6039216842717448e+19,54770.0,1.5670222626553207,1.577327839663771,bin_2
config_480,640,20,16,0.0188879147171974,0.8142209053039551,0.9528288245201112,0.0825691074132919,0.0005217669531702,128,59436.0,17405639807627427840,15580796928,133784320,8,3.827921400882542e-06,15571353600.0,1.7405639807627428e+19,59436.0,1.5195750491443227,1.5288305163090343,bin_2
config_481,1088,20,8,0.0058709871955215,0.9889749884605408,0.9005271792411804,0.1614757478237152,0.0025378183927387,32,12766.0,2204045043240370176,836633856,349985664,8,0.0025378183927387,419430400.0,1.1020225216201852e+18,6383.0,3.4998716495857862,3.529762824441566,bin_1
config_481,1088,20,8,0.0058709871955215,0.9889749884605408,0.9005271792411804,0.1614757478237152,0.0025378183927387,32,12766.0,2204045043240370176,836633856,349985664,8,1.97016469111206e-05,835584000.0,2.2040450432403704e+18,12766.0,3.440693393222621,3.468160229198268,bin_1
config_482,448,17,16,0.1264475286006927,0.8114882111549377,0.9503838419914246,0.0452058799564838,0.0001571544125908,64,10871.0,826017328920526848,1424965632,65433088,16,0.0001571544125908,714342400.0,4.129706726780483e+17,5435.0,2.034453519172356,2.055693057599615,bin_0
config_482,448,17,16,0.1264475286006927,0.8114882111549377,0.9503838419914246,0.0452058799564838,0.0001571544125908,64,10871.0,826017328920526848,1424965632,65433088,16,6.7214718216066654e-06,1422131200.0,8.260173289205268e+17,10871.0,1.859389841595634,1.8797825979404763,bin_0
config_483,256,10,4,0.0042962892912328,0.8026132583618164,0.93720942735672,0.0043204487301409,0.0058540408499538,64,35131.0,880706333379133440,4604805120,21395968,16,0.0058540408499538,1592524800.0,3.051173261096306e+17,12171.0,1.9431633896515017,1.96428463779512,bin_0
config_483,256,10,4,0.0042962892912328,0.8026132583618164,0.93720942735672,0.0043204487301409,0.0058540408499538,64,35131.0,880706333379133440,4604805120,21395968,16,0.0058540408499538,3191603200.0,6.102346522192612e+17,24342.0,1.904222750311992,1.924990382468114,bin_0
config_483,256,10,4,0.0042962892912328,0.8026132583618164,0.93720942735672,0.0043204487301409,0.0058540408499538,64,35131.0,880706333379133440,4604805120,21395968,16,0.0012018229559507,4600627200.0,8.807063333791334e+17,35131.0,1.850091259987628,1.868121572869723,bin_0
config_485,704,14,16,0.0511975660920143,0.8246739506721497,0.966161012649536,0.0696039199829101,0.0012334220809862,64,55250.0,7129193310190043136,7241805824,123725184,8,0.0012334220809862,1592524800.0,1.570487091010371e+18,12171.0,1.7602265456465425,1.778554433994606,bin_2
config_485,704,14,16,0.0511975660920143,0.8246739506721497,0.966161012649536,0.0696039199829101,0.0012334220809862,64,55250.0,7129193310190043136,7241805824,123725184,8,0.0012334220809862,3191603200.0,3.1409741820207427e+18,24342.0,1.701891513163926,1.7201309135116514,bin_2
config_485,704,14,16,0.0511975660920143,0.8246739506721497,0.966161012649536,0.0696039199829101,0.0012334220809862,64,55250.0,7129193310190043136,7241805824,123725184,8,0.0012334220809862,4784128000.0,4.71159030820415e+18,36514.0,1.6803009418190502,1.6964931391887978,bin_2
config_485,704,14,16,0.0511975660920143,0.8246739506721497,0.966161012649536,0.0696039199829101,0.0012334220809862,64,55250.0,7129193310190043136,7241805824,123725184,8,0.0012334220809862,6383206400.0,6.28207739921452e+18,48685.0,1.6665801666603717,1.68287257802291,bin_2
config_485,704,14,16,0.0511975660920143,0.8246739506721497,0.966161012649536,0.0696039199829101,0.0012334220809862,64,55250.0,7129193310190043136,7241805824,123725184,8,0.0,7241728000.0,7.129193310190043e+18,55250.0,1.573820300453999,1.5886200279876834,bin_2
config_486,640,16,10,0.074686087667942,0.8206585049629211,0.9659572839736938,0.0508006103336811,2.5044668291229755e-05,128,52798.0,12903922234388643840,13840809984,113463040,8,2.5044668291229755e-05,1599078400.0,1.4874288934900808e+18,6086.0,2.355259205728281,2.380010438453956,bin_2
config_486,640,16,10,0.074686087667942,0.8206585049629211,0.9659572839736938,0.0508006103336811,2.5044668291229755e-05,128,52798.0,12903922234388643840,13840809984,113463040,8,2.5044668291229755e-05,3185049600.0,2.97461338525596e+18,12171.0,2.033104066399277,2.054465698238279,bin_2
config_486,640,16,10,0.074686087667942,0.8206585049629211,0.9659572839736938,0.0508006103336811,2.5044668291229755e-05,128,52798.0,12903922234388643840,13840809984,113463040,8,2.5044668291229755e-05,4784128000.0,4.462042278746041e+18,18257.0,1.9142931113282189,1.9347018511373488,bin_2
config_486,640,16,10,0.074686087667942,0.8206585049629211,0.9659572839736938,0.0508006103336811,2.5044668291229755e-05,128,52798.0,12903922234388643840,13840809984,113463040,8,2.5044668291229755e-05,6383206400.0,5.94922677051192e+18,24342.0,1.848988098453303,1.8681333545387768,bin_2
config_486,640,16,10,0.074686087667942,0.8206585049629211,0.9659572839736938,0.0508006103336811,2.5044668291229755e-05,128,52798.0,12903922234388643840,13840809984,113463040,8,2.5044668291229755e-05,7982284800.0,7.436655664002001e+18,30428.0,1.8057409693178583,1.8247448806684523,bin_2
config_486,640,16,10,0.074686087667942,0.8206585049629211,0.9659572839736938,0.0508006103336811,2.5044668291229755e-05,128,52798.0,12903922234388643840,13840809984,113463040,8,2.5044668291229755e-05,9568256000.0,8.924084557492082e+18,36514.0,1.774961858323363,1.7929297973288865,bin_2
config_486,640,16,10,0.074686087667942,0.8206585049629211,0.9659572839736938,0.0508006103336811,2.5044668291229755e-05,128,52798.0,12903922234388643840,13840809984,113463040,8,2.5044668291229755e-05,11167334400.0,1.041126904925796e+19,42599.0,1.7505207647261072,1.768146917018734,bin_2
config_486,640,16,10,0.074686087667942,0.8206585049629211,0.9659572839736938,0.0508006103336811,2.5044668291229755e-05,128,52798.0,12903922234388643840,13840809984,113463040,8,2.5044668291229755e-05,12766412800.0,1.189869794274804e+19,48685.0,1.731493973477942,1.7486960010450394,bin_2
config_486,640,16,10,0.074686087667942,0.8206585049629211,0.9659572839736938,0.0508006103336811,2.5044668291229755e-05,128,52798.0,12903922234388643840,13840809984,113463040,8,4.482267255701079e-07,13828096000.0,1.2903922234388644e+19,52798.0,1.70543327440981,1.7218729799301895,bin_2
config_487,640,21,20,0.0017253569094464,0.8196843266487122,0.9812544584274292,0.1865979731082916,0.0012047385098412,32,3519.0,268302941910835200,230634720,138864640,8,0.0012047385098412,114688000.0,1.3411334891195202e+17,1759.0,2.280103650171249,2.303295427052701,bin_0
config_487,640,21,20,0.0017253569094464,0.8196843266487122,0.9812544584274292,0.1865979731082916,0.0012047385098412,32,3519.0,268302941910835200,230634720,138864640,8,3.489334098625619e-05,229376000.0,2.683029419108352e+17,3519.0,2.016293669470021,2.0381138160971344,bin_0
config_488,512,6,16,0.0230451170355081,0.8609876036643982,0.9257186055183412,0.0334363281726837,0.000126554412418,64,11906.0,550327016834334720,1560627840,46195712,16,0.000126554412418,779878400.0,2.7516350841716736e+17,5953.0,2.0888668302629814,2.11195318565994,bin_0
config_488,512,6,16,0.0230451170355081,0.8609876036643982,0.9257186055183412,0.0334363281726837,0.000126554412418,64,11906.0,550327016834334720,1560627840,46195712,16,1.9078554635886056e-06,1559756800.0,5.503270168343347e+17,11906.0,1.9287439281432357,1.9501519622568224,bin_0
config_489,640,12,20,0.1916545927524566,0.8891705274581909,0.9283386468887328,0.0763898491859436,2.6288120352546684e-05,64,8545.0,837293134496071680,1120127232,93141760,16,2.6288120352546684e-05,557056000.0,4.185975740862748e+17,4272.0,2.6065210903277163,2.6342702074519924,bin_0
config_489,640,12,20,0.1916545927524566,0.8891705274581909,0.9283386468887328,0.0763898491859436,2.6288120352546684e-05,64,8545.0,837293134496071680,1120127232,93141760,16,1.8143641347616568e-06,1114112000.0,8.372931344960717e+17,8545.0,2.283608671602656,2.3077299207546678,bin_0
config_49,448,17,16,0.0703160539269447,0.9858100414276124,0.9020612239837646,0.2340794652700424,9.315691568190232e-05,64,25754.0,1956795672432771072,3375675648,65433088,16,9.315691568190232e-05,1592524800.0,9.247557711104782e+17,12171.0,2.239551203250885,2.2607940257963586,bin_1
config_49,448,17,16,0.0703160539269447,0.9858100414276124,0.9020612239837646,0.2340794652700424,9.315691568190232e-05,64,25754.0,1956795672432771072,3375675648,65433088,16,2.169746344017765e-05,3191603200.0,1.8495115422209564e+18,24342.0,1.9553601142226675,1.9745403572770412,bin_1
config_49,448,17,16,0.0703160539269447,0.9858100414276124,0.9020612239837646,0.2340794652700424,9.315691568190232e-05,64,25754.0,1956795672432771072,3375675648,65433088,16,6.181613515720229e-08,3375104000.0,1.956795672432771e+18,25754.0,1.946280138062649,1.9654092502593996,bin_1
config_490,704,14,8,0.0408889129757881,0.8500092029571533,0.9119710326194764,0.192073568701744,0.0003030409570783,64,58429.0,7539370547422298112,7658462208,123725184,8,0.0003030409570783,1592524800.0,1.5704817630402163e+18,12171.0,1.787770841219386,1.80630782498688,bin_2
config_490,704,14,8,0.0408889129757881,0.8500092029571533,0.9119710326194764,0.192073568701744,0.0003030409570783,64,58429.0,7539370547422298112,7658462208,123725184,8,0.0003030409570783,3191603200.0,3.1409635260804326e+18,24342.0,1.7173309164164496,1.7358986596396713,bin_2
config_490,704,14,8,0.0408889129757881,0.8500092029571533,0.9119710326194764,0.192073568701744,0.0003030409570783,64,58429.0,7539370547422298112,7658462208,123725184,8,0.0003030409570783,4784128000.0,4.711574323855924e+18,36514.0,1.690400010640504,1.707164431419529,bin_2
config_490,704,14,8,0.0408889129757881,0.8500092029571533,0.9119710326194764,0.192073568701744,0.0003030409570783,64,58429.0,7539370547422298112,7658462208,123725184,8,0.0002627237098035,6383206400.0,6.28205608689614e+18,48685.0,1.6643497916127814,1.6801496545994867,bin_2
config_490,704,14,8,0.0408889129757881,0.8500092029571533,0.9119710326194764,0.192073568701744,0.0003030409570783,64,58429.0,7539370547422298112,7658462208,123725184,8,7.831213469320915e-07,7654604800.0,7.539370547422298e+18,58429.0,1.592723259105057,1.6070506878954465,bin_2
config_491,448,14,16,0.0089975884184241,0.8511417508125305,0.9142993092536926,0.240860566496849,0.0022270602639764,64,13773.0,904901659774500864,1805366912,57860992,16,0.001089695148759,1592524800.0,7.996484499466674e+17,12171.0,1.799797480614459,1.8186275546277155,bin_0
config_491,448,14,16,0.0089975884184241,0.8511417508125305,0.9142993092536926,0.240860566496849,0.0022270602639764,64,13773.0,904901659774500864,1805366912,57860992,16,1.544238350059072e-05,1802240000.0,9.049016597745009e+17,13773.0,1.7548488994113731,1.7732083356575887,bin_0
config_492,1152,15,8,0.0083908224478363,0.8502747416496277,0.9859278202056884,0.2702932059764862,0.0003547737433109,128,42498.0,24570515607431675904,11140765696,296833536,8,0.0003547737433109,1599078400.0,3.518663419145117e+18,6086.0,1.7208105137504517,1.7387049066238716,bin_2
config_492,1152,15,8,0.0083908224478363,0.8502747416496277,0.9859278202056884,0.2702932059764862,0.0003547737433109,128,42498.0,24570515607431675904,11140765696,296833536,8,0.0003547737433109,3185049600.0,7.036748681303848e+18,12171.0,1.6128435168891655,1.6299843203239754,bin_2
config_492,1152,15,8,0.0083908224478363,0.8502747416496277,0.9859278202056884,0.2702932059764862,0.0003547737433109,128,42498.0,24570515607431675904,11140765696,296833536,8,0.0003547737433109,4784128000.0,1.0555412100448965e+19,18257.0,1.5675706923007966,1.5826486359072514,bin_2
config_492,1152,15,8,0.0083908224478363,0.8502747416496277,0.9859278202056884,0.2702932059764862,0.0003547737433109,128,42498.0,24570515607431675904,11140765696,296833536,8,0.0003547737433109,6383206400.0,1.4073497362607696e+19,24342.0,1.539754900893227,1.5546717037920093,bin_2
config_492,1152,15,8,0.0083908224478363,0.8502747416496277,0.9859278202056884,0.2702932059764862,0.0003547737433109,128,42498.0,24570515607431675904,11140765696,296833536,8,0.0003547737433109,7982284800.0,1.7592160781752812e+19,30428.0,1.5213847371203,1.535811935076948,bin_2
config_492,1152,15,8,0.0083908224478363,0.8502747416496277,0.9859278202056884,0.2702932059764862,0.0003547737433109,128,42498.0,24570515607431675904,11140765696,296833536,8,0.0001852631823418,9568256000.0,2.111082420089793e+19,36514.0,1.4841994752551688,1.4981917762951773,bin_2
config_492,1152,15,8,0.0083908224478363,0.8502747416496277,0.9859278202056884,0.2702932059764862,0.0003547737433109,128,42498.0,24570515607431675904,11140765696,296833536,8,1.4825996586213938e-06,11128012800.0,2.457051560743168e+19,42498.0,1.4559645061219324,1.469533454424045,bin_2
config_493,320,12,20,0.0129365064203739,0.8381062150001526,0.9216985702514648,0.1351104080677032,1.6150541341630742e-05,64,61006.0,2328280321295646720,7996188672,32808320,16,1.6150541341630742e-05,1592524800.0,4.645034880255928e+17,12171.0,2.73175723896652,2.7604349704648627,bin_1
config_493,320,12,20,0.0129365064203739,0.8381062150001526,0.9216985702514648,0.1351104080677032,1.6150541341630742e-05,64,61006.0,2328280321295646720,7996188672,32808320,16,1.6150541341630742e-05,3191603200.0,9.290069760511857e+17,24342.0,2.4821691857791337,2.509938088088739,bin_1
config_493,320,12,20,0.0129365064203739,0.8381062150001526,0.9216985702514648,0.1351104080677032,1.6150541341630742e-05,64,61006.0,2328280321295646720,7996188672,32808320,16,1.6150541341630742e-05,4784128000.0,1.3935486288527237e+18,36514.0,2.3075227910182514,2.331236727941232,bin_1
config_493,320,12,20,0.0129365064203739,0.8381062150001526,0.9216985702514648,0.1351104080677032,1.6150541341630742e-05,64,61006.0,2328280321295646720,7996188672,32808320,16,1.6150541341630742e-05,6383206400.0,1.8580521168783163e+18,48685.0,2.20600386986967,2.2275874313760977,bin_1
config_493,320,12,20,0.0129365064203739,0.8381062150001526,0.9216985702514648,0.1351104080677032,1.6150541341630742e-05,64,61006.0,2328280321295646720,7996188672,32808320,16,3.05688479652315e-07,7975731200.0,2.322555604903909e+18,60856.0,2.145367926535059,2.1664203088009946,bin_1
config_493,320,12,20,0.0129365064203739,0.8381062150001526,0.9216985702514648,0.1351104080677032,1.6150541341630742e-05,64,61006.0,2328280321295646720,7996188672,32808320,16,1.1757249217395951e-08,7995392000.0,2.3282803212956467e+18,61006.0,2.14526290139214,2.16627573826274,bin_1
config_494,704,8,22,0.0192013904452323,0.8905170559883118,0.981151819229126,0.1197257116436958,7.17077637091279e-05,32,3072.0,131602600353945600,201363184,85869696,16,7.17077637091279e-05,101580800.0,6.58013001769728e+16,1536.0,2.739617102888764,2.767955709129083,bin_0
config_494,704,8,22,0.0192013904452323,0.8905170559883118,0.981151819229126,0.1197257116436958,7.17077637091279e-05,32,3072.0,131602600353945600,201363184,85869696,16,4.298558042509031e-06,199884800.0,1.316026003539456e+17,3072.0,2.4121378958029824,2.436347408451018,bin_0
config_495,256,9,16,0.0281912609934806,0.9464691281318665,0.9952691793441772,0.1372711509466171,0.0005507500027306,128,55876.0,2634464179321307136,14647724032,20543488,16,0.0005507500027306,1599078400.0,2.869451821059037e+17,6086.0,1.9898072450669089,2.011709176360584,bin_1
config_495,256,9,16,0.0281912609934806,0.9464691281318665,0.9952691793441772,0.1372711509466171,0.0005507500027306,128,55876.0,2634464179321307136,14647724032,20543488,16,0.0005507500027306,3185049600.0,5.738432158085696e+17,12171.0,1.9026268542399167,1.923901093201559,bin_1
config_495,256,9,16,0.0281912609934806,0.9464691281318665,0.9952691793441772,0.1372711509466171,0.0005507500027306,128,55876.0,2634464179321307136,14647724032,20543488,16,0.0005507500027306,4784128000.0,8.607883979144732e+17,18257.0,1.8697218763632848,1.8892389339697169,bin_1
config_495,256,9,16,0.0281912609934806,0.9464691281318665,0.9952691793441772,0.1372711509466171,0.0005507500027306,128,55876.0,2634464179321307136,14647724032,20543488,16,0.0005507500027306,6383206400.0,1.1476864316171392e+18,24342.0,1.851556950944369,1.8704593415729336,bin_1
config_495,256,9,16,0.0281912609934806,0.9464691281318665,0.9952691793441772,0.1372711509466171,0.0005507500027306,128,55876.0,2634464179321307136,14647724032,20543488,16,0.0005507500027306,7982284800.0,1.4346316137230428e+18,30428.0,1.840179210334528,1.8593869733419572,bin_1
config_495,256,9,16,0.0281912609934806,0.9464691281318665,0.9952691793441772,0.1372711509466171,0.0005507500027306,128,55876.0,2634464179321307136,14647724032,20543488,16,0.0005507500027306,9568256000.0,1.7215767958289464e+18,36514.0,1.8305931103424948,1.84945632043432,bin_1
config_495,256,9,16,0.0281912609934806,0.9464691281318665,0.9952691793441772,0.1372711509466171,0.0005507500027306,128,55876.0,2634464179321307136,14647724032,20543488,16,0.0005507500027306,11167334400.0,2.0084748295316124e+18,42599.0,1.8229709974273307,1.8416104432012212,bin_1
config_495,256,9,16,0.0281912609934806,0.9464691281318665,0.9952691793441772,0.1372711509466171,0.0005507500027306,128,55876.0,2634464179321307136,14647724032,20543488,16,0.0005152779686564,12766412800.0,2.295420011637516e+18,48685.0,1.8166524712765804,1.8346958391783668,bin_1
config_495,256,9,16,0.0281912609934806,0.9464691281318665,0.9952691793441772,0.1372711509466171,0.0005507500027306,128,55876.0,2634464179321307136,14647724032,20543488,16,8.085325985328535e-05,14352384000.0,2.582318045340181e+18,54770.0,1.7834515131887845,1.8002434627345352,bin_1
config_495,256,9,16,0.0281912609934806,0.9464691281318665,0.9952691793441772,0.1372711509466171,0.0005507500027306,128,55876.0,2634464179321307136,14647724032,20543488,16,1.8669491617988529e-06,14640742400.0,2.634464179321307e+18,55876.0,1.779369758308911,1.7959128530299078,bin_1
config_496,576,20,8,0.0018646048847585,0.9377455711364746,0.9597693085670472,0.0149675132706761,0.0014300198527052,128,57301.0,14039340380269314048,15021277184,108609408,8,0.0014300198527052,1599078400.0,1.4911332359700362e+18,6086.0,1.75216063649928,1.7689977104742018,bin_2
config_496,576,20,8,0.0018646048847585,0.9377455711364746,0.9597693085670472,0.0149675132706761,0.0014300198527052,128,57301.0,14039340380269314048,15021277184,108609408,8,0.0014300198527052,3185049600.0,2.982021461549673e+18,12171.0,1.666016931748781,1.683783166916644,bin_2
config_496,576,20,8,0.0018646048847585,0.9377455711364746,0.9597693085670472,0.0149675132706761,0.0014300198527052,128,57301.0,14039340380269314048,15021277184,108609408,8,0.0014300198527052,4784128000.0,4.473154697519709e+18,18257.0,1.6313543470179448,1.6466334971834402,bin_2
config_496,576,20,8,0.0018646048847585,0.9377455711364746,0.9597693085670472,0.0149675132706761,0.0014300198527052,128,57301.0,14039340380269314048,15021277184,108609408,8,0.0014300198527052,6383206400.0,5.964042923099347e+18,24342.0,1.6110002323252255,1.6260122518070408,bin_2
config_496,576,20,8,0.0018646048847585,0.9377455711364746,0.9597693085670472,0.0149675132706761,0.0014300198527052,128,57301.0,14039340380269314048,15021277184,108609408,8,0.0014300198527052,7982284800.0,7.455176159069383e+18,30428.0,1.5963004940455077,1.6113016770706805,bin_2
config_496,576,20,8,0.0018646048847585,0.9377455711364746,0.9597693085670472,0.0149675132706761,0.0014300198527052,128,57301.0,14039340380269314048,15021277184,108609408,8,0.0014300198527052,9568256000.0,8.946309395039418e+18,36514.0,1.584725351372703,1.599619845914059,bin_2
config_496,576,20,8,0.0018646048847585,0.9377455711364746,0.9597693085670472,0.0149675132706761,0.0014300198527052,128,57301.0,14039340380269314048,15021277184,108609408,8,0.0014300198527052,11167334400.0,1.0437197620619055e+19,42599.0,1.576887117819708,1.5911794853405874,bin_2
config_496,576,20,8,0.0018646048847585,0.9377455711364746,0.9597693085670472,0.0149675132706761,0.0014300198527052,128,57301.0,14039340380269314048,15021277184,108609408,8,0.0014300198527052,12766412800.0,1.192833085658909e+19,48685.0,1.5706780976154766,1.5842275694354635,bin_2
config_496,576,20,8,0.0018646048847585,0.9377455711364746,0.9597693085670472,0.0149675132706761,0.0014300198527052,128,57301.0,14039340380269314048,15021277184,108609408,8,0.0014300198527052,14352384000.0,1.341921908216873e+19,54770.0,1.5655382694963549,1.578547028185891,bin_2
config_496,576,20,8,0.0018646048847585,0.9377455711364746,0.9597693085670472,0.0149675132706761,0.0014300198527052,128,57301.0,14039340380269314048,15021277184,108609408,8,1.6686346005897676e-06,15020851200.0,1.4039340380269314e+19,57301.0,1.5371409955571909,1.549702092760899,bin_2
config_498,512,8,16,0.0254929028451442,0.9228127598762512,0.9675859808921814,0.0618723779916763,5.18905908393208e-05,128,51434.0,5645279900048818176,13483129856,53013504,16,5.18905908393208e-05,1599078400.0,6.679856412430903e+17,6086.0,2.252063262384446,2.2753339400447783,bin_2
config_498,512,8,16,0.0254929028451442,0.9228127598762512,0.9675859808921814,0.0618723779916763,5.18905908393208e-05,128,51434.0,5645279900048818176,13483129856,53013504,16,5.18905908393208e-05,3185049600.0,1.3358615247403305e+18,12171.0,2.007003869033251,2.029089072024236,bin_2
config_498,512,8,16,0.0254929028451442,0.9228127598762512,0.9675859808921814,0.0618723779916763,5.18905908393208e-05,128,51434.0,5645279900048818176,13483129856,53013504,16,5.18905908393208e-05,4784128000.0,2.003847165983421e+18,18257.0,1.915394300476449,1.936053680122876,bin_2
config_498,512,8,16,0.0254929028451442,0.9228127598762512,0.9675859808921814,0.0618723779916763,5.18905908393208e-05,128,51434.0,5645279900048818176,13483129856,53013504,16,5.18905908393208e-05,6383206400.0,2.671723049480661e+18,24342.0,1.8667702872635887,1.886368317916745,bin_2
config_498,512,8,16,0.0254929028451442,0.9228127598762512,0.9675859808921814,0.0618723779916763,5.18905908393208e-05,128,51434.0,5645279900048818176,13483129856,53013504,16,5.18905908393208e-05,7982284800.0,3.3397086907237514e+18,30428.0,1.833379409860392,1.8524675427108517,bin_2
config_498,512,8,16,0.0254929028451442,0.9228127598762512,0.9675859808921814,0.0618723779916763,5.18905908393208e-05,128,51434.0,5645279900048818176,13483129856,53013504,16,5.18905908393208e-05,9568256000.0,4.007694331966842e+18,36514.0,1.808754632472992,1.8278977190861936,bin_2
config_498,512,8,16,0.0254929028451442,0.9228127598762512,0.9675859808921814,0.0618723779916763,5.18905908393208e-05,128,51434.0,5645279900048818176,13483129856,53013504,16,5.18905908393208e-05,11167334400.0,4.675570215464082e+18,42599.0,1.7896476181608731,1.8079565885418751,bin_2
config_498,512,8,16,0.0254929028451442,0.9228127598762512,0.9675859808921814,0.0618723779916763,5.18905908393208e-05,128,51434.0,5645279900048818176,13483129856,53013504,16,4.458481312215684e-05,12766412800.0,5.343555856707172e+18,48685.0,1.772820300274208,1.7907456606333374,bin_2
config_498,512,8,16,0.0254929028451442,0.9228127598762512,0.9675859808921814,0.0618723779916763,5.18905908393208e-05,128,51434.0,5645279900048818176,13483129856,53013504,16,5.544563446061888e-07,13474201600.0,5.645279900048818e+18,51434.0,1.7529185734029675,1.7702176574019135,bin_2
config_50,384,7,16,0.0083937430754303,0.961845874786377,0.9862270355224608,0.057060707360506,1.3525849681172986e-05,64,44638.0,1499074806882631680,5850817024,31698432,16,1.3525849681172986e-05,1592524800.0,4.087378349067725e+17,12171.0,2.721300595158436,2.7500437769342643,bin_1
config_50,384,7,16,0.0083937430754303,0.961845874786377,0.9862270355224608,0.057060707360506,1.3525849681172986e-05,64,44638.0,1499074806882631680,5850817024,31698432,16,1.3525849681172986e-05,3191603200.0,8.17475669813545e+17,24342.0,2.4469614597226754,2.473474326759088,bin_1
config_50,384,7,16,0.0083937430754303,0.961845874786377,0.9862270355224608,0.057060707360506,1.3525849681172986e-05,64,44638.0,1499074806882631680,5850817024,31698432,16,1.3525849681172986e-05,4784128000.0,1.2262470876498145e+18,36514.0,2.2499542754204547,2.273236949052967,bin_1
config_50,384,7,16,0.0083937430754303,0.961845874786377,0.9862270355224608,0.057060707360506,1.3525849681172986e-05,64,44638.0,1499074806882631680,5850817024,31698432,16,2.0179909222009305e-07,5845811200.0,1.4990748068826317e+18,44638.0,2.1812727182419573,2.203814510009328,bin_1
config_500,384,20,24,0.0013248142786324,0.8208386301994324,0.9900239706039428,0.0253468584269285,1.0995965567417444e-05,64,34730.0,2353125091603120128,4552216576,54711552,16,1.0995965567417444e-05,1592524800.0,8.246439818572294e+17,12171.0,2.741060628500141,2.7696691439581698,bin_1
config_500,384,20,24,0.0013248142786324,0.8208386301994324,0.9900239706039428,0.0253468584269285,1.0995965567417444e-05,64,34730.0,2353125091603120128,4552216576,54711552,16,1.0995965567417444e-05,3191603200.0,1.649287963714459e+18,24342.0,2.4802871537990256,2.507848753616458,bin_1
config_500,384,20,24,0.0013248142786324,0.8208386301994324,0.9900239706039428,0.0253468584269285,1.0995965567417444e-05,64,34730.0,2353125091603120128,4552216576,54711552,16,3.74862462525595e-07,4548198400.0,2.35312509160312e+18,34730.0,2.3000625974623885,2.324859883941588,bin_1
config_501,1088,21,16,0.1493234634399414,0.8486040234565735,0.956749677658081,0.2494333833456039,2.0085284631932158e-05,32,3790.0,683159634506539008,248446016,364749824,8,2.0085284631932158e-05,124518400.0,3.415798172532695e+17,1895.0,2.812348345928505,2.84183452043377,bin_0
config_501,1088,21,16,0.1493234634399414,0.8486040234565735,0.956749677658081,0.2494333833456039,2.0085284631932158e-05,32,3790.0,683159634506539008,248446016,364749824,8,8.501707780712029e-07,245760000.0,6.83159634506539e+17,3790.0,2.5705614512670234,2.5973380567792987,bin_0
config_503,960,14,24,0.0011783193331211,0.9354840517044068,0.936651647090912,0.0170160233974456,0.0016353050014004,64,55740.0,11316020856729108480,7305986048,203122560,8,0.0016353050014004,1592524800.0,2.4708878695236813e+18,12171.0,1.7068552947044373,1.725150036166926,bin_2
config_503,960,14,24,0.0011783193331211,0.9354840517044068,0.936651647090912,0.0170160233974456,0.0016353050014004,64,55740.0,11316020856729108480,7305986048,203122560,8,0.0016353050014004,3191603200.0,4.941775739047363e+18,24342.0,1.6353828520266736,1.6522984807999408,bin_2
config_503,960,14,24,0.0011783193331211,0.9354840517044068,0.936651647090912,0.0170160233974456,0.0016353050014004,64,55740.0,11316020856729108480,7305986048,203122560,8,0.0016353050014004,4784128000.0,7.412866622938763e+18,36514.0,1.6035161834075802,1.6185010168982334,bin_2
config_503,960,14,24,0.0011783193331211,0.9354840517044068,0.936651647090912,0.0170160233974456,0.0016353050014004,64,55740.0,11316020856729108480,7305986048,203122560,8,0.0016353050014004,6383206400.0,9.883754492462445e+18,48685.0,1.5839831445647068,1.5981943343506484,bin_2
config_503,960,14,24,0.0011783193331211,0.9354840517044068,0.936651647090912,0.0170160233974456,0.0016353050014004,64,55740.0,11316020856729108480,7305986048,203122560,8,6.900021102955304e-05,7300710400.0,1.1316020856729108e+19,55740.0,1.5378115231287284,1.5516376215121783,bin_2
config_504,640,24,20,0.0013615739298984,0.924587607383728,0.902468740940094,0.18942691385746,0.0011440513189882,32,5434.0,463720549920768000,356178560,154105600,8,0.0011440513189882,176947200.0,2.31860274960384e+17,2717.0,2.2233802199949984,2.2449217378116044,bin_0
config_504,640,24,20,0.0013615739298984,0.924587607383728,0.902468740940094,0.18942691385746,0.0011440513189882,32,5434.0,463720549920768000,356178560,154105600,8,3.780150130767643e-05,353894400.0,4.63720549920768e+17,5434.0,1.9820915942113908,2.002840389189173,bin_0
config_505,960,16,16,0.0558501966297626,0.868812084197998,0.9611580967903136,0.2147871255874633,5.991202124278061e-05,64,23967.0,5430967598975385600,3141528320,225244800,8,5.991202124278061e-05,1592524800.0,2.757971654655544e+18,12171.0,1.8212604682758209,1.8405459558768351,bin_1
config_505,960,16,16,0.0558501966297626,0.868812084197998,0.9611580967903136,0.2147871255874633,5.991202124278061e-05,64,23967.0,5430967598975385600,3141528320,225244800,8,1.978831088259736e-07,3139174400.0,5.430967598975386e+18,23967.0,1.6882149705925926,1.70644366971782,bin_1
config_507,768,18,24,0.0114987380802631,0.8275234699249268,0.9063839316368104,0.2512412667274475,0.0002540716959629,64,8404.0,1471483525760483328,1101552512,166043136,8,0.0002540716959629,550502400.0,7.357417628802417e+17,4202.0,1.9444844621713044,1.9637271500610916,bin_1
config_507,768,18,24,0.0114987380802631,0.8275234699249268,0.9063839316368104,0.2512412667274475,0.0002540716959629,64,8404.0,1471483525760483328,1101552512,166043136,8,4.814243410003103e-07,1101004800.0,1.4714835257604833e+18,8404.0,1.7769995500220628,1.795355307489145,bin_1
config_508,512,19,8,0.0050425971858203,0.9701493382453918,0.909663736820221,0.0640771389007568,0.0026841617655009,128,41335.0,8473930719433850880,10835900416,90511360,8,0.0026841617655009,1599078400.0,1.2476676511061914e+18,6086.0,1.789823573339181,1.809120088307584,bin_2
config_508,512,19,8,0.0050425971858203,0.9701493382453918,0.909663736820221,0.0640771389007568,0.0026841617655009,128,41335.0,8473930719433850880,10835900416,90511360,8,0.0026841617655009,3185049600.0,2.495130296025872e+18,12171.0,1.7119309345620577,1.7299330883143378,bin_2
config_508,512,19,8,0.0050425971858203,0.9701493382453918,0.909663736820221,0.0640771389007568,0.0026841617655009,128,41335.0,8473930719433850880,10835900416,90511360,8,0.0026841617655009,4784128000.0,3.742797947132063e+18,18257.0,1.6793369417698656,1.694946941567249,bin_2
config_508,512,19,8,0.0050425971858203,0.9701493382453918,0.909663736820221,0.0640771389007568,0.0026841617655009,128,41335.0,8473930719433850880,10835900416,90511360,8,0.0026841617655009,6383206400.0,4.990260592051744e+18,24342.0,1.659240809620404,1.675047235508434,bin_2
config_508,512,19,8,0.0050425971858203,0.9701493382453918,0.909663736820221,0.0640771389007568,0.0026841617655009,128,41335.0,8473930719433850880,10835900416,90511360,8,0.0026841617655009,7982284800.0,6.237928243157934e+18,30428.0,1.6444355260544137,1.6602005188191524,bin_2
config_508,512,19,8,0.0050425971858203,0.9701493382453918,0.909663736820221,0.0640771389007568,0.0026841617655009,128,41335.0,8473930719433850880,10835900416,90511360,8,0.0026841617655009,9568256000.0,7.485595894264125e+18,36514.0,1.6350626703168525,1.649357650827189,bin_2
config_508,512,19,8,0.0050425971858203,0.9701493382453918,0.909663736820221,0.0640771389007568,0.0026841617655009,128,41335.0,8473930719433850880,10835900416,90511360,8,3.547796895488368e-05,10826547200.0,8.473930719433851e+18,41335.0,1.5835713394938922,1.5973091006474416,bin_2
config_509,768,5,24,0.008763643912971,0.9857308864593506,0.9491299390792848,0.2453163862228393,1.279683601751458e-05,32,3260.0,115045668067147776,213686656,74010624,16,1.279683601751458e-05,108134400.0,5.752283403357389e+16,1630.0,3.4305638339871267,3.4677743545125743,bin_0
config_509,768,5,24,0.008763643912971,0.9857308864593506,0.9491299390792848,0.2453163862228393,1.279683601751458e-05,32,3260.0,115045668067147776,213686656,74010624,16,1.6016065103272285e-07,212992000.0,1.1504566806714778e+17,3260.0,3.0992642882612884,3.1323021872317205,bin_0
config_51,320,21,4,0.1319144815206527,0.9003822207450867,0.9714474081993104,0.2767691612243652,0.0013687526807188,64,22977.0,1316581309056614400,3011702272,45347840,16,0.0013687526807188,1592524800.0,6.973978810344282e+17,12171.0,1.8847076229970965,1.9028431496072988,bin_1
config_51,320,21,4,0.1319144815206527,0.9003822207450867,0.9714474081993104,0.2767691612243652,0.0013687526807188,64,22977.0,1316581309056614400,3011702272,45347840,16,5.811656294922151e-06,3008102400.0,1.3165813090566144e+18,22977.0,1.7191335973974131,1.7372388998797683,bin_1
config_510,640,16,16,0.0136814201250672,0.8966094255447388,0.9930834174156188,0.1668714880943298,0.0001326794881606,64,34967.0,4272975696296017920,4583214592,113463040,8,0.0001326794881606,1592524800.0,1.48729908770037e+18,12171.0,1.8016316777760863,1.8208294603277424,bin_1
config_510,640,16,16,0.0136814201250672,0.8966094255447388,0.9930834174156188,0.1668714880943298,0.0001326794881606,64,34967.0,4272975696296017920,4583214592,113463040,8,0.0001326794881606,3191603200.0,2.97459817540074e+18,24342.0,1.7033569419970278,1.7216940632804496,bin_1
config_510,640,16,16,0.0136814201250672,0.8966094255447388,0.9930834174156188,0.1668714880943298,0.0001326794881606,64,34967.0,4272975696296017920,4583214592,113463040,8,3.86621751582273e-07,4580966400.0,4.272975696296018e+18,34967.0,1.6325126871320068,1.6489210149499236,bin_1
config_511,704,15,8,0.0600347109138965,0.9757289886474608,0.9846251606941224,0.2302553355693817,0.0001168762682937,64,65917.0,8982117871634350080,8639989760,130034432,8,0.0001168762682937,1592524800.0,1.6584698426151324e+18,12171.0,1.8003875576668098,1.819506286480388,bin_2
config_511,704,15,8,0.0600347109138965,0.9757289886474608,0.9846251606941224,0.2302553355693817,0.0001168762682937,64,65917.0,8982117871634350080,8639989760,130034432,8,0.0001168762682937,3191603200.0,3.316939685230265e+18,24342.0,1.699244529419258,1.717311203675192,bin_2
config_511,704,15,8,0.0600347109138965,0.9757289886474608,0.9846251606941224,0.2302553355693817,0.0001168762682937,64,65917.0,8982117871634350080,8639989760,130034432,8,0.0001168762682937,4784128000.0,4.975545791902797e+18,36514.0,1.6546696744785934,1.6706580667222133,bin_2
config_511,704,15,8,0.0600347109138965,0.9757289886474608,0.9846251606941224,0.2302553355693817,0.0001168762682937,64,65917.0,8982117871634350080,8639989760,130034432,8,0.0001168762682937,6383206400.0,6.634015634517929e+18,48685.0,1.627723063406397,1.642933189829842,bin_2
config_511,704,15,8,0.0600347109138965,0.9757289886474608,0.9846251606941224,0.2302553355693817,0.0001168762682937,64,65917.0,8982117871634350080,8639989760,130034432,8,3.902036314450954e-05,7975731200.0,8.292485477133062e+18,60856.0,1.5787693967584704,1.5940651186372412,bin_2
config_511,704,15,8,0.0600347109138965,0.9757289886474608,0.9846251606941224,0.2302553355693817,0.0001168762682937,64,65917.0,8982117871634350080,8639989760,130034432,8,1.3091497403920258e-07,8637644800.0,8.98211787163435e+18,65917.0,1.5615358593229387,1.5780556607637248,bin_2
config_512,1024,18,16,0.006664571352303,0.9015079140663148,0.9228784441947936,0.1720050871372223,0.0008505224832333,64,40814.0,11497086190551564288,5349590016,282732544,8,0.0008505224832333,1592524800.0,3.4285058074485e+18,12171.0,1.7059159534876465,1.7235952979033111,bin_2
config_512,1024,18,16,0.006664571352303,0.9015079140663148,0.9228784441947936,0.1720050871372223,0.0008505224832333,64,40814.0,11497086190551564288,5349590016,282732544,8,0.0008505224832333,3191603200.0,6.857011614897e+18,24342.0,1.6329949209533754,1.6495494346149633,bin_2
config_512,1024,18,16,0.006664571352303,0.9015079140663148,0.9228784441947936,0.1720050871372223,0.0008505224832333,64,40814.0,11497086190551564288,5349590016,282732544,8,0.0005226715089271,4784128000.0,1.0285799117013764e+19,36514.0,1.5726666249408097,1.587588035239548,bin_2
config_512,1024,18,16,0.006664571352303,0.9015079140663148,0.9228784441947936,0.1720050871372223,0.0008505224832333,64,40814.0,11497086190551564288,5349590016,282732544,8,1.6961986845109335e-06,5347737600.0,1.1497086190551564e+19,40814.0,1.5261241042223133,1.5404235301056846,bin_2
config_513,1152,11,18,0.021796291694045,0.969523549079895,0.9008085131645204,0.0923496559262275,8.231047831941396e-05,32,13146.0,1473327516829630464,861590976,233123328,8,8.231047831941396e-05,429260800.0,7.366637584148152e+17,6573.0,1.9892329224797547,2.0093229629563503,bin_1
config_513,1152,11,18,0.021796291694045,0.969523549079895,0.9008085131645204,0.0923496559262275,8.231047831941396e-05,32,13146.0,1473327516829630464,861590976,233123328,8,3.1188484371441963e-06,858521600.0,1.4733275168296305e+18,13146.0,1.812428330749762,1.8319088876638256,bin_1
config_514,256,8,16,0.0012891307706013,0.8309714198112488,0.9680466055870056,0.1736661791801452,0.0050509767606854,32,4680.0,51673819795390464,306757696,19691008,16,0.0050509767606854,154009600.0,2.583690989769523e+16,2340.0,2.360697144445826,2.3844275431554824,bin_0
config_514,256,8,16,0.0012891307706013,0.8309714198112488,0.9680466055870056,0.1736661791801452,0.0050509767606854,32,4680.0,51673819795390464,306757696,19691008,16,0.0001866124418972,304742400.0,5.167381979539046e+16,4680.0,2.116307212602897,2.1378224779738755,bin_0
config_515,448,15,4,0.0596547536551952,0.8705202341079712,0.9955307841300964,0.247731551527977,0.0096232360228896,64,18608.0,1286296930535178240,2439043840,60385024,16,0.0096232360228896,1592524800.0,8.413327569617183e+17,12171.0,3.5714784694890507,3.607741241142398,bin_1
config_515,448,15,4,0.0596547536551952,0.8705202341079712,0.9955307841300964,0.247731551527977,0.0096232360228896,64,18608.0,1286296930535178240,2439043840,60385024,16,1.6703382118272644e-05,2437939200.0,1.2862969305351782e+18,18608.0,3.4555278299675614,3.4919348133587444,bin_1
config_516,384,4,8,0.0129207363352179,0.8981428742408752,0.9680227041244508,0.2702667117118835,0.0039954590611159,32,10996.0,141285441444691968,720644544,26387712,16,0.0039954590611159,360448000.0,7.064272072234598e+16,5498.0,2.1194784481408164,2.139887363676165,bin_0
config_516,384,4,8,0.0129207363352179,0.8981428742408752,0.9680227041244508,0.2702667117118835,0.0039954590611159,32,10996.0,141285441444691968,720644544,26387712,16,6.186170205699573e-05,717619200.0,1.4128544144469197e+17,10996.0,1.9616957662144645,1.9813222605673992,bin_0
config_517,640,19,20,0.0386167988181114,0.8629231452941895,0.9456698894500732,0.2195897996425628,5.999744462314993e-05,64,20985.0,2945616541340467200,2750551808,128704000,8,5.999744462314993e-05,1592524800.0,1.7084154836623695e+18,12171.0,1.9183474194026384,1.9386684395446152,bin_1
config_517,640,19,20,0.0386167988181114,0.8629231452941895,0.9456698894500732,0.2195897996425628,5.999744462314993e-05,64,20985.0,2945616541340467200,2750551808,128704000,8,4.557097573372956e-07,2745958400.0,2.945616541340467e+18,20985.0,1.7925056142494329,1.8120944773955423,bin_1
config_518,832,5,16,0.0101413028314709,0.8071586489677429,0.9132411479949952,0.1607573926448822,1.3125815712555776e-05,128,57192.0,9127754706605703168,14992796672,84438016,16,1.3125815712555776e-05,1599078400.0,9.713161831095662e+17,6086.0,2.697035654880961,2.725491228885338,bin_2
config_518,832,5,16,0.0101413028314709,0.8071586489677429,0.9132411479949952,0.1607573926448822,1.3125815712555776e-05,128,57192.0,9127754706605703168,14992796672,84438016,16,1.3125815712555776e-05,3185049600.0,1.942472767766436e+18,12171.0,2.3154373995984185,2.3395534389136268,bin_2
config_518,832,5,16,0.0101413028314709,0.8071586489677429,0.9132411479949952,0.1607573926448822,1.3125815712555776e-05,128,57192.0,9127754706605703168,14992796672,84438016,16,1.3125815712555776e-05,4784128000.0,2.9137889508760023e+18,18257.0,2.1614162818721083,2.183667959932421,bin_2
config_518,832,5,16,0.0101413028314709,0.8071586489677429,0.9132411479949952,0.1607573926448822,1.3125815712555776e-05,128,57192.0,9127754706605703168,14992796672,84438016,16,1.3125815712555776e-05,6383206400.0,3.884945535532872e+18,24342.0,2.075141333595651,2.0961198828650303,bin_2
config_518,832,5,16,0.0101413028314709,0.8071586489677429,0.9132411479949952,0.1607573926448822,1.3125815712555776e-05,128,57192.0,9127754706605703168,14992796672,84438016,16,1.3125815712555776e-05,7982284800.0,4.856261718642438e+18,30428.0,2.020319307710304,2.041132229234352,bin_2
config_518,832,5,16,0.0101413028314709,0.8071586489677429,0.9132411479949952,0.1607573926448822,1.3125815712555776e-05,128,57192.0,9127754706605703168,14992796672,84438016,16,1.3125815712555776e-05,9568256000.0,5.827577901752005e+18,36514.0,1.9789853526725143,2.001099558462862,bin_2
config_518,832,5,16,0.0101413028314709,0.8071586489677429,0.9132411479949952,0.1607573926448822,1.3125815712555776e-05,128,57192.0,9127754706605703168,14992796672,84438016,16,1.3125815712555776e-05,11167334400.0,6.798734486408875e+18,42599.0,1.947582182923301,1.9694910440679456,bin_2
config_518,832,5,16,0.0101413028314709,0.8071586489677429,0.9132411479949952,0.1607573926448822,1.3125815712555776e-05,128,57192.0,9127754706605703168,14992796672,84438016,16,1.212360528943046e-05,12766412800.0,7.77005066951844e+18,48685.0,1.9221227914778916,1.943881962924707,bin_2
config_518,832,5,16,0.0101413028314709,0.8071586489677429,0.9132411479949952,0.1607573926448822,1.3125815712555776e-05,128,57192.0,9127754706605703168,14992796672,84438016,16,3.486321728307724e-06,14352384000.0,8.741207254175311e+18,54770.0,1.9086197812049115,1.923747187716062,bin_2
config_518,832,5,16,0.0101413028314709,0.8071586489677429,0.9132411479949952,0.1607573926448822,1.3125815712555776e-05,128,57192.0,9127754706605703168,14992796672,84438016,16,5.996130736647197e-08,14981529600.0,9.127754706605704e+18,57192.0,1.904591223685468,1.919738959679838,bin_2
config_519,1152,18,18,0.0324112400412559,0.8759667873382568,0.997452974319458,0.1324141919612884,3.013485184055753e-05,64,39627.0,13385494797305905152,5194116608,344616192,8,3.013485184055753e-05,1592524800.0,4.111208448229999e+18,12171.0,1.8707707072281448,1.8903418321101395,bin_2
config_519,1152,18,18,0.0324112400412559,0.8759667873382568,0.997452974319458,0.1324141919612884,3.013485184055753e-05,64,39627.0,13385494797305905152,5194116608,344616192,8,3.013485184055753e-05,3191603200.0,8.222416896459998e+18,24342.0,1.7291772857064107,1.7484139828603775,bin_2
config_519,1152,18,18,0.0324112400412559,0.8759667873382568,0.997452974319458,0.1324141919612884,3.013485184055753e-05,64,39627.0,13385494797305905152,5194116608,344616192,8,1.7959154127200954e-05,4784128000.0,1.2333963131925903e+19,36514.0,1.6541003427935428,1.6706730360867548,bin_2
config_519,1152,18,18,0.0324112400412559,0.8759667873382568,0.997452974319458,0.1324141919612884,3.013485184055753e-05,64,39627.0,13385494797305905152,5194116608,344616192,8,1.55067848236145e-07,5190451200.0,1.3385494797305903e+19,39627.0,1.6325785058639088,1.6489557510125832,bin_2
config_52,832,10,16,0.0011477335356175,0.8643050193786621,0.9115625619888306,0.1769309937953949,0.0090134851634502,64,32087.0,4065471779085090816,4205794304,127044736,16,0.0090134851634502,1592524800.0,1.542084240447678e+18,12171.0,3.180823878694753,3.2136086459238022,bin_1
config_52,832,10,16,0.0011477335356175,0.8643050193786621,0.9115625619888306,0.1769309937953949,0.0090134851634502,64,32087.0,4065471779085090816,4205794304,127044736,16,0.0090134851634502,3191603200.0,3.084168480895356e+18,24342.0,2.893516005922536,2.9161645245161214,bin_1
config_52,832,10,16,0.0011477335356175,0.8643050193786621,0.9115625619888306,0.1769309937953949,0.0090134851634502,64,32087.0,4065471779085090816,4205794304,127044736,16,5.874563168005269e-05,4200857600.0,4.065471779085091e+18,32087.0,2.6520143782506223,2.680109145367732,bin_1
config_521,1088,6,16,0.0011802942026406,0.8977829813957214,0.9270787835121156,0.0066539887338876,0.0002433377521811,64,22898.0,3061564987162558464,3001323008,143287424,16,0.0002433377521811,1592524800.0,1.6273171219650406e+18,12171.0,1.7833197805529737,1.8025431236282723,bin_1
config_521,1088,6,16,0.0011802942026406,0.8977829813957214,0.9270787835121156,0.0066539887338876,0.0002433377521811,64,22898.0,3061564987162558464,3001323008,143287424,16,7.684350068877012e-05,2994995200.0,3.0615649871625585e+18,22898.0,1.694541229537276,1.7124047375116191,bin_1
config_522,1024,20,16,0.1187035143375396,0.9263126850128174,0.909536600112915,0.1029413118958473,4.130613160668872e-05,64,8357.0,2578369847987011584,1095488768,308426752,8,4.130613160668872e-05,550502400.0,1.2890306599126164e+18,4178.0,2.11323205277568,2.135352039669381,bin_1
config_522,1024,20,16,0.1187035143375396,0.9263126850128174,0.909536600112915,0.1029413118958473,4.130613160668872e-05,64,8357.0,2578369847987011584,1095488768,308426752,8,3.362126991242147e-07,1094451200.0,2.578369847987012e+18,8357.0,1.905545990564784,1.92593402575274,bin_1
config_523,256,19,8,0.054744079709053,0.926685631275177,0.9812597632408142,0.1486766338348388,0.0003829843190032,64,9669.0,372457485031833600,1267347200,29068288,16,0.0003829843190032,635699200.0,1.8620948212264803e+17,4834.0,2.027618043930804,2.048288140101511,bin_0
config_523,256,19,8,0.054744079709053,0.926685631275177,0.9812597632408142,0.1486766338348388,0.0003829843190032,64,9669.0,372457485031833600,1267347200,29068288,16,5.063814934629573e-06,1264844800.0,3.724574850318336e+17,9669.0,1.875389557275616,1.8950833924871977,bin_0
config_524,1024,17,16,0.0870832055807113,0.8135992884635925,0.9210616946220398,0.0444895699620246,5.0453916628612205e-05,64,51842.0,13909077780039991296,6795136512,269885440,8,5.0453916628612205e-05,1592524800.0,3.265448587262581e+18,12171.0,1.859682795981892,1.879376890542077,bin_2
config_524,1024,17,16,0.0870832055807113,0.8135992884635925,0.9210616946220398,0.0444895699620246,5.0453916628612205e-05,64,51842.0,13909077780039991296,6795136512,269885440,8,5.0453916628612205e-05,3191603200.0,6.530897174525162e+18,24342.0,1.7343798512318096,1.7531869256301005,bin_2
config_524,1024,17,16,0.0870832055807113,0.8135992884635925,0.9210616946220398,0.0444895699620246,5.0453916628612205e-05,64,51842.0,13909077780039991296,6795136512,269885440,8,5.0453916628612205e-05,4784128000.0,9.79661405926431e+18,36514.0,1.6767921600576308,1.6930257690929975,bin_2
config_524,1024,17,16,0.0870832055807113,0.8135992884635925,0.9210616946220398,0.0444895699620246,5.0453916628612205e-05,64,51842.0,13909077780039991296,6795136512,269885440,8,5.0453916628612205e-05,6383206400.0,1.306206264652689e+19,48685.0,1.6411887636536455,1.65628883678405,bin_2
config_524,1024,17,16,0.0870832055807113,0.8135992884635925,0.9210616946220398,0.0444895699620246,5.0453916628612205e-05,64,51842.0,13909077780039991296,6795136512,269885440,8,9.189351684309208e-07,6789529600.0,1.3909077780039991e+19,51842.0,1.6056494974699176,1.6207000162171536,bin_2
config_525,832,5,8,0.0139867914840579,0.8149358034133911,0.9973348379135132,0.187633991241455,7.431998528772965e-05,64,14767.0,1178452979582681088,1935668352,84438016,16,7.021494638916552e-05,1592524800.0,9.71284026173279e+17,12171.0,1.882846730302592,1.903569682699735,bin_1
config_525,832,5,8,0.0139867914840579,0.8149358034133911,0.9973348379135132,0.187633991241455,7.431998528772965e-05,64,14767.0,1178452979582681088,1935668352,84438016,16,4.561154331737859e-07,1933312000.0,1.178452979582681e+18,14767.0,1.8372029729749333,1.8575089197471493,bin_1
config_526,1152,6,6,0.0029606858734041,0.8050237894058228,0.9015265703201294,0.0254907682538032,0.0006367419264279,32,9499.0,679006811282374656,622546304,153485568,16,0.0006367419264279,311296000.0,3.394676646783869e+17,4749.0,2.0316792642874795,2.053228224027352,bin_0
config_526,1152,6,6,0.0029606858734041,0.8050237894058228,0.9015265703201294,0.0254907682538032,0.0006367419264279,32,9499.0,679006811282374656,622546304,153485568,16,0.0001289270842767,619315200.0,6.790068112823747e+17,9499.0,1.884040434086909,1.9040924757425903,bin_0
config_527,512,22,16,0.0015504432376474,0.9185720682144164,0.9741712808609008,0.1314922571182251,2.356519325985573e-05,64,21682.0,2504042057697067008,2841904384,100738048,8,2.356519325985573e-05,1592524800.0,1.405621985251868e+18,12171.0,2.2036102933180137,2.227075411081314,bin_1
config_527,512,22,16,0.0015504432376474,0.9185720682144164,0.9741712808609008,0.1314922571182251,2.356519325985573e-05,64,21682.0,2504042057697067008,2841904384,100738048,8,2.644988370099574e-07,2837708800.0,2.504042057697067e+18,21682.0,1.9925903581595807,2.0143409157581016,bin_1
config_528,384,17,24,0.0144912954419851,0.8312855362892151,0.9103177785873412,0.1698274612426757,7.474860467482358e-05,32,4457.0,133423961188515840,292111808,49400832,16,7.474860467482358e-05,147456000.0,6.669701268297359e+16,2228.0,2.8328276321536205,2.861921151739652,bin_0
config_528,384,17,24,0.0144912954419851,0.8312855362892151,0.9103177785873412,0.1698274612426757,7.474860467482358e-05,32,4457.0,133423961188515840,292111808,49400832,16,6.921167099520727e-07,291635200.0,1.3342396118851584e+17,4457.0,2.583990934207791,2.6112843941860517,bin_0
config_529,896,14,14,0.0354368835687637,0.912324607372284,0.9951472282409668,0.1012118011713028,9.96192466118373e-05,64,8404.0,1571189923949248512,1101550336,186369792,8,9.96192466118373e-05,550502400.0,7.855949619746243e+17,4202.0,1.95958343861533,1.9799552798271176,bin_1
config_529,896,14,14,0.0354368835687637,0.912324607372284,0.9951472282409668,0.1012118011713028,9.96192466118373e-05,64,8404.0,1571189923949248512,1101550336,186369792,8,4.6879645464393193e-07,1101004800.0,1.5711899239492485e+18,8404.0,1.7878265922968506,1.8073555061856252,bin_1
config_530,576,19,6,0.0052441013976931,0.8492331504821777,0.9935017824172974,0.2893713414669037,0.0004991202731616,64,12573.0,1477610906724679680,1648040320,104626944,8,5.803405045282865e-05,1592524800.0,1.430366845283232e+18,12171.0,1.6898862449067538,1.7068766261710495,bin_1
config_530,576,19,6,0.0052441013976931,0.8492331504821777,0.9935017824172974,0.2893713414669037,0.0004991202731616,64,12573.0,1477610906724679680,1648040320,104626944,8,3.155515745662126e-06,1644953600.0,1.4776109067246797e+18,12573.0,1.6856691028251023,1.7025535806866945,bin_1
config_531,448,11,4,0.0270210187882184,0.863174319267273,0.9720531105995178,0.1728066354990005,0.0001456454483559,128,56690.0,6282991197178429440,14861063168,50288896,16,0.0001456454483559,1599078400.0,6.74515512895183e+17,6086.0,1.9629437486460952,1.9845846753433103,bin_2
config_531,448,11,4,0.0270210187882184,0.863174319267273,0.9720531105995178,0.1728066354990005,0.0001456454483559,128,56690.0,6282991197178429440,14861063168,50288896,16,0.0001456454483559,3185049600.0,1.3489201951112837e+18,12171.0,1.827850424969783,1.8478640973763387,bin_2
config_531,448,11,4,0.0270210187882184,0.863174319267273,0.9720531105995178,0.1728066354990005,0.0001456454483559,128,56690.0,6282991197178429440,14861063168,50288896,16,0.0001456454483559,4784128000.0,2.0234357080064663e+18,18257.0,1.7783271055143388,1.7965421833757491,bin_2
config_531,448,11,4,0.0270210187882184,0.863174319267273,0.9720531105995178,0.1728066354990005,0.0001456454483559,128,56690.0,6282991197178429440,14861063168,50288896,16,0.0001456454483559,6383206400.0,2.6978403902225674e+18,24342.0,1.7487937212381206,1.7666035463770882,bin_2
config_531,448,11,4,0.0270210187882184,0.863174319267273,0.9720531105995178,0.1728066354990005,0.0001456454483559,128,56690.0,6282991197178429440,14861063168,50288896,16,0.0001456454483559,7982284800.0,3.3723559031177503e+18,30428.0,1.7298020508250251,1.7474125867202634,bin_2
config_531,448,11,4,0.0270210187882184,0.863174319267273,0.9720531105995178,0.1728066354990005,0.0001456454483559,128,56690.0,6282991197178429440,14861063168,50288896,16,0.0001456454483559,9568256000.0,4.046871416012933e+18,36514.0,1.7148858637887925,1.7324831866436317,bin_2
config_531,448,11,4,0.0270210187882184,0.863174319267273,0.9720531105995178,0.1728066354990005,0.0001456454483559,128,56690.0,6282991197178429440,14861063168,50288896,16,0.0001456454483559,11167334400.0,4.721276098229033e+18,42599.0,1.7040177204960685,1.7211602094916048,bin_2
config_531,448,11,4,0.0270210187882184,0.863174319267273,0.9720531105995178,0.1728066354990005,0.0001456454483559,128,56690.0,6282991197178429440,14861063168,50288896,16,0.0001187941131445,12766412800.0,5.395791611124217e+18,48685.0,1.690168071418512,1.7069078453251574,bin_2
config_531,448,11,4,0.0270210187882184,0.863174319267273,0.9720531105995178,0.1728066354990005,0.0001456454483559,128,56690.0,6282991197178429440,14861063168,50288896,16,2.8843626971265305e-05,14352384000.0,6.070196293340318e+18,54770.0,1.664847394013014,1.6808308873411084,bin_2
config_531,448,11,4,0.0270210187882184,0.863174319267273,0.9720531105995178,0.1728066354990005,0.0001456454483559,128,56690.0,6282991197178429440,14861063168,50288896,16,5.947139581704175e-07,14850457600.0,6.282991197178429e+18,56690.0,1.6593694556736556,1.6751393066468787,bin_2
config_532,384,22,16,0.0017820738721638,0.8639664053916931,0.9635403752326964,0.1379625350236892,0.0013503121444955,32,8003.0,292173585459240960,524523616,58252032,16,0.0013503121444955,262144000.0,1.460685387257807e+17,4001.0,2.097411081087394,2.117702898979187,bin_0
config_532,384,22,16,0.0017820738721638,0.8639664053916931,0.9635403752326964,0.1379625350236892,0.0013503121444955,32,8003.0,292173585459240960,524523616,58252032,16,3.669326479607436e-06,524288000.0,2.9217358545924096e+17,8003.0,1.9068969106674196,1.9260444165839523,bin_0
config_534,640,14,20,0.0073418808169662,0.8177918791770935,0.9802511930465698,0.1192711889743805,8.134889503708109e-05,64,41682.0,4588783923609600000,5463462400,103302400,16,8.134889503708109e-05,1592524800.0,1.3399090526906683e+18,12171.0,1.8826645360227487,1.9036632592169964,bin_1
config_534,640,14,20,0.0073418808169662,0.8177918791770935,0.9802511930465698,0.1192711889743805,8.134889503708109e-05,64,41682.0,4588783923609600000,5463462400,103302400,16,8.134889503708109e-05,3191603200.0,2.679818105381337e+18,24342.0,1.7644766905268685,1.783679781194593,bin_1
config_534,640,14,20,0.0073418808169662,0.8177918791770935,0.9802511930465698,0.1192711889743805,8.134889503708109e-05,64,41682.0,4588783923609600000,5463462400,103302400,16,8.134889503708109e-05,4784128000.0,4.019837248372941e+18,36514.0,1.7140788722819968,1.731364119248312,bin_1
config_534,640,14,20,0.0073418808169662,0.8177918791770935,0.9802511930465698,0.1192711889743805,8.134889503708109e-05,64,41682.0,4588783923609600000,5463462400,103302400,16,5.236702154871479e-07,5459148800.0,4.5887839236096e+18,41682.0,1.67238162185325,1.688924623551916,bin_1
config_535,1088,23,16,0.090029053390026,0.8304455876350403,0.9610896110534668,0.0097373314201831,8.915405487641692e-05,128,60778.0,47484721618856312832,15932589056,394278144,8,8.915405487641692e-05,1599078400.0,4.754878669458678e+18,6086.0,1.822083607658011,1.840595855537008,bin_2
config_535,1088,23,16,0.090029053390026,0.8304455876350403,0.9610896110534668,0.0097373314201831,8.915405487641692e-05,128,60778.0,47484721618856312832,15932589056,394278144,8,8.915405487641692e-05,3185049600.0,9.50897605750601e+18,12171.0,1.6719099082125992,1.6899920932777592,bin_2
config_535,1088,23,16,0.090029053390026,0.8304455876350403,0.9610896110534668,0.0097373314201831,8.915405487641692e-05,128,60778.0,47484721618856312832,15932589056,394278144,8,8.915405487641692e-05,4784128000.0,1.4263854726964689e+19,18257.0,1.6101212566602423,1.6260147205532574,bin_2
config_535,1088,23,16,0.090029053390026,0.8304455876350403,0.9610896110534668,0.0097373314201831,8.915405487641692e-05,128,60778.0,47484721618856312832,15932589056,394278144,8,8.915405487641692e-05,6383206400.0,1.901795211501202e+19,24342.0,1.5719216693620213,1.587491099404507,bin_2
config_535,1088,23,16,0.090029053390026,0.8304455876350403,0.9610896110534668,0.0097373314201831,8.915405487641692e-05,128,60778.0,47484721618856312832,15932589056,394278144,8,8.915405487641692e-05,7982284800.0,2.3772830784470696e+19,30428.0,1.5463028308016356,1.5613693572849523,bin_2
config_535,1088,23,16,0.090029053390026,0.8304455876350403,0.9610896110534668,0.0097373314201831,8.915405487641692e-05,128,60778.0,47484721618856312832,15932589056,394278144,8,8.915405487641692e-05,9568256000.0,2.8527709453929374e+19,36514.0,1.5261118923249792,1.540480308395917,bin_2
config_535,1088,23,16,0.090029053390026,0.8304455876350403,0.9610896110534668,0.0097373314201831,8.915405487641692e-05,128,60778.0,47484721618856312832,15932589056,394278144,8,8.915405487641692e-05,11167334400.0,3.32818068419767e+19,42599.0,1.5111169911212607,1.5248996552092131,bin_2
config_535,1088,23,16,0.090029053390026,0.8304455876350403,0.9610896110534668,0.0097373314201831,8.915405487641692e-05,128,60778.0,47484721618856312832,15932589056,394278144,8,8.915405487641692e-05,12766412800.0,3.803668551143538e+19,48685.0,1.4983331134084796,1.512166438952821,bin_2
config_535,1088,23,16,0.090029053390026,0.8304455876350403,0.9610896110534668,0.0097373314201831,8.915405487641692e-05,128,60778.0,47484721618856312832,15932589056,394278144,8,8.915405487641692e-05,14352384000.0,4.279078289948272e+19,54770.0,1.4890900842772157,1.5021205123917,bin_2
config_535,1088,23,16,0.090029053390026,0.8304455876350403,0.9610896110534668,0.0097373314201831,8.915405487641692e-05,128,60778.0,47484721618856312832,15932589056,394278144,8,4.223880772486754e-06,15925248000.0,4.748472161885631e+19,60778.0,1.458887232815633,1.4719785804826706,bin_2
config_536,512,9,16,0.0051707420498132,0.8613818287849426,0.9828129410743712,0.2085537165403366,0.0024074912071228,64,75530.0,4472015599372861440,9899923456,56422400,16,0.0024074912071228,1592524800.0,7.206262658541916e+17,12171.0,1.7964320874995872,1.8156390438705197,bin_1
config_536,512,9,16,0.0051707420498132,0.8613818287849426,0.9828129410743712,0.2085537165403366,0.0024074912071228,64,75530.0,4472015599372861440,9899923456,56422400,16,0.0024074912071228,3191603200.0,1.4412525317083832e+18,24342.0,1.7372074842453002,1.7552618958520108,bin_1
config_536,512,9,16,0.0051707420498132,0.8613818287849426,0.9828129410743712,0.2085537165403366,0.0024074912071228,64,75530.0,4472015599372861440,9899923456,56422400,16,0.0024074912071228,4784128000.0,2.161938006030725e+18,36514.0,1.7131082904534265,1.7294076225405834,bin_1
config_536,512,9,16,0.0051707420498132,0.8613818287849426,0.9828129410743712,0.2085537165403366,0.0024074912071228,64,75530.0,4472015599372861440,9899923456,56422400,16,0.0024074912071228,6383206400.0,2.8825642718849167e+18,48685.0,1.6975625532963237,1.7134040276730649,bin_1
config_536,512,9,16,0.0051707420498132,0.8613818287849426,0.9828129410743712,0.2085537165403366,0.0024074912071228,64,75530.0,4472015599372861440,9899923456,56422400,16,0.0022436497537177,7975731200.0,3.603190537739109e+18,60856.0,1.686131067862276,1.7016363967051271,bin_1
config_536,512,9,16,0.0051707420498132,0.8613818287849426,0.9828129410743712,0.2085537165403366,0.0024074912071228,64,75530.0,4472015599372861440,9899923456,56422400,16,0.0003790361981757,9574809600.0,4.3238168035933e+18,73027.0,1.632569787658629,1.6469911932554402,bin_1
config_536,512,9,16,0.0051707420498132,0.8613818287849426,0.9828129410743712,0.2085537165403366,0.0024074912071228,64,75530.0,4472015599372861440,9899923456,56422400,16,4.585115300513153e-06,9895936000.0,4.472015599372861e+18,75530.0,1.6248149978528257,1.639262125374841,bin_1
config_539,1152,11,12,0.0050892131403088,0.8077093958854675,0.9000211954116821,0.0262959320098161,0.0003256532363593,64,9298.0,2084079250112643072,1218754048,233123328,8,0.0003256532363593,609484800.0,1.0420396250563215e+18,4649.0,1.8651169239693,1.883380444694738,bin_1
config_539,1152,11,12,0.0050892131403088,0.8077093958854675,0.9000211954116821,0.0262959320098161,0.0003256532363593,64,9298.0,2084079250112643072,1218754048,233123328,8,6.406293174282448e-05,1212416000.0,2.084079250112643e+18,9298.0,1.7259963471967663,1.7438414571128908,bin_1
config_54,384,24,16,0.0033426827285438,0.8811138868331909,0.903925120830536,0.2756912112236023,7.142902177292854e-05,64,28044.0,2194941409698447360,3675790080,61792512,16,7.142902177292854e-05,1592524800.0,9.52597058102974e+17,12171.0,2.023959764730735,2.0457693664754024,bin_1
config_54,384,24,16,0.0033426827285438,0.8811138868331909,0.903925120830536,0.2756912112236023,7.142902177292854e-05,64,28044.0,2194941409698447360,3675790080,61792512,16,3.412997108125702e-05,3191603200.0,1.905194116205948e+18,24342.0,1.8733993483762272,1.8941156973995144,bin_1
config_54,384,24,16,0.0033426827285438,0.8811138868331909,0.903925120830536,0.2756912112236023,7.142902177292854e-05,64,28044.0,2194941409698447360,3675790080,61792512,16,4.0652916285200085e-07,3670016000.0,2.1949414096984476e+18,28044.0,1.8504345715632204,1.8709307807781657,bin_1
config_540,896,14,4,0.0594098567962646,0.8597028851509094,0.988943874835968,0.1891155242919922,8.245614299084991e-05,64,34766.0,6499805478932054016,4556968448,186369792,8,8.245614299084991e-05,1592524800.0,2.2754740977990572e+18,12171.0,1.783740564311137,1.8021373710085131,bin_2
config_540,896,14,4,0.0594098567962646,0.8597028851509094,0.988943874835968,0.1891155242919922,8.245614299084991e-05,64,34766.0,6499805478932054016,4556968448,186369792,8,8.245614299084991e-05,3191603200.0,4.550948195598115e+18,24342.0,1.6870278070598352,1.7051241088304363,bin_2
config_540,896,14,4,0.0594098567962646,0.8597028851509094,0.988943874835968,0.1891155242919922,8.245614299084991e-05,64,34766.0,6499805478932054016,4556968448,186369792,8,2.006842543129917e-07,4554752000.0,6.499805478932054e+18,34766.0,1.6141238326322838,1.6307793956897298,bin_2
config_543,704,12,8,0.0336865782737731,0.9599584937095642,0.9285777807235718,0.2352309226989746,0.0001739056460792,64,12076.0,1383684559749955584,1582886784,111106688,16,0.0001739056460792,792985600.0,6.918422798749778e+17,6038.0,1.8823677245906143,1.902141679818513,bin_1
config_543,704,12,8,0.0336865782737731,0.9599584937095642,0.9285777807235718,0.2352309226989746,0.0001739056460792,64,12076.0,1383684559749955584,1582886784,111106688,16,1.59209394297877e-06,1579417600.0,1.3836845597499556e+18,12076.0,1.7423516937552903,1.7608002766624826,bin_1
config_544,640,11,16,0.0135884601622819,0.9044287204742432,0.9328563809394836,0.13579723238945,1.7222686437889934e-05,32,3434.0,157841466774712320,225071312,88061440,16,1.7222686437889934e-05,111411200.0,7.892073338735616e+16,1717.0,3.1212973158476784,3.1541532654058737,bin_0
config_544,640,11,16,0.0135884601622819,0.9044287204742432,0.9328563809394836,0.13579723238945,1.7222686437889934e-05,32,3434.0,157841466774712320,225071312,88061440,16,1.2565908559833853e-06,222822400.0,1.5784146677471232e+17,3434.0,2.8921326655247173,2.922405312334905,bin_0
config_545,704,5,4,0.0057585355825722,0.9879997372627258,0.9012895226478576,0.2537324130535126,0.0003537924203556,64,26660.0,1705707865411190784,3494495488,66941952,16,0.0003537924203556,1592524800.0,7.787010663885823e+17,12171.0,2.9788976366011823,3.0092442892418534,bin_1
config_545,704,5,4,0.0057585355825722,0.9879997372627258,0.9012895226478576,0.2537324130535126,0.0003537924203556,64,26660.0,1705707865411190784,3494495488,66941952,16,0.0001208250282408,3191603200.0,1.5574021327771643e+18,24342.0,4.66978069633734,4.664564535422404,bin_1
config_545,704,5,4,0.0057585355825722,0.9879997372627258,0.9012895226478576,0.2537324130535126,0.0003537924203556,64,26660.0,1705707865411190784,3494495488,66941952,16,5.230520703068827e-07,3493068800.0,1.7057078654111908e+18,26660.0,4.342342909437711,4.3552831573173645,bin_1
config_546,576,21,18,0.0337359756231308,0.8424671292304993,0.9280006885528564,0.0687674954533577,0.0007750855875201,64,45403.0,5788533456912384000,5951155200,112591872,8,0.0007750855875201,1592524800.0,1.5517089334202724e+18,12171.0,1.787747031919292,1.8053659584678587,bin_2
config_546,576,21,18,0.0337359756231308,0.8424671292304993,0.9280006885528564,0.0687674954533577,0.0007750855875201,64,45403.0,5788533456912384000,5951155200,112591872,8,0.0007750855875201,3191603200.0,3.103417866840545e+18,24342.0,1.7272902708952544,1.7450672013446933,bin_2
config_546,576,21,18,0.0337359756231308,0.8424671292304993,0.9280006885528564,0.0687674954533577,0.0007750855875201,64,45403.0,5788533456912384000,5951155200,112591872,8,0.0007750855875201,4784128000.0,4.655254292573151e+18,36514.0,1.7016220261034418,1.7181193149089813,bin_2
config_546,576,21,18,0.0337359756231308,0.8424671292304993,0.9280006885528564,0.0687674954533577,0.0007750855875201,64,45403.0,5788533456912384000,5951155200,112591872,8,7.447971693019285e-07,5950668800.0,5.788533456912384e+18,45403.0,1.6131272508081842,1.628642087295407,bin_2
config_547,768,13,24,0.0187355801463127,0.9003478288650513,0.969220757484436,0.0454691834747791,0.0008537071989849,32,4319.0,291321372858531840,283078560,130646016,8,0.0008537071989849,140902400.0,1.4562696087093546e+17,2159.0,2.1480845549458363,2.169435164869809,bin_0
config_547,768,13,24,0.0187355801463127,0.9003478288650513,0.969220757484436,0.0454691834747791,0.0008537071989849,32,4319.0,291321372858531840,283078560,130646016,8,8.275733051384441e-05,281804800.0,2.9132137285853184e+17,4319.0,1.9382335433412767,1.9580449608310324,bin_0
config_548,256,8,16,0.0016087478725239,0.9556512832641602,0.9124953746795654,0.2993775308132171,8.889654418453574e-05,32,3078.0,33985613774364672,201753008,19691008,16,8.889654418453574e-05,101580800.0,1.6992806887182336e+16,1539.0,3.26491660024299,3.298996106288472,bin_0
config_548,256,8,16,0.0016087478725239,0.9556512832641602,0.9124953746795654,0.2993775308132171,8.889654418453574e-05,32,3078.0,33985613774364672,201753008,19691008,16,2.7026093780314902e-06,199884800.0,3.398561377436467e+16,3078.0,2.996230657530613,3.0283059008395083,bin_0
config_549,576,17,12,0.0212197378277778,0.8939684629440308,0.9714889526367188,0.1606993377208709,0.0001172821357613,32,3374.0,181428483207628800,221119600,96662016,8,0.0001172821357613,111411200.0,9.07142416038144e+16,1687.0,2.608616105181272,2.636245480736748,bin_0
config_549,576,17,12,0.0212197378277778,0.8939684629440308,0.9714889526367188,0.1606993377208709,0.0001172821357613,32,3374.0,181428483207628800,221119600,96662016,8,5.193304904561319e-06,219545600.0,1.814284832076288e+17,3374.0,2.235590824748649,2.258325902184502,bin_0
config_55,832,17,16,0.0913548916578292,0.8025023341178894,0.937713384628296,0.051903948187828,0.0001684664166532,64,68819.0,13238146885321752576,9020311552,186694144,8,0.0001684664166532,1592524800.0,2.341235498063777e+18,12171.0,1.7729961825198814,1.7911942507399887,bin_2
config_55,832,17,16,0.0913548916578292,0.8025023341178894,0.937713384628296,0.051903948187828,0.0001684664166532,64,68819.0,13238146885321752576,9020311552,186694144,8,0.0001684664166532,3191603200.0,4.682470996127554e+18,24342.0,1.6810155636951571,1.6987601955210576,bin_2
config_55,832,17,16,0.0913548916578292,0.8025023341178894,0.937713384628296,0.051903948187828,0.0001684664166532,64,68819.0,13238146885321752576,9020311552,186694144,8,0.0001684664166532,4784128000.0,7.023898855993817e+18,36514.0,1.6445418697497884,1.659682903680645,bin_2
config_55,832,17,16,0.0913548916578292,0.8025023341178894,0.937713384628296,0.051903948187828,0.0001684664166532,64,68819.0,13238146885321752576,9020311552,186694144,8,0.0001684664166532,6383206400.0,9.365134354057593e+18,48685.0,1.6234500632129731,1.6381734294774102,bin_2
config_55,832,17,16,0.0913548916578292,0.8025023341178894,0.937713384628296,0.051903948187828,0.0001684664166532,64,68819.0,13238146885321752576,9020311552,186694144,8,0.0001684664166532,7975731200.0,1.170636985212137e+19,60856.0,1.6104018333700836,1.6242700788818425,bin_2
config_55,832,17,16,0.0913548916578292,0.8025023341178894,0.937713384628296,0.051903948187828,0.0001684664166532,64,68819.0,13238146885321752576,9020311552,186694144,8,8.963488984630851e-07,9017753600.0,1.3238146885321753e+19,68819.0,1.5440654580808078,1.561072927166204,bin_2
config_551,512,5,16,0.0025389841757714,0.8631035089492798,0.984102725982666,0.1035406067967414,0.0067458520643413,64,10223.0,428263161584025600,1339990400,42786816,16,0.0067458520643413,668467200.0,2.1411063473109213e+17,5111.0,3.0536222340630705,3.086076955482608,bin_0
config_551,512,5,16,0.0025389841757714,0.8631035089492798,0.984102725982666,0.1035406067967414,0.0067458520643413,64,10223.0,428263161584025600,1339990400,42786816,16,0.0001466489579204,1336934400.0,4.282631615840256e+17,10223.0,2.8957133286116554,2.926596856977119,bin_0
config_552,448,4,8,0.0024217499885708,0.9200093746185304,0.9134805202484132,0.2251429706811905,0.0003273439942859,64,34051.0,1070001143863443456,4463172608,32620672,16,0.0003273439942859,1592524800.0,3.824552559972386e+17,12171.0,1.9439932412397667,1.9652048652680196,bin_1
config_552,448,4,8,0.0024217499885708,0.9200093746185304,0.9134805202484132,0.2251429706811905,0.0003273439942859,64,34051.0,1070001143863443456,4463172608,32620672,16,0.0003273439942859,3191603200.0,7.649105119944772e+17,24342.0,1.8916792120699024,1.9127334973069487,bin_1
config_552,448,4,8,0.0024217499885708,0.9200093746185304,0.9134805202484132,0.2251429706811905,0.0003273439942859,64,34051.0,1070001143863443456,4463172608,32620672,16,4.270075584214463e-08,4463001600.0,1.0700011438634436e+18,34051.0,1.8243466236161403,1.842739344542144,bin_1
config_553,256,12,4,0.0390718691051006,0.8511517643928528,0.9481709003448486,0.2404150366783142,0.0016127225244417,64,22455.0,630043268530176000,2943238400,23100928,16,0.0016127225244417,1592524800.0,3.4149439417861376e+17,12171.0,1.9342628713904837,1.9548322299269376,bin_0
config_553,256,12,4,0.0390718691051006,0.8511517643928528,0.9481709003448486,0.2404150366783142,0.0016127225244417,64,22455.0,630043268530176000,2943238400,23100928,16,1.4938148614688628e-06,2942566400.0,6.30043268530176e+17,22455.0,1.8178464087892752,1.837333905931379,bin_0
config_554,896,12,16,0.0361963361501693,0.9114911556243896,0.9548929929733276,0.0853696390986442,0.0001572812616359,32,7804.0,645069829060952064,511475712,166181120,8,0.0001572812616359,255590400.0,3.22534914530476e+17,3902.0,2.0896101480233864,2.111021226683601,bin_0
config_554,896,12,16,0.0361963361501693,0.9114911556243896,0.9548929929733276,0.0853696390986442,0.0001572812616359,32,7804.0,645069829060952064,511475712,166181120,8,9.446322020176884e-07,511180800.0,6.45069829060952e+17,7804.0,1.8901412748313344,1.9106378127903236,bin_0
config_555,768,18,16,0.0237780660390853,0.8432180285453796,0.985576868057251,0.0072029652073979,1.451543630537344e-05,32,12567.0,1100233493736357888,823634752,166043136,8,1.451543630537344e-05,412876800.0,5.500729721608608e+17,6283.0,2.656454029513187,2.6839229684970416,bin_1
config_555,768,18,16,0.0237780660390853,0.8432180285453796,0.985576868057251,0.0072029652073979,1.451543630537344e-05,32,12567.0,1100233493736357888,823634752,166043136,8,2.7418046354594287e-06,822476800.0,1.100233493736358e+18,12567.0,2.339746394997737,2.3642866943312475,bin_1
config_556,256,21,16,0.0402980595827102,0.8564178347587585,0.904316246509552,0.147310122847557,1.0677696991479024e-05,128,55549.0,4611710219358044160,14562037760,30773248,16,1.0677696991479024e-05,1599078400.0,5.052632521739916e+17,6086.0,3.1613300230464,3.1949775319021256,bin_1
config_556,256,21,16,0.0402980595827102,0.8564178347587585,0.904316246509552,0.147310122847557,1.0677696991479024e-05,128,55549.0,4611710219358044160,14562037760,30773248,16,1.0677696991479024e-05,3185049600.0,1.010443483767606e+18,12171.0,2.8560577545791377,2.8861789603311507,bin_1
config_556,256,21,16,0.0402980595827102,0.8564178347587585,0.904316246509552,0.147310122847557,1.0677696991479024e-05,128,55549.0,4611710219358044160,14562037760,30773248,16,1.0677696991479024e-05,4784128000.0,1.515706735941598e+18,18257.0,2.707606297477347,2.73626781401087,bin_1
config_556,256,21,16,0.0402980595827102,0.8564178347587585,0.904316246509552,0.147310122847557,1.0677696991479024e-05,128,55549.0,4611710219358044160,14562037760,30773248,16,1.0677696991479024e-05,6383206400.0,2.0208869675352123e+18,24342.0,2.597867910705629,2.625281195875074,bin_1
config_556,256,21,16,0.0402980595827102,0.8564178347587585,0.904316246509552,0.147310122847557,1.0677696991479024e-05,128,55549.0,4611710219358044160,14562037760,30773248,16,1.0677696991479024e-05,7982284800.0,2.5261502197092035e+18,30428.0,2.5124390775258423,2.5391914022945965,bin_1
config_556,256,21,16,0.0402980595827102,0.8564178347587585,0.904316246509552,0.147310122847557,1.0677696991479024e-05,128,55549.0,4611710219358044160,14562037760,30773248,16,1.0677696991479024e-05,9568256000.0,3.031413471883196e+18,36514.0,2.435570949296482,2.4625719959227763,bin_1
config_556,256,21,16,0.0402980595827102,0.8564178347587585,0.904316246509552,0.147310122847557,1.0677696991479024e-05,128,55549.0,4611710219358044160,14562037760,30773248,16,1.0677696991479024e-05,11167334400.0,3.53659370347681e+18,42599.0,2.362591319514103,2.3884172101880683,bin_1
config_556,256,21,16,0.0402980595827102,0.8564178347587585,0.904316246509552,0.147310122847557,1.0677696991479024e-05,128,55549.0,4611710219358044160,14562037760,30773248,16,8.938101527088712e-06,12766412800.0,4.0418569556508017e+18,48685.0,2.298089050191348,2.3228153386272368,bin_1
config_556,256,21,16,0.0402980595827102,0.8564178347587585,0.904316246509552,0.147310122847557,1.0677696991479024e-05,128,55549.0,4611710219358044160,14562037760,30773248,16,1.0427132603509838e-06,14352384000.0,4.547037187244417e+18,54770.0,2.2656330852821225,2.288415129849168,bin_1
config_556,256,21,16,0.0402980595827102,0.8564178347587585,0.904316246509552,0.147310122847557,1.0677696991479024e-05,128,55549.0,4611710219358044160,14562037760,30773248,16,6.394611984630581e-08,14548992000.0,4.611710219358044e+18,55549.0,2.26448864635874,2.287192174762976,bin_1
config_557,512,13,16,0.137888953089714,0.8199853897094727,0.9093714952468872,0.1425899267196655,0.0026003892999142,32,10581.0,404881036717326336,693476096,70057984,16,0.0026003892999142,347340800.0,2.024213859025287e+17,5290.0,2.1396948369213797,2.160903720738458,bin_0
config_557,512,13,16,0.137888953089714,0.8199853897094727,0.9093714952468872,0.1425899267196655,0.0026003892999142,32,10581.0,404881036717326336,693476096,70057984,16,5.345627871176494e-05,691404800.0,4.048810367173264e+17,10581.0,1.907873637637154,1.9269052201411765,bin_0
config_559,832,16,8,0.0033777125645428,0.9824081659317015,0.9580312967300416,0.0200356543064117,3.480388841126114e-05,64,75233.0,13766187281200054272,9860969472,178172800,8,3.480388841126114e-05,1592524800.0,2.2270581446903068e+18,12171.0,1.930781255823667,1.950432440746026,bin_2
config_559,832,16,8,0.0033777125645428,0.9824081659317015,0.9580312967300416,0.0200356543064117,3.480388841126114e-05,64,75233.0,13766187281200054272,9860969472,178172800,8,3.480388841126114e-05,3191603200.0,4.4541162893806136e+18,24342.0,1.77585151560971,1.795152188148655,bin_2
config_559,832,16,8,0.0033777125645428,0.9824081659317015,0.9580312967300416,0.0200356543064117,3.480388841126114e-05,64,75233.0,13766187281200054272,9860969472,178172800,8,3.480388841126114e-05,4784128000.0,6.681357414774618e+18,36514.0,1.7127732605035189,1.729787682275303,bin_2
config_559,832,16,8,0.0033777125645428,0.9824081659317015,0.9580312967300416,0.0200356543064117,3.480388841126114e-05,64,75233.0,13766187281200054272,9860969472,178172800,8,3.480388841126114e-05,6383206400.0,8.908415559464924e+18,48685.0,1.6742973011243538,1.6906991817325845,bin_2
config_559,832,16,8,0.0033777125645428,0.9824081659317015,0.9580312967300416,0.0200356543064117,3.480388841126114e-05,64,75233.0,13766187281200054272,9860969472,178172800,8,3.480388841126114e-05,7975731200.0,1.1135473704155232e+19,60856.0,1.6467494279634758,1.6628393862286552,bin_2
config_559,832,16,8,0.0033777125645428,0.9824081659317015,0.9580312967300416,0.0200356543064117,3.480388841126114e-05,64,75233.0,13766187281200054272,9860969472,178172800,8,3.480388841126114e-05,9574809600.0,1.3362531848845535e+19,73027.0,1.625962325881739,1.641344734234888,bin_2
config_559,832,16,8,0.0033777125645428,0.9824081659317015,0.9580312967300416,0.0200356543064117,3.480388841126114e-05,64,75233.0,13766187281200054272,9860969472,178172800,8,7.621289433122828e-07,9856614400.0,1.3766187281200054e+19,75233.0,1.605347765879553,1.6205273881896598,bin_2
config_56,512,19,8,0.0167514309287071,0.9526915550231934,0.9388031959533693,0.2194300591945648,0.0004948822315782,32,4139.0,212127364104192000,271254400,90511360,8,0.0004948822315782,134348800.0,1.0603805661550451e+17,2069.0,2.3194150284470103,2.3435745152489083,bin_0
config_56,512,19,8,0.0167514309287071,0.9526915550231934,0.9388031959533693,0.2194300591945648,0.0004948822315782,32,4139.0,212127364104192000,271254400,90511360,8,2.1255954880562776e-05,268697600.0,2.12127364104192e+17,4139.0,2.040741389481748,2.061778025158116,bin_0
config_560,1024,10,8,0.0284035708755254,0.9472997784614564,0.976985514163971,0.1711904257535934,7.679024565732107e-05,128,40598.0,14168108801829371904,10642603008,179955712,8,7.679024565732107e-05,1599078400.0,2.1239250743370007e+18,6086.0,1.872990580425888,1.891896522025593,bin_2
config_560,1024,10,8,0.0284035708755254,0.9472997784614564,0.976985514163971,0.1711904257535934,7.679024565732107e-05,128,40598.0,14168108801829371904,10642603008,179955712,8,7.679024565732107e-05,3185049600.0,4.2475011632855137e+18,12171.0,1.7384649728947,1.7567685132339352,bin_2
config_560,1024,10,8,0.0284035708755254,0.9472997784614564,0.976985514163971,0.1711904257535934,7.679024565732107e-05,128,40598.0,14168108801829371904,10642603008,179955712,8,7.679024565732107e-05,4784128000.0,6.371426237622515e+18,18257.0,1.682162012663044,1.698714745533271,bin_2
config_560,1024,10,8,0.0284035708755254,0.9472997784614564,0.976985514163971,0.1711904257535934,7.679024565732107e-05,128,40598.0,14168108801829371904,10642603008,179955712,8,7.679024565732107e-05,6383206400.0,8.495002326571027e+18,24342.0,1.6471434753058387,1.6630239189843663,bin_2
config_560,1024,10,8,0.0284035708755254,0.9472997784614564,0.976985514163971,0.1711904257535934,7.679024565732107e-05,128,40598.0,14168108801829371904,10642603008,179955712,8,7.679024565732107e-05,7982284800.0,1.0618927400908028e+19,30428.0,1.6222607767777364,1.6378849735611776,bin_2
config_560,1024,10,8,0.0284035708755254,0.9472997784614564,0.976985514163971,0.1711904257535934,7.679024565732107e-05,128,40598.0,14168108801829371904,10642603008,179955712,8,4.528513839454623e-05,9568256000.0,1.274285247524503e+19,36514.0,1.5905858566526507,1.6057568540924885,bin_2
config_560,1024,10,8,0.0284035708755254,0.9472997784614564,0.976985514163971,0.1711904257535934,7.679024565732107e-05,128,40598.0,14168108801829371904,10642603008,179955712,8,5.304262183841371e-07,10629939200.0,1.4168108801829372e+19,40598.0,1.568235685561524,1.5826089474021412,bin_2
config_561,704,17,22,0.0233295951038599,0.9751349091529846,0.9973720908164978,0.2383238971233368,7.444753282470629e-05,32,14736.0,1110519790146404352,965757312,142652928,8,7.444753282470629e-05,481689600.0,5.552598950732022e+17,7368.0,2.040222237540073,2.061473248454391,bin_1
config_561,704,17,22,0.0233295951038599,0.9751349091529846,0.9973720908164978,0.2383238971233368,7.444753282470629e-05,32,14736.0,1110519790146404352,965757312,142652928,8,7.633469614609515e-07,963379200.0,1.1105197901464044e+18,14736.0,1.8564156781454555,1.8758708575319072,bin_1
config_563,1024,11,16,0.0021812457125633,0.9771543741226196,0.9166333079338074,0.1419489830732345,0.0012113230768591,64,42554.0,7995668922784284672,5577726464,192802816,8,0.0012113230768591,1592524800.0,2.286865781341532e+18,12171.0,1.715898605878236,1.7340581250190734,bin_2
config_563,1024,11,16,0.0021812457125633,0.9771543741226196,0.9166333079338074,0.1419489830732345,0.0012113230768591,64,42554.0,7995668922784284672,5577726464,192802816,8,0.0012113230768591,3191603200.0,4.5737315626830633e+18,24342.0,1.6418614975350805,1.6591689737116704,bin_2
config_563,1024,11,16,0.0021812457125633,0.9771543741226196,0.9166333079338074,0.1419489830732345,0.0012113230768591,64,42554.0,7995668922784284672,5577726464,192802816,8,0.0012113230768591,4784128000.0,6.860785238674281e+18,36514.0,1.6088668849429146,1.6245427371830237,bin_2
config_563,1024,11,16,0.0021812457125633,0.9771543741226196,0.9166333079338074,0.1419489830732345,0.0012113230768591,64,42554.0,7995668922784284672,5577726464,192802816,8,8.02200713151879e-07,5577113600.0,7.995668922784285e+18,42554.0,1.5465061033260628,1.5615295540504768,bin_2
config_565,1024,4,8,0.0030066547915339,0.8205553293228149,0.9262250065803528,0.1680163294076919,0.0002023865527007,64,26166.0,2462029730444476416,3429743872,102873088,16,0.0002023865527007,1592524800.0,1.1452023178643936e+18,12171.0,1.8477138769822044,1.8682346110656611,bin_1
config_565,1024,4,8,0.0030066547915339,0.8205553293228149,0.9262250065803528,0.1680163294076919,0.0002023865527007,64,26166.0,2462029730444476416,3429743872,102873088,16,8.360645580177513e-05,3191603200.0,2.290404635728787e+18,24342.0,1.7476829838752748,1.76725150393658,bin_1
config_565,1024,4,8,0.0030066547915339,0.8205553293228149,0.9262250065803528,0.1680163294076919,0.0002023865527007,64,26166.0,2462029730444476416,3429743872,102873088,16,7.366207559627604e-07,3427532800.0,2.4620297304444764e+18,26166.0,1.7259538911991432,1.745290927926048,bin_1
config_566,320,16,10,0.0303500033915042,0.8595975637435913,0.9823294281959534,0.2661530971527099,0.0001448235561838,64,39641.0,1850012449387315200,5195870208,38381440,16,0.0001448235561838,1592524800.0,5.680104316614872e+17,12171.0,1.9313938810786264,1.9524789837149323,bin_1
config_566,320,16,10,0.0303500033915042,0.8595975637435913,0.9823294281959534,0.2661530971527099,0.0001448235561838,64,39641.0,1850012449387315200,5195870208,38381440,16,0.0001448235561838,3191603200.0,1.1360208633229745e+18,24342.0,1.8309304007936695,1.8511785129640923,bin_1
config_566,320,16,10,0.0303500033915042,0.8595975637435913,0.9823294281959534,0.2661530971527099,0.0001448235561838,64,39641.0,1850012449387315200,5195870208,38381440,16,4.3117610424022094e-05,4784128000.0,1.7040779641514703e+18,36514.0,1.7667180557329147,1.7859590092252513,bin_1
config_566,320,16,10,0.0303500033915042,0.8595975637435913,0.9823294281959534,0.2661530971527099,0.0001448235561838,64,39641.0,1850012449387315200,5195870208,38381440,16,5.628214031788855e-07,5190451200.0,1.8500124493873152e+18,39641.0,1.7548750803900546,1.7737841581516578,bin_1
config_569,640,8,16,0.014832966029644,0.8600969314575195,0.99638032913208,0.1074435412883758,4.9993435823125765e-05,128,57963.0,8549835035458928640,15194662912,72820480,16,4.9993435823125765e-05,1599078400.0,8.9771571564279e+17,6086.0,2.159195372941064,2.1815790548871776,bin_2
config_569,640,8,16,0.014832966029644,0.8600969314575195,0.99638032913208,0.1074435412883758,4.9993435823125765e-05,128,57963.0,8549835035458928640,15194662912,72820480,16,4.9993435823125765e-05,3185049600.0,1.7952839262386458e+18,12171.0,1.9413505714447767,1.962588546549688,bin_2
config_569,640,8,16,0.014832966029644,0.8600969314575195,0.99638032913208,0.1074435412883758,4.9993435823125765e-05,128,57963.0,8549835035458928640,15194662912,72820480,16,4.9993435823125765e-05,4784128000.0,2.692999641881436e+18,18257.0,1.859603892349806,1.8789534642266448,bin_2
config_569,640,8,16,0.014832966029644,0.8600969314575195,0.99638032913208,0.1074435412883758,4.9993435823125765e-05,128,57963.0,8549835035458928640,15194662912,72820480,16,4.9993435823125765e-05,6383206400.0,3.5905678524772915e+18,24342.0,1.8120596454964308,1.8310535715837948,bin_2
config_569,640,8,16,0.014832966029644,0.8600969314575195,0.99638032913208,0.1074435412883758,4.9993435823125765e-05,128,57963.0,8549835035458928640,15194662912,72820480,16,4.9993435823125765e-05,7982284800.0,4.488283568120082e+18,30428.0,1.779878112996211,1.7985875373981035,bin_2
config_569,640,8,16,0.014832966029644,0.8600969314575195,0.99638032913208,0.1074435412883758,4.9993435823125765e-05,128,57963.0,8549835035458928640,15194662912,72820480,16,4.9993435823125765e-05,9568256000.0,5.385999283762871e+18,36514.0,1.755316198419352,1.773322883433983,bin_2
config_569,640,8,16,0.014832966029644,0.8600969314575195,0.99638032913208,0.1074435412883758,4.9993435823125765e-05,128,57963.0,8549835035458928640,15194662912,72820480,16,4.9993435823125765e-05,11167334400.0,6.283567494358727e+18,42599.0,1.736981732219946,1.7542351426062035,bin_2
config_569,640,8,16,0.014832966029644,0.8600969314575195,0.99638032913208,0.1074435412883758,4.9993435823125765e-05,128,57963.0,8549835035458928640,15194662912,72820480,16,4.9993435823125765e-05,12766412800.0,7.181283210001518e+18,48685.0,1.7224478025123722,1.7390217996816166,bin_2
config_569,640,8,16,0.014832966029644,0.8600969314575195,0.99638032913208,0.1074435412883758,4.9993435823125765e-05,128,57963.0,8549835035458928640,15194662912,72820480,16,2.579555312344678e-05,14352384000.0,8.078851420597373e+18,54770.0,1.7012326710341408,1.7171332383546674,bin_2
config_569,640,8,16,0.014832966029644,0.8600969314575195,0.99638032913208,0.1074435412883758,4.9993435823125765e-05,128,57963.0,8549835035458928640,15194662912,72820480,16,1.043704296933799e-07,15191244800.0,8.549835035458929e+18,57963.0,1.68902388986994,1.7046953796558693,bin_2
config_570,1024,22,16,0.0164758954197168,0.9564697742462158,0.9476053714752196,0.1442816853523254,0.0009751581237651,32,7117.0,1193189868625526784,466436448,334120960,8,0.0009751581237651,232652800.0,5.965111075691476e+17,3558.0,2.1152515390857323,2.13724505381506,bin_1
config_570,1024,22,16,0.0164758954197168,0.9564697742462158,0.9476053714752196,0.1442816853523254,0.0009751581237651,32,7117.0,1193189868625526784,466436448,334120960,8,1.61575907446466e-05,465305600.0,1.1931898686255268e+18,7117.0,1.8929488508623156,1.913809894479689,bin_1
config_571,768,21,24,0.0482745207846164,0.8041978478431702,0.998424768447876,0.2594394385814667,6.55403928249143e-05,128,58943.0,23484260631417716736,15451675648,187281408,8,6.55403928249143e-05,1599078400.0,2.424803796936163e+18,6086.0,1.9502119102048088,1.9707711515270296,bin_2
config_571,768,21,24,0.0482745207846164,0.8041978478431702,0.998424768447876,0.2594394385814667,6.55403928249143e-05,128,58943.0,23484260631417716736,15451675648,187281408,8,6.55403928249143e-05,3185049600.0,4.849209170639177e+18,12171.0,1.77626254626962,1.7957596177546704,bin_2
config_571,768,21,24,0.0482745207846164,0.8041978478431702,0.998424768447876,0.2594394385814667,6.55403928249143e-05,128,58943.0,23484260631417716736,15451675648,187281408,8,6.55403928249143e-05,4784128000.0,7.27401296757534e+18,18257.0,1.706941975882796,1.724240553613569,bin_2
config_571,768,21,24,0.0482745207846164,0.8041978478431702,0.998424768447876,0.2594394385814667,6.55403928249143e-05,128,58943.0,23484260631417716736,15451675648,187281408,8,6.55403928249143e-05,6383206400.0,9.698418341278351e+18,24342.0,1.663465230464935,1.6801522585993909,bin_2
config_571,768,21,24,0.0482745207846164,0.8041978478431702,0.998424768447876,0.2594394385814667,6.55403928249143e-05,128,58943.0,23484260631417716736,15451675648,187281408,8,6.55403928249143e-05,7982284800.0,1.2123222138214517e+19,30428.0,1.633683081533088,1.6500138016997792,bin_2
config_571,768,21,24,0.0482745207846164,0.8041978478431702,0.998424768447876,0.2594394385814667,6.55403928249143e-05,128,58943.0,23484260631417716736,15451675648,187281408,8,6.55403928249143e-05,9568256000.0,1.454802593515068e+19,36514.0,1.610704057333899,1.6265257337640544,bin_2
config_571,768,21,24,0.0482745207846164,0.8041978478431702,0.998424768447876,0.2594394385814667,6.55403928249143e-05,128,58943.0,23484260631417716736,15451675648,187281408,8,6.55403928249143e-05,11167334400.0,1.6972431308853694e+19,42599.0,1.593249926527993,1.608623617770242,bin_2
config_571,768,21,24,0.0482745207846164,0.8041978478431702,0.998424768447876,0.2594394385814667,6.55403928249143e-05,128,58943.0,23484260631417716736,15451675648,187281408,8,4.3900748345906174e-05,12766412800.0,1.9397235105789858e+19,48685.0,1.5698030704748436,1.5844100360987616,bin_2
config_571,768,21,24,0.0482745207846164,0.8041978478431702,0.998424768447876,0.2594394385814667,6.55403928249143e-05,128,58943.0,23484260631417716736,15451675648,187281408,8,1.7970891127051117e-05,14352384000.0,2.1821640479492874e+19,54770.0,1.549420689500746,1.5627433427630877,bin_2
config_571,768,21,24,0.0482745207846164,0.8041978478431702,0.998424768447876,0.2594394385814667,6.55403928249143e-05,128,58943.0,23484260631417716736,15451675648,187281408,8,1.842948529604579e-07,15440281600.0,2.348426063141772e+19,58943.0,1.5399849892053448,1.5530912894889957,bin_2
config_572,896,13,16,0.0061977170407772,0.9103610515594482,0.993830144405365,0.1999456584453582,0.0039911954663693,64,8021.0,1412867446369763328,1051421504,176275456,8,0.0039911954663693,524288000.0,7.063456501611708e+17,4010.0,3.398303502075008,3.432767000081109,bin_1
config_572,896,13,16,0.0061977170407772,0.9103610515594482,0.993830144405365,0.1999456584453582,0.0039911954663693,64,8021.0,1412867446369763328,1051421504,176275456,8,5.228640348955548e-05,1048576000.0,1.4128674463697633e+18,8021.0,3.1980990360994808,3.2319621814665247,bin_1
config_573,768,16,6,0.0326770022511482,0.8339313864707947,0.970871925354004,0.2652803063392639,0.0001464052475057,64,39873.0,6340318490212171776,5226354688,151884288,8,0.0001464052475057,1592524800.0,1.9353451293951383e+18,12171.0,1.7686799358930745,1.786758606257986,bin_2
config_573,768,16,6,0.0326770022511482,0.8339313864707947,0.970871925354004,0.2652803063392639,0.0001464052475057,64,39873.0,6340318490212171776,5226354688,151884288,8,0.0001464052475057,3191603200.0,3.8706902587902766e+18,24342.0,1.6797298623890171,1.6972298655744458,bin_2
config_573,768,16,6,0.0326770022511482,0.8339313864707947,0.970871925354004,0.2652803063392639,0.0001464052475057,64,39873.0,6340318490212171776,5226354688,151884288,8,4.668856006777999e-05,4784128000.0,5.806194401013399e+18,36514.0,1.6079469317881787,1.6230591282101927,bin_2
config_573,768,16,6,0.0326770022511482,0.8339313864707947,0.970871925354004,0.2652803063392639,0.0001464052475057,64,39873.0,6340318490212171776,5226354688,151884288,8,3.183625501212376e-07,5223219200.0,6.340318490212172e+18,39873.0,1.5916427265034347,1.6068243551645125,bin_2
config_574,1024,22,16,0.054877869784832,0.8202833533287048,0.9876415133476256,0.2172895222902298,1.0279468369844835e-05,64,45479.0,15249179975230685184,5961141248,334120960,8,1.0279468369844835e-05,1592524800.0,4.080955374536218e+18,12171.0,2.192045111929784,2.2151115059266324,bin_2
config_574,1024,22,16,0.054877869784832,0.8202833533287048,0.9876415133476256,0.2172895222902298,1.0279468369844835e-05,64,45479.0,15249179975230685184,5961141248,334120960,8,1.0279468369844835e-05,3191603200.0,8.161910749072436e+18,24342.0,1.9505302180423112,1.97158936162464,bin_2
config_574,1024,22,16,0.054877869784832,0.8202833533287048,0.9876415133476256,0.2172895222902298,1.0279468369844835e-05,64,45479.0,15249179975230685184,5961141248,334120960,8,9.3401484004085e-06,4784128000.0,1.2243201425175863e+19,36514.0,1.8452559459600293,1.8646153020663336,bin_2
config_574,1024,22,16,0.054877869784832,0.8202833533287048,0.9876415133476256,0.2172895222902298,1.0279468369844835e-05,64,45479.0,15249179975230685184,5961141248,334120960,8,3.0166422052772385e-08,5957222400.0,1.5249179975230683e+19,45479.0,1.7974658995378212,1.8161973770524635,bin_2
config_575,512,6,16,0.0602449402213096,0.9865899682044984,0.9441213607788086,0.2848384976387024,0.0007248498150147,64,35160.0,1625145472626720768,4608618496,46195712,16,0.0007248498150147,1592524800.0,5.625610223930552e+17,12171.0,1.8837439752015912,1.903909464976827,bin_1
config_575,512,6,16,0.0602449402213096,0.9865899682044984,0.9441213607788086,0.2848384976387024,0.0007248498150147,64,35160.0,1625145472626720768,4608618496,46195712,16,0.0007248498150147,3191603200.0,1.1251220447861105e+18,24342.0,1.81632735678407,1.8362232090215211,bin_1
config_575,512,6,16,0.0602449402213096,0.9865899682044984,0.9441213607788086,0.2848384976387024,0.0007248498150147,64,35160.0,1625145472626720768,4608618496,46195712,16,7.238364439931698e-07,4607180800.0,1.6251454726267208e+18,35160.0,1.7205510687828065,1.7395539390063677,bin_1
config_576,768,19,8,0.0055495449341833,0.9035104513168336,0.9022383093833924,0.2527274787425995,0.0039229355752468,128,47591.0,17430669991319961600,12475709440,173122560,8,0.0039229355752468,1599078400.0,2.2290571235564137e+18,6086.0,1.7136669689710022,1.7319135526750908,bin_2
config_576,768,19,8,0.0055495449341833,0.9035104513168336,0.9022383093833924,0.2527274787425995,0.0039229355752468,128,47591.0,17430669991319961600,12475709440,173122560,8,0.0039229355752468,3185049600.0,4.45774798731599e+18,12171.0,1.640962687300854,1.6585857784161802,bin_2
config_576,768,19,8,0.0055495449341833,0.9035104513168336,0.9022383093833924,0.2527274787425995,0.0039229355752468,128,47591.0,17430669991319961600,12475709440,173122560,8,0.0039229355752468,4784128000.0,6.686805110872403e+18,18257.0,1.6104202654518065,1.6258780521447542,bin_2
config_576,768,19,8,0.0055495449341833,0.9035104513168336,0.9022383093833924,0.2527274787425995,0.0039229355752468,128,47591.0,17430669991319961600,12475709440,173122560,8,0.0039229355752468,6383206400.0,8.91549597463198e+18,24342.0,1.5930699634747427,1.6073123315318687,bin_2
config_576,768,19,8,0.0055495449341833,0.9035104513168336,0.9022383093833924,0.2527274787425995,0.0039229355752468,128,47591.0,17430669991319961600,12475709440,173122560,8,0.0039229355752468,7982284800.0,1.1144553098188392e+19,30428.0,1.579995367097073,1.594237283448704,bin_2
config_576,768,19,8,0.0055495449341833,0.9035104513168336,0.9022383093833924,0.2527274787425995,0.0039229355752468,128,47591.0,17430669991319961600,12475709440,173122560,8,0.0036176335299794,9568256000.0,1.3373610221744806e+19,36514.0,1.5661314665294084,1.5798265000444944,bin_2
config_576,768,19,8,0.0055495449341833,0.9035104513168336,0.9022383093833924,0.2527274787425995,0.0039229355752468,128,47591.0,17430669991319961600,12475709440,173122560,8,0.0016279513973606,11167334400.0,1.5602301085504385e+19,42599.0,1.5255739995690645,1.5389139982715982,bin_2
config_576,768,19,8,0.0055495449341833,0.9035104513168336,0.9022383093833924,0.2527274787425995,0.0039229355752468,128,47591.0,17430669991319961600,12475709440,173122560,8,1.3373273350388015e-05,12464947200.0,1.7430669991319962e+19,47591.0,1.4929865938327351,1.505354898747851,bin_2
config_577,256,11,16,0.001548814587295,0.9092930555343628,0.9043208956718444,0.0018160165054723,0.0020044059492647,64,26549.0,705235129010749440,3479869440,22248448,16,0.0020044059492647,1592524800.0,3.2330471035405594e+17,12171.0,1.9670729566402123,1.988111204319313,bin_0
config_577,256,11,16,0.001548814587295,0.9092930555343628,0.9043208956718444,0.0018160165054723,0.0020044059492647,64,26549.0,705235129010749440,3479869440,22248448,16,0.0020044059492647,3191603200.0,6.466094207081119e+17,24342.0,1.9209810276500516,1.9413449905739453,bin_0
config_577,256,11,16,0.001548814587295,0.9092930555343628,0.9043208956718444,0.0018160165054723,0.0020044059492647,64,26549.0,705235129010749440,3479869440,22248448,16,0.0020044059492647,3473408000.0,7.052351290107494e+17,26549.0,1.897407554876609,1.9175238550686449,bin_0
config_578,768,4,16,0.024618336930871,0.9404509663581848,0.9415837526321412,0.2352568954229354,0.0004334999248385,64,61261.0,3830479634379571200,8029628416,66931200,16,0.0004334999248385,1592524800.0,7.610187171289036e+17,12171.0,1.8568680412652063,1.87677624378048,bin_1
config_578,768,4,16,0.024618336930871,0.9404509663581848,0.9415837526321412,0.2352568954229354,0.0004334999248385,64,61261.0,3830479634379571200,8029628416,66931200,16,0.0004334999248385,3191603200.0,1.522037434257807e+18,24342.0,1.7935335112008892,1.812658748978474,bin_1
config_578,768,4,16,0.024618336930871,0.9404509663581848,0.9415837526321412,0.2352568954229354,0.0004334999248385,64,61261.0,3830479634379571200,8029628416,66931200,16,0.0004334999248385,4784128000.0,2.283118678600344e+18,36514.0,1.768627122386557,1.7852383261430458,bin_1
config_578,768,4,16,0.024618336930871,0.9404509663581848,0.9415837526321412,0.2352568954229354,0.0004334999248385,64,61261.0,3830479634379571200,8029628416,66931200,16,0.0003778235190047,6383206400.0,3.044137395729248e+18,48685.0,1.7436975826982593,1.760839066544517,bin_1
config_578,768,4,16,0.024618336930871,0.9404509663581848,0.9415837526321412,0.2352568954229354,0.0004334999248385,64,61261.0,3830479634379571200,8029628416,66931200,16,1.236250826454631e-05,7975731200.0,3.805156112858151e+18,60856.0,1.6799405276189086,1.696017960798545,bin_1
config_578,768,4,16,0.024618336930871,0.9404509663581848,0.9415837526321412,0.2352568954229354,0.0004334999248385,64,61261.0,3830479634379571200,8029628416,66931200,16,3.30870050875955e-07,8028160000.0,3.830479634379571e+18,61261.0,1.6792246159178312,1.6952832747678288,bin_1
config_579,512,5,16,0.1567452847957611,0.8537575006484985,0.9360372424125672,0.2746214568614959,3.0333601898746565e-05,32,4008.0,83952070214860800,262677200,42786816,16,3.0333601898746565e-05,131072000.0,4.19760351074304e+16,2004.0,3.0242201322805684,3.0558098435792767,bin_0
config_579,512,5,16,0.1567452847957611,0.8537575006484985,0.9360372424125672,0.2746214568614959,3.0333601898746565e-05,32,4008.0,83952070214860800,262677200,42786816,16,2.2060801380906745e-07,262144000.0,8.39520702148608e+16,4008.0,2.8296588039398194,2.85917962668372,bin_0
config_580,576,15,18,0.0262810606509447,0.8472017049789429,0.9300700426101683,0.2924958169460296,9.766355651663616e-05,64,41028.0,4003180634400030720,5377640960,88697088,16,9.766355651663616e-05,1592524800.0,1.187547808844759e+18,12171.0,1.899528078173028,1.9198497563502828,bin_1
config_580,576,15,18,0.0262810606509447,0.8472017049789429,0.9300700426101683,0.2924958169460296,9.766355651663616e-05,64,41028.0,4003180634400030720,5377640960,88697088,16,9.766355651663616e-05,3191603200.0,2.375095617689518e+18,24342.0,1.7901410421777944,1.8094355362360597,bin_1
config_580,576,15,18,0.0262810606509447,0.8472017049789429,0.9300700426101683,0.2924958169460296,9.766355651663616e-05,64,41028.0,4003180634400030720,5377640960,88697088,16,3.685171532561071e-05,4784128000.0,3.5627409984518554e+18,36514.0,1.72010776812913,1.738163170071899,bin_1
config_580,576,15,18,0.0262810606509447,0.8472017049789429,0.9300700426101683,0.2924958169460296,9.766355651663616e-05,64,41028.0,4003180634400030720,5377640960,88697088,16,2.278816318721449e-07,5373952000.0,4.003180634400031e+18,41028.0,1.702179320249401,1.7198572875241764,bin_1
config_581,384,20,24,0.0021029114723205,0.8069424629211426,0.9627206325531006,0.0755791068077087,0.0009261413360945,64,16271.0,1102422765695827968,2132681856,54711552,16,0.0009261413360945,1592524800.0,8.246320128623884e+17,12171.0,1.848573472968868,1.8685123603070368,bin_1
config_581,384,20,24,0.0021029114723205,0.8069424629211426,0.9627206325531006,0.0755791068077087,0.0009261413360945,64,16271.0,1102422765695827968,2132681856,54711552,16,1.5825035034976675e-05,2129920000.0,1.102422765695828e+18,16271.0,1.7679026720172069,1.7867701466747972,bin_1
config_582,896,22,14,0.0020173157099634,0.8690100908279419,0.9420214295387268,0.2820554673671722,0.0021592881530523,32,3449.0,471824740785291264,226083712,267124480,8,0.0021592881530523,111411200.0,2.358439701692787e+17,1724.0,3.218887950905034,3.2522322517535724,bin_0
config_582,896,22,14,0.0020173157099634,0.8690100908279419,0.9420214295387268,0.2820554673671722,0.0021592881530523,32,3449.0,471824740785291264,226083712,267124480,8,0.0001088530036003,222822400.0,4.7182474078529126e+17,3449.0,3.1042301143974558,3.1367482622725062,bin_0
config_583,704,16,8,0.0192495044320821,0.8384490609169006,0.9091221690177916,0.2962200343608856,0.0008558075060136,64,14235.0,2042704254388469760,1865914880,136343680,8,0.000423234973918,1592524800.0,1.746522899906011e+18,12171.0,1.7308987241690277,1.7488608784753767,bin_1
config_583,704,16,8,0.0192495044320821,0.8384490609169006,0.9091221690177916,0.2962200343608856,0.0008558075060136,64,14235.0,2042704254388469760,1865914880,136343680,8,7.104663830758556e-06,1861222400.0,2.0427042543884695e+18,14235.0,1.6828580186992397,1.7004696183321906,bin_1
config_586,1088,5,16,0.0016122865490615,0.9127430319786072,0.94182687997818,0.1785632371902465,7.563173858216032e-05,128,55481.0,13159093567983058944,14544272384,128523264,16,7.563173858216032e-05,1599078400.0,1.443489545155006e+18,6086.0,1.967716223841808,1.9891911511343037,bin_2
config_586,1088,5,16,0.0016122865490615,0.9127430319786072,0.94182687997818,0.1785632371902465,7.563173858216032e-05,128,55481.0,13159093567983058944,14544272384,128523264,16,7.563173858216032e-05,3185049600.0,2.8867419083275684e+18,12171.0,1.8203689092495403,1.8403546653810092,bin_2
config_586,1088,5,16,0.0016122865490615,0.9127430319786072,0.94182687997818,0.1785632371902465,7.563173858216032e-05,128,55481.0,13159093567983058944,14544272384,128523264,16,7.563173858216032e-05,4784128000.0,4.3302314534825743e+18,18257.0,1.7598494610239248,1.7781864316346216,bin_2
config_586,1088,5,16,0.0016122865490615,0.9127430319786072,0.94182687997818,0.1785632371902465,7.563173858216032e-05,128,55481.0,13159093567983058944,14544272384,128523264,16,7.563173858216032e-05,6383206400.0,5.773483816655137e+18,24342.0,1.7237134490247632,1.7417392722114189,bin_2
config_586,1088,5,16,0.0016122865490615,0.9127430319786072,0.94182687997818,0.1785632371902465,7.563173858216032e-05,128,55481.0,13159093567983058944,14544272384,128523264,16,7.563173858216032e-05,7982284800.0,7.216973361810142e+18,30428.0,1.698431242997529,1.7161569616833672,bin_2
config_586,1088,5,16,0.0016122865490615,0.9127430319786072,0.94182687997818,0.1785632371902465,7.563173858216032e-05,128,55481.0,13159093567983058944,14544272384,128523264,16,7.563173858216032e-05,9568256000.0,8.660462906965149e+18,36514.0,1.679060302796911,1.6969397686348586,bin_2
config_586,1088,5,16,0.0016122865490615,0.9127430319786072,0.94182687997818,0.1785632371902465,7.563173858216032e-05,128,55481.0,13159093567983058944,14544272384,128523264,16,7.563173858216032e-05,11167334400.0,1.010371527013771e+19,42599.0,1.664010832309723,1.681130227065477,bin_2
config_586,1088,5,16,0.0016122865490615,0.9127430319786072,0.94182687997818,0.1785632371902465,7.563173858216032e-05,128,55481.0,13159093567983058944,14544272384,128523264,16,5.177254384470312e-05,12766412800.0,1.1547204815292715e+19,48685.0,1.6440350286296157,1.6601858649879206,bin_2
config_586,1088,5,16,0.0016122865490615,0.9127430319786072,0.94182687997818,0.1785632371902465,7.563173858216032e-05,128,55481.0,13159093567983058944,14544272384,128523264,16,5.581142832985985e-06,14352384000.0,1.2990457178465278e+19,54770.0,1.6220187610876364,1.635350474920429,bin_2
config_586,1088,5,16,0.0016122865490615,0.9127430319786072,0.94182687997818,0.1785632371902465,7.563173858216032e-05,128,55481.0,13159093567983058944,14544272384,128523264,16,2.3668321179557146e-07,14535884800.0,1.315909356798306e+19,55481.0,1.62088579416275,1.6340380129266958,bin_2
config_587,1152,23,16,0.0118777733296155,0.9765505790710448,0.9751272797584534,0.2411236464977264,1.428163523087278e-05,32,4855.0,1017090153190047744,318202176,424253952,8,1.428163523087278e-05,160563200.0,5.0844032992631226e+17,2427.0,2.825913798672254,2.854988132734768,bin_0
config_587,1152,23,16,0.0118777733296155,0.9765505790710448,0.9751272797584534,0.2411236464977264,1.428163523087278e-05,32,4855.0,1017090153190047744,318202176,424253952,8,6.103262919176277e-08,317849600.0,1.0170901531900476e+18,4855.0,2.5561548714755014,2.5822552423399,bin_0
config_588,1088,24,4,0.0035761937033385,0.8347225785255432,0.9302756786346436,0.129166767001152,4.762711250805296e-05,32,13091.0,2655925047376183296,857950464,409042304,8,4.762711250805296e-05,429260800.0,1.3278610828108716e+18,6545.0,2.023196864401708,2.044949889632522,bin_1
config_588,1088,24,4,0.0035761937033385,0.8347225785255432,0.9302756786346436,0.129166767001152,4.762711250805296e-05,32,13091.0,2655925047376183296,857950464,409042304,8,1.1554506584793907e-06,855244800.0,2.655925047376184e+18,13091.0,1.843726400449628,1.86381686746097,bin_1
config_589,1088,12,8,0.0214336887001991,0.9423906803131104,0.9775222539901732,0.2049128264188766,0.0001045537137542,64,46887.0,10520982141811752960,6145665536,231872384,8,0.0001045537137542,1592524800.0,2.7310528216348e+18,12171.0,1.7564799727377345,1.7747934863411012,bin_2
config_589,1088,12,8,0.0214336887001991,0.9423906803131104,0.9775222539901732,0.2049128264188766,0.0001045537137542,64,46887.0,10520982141811752960,6145665536,231872384,8,0.0001045537137542,3191603200.0,5.462105643269599e+18,24342.0,1.6612281302741316,1.6784950362072617,bin_2
config_589,1088,12,8,0.0214336887001991,0.9423906803131104,0.9775222539901732,0.2049128264188766,0.0001045537137542,64,46887.0,10520982141811752960,6145665536,231872384,8,0.0001045537137542,4784128000.0,8.19338285507954e+18,36514.0,1.6157097849884972,1.6311669027609903,bin_2
config_589,1088,12,8,0.0214336887001991,0.9423906803131104,0.9775222539901732,0.2049128264188766,0.0001045537137542,64,46887.0,10520982141811752960,6145665536,231872384,8,4.0267382209935494e-07,6140723200.0,1.0520982141811753e+19,46887.0,1.555087369426352,1.5700086706192766,bin_2
config_590,576,10,12,0.0604275204241275,0.8029288649559021,0.9645113348960876,0.1754683256149292,1.7606142137083225e-05,32,8390.0,304724724526596096,549852288,68784768,16,1.7606142137083225e-05,275251200.0,1.5236236226329805e+17,4195.0,2.8600608227682893,2.8899545460059994,bin_0
config_590,576,10,12,0.0604275204241275,0.8029288649559021,0.9645113348960876,0.1754683256149292,1.7606142137083225e-05,32,8390.0,304724724526596096,549852288,68784768,16,4.78427775464219e-07,547225600.0,3.047247245265961e+17,8390.0,2.6461022209730305,2.674086073343871,bin_0
config_591,384,20,24,0.0073671024292707,0.8797757625579834,0.9861792325973512,0.1648503541946411,0.0009627122781239,32,12334.0,417865425225744384,808377728,54711552,16,0.0009627122781239,403046400.0,2.089327126128722e+17,6167.0,2.01222591325885,2.0319901457380074,bin_0
config_591,384,20,24,0.0073671024292707,0.8797757625579834,0.9861792325973512,0.1648503541946411,0.0009627122781239,32,12334.0,417865425225744384,808377728,54711552,16,1.610045128195485e-05,806092800.0,4.178654252257444e+17,12334.0,1.8457628417015075,1.863890670322981,bin_0
config_595,1088,6,16,0.0232332572340965,0.8377818465232849,0.9764181971549988,0.2977855503559112,1.0734086572483648e-05,64,8543.0,1142254931966410752,1119778944,143287424,16,1.0734086572483648e-05,557056000.0,5.710606127155028e+17,4271.0,2.738973993707876,2.76735939377644,bin_1
config_595,1088,6,16,0.0232332572340965,0.8377818465232849,0.9764181971549988,0.2977855503559112,1.0734086572483648e-05,64,8543.0,1142254931966410752,1119778944,143287424,16,1.8150441314069866e-07,1114112000.0,1.1422549319664108e+18,8543.0,2.5013277972721664,2.5275988879750986,bin_1
config_596,704,19,16,0.0198181737214326,0.9293049573898317,0.9649824500083924,0.1885184943675995,4.0413437091046944e-05,128,48151.0,15906965278774394880,12622648320,155271424,8,4.0413437091046944e-05,1599078400.0,2.0105457973172096e+18,6086.0,2.1116117523537308,2.1342398980015616,bin_2
config_596,704,19,16,0.0198181737214326,0.9293049573898317,0.9649824500083924,0.1885184943675995,4.0413437091046944e-05,128,48151.0,15906965278774394880,12622648320,155271424,8,4.0413437091046944e-05,3185049600.0,4.020761238768938e+18,12171.0,1.877284927583132,1.897882692188513,bin_2
config_596,704,19,16,0.0198181737214326,0.9293049573898317,0.9649824500083924,0.1885184943675995,4.0413437091046944e-05,128,48151.0,15906965278774394880,12622648320,155271424,8,4.0413437091046944e-05,4784128000.0,6.031307036086148e+18,18257.0,1.7896216969802732,1.808233811425381,bin_2
config_596,704,19,16,0.0198181737214326,0.9293049573898317,0.9649824500083924,0.1885184943675995,4.0413437091046944e-05,128,48151.0,15906965278774394880,12622648320,155271424,8,4.0413437091046944e-05,6383206400.0,8.041522477537876e+18,24342.0,1.7392451651565364,1.7568118577120737,bin_2
config_596,704,19,16,0.0198181737214326,0.9293049573898317,0.9649824500083924,0.1885184943675995,4.0413437091046944e-05,128,48151.0,15906965278774394880,12622648320,155271424,8,4.0413437091046944e-05,7982284800.0,1.0052068274855088e+19,30428.0,1.705446839156698,1.7225495140474352,bin_2
config_596,704,19,16,0.0198181737214326,0.9293049573898317,0.9649824500083924,0.1885184943675995,4.0413437091046944e-05,128,48151.0,15906965278774394880,12622648320,155271424,8,4.0413437091046944e-05,9568256000.0,1.2062614072172296e+19,36514.0,1.6795508460920363,1.697070581092209,bin_2
config_596,704,19,16,0.0198181737214326,0.9293049573898317,0.9649824500083924,0.1885184943675995,4.0413437091046944e-05,128,48151.0,15906965278774394880,12622648320,155271424,8,2.471466225541496e-05,11167334400.0,1.4072829513624023e+19,42599.0,1.65016728930786,1.6671030769973505,bin_2
config_596,704,19,16,0.0198181737214326,0.9293049573898317,0.9649824500083924,0.1885184943675995,4.0413437091046944e-05,128,48151.0,15906965278774394880,12622648320,155271424,8,4.452290083846162e-09,12622233600.0,1.5906965278774397e+19,48151.0,1.628197544422306,1.6445842065772072,bin_2
config_597,1152,15,18,0.0026473163161426,0.850172758102417,0.9165214896202089,0.0646920800209045,0.0043902755714952,64,19619.0,5671567440315482112,2571602688,296833536,8,0.0043902755714952,1592524800.0,3.518459009943408e+18,12171.0,3.0925058969904167,3.1241682177293497,bin_2
config_597,1152,15,18,0.0026473163161426,0.850172758102417,0.9165214896202089,0.0646920800209045,0.0043902755714952,64,19619.0,5671567440315482112,2571602688,296833536,8,6.57330463817267e-05,2569011200.0,5.671567440315482e+18,19619.0,2.8198084020223773,2.849349868102152,bin_2
config_598,1088,5,16,0.0303825102746486,0.8525532484054565,0.9020458459854126,0.2697309553623199,0.0008020345703698,64,24424.0,2896486401486127104,3201382144,128523264,16,0.0008020345703698,1592524800.0,1.443380936475911e+18,12171.0,1.796341309000234,1.8155643832488135,bin_1
config_598,1088,5,16,0.0303825102746486,0.8525532484054565,0.9020458459854126,0.2697309553623199,0.0008020345703698,64,24424.0,2896486401486127104,3201382144,128523264,16,9.010256293816624e-06,3191603200.0,2.886761872951822e+18,24342.0,1.6608872046236132,1.6783359794538528,bin_1
config_598,1088,5,16,0.0303825102746486,0.8525532484054565,0.9020458459854126,0.2697309553623199,0.0008020345703698,64,24424.0,2896486401486127104,3201382144,128523264,16,2.9222452844810238e-06,3198156800.0,2.896486401486127e+18,24424.0,1.660637717403349,1.6780786387646784,bin_1
config_599,1024,7,8,0.0066798268817365,0.9321144223213196,0.959773063659668,0.1864256858825683,0.0009543098858557,32,6893.0,462860773425020928,451767616,141414400,16,0.0009543098858557,226099200.0,2.3139681201546816e+17,3446.0,2.043139742397871,2.063407093735992,bin_0
config_599,1024,7,8,0.0066798268817365,0.9321144223213196,0.959773063659668,0.1864256858825683,0.0009543098858557,32,6893.0,462860773425020928,451767616,141414400,16,3.193410512980369e-05,448921600.0,4.628607734250209e+17,6893.0,1.8551865780939825,1.8734815132813376,bin_0
config_6,320,19,16,0.0046177962794899,0.8086081743240356,0.9544946551322936,0.264844536781311,1.14577369458857e-05,64,13314.0,706309185628569600,1745201920,42561280,16,3.782417982135835e-06,1592524800.0,6.456729080881268e+17,12171.0,2.7983403310521964,2.8274363597735537,bin_0
config_6,320,19,16,0.0046177962794899,0.8086081743240356,0.9544946551322936,0.264844536781311,1.14577369458857e-05,64,13314.0,706309185628569600,1745201920,42561280,16,4.5492999785138925e-08,1743257600.0,7.063091856285696e+17,13314.0,2.7888104967746634,2.8178597478224514,bin_0
config_60,896,17,8,0.0049654087051749,0.8443569540977478,0.9319012761116028,0.0809705629944801,6.851112993899733e-05,32,8514.0,934174175115460608,558025664,216652800,8,6.851112993899733e-05,278528000.0,4.670870875577303e+17,4257.0,2.17072746444921,2.1925406280892794,bin_0
config_60,896,17,8,0.0049654087051749,0.8443569540977478,0.9319012761116028,0.0809705629944801,6.851112993899733e-05,32,8514.0,934174175115460608,558025664,216652800,8,1.392098431271356e-06,557056000.0,9.341741751154606e+17,8514.0,1.9607977910315404,1.9815321856444,bin_0
config_600,896,16,14,0.1452754884958267,0.9571967124938964,0.9981171488761902,0.219929352402687,0.0025116461329162,128,43406.0,18109405993742106624,11378865152,206558464,8,0.0025116461329162,1599078400.0,2.5391384803463685e+18,6086.0,1.751333004333934,1.769503531123771,bin_2
config_600,896,16,14,0.1452754884958267,0.9571967124938964,0.9981171488761902,0.219929352402687,0.0025116461329162,128,43406.0,18109405993742106624,11378865152,206558464,8,0.0025116461329162,3185049600.0,5.077859750952292e+18,12171.0,1.694474754568006,1.7118739082774177,bin_2
config_600,896,16,14,0.1452754884958267,0.9571967124938964,0.9981171488761902,0.219929352402687,0.0025116461329162,128,43406.0,18109405993742106624,11378865152,206558464,8,0.0025116461329162,4784128000.0,7.61699823129866e+18,18257.0,1.6781008810293478,1.6930889355550047,bin_2
config_600,896,16,14,0.1452754884958267,0.9571967124938964,0.9981171488761902,0.219929352402687,0.0025116461329162,128,43406.0,18109405993742106624,11378865152,206558464,8,0.0025116461329162,6383206400.0,1.0155719501904585e+19,24342.0,1.6694021603123086,1.6838362157344815,bin_2
config_600,896,16,14,0.1452754884958267,0.9571967124938964,0.9981171488761902,0.219929352402687,0.0025116461329162,128,43406.0,18109405993742106624,11378865152,206558464,8,0.0025116461329162,7982284800.0,1.2694857982250953e+19,30428.0,1.6607537148428746,1.6768725920700636,bin_2
config_600,896,16,14,0.1452754884958267,0.9571967124938964,0.9981171488761902,0.219929352402687,0.0025116461329162,128,43406.0,18109405993742106624,11378865152,206558464,8,0.001817036265862,9568256000.0,1.523399646259732e+19,36514.0,1.620425487131369,1.6356084921711782,bin_2
config_600,896,16,14,0.1452754884958267,0.9571967124938964,0.9981171488761902,0.219929352402687,0.0025116461329162,128,43406.0,18109405993742106624,11378865152,206558464,8,0.00021206649729,11167334400.0,1.7772717733203243e+19,42599.0,1.4983577664172063,1.5120669402548523,bin_2
config_600,896,16,14,0.1452754884958267,0.9571967124938964,0.9981171488761902,0.219929352402687,0.0025116461329162,128,43406.0,18109405993742106624,11378865152,206558464,8,1.5786587887595648e-06,11377049600.0,1.8109405993742109e+19,43406.0,1.485417664754586,1.498938660738898,bin_2
config_601,576,19,18,0.0332305096089839,0.8555945158004761,0.9611414074897766,0.2335353344678878,4.3819491111207753e-05,64,7964.0,935995063362822144,1043953856,104626944,8,4.3819491111207753e-05,524288000.0,4.679975316814111e+17,3982.0,2.4269182325972887,2.451776665234175,bin_0
config_601,576,19,18,0.0332305096089839,0.8555945158004761,0.9611414074897766,0.2335353344678878,4.3819491111207753e-05,64,7964.0,935995063362822144,1043953856,104626944,8,3.300015468299709e-07,1042022400.0,9.35995063362822e+17,7964.0,2.1328869672290613,2.155672966574059,bin_0
config_602,320,6,4,0.069398432970047,0.8000057935714722,0.975033700466156,0.1030577346682548,0.0002574343816377,32,8455.0,107421696047923200,554140544,24448640,16,0.0002574343816377,278528000.0,5.370449546949395e+16,4227.0,2.198863871292989,2.2214231632185766,bin_0
config_602,320,6,4,0.069398432970047,0.8000057935714722,0.975033700466156,0.1030577346682548,0.0002574343816377,32,8455.0,107421696047923200,554140544,24448640,16,1.4778093090569446e-06,553779200.0,1.074216960479232e+17,8455.0,2.0257766498503136,2.0475550633571187,bin_0
config_603,832,20,16,0.0169115234166383,0.9518827199935912,0.9852215051651,0.0336577743291854,0.0007785512134432,64,14138.0,3117462548854358016,1853107584,212258176,8,0.0007785512134432,1592524800.0,2.6837343812495683e+18,12171.0,1.6819237830404374,1.6999285776497888,bin_1
config_603,832,20,16,0.0169115234166383,0.9518827199935912,0.9852215051651,0.0336577743291854,0.0007785512134432,64,14138.0,3117462548854358016,1853107584,212258176,8,6.228409707546238e-05,1848115200.0,3.117462548854358e+18,14138.0,1.6301229472043084,1.6473916285350674,bin_1
config_605,896,14,16,0.001452799886465,0.8172444701194763,0.9710742235183716,0.1843582838773727,1.49333482113434e-05,64,18459.0,3450987237434720256,2419463168,186369792,8,1.49333482113434e-05,1592524800.0,2.2754193437790769e+18,12171.0,2.154290624817864,2.176959010753475,bin_1
config_605,896,14,16,0.001452799886465,0.8172444701194763,0.9710742235183716,0.1843582838773727,1.49333482113434e-05,64,18459.0,3450987237434720256,2419463168,186369792,8,3.9494602968582926e-08,2418278400.0,3.45098723743472e+18,18459.0,2.022896764356582,2.0446041911742725,bin_1
config_606,768,15,16,0.1905363500118255,0.8383827209472656,0.9186953902244568,0.2007235288619995,0.0002450779138598,64,15942.0,2406793658707869696,2089590016,144804864,8,0.0002450779138598,1592524800.0,1.8374787115878487e+18,12171.0,1.7708627598598354,1.7899880339864824,bin_1
config_606,768,15,16,0.1905363500118255,0.8383827209472656,0.9186953902244568,0.2007235288619995,0.0002450779138598,64,15942.0,2406793658707869696,2089590016,144804864,8,3.217653136015669e-06,2084044800.0,2.4067936587078697e+18,15942.0,1.677921781618087,1.6960728419217908,bin_1
config_607,576,12,16,0.0015668452251702,0.8789205551147461,0.9684170484542848,0.088450975716114,3.877836570609361e-05,32,13491.0,557266462768816128,884155456,76749696,16,3.877836570609361e-05,442368000.0,2.78612578116942e+17,6745.0,2.385218038050855,2.4101290482380358,bin_0
config_607,576,12,16,0.0015668452251702,0.8789205551147461,0.9684170484542848,0.088450975716114,3.877836570609361e-05,32,13491.0,557266462768816128,884155456,76749696,16,1.3327015875522484e-06,881459200.0,5.572664627688161e+17,13491.0,2.111947524469407,2.133591545761609,bin_0
config_608,896,17,14,0.0898615270853042,0.9723424911499025,0.9164202213287354,0.0593973584473133,0.0006501119351014,128,54065.0,23726612857585139712,14173008896,216652800,8,0.0006501119351014,1599078400.0,2.670862218649092e+18,6086.0,1.7269804673898417,1.7446119123794994,bin_2
config_608,896,17,14,0.0898615270853042,0.9723424911499025,0.9164202213287354,0.0593973584473133,0.0006501119351014,128,54065.0,23726612857585139712,14173008896,216652800,8,0.0006501119351014,3185049600.0,5.341285583828146e+18,12171.0,1.635809251968978,1.6529813043015902,bin_2
config_608,896,17,14,0.0898615270853042,0.9723424911499025,0.9164202213287354,0.0593973584473133,0.0006501119351014,128,54065.0,23726612857585139712,14173008896,216652800,8,0.0006501119351014,4784128000.0,8.012147802477238e+18,18257.0,1.6025719218762196,1.6172359942217345,bin_2
config_608,896,17,14,0.0898615270853042,0.9723424911499025,0.9164202213287354,0.0593973584473133,0.0006501119351014,128,54065.0,23726612857585139712,14173008896,216652800,8,0.0006501119351014,6383206400.0,1.0682571167656292e+19,24342.0,1.583293154415537,1.5978033207869922,bin_2
config_608,896,17,14,0.0898615270853042,0.9723424911499025,0.9164202213287354,0.0593973584473133,0.0006501119351014,128,54065.0,23726612857585139712,14173008896,216652800,8,0.0006501119351014,7982284800.0,1.3353433386305384e+19,30428.0,1.570203363113716,1.5853820949108874,bin_2
config_608,896,17,14,0.0898615270853042,0.9723424911499025,0.9164202213287354,0.0593973584473133,0.0006501119351014,128,54065.0,23726612857585139712,14173008896,216652800,8,0.0006501119351014,9568256000.0,1.6024295604954477e+19,36514.0,1.5596428129614377,1.5758973660625395,bin_2
config_608,896,17,14,0.0898615270853042,0.9723424911499025,0.9164202213287354,0.0593973584473133,0.0006501119351014,128,54065.0,23726612857585139712,14173008896,216652800,8,0.0006501119351014,11167334400.0,1.8694718970133533e+19,42599.0,1.5531742926210654,1.568382998665825,bin_2
config_608,896,17,14,0.0898615270853042,0.9723424911499025,0.9164202213287354,0.0593973584473133,0.0006501119351014,128,54065.0,23726612857585139712,14173008896,216652800,8,0.0006501119351014,12766412800.0,2.1365581188782625e+19,48685.0,1.5487087271057192,1.5636907854822817,bin_2
config_608,896,17,14,0.0898615270853042,0.9723424911499025,0.9164202213287354,0.0593973584473133,0.0006501119351014,128,54065.0,23726612857585139712,14173008896,216652800,8,3.036960145288677e-06,14168883200.0,2.372661285758514e+19,54065.0,1.4760436382938604,1.488834285892424,bin_2
config_609,512,22,8,0.0292354170233011,0.92827707529068,0.9658415913581848,0.2121502608060836,1.989567135751713e-05,32,12969.0,748944344808751104,849996992,100738048,8,1.989567135751713e-05,425984000.0,3.744432979982992e+17,6484.0,2.65309078351396,2.68106059582507,bin_0
config_609,512,22,8,0.0292354170233011,0.92827707529068,0.9658415913581848,0.2121502608060836,1.989567135751713e-05,32,12969.0,748944344808751104,849996992,100738048,8,1.374110344575881e-07,848691200.0,7.489443448087511e+17,12969.0,2.339150069228938,2.3633731634304174,bin_0
config_61,320,18,16,0.0417447797954082,0.8730454444885254,0.9468849897384644,0.2623434662818908,0.0001950511505128,64,16872.0,859151510798008320,2211488256,41168000,16,0.0001950511505128,1592524800.0,6.197684351542532e+17,12171.0,1.9217023993711,1.943181827810944,bin_0
config_61,320,18,16,0.0417447797954082,0.8730454444885254,0.9468849897384644,0.2623434662818908,0.0001950511505128,64,16872.0,859151510798008320,2211488256,41168000,16,9.695267309722854e-07,2208563200.0,8.591515107980083e+17,16872.0,1.8463253681776957,1.8666505828841788,bin_0
config_610,384,20,24,0.1197462081909179,0.8530887365341187,0.9590307474136353,0.0749426186084747,0.0001034348097164,32,5243.0,177626174672830464,343625088,54711552,16,0.0001034348097164,170393600.0,8.879614797205582e+16,2621.0,2.672422957185839,2.7008449360581697,bin_0
config_610,384,20,24,0.1197462081909179,0.8530887365341187,0.9590307474136353,0.0749426186084747,0.0001034348097164,32,5243.0,177626174672830464,343625088,54711552,16,1.1346165351545887e-05,340787200.0,1.7762617467283046e+17,5243.0,2.3577263127389503,2.381826475604636,bin_0
config_611,512,10,8,0.006843140348792,0.9415168762207032,0.9788856506347656,0.2549175024032593,8.646366040920839e-05,32,3482.0,110640783824584704,228241856,59831296,16,8.646366040920839e-05,114688000.0,5.532039191229235e+16,1741.0,2.731605085779409,2.760036570986764,bin_0
config_611,512,10,8,0.006843140348792,0.9415168762207032,0.9788856506347656,0.2549175024032593,8.646366040920839e-05,32,3482.0,110640783824584704,228241856,59831296,16,3.1193203304336688e-06,226099200.0,1.106407838245847e+17,3482.0,2.396422698106922,2.4201048633700517,bin_0
config_613,1152,9,8,0.0166794098913669,0.9463942050933838,0.9959974884986876,0.234353169798851,0.0001300519506912,32,3250.0,311490699118866432,213016848,201268224,8,0.0001300519506912,104857600.0,1.557453495594332e+17,1625.0,2.3537241696725126,2.377728851799105,bin_0
config_613,1152,9,8,0.0166794098913669,0.9463942050933838,0.9959974884986876,0.234353169798851,0.0001300519506912,32,3250.0,311490699118866432,213016848,201268224,8,0.0,212992000.0,3.114906991188664e+17,3250.0,2.072445863348539,2.092738417699689,bin_0
config_614,832,20,16,0.1780615448951721,0.8936485052108765,0.9615750312805176,0.0308149885386228,0.0040709082968533,32,6537.0,720794685721264128,428460672,212258176,8,0.0040709082968533,212992000.0,3.6034221094341306e+17,3268.0,3.464345653096184,3.500722109255244,bin_0
config_614,832,20,16,0.1780615448951721,0.8936485052108765,0.9615750312805176,0.0308149885386228,0.0040709082968533,32,6537.0,720794685721264128,428460672,212258176,8,0.0007493711790227,425984000.0,7.207946857212641e+17,6537.0,3.4691696881466223,3.505521344825869,bin_0
config_615,960,18,16,0.0350282676517963,0.8306406140327454,0.947144091129303,0.1094379425048828,0.0010081361979246,64,19709.0,4930681475764224000,2583317760,247367040,8,0.0010081361979246,1592524800.0,3.0448690568535373e+18,12171.0,1.7043599740403597,1.721982564984775,bin_1
config_615,960,18,16,0.0350282676517963,0.8306406140327454,0.947144091129303,0.1094379425048828,0.0010081361979246,64,19709.0,4930681475764224000,2583317760,247367040,8,4.208360752004344e-06,2582118400.0,4.930681475764224e+18,19709.0,1.5889181080997967,1.6053635729336349,bin_1
config_616,1024,13,8,0.0098717957735061,0.9188482761383056,0.950031280517578,0.1492869555950164,1.054442509484943e-05,32,11970.0,1284963692401262592,784484544,218497024,8,1.054442509484943e-05,393216000.0,6.424818462006313e+17,5985.0,2.6303895618485624,2.657787127162589,bin_1
config_616,1024,13,8,0.0098717957735061,0.9188482761383056,0.950031280517578,0.1492869555950164,1.054442509484943e-05,32,11970.0,1284963692401262592,784484544,218497024,8,1.1807866847535733e-07,783155200.0,1.2849636924012626e+18,11970.0,2.302513606216087,2.326554586125202,bin_1
config_617,960,7,16,0.0030505852773785,0.805935263633728,0.9671975374221802,0.1192327961325645,0.008216269314289,32,8521.0,513383104869212160,558490944,125694720,16,0.008216269314289,278528000.0,2.5666142785387206e+17,4260.0,3.4056032762371125,3.4402467414199327,bin_0
config_617,960,7,16,0.0030505852773785,0.805935263633728,0.9671975374221802,0.1192327961325645,0.008216269314289,32,8521.0,513383104869212160,558490944,125694720,16,0.0001699917789163,557056000.0,5.1338310486921216e+17,8521.0,3.219729720412708,3.252337935009941,bin_0
config_618,1152,22,6,0.0939474403858184,0.9318059682846068,0.94411438703537,0.0365425422787666,0.0009154941653832,128,52211.0,42053161531086471168,13686945792,408326400,8,0.0009154941653832,1599078400.0,4.901946736859901e+18,6086.0,1.693634760672929,1.7104734015464782,bin_2
config_618,1152,22,6,0.0939474403858184,0.9318059682846068,0.94411438703537,0.0365425422787666,0.0009154941653832,128,52211.0,42053161531086471168,13686945792,408326400,8,0.0009154941653832,3185049600.0,9.803088027328598e+18,12171.0,1.6101161305239944,1.6268723114787556,bin_2
config_618,1152,22,6,0.0939474403858184,0.9318059682846068,0.94411438703537,0.0365425422787666,0.0009154941653832,128,52211.0,42053161531086471168,13686945792,408326400,8,0.0009154941653832,4784128000.0,1.4705034764188498e+19,18257.0,1.578839194520575,1.5937209254405538,bin_2
config_618,1152,22,6,0.0939474403858184,0.9318059682846068,0.94411438703537,0.0365425422787666,0.0009154941653832,128,52211.0,42053161531086471168,13686945792,408326400,8,0.0009154941653832,6383206400.0,1.96061760546572e+19,24342.0,1.560651087790239,1.5751072213688837,bin_2
config_618,1152,22,6,0.0939474403858184,0.9318059682846068,0.94411438703537,0.0365425422787666,0.0009154941653832,128,52211.0,42053161531086471168,13686945792,408326400,8,0.0009154941653832,7982284800.0,2.45081227915171e+19,30428.0,1.548794197195866,1.5631845513719027,bin_2
config_618,1152,22,6,0.0939474403858184,0.9318059682846068,0.94411438703537,0.0365425422787666,0.0009154941653832,128,52211.0,42053161531086471168,13686945792,408326400,8,0.0009154941653832,9568256000.0,2.9410069528377e+19,36514.0,1.5399692657150206,1.554736692436406,bin_2
config_618,1152,22,6,0.0939474403858184,0.9318059682846068,0.94411438703537,0.0365425422787666,0.0009154941653832,128,52211.0,42053161531086471168,13686945792,408326400,8,0.0009154941653832,11167334400.0,3.431121081884569e+19,42599.0,1.5339260648606254,1.5478865713174226,bin_2
config_618,1152,22,6,0.0939474403858184,0.9318059682846068,0.94411438703537,0.0365425422787666,0.0009154941653832,128,52211.0,42053161531086471168,13686945792,408326400,8,0.0009154941653832,12766412800.0,3.921315755570559e+19,48685.0,1.5288627814074032,1.5420808729773663,bin_2
config_618,1152,22,6,0.0939474403858184,0.9318059682846068,0.94411438703537,0.0365425422787666,0.0009154941653832,128,52211.0,42053161531086471168,13686945792,408326400,8,5.280773895761036e-06,13683916800.0,4.205316153108647e+19,52211.0,1.4521915773094678,1.4623349576113651,bin_2
config_62,576,14,12,0.0210950225591659,0.9314248561859132,0.9198376536369324,0.2632162272930145,0.0091721760109066,32,10014.0,463618435456843776,656340864,84714624,16,0.0091721760109066,327680000.0,2.318092177284219e+17,5007.0,3.3934789093205184,3.4272702356244698,bin_0
config_62,576,14,12,0.0210950225591659,0.9314248561859132,0.9198376536369324,0.2632162272930145,0.0091721760109066,32,10014.0,463618435456843776,656340864,84714624,16,4.8732623966867006e-05,655360000.0,4.636184354568438e+17,10014.0,3.1965081245391094,3.230177930065843,bin_0
config_620,256,11,16,0.0016196569195017,0.8043187260627747,0.9155735373497008,0.0402724221348762,8.645978959975764e-05,64,11504.0,305594781498212352,1507908352,22248448,16,8.645978959975764e-05,753664000.0,1.5279739074910618e+17,5752.0,2.461377956632708,2.486943621948117,bin_0
config_620,256,11,16,0.0016196569195017,0.8043187260627747,0.9155735373497008,0.0402724221348762,8.645978959975764e-05,64,11504.0,305594781498212352,1507908352,22248448,16,7.469528259158333e-07,1507328000.0,3.0559478149821235e+17,11504.0,2.191972140601424,2.215317226472448,bin_0
config_621,960,19,10,0.0039040432311594,0.8572428226470947,0.9803773164749146,0.2053119391202926,0.0001620289549464,64,17396.0,4557145714757959680,2280156928,258428160,8,0.0001620289549464,1592524800.0,3.1883778164129183e+18,12171.0,1.7142299565135457,1.7322624980817076,bin_1
config_621,960,19,10,0.0039040432311594,0.8572428226470947,0.9803773164749146,0.2053119391202926,0.0001620289549464,64,17396.0,4557145714757959680,2280156928,258428160,8,2.0871834017183004e-06,2274099200.0,4.55714571475796e+18,17396.0,1.629097722123881,1.6464239166212864,bin_1
config_622,1088,9,8,0.0038298324216157,0.902288854122162,0.9120587110519408,0.1924310177564621,0.0001266862673219,32,10654.0,953835934910791680,698267520,187579904,8,0.0001266862673219,350617600.0,4.7691796745539584e+17,5327.0,2.033356778699844,2.0552459957951403,bin_0
config_622,1088,9,8,0.0038298324216157,0.902288854122162,0.9120587110519408,0.1924310177564621,0.0001266862673219,32,10654.0,953835934910791680,698267520,187579904,8,2.471927167257016e-07,697958400.0,9.538359349107916e+17,10654.0,1.8645187821153733,1.884098029801103,bin_0
config_623,832,15,8,0.0269491542130708,0.8720285892486572,0.9842405915260316,0.0588726475834846,0.0029694915283471,64,33654.0,5842335908739612672,4411099648,169651456,8,0.0029694915283471,1592524800.0,2.112886145637066e+18,12171.0,3.1689080635055165,3.200864945943238,bin_2
config_623,832,15,8,0.0269491542130708,0.8720285892486572,0.9842405915260316,0.0588726475834846,0.0029694915283471,64,33654.0,5842335908739612672,4411099648,169651456,8,0.0029694915283471,3191603200.0,4.225772291274132e+18,24342.0,3.020711660736897,3.053363782265148,bin_2
config_623,832,15,8,0.0269491542130708,0.8720285892486572,0.9842405915260316,0.0588726475834846,0.0029694915283471,64,33654.0,5842335908739612672,4411099648,169651456,8,5.995944529726526e-06,4410572800.0,5.842335908739613e+18,33654.0,2.7912300344177936,2.8215925245206863,bin_2
config_624,704,22,8,0.0019217941444367,0.9323139786720276,0.9310545325279236,0.1496846973896026,0.0029872069135308,32,6451.0,602806742193807360,422832960,174199168,8,0.0029872069135308,209715200.0,3.013566491357974e+17,3225.0,3.300589232562018,3.335072013002927,bin_0
config_624,704,22,8,0.0019217941444367,0.9323139786720276,0.9310545325279236,0.1496846973896026,0.0029872069135308,32,6451.0,602806742193807360,422832960,174199168,8,3.0955512057315e-06,422707200.0,6.028067421938074e+17,6451.0,3.166452007059191,3.1993364864099223,bin_0
config_625,960,14,20,0.0019072396680712,0.92179137468338,0.956865131855011,0.1328595131635666,0.0008087163441814,32,13409.0,1361191749047746560,878829056,203122560,8,0.0008087163441814,439091200.0,6.805451178772536e+17,6704.0,1.9036156397178523,1.923096192332565,bin_1
config_625,960,14,20,0.0019072396680712,0.92179137468338,0.956865131855011,0.1328595131635666,0.0008087163441814,32,13409.0,1361191749047746560,878829056,203122560,8,4.086719313662604e-06,878182400.0,1.3611917490477466e+18,13409.0,1.7330854596075465,1.7508777485714584,bin_1
config_626,640,11,16,0.0020218717399984,0.9577905535697936,0.9531345963478088,0.0093220174312591,0.0013054895680397,64,57522.0,5287506514030755840,7539628544,88061440,16,0.0013054895680397,1592524800.0,1.1187761514249908e+18,12171.0,1.7650026321020282,1.7833440076327716,bin_1
config_626,640,11,16,0.0020218717399984,0.9577905535697936,0.9531345963478088,0.0093220174312591,0.0013054895680397,64,57522.0,5287506514030755840,7539628544,88061440,16,0.0013054895680397,3191603200.0,2.2375523028499817e+18,24342.0,1.6995468514473713,1.717209279654456,bin_1
config_626,640,11,16,0.0020218717399984,0.9577905535697936,0.9531345963478088,0.0093220174312591,0.0013054895680397,64,57522.0,5287506514030755840,7539628544,88061440,16,0.0013054895680397,4784128000.0,3.356420375740048e+18,36514.0,1.6707726749044949,1.686192819759494,bin_1
config_626,640,11,16,0.0020218717399984,0.9577905535697936,0.9531345963478088,0.0093220174312591,0.0013054895680397,64,57522.0,5287506514030755840,7539628544,88061440,16,0.0013054895680397,6383206400.0,4.475196527165039e+18,48685.0,1.6531742099074067,1.6683958958797769,bin_1
config_626,640,11,16,0.0020218717399984,0.9577905535697936,0.9531345963478088,0.0093220174312591,0.0013054895680397,64,57522.0,5287506514030755840,7539628544,88061440,16,5.3583527046408745e-05,7536640000.0,5.287506514030756e+18,57522.0,1.6151971956550095,1.6302359768601715,bin_1
config_627,896,14,16,0.0319534018635749,0.9215885400772096,0.9507226943969728,0.2292302101850509,5.875921488041058e-05,128,48439.0,18112047727434006528,12698230784,186369792,8,5.875921488041058e-05,1599078400.0,2.2756440568377416e+18,6086.0,1.943999002136168,1.964472953550151,bin_2
config_627,896,14,16,0.0319534018635749,0.9215885400772096,0.9507226943969728,0.2292302101850509,5.875921488041058e-05,128,48439.0,18112047727434006528,12698230784,186369792,8,5.875921488041058e-05,3185049600.0,4.5509141991081416e+18,12171.0,1.777543790008201,1.7973346422539382,bin_2
config_627,896,14,16,0.0319534018635749,0.9215885400772096,0.9507226943969728,0.2292302101850509,5.875921488041058e-05,128,48439.0,18112047727434006528,12698230784,186369792,8,5.875921488041058e-05,4784128000.0,6.826558255945884e+18,18257.0,1.711504372045642,1.7283203785732144,bin_2
config_627,896,14,16,0.0319534018635749,0.9215885400772096,0.9507226943969728,0.2292302101850509,5.875921488041058e-05,128,48439.0,18112047727434006528,12698230784,186369792,8,5.875921488041058e-05,6383206400.0,9.101828398216284e+18,24342.0,1.6699856246494855,1.6867420841826768,bin_2
config_627,896,14,16,0.0319534018635749,0.9215885400772096,0.9507226943969728,0.2292302101850509,5.875921488041058e-05,128,48439.0,18112047727434006528,12698230784,186369792,8,5.875921488041058e-05,7982284800.0,1.1377472455054025e+19,30428.0,1.6417686259355702,1.6577826584948867,bin_2
config_627,896,14,16,0.0319534018635749,0.9215885400772096,0.9507226943969728,0.2292302101850509,5.875921488041058e-05,128,48439.0,18112047727434006528,12698230784,186369792,8,5.875921488041058e-05,9568256000.0,1.3653116511891767e+19,36514.0,1.6195322590773222,1.635736900861146,bin_2
config_627,896,14,16,0.0319534018635749,0.9215885400772096,0.9507226943969728,0.2292302101850509,5.875921488041058e-05,128,48439.0,18112047727434006528,12698230784,186369792,8,3.090111282416621e-05,11167334400.0,1.5928386654162168e+19,42599.0,1.5896485797108195,1.6050902530404387,bin_2
config_627,896,14,16,0.0319534018635749,0.9215885400772096,0.9507226943969728,0.2292302101850509,5.875921488041058e-05,128,48439.0,18112047727434006528,12698230784,186369792,8,2.063955129547011e-07,12687769600.0,1.8112047727434009e+19,48439.0,1.5687577863599431,1.5837386432827496,bin_2
config_628,1152,24,24,0.0010883131762966,0.8658360838890076,0.927198588848114,0.2408034652471542,0.0024963845498859,64,11847.0,5155711865837420544,1552818816,440181504,8,0.0024963845498859,773324800.0,2.577638337246142e+18,5923.0,3.1612352820539384,3.19310138985892,bin_1
config_628,1152,24,24,0.0010883131762966,0.8658360838890076,0.927198588848114,0.2408034652471542,0.0024963845498859,64,11847.0,5155711865837420544,1552818816,440181504,8,4.113957708437631e-05,1546649600.0,5.155711865837421e+18,11847.0,2.864325723787984,2.895379014478708,bin_1
config_629,1088,20,8,0.0094318417832255,0.8747395873069763,0.9542895555496216,0.2751357555389404,0.0009889703942462,64,24806.0,8565748236467896320,3251473920,349985664,8,0.0009889703942462,1592524800.0,4.202762306943916e+18,12171.0,1.676462506603022,1.693986415315847,bin_2
config_629,1088,20,8,0.0094318417832255,0.8747395873069763,0.9542895555496216,0.2751357555389404,0.0009889703942462,64,24806.0,8565748236467896320,3251473920,349985664,8,6.607626370348774e-05,3191603200.0,8.405524613887831e+18,24342.0,1.543421890540201,1.5591859389719416,bin_2
config_629,1088,20,8,0.0094318417832255,0.8747395873069763,0.9542895555496216,0.2751357555389404,0.0009889703942462,64,24806.0,8565748236467896320,3251473920,349985664,8,8.694245224143138e-07,3250585600.0,8.565748236467896e+18,24806.0,1.5407252597808838,1.556431462725655,bin_2
config_63,640,9,16,0.0154457325115799,0.977095663547516,0.9156192541122437,0.1500952094793319,1.6280939235002734e-05,64,10220.0,815702333195059200,1339655552,77900800,16,1.6280939235002734e-05,668467200.0,4.078511665975296e+17,5110.0,2.687679119344617,2.7159836167194804,bin_0
config_63,640,9,16,0.0154457325115799,0.977095663547516,0.9156192541122437,0.1500952094793319,1.6280939235002734e-05,64,10220.0,815702333195059200,1339655552,77900800,16,2.1240625225052618e-07,1336934400.0,8.157023331950592e+17,10220.0,2.374517433643341,2.399479414986782,bin_0
config_630,768,16,6,0.0010465971427038,0.9639302492141724,0.9453306198120116,0.0720944553613662,6.597780884476379e-05,64,36079.0,5737009818033192960,4729044480,151884288,8,6.597780884476379e-05,1592524800.0,1.9353404056454449e+18,12171.0,1.836384784804016,1.8567461309667492,bin_2
config_630,768,16,6,0.0010465971427038,0.9639302492141724,0.9453306198120116,0.0720944553613662,6.597780884476379e-05,64,36079.0,5737009818033192960,4729044480,151884288,8,6.597780884476379e-05,3191603200.0,3.870680811290889e+18,24342.0,1.7297929120454631,1.7486638538172987,bin_2
config_630,768,16,6,0.0010465971427038,0.9639302492141724,0.9453306198120116,0.0720944553613662,6.597780884476379e-05,64,36079.0,5737009818033192960,4729044480,151884288,8,7.356233973464655e-07,4725145600.0,5.737009818033193e+18,36079.0,1.656800671835415,1.673605953552684,bin_2
config_631,256,15,16,0.0056168516166508,0.8155454993247986,0.9293661117553712,0.0418831594288349,0.0007412059931084,64,67632.0,2200889138419335168,8864743424,25658368,16,0.0007412059931084,1592524800.0,3.9607022864475e+17,12171.0,1.9655936303685924,1.9875834934047008,bin_1
config_631,256,15,16,0.0056168516166508,0.8155454993247986,0.9293661117553712,0.0418831594288349,0.0007412059931084,64,67632.0,2200889138419335168,8864743424,25658368,16,0.0007412059931084,3191603200.0,7.921404572894999e+17,24342.0,1.9082869176004755,1.9293757100574305,bin_1
config_631,256,15,16,0.0056168516166508,0.8155454993247986,0.9293661117553712,0.0418831594288349,0.0007412059931084,64,67632.0,2200889138419335168,8864743424,25658368,16,0.0007412059931084,4784128000.0,1.188243228061326e+18,36514.0,1.887576826244104,1.9065257781060017,bin_1
config_631,256,15,16,0.0056168516166508,0.8155454993247986,0.9293661117553712,0.0418831594288349,0.0007412059931084,64,67632.0,2200889138419335168,8864743424,25658368,16,0.0007412059931084,6383206400.0,1.584313456706076e+18,48685.0,1.8709507418851383,1.8894572003943024,bin_1
config_631,256,15,16,0.0056168516166508,0.8155454993247986,0.9293661117553712,0.0418831594288349,0.0007412059931084,64,67632.0,2200889138419335168,8864743424,25658368,16,0.0007412059931084,7975731200.0,1.980383685350826e+18,60856.0,1.860991503410652,1.8796152993499256,bin_1
config_631,256,15,16,0.0056168516166508,0.8155454993247986,0.9293661117553712,0.0418831594288349,0.0007412059931084,64,67632.0,2200889138419335168,8864743424,25658368,16,8.375208961677524e-06,8860467200.0,2.2008891384193352e+18,67632.0,1.798830171960299,1.8165424298849264,bin_1
config_632,832,17,8,0.001197550445795,0.9229767918586732,0.9622541666030884,0.2180172353982925,0.0002916329249273,32,6943.0,667868364559798272,455077344,186694144,8,0.0002916329249273,226099200.0,3.338860857535734e+17,3471.0,2.032534523694242,2.052456535706755,bin_0
config_632,832,17,8,0.001197550445795,0.9229767918586732,0.9622541666030884,0.2180172353982925,0.0002916329249273,32,6943.0,667868364559798272,455077344,186694144,8,8.28831181221289e-06,452198400.0,6.678683645597983e+17,6943.0,1.841143889759408,1.8601160648611723,bin_0
config_633,512,9,16,0.1185832321643829,0.8993059396743774,0.9804521203041076,0.2732408940792084,3.650280268630013e-05,32,4431.0,131183246345011200,290406880,56422400,16,3.650280268630013e-05,144179200.0,6.557682027853754e+16,2215.0,2.913220492034662,2.9436882604536465,bin_0
config_633,512,9,16,0.1185832321643829,0.8993059396743774,0.9804521203041076,0.2732408940792084,3.650280268630013e-05,32,4431.0,131183246345011200,290406880,56422400,16,9.351957713019036e-07,288358400.0,1.311832463450112e+17,4431.0,2.699639414021226,2.7280996614206035,bin_0
config_634,448,12,4,0.0013247202150523,0.802402675151825,0.9436036348342896,0.0657769069075584,0.0001104300972656,32,10852.0,319289800889106432,711222528,52812928,16,0.0001104300972656,357171200.0,1.596449004445532e+17,5426.0,2.1991919805964484,2.2211763869738967,bin_0
config_634,448,12,4,0.0013247202150523,0.802402675151825,0.9436036348342896,0.0657769069075584,0.0001104300972656,32,10852.0,319289800889106432,711222528,52812928,16,3.097618436623609e-07,711065600.0,3.192898008891064e+17,10852.0,2.004978843634246,2.0247130176669264,bin_0
config_635,832,11,4,0.0701439902186393,0.9631476402282716,0.9876906275749208,0.1646698266267776,0.0021615379955619,32,5113.0,347915313795698688,335113568,135566080,16,0.0021615379955619,167116800.0,1.7392363427768547e+17,2556.0,3.2037112294650467,3.2374752538712297,bin_0
config_635,832,11,4,0.0701439902186393,0.9631476402282716,0.9876906275749208,0.1646698266267776,0.0021615379955619,32,5113.0,347915313795698688,335113568,135566080,16,3.341259683984016e-05,334233600.0,3.479153137956987e+17,5113.0,3.073430575933613,3.104602736019697,bin_0
config_636,320,23,8,0.0389161482453346,0.9228765964508056,0.987999141216278,0.1896567195653915,6.647727423114702e-05,32,5963.0,183516216131543040,390796352,48134400,16,6.647727423114702e-05,196608000.0,9.174272015564813e+16,2981.0,2.7327785173009653,2.761562782271964,bin_0
config_636,320,23,8,0.0389161482453346,0.9228765964508056,0.987999141216278,0.1896567195653915,6.647727423114702e-05,32,5963.0,183516216131543040,390796352,48134400,16,7.647828008893034e-07,389939200.0,1.8351621613154304e+17,5963.0,2.37656085604527,2.401137720326908,bin_0
config_638,448,10,16,0.0063012931495904,0.9530404806137084,0.9527627825737,0.0158292185515165,0.001463733613491,64,62886.0,3269310243818766336,8242653696,47764864,16,0.001463733613491,1592524800.0,6.327445691810292e+17,12171.0,1.8279032926090428,1.8471304866134144,bin_1
config_638,448,10,16,0.0063012931495904,0.9530404806137084,0.9527627825737,0.0158292185515165,0.001463733613491,64,62886.0,3269310243818766336,8242653696,47764864,16,0.001463733613491,3191603200.0,1.2654891383620585e+18,24342.0,1.7714119823252568,1.7903630209750816,bin_1
config_638,448,10,16,0.0063012931495904,0.9530404806137084,0.9527627825737,0.0158292185515165,0.001463733613491,64,62886.0,3269310243818766336,8242653696,47764864,16,0.001463733613491,4784128000.0,1.8982856954298e+18,36514.0,1.7481592223292493,1.7653349041938782,bin_1
config_638,448,10,16,0.0063012931495904,0.9530404806137084,0.9527627825737,0.0158292185515165,0.001463733613491,64,62886.0,3269310243818766336,8242653696,47764864,16,0.001463733613491,6383206400.0,2.53103026461083e+18,48685.0,1.7342870829535313,1.7507293663259411,bin_1
config_638,448,10,16,0.0063012931495904,0.9530404806137084,0.9527627825737,0.0158292185515165,0.001463733613491,64,62886.0,3269310243818766336,8242653696,47764864,16,0.001463733613491,7975731200.0,3.163774833791859e+18,60856.0,1.7247631553352856,1.7407096694727413,bin_1
config_638,448,10,16,0.0063012931495904,0.9530404806137084,0.9527627825737,0.0158292185515165,0.001463733613491,64,62886.0,3269310243818766336,8242653696,47764864,16,5.295920611625947e-05,8237875200.0,3.2693102438187663e+18,62886.0,1.6840501262320846,1.6998554046427616,bin_1
config_639,448,17,16,0.0119686778634786,0.947599470615387,0.903523087501526,0.055996373295784,0.00019859985332,128,52865.0,8033388447463636992,13858428928,65433088,16,0.00019859985332,1599078400.0,9.248312133030112e+17,6086.0,1.9144761958669445,1.9343094421996443,bin_2
config_639,448,17,16,0.0119686778634786,0.947599470615387,0.903523087501526,0.055996373295784,0.00019859985332,128,52865.0,8033388447463636992,13858428928,65433088,16,0.00019859985332,3185049600.0,1.8495104661700544e+18,12171.0,1.78883234438349,1.8084003472328185,bin_2
config_639,448,17,16,0.0119686778634786,0.947599470615387,0.903523087501526,0.055996373295784,0.00019859985332,128,52865.0,8033388447463636992,13858428928,65433088,16,0.00019859985332,4784128000.0,2.774341679473065e+18,18257.0,1.742088677375043,1.7600243360097292,bin_2
config_639,448,17,16,0.0119686778634786,0.947599470615387,0.903523087501526,0.055996373295784,0.00019859985332,128,52865.0,8033388447463636992,13858428928,65433088,16,0.00019859985332,6383206400.0,3.699020932340109e+18,24342.0,1.7146343147559244,1.7319585877559225,bin_2
config_639,448,17,16,0.0119686778634786,0.947599470615387,0.903523087501526,0.055996373295784,0.00019859985332,128,52865.0,8033388447463636992,13858428928,65433088,16,0.00019859985332,7982284800.0,4.623852145643121e+18,30428.0,1.6975533307184938,1.714538908630121,bin_2
config_639,448,17,16,0.0119686778634786,0.947599470615387,0.903523087501526,0.055996373295784,0.00019859985332,128,52865.0,8033388447463636992,13858428928,65433088,16,0.00019859985332,9568256000.0,5.548683358946131e+18,36514.0,1.6840517529503245,1.7010065503980292,bin_2
config_639,448,17,16,0.0119686778634786,0.947599470615387,0.903523087501526,0.055996373295784,0.00019859985332,128,52865.0,8033388447463636992,13858428928,65433088,16,0.00019859985332,11167334400.0,6.473362611813175e+18,42599.0,1.674204014090241,1.6909085340187198,bin_2
config_639,448,17,16,0.0119686778634786,0.947599470615387,0.903523087501526,0.055996373295784,0.00019859985332,128,52865.0,8033388447463636992,13858428928,65433088,16,0.00019859985332,12766412800.0,7.398193825116186e+18,48685.0,1.6671243082890743,1.683422480958407,bin_2
config_639,448,17,16,0.0119686778634786,0.947599470615387,0.903523087501526,0.055996373295784,0.00019859985332,128,52865.0,8033388447463636992,13858428928,65433088,16,1.006418175608355e-06,13854310400.0,8.033388447463637e+18,52865.0,1.6301359065243457,1.6441948377890665,bin_2
config_64,704,19,8,0.0095071587711572,0.9157174825668336,0.9921717047691344,0.2740767300128937,9.062713797902688e-05,64,20907.0,3453422014749966336,2740392704,155271424,8,9.062713797902688e-05,1592524800.0,2.0104079658258885e+18,12171.0,1.7957035634165903,1.8146834787970685,bin_1
config_64,704,19,8,0.0095071587711572,0.9157174825668336,0.9921717047691344,0.2740767300128937,9.062713797902688e-05,64,20907.0,3453422014749966336,2740392704,155271424,8,1.1071378112620237e-07,2739404800.0,3.4534220147499663e+18,20907.0,1.691450278309525,1.7092915802119208,bin_1
config_640,320,6,8,0.0595837086439132,0.9456387758255004,0.967432141304016,0.298259824514389,0.0007268794579431,64,14505.0,368558625573273600,1901229312,24448640,16,0.0003957006757873,1592524800.0,3.092538456981946e+17,12171.0,1.8855808147446051,1.906455674796808,bin_0
config_640,320,6,8,0.0595837086439132,0.9456387758255004,0.967432141304016,0.298259824514389,0.0007268794579431,64,14505.0,368558625573273600,1901229312,24448640,16,8.401288233277635e-07,1900544000.0,3.685586255732736e+17,14505.0,1.843978007347857,1.864483244809948,bin_0
config_641,384,24,16,0.003957328852266,0.8589186668395996,0.9690735340118408,0.0783124268054962,1.0924939488177188e-05,64,10888.0,852220018350194688,1427182464,61792512,16,1.0924939488177188e-05,714342400.0,4.261100091750973e+17,5444.0,2.9847652726095237,3.015822556214254,bin_0
config_641,384,24,16,0.003957328852266,0.8589186668395996,0.9690735340118408,0.0783124268054962,1.0924939488177188e-05,64,10888.0,852220018350194688,1427182464,61792512,16,4.872625593318461e-07,1422131200.0,8.522200183501947e+17,10888.0,2.7402445697784423,2.768934296858115,bin_0
config_643,1024,12,8,0.0062462459318339,0.9424455761909484,0.9841293692588806,0.2136854976415634,0.0020627507474273,64,49347.0,9933299217529307136,6468104192,205649920,8,0.0020627507474273,1592524800.0,2.4499601754219955e+18,12171.0,1.6888244626952,1.7069419924548417,bin_2
config_643,1024,12,8,0.0062462459318339,0.9424455761909484,0.9841293692588806,0.2136854976415634,0.0020627507474273,64,49347.0,9933299217529307136,6468104192,205649920,8,0.0020627507474273,3191603200.0,4.899920350843991e+18,24342.0,1.6184193560334503,1.6357610212779436,bin_2
config_643,1024,12,8,0.0062462459318339,0.9424455761909484,0.9841293692588806,0.2136854976415634,0.0020627507474273,64,49347.0,9933299217529307136,6468104192,205649920,8,0.0020627507474273,4784128000.0,7.350081821161674e+18,36514.0,1.5870361725619582,1.6024886678281378,bin_2
config_643,1024,12,8,0.0062462459318339,0.9424455761909484,0.9841293692588806,0.2136854976415634,0.0020627507474273,64,49347.0,9933299217529307136,6468104192,205649920,8,0.0001265743298165,6383206400.0,9.80004199658367e+18,48685.0,1.5136842186431416,1.5281323906828146,bin_2
config_643,1024,12,8,0.0062462459318339,0.9424455761909484,0.9841293692588806,0.2136854976415634,0.0020627507474273,64,49347.0,9933299217529307136,6468104192,205649920,8,9.194734932576295e-06,6461849600.0,9.933299217529307e+18,49347.0,1.511715748994077,1.5261927721734907,bin_2
config_644,960,15,24,0.0290421470999717,0.95586359500885,0.930825173854828,0.0298686698079109,0.0086695356294512,32,11968.0,1285428677717237760,784363328,214183680,8,0.0086695356294512,393216000.0,6.427143388586189e+17,5984.0,3.508109820397174,3.5431118519579776,bin_1
config_644,960,15,24,0.0290421470999717,0.95586359500885,0.930825173854828,0.0298686698079109,0.0086695356294512,32,11968.0,1285428677717237760,784363328,214183680,8,0.0004371194435017,783155200.0,1.2854286777172378e+18,11968.0,3.603256464825302,3.6396478699074417,bin_1
config_645,576,11,18,0.0741793662309646,0.8428144454956055,0.9296664595603944,0.0848031193017959,0.0066611180081963,64,72280.0,5610814372722769920,9473927168,72767232,16,0.0066611180081963,1592524800.0,9.447872403210962e+17,12171.0,1.9147775530424276,1.934213243468863,bin_2
config_645,576,11,18,0.0741793662309646,0.8428144454956055,0.9296664595603944,0.0848031193017959,0.0066611180081963,64,72280.0,5610814372722769920,9473927168,72767232,16,0.0066611180081963,3191603200.0,1.8895744806421924e+18,24342.0,1.890173432670656,1.9100759141953263,bin_2
config_645,576,11,18,0.0741793662309646,0.8428144454956055,0.9296664595603944,0.0848031193017959,0.0066611180081963,64,72280.0,5610814372722769920,9473927168,72767232,16,0.0066611180081963,4784128000.0,2.834439347061417e+18,36514.0,1.883347466460994,1.9012621927261355,bin_2
config_645,576,11,18,0.0741793662309646,0.8428144454956055,0.9296664595603944,0.0848031193017959,0.0066611180081963,64,72280.0,5610814372722769920,9473927168,72767232,16,0.0066611180081963,6383206400.0,3.779226587382513e+18,48685.0,1.8790839187825312,1.897495574091301,bin_2
config_645,576,11,18,0.0741793662309646,0.8428144454956055,0.9296664595603944,0.0848031193017959,0.0066611180081963,64,72280.0,5610814372722769920,9473927168,72767232,16,0.0066611180081963,7975731200.0,4.724013827703609e+18,60856.0,1.875577646044434,1.8933062613987528,bin_2
config_645,576,11,18,0.0741793662309646,0.8428144454956055,0.9296664595603944,0.0848031193017959,0.0066611180081963,64,72280.0,5610814372722769920,9473927168,72767232,16,3.260459132744132e-05,9469952000.0,5.61081437272277e+18,72280.0,1.670387394389168,1.6854564873898616,bin_2
config_646,896,7,14,0.0013611954636871,0.8639132976531982,0.9327144622802734,0.2647346258163452,0.0049737426452338,64,16732.0,1860448966905102336,2193106688,115709440,16,0.0049737426452338,1592524800.0,1.3533065010878556e+18,12171.0,2.7051568777834785,2.7352813419748525,bin_1
config_646,896,7,14,0.0013611954636871,0.8639132976531982,0.9327144622802734,0.2647346258163452,0.0049737426452338,64,16732.0,1860448966905102336,2193106688,115709440,16,3.593582403420281e-05,2188902400.0,1.8604489669051023e+18,16732.0,2.490592381367918,2.51848985398402,bin_1
config_647,320,12,8,0.0743722468614578,0.8410512804985046,0.9384770393371582,0.0886981338262558,0.0055660395883023,32,11676.0,222810969013125120,765216512,32808320,16,0.0055660395883023,383385600.0,1.1140548450656256e+17,5838.0,2.830947740820588,2.861862727462268,bin_0
config_647,320,12,8,0.0743722468614578,0.8410512804985046,0.9384770393371582,0.0886981338262558,0.0055660395883023,32,11676.0,222810969013125120,765216512,32808320,16,0.0001398232167109,763494400.0,2.2281096901312512e+17,11676.0,2.541666011849388,2.568517187696989,bin_0
config_648,256,21,16,0.0318324156105518,0.9697639346122742,0.9594765901565552,0.2001558691263198,0.0004356670833658,32,4145.0,86038609395990528,271677408,30773248,16,0.0004356670833658,134348800.0,4.300892609613809e+16,2072.0,2.792966296086546,2.8230913434263134,bin_0
config_648,256,21,16,0.0318324156105518,0.9697639346122742,0.9594765901565552,0.2001558691263198,0.0004356670833658,32,4145.0,86038609395990528,271677408,30773248,16,2.3648997287651307e-05,268697600.0,8.603860939599053e+16,4145.0,2.3995933001158667,2.423186225265753,bin_0
config_649,1088,9,16,0.0031406688503921,0.8207845687866211,0.914045751094818,0.167186826467514,0.0007234116783365,64,8844.0,1583635362427109376,1159320064,187579904,8,0.0007234116783365,576716800.0,7.918176812135547e+17,4422.0,1.8605267823915013,1.8800501075533569,bin_1
config_649,1088,9,16,0.0031406688503921,0.8207845687866211,0.914045751094818,0.167186826467514,0.0007234116783365,64,8844.0,1583635362427109376,1159320064,187579904,8,2.1535936296893576e-05,1153433600.0,1.5836353624271094e+18,8844.0,1.704677335746953,1.721850795100947,bin_1
config_65,832,13,16,0.0094582019373774,0.8123701810836792,0.9615921974182128,0.0611293874680995,0.0063479235395789,64,14405.0,2230503002606960640,1888125696,152608768,8,0.0063479235395789,1592524800.0,1.884585355413351e+18,12171.0,3.164226143008373,3.197676006536015,bin_1
config_65,832,13,16,0.0094582019373774,0.8123701810836792,0.9615921974182128,0.0611293874680995,0.0063479235395789,64,14405.0,2230503002606960640,1888125696,152608768,8,3.606774738397142e-05,1887436800.0,2.230503002606961e+18,14405.0,3.033392683795241,3.066536859019858,bin_1
config_650,576,18,12,0.0059471018612384,0.8149183988571167,0.959528923034668,0.2505551278591156,0.000247110845521,64,21224.0,2388382710490791936,2781902336,100644480,8,0.000247110845521,1592524800.0,1.3696290034575685e+18,12171.0,1.7820328544006974,1.8001494042990638,bin_1
config_650,576,18,12,0.0059471018612384,0.8149183988571167,0.959528923034668,0.2505551278591156,0.000247110845521,64,21224.0,2388382710490791936,2781902336,100644480,8,1.115414762555239e-06,2778726400.0,2.388382710490792e+18,21224.0,1.6744235517353308,1.6923535211750718,bin_1
config_651,448,22,4,0.0018611849518492,0.8748365044593811,0.907974123954773,0.1487135142087936,1.0368047696829308e-05,64,37841.0,3523685137723097088,4960005632,78053248,8,1.0368047696829308e-05,1592524800.0,1.1333413971942552e+18,12171.0,2.556800454307775,2.583725805087168,bin_1
config_651,448,22,4,0.0018611849518492,0.8748365044593811,0.907974123954773,0.1487135142087936,1.0368047696829308e-05,64,37841.0,3523685137723097088,4960005632,78053248,8,1.0368047696829308e-05,3191603200.0,2.2666827943885105e+18,24342.0,2.2455829801129514,2.269471602615763,bin_1
config_651,448,22,4,0.0018611849518492,0.8748365044593811,0.907974123954773,0.1487135142087936,1.0368047696829308e-05,64,37841.0,3523685137723097088,4960005632,78053248,8,2.4708640414871336e-06,4784128000.0,3.4001173097651005e+18,36514.0,2.10978628725302,2.1324685737734934,bin_1
config_651,448,22,4,0.0018611849518492,0.8748365044593811,0.907974123954773,0.1487135142087936,1.0368047696829308e-05,64,37841.0,3523685137723097088,4960005632,78053248,8,7.554468732361948e-08,4954521600.0,3.523685137723097e+18,37841.0,2.1048648042561577,2.1275263458392657,bin_1
config_654,832,16,16,0.0013725375756621,0.8204009532928467,0.9345871210098268,0.1308972239494323,1.2184083061583806e-05,64,32551.0,5956204818256822272,4266537472,178172800,8,1.2184083061583806e-05,1592524800.0,2.2270581193512883e+18,12171.0,2.295409867372669,2.319512979124413,bin_2
config_654,832,16,16,0.0013725375756621,0.8204009532928467,0.9345871210098268,0.1308972239494323,1.2184083061583806e-05,64,32551.0,5956204818256822272,4266537472,178172800,8,1.2184083061583806e-05,3191603200.0,4.4541162387025766e+18,24342.0,2.0369484347202738,2.058339236271186,bin_2
config_654,832,16,16,0.0013725375756621,0.8204009532928467,0.9345871210098268,0.1308972239494323,1.2184083061583806e-05,64,32551.0,5956204818256822272,4266537472,178172800,8,2.8601133947385823e-09,4266393600.0,5.956204818256822e+18,32551.0,1.9532616393487965,1.9742889460188444,bin_2
config_655,320,12,16,0.0082526952028274,0.8132720589637756,0.9028299450874328,0.0931857377290725,0.0005270569236017,64,9224.0,352063942150717440,1209119744,32808320,16,0.0005270569236017,602931200.0,1.7603197107535872e+17,4612.0,2.0441512026161446,2.0660700276249746,bin_0
config_655,320,12,16,0.0082526952028274,0.8132720589637756,0.9028299450874328,0.0931857377290725,0.0005270569236017,64,9224.0,352063942150717440,1209119744,32808320,16,1.4725688203076389e-05,1205862400.0,3.5206394215071744e+17,9224.0,1.9003087762535595,1.9208090869325107,bin_0
config_656,704,22,22,0.1272299140691757,0.8294371962547302,0.9085408449172974,0.0695957839488983,8.781161886872724e-05,32,10172.0,950381670054592512,666636032,174199168,8,8.781161886872724e-05,334233600.0,4.7519083502729626e+17,5086.0,2.1871117439230936,2.209417603504462,bin_0
config_656,704,22,22,0.1272299140691757,0.8294371962547302,0.9085408449172974,0.0695957839488983,8.781161886872724e-05,32,10172.0,950381670054592512,666636032,174199168,8,2.732469045420085e-06,665190400.0,9.503816700545924e+17,10172.0,1.9677079382880789,1.988066473104915,bin_0
config_658,576,8,18,0.0023173857480287,0.8783503770828247,0.9491342306137084,0.2933639883995056,0.0008478823583573,64,9885.0,619461335989665792,1295655552,60819840,16,0.0008478823583573,648806400.0,3.0969933459392294e+17,4942.0,1.90462849957044,1.925696871710605,bin_0
config_658,576,8,18,0.0023173857480287,0.8783503770828247,0.9491342306137084,0.2933639883995056,0.0008478823583573,64,9885.0,619461335989665792,1295655552,60819840,16,1.0236592805279638e-05,1291059200.0,6.194613359896658e+17,9885.0,1.7648329584715796,1.784083577453113,bin_0
config_659,320,20,10,0.0101775284856557,0.860991358757019,0.9937641620635986,0.0249290242791175,0.000221233422053,32,8035.0,221682845856153600,526643840,43954560,16,0.000221233422053,262144000.0,1.1082762810257235e+17,4017.0,2.190507543946876,2.2128945076661037,bin_0
config_659,320,20,10,0.0101775284856557,0.860991358757019,0.9937641620635986,0.0249290242791175,0.000221233422053,32,8035.0,221682845856153600,526643840,43954560,16,3.871584885928312e-05,524288000.0,2.216828458561536e+17,8035.0,1.9819195404209076,2.001924257239357,bin_0
config_66,832,16,16,0.0311167854815721,0.9072998762130736,0.9719370007514954,0.1618235558271408,2.14768460864434e-05,32,11290.0,1032922961742397440,739901440,178172800,8,2.14768460864434e-05,370278400.0,5.164614808711987e+17,5645.0,2.52503567955533,2.5511826086435163,bin_1
config_66,832,16,16,0.0311167854815721,0.9072998762130736,0.9719370007514954,0.1618235558271408,2.14768460864434e-05,32,11290.0,1032922961742397440,739901440,178172800,8,4.7046760320796214e-07,737280000.0,1.0329229617423974e+18,11290.0,2.2098912306887204,2.2323264052828806,bin_1
config_660,320,18,10,0.0030710520222783,0.9209198355674744,0.9894753694534302,0.0450173579156398,2.0045596102136187e-05,32,3910.0,99566174276259840,256287072,41168000,16,2.0045596102136187e-05,127795200.0,4.978308713812992e+16,1955.0,3.315178116188674,3.350893803033673,bin_0
config_660,320,18,10,0.0030710520222783,0.9209198355674744,0.9894753694534302,0.0450173579156398,2.0045596102136187e-05,32,3910.0,99566174276259840,256287072,41168000,16,1.1389543239850113e-06,255590400.0,9.956617427625984e+16,3910.0,3.036006926005004,3.0682949607880388,bin_0
config_661,384,11,12,0.0018677122425287,0.9892368316650392,0.9524800181388856,0.2656666338443756,2.3377995603368618e-05,64,13223.0,583109086536695808,1733213312,38779392,16,7.142536811621447e-06,1592524800.0,5.367178924781158e+17,12171.0,2.773241264546504,2.8027578289782413,bin_0
config_661,384,11,12,0.0018677122425287,0.9892368316650392,0.9524800181388856,0.2656666338443756,2.3377995603368618e-05,64,13223.0,583109086536695808,1733213312,38779392,16,1.531019074252475e-07,1730150400.0,5.831090865366958e+17,13223.0,2.762252323822897,2.7918262476999254,bin_0
config_662,576,24,18,0.0010115425102412,0.9740352034568788,0.9937158823013306,0.274935245513916,0.00136142980773,64,19428.0,2767590702038089728,2546538752,124539264,8,0.00136142980773,1592524800.0,1.733804119544245e+18,12171.0,1.7506705181715918,1.7692118272625033,bin_1
config_662,576,24,18,0.0010115425102412,0.9740352034568788,0.9937158823013306,0.274935245513916,0.00136142980773,64,19428.0,2767590702038089728,2546538752,124539264,8,7.137246698453491e-06,2542796800.0,2.7675907020380897e+18,19428.0,1.6546696084249215,1.6721323391844014,bin_1
config_663,1152,16,6,0.1269046664237976,0.8144844174385071,0.9830544590950012,0.078771561384201,5.876375507796183e-05,32,3125.0,477045479005544448,204800032,312761088,8,5.876375507796183e-05,101580800.0,2.3844641222613133e+17,1562.0,2.474933880606636,2.499893071534204,bin_0
config_663,1152,16,6,0.1269046664237976,0.8144844174385071,0.9830544590950012,0.078771561384201,5.876375507796183e-05,32,3125.0,477045479005544448,204800032,312761088,8,5.971926329061167e-06,203161600.0,4.7704547900554445e+17,3125.0,2.1558407413373226,2.176822580861264,bin_0
config_664,320,8,20,0.0019385144114494,0.8655336499214172,0.9507524371147156,0.2685021460056305,1.7326507077086717e-05,64,10867.0,322351095301816320,1424484736,27235200,16,1.7326507077086717e-05,714342400.0,1.6116071600025472e+17,5433.0,2.9572300866392798,2.988276342016752,bin_0
config_664,320,8,20,0.0019385144114494,0.8655336499214172,0.9507524371147156,0.2685021460056305,1.7326507077086717e-05,64,10867.0,322351095301816320,1424484736,27235200,16,1.0097724385000953e-07,1422131200.0,3.223510953018163e+17,10867.0,2.7644580963009693,2.7937999726123497,bin_0
config_665,1152,12,24,0.0024506263434886,0.8686057329177856,0.9449254274368286,0.275324285030365,0.0001266427861992,64,21347.0,5131268294754041856,2798052864,249050880,8,0.0001266427861992,1592524800.0,2.925594529228999e+18,12171.0,1.7583748567299764,1.7767324105442548,bin_1
config_665,1152,12,24,0.0024506263434886,0.8686057329177856,0.9449254274368286,0.275324285030365,0.0001266427861992,64,21347.0,5131268294754041856,2798052864,249050880,8,1.0127975074636288e-06,2791833600.0,5.131268294754042e+18,21347.0,1.6454759089282305,1.6632420678998605,bin_1
config_666,384,7,8,0.0521544851362705,0.8063266277313232,0.950849950313568,0.2110768407583236,0.0001276146358577,64,31137.0,1045690870446489600,4081281280,31698432,16,0.0001276146358577,1592524800.0,4.087453378361507e+17,12171.0,1.9909128123814943,2.012810582411094,bin_1
config_666,384,7,8,0.0521544851362705,0.8063266277313232,0.950849950313568,0.2110768407583236,0.0001276146358577,64,31137.0,1045690870446489600,4081281280,31698432,16,0.0001276146358577,3191603200.0,8.174906756723014e+17,24342.0,1.8958405923452533,1.9165173262064572,bin_1
config_666,384,7,8,0.0521544851362705,0.8063266277313232,0.950849950313568,0.2110768407583236,0.0001276146358577,64,31137.0,1045690870446489600,4081281280,31698432,16,7.184634094243615e-07,4076339200.0,1.0456908704464896e+18,31137.0,1.8471915775439776,1.8669723074553444,bin_1
config_667,960,6,24,0.0049448050558567,0.935039520263672,0.915516436100006,0.2556680142879486,0.0003126205410808,64,25147.0,2733441806084014080,3296144896,114633600,16,0.0003126205410808,1592524800.0,1.322969746762975e+18,12171.0,1.798857856539429,1.8177007087332304,bin_1
config_667,960,6,24,0.0049448050558567,0.935039520263672,0.915516436100006,0.2556680142879486,0.0003126205410808,64,25147.0,2733441806084014080,3296144896,114633600,16,3.875541627646969e-05,3191603200.0,2.64593949352595e+18,24342.0,1.6762032354464296,1.693876287155464,bin_1
config_667,960,6,24,0.0049448050558567,0.935039520263672,0.915516436100006,0.2556680142879486,0.0003126205410808,64,25147.0,2733441806084014080,3296144896,114633600,16,2.285451148047776e-06,3289907200.0,2.733441806084014e+18,25147.0,1.6706196208078352,1.6881077579592094,bin_1
config_668,512,18,8,0.0172912161797285,0.8929434418678284,0.9924066662788392,0.0518920198082923,0.0004652105853892,64,39987.0,3925646491897036800,5241228800,87102464,8,0.0004652105853892,1592524800.0,1.1948644172575795e+18,12171.0,1.7667508575173676,1.7859298371096126,bin_1
config_668,512,18,8,0.0172912161797285,0.8929434418678284,0.9924066662788392,0.0518920198082923,0.0004652105853892,64,39987.0,3925646491897036800,5241228800,87102464,8,0.0004652105853892,3191603200.0,2.389728834515159e+18,24342.0,1.6859390186872638,1.7041274840519076,bin_1
config_668,512,18,8,0.0172912161797285,0.8929434418678284,0.9924066662788392,0.0518920198082923,0.0004652105853892,64,39987.0,3925646491897036800,5241228800,87102464,8,0.0004652105853892,4784128000.0,3.584691424841284e+18,36514.0,1.6550434062129162,1.670976488648868,bin_1
config_668,512,18,8,0.0172912161797285,0.8929434418678284,0.9924066662788392,0.0518920198082923,0.0004652105853892,64,39987.0,3925646491897036800,5241228800,87102464,8,8.29532128164025e-06,5236326400.0,3.925646491897037e+18,39987.0,1.6121608224657715,1.627199007761283,bin_1
config_669,384,4,16,0.018870286643505,0.8704004287719727,0.9763401746749878,0.2513622641563415,0.0028432831168174,64,41700.0,1071588759690018816,5465776128,26387712,16,0.0028432831168174,1592524800.0,3.1276515093974144e+17,12171.0,1.9159961397530605,1.9374387521040244,bin_1
config_669,384,4,16,0.018870286643505,0.8704004287719727,0.9763401746749878,0.2513622641563415,0.0028432831168174,64,41700.0,1071588759690018816,5465776128,26387712,16,0.0028432831168174,3191603200.0,6.255303018794829e+17,24342.0,1.8841478672965628,1.905292296526862,bin_1
config_669,384,4,16,0.018870286643505,0.8704004287719727,0.9763401746749878,0.2513622641563415,0.0028432831168174,64,41700.0,1071588759690018816,5465776128,26387712,16,0.0014106547283132,4784128000.0,9.383211503913992e+17,36514.0,1.837291347237884,1.8573238111324,bin_1
config_669,384,4,16,0.018870286643505,0.8704004287719727,0.9763401746749878,0.2513622641563415,0.0028432831168174,64,41700.0,1071588759690018816,5465776128,26387712,16,0.0,5465702400.0,1.0715887596900188e+18,41700.0,1.7967256775449534,1.816153211476373,bin_1
config_67,512,18,4,0.1484922170639038,0.8368839025497437,0.9812061190605164,0.1541435569524765,4.523794268607162e-05,64,45606.0,4477255472430710784,5977695744,87102464,8,4.523794268607162e-05,1592524800.0,1.1948576142383498e+18,12171.0,1.9844255575000265,2.0047313600290018,bin_1
config_67,512,18,4,0.1484922170639038,0.8368839025497437,0.9812061190605164,0.1541435569524765,4.523794268607162e-05,64,45606.0,4477255472430710784,5977695744,87102464,8,4.523794268607162e-05,3191603200.0,2.3897152284767e+18,24342.0,1.8321544896383757,1.851896471175991,bin_1
config_67,512,18,4,0.1484922170639038,0.8368839025497437,0.9812061190605164,0.1541435569524765,4.523794268607162e-05,64,45606.0,4477255472430710784,5977695744,87102464,8,4.523794268607162e-05,4784128000.0,3.584671015224641e+18,36514.0,1.7684855212539925,1.785834301143396,bin_1
config_67,512,18,4,0.1484922170639038,0.8368839025497437,0.9812061190605164,0.1541435569524765,4.523794268607162e-05,64,45606.0,4477255472430710784,5977695744,87102464,8,3.8615401353881264e-08,5976883200.0,4.477255472430711e+18,45606.0,1.717734799560953,1.7343072088429186,bin_1
config_670,960,14,20,0.0951692909002304,0.9320728778839112,0.9563791155815125,0.0308738369494676,7.64464566600509e-05,64,8092.0,1642906822550077440,1060713344,203122560,8,7.64464566600509e-05,530841600.0,8.214534112750387e+17,4046.0,2.040048800179216,2.0610492699263525,bin_1
config_670,960,14,20,0.0951692909002304,0.9320728778839112,0.9563791155815125,0.0308738369494676,7.64464566600509e-05,64,8092.0,1642906822550077440,1060713344,203122560,8,1.2894583051092924e-05,1055129600.0,1.6429068225500774e+18,8092.0,1.84717578993469,1.8665022515664336,bin_1
config_671,896,24,16,0.0679471641778945,0.9182204008102416,0.9314806461334229,0.1388522237539291,0.0043886993080377,64,35887.0,10593624714939334656,4703891968,287313152,8,0.0043886993080377,1592524800.0,3.592805372572983e+18,12171.0,3.322469521819568,3.3564854554660983,bin_2
config_671,896,24,16,0.0679471641778945,0.9182204008102416,0.9314806461334229,0.1388522237539291,0.0043886993080377,64,35887.0,10593624714939334656,4703891968,287313152,8,0.0043886993080377,3191603200.0,7.185610745145966e+18,24342.0,3.399825798058119,3.4354549891831443,bin_2
config_671,896,24,16,0.0679471641778945,0.9182204008102416,0.9314806461334229,0.1388522237539291,0.0043886993080377,64,35887.0,10593624714939334656,4703891968,287313152,8,3.259371224355583e-05,4698931200.0,1.0593624714939337e+19,35887.0,3.337201936792155,3.3730228963836293,bin_2
config_672,768,14,16,0.1891667544841766,0.8782299160957336,0.9247434735298156,0.0675132274627685,0.0011522030690684,64,46941.0,6709251789123747840,6152679424,137725440,8,0.0011522030690684,1592524800.0,1.739594459543366e+18,12171.0,1.8202740891448788,1.838593806927321,bin_2
config_672,768,14,16,0.1891667544841766,0.8782299160957336,0.9247434735298156,0.0675132274627685,0.0011522030690684,64,46941.0,6709251789123747840,6152679424,137725440,8,0.0011522030690684,3191603200.0,3.479188919086732e+18,24342.0,1.777829882551412,1.7969696970454982,bin_2
config_672,768,14,16,0.1891667544841766,0.8782299160957336,0.9247434735298156,0.0675132274627685,0.0011522030690684,64,46941.0,6709251789123747840,6152679424,137725440,8,0.0011522030690684,4784128000.0,5.218926308090252e+18,36514.0,1.7631517872067748,1.7793951372435834,bin_2
config_672,768,14,16,0.1891667544841766,0.8782299160957336,0.9247434735298156,0.0675132274627685,0.0011522030690684,64,46941.0,6709251789123747840,6152679424,137725440,8,1.4907013515875036e-05,6147276800.0,6.709251789123748e+18,46941.0,1.614872930890224,1.628817659010653,bin_2
config_673,832,6,8,0.0826783627271652,0.896855354309082,0.9068812131881714,0.0909914076328277,2.770278661046177e-05,64,38651.0,3446857344423886848,5066116608,92959360,16,2.770278661046177e-05,1592524800.0,1.0853975508779366e+18,12171.0,2.0815089828850795,2.103495187173124,bin_1
config_673,832,6,8,0.0826783627271652,0.896855354309082,0.9068812131881714,0.0909914076328277,2.770278661046177e-05,64,38651.0,3446857344423886848,5066116608,92959360,16,2.770278661046177e-05,3191603200.0,2.1707951017558733e+18,24342.0,1.9308378341549728,1.9518547794076264,bin_1
config_673,832,6,8,0.0826783627271652,0.896855354309082,0.9068812131881714,0.0909914076328277,2.770278661046177e-05,64,38651.0,3446857344423886848,5066116608,92959360,16,1.694786518745827e-05,4784128000.0,3.2562818316290345e+18,36514.0,1.858378086207343,1.8767332365473763,bin_1
config_673,832,6,8,0.0826783627271652,0.896855354309082,0.9068812131881714,0.0909914076328277,2.770278661046177e-05,64,38651.0,3446857344423886848,5066116608,92959360,16,7.879063313557546e-09,5065932800.0,3.446857344423887e+18,38651.0,1.842842643847231,1.8611626769675584,bin_1
config_674,640,15,10,0.0090897809714078,0.9825397729873656,0.9432373046875,0.2807127237319946,0.0040009841322898,64,28126.0,3266736765602365440,3686617088,108382720,8,0.0040009841322898,1592524800.0,1.4136191841764342e+18,12171.0,1.8047015123484564,1.8237965481789389,bin_1
config_674,640,15,10,0.0090897809714078,0.9825397729873656,0.9432373046875,0.2807127237319946,0.0040009841322898,64,28126.0,3266736765602365440,3686617088,108382720,8,0.0019135802512383,3191603200.0,2.8272383683528684e+18,24342.0,1.6955922114262816,1.713960282998007,bin_1
config_674,640,15,10,0.0090897809714078,0.9825397729873656,0.9432373046875,0.2807127237319946,0.0040009841322898,64,28126.0,3266736765602365440,3686617088,108382720,8,1.31761352045014e-05,3683123200.0,3.2667367656023654e+18,28126.0,1.6532442590447722,1.6708737234991105,bin_1
config_677,448,14,16,0.004386241082102,0.8608471155166626,0.946341037750244,0.2926788032054901,2.2182359316502694e-05,64,52622.0,3457125273233522688,6897301504,57860992,16,2.2182359316502694e-05,1592524800.0,7.996022899267456e+17,12171.0,2.4130551762268198,2.4387166963639806,bin_1
config_677,448,14,16,0.004386241082102,0.8608471155166626,0.946341037750244,0.2926788032054901,2.2182359316502694e-05,64,52622.0,3457125273233522688,6897301504,57860992,16,2.2182359316502694e-05,3191603200.0,1.5992045798534912e+18,24342.0,2.1163566694103304,2.1390239481456943,bin_1
config_677,448,14,16,0.004386241082102,0.8608471155166626,0.946341037750244,0.2926788032054901,2.2182359316502694e-05,64,52622.0,3457125273233522688,6897301504,57860992,16,2.2182359316502694e-05,4784128000.0,2.398872567117344e+18,36514.0,2.00099972611568,2.023028105829583,bin_1
config_677,448,14,16,0.004386241082102,0.8608471155166626,0.946341037750244,0.2926788032054901,2.2182359316502694e-05,64,52622.0,3457125273233522688,6897301504,57860992,16,5.648932747180286e-06,6383206400.0,3.1984748570440893e+18,48685.0,1.9389517239664424,1.9601750831916684,bin_1
config_677,448,14,16,0.004386241082102,0.8608471155166626,0.946341037750244,0.2926788032054901,2.2182359316502694e-05,64,52622.0,3457125273233522688,6897301504,57860992,16,3.1687027138694554e-08,6894387200.0,3.4571252732335227e+18,52622.0,1.9311731845433595,1.9523333585457725,bin_1
config_678,576,13,18,0.0028486056253314,0.8919584155082703,0.9926815629005432,0.2985275089740753,0.0020951165352016,64,8256.0,723235836129951744,1082162304,80732160,16,0.0020951165352016,543948800.0,3.616179180649759e+17,4128.0,1.9116204659665217,1.93198038644478,bin_0
config_678,576,13,18,0.0028486056253314,0.8919584155082703,0.9926815629005432,0.2985275089740753,0.0020951165352016,64,8256.0,723235836129951744,1082162304,80732160,16,5.101744809744239e-06,1081344000.0,7.232358361299517e+17,8256.0,1.7580681945065983,1.7769072681176858,bin_0
config_680,768,14,8,0.092214897274971,0.8034257888793945,0.9774534702301024,0.2704801559448242,6.69809669489041e-05,64,35812.0,5118587748313989120,4693970432,137725440,8,6.69809669489041e-05,1592524800.0,1.7395937530640443e+18,12171.0,1.852138222123756,1.8713990638490583,bin_1
config_680,768,14,8,0.092214897274971,0.8034257888793945,0.9774534702301024,0.2704801559448242,6.69809669489041e-05,64,35812.0,5118587748313989120,4693970432,137725440,8,6.69809669489041e-05,3191603200.0,3.4791875061280886e+18,24342.0,1.7379240000247955,1.7562253209606546,bin_1
config_680,768,14,8,0.092214897274971,0.8034257888793945,0.9774534702301024,0.2704801559448242,6.69809669489041e-05,64,35812.0,5118587748313989120,4693970432,137725440,8,8.298282091543491e-08,4692377600.0,5.118587748313989e+18,35812.0,1.664158012866974,1.680915577313939,bin_1
config_681,576,5,18,0.1447630226612091,0.8404940366744995,0.90774005651474,0.202007383108139,0.0009597998578101,32,6592.0,157244007494762496,432018048,48872448,16,0.0009597998578101,216268800.0,7.862200374738125e+16,3296.0,2.16770449024732,2.1901814425187034,bin_0
config_681,576,5,18,0.1447630226612091,0.8404940366744995,0.90774005651474,0.202007383108139,0.0009597998578101,32,6592.0,157244007494762496,432018048,48872448,16,3.028669724119157e-05,429260800.0,1.572440074947625e+17,6592.0,1.9710812884080608,1.9924548118231729,bin_0
config_682,256,9,16,0.159366175532341,0.9311867356300354,0.9687819480895996,0.1329576969146728,1.062938645191025e-05,128,59336.0,2797587703469703168,15554697216,20543488,16,1.062938645191025e-05,1599078400.0,2.869441614419006e+17,6086.0,3.196381738615817,3.230548919068008,bin_1
config_682,256,9,16,0.159366175532341,0.9311867356300354,0.9687819480895996,0.1329576969146728,1.062938645191025e-05,128,59336.0,2797587703469703168,15554697216,20543488,16,1.062938645191025e-05,3185049600.0,5.738411746482701e+17,12171.0,2.900280841999366,2.930703800623534,bin_1
config_682,256,9,16,0.159366175532341,0.9311867356300354,0.9687819480895996,0.1329576969146728,1.062938645191025e-05,128,59336.0,2797587703469703168,15554697216,20543488,16,1.062938645191025e-05,4784128000.0,8.607853360901706e+17,18257.0,2.753871335279746,2.782789270604243,bin_1
config_682,256,9,16,0.159366175532341,0.9311867356300354,0.9687819480895996,0.1329576969146728,1.062938645191025e-05,128,59336.0,2797587703469703168,15554697216,20543488,16,1.062938645191025e-05,6383206400.0,1.1476823492965404e+18,24342.0,2.654763017873295,2.682733011011217,bin_1
config_682,256,9,16,0.159366175532341,0.9311867356300354,0.9687819480895996,0.1329576969146728,1.062938645191025e-05,128,59336.0,2797587703469703168,15554697216,20543488,16,1.062938645191025e-05,7982284800.0,1.434626510738441e+18,30428.0,2.5766715386656465,2.603606390093194,bin_1
config_682,256,9,16,0.159366175532341,0.9311867356300354,0.9687819480895996,0.1329576969146728,1.062938645191025e-05,128,59336.0,2797587703469703168,15554697216,20543488,16,1.062938645191025e-05,9568256000.0,1.7215706721803412e+18,36514.0,2.504208892017114,2.5313845378062765,bin_1
config_682,256,9,16,0.159366175532341,0.9311867356300354,0.9687819480895996,0.1329576969146728,1.062938645191025e-05,128,59336.0,2797587703469703168,15554697216,20543488,16,1.062938645191025e-05,11167334400.0,2.008467685386711e+18,42599.0,2.4335165218447075,2.459529594358851,bin_1
config_682,256,9,16,0.159366175532341,0.9311867356300354,0.9687819480895996,0.1329576969146728,1.062938645191025e-05,128,59336.0,2797587703469703168,15554697216,20543488,16,1.062938645191025e-05,12766412800.0,2.295411846828612e+18,48685.0,2.3731529542657195,2.3981507241530498,bin_1
config_682,256,9,16,0.159366175532341,0.9311867356300354,0.9687819480895996,0.1329576969146728,1.062938645191025e-05,128,59336.0,2797587703469703168,15554697216,20543488,16,6.179029822342554e-06,14352384000.0,2.582308860034981e+18,54770.0,2.3298554283673645,2.352323703414104,bin_1
config_682,256,9,16,0.159366175532341,0.9311867356300354,0.9687819480895996,0.1329576969146728,1.062938645191025e-05,128,59336.0,2797587703469703168,15554697216,20543488,16,4.8505249368585044e-08,15545139200.0,2.797587703469703e+18,59336.0,2.315511507558041,2.3377113952402206,bin_1
config_683,576,20,18,0.0010329867945984,0.8104372024536133,0.9746691584587096,0.0999374166131019,0.0072088558226823,64,16950.0,2076545687000186880,2221783040,108609408,8,0.0072088558226823,1592524800.0,1.4910700623291607e+18,12171.0,3.1833814232857502,3.2157198003081024,bin_1
config_683,576,20,18,0.0010329867945984,0.8104372024536133,0.9746691584587096,0.0999374166131019,0.0072088558226823,64,16950.0,2076545687000186880,2221783040,108609408,8,0.0,2221670400.0,2.076545687000187e+18,16950.0,3.041413923912361,3.073777238267367,bin_1
config_684,576,18,16,0.022196052595973,0.8223684430122375,0.9954942464828492,0.0391060560941696,1.0143279723706655e-05,64,35917.0,4041860545857650688,4707813888,100644480,8,1.0143279723706655e-05,1592524800.0,1.3696434753357317e+18,12171.0,2.564904675425076,2.5928700686869077,bin_1
config_684,576,18,16,0.022196052595973,0.8223684430122375,0.9954942464828492,0.0391060560941696,1.0143279723706655e-05,64,35917.0,4041860545857650688,4707813888,100644480,8,1.0143279723706655e-05,3191603200.0,2.739286950671463e+18,24342.0,2.202722716956842,2.2264257910017107,bin_1
config_684,576,18,16,0.022196052595973,0.8223684430122375,0.9954942464828492,0.0391060560941696,1.0143279723706655e-05,64,35917.0,4041860545857650688,4707813888,100644480,8,1.2281748953205965e-07,4705484800.0,4.04186054585765e+18,35917.0,2.055682418991308,2.077672165788588,bin_1
config_687,512,20,16,0.0613085329532623,0.9384379386901855,0.9360055923461914,0.1619830429553985,2.1792495317640714e-05,64,45839.0,4897019061073870848,6008215552,93920256,8,2.1792495317640714e-05,1592524800.0,1.300238203109363e+18,12171.0,2.2620288540300777,2.2852179388921767,bin_1
config_687,512,20,16,0.0613085329532623,0.9384379386901855,0.9360055923461914,0.1619830429553985,2.1792495317640714e-05,64,45839.0,4897019061073870848,6008215552,93920256,8,2.1792495317640714e-05,3191603200.0,2.600476406218726e+18,24342.0,2.0088857944480707,2.030074965641147,bin_1
config_687,512,20,16,0.0613085329532623,0.9384379386901855,0.9360055923461914,0.1619830429553985,2.1792495317640714e-05,64,45839.0,4897019061073870848,6008215552,93920256,8,2.1792495317640714e-05,4784128000.0,3.900821440172153e+18,36514.0,1.9101317494423664,1.929598892008672,bin_1
config_687,512,20,16,0.0613085329532623,0.9384379386901855,0.9360055923461914,0.1619830429553985,2.1792495317640714e-05,64,45839.0,4897019061073870848,6008215552,93920256,8,1.1446563197144587e-07,6003097600.0,4.897019061073871e+18,45839.0,1.855837686022774,1.8749400384895136,bin_1
config_688,576,20,8,0.0937859937548637,0.8414503335952759,0.9687420725822448,0.1424410790205001,0.0003788138565141,64,42237.0,5174201235440664576,5536094208,108609408,8,0.0003788138565141,1592524800.0,1.4909961227489718e+18,12171.0,1.764228776380664,1.7818673970269374,bin_1
config_688,576,20,8,0.0937859937548637,0.8414503335952759,0.9687420725822448,0.1424410790205001,0.0003788138565141,64,42237.0,5174201235440664576,5536094208,108609408,8,0.0003788138565141,3191603200.0,2.981992245497944e+18,24342.0,1.6977009304820514,1.7156558270337152,bin_1
config_688,576,20,8,0.0937859937548637,0.8414503335952759,0.9687420725822448,0.1424410790205001,0.0003788138565141,64,42237.0,5174201235440664576,5536094208,108609408,8,0.0003612458601764,4784128000.0,4.473110872241884e+18,36514.0,1.6698134853409938,1.6861958359108598,bin_1
config_688,576,20,8,0.0937859937548637,0.8414503335952759,0.9687420725822448,0.1424410790205001,0.0003788138565141,64,42237.0,5174201235440664576,5536094208,108609408,8,2.3298059659282444e-06,5531238400.0,5.174201235440665e+18,42237.0,1.5912363004879873,1.60681036280804,bin_1
config_689,384,20,16,0.005698004271835,0.8837832808494568,0.9649093747138976,0.0501873530447483,0.0015757936052978,128,52495.0,7113532059813150720,13761418240,54711552,16,0.0015757936052978,1599078400.0,8.247062789984348e+17,6086.0,1.824905174521149,1.8440330002737828,bin_2
config_689,384,20,16,0.005698004271835,0.8837832808494568,0.9649093747138976,0.0501873530447483,0.0015757936052978,128,52495.0,7113532059813150720,13761418240,54711552,16,0.0015757936052978,3185049600.0,1.6492770492425157e+18,12171.0,1.747587923651836,1.7664544535855775,bin_2
config_689,384,20,16,0.005698004271835,0.8837832808494568,0.9649093747138976,0.0501873530447483,0.0015757936052978,128,52495.0,7113532059813150720,13761418240,54711552,16,0.0015757936052978,4784128000.0,2.4739833282409503e+18,18257.0,1.7177277352379972,1.733960100080146,bin_2
config_689,384,20,16,0.005698004271835,0.8837832808494568,0.9649093747138976,0.0501873530447483,0.0015757936052978,128,52495.0,7113532059813150720,13761418240,54711552,16,0.0015757936052978,6383206400.0,3.298554098485031e+18,24342.0,1.698928623707568,1.714814598052228,bin_2
config_689,384,20,16,0.005698004271835,0.8837832808494568,0.9649093747138976,0.0501873530447483,0.0015757936052978,128,52495.0,7113532059813150720,13761418240,54711552,16,0.0015757936052978,7982284800.0,4.123260377483466e+18,30428.0,1.686128195074738,1.7018991140459403,bin_2
config_689,384,20,16,0.005698004271835,0.8837832808494568,0.9649093747138976,0.0501873530447483,0.0015757936052978,128,52495.0,7113532059813150720,13761418240,54711552,16,0.0015757936052978,9568256000.0,4.947966656481901e+18,36514.0,1.6743173837270893,1.6914293041776438,bin_2
config_689,384,20,16,0.005698004271835,0.8837832808494568,0.9649093747138976,0.0501873530447483,0.0015757936052978,128,52495.0,7113532059813150720,13761418240,54711552,16,0.0015757936052978,11167334400.0,5.772537426725981e+18,42599.0,1.6673555041532049,1.6840516752493186,bin_2
config_689,384,20,16,0.005698004271835,0.8837832808494568,0.9649093747138976,0.0501873530447483,0.0015757936052978,128,52495.0,7113532059813150720,13761418240,54711552,16,0.0015757936052978,12766412800.0,6.597243705724417e+18,48685.0,1.6608671159822432,1.677323968488662,bin_2
config_689,384,20,16,0.005698004271835,0.8837832808494568,0.9649093747138976,0.0501873530447483,0.0015757936052978,128,52495.0,7113532059813150720,13761418240,54711552,16,2.69213030517849e-05,13749452800.0,7.113532059813151e+18,52495.0,1.621747130565956,1.635498716088592,bin_2
config_690,640,11,10,0.013579967431724,0.9660028219223022,0.9002856612205505,0.0294365473091602,0.000351758004399,128,56960.0,10471549678100152320,14931725312,88061440,16,0.000351758004399,1599078400.0,1.1188527271930746e+18,6086.0,1.805549214316196,1.825260079493288,bin_2
config_690,640,11,10,0.013579967431724,0.9660028219223022,0.9002856612205505,0.0294365473091602,0.000351758004399,128,56960.0,10471549678100152320,14931725312,88061440,16,0.000351758004399,3185049600.0,2.2375216139774748e+18,12171.0,1.7140100906716018,1.7327426891248734,bin_2
config_690,640,11,10,0.013579967431724,0.9660028219223022,0.9002856612205505,0.0294365473091602,0.000351758004399,128,56960.0,10471549678100152320,14931725312,88061440,16,0.000351758004399,4784128000.0,3.356374341170549e+18,18257.0,1.676879569233441,1.6936760454881388,bin_2
config_690,640,11,10,0.013579967431724,0.9660028219223022,0.9002856612205505,0.0294365473091602,0.000351758004399,128,56960.0,10471549678100152320,14931725312,88061440,16,0.000351758004399,6383206400.0,4.4750432279549496e+18,24342.0,1.6547233475231733,1.6713993404341525,bin_2
config_690,640,11,10,0.013579967431724,0.9660028219223022,0.9002856612205505,0.0294365473091602,0.000351758004399,128,56960.0,10471549678100152320,14931725312,88061440,16,0.000351758004399,7982284800.0,5.593895955148025e+18,30428.0,1.6397416463445444,1.655972167351207,bin_2
config_690,640,11,10,0.013579967431724,0.9660028219223022,0.9002856612205505,0.0294365473091602,0.000351758004399,128,56960.0,10471549678100152320,14931725312,88061440,16,0.000351758004399,9568256000.0,6.712748682341098e+18,36514.0,1.6281106647507089,1.644438844665152,bin_2
config_690,640,11,10,0.013579967431724,0.9660028219223022,0.9002856612205505,0.0294365473091602,0.000351758004399,128,56960.0,10471549678100152320,14931725312,88061440,16,0.000351758004399,11167334400.0,7.831417569125499e+18,42599.0,1.6190769458207928,1.6352773567105905,bin_2
config_690,640,11,10,0.013579967431724,0.9660028219223022,0.9002856612205505,0.0294365473091602,0.000351758004399,128,56960.0,10471549678100152320,14931725312,88061440,16,0.000351758004399,12766412800.0,8.950270296318574e+18,48685.0,1.6122542720153683,1.6283118917121262,bin_2
config_690,640,11,10,0.013579967431724,0.9660028219223022,0.9002856612205505,0.0294365473091602,0.000351758004399,128,56960.0,10471549678100152320,14931725312,88061440,16,0.000351758004399,14352384000.0,1.0068939183102972e+19,54770.0,1.6076635117608993,1.6226179739686308,bin_2
config_690,640,11,10,0.013579967431724,0.9660028219223022,0.9002856612205505,0.0294365473091602,0.000351758004399,128,56960.0,10471549678100152320,14931725312,88061440,16,2.0987947756504225e-06,14929100800.0,1.0471549678100152e+19,56960.0,1.572019637334542,1.5865303524986645,bin_2
config_691,576,9,16,0.0195221118628978,0.9801703691482544,0.9013912677764891,0.1138575971126556,0.0006094177369959,32,5335.0,180488109093322752,349681408,64802304,16,0.0006094177369959,173670400.0,9.022713907251955e+16,2667.0,2.6415775064562186,2.6698997282591024,bin_0
config_691,576,9,16,0.0195221118628978,0.9801703691482544,0.9013912677764891,0.1138575971126556,0.0006094177369959,32,5335.0,180488109093322752,349681408,64802304,16,3.513940822876232e-05,347340800.0,1.8048810909332275e+17,5335.0,2.198951729829194,2.220967485005738,bin_0
config_692,1088,12,8,0.0018013779772445,0.9496066570281982,0.9224780201911926,0.1854515373706817,1.3297318218974397e-05,64,23775.0,5334846367430246400,3116266240,231872384,8,1.3297318218974397e-05,1592524800.0,2.7310374400838497e+18,12171.0,2.0829610613330467,2.104688651092717,bin_1
config_692,1088,12,8,0.0018013779772445,0.9496066570281982,0.9224780201911926,0.1854515373706817,1.3297318218974397e-05,64,23775.0,5334846367430246400,3116266240,231872384,8,7.539871977191241e-08,3112960000.0,5.334846367430246e+18,23775.0,1.9038162345768976,1.9241720259189603,bin_1
config_693,1152,11,24,0.0128307789564132,0.8462530970573425,0.9636000394821168,0.1737161576747894,0.0060589089989662,32,9548.0,1070055740533800960,625760640,233123328,8,0.0060589089989662,311296000.0,5.350278702669005e+17,4774.0,3.3331104645572727,3.3674383874408536,bin_1
config_693,1152,11,24,0.0128307789564132,0.8462530970573425,0.9636000394821168,0.1737161576747894,0.0060589089989662,32,9548.0,1070055740533800960,625760640,233123328,8,0.0001754087044332,622592000.0,1.070055740533801e+18,9548.0,3.1834920990271645,3.216541107013577,bin_1
config_695,1152,12,12,0.0745404660701751,0.8159363269805908,0.9223309755325316,0.0964366495609283,5.912655979045667e-05,64,14769.0,3550246995966787584,1935930496,249050880,8,5.912655979045667e-05,1592524800.0,2.925726602201352e+18,12171.0,1.819123984516644,1.8385673698440927,bin_1
config_695,1152,12,12,0.0745404660701751,0.8159363269805908,0.9223309755325316,0.0964366495609283,5.912655979045667e-05,64,14769.0,3550246995966787584,1935930496,249050880,8,7.889077500131169e-07,1933312000.0,3.550246995966788e+18,14769.0,1.7605928768486274,1.779795453997909,bin_1
config_696,832,10,16,0.0035061161033809,0.8280691504478455,0.9636754393577576,0.0008073628414422,0.0008917820523492,64,37410.0,4739836579122118656,4903435264,127044736,16,0.0008917820523492,1592524800.0,1.5420623096630664e+18,12171.0,1.745055962586012,1.7635651051411865,bin_1
config_696,832,10,16,0.0035061161033809,0.8280691504478455,0.9636754393577576,0.0008073628414422,0.0008917820523492,64,37410.0,4739836579122118656,4903435264,127044736,16,0.0008917820523492,3191603200.0,3.0841246193261327e+18,24342.0,1.6761585411087412,1.6940456809372195,bin_1
config_696,832,10,16,0.0035061161033809,0.8280691504478455,0.9636754393577576,0.0008073628414422,0.0008917820523492,64,37410.0,4739836579122118656,4903435264,127044736,16,0.0008917820523492,4784128000.0,4.62631362871064e+18,36514.0,1.64540250051217,1.661061029473289,bin_1
config_696,832,10,16,0.0035061161033809,0.8280691504478455,0.9636754393577576,0.0008073628414422,0.0008917820523492,64,37410.0,4739836579122118656,4903435264,127044736,16,0.0002972606841164,4902092800.0,4.739836579122119e+18,37410.0,1.6347620729149366,1.6503325060156526,bin_1
config_698,512,23,16,0.0150124859064817,0.9128549098968506,0.9817200303077698,0.1606981456279754,4.006415110779926e-05,64,19254.0,2307036126535483392,2523711232,104146944,8,4.006415110779926e-05,1592524800.0,1.458343029815278e+18,12171.0,2.016251749660148,2.0377102788940804,bin_1
config_698,512,23,16,0.0150124859064817,0.9128549098968506,0.9817200303077698,0.1606981456279754,4.006415110779926e-05,64,19254.0,2307036126535483392,2523711232,104146944,8,5.1795929034001626e-08,2523136000.0,2.3070361265354834e+18,19254.0,1.8886229697602692,1.9091634957516777,bin_1
config_699,256,20,8,0.0176966320723295,0.856200098991394,0.9179382920265198,0.2407484054565429,0.0022388054057955,32,4882.0,97690080540868608,319990304,29920768,16,0.0022388054057955,160563200.0,4.88450402704343e+16,2441.0,2.3849670571186503,2.406906602656255,bin_0
config_699,256,20,8,0.0176966320723295,0.856200098991394,0.9179382920265198,0.2407484054565429,0.0022388054057955,32,4882.0,97690080540868608,319990304,29920768,16,6.097172168975174e-05,317849600.0,9.76900805408686e+16,4882.0,2.116614887479876,2.137066336303461,bin_0
config_7,320,16,20,0.0042003933340311,0.8607771992683411,0.9496286511421204,0.0021670283749699,1.0181046491197776e-05,64,73058.0,3409547584123699200,9575917568,38381440,16,1.0181046491197776e-05,1592524800.0,5.6800902907784966e+17,12171.0,2.8736275540855662,2.9027033083061844,bin_1
config_7,320,16,20,0.0042003933340311,0.8607771992683411,0.9496286511421204,0.0021670283749699,1.0181046491197776e-05,64,73058.0,3409547584123699200,9575917568,38381440,16,1.0181046491197776e-05,3191603200.0,1.1360180581556992e+18,24342.0,2.609118189741676,2.6363857286677623,bin_1
config_7,320,16,20,0.0042003933340311,0.8607771992683411,0.9496286511421204,0.0021670283749699,1.0181046491197776e-05,64,73058.0,3409547584123699200,9575917568,38381440,16,1.0181046491197776e-05,4784128000.0,1.704073756285318e+18,36514.0,2.438173023220349,2.4630524970932943,bin_1
config_7,320,16,20,0.0042003933340311,0.8607771992683411,0.9496286511421204,0.0021670283749699,1.0181046491197776e-05,64,73058.0,3409547584123699200,9575917568,38381440,16,1.0181046491197776e-05,6383206400.0,2.2720827853631675e+18,48685.0,2.301544771289499,2.3248468582904485,bin_1
config_7,320,16,20,0.0042003933340311,0.8607771992683411,0.9496286511421204,0.0021670283749699,1.0181046491197776e-05,64,73058.0,3409547584123699200,9575917568,38381440,16,1.0181046491197776e-05,7975731200.0,2.8400918144410173e+18,60856.0,2.217088041675701,2.239444002057716,bin_1
config_7,320,16,20,0.0042003933340311,0.8607771992683411,0.9496286511421204,0.0021670283749699,1.0181046491197776e-05,64,73058.0,3409547584123699200,9575917568,38381440,16,5.15496024870774e-07,9574809600.0,3.408100843518867e+18,73027.0,2.150204041834539,2.172695986276528,bin_1
config_7,320,16,20,0.0042003933340311,0.8607771992683411,0.9496286511421204,0.0021670283749699,1.0181046491197776e-05,64,73058.0,3409547584123699200,9575917568,38381440,16,5.15496024870774e-07,9574809600.0,3.409547584123699e+18,73058.0,2.149051837307194,2.171583775795312,bin_1
config_70,576,9,12,0.0021633733995258,0.8554425835609436,0.9366718530654908,0.1451856791973114,0.0005860120872966,64,25460.0,1722450608108863488,3337111552,64802304,16,0.0005860120872966,1592524800.0,8.234071622660242e+17,12171.0,1.8263028264827412,1.8448403816144971,bin_1
config_70,576,9,12,0.0021633733995258,0.8554425835609436,0.9366718530654908,0.1451856791973114,0.0005860120872966,64,25460.0,1722450608108863488,3337111552,64802304,16,0.0001759938898537,3191603200.0,1.6468143245320484e+18,24342.0,1.7225061620649744,1.740602788886086,bin_1
config_70,576,9,12,0.0021633733995258,0.8554425835609436,0.9366718530654908,0.1451856791973114,0.0005860120872966,64,25460.0,1722450608108863488,3337111552,64802304,16,1.5855305392225997e-06,3335782400.0,1.7224506081088635e+18,25460.0,1.70574701043426,1.7237104440907962,bin_1
config_700,512,17,4,0.031878150999546,0.8824419975280762,0.951210618019104,0.0107985557988286,5.1830746087944135e-05,32,8177.0,383677679415951360,535890080,83693568,16,5.1830746087944135e-05,268697600.0,1.918153789228824e+17,4088.0,2.4149626454759816,2.439776329212501,bin_0
config_700,512,17,4,0.031878150999546,0.8824419975280762,0.951210618019104,0.0107985557988286,5.1830746087944135e-05,32,8177.0,383677679415951360,535890080,83693568,16,1.5902615276982864e-05,534118400.0,3.8367767941595136e+17,8177.0,2.150533881304694,2.172389146148181,bin_0
config_701,1024,22,16,0.0216421913355588,0.91529780626297,0.9060887098312378,0.157991886138916,0.0002591554657556,32,13766.0,2307847865866911744,902173568,334120960,8,0.0002591554657556,452198400.0,1.153923932933456e+18,6883.0,1.916225657209021,1.935670260738154,bin_1
config_701,1024,22,16,0.0216421913355588,0.91529780626297,0.9060887098312378,0.157991886138916,0.0002591554657556,32,13766.0,2307847865866911744,902173568,334120960,8,1.9073079356438831e-06,901120000.0,2.307847865866912e+18,13766.0,1.740945142859318,1.759203578546399,bin_1
config_702,768,5,8,0.0147751374170184,0.903531014919281,0.9961085915565492,0.1365995705127716,0.000254164537182,32,8229.0,290356780355518464,539310784,74010624,16,0.000254164537182,268697600.0,1.4516074788948874e+17,4114.0,2.058619131260231,2.0788799879199167,bin_0
config_702,768,5,8,0.0147751374170184,0.903531014919281,0.9961085915565492,0.1365995705127716,0.000254164537182,32,8229.0,290356780355518464,539310784,74010624,16,6.557625959324059e-06,537395200.0,2.9035678035551846e+17,8229.0,1.8936286715601311,1.9128744841403649,bin_0
config_705,576,8,12,0.0044562770053744,0.8449442982673645,0.9204265475273132,0.0408580563962459,0.0005829436122439,32,6628.0,207680052726558720,434380320,60819840,16,0.0005829436122439,216268800.0,1.0384002636327936e+17,3314.0,2.1238772070994143,2.1455889346951342,bin_0
config_705,576,8,12,0.0044562770053744,0.8449442982673645,0.9204265475273132,0.0408580563962459,0.0005829436122439,32,6628.0,207680052726558720,434380320,60819840,16,6.045341164011655e-05,432537600.0,2.0768005272655872e+17,6628.0,1.956785273708281,1.9769467038404749,bin_0
config_706,384,7,16,0.0044598863460123,0.9571568369865416,0.971009373664856,0.0153508549556136,3.8843842048663646e-05,128,45983.0,3088529547594301440,12054382592,31698432,16,3.8843842048663646e-05,1599078400.0,4.087769572811456e+17,6086.0,2.550922170975169,2.5783812823061085,bin_1
config_706,384,7,16,0.0044598863460123,0.9571568369865416,0.971009373664856,0.0153508549556136,3.8843842048663646e-05,128,45983.0,3088529547594301440,12054382592,31698432,16,3.8843842048663646e-05,3185049600.0,8.174867477931027e+17,12171.0,2.195319543744697,2.2184194311939303,bin_1
config_706,384,7,16,0.0044598863460123,0.9571568369865416,0.971009373664856,0.0153508549556136,3.8843842048663646e-05,128,45983.0,3088529547594301440,12054382592,31698432,16,3.8843842048663646e-05,4784128000.0,1.2262637050742482e+18,18257.0,2.077565835772968,2.099287287368149,bin_1
config_706,384,7,16,0.0044598863460123,0.9571568369865416,0.971009373664856,0.0153508549556136,3.8843842048663646e-05,128,45983.0,3088529547594301440,12054382592,31698432,16,3.8843842048663646e-05,6383206400.0,1.6349734955862054e+18,24342.0,2.0102603040757727,2.032305224762588,bin_1
config_706,384,7,16,0.0044598863460123,0.9571568369865416,0.971009373664856,0.0153508549556136,3.8843842048663646e-05,128,45983.0,3088529547594301440,12054382592,31698432,16,3.8843842048663646e-05,7982284800.0,2.043750452867351e+18,30428.0,1.9681352041979303,1.989617705853259,bin_1
config_706,384,7,16,0.0044598863460123,0.9571568369865416,0.971009373664856,0.0153508549556136,3.8843842048663646e-05,128,45983.0,3088529547594301440,12054382592,31698432,16,3.8843842048663646e-05,9568256000.0,2.4525274101484964e+18,36514.0,1.9368628847794456,1.9583278095526773,bin_1
config_706,384,7,16,0.0044598863460123,0.9571568369865416,0.971009373664856,0.0153508549556136,3.8843842048663646e-05,128,45983.0,3088529547594301440,12054382592,31698432,16,3.8843842048663646e-05,11167334400.0,2.861237200660454e+18,42599.0,1.914563777016812,1.9358285780422024,bin_1
config_706,384,7,16,0.0044598863460123,0.9571568369865416,0.971009373664856,0.0153508549556136,3.8843842048663646e-05,128,45983.0,3088529547594301440,12054382592,31698432,16,1.818222393767236e-06,12045516800.0,3.0885295475943014e+18,45983.0,1.89354165065484,1.9141804270275304,bin_1
config_707,320,20,10,0.0055963681079447,0.8101410865783691,0.92073255777359,0.0857290178537368,0.0002304161171196,64,24082.0,1328674651449753600,3156483840,43954560,16,0.0002304161171196,1592524800.0,6.715098074410327e+17,12171.0,1.8976891710719124,1.9177727419821944,bin_1
config_707,320,20,10,0.0055963681079447,0.8101410865783691,0.92073255777359,0.0857290178537368,0.0002304161171196,64,24082.0,1328674651449753600,3156483840,43954560,16,3.5723429010791397e-06,3152281600.0,1.3286746514497536e+18,24082.0,1.787178539604437,1.8062763968842928,bin_1
config_709,832,9,8,0.0456802435219287,0.855776846408844,0.9483096599578856,0.2611383199691772,0.0001414981379639,128,54883.0,12877679689571893248,14387334144,118523392,16,0.0001414981379639,1599078400.0,1.4280115626101806e+18,6086.0,1.862734015769646,1.881736161357067,bin_2
config_709,832,9,8,0.0456802435219287,0.855776846408844,0.9483096599578856,0.2611383199691772,0.0001414981379639,128,54883.0,12877679689571893248,14387334144,118523392,16,0.0001414981379639,3185049600.0,2.8557884864489825e+18,12171.0,1.7450890860401216,1.763291639070042,bin_2
config_709,832,9,8,0.0456802435219287,0.855776846408844,0.9483096599578856,0.2611383199691772,0.0001414981379639,128,54883.0,12877679689571893248,14387334144,118523392,16,0.0001414981379639,4784128000.0,4.283800049059164e+18,18257.0,1.6967669926705908,1.7126663180648305,bin_2
config_709,832,9,8,0.0456802435219287,0.855776846408844,0.9483096599578856,0.2611383199691772,0.0001414981379639,128,54883.0,12877679689571893248,14387334144,118523392,16,0.0001414981379639,6383206400.0,5.711576972897965e+18,24342.0,1.6670345831308209,1.6822921781461746,bin_2
config_709,832,9,8,0.0456802435219287,0.855776846408844,0.9483096599578856,0.2611383199691772,0.0001414981379639,128,54883.0,12877679689571893248,14387334144,118523392,16,0.0001414981379639,7982284800.0,7.139588535508145e+18,30428.0,1.6472791335230967,1.662283823490143,bin_2
config_709,832,9,8,0.0456802435219287,0.855776846408844,0.9483096599578856,0.2611383199691772,0.0001414981379639,128,54883.0,12877679689571893248,14387334144,118523392,16,0.0001414981379639,9568256000.0,8.567600098118327e+18,36514.0,1.6305360173788228,1.6461684697964152,bin_2
config_709,832,9,8,0.0456802435219287,0.855776846408844,0.9483096599578856,0.2611383199691772,0.0001414981379639,128,54883.0,12877679689571893248,14387334144,118523392,16,0.0001212686037266,11167334400.0,9.995377021957128e+18,42599.0,1.6137392330169678,1.628705861685706,bin_2
config_709,832,9,8,0.0456802435219287,0.855776846408844,0.9483096599578856,0.2611383199691772,0.0001414981379639,128,54883.0,12877679689571893248,14387334144,118523392,16,6.104402644648441e-05,12766412800.0,1.1423388584567308e+19,48685.0,1.5875946589766956,1.6020650364531843,bin_2
config_709,832,9,8,0.0456802435219287,0.855776846408844,0.9483096599578856,0.2611383199691772,0.0001414981379639,128,54883.0,12877679689571893248,14387334144,118523392,16,1.3130932423390538e-06,14352384000.0,1.285116550840611e+19,54770.0,1.5679500926518048,1.5812448419508387,bin_2
config_709,832,9,8,0.0456802435219287,0.855776846408844,0.9483096599578856,0.2611383199691772,0.0001414981379639,128,54883.0,12877679689571893248,14387334144,118523392,16,3.258050902044314e-07,14378598400.0,1.2877679689571891e+19,54883.0,1.567879056774202,1.5811867725653723,bin_2
config_71,1088,10,8,0.0101549969986081,0.9835765957832336,0.971740424633026,0.2814498841762543,0.0009788949973881,32,3646.0,353985785371348992,238967392,202344064,8,0.0009788949973881,117964800.0,1.769928926856745e+17,1823.0,2.837910463145522,2.8679487388251257,bin_0
config_71,1088,10,8,0.0101549969986081,0.9835765957832336,0.971740424633026,0.2814498841762543,0.0009788949973881,32,3646.0,353985785371348992,238967392,202344064,8,4.388807980492576e-05,235929600.0,3.53985785371349e+17,3646.0,2.6737999731204547,2.7027616814707147,bin_0
config_710,512,16,8,0.059191420674324,0.9725216627120972,0.9076849222183228,0.1265088021755218,2.7772171961260028e-05,32,3850.0,172343012982865920,252357040,80284672,16,2.7772171961260028e-05,124518400.0,8.617150649143296e+16,1925.0,3.129682186236147,3.163216794983285,bin_0
config_710,512,16,8,0.059191420674324,0.9725216627120972,0.9076849222183228,0.1265088021755218,2.7772171961260028e-05,32,3850.0,172343012982865920,252357040,80284672,16,0.0,252313600.0,1.7234301298286592e+17,3850.0,2.7860275344379613,2.8149666364857406,bin_0
config_711,1152,15,12,0.0500970818102359,0.9347087144851683,0.9950228333473206,0.0278175119310617,4.6555611334042624e-05,32,11703.0,1691570206976753664,766991936,296833536,8,4.6555611334042624e-05,383385600.0,8.457128326942652e+17,5851.0,2.046927785717073,2.067684012026083,bin_1
config_711,1152,15,12,0.0500970818102359,0.9347087144851683,0.9950228333473206,0.0278175119310617,4.6555611334042624e-05,32,11703.0,1691570206976753664,766991936,296833536,8,4.297441046219325e-07,766771200.0,1.6915702069767537e+18,11703.0,1.862396409648364,1.8823104484354864,bin_1
config_712,832,9,16,0.0215689614415168,0.8526833653450012,0.980858564376831,0.0783860087394714,2.852044053724967e-05,64,20672.0,2425216596904378368,2709525504,118523392,16,2.852044053724967e-05,1592524800.0,1.4278885062366093e+18,12171.0,2.028351825182555,2.0494614540162632,bin_1
config_712,832,9,16,0.0215689614415168,0.8526833653450012,0.980858564376831,0.0783860087394714,2.852044053724967e-05,64,20672.0,2425216596904378368,2709525504,118523392,16,3.873146245799306e-07,2706636800.0,2.4252165969043784e+18,20672.0,1.890206143582453,1.9105725452548168,bin_1
config_713,1152,19,18,0.1039065718650817,0.8378977179527283,0.9988051056861876,0.07396150380373,0.0001299929281231,32,11530.0,2040951486949097472,755652608,360543744,8,0.0001299929281231,376832000.0,1.0204757434745487e+18,5765.0,1.9218478775415264,1.9411296618571048,bin_1
config_713,1152,19,18,0.1039065718650817,0.8378977179527283,0.9988051056861876,0.07396150380373,0.0001299929281231,32,11530.0,2040951486949097472,755652608,360543744,8,4.577215778982458e-06,753664000.0,2.0409514869490972e+18,11530.0,1.7488713451291693,1.7673332493422462,bin_1
config_714,256,20,16,0.0297300238162279,0.9161108136177064,0.932673156261444,0.0263557266443967,0.0010201428085565,64,7885.0,315525543864041472,1033524736,29920768,16,0.0010201428085565,517734400.0,1.5774276397109088e+17,3942.0,2.059251238127224,2.08100729117628,bin_0
config_714,256,20,16,0.0297300238162279,0.9161108136177064,0.932673156261444,0.0263557266443967,0.0010201428085565,64,7885.0,315525543864041472,1033524736,29920768,16,0.0001724879144902,1028915200.0,3.155255438640415e+17,7885.0,1.9156088141926,1.936377657984124,bin_0
config_715,640,10,20,0.074920043349266,0.8924638628959656,0.978118896484375,0.0565723516047,0.001683086506091,32,5354.0,229891300043489280,350929536,82981120,16,0.001683086506091,176947200.0,1.1494565002174464e+17,2677.0,2.1551480142405777,2.176574291557562,bin_0
config_715,640,10,20,0.074920043349266,0.8924638628959656,0.978118896484375,0.0565723516047,0.001683086506091,32,5354.0,229891300043489280,350929536,82981120,16,2.2292536504517173e-05,350617600.0,2.2989130004348928e+17,5354.0,1.946691695510364,1.9663011634545249,bin_0
config_716,704,22,16,0.0598586574196815,0.929834008216858,0.9390429854393004,0.1858315169811248,0.0028265845030546,32,3419.0,319527222066708480,224129280,174199168,8,0.0028265845030546,111411200.0,1.5971688286399674e+17,1709.0,3.24524350643158,3.278673725362684,bin_0
config_716,704,22,16,0.0598586574196815,0.929834008216858,0.9390429854393004,0.1858315169811248,0.0028265845030546,32,3419.0,319527222066708480,224129280,174199168,8,8.457496938273643e-05,222822400.0,3.195272220667085e+17,3419.0,3.25639559554272,3.289721330111144,bin_0
config_717,960,11,6,0.0019363710889592,0.9342352151870728,0.9715167880058287,0.1124250814318656,3.577261304599233e-05,64,44149.0,7401493777622630400,5786823680,169939200,8,3.577261304599233e-05,1592524800.0,2.040444421559832e+18,12171.0,1.906560129904356,1.9269576973016145,bin_2
config_717,960,11,6,0.0019363710889592,0.9342352151870728,0.9715167880058287,0.1124250814318656,3.577261304599233e-05,64,44149.0,7401493777622630400,5786823680,169939200,8,3.577261304599233e-05,3191603200.0,4.080888843119664e+18,24342.0,1.778670276286172,1.7976516247968204,bin_2
config_717,960,11,6,0.0019363710889592,0.9342352151870728,0.9715167880058287,0.1124250814318656,3.577261304599233e-05,64,44149.0,7401493777622630400,5786823680,169939200,8,3.577261304599233e-05,4784128000.0,6.121500912729908e+18,36514.0,1.722588537696932,1.7393308023937413,bin_2
config_717,960,11,6,0.0019363710889592,0.9342352151870728,0.9715167880058287,0.1124250814318656,3.577261304599233e-05,64,44149.0,7401493777622630400,5786823680,169939200,8,3.531851781691801e-07,5780275200.0,7.40149377762263e+18,44149.0,1.6780891796018256,1.6946731598064548,bin_2
config_718,640,9,16,0.1031805351376533,0.9012197852134703,0.9247916340827942,0.0952487140893936,0.0075379791669547,64,20615.0,1645273710143078400,2702088704,77900800,16,0.0075379791669547,1592524800.0,9.71361936752433e+17,12171.0,1.982640450587038,2.0028821530107592,bin_1
config_718,640,9,16,0.1031805351376533,0.9012197852134703,0.9247916340827942,0.0952487140893936,0.0075379791669547,64,20615.0,1645273710143078400,2702088704,77900800,16,5.76004521163128e-05,2700083200.0,1.6452737101430784e+18,20615.0,1.7670868077043629,1.7846655887853904,bin_1
config_719,384,19,16,0.0024190053809434,0.9286954402923584,0.9727170467376708,0.0029817940667271,0.0016147185815498,32,6446.0,209915255431102464,422479872,52941312,16,0.0016147185815498,209715200.0,1.0495762771555123e+17,3223.0,2.160577913307753,2.18138626716176,bin_0
config_719,384,19,16,0.0024190053809434,0.9286954402923584,0.9727170467376708,0.0029817940667271,0.0016147185815498,32,6446.0,209915255431102464,422479872,52941312,16,0.0016147185815498,419430400.0,2.0991525543110246e+17,6446.0,2.002367161141067,2.0229295711830013,bin_0
config_72,768,24,24,0.0739679336547851,0.981333315372467,0.9444111585617064,0.2869427800178528,0.0028710118494927,32,4261.0,475859674458685440,279280512,208519680,8,0.0028710118494927,140902400.0,2.378739982626144e+17,2130.0,3.247559042367779,3.281864040523279,bin_0
config_72,768,24,24,0.0739679336547851,0.981333315372467,0.9444111585617064,0.2869427800178528,0.0028710118494927,32,4261.0,475859674458685440,279280512,208519680,8,2.584380551916548e-05,278528000.0,4.7585967445868544e+17,4261.0,3.24265510449644,3.2773202362607736,bin_0
config_723,640,14,4,0.0015027116751298,0.8542921543121338,0.9095690250396729,0.1191113963723182,0.0048051225021481,32,14559.0,801402854393856000,954160064,103302400,16,0.0048051225021481,478412800.0,4.0067390460422266e+17,7279.0,2.8453261336342237,2.8750127747019785,bin_0
config_723,640,14,4,0.0015027116751298,0.8542921543121338,0.9095690250396729,0.1191113963723182,0.0048051225021481,32,14559.0,801402854393856000,954160064,103302400,16,2.4940082191079668e-05,953548800.0,8.01402854393856e+17,14559.0,2.6275461350112663,2.6562064874367635,bin_0
config_725,576,15,24,0.0012891965452581,0.8000158071517944,0.9252943992614746,0.2600564360618591,0.0009289702284149,64,10854.0,1059075498171285504,1422700672,88697088,16,0.0009289702284149,714342400.0,5.295377490856428e+17,5427.0,1.8916294267138496,1.9116402363386311,bin_1
config_725,576,15,24,0.0012891965452581,0.8000158071517944,0.9252943992614746,0.2600564360618591,0.0009289702284149,64,10854.0,1059075498171285504,1422700672,88697088,16,1.3167543988872304e-06,1422131200.0,1.0590754981712856e+18,10854.0,1.740567157034014,1.7591032878688124,bin_1
config_726,320,6,20,0.033319029957056,0.9182000160217284,0.9102291464805604,0.2732366323471069,1.3794885489915032e-05,64,9385.0,238465022629478400,1230134528,24448640,16,1.3794885489915032e-05,616038400.0,1.1921980673175414e+17,4692.0,3.100542257183888,3.1333871792183547,bin_0
config_726,320,6,20,0.033319029957056,0.9182000160217284,0.9102291464805604,0.2732366323471069,1.3794885489915032e-05,64,9385.0,238465022629478400,1230134528,24448640,16,1.8830771924610977e-07,1225523200.0,2.384650226294784e+17,9385.0,2.8979005243739144,2.928740560265838,bin_0
config_727,960,7,20,0.0245003271847963,0.8457738161087036,0.9439943432807922,0.1057042330503463,0.0057361288927495,32,4006.0,241339440760104960,262544464,125694720,16,0.0057361288927495,131072000.0,1.2066972038005248e+17,2003.0,3.3962968071953195,3.4310292569144827,bin_0
config_727,960,7,20,0.0245003271847963,0.8457738161087036,0.9439943432807922,0.1057042330503463,0.0057361288927495,32,4006.0,241339440760104960,262544464,125694720,16,8.13635303936102e-05,262144000.0,2.4133944076010496e+17,4006.0,3.223700412922218,3.257168532043207,bin_0
config_729,768,14,6,0.1448873281478881,0.9514679312705994,0.96370667219162,0.0040422142483294,0.0067138229496777,64,56862.0,8127304745181511680,7453096448,137725440,8,0.0067138229496777,1592524800.0,1.7396051150786847e+18,12171.0,1.945927330685444,1.9653709412402796,bin_2
config_729,768,14,6,0.1448873281478881,0.9514679312705994,0.96370667219162,0.0040422142483294,0.0067138229496777,64,56862.0,8127304745181511680,7453096448,137725440,8,0.0067138229496777,3191603200.0,3.4792102301573693e+18,24342.0,2.094222758148537,2.115370166008589,bin_2
config_729,768,14,6,0.1448873281478881,0.9514679312705994,0.96370667219162,0.0040422142483294,0.0067138229496777,64,56862.0,8127304745181511680,7453096448,137725440,8,0.0067138229496777,4784128000.0,5.218958275571695e+18,36514.0,2.017882832093317,2.0352737512158567,bin_2
config_729,768,14,6,0.1448873281478881,0.9514679312705994,0.96370667219162,0.0040422142483294,0.0067138229496777,64,56862.0,8127304745181511680,7453096448,137725440,8,0.0067138229496777,6383206400.0,6.958563390650379e+18,48685.0,1.9638548259461512,1.9817433521004972,bin_2
config_729,768,14,6,0.1448873281478881,0.9514679312705994,0.96370667219162,0.0040422142483294,0.0067138229496777,64,56862.0,8127304745181511680,7453096448,137725440,8,0.0003518160497647,7451443200.0,8.127304745181512e+18,56862.0,2.065194794604036,2.0843002676182105,bin_2
config_731,768,21,12,0.0046827639453113,0.954605519771576,0.9774730205535888,0.0249472633004188,0.0002105057210428,128,38251.0,15240166113816870912,10027401216,187281408,8,0.0002105057210428,1599078400.0,2.424816369995281e+18,6086.0,1.761228141823753,1.7799480793319764,bin_2
config_731,768,21,12,0.0046827639453113,0.954605519771576,0.9774730205535888,0.0249472633004188,0.0002105057210428,128,38251.0,15240166113816870912,10027401216,187281408,8,0.0002105057210428,3185049600.0,4.849234314691515e+18,12171.0,1.657533850064043,1.6754611837668496,bin_2
config_731,768,21,12,0.0046827639453113,0.954605519771576,0.9774730205535888,0.0249472633004188,0.0002105057210428,128,38251.0,15240166113816870912,10027401216,187281408,8,0.0002105057210428,4784128000.0,7.274050684686796e+18,18257.0,1.6117782992808545,1.6270320384815091,bin_2
config_731,768,21,12,0.0046827639453113,0.954605519771576,0.9774730205535888,0.0249472633004188,0.0002105057210428,128,38251.0,15240166113816870912,10027401216,187281408,8,0.0002105057210428,6383206400.0,9.69846862938303e+18,24342.0,1.5834482879521417,1.5983146921337628,bin_2
config_731,768,21,12,0.0046827639453113,0.954605519771576,0.9774730205535888,0.0249472633004188,0.0002105057210428,128,38251.0,15240166113816870912,10027401216,187281408,8,0.0002105057210428,7982284800.0,1.2123284999378311e+19,30428.0,1.5639388691499585,1.5780094199102432,bin_2
config_731,768,21,12,0.0046827639453113,0.954605519771576,0.9774730205535888,0.0249472633004188,0.0002105057210428,128,38251.0,15240166113816870912,10027401216,187281408,8,0.0002105057210428,9568256000.0,1.4548101369373592e+19,36514.0,1.548431492252428,1.562238313233266,bin_2
config_731,768,21,12,0.0046827639453113,0.954605519771576,0.9774730205535888,0.0249472633004188,0.0002105057210428,128,38251.0,15240166113816870912,10027401216,187281408,8,2.206558920784911e-07,10027008000.0,1.524016611381687e+19,38251.0,1.5196992706470802,1.5332679402828218,bin_2
config_733,768,18,16,0.0224868543446064,0.8689357042312622,0.9081039428710938,0.2223656475543975,0.0005827107233926,32,4407.0,385896508849225728,288882112,166043136,8,0.0005827107233926,144179200.0,1.92904472202143e+17,2203.0,2.1928459174320345,2.215398611103902,bin_0
config_733,768,18,16,0.0224868543446064,0.8689357042312622,0.9081039428710938,0.2223656475543975,0.0005827107233926,32,4407.0,385896508849225728,288882112,166043136,8,4.166470953777929e-06,288358400.0,3.858965088492257e+17,4407.0,1.959302816840469,1.9801670085797545,bin_0
config_734,960,6,12,0.0168947018682956,0.8170038461685181,0.9300928115844728,0.0461524315178394,4.716390685644001e-05,128,44129.0,9593385351714570240,11568268288,114633600,16,4.716390685644001e-05,1599078400.0,1.3230606460725345e+18,6086.0,2.055420551769069,2.0774524783697284,bin_2
config_734,960,6,12,0.0168947018682956,0.8170038461685181,0.9300928115844728,0.0461524315178394,4.716390685644001e-05,128,44129.0,9593385351714570240,11568268288,114633600,16,4.716390685644001e-05,3185049600.0,2.645903898019852e+18,12171.0,1.885468264016949,1.9056705675750485,bin_2
config_734,960,6,12,0.0168947018682956,0.8170038461685181,0.9300928115844728,0.0461524315178394,4.716390685644001e-05,128,44129.0,9593385351714570240,11568268288,114633600,16,4.716390685644001e-05,4784128000.0,3.968964544092386e+18,18257.0,1.817150200781275,1.834641827559862,bin_2
config_734,960,6,12,0.0168947018682956,0.8170038461685181,0.9300928115844728,0.0461524315178394,4.716390685644001e-05,128,44129.0,9593385351714570240,11568268288,114633600,16,4.716390685644001e-05,6383206400.0,5.291807796039704e+18,24342.0,1.774570331065381,1.7908790749018308,bin_2
config_734,960,6,12,0.0168947018682956,0.8170038461685181,0.9300928115844728,0.0461524315178394,4.716390685644001e-05,128,44129.0,9593385351714570240,11568268288,114633600,16,4.716390685644001e-05,7982284800.0,6.614868442112239e+18,30428.0,1.7466545968368403,1.7622980792014324,bin_2
config_734,960,6,12,0.0168947018682956,0.8170038461685181,0.9300928115844728,0.0461524315178394,4.716390685644001e-05,128,44129.0,9593385351714570240,11568268288,114633600,16,4.716390685644001e-05,9568256000.0,7.937929088184772e+18,36514.0,1.7229378989876294,1.7401605697538032,bin_2
config_734,960,6,12,0.0168947018682956,0.8170038461685181,0.9300928115844728,0.0461524315178394,4.716390685644001e-05,128,44129.0,9593385351714570240,11568268288,114633600,16,3.541926010977248e-05,11167334400.0,9.26077234013209e+18,42599.0,1.7008059530570858,1.7180509305000304,bin_2
config_734,960,6,12,0.0168947018682956,0.8170038461685181,0.9300928115844728,0.0461524315178394,4.716390685644001e-05,128,44129.0,9593385351714570240,11568268288,114633600,16,6.71784527915892e-07,11560550400.0,9.59338535171457e+18,44129.0,1.68346227575521,1.7002289498047751,bin_2
config_735,1152,16,12,0.0069817840121686,0.8890353441238403,0.9904550313949584,0.2444171160459518,0.0001175290235551,64,8882.0,2711791435497799680,1164197120,312761088,8,0.0001175290235551,583270400.0,1.3558957177488998e+18,4441.0,1.8846682788700355,1.9027157576944007,bin_1
config_735,1152,16,12,0.0069817840121686,0.8890353441238403,0.9904550313949584,0.2444171160459518,0.0001175290235551,64,8882.0,2711791435497799680,1164197120,312761088,8,1.7331468911352334e-06,1159987200.0,2.7117914354978e+18,8882.0,1.7224816265067115,1.74056767922933,bin_1
config_736,256,21,16,0.0010148882865905,0.8423331379890442,0.9781225919723512,0.2218004614114761,0.0006266343407332,64,9562.0,396916856486166528,1253313408,30773248,16,0.0006266343407332,629145600.0,1.9845842824308326e+17,4781.0,2.040649155515139,2.063026941838812,bin_0
config_736,256,21,16,0.0010148882865905,0.8423331379890442,0.9781225919723512,0.2218004614114761,0.0006266343407332,64,9562.0,396916856486166528,1253313408,30773248,16,3.546986834339393e-06,1251737600.0,3.969168564861665e+17,9562.0,1.88662181690091,1.9071411801557072,bin_0
config_737,320,4,8,0.0040349373593926,0.9426829814910888,0.9430006146430968,0.164415031671524,4.1469145799055696e-05,64,40547.0,857845152530104320,5314614784,21662080,16,4.1469145799055696e-05,1592524800.0,2.574995277441956e+17,12171.0,2.339587366307368,2.363661074364772,bin_0
config_737,320,4,8,0.0040349373593926,0.9426829814910888,0.9430006146430968,0.164415031671524,4.1469145799055696e-05,64,40547.0,857845152530104320,5314614784,21662080,16,4.1469145799055696e-05,3191603200.0,5.149990554883912e+17,24342.0,2.137082763929836,2.159753380994328,bin_0
config_737,320,4,8,0.0040349373593926,0.9426829814910888,0.9430006146430968,0.164415031671524,4.1469145799055696e-05,64,40547.0,857845152530104320,5314614784,21662080,16,2.517636259357612e-05,4784128000.0,7.72519740042031e+17,36514.0,2.0601677222720918,2.0815101947549914,bin_0
config_737,320,4,8,0.0040349373593926,0.9426829814910888,0.9430006146430968,0.164415031671524,4.1469145799055696e-05,64,40547.0,857845152530104320,5314614784,21662080,16,2.9238671655500186e-07,5308416000.0,8.578451525301043e+17,40547.0,2.045592502414203,2.066988355253564,bin_0
config_738,256,9,16,0.0069168820045888,0.8410594463348389,0.975665271282196,0.2649116814136505,0.0011384793324396,32,12853.0,151507398791725056,842387072,20543488,16,0.0011384793324396,422707200.0,7.57478055423345e+16,6426.0,2.109337016480868,2.131710953204358,bin_0
config_738,256,9,16,0.0069168820045888,0.8410594463348389,0.975665271282196,0.2649116814136505,0.0011384793324396,32,12853.0,151507398791725056,842387072,20543488,16,1.0033601637246536e-06,842137600.0,1.5150739879172506e+17,12853.0,1.95741017982608,1.977282882479371,bin_0
config_739,1024,22,16,0.0021330807358026,0.8460180163383484,0.9524922370910645,0.1537852138280868,0.0001702956215012,32,8582.0,1438803319664148480,562450560,334120960,8,0.0001702956215012,281804800.0,7.194016598320742e+17,4291.0,2.015423182112272,2.035145222534899,bin_1
config_739,1024,22,16,0.0021330807358026,0.8460180163383484,0.9524922370910645,0.1537852138280868,0.0001702956215012,32,8582.0,1438803319664148480,562450560,334120960,8,4.131508633844588e-06,560332800.0,1.4388033196641485e+18,8582.0,1.8167426198427796,1.8351374996490168,bin_1
config_74,448,9,14,0.0041324258781969,0.9229406714439392,0.9746575951576232,0.2482709437608719,0.0002434874768368,128,42199.0,4098461270603857920,11062440960,45240832,16,0.0002434874768368,1599078400.0,5.910859331475884e+17,6086.0,1.913181327757288,1.934589638983617,bin_1
config_74,448,9,14,0.0041324258781969,0.9229406714439392,0.9746575951576232,0.2482709437608719,0.0002434874768368,128,42199.0,4098461270603857920,11062440960,45240832,16,0.0002434874768368,3185049600.0,1.1820747440583795e+18,12171.0,1.8112982275056055,1.831900939276961,bin_1
config_74,448,9,14,0.0041324258781969,0.9229406714439392,0.9746575951576232,0.2482709437608719,0.0002434874768368,128,42199.0,4098461270603857920,11062440960,45240832,16,0.0002434874768368,4784128000.0,1.773160677205968e+18,18257.0,1.770981544236668,1.7896857237815855,bin_1
config_74,448,9,14,0.0041324258781969,0.9229406714439392,0.9746575951576232,0.2482709437608719,0.0002434874768368,128,42199.0,4098461270603857920,11062440960,45240832,16,0.0002434874768368,6383206400.0,2.364149488116759e+18,24342.0,1.7475156386953885,1.7656467182909856,bin_1
config_74,448,9,14,0.0041324258781969,0.9229406714439392,0.9746575951576232,0.2482709437608719,0.0002434874768368,128,42199.0,4098461270603857920,11062440960,45240832,16,0.0002434874768368,7982284800.0,2.955235421264347e+18,30428.0,1.7311117960195073,1.7491473088108125,bin_1
config_74,448,9,14,0.0041324258781969,0.9229406714439392,0.9746575951576232,0.2482709437608719,0.0002434874768368,128,42199.0,4098461270603857920,11062440960,45240832,16,0.0001324584889741,9568256000.0,3.546321354411936e+18,36514.0,1.702190499305725,1.720493907928467,bin_1
config_74,448,9,14,0.0041324258781969,0.9229406714439392,0.9746575951576232,0.2482709437608719,0.0002434874768368,128,42199.0,4098461270603857920,11062440960,45240832,16,1.138878041715102e-06,11049369600.0,4.098461270603858e+18,42199.0,1.6793299348237083,1.697022867906289,bin_1
config_740,768,14,12,0.1944297552108764,0.9586019515991212,0.9060513973236084,0.0550382174551487,0.0021414314396679,64,10339.0,1477832645028741120,1355237632,137725440,8,0.0021414314396679,675020800.0,7.388448536757484e+17,5169.0,1.9527980826721816,1.9732988540070957,bin_1
config_740,768,14,12,0.1944297552108764,0.9586019515991212,0.9060513973236084,0.0550382174551487,0.0021414314396679,64,10339.0,1477832645028741120,1355237632,137725440,8,0.0001467764958647,1350041600.0,1.477832645028741e+18,10339.0,1.7750391864581183,1.793099001919637,bin_1
config_741,576,21,16,0.190570518374443,0.9724090099334716,0.9500474333763124,0.2698352038860321,0.0009347703307867,64,22130.0,2821407257860669440,2900671232,112591872,8,0.0009347703307867,1592524800.0,1.5517102456132943e+18,12171.0,1.8017128069869808,1.8206757868899677,bin_1
config_741,576,21,16,0.190570518374443,0.9724090099334716,0.9500474333763124,0.2698352038860321,0.0009347703307867,64,22130.0,2821407257860669440,2900671232,112591872,8,4.696551653592487e-06,2896691200.0,2.8214072578606694e+18,22130.0,1.6359593354287694,1.6528915897158325,bin_1
config_742,448,10,14,0.1996979117393493,0.8463528156280518,0.953440010547638,0.2748601138591766,0.0021153348498046,32,11097.0,288454393825812480,727257280,47764864,16,0.0021153348498046,363724800.0,1.4421419995905267e+17,5548.0,2.0992595803151364,2.119429571354976,bin_0
config_742,448,10,14,0.1996979117393493,0.8463528156280518,0.953440010547638,0.2748601138591766,0.0021153348498046,32,11097.0,288454393825812480,727257280,47764864,16,3.259696325928459e-05,724172800.0,2.884543938258125e+17,11097.0,1.8661605505083427,1.8845689444854608,bin_0
config_744,1152,18,8,0.0031101638451218,0.8774908781051636,0.926428496837616,0.0114138722419738,5.527566463570111e-05,64,52540.0,17747212743675740160,6886640640,344616192,8,5.527566463570111e-05,1592524800.0,4.11117865061434e+18,12171.0,1.8025416705061177,1.821608691137345,bin_2
config_744,1152,18,8,0.0031101638451218,0.8774908781051636,0.926428496837616,0.0114138722419738,5.527566463570111e-05,64,52540.0,17747212743675740160,6886640640,344616192,8,5.527566463570111e-05,3191603200.0,8.22235730122868e+18,24342.0,1.6902196713744615,1.70820564227026,bin_2
config_744,1152,18,8,0.0031101638451218,0.8774908781051636,0.926428496837616,0.0114138722419738,5.527566463570111e-05,64,52540.0,17747212743675740160,6886640640,344616192,8,5.527566463570111e-05,4784128000.0,1.2333873736630682e+19,36514.0,1.6387149338644058,1.654525943349619,bin_2
config_744,1152,18,8,0.0031101638451218,0.8774908781051636,0.926428496837616,0.0114138722419738,5.527566463570111e-05,64,52540.0,17747212743675740160,6886640640,344616192,8,5.527566463570111e-05,6383206400.0,1.644505238724502e+19,48685.0,1.6057307107526748,1.6211759371835677,bin_2
config_744,1152,18,8,0.0031101638451218,0.8774908781051636,0.926428496837616,0.0114138722419738,5.527566463570111e-05,64,52540.0,17747212743675740160,6886640640,344616192,8,3.691196302884879e-06,6881280000.0,1.774721274367574e+19,52540.0,1.578505741768196,1.5933767666191352,bin_2
config_746,768,13,16,0.0193640198558568,0.8517617583274841,0.9336842894554138,0.2511405944824219,7.895290036685765e-05,32,8367.0,564346567221313536,548378624,130646016,8,7.895290036685765e-05,275251200.0,2.8213955906379283e+17,4183.0,2.2482198737097567,2.271058443667459,bin_0
config_746,768,13,16,0.0193640198558568,0.8517617583274841,0.9336842894554138,0.2511405944824219,7.895290036685765e-05,32,8367.0,564346567221313536,548378624,130646016,8,6.38838318056442e-07,547225600.0,5.643465672213136e+17,8367.0,2.02579304941365,2.048159452168668,bin_0
config_747,320,19,8,0.1254696100950241,0.8514379262924194,0.9711863994598388,0.0062883319333195,0.0011499938555061,64,43634.0,2314684194324480000,5719296000,42561280,16,0.0011499938555061,1592524800.0,6.45643794497943e+17,12171.0,1.874499900731884,1.8944414800894065,bin_1
config_747,320,19,8,0.1254696100950241,0.8514379262924194,0.9711863994598388,0.0062883319333195,0.0011499938555061,64,43634.0,2314684194324480000,5719296000,42561280,16,0.0011499938555061,3191603200.0,1.291287588995886e+18,24342.0,1.832703137515021,1.851870104836636,bin_1
config_747,320,19,8,0.1254696100950241,0.8514379262924194,0.9711863994598388,0.0062883319333195,0.0011499938555061,64,43634.0,2314684194324480000,5719296000,42561280,16,0.0011499938555061,4784128000.0,1.9369844312133676e+18,36514.0,1.818700813191836,1.835925151324663,bin_1
config_747,320,19,8,0.1254696100950241,0.8514379262924194,0.9711863994598388,0.0062883319333195,0.0011499938555061,64,43634.0,2314684194324480000,5719296000,42561280,16,0.0001426999674715,5714739200.0,2.31468419432448e+18,43634.0,1.7503754861628422,1.767959466723145,bin_1
config_749,832,7,8,0.064362958073616,0.9657579660415648,0.9305720329284668,0.1261874735355377,0.0006654600147157,64,12156.0,1198075551783911424,1593312768,101480704,16,0.0006654600147157,799539200.0,5.990377758919557e+17,6078.0,1.8534377306406613,1.87328473141936,bin_1
config_749,832,7,8,0.064362958073616,0.9657579660415648,0.9305720329284668,0.1261874735355377,0.0006654600147157,64,12156.0,1198075551783911424,1593312768,101480704,16,2.6045401750128105e-06,1592524800.0,1.1980755517839114e+18,12156.0,1.71384855981733,1.732100788257161,bin_1
config_75,1152,17,8,0.0018994017736986,0.8657504320144653,0.9110482931137084,0.0464258044958114,2.1190589905017987e-05,64,8579.0,2758619852644220928,1124504832,328688640,8,2.1190589905017987e-05,563609600.0,1.379149148850806e+18,4289.0,2.2669054807209577,2.290551075466344,bin_1
config_75,1152,17,8,0.0018994017736986,0.8657504320144653,0.9110482931137084,0.0464258044958114,2.1190589905017987e-05,64,8579.0,2758619852644220928,1124504832,328688640,8,1.5440379579033211e-06,1120665600.0,2.758619852644221e+18,8579.0,2.0172860706829634,2.0381590703471764,bin_1
config_750,576,18,18,0.0027840377297252,0.8507624864578247,0.9677154421806335,0.2203635275363922,1.1314437870169058e-05,64,51154.0,5756499389378985984,6704963584,100644480,8,1.1314437870169058e-05,1592524800.0,1.369635885133746e+18,12171.0,2.559697146865188,2.5873137289774224,bin_2
config_750,576,18,18,0.0027840377297252,0.8507624864578247,0.9677154421806335,0.2203635275363922,1.1314437870169058e-05,64,51154.0,5756499389378985984,6704963584,100644480,8,1.1314437870169058e-05,3191603200.0,2.739271770267492e+18,24342.0,2.2086137417691654,2.231954000953768,bin_2
config_750,576,18,18,0.0027840377297252,0.8507624864578247,0.9677154421806335,0.2203635275363922,1.1314437870169058e-05,64,51154.0,5756499389378985984,6704963584,100644480,8,1.1314437870169058e-05,4784128000.0,4.1090201881335634e+18,36514.0,2.0685708044786923,2.089430608690762,bin_2
config_750,576,18,18,0.0027840377297252,0.8507624864578247,0.9677154421806335,0.2203635275363922,1.1314437870169058e-05,64,51154.0,5756499389378985984,6704963584,100644480,8,2.463239046610617e-06,6383206400.0,5.47865607326731e+18,48685.0,1.990186750439347,2.009451353237277,bin_2
config_750,576,18,18,0.0027840377297252,0.8507624864578247,0.9677154421806335,0.2203635275363922,1.1314437870169058e-05,64,51154.0,5756499389378985984,6704963584,100644480,8,4.0150595706782595e-09,6704332800.0,5.756499389378986e+18,51154.0,1.984371445042188,2.00379444757446,bin_2
config_751,256,10,16,0.0020595104433596,0.8509556651115417,0.9088932275772096,0.129275843501091,9.2725531430915e-05,128,52124.0,2613399021051445248,13664251904,21395968,16,9.2725531430915e-05,1599078400.0,3.051405579410463e+17,6086.0,2.411403643576825,2.436598976479202,bin_1
config_751,256,10,16,0.0020595104433596,0.8509556651115417,0.9088932275772096,0.129275843501091,9.2725531430915e-05,128,52124.0,2613399021051445248,13664251904,21395968,16,9.2725531430915e-05,3185049600.0,6.102309777687273e+17,12171.0,2.124451159297443,2.147829818842841,bin_1
config_751,256,10,16,0.0020595104433596,0.8509556651115417,0.9088932275772096,0.129275843501091,9.2725531430915e-05,128,52124.0,2613399021051445248,13664251904,21395968,16,9.2725531430915e-05,4784128000.0,9.153715357097736e+17,18257.0,2.031739574025889,2.0539893174171446,bin_1
config_751,256,10,16,0.0020595104433596,0.8509556651115417,0.9088932275772096,0.129275843501091,9.2725531430915e-05,128,52124.0,2613399021051445248,13664251904,21395968,16,9.2725531430915e-05,6383206400.0,1.2204619555374546e+18,24342.0,1.9833535787316616,2.005692904073684,bin_1
config_751,256,10,16,0.0020595104433596,0.8509556651115417,0.9088932275772096,0.129275843501091,9.2725531430915e-05,128,52124.0,2613399021051445248,13664251904,21395968,16,9.2725531430915e-05,7982284800.0,1.5256025134785006e+18,30428.0,1.9546056430457068,1.9763312100973285,bin_1
config_751,256,10,16,0.0020595104433596,0.8509556651115417,0.9088932275772096,0.129275843501091,9.2725531430915e-05,128,52124.0,2613399021051445248,13664251904,21395968,16,9.2725531430915e-05,9568256000.0,1.8307430714195471e+18,36514.0,1.9337342232563457,1.9550434085580168,bin_1
config_751,256,10,16,0.0020595104433596,0.8509556651115417,0.9088932275772096,0.129275843501091,9.2725531430915e-05,128,52124.0,2613399021051445248,13664251904,21395968,16,9.2725531430915e-05,11167334400.0,2.135833491247228e+18,42599.0,1.91810623688776,1.939132251035972,bin_1
config_751,256,10,16,0.0020595104433596,0.8509556651115417,0.9088932275772096,0.129275843501091,9.2725531430915e-05,128,52124.0,2613399021051445248,13664251904,21395968,16,4.711965265946171e-05,12766412800.0,2.440974049188274e+18,48685.0,1.8961166825841684,1.9170483864330852,bin_1
config_751,256,10,16,0.0020595104433596,0.8509556651115417,0.9088932275772096,0.129275843501091,9.2725531430915e-05,128,52124.0,2613399021051445248,13664251904,21395968,16,3.302779392018376e-07,13657702400.0,2.613399021051445e+18,52124.0,1.883740447818256,1.903549620909769,bin_1
config_752,448,21,16,0.1020573005080223,0.8242319226264954,0.9807158708572388,0.026914769783616,2.3565913579659536e-05,64,15380.0,1379468838310133760,2015969408,75529216,16,2.3565913579659536e-05,1592524800.0,1.091645983814866e+18,12171.0,2.2628282127614883,2.286725933121853,bin_1
config_752,448,21,16,0.1020573005080223,0.8242319226264954,0.9807158708572388,0.026914769783616,2.3565913579659536e-05,64,15380.0,1379468838310133760,2015969408,75529216,16,1.7118097031229684e-06,2011955200.0,1.3794688383101338e+18,15380.0,2.1587722155696056,2.181857527709398,bin_1
config_753,1152,21,12,0.0315340086817741,0.927095592021942,0.903426706790924,0.0973085835576057,0.0015728696016594,32,9086.0,1755807488188710912,595463808,392398848,8,0.0015728696016594,298188800.0,8.779037440943555e+17,4543.0,3.3403660689025627,3.37493397622812,bin_1
config_753,1152,21,12,0.0315340086817741,0.927095592021942,0.903426706790924,0.0973085835576057,0.0015728696016594,32,9086.0,1755807488188710912,595463808,392398848,8,6.405351318975231e-05,593100800.0,1.755807488188711e+18,9086.0,3.104843692623201,3.137073602520052,bin_1
config_754,256,5,16,0.0221895445138216,0.9530310034751892,0.9193756580352784,0.2345913499593734,0.0003279883530922,64,15127.0,266169556207534080,1982762240,17133568,16,0.0002752033052862,1592524800.0,2.1415678380392e+17,12171.0,2.03060194273464,2.0532440627989224,bin_0
config_754,256,5,16,0.0221895445138216,0.9530310034751892,0.9193756580352784,0.2345913499593734,0.0003279883530922,64,15127.0,266169556207534080,1982762240,17133568,16,2.49596548294531e-06,1979187200.0,2.6616955620753408e+17,15127.0,1.9788240059868236,2.001106194160024,bin_0
config_755,1152,17,18,0.0261438582092523,0.8056340217590332,0.9145852327346802,0.0817004293203353,0.0009862644365057,64,62142.0,19981450983290830848,8145101312,328688640,8,0.0009862644365057,1592524800.0,3.913524507058555e+18,12171.0,1.718147763463317,1.7354025069025696,bin_2
config_755,1152,17,18,0.0261438582092523,0.8056340217590332,0.9145852327346802,0.0817004293203353,0.0009862644365057,64,62142.0,19981450983290830848,8145101312,328688640,8,0.0009862644365057,3191603200.0,7.82704901411711e+18,24342.0,1.6467524871083556,1.663857467057275,bin_2
config_755,1152,17,18,0.0261438582092523,0.8056340217590332,0.9145852327346802,0.0817004293203353,0.0009862644365057,64,62142.0,19981450983290830848,8145101312,328688640,8,0.0009862644365057,4784128000.0,1.1740895066201303e+19,36514.0,1.6159176174929886,1.631642168643045,bin_2
config_755,1152,17,18,0.0261438582092523,0.8056340217590332,0.9145852327346802,0.0817004293203353,0.0009862644365057,64,62142.0,19981450983290830848,8145101312,328688640,8,0.0009862644365057,6383206400.0,1.5654419573259858e+19,48685.0,1.5970635179613455,1.6122788984267438,bin_2
config_755,1152,17,18,0.0261438582092523,0.8056340217590332,0.9145852327346802,0.0817004293203353,0.0009862644365057,64,62142.0,19981450983290830848,8145101312,328688640,8,0.0002509855528787,7975731200.0,1.956794408031841e+19,60856.0,1.5206225823085815,1.5348716749715023,bin_2
config_755,1152,17,18,0.0261438582092523,0.8056340217590332,0.9145852327346802,0.0817004293203353,0.0009862644365057,64,62142.0,19981450983290830848,8145101312,328688640,8,8.15897308119773e-06,8139571200.0,1.998145098329083e+19,62142.0,1.5034300102757625,1.5169949337693511,bin_2
config_756,704,22,22,0.0161959901452064,0.9280139207839966,0.9185270667076112,0.1931466311216354,2.5706256565172225e-05,64,67791.0,12667575067413184512,8885548032,174199168,8,2.5706256565172225e-05,1592524800.0,2.274299776452418e+18,12171.0,2.103583583284597,2.12571818799269,bin_2
config_756,704,22,22,0.0161959901452064,0.9280139207839966,0.9185270667076112,0.1931466311216354,2.5706256565172225e-05,64,67791.0,12667575067413184512,8885548032,174199168,8,2.5706256565172225e-05,3191603200.0,4.548599552904836e+18,24342.0,1.8980945001664709,1.919312125131732,bin_2
config_756,704,22,22,0.0161959901452064,0.9280139207839966,0.9185270667076112,0.1931466311216354,2.5706256565172225e-05,64,67791.0,12667575067413184512,8885548032,174199168,8,2.5706256565172225e-05,4784128000.0,6.823086191552345e+18,36514.0,1.8149750056032277,1.8335643473804972,bin_2
config_756,704,22,22,0.0161959901452064,0.9280139207839966,0.9185270667076112,0.1931466311216354,2.5706256565172225e-05,64,67791.0,12667575067413184512,8885548032,174199168,8,2.5706256565172225e-05,6383206400.0,9.097385968004764e+18,48685.0,1.7646357022738848,1.7827622006955697,bin_2
config_756,704,22,22,0.0161959901452064,0.9280139207839966,0.9185270667076112,0.1931466311216354,2.5706256565172225e-05,64,67791.0,12667575067413184512,8885548032,174199168,8,1.3627673323062736e-05,7975731200.0,1.137168574445718e+19,60856.0,1.718985719055426,1.7364316325109512,bin_2
config_756,704,22,22,0.0161959901452064,0.9280139207839966,0.9185270667076112,0.1931466311216354,2.5706256565172225e-05,64,67791.0,12667575067413184512,8885548032,174199168,8,8.049771016360259e-08,8880128000.0,1.2667575067413185e+19,67791.0,1.696580507188547,1.715223727519395,bin_2
config_757,960,6,6,0.0400218442082405,0.8117691874504089,0.9142698049545288,0.2402243912220001,3.105373980361037e-05,64,64999.0,7065170038988144640,8519597568,114633600,16,3.105373980361037e-05,1592524800.0,1.3229462690891354e+18,12171.0,2.0362117857620365,2.057308261199076,bin_2
config_757,960,6,6,0.0400218442082405,0.8117691874504089,0.9142698049545288,0.2402243912220001,3.105373980361037e-05,64,64999.0,7065170038988144640,8519597568,114633600,16,3.105373980361037e-05,3191603200.0,2.6458925381782707e+18,24342.0,1.891496576559348,1.911922815588654,bin_2
config_757,960,6,6,0.0400218442082405,0.8117691874504089,0.9142698049545288,0.2402243912220001,3.105373980361037e-05,64,64999.0,7065170038988144640,8519597568,114633600,16,3.105373980361037e-05,4784128000.0,3.9689475038633385e+18,36514.0,1.8288438839208885,1.8483085042531373,bin_2
config_757,960,6,6,0.0400218442082405,0.8117691874504089,0.9142698049545288,0.2402243912220001,3.105373980361037e-05,64,64999.0,7065170038988144640,8519597568,114633600,16,3.105373980361037e-05,6383206400.0,5.291893772952474e+18,48685.0,1.7891621391499628,1.8081290699224004,bin_2
config_757,960,6,6,0.0400218442082405,0.8117691874504089,0.9142698049545288,0.2402243912220001,3.105373980361037e-05,64,64999.0,7065170038988144640,8519597568,114633600,16,8.25169504580373e-06,7975731200.0,6.614840042041609e+18,60856.0,1.7500961757487938,1.7679239515398368,bin_2
config_757,960,6,6,0.0400218442082405,0.8117691874504089,0.9142698049545288,0.2402243912220001,3.105373980361037e-05,64,64999.0,7065170038988144640,8519597568,114633600,16,9.74531350311821e-08,8513126400.0,7.065170038988145e+18,64999.0,1.7424440541423736,1.760047209731868,bin_2
config_760,832,14,16,0.0015796424122527,0.9651939868927002,0.9597629904747008,0.2262949049472808,0.0066237971186637,32,3630.0,298073373598420992,237907296,161130112,8,0.0066237971186637,117964800.0,1.490366867992105e+17,1815.0,3.4424203798419137,3.470821858273178,bin_0
config_760,832,14,16,0.0015796424122527,0.9651939868927002,0.9597629904747008,0.2262949049472808,0.0066237971186637,32,3630.0,298073373598420992,237907296,161130112,8,0.0002420388715711,235929600.0,2.98073373598421e+17,3630.0,3.331073441661772,3.3653752966005293,bin_0
config_761,832,23,16,0.0148246996104717,0.9648487567901612,0.9356499910354614,0.2435070723295211,0.0016510498244315,64,14272.0,3548697595425914880,1870704128,237822208,8,0.0010082094179694,1592524800.0,3.026289127937837e+18,12171.0,1.7128738726357944,1.730898772184966,bin_1
config_761,832,23,16,0.0148246996104717,0.9648487567901612,0.9356499910354614,0.2435070723295211,0.0016510498244315,64,14272.0,3548697595425914880,1870704128,237822208,8,1.0452689535969542e-05,1867776000.0,3.548697595425915e+18,14272.0,1.6567925896996358,1.6741927417575335,bin_1
config_762,960,15,6,0.0061247167177498,0.8517707586288452,0.9735087156295776,0.1723206341266632,0.00718459719792,64,16867.0,3623182774782197760,2210851328,214183680,8,0.00718459719792,1592524800.0,2.614439885686496e+18,12171.0,3.2048408254639047,3.237282905656784,bin_1
config_762,960,15,6,0.0061247167177498,0.8517707586288452,0.9735087156295776,0.1723206341266632,0.00718459719792,64,16867.0,3623182774782197760,2210851328,214183680,8,4.202964637461948e-05,2208563200.0,3.623182774782198e+18,16867.0,3.069374756969389,3.101711404831683,bin_1
config_763,768,18,24,0.0533718094229698,0.9208446741104126,0.9455596804618835,0.0973999872803688,0.0001557146169943,64,8774.0,1536402919887470592,1150151168,166043136,8,0.0001557146169943,576716800.0,7.682014599437353e+17,4387.0,1.9581685997032727,1.9781543794616323,bin_1
config_763,768,18,24,0.0533718094229698,0.9208446741104126,0.9455596804618835,0.0973999872803688,0.0001557146169943,64,8774.0,1536402919887470592,1150151168,166043136,8,4.3760548101463305e-06,1146880000.0,1.5364029198874706e+18,8774.0,1.7821553419652532,1.8014825798253544,bin_1
config_764,512,8,16,0.0709550902247428,0.9519060850143432,0.9798232316970824,0.200247660279274,0.0011275170836597,32,5677.0,155778889395142656,372060736,53013504,16,0.0011275170836597,186777600.0,7.787572452059448e+16,2838.0,2.15559118247423,2.1770669770240785,bin_0
config_764,512,8,16,0.0709550902247428,0.9519060850143432,0.9798232316970824,0.200247660279274,0.0011275170836597,32,5677.0,155778889395142656,372060736,53013504,16,2.6798381389800787e-05,370278400.0,1.5577888939514266e+17,5677.0,1.9385080799509269,1.9578424246584785,bin_0
config_765,832,17,8,0.0025467916857451,0.8963652849197388,0.9789242148399352,0.2165414243936538,0.0001972500613192,64,16842.0,3239911663160819712,2207636224,186694144,8,0.0001972500613192,1592524800.0,2.341346921525373e+18,12171.0,1.729369425363228,1.7468174593175043,bin_1
config_765,832,17,8,0.0025467916857451,0.8963652849197388,0.9789242148399352,0.2165414243936538,0.0001972500613192,64,16842.0,3239911663160819712,2207636224,186694144,8,2.272216833627762e-06,2202009600.0,3.23991166316082e+18,16842.0,1.645659920700261,1.6631010420009738,bin_1
config_766,256,23,16,0.0707924738526344,0.9818114042282104,0.97754567861557,0.1878903657197952,0.0001318474969593,32,6754.0,150275749450924032,442637728,32478208,16,0.0001318474969593,222822400.0,7.513787472546202e+16,3377.0,2.904934410892549,2.9356732451329464,bin_0
config_766,256,23,16,0.0707924738526344,0.9818114042282104,0.97754567861557,0.1878903657197952,0.0001318474969593,32,6754.0,150275749450924032,442637728,32478208,16,4.155949470744909e-07,442368000.0,1.5027574945092403e+17,6754.0,2.526918798079256,2.5538394092340937,bin_0
config_767,512,13,16,0.0464259274303913,0.814947247505188,0.9186774492263794,0.1437496542930603,0.0003020331496372,64,23599.0,1805970772370128896,3093248256,70057984,16,0.0003020331496372,1592524800.0,9.314153256712928e+17,12171.0,1.8384697962588952,1.8585822339917792,bin_1
config_767,512,13,16,0.0464259274303913,0.814947247505188,0.9186774492263794,0.1437496542930603,0.0003020331496372,64,23599.0,1805970772370128896,3093248256,70057984,16,4.363096796057456e-06,3086745600.0,1.805970772370129e+18,23599.0,1.719575065784767,1.738434793323767,bin_1
config_768,320,12,20,0.0149336131289601,0.9278803467750548,0.9389981627464294,0.0374334827065467,0.0020129438489675,32,10015.0,191111417521643520,656348352,32808320,16,0.0020129438489675,327680000.0,9.554616750183416e+16,5007.0,2.144889663751008,2.1671328029476227,bin_0
config_768,320,12,20,0.0149336131289601,0.9278803467750548,0.9389981627464294,0.0374334827065467,0.0020129438489675,32,10015.0,191111417521643520,656348352,32808320,16,8.073304207089119e-05,655360000.0,1.9111141752164352e+17,10015.0,1.972388767492576,1.9930632636977024,bin_0
config_769,896,18,14,0.0011259589809924,0.8521500825881958,0.9042542576789856,0.1443623006343841,0.0001820899778977,32,3748.0,431499257029177344,245638192,226747136,8,0.0001820899778977,121241600.0,2.1574962851458867e+17,1874.0,2.341712574607036,2.365562816897377,bin_0
config_769,896,18,14,0.0011259589809924,0.8521500825881958,0.9042542576789856,0.1443623006343841,0.0001820899778977,32,3748.0,431499257029177344,245638192,226747136,8,1.615585755839147e-05,242483200.0,4.314992570291773e+17,3748.0,2.051987370506662,2.072440740319549,bin_0
config_77,576,11,12,0.0014019997324794,0.8952630162239075,0.9969131350517272,0.1869204193353653,0.0006785303703509,32,3561.0,138232245710592000,233406800,72767232,16,0.0006785303703509,117964800.0,6.909671366606396e+16,1780.0,2.2183366871270978,2.240187538139156,bin_0
config_77,576,11,12,0.0014019997324794,0.8952630162239075,0.9969131350517272,0.1869204193353653,0.0006785303703509,32,3561.0,138232245710592000,233406800,72767232,16,1.12238106373837e-05,232652800.0,1.38232245710592e+17,3561.0,1.9891332758840967,2.009364939126812,bin_0
config_770,384,8,16,0.0021063506137579,0.8635945916175842,0.9389774203300476,0.1890006810426712,3.7903155316598713e-05,32,7306.0,132296908331188224,478867584,33468672,16,3.7903155316598713e-05,239206400.0,6.614845416559411e+16,3653.0,2.869292115461631,2.8991144105254625,bin_0
config_770,384,8,16,0.0021063506137579,0.8635945916175842,0.9389774203300476,0.1890006810426712,3.7903155316598713e-05,32,7306.0,132296908331188224,478867584,33468672,16,1.647963274634706e-07,478412800.0,1.3229690833118822e+17,7306.0,2.651718895318078,2.6799715222687017,bin_0
config_771,704,20,22,0.013642462901771,0.8213260173797607,0.9629472494125366,0.2983619272708893,5.651082392432727e-05,32,3862.0,332941179195389952,253121584,161580672,8,5.651082392432727e-05,127795200.0,1.6647058959769498e+17,1931.0,2.6983926942309395,2.727190990760678,bin_0
config_771,704,20,22,0.013642462901771,0.8213260173797607,0.9629472494125366,0.2983619272708893,5.651082392432727e-05,32,3862.0,332941179195389952,253121584,161580672,8,5.886544158784091e-07,252313600.0,3.3294117919538995e+17,3862.0,2.4097064945932294,2.4344703799193024,bin_0
config_772,320,20,16,0.0020191087387502,0.9114524722099304,0.9087376594543456,0.081053227186203,0.0024484221357852,64,55569.0,3065951282975539200,7283668480,43954560,16,0.0024484221357852,1592524800.0,6.71519967339619e+17,12171.0,1.878109676095306,1.8980989289283752,bin_1
config_772,320,20,16,0.0020191087387502,0.9114524722099304,0.9087376594543456,0.081053227186203,0.0024484221357852,64,55569.0,3065951282975539200,7283668480,43954560,16,0.0024484221357852,3191603200.0,1.343039934679238e+18,24342.0,1.8217398416800576,1.8411771116491225,bin_1
config_772,320,20,16,0.0020191087387502,0.9114524722099304,0.9087376594543456,0.081053227186203,0.0024484221357852,64,55569.0,3065951282975539200,7283668480,43954560,16,0.0024484221357852,4784128000.0,2.014615075789898e+18,36514.0,1.798298801203243,1.815511513889813,bin_1
config_772,320,20,16,0.0020191087387502,0.9114524722099304,0.9087376594543456,0.081053227186203,0.0024484221357852,64,55569.0,3065951282975539200,7283668480,43954560,16,0.0024484221357852,6383206400.0,2.6861350431295165e+18,48685.0,1.7823323410065448,1.7995618160435412,bin_1
config_772,320,20,16,0.0020191087387502,0.9114524722099304,0.9087376594543456,0.081053227186203,0.0024484221357852,64,55569.0,3065951282975539200,7283668480,43954560,16,1.032860137209577e-05,7281049600.0,3.065951282975539e+18,55569.0,1.7116042246193182,1.727915301791957,bin_1
config_773,576,23,18,0.0019880016334354,0.842632532119751,0.9597398042678832,0.0524972155690193,6.889369979035109e-05,128,38847.0,10680104713335865344,10183542784,120556800,8,6.889369979035109e-05,1599078400.0,1.6732081572672814e+18,6086.0,2.0197602671873374,2.041609910550665,bin_2
config_773,576,23,18,0.0019880016334354,0.842632532119751,0.9597398042678832,0.0524972155690193,6.889369979035109e-05,128,38847.0,10680104713335865344,10183542784,120556800,8,6.889369979035109e-05,3185049600.0,3.34614138713442e+18,12171.0,1.827874924589376,1.8483973912919156,bin_2
config_773,576,23,18,0.0019880016334354,0.842632532119751,0.9597398042678832,0.0524972155690193,6.889369979035109e-05,128,38847.0,10680104713335865344,10183542784,120556800,8,6.889369979035109e-05,4784128000.0,5.019349544401701e+18,18257.0,1.7555412292675894,1.7743506463433876,bin_2
config_773,576,23,18,0.0019880016334354,0.842632532119751,0.9597398042678832,0.0524972155690193,6.889369979035109e-05,128,38847.0,10680104713335865344,10183542784,120556800,8,6.889369979035109e-05,6383206400.0,6.69228277426884e+18,24342.0,1.713127455945875,1.7307946541465695,bin_2
config_773,576,23,18,0.0019880016334354,0.842632532119751,0.9597398042678832,0.0524972155690193,6.889369979035109e-05,128,38847.0,10680104713335865344,10183542784,120556800,8,6.889369979035109e-05,7982284800.0,8.365490931536121e+18,30428.0,1.684655474189852,1.7022547357004196,bin_2
config_773,576,23,18,0.0019880016334354,0.842632532119751,0.9597398042678832,0.0524972155690193,6.889369979035109e-05,128,38847.0,10680104713335865344,10183542784,120556800,8,6.889369979035109e-05,9568256000.0,1.0038699088803402e+19,36514.0,1.663200188015328,1.6796596874174523,bin_2
config_773,576,23,18,0.0019880016334354,0.842632532119751,0.9597398042678832,0.0524972155690193,6.889369979035109e-05,128,38847.0,10680104713335865344,10183542784,120556800,8,1.588035257551001e-06,10171187200.0,1.0680104713335863e+19,38847.0,1.6349692291705336,1.650788376585382,bin_2
config_774,256,17,16,0.0101596275344491,0.8297298550605774,0.9675235748291016,0.2030788511037826,7.439764158334583e-05,128,42958.0,3052753638575308800,11261409280,27363328,16,7.439764158334583e-05,1599078400.0,4.3249356684131776e+17,6086.0,2.437367866547381,2.463669047981012,bin_1
config_774,256,17,16,0.0101596275344491,0.8297298550605774,0.9675235748291016,0.2030788511037826,7.439764158334583e-05,128,42958.0,3052753638575308800,11261409280,27363328,16,7.439764158334583e-05,3185049600.0,8.64916070000933e+17,12171.0,2.116100563573056,2.138560773310114,bin_1
config_774,256,17,16,0.0101596275344491,0.8297298550605774,0.9675235748291016,0.2030788511037826,7.439764158334583e-05,128,42958.0,3052753638575308800,11261409280,27363328,16,7.439764158334583e-05,4784128000.0,1.2974096368422508e+18,18257.0,2.006534360549489,2.027276939368639,bin_1
config_774,256,17,16,0.0101596275344491,0.8297298550605774,0.9675235748291016,0.2030788511037826,7.439764158334583e-05,128,42958.0,3052753638575308800,11261409280,27363328,16,7.439764158334583e-05,6383206400.0,1.729832140001866e+18,24342.0,1.9523712331740584,1.970432885318506,bin_1
config_774,256,17,16,0.0101596275344491,0.8297298550605774,0.9675235748291016,0.2030788511037826,7.439764158334583e-05,128,42958.0,3052753638575308800,11261409280,27363328,16,7.439764158334583e-05,7982284800.0,2.162325706843184e+18,30428.0,1.9186884853488109,1.9354956396681364,bin_1
config_774,256,17,16,0.0101596275344491,0.8297298550605774,0.9675235748291016,0.2030788511037826,7.439764158334583e-05,128,42958.0,3052753638575308800,11261409280,27363328,16,5.507967090969247e-05,9568256000.0,2.594819273684501e+18,36514.0,1.8856472478147408,1.905733292650004,bin_1
config_774,256,17,16,0.0101596275344491,0.8297298550605774,0.9675235748291016,0.2030788511037826,7.439764158334583e-05,128,42958.0,3052753638575308800,11261409280,27363328,16,3.0533481241359493e-06,11167334400.0,3.027241776844117e+18,42599.0,1.8598209626166544,1.8792303713032457,bin_1
config_774,256,17,16,0.0101596275344491,0.8297298550605774,0.9675235748291016,0.2030788511037826,7.439764158334583e-05,128,42958.0,3052753638575308800,11261409280,27363328,16,6.823124299744746e-08,11259084800.0,3.052753638575309e+18,42958.0,1.859218119910506,1.8786078668031536,bin_1
config_776,256,24,4,0.0210985839366912,0.8096269965171814,0.9473833441734314,0.2539562880992889,0.0022666198201477,32,14226.0,327154054370623488,932318336,33330688,16,0.0022666198201477,465305600.0,1.6357702718531174e+17,7113.0,2.0727089192046493,2.093056700385985,bin_0
config_776,256,24,4,0.0210985839366912,0.8096269965171814,0.9473833441734314,0.2539562880992889,0.0022666198201477,32,14226.0,327154054370623488,932318336,33330688,16,1.631564654591385e-05,930611200.0,3.271540543706235e+17,14226.0,1.9004879758397089,1.9190353499475072,bin_0
config_777,768,11,8,0.0581560730934143,0.8172925710678101,0.9667165875434875,0.1334295868873596,0.0015146059449762,64,10882.0,1292886079898517504,1426341632,116487168,16,0.0015146059449762,714342400.0,6.464430399492588e+17,5441.0,1.8423848069691269,1.8617183121306,bin_1
config_777,768,11,8,0.0581560730934143,0.8172925710678101,0.9667165875434875,0.1334295868873596,0.0015146059449762,64,10882.0,1292886079898517504,1426341632,116487168,16,3.340274999258353e-05,1422131200.0,1.2928860798985175e+18,10882.0,1.692772801469584,1.7109134919135296,bin_1
config_778,448,19,14,0.1295799762010574,0.88786381483078,0.9553414583206176,0.1153574511408805,3.877167182508856e-05,32,4483.0,185696577862397952,293836256,70481152,16,3.877167182508856e-05,147456000.0,9.282757773580946e+16,2241.0,2.917439056771701,2.94829577680494,bin_0
config_778,448,19,14,0.1295799762010574,0.88786381483078,0.9553414583206176,0.1153574511408805,3.877167182508856e-05,32,4483.0,185696577862397952,293836256,70481152,16,2.474787563303524e-06,291635200.0,1.8569657786239795e+17,4483.0,2.652605682435583,2.6809276304088656,bin_0
config_779,1088,17,4,0.0026818998157978,0.9751346111297609,0.978769838809967,0.070836067199707,0.0002551269426476,128,38979.0,23384264305655808000,10218214400,305693184,8,0.0002551269426476,1599078400.0,3.6511104072506025e+18,6086.0,1.711067985667557,1.7288875244484574,bin_2
config_779,1088,17,4,0.0026818998157978,0.9751346111297609,0.978769838809967,0.070836067199707,0.0002551269426476,128,38979.0,23384264305655808000,10218214400,305693184,8,0.0002551269426476,3185049600.0,7.301620894946942e+18,12171.0,1.6152328156643228,1.6317839743856524,bin_2
config_779,1088,17,4,0.0026818998157978,0.9751346111297609,0.978769838809967,0.070836067199707,0.0002551269426476,128,38979.0,23384264305655808000,10218214400,305693184,8,0.0002551269426476,4784128000.0,1.0952731302197545e+19,18257.0,1.5713436328094514,1.5856950169899424,bin_2
config_779,1088,17,4,0.0026818998157978,0.9751346111297609,0.978769838809967,0.070836067199707,0.0002551269426476,128,38979.0,23384264305655808000,10218214400,305693184,8,0.0002551269426476,6383206400.0,1.4603241789893884e+19,24342.0,1.5447146051242704,1.5583848110378766,bin_2
config_779,1088,17,4,0.0026818998157978,0.9751346111297609,0.978769838809967,0.070836067199707,0.0002551269426476,128,38979.0,23384264305655808000,10218214400,305693184,8,0.0002551269426476,7982284800.0,1.8254352197144488e+19,30428.0,1.5259392991124607,1.5391383986004064,bin_2
config_779,1088,17,4,0.0026818998157978,0.9751346111297609,0.978769838809967,0.070836067199707,0.0002551269426476,128,38979.0,23384264305655808000,10218214400,305693184,8,0.0002290690658542,9568256000.0,2.190546260439509e+19,36514.0,1.507619753450644,1.5212349361572108,bin_2
config_779,1088,17,4,0.0026818998157978,0.9751346111297609,0.978769838809967,0.070836067199707,0.0002551269426476,128,38979.0,23384264305655808000,10218214400,305693184,8,2.6797107340749524e-06,10210508800.0,2.338426430565581e+19,38979.0,1.474275657485743,1.487218805776268,bin_2
config_78,1088,20,8,0.0090747708454728,0.8438695073127747,0.9205968379974364,0.1442849487066269,0.0005630479427054,64,27855.0,9618522192251191296,3651096576,349985664,8,0.0005630479427054,1592524800.0,4.202729621320741e+18,12171.0,1.7036786501720302,1.72131334799235,bin_2
config_78,1088,20,8,0.0090747708454728,0.8438695073127747,0.9205968379974364,0.1442849487066269,0.0005630479427054,64,27855.0,9618522192251191296,3651096576,349985664,8,0.0004910383277388,3191603200.0,8.405459242641482e+18,24342.0,1.622187678188574,1.639178828802265,bin_2
config_78,1088,20,8,0.0090747708454728,0.8438695073127747,0.9205968379974364,0.1442849487066269,0.0005630479427054,64,27855.0,9618522192251191296,3651096576,349985664,8,7.00482635861469e-07,3650355200.0,9.618522192251191e+18,27855.0,1.5538458513236435,1.5699827402341562,bin_2
config_780,384,24,16,0.0285761132836341,0.8788357973098755,0.9237896203994752,0.2161082178354263,1.298620190937072e-05,32,14200.0,555726508686213120,930655360,61792512,16,1.298620190937072e-05,465305600.0,2.7786325434310656e+17,7100.0,2.919266899296495,2.9496621170981987,bin_0
config_780,384,24,16,0.0285761132836341,0.8788357973098755,0.9237896203994752,0.2161082178354263,1.298620190937072e-05,32,14200.0,555726508686213120,930655360,61792512,16,0.0,930611200.0,5.557265086862131e+17,14200.0,2.7043797423409632,2.732648225768668,bin_0
config_781,576,22,8,0.0459881201386451,0.933683693408966,0.978369414806366,0.2348031848669052,0.0008960287668742,64,24194.0,3205146928881106944,3171159808,116574336,8,0.0008960287668742,1592524800.0,1.612376757518887e+18,12171.0,1.7394129001312568,1.7574942020705488,bin_1
config_781,576,22,8,0.0459881201386451,0.933683693408966,0.978369414806366,0.2348031848669052,0.0008960287668742,64,24194.0,3205146928881106944,3171159808,116574336,8,6.941067912405951e-06,3165388800.0,3.205146928881107e+18,24194.0,1.6089773215035923,1.6260580089639445,bin_1
config_782,640,5,8,0.0600492544472217,0.9650660157203674,0.9782077074050904,0.0366619192063808,0.0004027874674648,64,50159.0,2788112125506355200,6574525440,57579520,16,0.0004027874674648,1592524800.0,6.765308853752636e+17,12171.0,1.8307931786287024,1.8500985317152052,bin_1
config_782,640,5,8,0.0600492544472217,0.9650660157203674,0.9782077074050904,0.0366619192063808,0.0004027874674648,64,50159.0,2788112125506355200,6574525440,57579520,16,0.0004027874674648,3191603200.0,1.3530617707505272e+18,24342.0,1.770038079355584,1.7881654964118707,bin_1
config_782,640,5,8,0.0600492544472217,0.9650660157203674,0.9782077074050904,0.0366619192063808,0.0004027874674648,64,50159.0,2788112125506355200,6574525440,57579520,16,0.0004027874674648,4784128000.0,2.0296482416064727e+18,36514.0,1.7436787369603015,1.7604981018676134,bin_1
config_782,640,5,8,0.0600492544472217,0.9650660157203674,0.9782077074050904,0.0366619192063808,0.0004027874674648,64,50159.0,2788112125506355200,6574525440,57579520,16,0.000319731727438,6383206400.0,2.706179126981736e+18,48685.0,1.7212621064655116,1.7377361600125425,bin_1
config_782,640,5,8,0.0600492544472217,0.9650660157203674,0.9782077074050904,0.0366619192063808,0.0004027874674648,64,50159.0,2788112125506355200,6574525440,57579520,16,1.9722998950942594e-06,6573260800.0,2.788112125506355e+18,50159.0,1.6820726401297772,1.6978922784914736,bin_1
config_784,704,22,16,0.1195189952850341,0.8475511074066162,0.9378842711448668,0.2744840383529663,0.000865239650011,64,23941.0,4473730378842734592,3138054912,174199168,8,0.000865239650011,1592524800.0,2.2743315835134252e+18,12171.0,1.766154253346021,1.7832213002150177,bin_1
config_784,704,22,16,0.1195189952850341,0.8475511074066162,0.9378842711448668,0.2744840383529663,0.000865239650011,64,23941.0,4473730378842734592,3138054912,174199168,8,5.398695122577004e-06,3132620800.0,4.473730378842735e+18,23941.0,1.597676154023311,1.6144365229372115,bin_1
config_785,704,19,8,0.001652866252698,0.977919101715088,0.9611130356788636,0.2316925078630447,4.9213900638278574e-05,64,8247.0,1362308051303350272,1081031808,155271424,8,4.9213900638278574e-05,537395200.0,6.810714314931142e+17,4123.0,2.188498235432828,2.211241729943479,bin_1
config_785,704,19,8,0.001652866252698,0.977919101715088,0.9611130356788636,0.2316925078630447,4.9213900638278574e-05,64,8247.0,1362308051303350272,1081031808,155271424,8,1.2110226858633931e-06,1074790400.0,1.3623080513033503e+18,8247.0,1.950887135013205,1.9708816657691703,bin_1
config_786,1152,16,18,0.0562870539724826,0.9449917674064636,0.9983744621276855,0.0433539599180221,0.0007316312403418,32,3516.0,536841778765307904,230471136,312761088,8,0.0007316312403418,114688000.0,2.6842088938265395e+17,1758.0,2.630743806792087,2.659912489789431,bin_0
config_786,1152,16,18,0.0562870539724826,0.9449917674064636,0.9983744621276855,0.0433539599180221,0.0007316312403418,32,3516.0,536841778765307904,230471136,312761088,8,7.701381477282225e-05,229376000.0,5.368417787653079e+17,3516.0,2.546123440207028,2.573451151456989,bin_0
config_787,256,6,8,0.0073365368880331,0.9516593217849731,0.9878206849098206,0.2007330060005188,1.3966562619316392e-05,64,42959.0,820087051712200704,5630723584,17986048,16,1.3966562619316392e-05,1592524800.0,2.3234431682276576e+17,12171.0,2.8626164019694094,2.892931216896557,bin_0
config_787,256,6,8,0.0073365368880331,0.9516593217849731,0.9878206849098206,0.2007330060005188,1.3966562619316392e-05,64,42959.0,820087051712200704,5630723584,17986048,16,1.3966562619316392e-05,3191603200.0,4.646886336455315e+17,24342.0,2.6162347563759227,2.644591982325569,bin_0
config_787,256,6,8,0.0073365368880331,0.9516593217849731,0.9878206849098206,0.2007330060005188,1.3966562619316392e-05,64,42959.0,820087051712200704,5630723584,17986048,16,1.046155954518898e-05,4784128000.0,6.970520404622849e+17,36514.0,2.436552834549888,2.4616083786917518,bin_0
config_787,256,6,8,0.0073365368880331,0.9516593217849731,0.9878206849098206,0.2007330060005188,1.3966562619316392e-05,64,42959.0,820087051712200704,5630723584,17986048,16,1.4577184689068151e-08,5629542400.0,8.200870517122007e+17,42959.0,2.3965771650095453,2.4211570200372914,bin_0
config_788,704,20,16,0.0010160242673009,0.9537416100502014,0.9362081289291382,0.0048941732384264,4.9837348342407495e-05,32,6536.0,563494494827962368,428401856,161580672,8,4.9837348342407495e-05,212992000.0,2.817472474139812e+17,3268.0,2.495053271582869,2.52104258619371,bin_0
config_788,704,20,16,0.0010160242673009,0.9537416100502014,0.9362081289291382,0.0048941732384264,4.9837348342407495e-05,32,6536.0,563494494827962368,428401856,161580672,8,4.9837348342407495e-05,425984000.0,5.634944948279624e+17,6536.0,2.1676436593884327,2.190468460360512,bin_0
config_789,768,5,12,0.0314971171319484,0.944067656993866,0.9308843016624452,0.2047320008277893,0.0015087507199496,64,15244.0,1075787846862962688,1998176128,74010624,16,0.0014961777972833,1592524800.0,8.589224536977906e+17,12171.0,1.8156266565791896,1.8358623061414625,bin_1
config_789,768,5,12,0.0314971171319484,0.944067656993866,0.9308843016624452,0.2047320008277893,0.0015087507199496,64,15244.0,1075787846862962688,1998176128,74010624,16,2.1277253742879023e-05,1992294400.0,1.0757878468629628e+18,15244.0,1.7240269025036543,1.743407714523253,bin_1
config_790,448,11,14,0.0029223652090877,0.8479397892951965,0.944105863571167,0.0525210164487361,0.0003669055586215,32,7547.0,209132057848197120,494656864,50288896,16,0.0003669055586215,245760000.0,1.0455217361352163e+17,3773.0,2.136255352340761,2.1571624297783023,bin_0
config_790,448,11,14,0.0029223652090877,0.8479397892951965,0.944105863571167,0.0525210164487361,0.0003669055586215,32,7547.0,209132057848197120,494656864,50288896,16,4.354687185659348e-05,491520000.0,2.0913205784819712e+17,7547.0,1.957378002463794,1.976752621893023,bin_0
config_791,384,22,16,0.0194434467703104,0.9364713430404664,0.9259013533592224,0.1921719163656234,3.944508353015408e-05,64,31557.0,2304052791952343040,4136342784,58252032,16,3.944508353015408e-05,1592524800.0,8.886341075150353e+17,12171.0,2.1657840264820662,2.188597726431049,bin_1
config_791,384,22,16,0.0194434467703104,0.9364713430404664,0.9259013533592224,0.1921719163656234,3.944508353015408e-05,64,31557.0,2304052791952343040,4136342784,58252032,16,3.944508353015408e-05,3191603200.0,1.7772682150300703e+18,24342.0,1.9672332200847689,1.988690870042707,bin_1
config_791,384,22,16,0.0194434467703104,0.9364713430404664,0.9259013533592224,0.1921719163656234,3.944508353015408e-05,64,31557.0,2304052791952343040,4136342784,58252032,16,4.5533572676626063e-08,4135321600.0,2.304052791952343e+18,31557.0,1.9041319772845409,1.925756708598528,bin_1
config_794,1024,8,16,0.0018637399189174,0.9555505514144896,0.9473907947540284,0.2794954776763916,0.0002012083859881,64,18973.0,2802225861856591872,2486907904,154261504,16,0.0002012083859881,1592524800.0,1.7976013790468864e+18,12171.0,1.7589193317929253,1.7776648664083636,bin_1
config_794,1024,8,16,0.0018637399189174,0.9555505514144896,0.9473907947540284,0.2794954776763916,0.0002012083859881,64,18973.0,2802225861856591872,2486907904,154261504,16,8.728390942525641e-07,2483814400.0,2.802225861856592e+18,18973.0,1.6639370652886687,1.681391287983441,bin_1
config_796,1152,5,18,0.0326415598392486,0.9402592182159424,0.988722562789917,0.1145984902977943,3.6890349292662e-05,32,8731.0,553278004143685632,572259968,137558016,16,3.6890349292662e-05,285081600.0,2.7660731738485715e+17,4365.0,2.342839949287352,2.366233422912535,bin_0
config_796,1152,5,18,0.0326415598392486,0.9402592182159424,0.988722562789917,0.1145984902977943,3.6890349292662e-05,32,8731.0,553278004143685632,572259968,137558016,16,1.1436008280725217e-06,570163200.0,5.532780041436856e+17,8731.0,2.0897217936593977,2.1105449231335376,bin_0
config_797,768,13,6,0.0026751803234219,0.965923309326172,0.9239662885665894,0.2390543222427368,5.911618791287765e-05,32,9453.0,637571523852730368,619531712,130646016,8,5.911618791287765e-05,311296000.0,3.187520386890938e+17,4726.0,2.183001354600562,2.2053687520887038,bin_0
config_797,768,13,6,0.0026751803234219,0.965923309326172,0.9239662885665894,0.2390543222427368,5.911618791287765e-05,32,9453.0,637571523852730368,619531712,130646016,8,7.850755366916615e-08,619315200.0,6.375715238527304e+17,9453.0,1.9779253539491872,1.9985469691870643,bin_0
config_799,576,16,18,0.001515396288596,0.957454800605774,0.9805163741111756,0.0052500846795737,0.001310943509452,32,10845.0,556148865552629760,710773632,92679552,16,0.001310943509452,353894400.0,2.7804879198030048e+17,5422.0,1.992743724056932,2.012989167268159,bin_0
config_799,576,16,18,0.001515396288596,0.957454800605774,0.9805163741111756,0.0052500846795737,0.001310943509452,32,10845.0,556148865552629760,710773632,92679552,16,0.0010534367486668,707788800.0,5.5614886555262976e+17,10845.0,1.8622064482970315,1.8814497951210525,bin_0
config_8,320,12,8,0.0015598803292959,0.8480591177940369,0.9169910550117492,0.2757506668567657,0.0001402002963004,32,3331.0,63572866165370880,218333088,32808320,16,0.0001402002963004,108134400.0,3.177689047293381e+16,1665.0,2.775332695906554,2.80337430000825,bin_0
config_8,320,12,8,0.0015598803292959,0.8480591177940369,0.9169910550117492,0.2757506668567657,0.0001402002963004,32,3331.0,63572866165370880,218333088,32808320,16,4.734432663741151e-06,216268800.0,6.357286616537088e+16,3331.0,2.470488022940477,2.4951115893974425,bin_0
config_80,832,22,8,0.0021633363794535,0.9252657890319824,0.933542251586914,0.0254243742674589,0.0005315479356795,32,11342.0,1356949206745866240,743362880,229300864,8,0.0005315479356795,370278400.0,6.784746033729331e+17,5671.0,1.946799940124887,1.966787087760988,bin_1
config_80,832,22,8,0.0021633363794535,0.9252657890319824,0.933542251586914,0.0254243742674589,0.0005315479356795,32,11342.0,1356949206745866240,743362880,229300864,8,7.751740728660173e-05,740556800.0,1.3569492067458662e+18,11342.0,1.7928222759825283,1.81134417522149,bin_1
config_800,1088,21,16,0.0027792588807642,0.895333468914032,0.9379719495773317,0.0376054495573043,0.0002115823008352,64,8464.0,3050581318319849472,1109410944,364749824,8,0.0002115823008352,557056000.0,1.5252906591599247e+18,4232.0,1.8633440868385505,1.881855239711824,bin_1
config_800,1088,21,16,0.0027792588807642,0.895333468914032,0.9379719495773317,0.0376054495573043,0.0002115823008352,64,8464.0,3050581318319849472,1109410944,364749824,8,9.314944061930938e-06,1107558400.0,3.050581318319849e+18,8464.0,1.7086203904034662,1.7264679233167992,bin_1
config_802,704,22,16,0.0120765576139092,0.8215843439102173,0.9284685850143432,0.1703574359416961,1.948569479282014e-05,64,11836.0,2211820310682943488,1551459968,174199168,8,1.948569479282014e-05,773324800.0,1.1059101553414716e+18,5918.0,2.4846125372316017,2.512019502549875,bin_1
config_802,704,22,16,0.0120765576139092,0.8215843439102173,0.9284685850143432,0.1703574359416961,1.948569479282014e-05,64,11836.0,2211820310682943488,1551459968,174199168,8,3.47958835586072e-07,1546649600.0,2.2118203106829435e+18,11836.0,2.1704042515793787,2.1933181789663974,bin_1
config_803,704,22,4,0.0089789098128676,0.881318986415863,0.9843334555625916,0.2436027228832245,2.4019802367547527e-05,32,7297.0,681816057244692480,478253280,174199168,8,2.4019802367547527e-05,239206400.0,3.408613096928379e+17,3648.0,2.6046084756147665,2.632153410032147,bin_0
config_803,704,22,4,0.0089789098128676,0.881318986415863,0.9843334555625916,0.2436027228832245,2.4019802367547527e-05,32,7297.0,681816057244692480,478253280,174199168,8,6.35301469484938e-07,475136000.0,6.818160572446925e+17,7297.0,2.28935291343048,2.3129470141598434,bin_0
config_804,1152,24,8,0.0034755002707242,0.8766075968742371,0.9155803322792052,0.0574495755136013,0.0043500280007719,64,14562.0,6337643612513107968,1908797952,440181504,8,0.0043500280007719,1592524800.0,5.297037522860668e+18,12171.0,2.903207021329786,2.9338961992192667,bin_2
config_804,1152,24,8,0.0034755002707242,0.8766075968742371,0.9155803322792052,0.0574495755136013,0.0043500280007719,64,14562.0,6337643612513107968,1908797952,440181504,8,6.244059331251672e-05,1907097600.0,6.337643612513108e+18,14562.0,2.768704276389347,2.798538489514087,bin_2
config_805,320,23,10,0.0183222070336341,0.8609092831611633,0.9392439126968384,0.245130181312561,4.010658449260518e-05,64,31123.0,1915707124797603840,4079483392,48134400,16,4.010658449260518e-05,1592524800.0,7.491588669444346e+17,12171.0,2.2224669760954185,2.2458576970022235,bin_1
config_805,320,23,10,0.0183222070336341,0.8609092831611633,0.9392439126968384,0.245130181312561,4.010658449260518e-05,64,31123.0,1915707124797603840,4079483392,48134400,16,3.560648797593589e-05,3191603200.0,1.498317733888869e+18,24342.0,2.0000435800239686,2.0226903417853057,bin_1
config_805,320,23,10,0.0183222070336341,0.8609092831611633,0.9392439126968384,0.245130181312561,4.010658449260518e-05,64,31123.0,1915707124797603840,4079483392,48134400,16,1.2091380827499273e-07,4076339200.0,1.915707124797604e+18,31123.0,1.946492784492305,1.96864741587248,bin_1
config_806,576,23,18,0.004852969199419,0.8105490207672119,0.9299166202545166,0.2766675949096679,3.0294369935290888e-05,64,22344.0,3071554931052085248,2928745728,120556800,8,3.0294369935290888e-05,1592524800.0,1.6731066535013844e+18,12171.0,2.10878690723513,2.1309722103251785,bin_1
config_806,576,23,18,0.004852969199419,0.8105490207672119,0.9299166202545166,0.2766675949096679,3.0294369935290888e-05,64,22344.0,3071554931052085248,2928745728,120556800,8,2.156531754008723e-07,2922905600.0,3.071554931052085e+18,22344.0,1.9332790064225431,1.954800051470272,bin_1
config_807,960,10,20,0.1145418211817741,0.824111819267273,0.9229976534843444,0.0250021759420633,0.0002024087589234,64,18877.0,2942154407722844160,2474317568,158878080,8,0.0002024087589234,1592524800.0,1.8969625097417352e+18,12171.0,1.7792279644872322,1.7982125594576852,bin_1
config_807,960,10,20,0.1145418211817741,0.824111819267273,0.9229976534843444,0.0250021759420633,0.0002024087589234,64,18877.0,2942154407722844160,2474317568,158878080,8,1.1603049874590464e-05,2470707200.0,2.942154407722844e+18,18877.0,1.6887644429675868,1.706146476835501,bin_1
config_808,512,8,16,0.0718510448932647,0.8495674729347229,0.9487031698226928,0.0891523733735084,1.6396712453570217e-05,32,3865.0,106056844921257984,253305104,53013504,16,1.6396712453570217e-05,127795200.0,5.3014702299578376e+16,1932.0,3.21128984568549,3.2451098918133097,bin_0
config_808,512,8,16,0.0718510448932647,0.8495674729347229,0.9487031698226928,0.0891523733735084,1.6396712453570217e-05,32,3865.0,106056844921257984,253305104,53013504,16,7.149729267545151e-07,252313600.0,1.0605684492125798e+17,3865.0,2.979079816224145,3.010562801204744,bin_0
config_81,448,22,16,0.0030679898336529,0.9830925464630128,0.9499254822731018,0.0004522562085185,0.0045217392034828,64,12795.0,1191482990150369280,1677153920,78053248,8,0.0045217392034828,1592524800.0,1.1333754961406912e+18,12171.0,3.341091199976499,3.3746031193264194,bin_1
config_81,448,22,16,0.0030679898336529,0.9830925464630128,0.9499254822731018,0.0004522562085185,0.0045217392034828,64,12795.0,1191482990150369280,1677153920,78053248,8,0.0045217392034828,1671168000.0,1.1914829901503693e+18,12795.0,3.3181269273992444,3.350053400563412,bin_1
config_810,512,23,4,0.1391545087099075,0.910499393939972,0.9720612168312072,0.2741803228855133,7.927174010546878e-05,64,9201.0,1102517882093961216,1206065536,104146944,8,7.927174010546878e-05,602931200.0,5.5119902810914266e+17,4600.0,2.0911582684712333,2.112065375398417,bin_1
config_810,512,23,4,0.1391545087099075,0.910499393939972,0.9720612168312072,0.2741803228855133,7.927174010546878e-05,64,9201.0,1102517882093961216,1206065536,104146944,8,3.143209361834557e-08,1205862400.0,1.1025178820939612e+18,9201.0,1.8963907506622253,1.9161508842179036,bin_1
config_811,256,24,8,0.001409217598848,0.8570031523704529,0.9476889967918396,0.1867288649082183,0.0006193539011292,32,5365.0,123382551184588800,351613600,33330688,16,0.0006193539011292,176947200.0,6.167977675248222e+16,2682.0,2.368346522323421,2.390806709899277,bin_0
config_811,256,24,8,0.001409217598848,0.8570031523704529,0.9476889967918396,0.1867288649082183,0.0006193539011292,32,5365.0,123382551184588800,351613600,33330688,16,9.28102748944874e-06,350617600.0,1.233825511845888e+17,5365.0,2.098540482716482,2.1196860916888127,bin_0
config_812,320,18,8,0.0229967292398214,0.8856288194656372,0.9314915537834167,0.0170178115367889,3.151191776851192e-05,64,19711.0,1003716400684400640,2583603712,41168000,16,3.151191776851192e-05,1592524800.0,6.197672524341656e+17,12171.0,2.296987717464322,2.321070984895112,bin_0
config_812,320,18,8,0.0229967292398214,0.8856288194656372,0.9314915537834167,0.0170178115367889,3.151191776851192e-05,64,19711.0,1003716400684400640,2583603712,41168000,16,1.034719687921285e-06,2582118400.0,1.0037164006844006e+18,19711.0,2.1129610025296444,2.135758322027863,bin_0
config_813,960,23,10,0.1700346916913986,0.8750517964363098,0.905539333820343,0.279208093881607,0.000886476074811,64,20874.0,6452764431799910400,2736073472,302672640,8,0.000886476074811,1592524800.0,3.7624123742184873e+18,12171.0,1.757794599904389,1.775953537675201,bin_2
config_813,960,23,10,0.1700346916913986,0.8750517964363098,0.905539333820343,0.279208093881607,0.000886476074811,64,20874.0,6452764431799910400,2736073472,302672640,8,3.6505534995650902e-06,2732851200.0,6.45276443179991e+18,20874.0,1.584445027073876,1.600982408347677,bin_2
config_815,768,8,6,0.0681371614336967,0.8362150192260742,0.9428708553314208,0.0020836652256548,0.0043482943437993,128,59570.0,11281235682404597760,15616112640,95248896,16,0.0043482943437993,1599078400.0,1.1525533047358464e+18,6086.0,1.807688376043664,1.8270075808587625,bin_2
config_815,768,8,6,0.0681371614336967,0.8362150192260742,0.9428708553314208,0.0020836652256548,0.0043482943437993,128,59570.0,11281235682404597760,15616112640,95248896,16,0.0043482943437993,3185049600.0,2.3049172316694036e+18,12171.0,1.7617924409616188,1.7810014976438928,bin_2
config_815,768,8,6,0.0681371614336967,0.8362150192260742,0.9428708553314208,0.0020836652256548,0.0043482943437993,128,59570.0,11281235682404597760,15616112640,95248896,16,0.0043482943437993,4784128000.0,3.45747053640525e+18,18257.0,1.7475367087614342,1.764733834735683,bin_2
config_815,768,8,6,0.0681371614336967,0.8362150192260742,0.9428708553314208,0.0020836652256548,0.0043482943437993,128,59570.0,11281235682404597760,15616112640,95248896,16,0.0043482943437993,6383206400.0,4.609834463338807e+18,24342.0,1.7375323449197362,1.7547788872875152,bin_2
config_815,768,8,6,0.0681371614336967,0.8362150192260742,0.9428708553314208,0.0020836652256548,0.0043482943437993,128,59570.0,11281235682404597760,15616112640,95248896,16,0.0043482943437993,7982284800.0,5.762387768074653e+18,30428.0,1.7335363208270465,1.7506035104345103,bin_2
config_815,768,8,6,0.0681371614336967,0.8362150192260742,0.9428708553314208,0.0020836652256548,0.0043482943437993,128,59570.0,11281235682404597760,15616112640,95248896,16,0.0043482943437993,9568256000.0,6.9149410728105e+18,36514.0,1.7275644131566656,1.7445871795200911,bin_2
config_815,768,8,6,0.0681371614336967,0.8362150192260742,0.9428708553314208,0.0020836652256548,0.0043482943437993,128,59570.0,11281235682404597760,15616112640,95248896,16,0.0043482943437993,11167334400.0,8.067304999744057e+18,42599.0,1.7209211809908758,1.7382492303457415,bin_2
config_815,768,8,6,0.0681371614336967,0.8362150192260742,0.9428708553314208,0.0020836652256548,0.0043482943437993,128,59570.0,11281235682404597760,15616112640,95248896,16,0.0043482943437993,12766412800.0,9.219858304479904e+18,48685.0,1.720028898989568,1.736785312871464,bin_2
config_815,768,8,6,0.0681371614336967,0.8362150192260742,0.9428708553314208,0.0020836652256548,0.0043482943437993,128,59570.0,11281235682404597760,15616112640,95248896,16,0.0043482943437993,14352384000.0,1.037222223141346e+19,54770.0,1.7218524718675456,1.734943709256219,bin_2
config_815,768,8,6,0.0681371614336967,0.8362150192260742,0.9428708553314208,0.0020836652256548,0.0043482943437993,128,59570.0,11281235682404597760,15616112640,95248896,16,0.0007013377973869,15610675200.0,1.1281235682404598e+19,59570.0,1.6639703099844885,1.6761778271393697,bin_2
config_816,1088,23,16,0.0049761552363634,0.8059919476509094,0.9338050484657288,0.0092958034947514,0.000346931250533,32,6211.0,1213202060980899840,407066720,394278144,8,0.000346931250533,203161600.0,6.065033648922386e+17,3105.0,2.043002222268308,2.063666218382413,bin_1
config_816,1088,23,16,0.0049761552363634,0.8059919476509094,0.9338050484657288,0.0092958034947514,0.000346931250533,32,6211.0,1213202060980899840,407066720,394278144,8,6.695164483971894e-05,406323200.0,1.2132020609808998e+18,6211.0,1.8739473191050235,1.89353866682678,bin_1
config_819,640,11,4,0.0026054186746478,0.800910472869873,0.953665018081665,0.1349585056304931,0.004564297851175,32,10536.0,484250797010780160,690509056,88061440,16,0.004564297851175,344064000.0,2.4212539850539008e+17,5268.0,3.065154145584732,3.0961430345597813,bin_0
config_819,640,11,4,0.0026054186746478,0.800910472869873,0.953665018081665,0.1349585056304931,0.004564297851175,32,10536.0,484250797010780160,690509056,88061440,16,0.0001156331616061,688128000.0,4.8425079701078016e+17,10536.0,2.7925168089006767,2.8221656460058493,bin_0
config_82,1088,22,16,0.1696269363164901,0.8053778409957886,0.9304310083389282,0.2562511563301086,0.0005962852737866,64,15810.0,5937102649980518400,2072257280,379513984,8,0.0005387321900911,1592524800.0,4.570555114036236e+18,12171.0,1.700450352723481,1.7180886204711727,bin_2
config_82,1088,22,16,0.1696269363164901,0.8053778409957886,0.9304310083389282,0.2562511563301086,0.0005962852737866,64,15810.0,5937102649980518400,2072257280,379513984,8,1.4719458745658055e-06,2070937600.0,5.937102649980518e+18,15810.0,1.581710277580824,1.5981184005737306,bin_2
config_820,1088,22,16,0.0075764432549476,0.9349201321601868,0.9618345499038696,0.0701014846563339,2.6744990464067087e-05,64,43045.0,16164842713151569920,5642097664,379513984,8,2.6744990464067087e-05,1592524800.0,4.570619134899936e+18,12171.0,1.894837005744215,1.914444114360653,bin_2
config_820,1088,22,16,0.0075764432549476,0.9349201321601868,0.9618345499038696,0.0701014846563339,2.6744990464067087e-05,64,43045.0,16164842713151569920,5642097664,379513984,8,2.6744990464067087e-05,3191603200.0,9.141238269799873e+18,24342.0,1.7459115304516963,1.7647675332280457,bin_2
config_820,1088,22,16,0.0075764432549476,0.9349201321601868,0.9618345499038696,0.0701014846563339,2.6744990464067087e-05,64,43045.0,16164842713151569920,5642097664,379513984,8,2.6744990464067087e-05,4784128000.0,1.371223293827428e+19,36514.0,1.68007144892802,1.6969489089582788,bin_2
config_820,1088,22,16,0.0075764432549476,0.9349201321601868,0.9618345499038696,0.0701014846563339,2.6744990464067087e-05,64,43045.0,16164842713151569920,5642097664,379513984,8,3.989143423543311e-07,5636096000.0,1.616484271315157e+19,43045.0,1.634546158724144,1.6511017910574304,bin_2
config_821,960,20,16,0.0102004464715719,0.8224140405654907,0.977712333202362,0.0923461318016052,1.2624827832041774e-05,64,24192.0,6622824646827048960,3171002368,269489280,8,1.2624827832041774e-05,1592524800.0,3.331944393871197e+18,12171.0,2.1586273196290757,2.180752823352813,bin_2
config_821,960,20,16,0.0102004464715719,0.8224140405654907,0.977712333202362,0.0923461318016052,1.2624827832041774e-05,64,24192.0,6622824646827048960,3171002368,269489280,8,2.373512842192269e-07,3165388800.0,6.622824646827049e+18,24192.0,1.9296587989760228,1.9499783549934135,bin_2
config_822,896,23,14,0.0019574109464883,0.9072592258453368,0.95185649394989,0.2894245982170105,5.48382340639364e-05,128,48852.0,27783709868617629696,12806371328,277218816,8,5.48382340639364e-05,1599078400.0,3.461304721616452e+18,6086.0,1.9217234420580944,1.9421317013756172,bin_2
config_822,896,23,14,0.0019574109464883,0.9072592258453368,0.95185649394989,0.2894245982170105,5.48382340639364e-05,128,48852.0,27783709868617629696,12806371328,277218816,8,5.48382340639364e-05,3185049600.0,6.922040710942135e+18,12171.0,1.750594355825518,1.7697355755626178,bin_2
config_822,896,23,14,0.0019574109464883,0.9072592258453368,0.95185649394989,0.2894245982170105,5.48382340639364e-05,128,48852.0,27783709868617629696,12806371328,277218816,8,5.48382340639364e-05,4784128000.0,1.0383345432558586e+19,18257.0,1.6820114642283956,1.6984452389107376,bin_2
config_822,896,23,14,0.0019574109464883,0.9072592258453368,0.95185649394989,0.2894245982170105,5.48382340639364e-05,128,48852.0,27783709868617629696,12806371328,277218816,8,5.48382340639364e-05,6383206400.0,1.384408142188427e+19,24342.0,1.64038409215505,1.6557557642655294,bin_2
config_822,896,23,14,0.0019574109464883,0.9072592258453368,0.95185649394989,0.2894245982170105,5.48382340639364e-05,128,48852.0,27783709868617629696,12806371328,277218816,8,5.48382340639364e-05,7982284800.0,1.730538614350072e+19,30428.0,1.611227483573507,1.62615514661445,bin_2
config_822,896,23,14,0.0019574109464883,0.9072592258453368,0.95185649394989,0.2894245982170105,5.48382340639364e-05,128,48852.0,27783709868617629696,12806371328,277218816,8,4.791072762468117e-05,9568256000.0,2.076669086511717e+19,36514.0,1.584154584153754,1.599687608890846,bin_2
config_822,896,23,14,0.0019574109464883,0.9072592258453368,0.95185649394989,0.2894245982170105,5.48382340639364e-05,128,48852.0,27783709868617629696,12806371328,277218816,8,2.4250151320394e-05,11167334400.0,2.4227426854442856e+19,42599.0,1.5559609700617243,1.5707156161597515,bin_2
config_822,896,23,14,0.0019574109464883,0.9072592258453368,0.95185649394989,0.2894245982170105,5.48382340639364e-05,128,48852.0,27783709868617629696,12806371328,277218816,8,5.895750161068297e-07,12766412800.0,2.768873157605931e+19,48685.0,1.537703583631359,1.5519681451946008,bin_2
config_822,896,23,14,0.0019574109464883,0.9072592258453368,0.95185649394989,0.2894245982170105,5.48382340639364e-05,128,48852.0,27783709868617629696,12806371328,277218816,8,7.757566001407527e-09,12805734400.0,2.778370986861763e+19,48852.0,1.537608477678455,1.5518796510970003,bin_2
config_823,832,18,16,0.1077295020222663,0.8407419919967651,0.9271214604377748,0.0161154102534055,0.0015960815362632,64,23537.0,4748402071631462400,3085063936,195215488,8,0.0015960815362632,1592524800.0,2.455402201377683e+18,12171.0,1.7743626760263913,1.792051426543564,bin_1
config_823,832,18,16,0.1077295020222663,0.8407419919967651,0.9271214604377748,0.0161154102534055,0.0015960815362632,64,23537.0,4748402071631462400,3085063936,195215488,8,0.0001558179863898,3080192000.0,4.748402071631462e+18,23537.0,1.654894813181924,1.6722302787225751,bin_1
config_824,1088,21,8,0.0160215962678194,0.9519205093383788,0.9732155203819276,0.2996519804000854,0.0030576279386878,32,3591.0,647150525282912256,235350512,364749824,8,0.0030576279386878,117964800.0,3.2348515535584166e+17,1795.0,3.5977465780054936,3.6251700524033095,bin_0
config_824,1088,21,8,0.0160215962678194,0.9519205093383788,0.9732155203819276,0.2996519804000854,0.0030576279386878,32,3591.0,647150525282912256,235350512,364749824,8,0.0001165081277752,232652800.0,6.471505252829123e+17,3591.0,3.3198462643779694,3.3523078726158766,bin_0
config_825,448,5,14,0.1255468726158142,0.9168097972869872,0.9209222793579102,0.0926535874605178,3.110418765572831e-05,64,18013.0,627771221937979392,2361028352,35144704,16,3.110418765572831e-05,1592524800.0,4.241716283910036e+17,12171.0,2.294022578958605,2.317702616394543,bin_0
config_825,448,5,14,0.1255468726158142,0.9168097972869872,0.9209222793579102,0.0926535874605178,3.110418765572831e-05,64,18013.0,627771221937979392,2361028352,35144704,16,2.424187287316965e-07,2359296000.0,6.277712219379794e+17,18013.0,2.172465057724812,2.1953257273064284,bin_0
config_827,256,17,16,0.0039818827062845,0.8070783615112305,0.912441611289978,0.1767237186431884,1.9762203010031957e-05,32,13702.0,243440469669150720,898036032,27363328,16,1.9762203010031957e-05,448921600.0,1.2172023483457536e+17,6851.0,2.9736459202844587,3.0052525994035064,bin_0
config_827,256,17,16,0.0039818827062845,0.8070783615112305,0.912441611289978,0.1767237186431884,1.9762203010031957e-05,32,13702.0,243440469669150720,898036032,27363328,16,1.6325653044221842e-08,897843200.0,2.4344046966915072e+17,13702.0,2.7613025365892003,2.790354748553917,bin_0
config_828,256,13,16,0.1670511215925216,0.8317388296127319,0.9187300205230712,0.2056170403957367,7.726515468675643e-05,32,7020.0,103739001960824832,460105408,23953408,16,7.726515468675643e-05,229376000.0,5.186950098041242e+16,3510.0,2.819536486062847,2.8486337184124304,bin_0
config_828,256,13,16,0.1670511215925216,0.8317388296127319,0.9187300205230712,0.2056170403957367,7.726515468675643e-05,32,7020.0,103739001960824832,460105408,23953408,16,1.0708961148545634e-06,458752000.0,1.0373900196082483e+17,7020.0,2.5826925311323072,2.6103313237330954,bin_0
config_829,512,13,8,0.0044736028648912,0.91437828540802,0.9500446915626526,0.2890263497829437,4.615275611286052e-05,64,7699.0,589179344850911232,1009140352,70057984,16,4.615275611286052e-05,504627200.0,2.945514090571707e+17,3849.0,2.4014335712839348,2.426217152759677,bin_0
config_829,512,13,8,0.0044736028648912,0.91437828540802,0.9500446915626526,0.2890263497829437,4.615275611286052e-05,64,7699.0,589179344850911232,1009140352,70057984,16,1.0163977750697373e-06,1002700800.0,5.891793448509112e+17,7699.0,2.157762383828397,2.180471919872722,bin_0
config_830,960,21,16,0.0847128704190254,0.8358458280563354,0.952652871608734,0.2655577957630157,0.0012281835079193,64,13599.0,3883085548650823680,1782452736,280550400,8,0.0004928379681459,1592524800.0,3.4753315841333315e+18,12171.0,1.6579914377165623,1.6754107610905755,bin_1
config_830,960,21,16,0.0847128704190254,0.8358458280563354,0.952652871608734,0.2655577957630157,0.0012281835079193,64,13599.0,3883085548650823680,1782452736,280550400,8,1.666601824648205e-05,1776025600.0,3.883085548650824e+18,13599.0,1.6134055800516098,1.6302525562731949,bin_1
config_831,640,23,10,0.0346257872879505,0.8711721301078796,0.9109623432159424,0.2973773777484894,0.0001877725153462,64,16328.0,2687544115969228800,2140224640,149025280,8,0.0001615887886955,1592524800.0,2.0033132922257157e+18,12171.0,1.76596634473957,1.784930486405482,bin_1
config_831,640,23,10,0.0346257872879505,0.8711721301078796,0.9109623432159424,0.2973773777484894,0.0001877725153462,64,16328.0,2687544115969228800,2140224640,149025280,8,1.082931087476068e-06,2136473600.0,2.687544115969229e+18,16328.0,1.6961279193299716,1.7144314275608687,bin_1
config_832,1152,21,16,0.0027200384065508,0.9778120517730712,0.9764432311058044,0.0981924757361412,0.0083369454368948,32,4746.0,917170078435319808,311048672,392398848,8,0.0083369454368948,154009600.0,4.585850392176599e+17,2373.0,3.5420607866615548,3.575210847346509,bin_0
config_832,1152,21,16,0.0027200384065508,0.9778120517730712,0.9764432311058044,0.0981924757361412,0.0083369454368948,32,4746.0,917170078435319808,311048672,392398848,8,0.0008229602791784,308019200.0,9.171700784353198e+17,4746.0,3.358053698031629,3.3925827294099524,bin_0
config_833,960,8,6,0.0750849843025207,0.9121943712234496,0.9117282032966614,0.0657769441604614,0.0049976115114986,32,13238.0,875538781175808000,867573760,136755840,16,0.0049976115114986,432537600.0,4.37769390587904e+17,6619.0,3.311763063493322,3.3466214843656195,bin_0
config_833,960,8,6,0.0750849843025207,0.9121943712234496,0.9117282032966614,0.0657769441604614,0.0049976115114986,32,13238.0,875538781175808000,867573760,136755840,16,0.0002182864798125,865075200.0,8.75538781175808e+17,13238.0,3.2876676048997973,3.321860240326553,bin_0
config_834,704,12,4,0.0010733114322647,0.8975350260734558,0.9339416027069092,0.0153088513761758,4.3886360799660906e-05,32,12770.0,731621900578111488,836949888,111106688,16,4.3886360799660906e-05,419430400.0,3.658109502890557e+17,6385.0,2.214141109771416,2.2367808463925223,bin_0
config_834,704,12,4,0.0010733114322647,0.8975350260734558,0.9339416027069092,0.0153088513761758,4.3886360799660906e-05,32,12770.0,731621900578111488,836949888,111106688,16,4.501165210221632e-06,835584000.0,7.316219005781115e+17,12770.0,2.0062047794998668,2.027376985667182,bin_0
config_835,320,9,10,0.1795784682035446,0.9526937007904052,0.9775941967964172,0.1582572609186172,2.2098469344200566e-05,64,14662.0,466083207464140800,1921887360,28628480,16,2.2098469344200566e-05,1592524800.0,3.8689801650839296e+17,12171.0,2.526377893119562,2.5533119659736507,bin_0
config_835,320,9,10,0.1795784682035446,0.9526937007904052,0.9775941967964172,0.1582572609186172,2.2098469344200566e-05,64,14662.0,466083207464140800,1921887360,28628480,16,1.1430242764241725e-07,1920204800.0,4.660832074641408e+17,14662.0,2.457218330140974,2.483104928985971,bin_0
config_838,576,22,6,0.1472525745630264,0.9792854189872742,0.9204189777374268,0.2921558320522308,0.0007754227262921,32,8901.0,589626625429610496,583374272,116574336,8,0.0007754227262921,291635200.0,2.947801913449912e+17,4450.0,2.1495620388672,2.170043051340541,bin_0
config_838,576,22,6,0.1472525745630264,0.9792854189872742,0.9204189777374268,0.2921558320522308,0.0007754227262921,32,8901.0,589626625429610496,583374272,116574336,8,2.982395101124025e-07,583270400.0,5.896266254296105e+17,8901.0,1.8905081042500795,1.909231624583729,bin_0
config_840,1088,22,4,0.0020387859549373,0.97098046541214,0.940375566482544,0.0034932375419884,0.0006626968388445,64,57708.0,21671089362005852160,7563971072,379513984,8,0.0006626968388445,1592524800.0,4.570576499358377e+18,12171.0,1.681501296074664,1.6977049079879385,bin_2
config_840,1088,22,4,0.0020387859549373,0.97098046541214,0.940375566482544,0.0034932375419884,0.0006626968388445,64,57708.0,21671089362005852160,7563971072,379513984,8,0.0006626968388445,3191603200.0,9.141152998716754e+18,24342.0,1.6001621038405622,1.6158474723628309,bin_2
config_840,1088,22,4,0.0020387859549373,0.97098046541214,0.940375566482544,0.0034932375419884,0.0006626968388445,64,57708.0,21671089362005852160,7563971072,379513984,8,0.0006626968388445,4784128000.0,1.371210502814656e+19,36514.0,1.564195280915401,1.577101191849005,bin_2
config_840,1088,22,4,0.0020387859549373,0.97098046541214,0.940375566482544,0.0034932375419884,0.0006626968388445,64,57708.0,21671089362005852160,7563971072,379513984,8,0.0006626968388445,6383206400.0,1.8282681527504937e+19,48685.0,1.539100362863697,1.5514459384855677,bin_2
config_840,1088,22,4,0.0020387859549373,0.97098046541214,0.940375566482544,0.0034932375419884,0.0006626968388445,64,57708.0,21671089362005852160,7563971072,379513984,8,2.637599358585338e-05,7562854400.0,2.167108936200585e+19,57708.0,1.509401080412943,1.5214134978466347,bin_2
config_841,512,11,16,0.0013286373578011,0.9725388884544371,0.903359353542328,0.143650621175766,0.0009350774926133,64,30888.0,2096283109051072512,4048578304,63240192,16,0.0009350774926133,1592524800.0,8.260120992055363e+17,12171.0,1.809113170123491,1.828966956646716,bin_1
config_841,512,11,16,0.0013286373578011,0.9725388884544371,0.903359353542328,0.143650621175766,0.0009350774926133,64,30888.0,2096283109051072512,4048578304,63240192,16,0.0009350774926133,3191603200.0,1.6520241984110725e+18,24342.0,1.7442792171728416,1.763597405582178,bin_1
config_841,512,11,16,0.0013286373578011,0.9725388884544371,0.903359353542328,0.143650621175766,0.0009350774926133,64,30888.0,2096283109051072512,4048578304,63240192,16,8.00832650874625e-06,4043571200.0,2.0962831090510725e+18,30888.0,1.6728197023516795,1.6910298590972774,bin_1
config_842,384,9,16,0.0203765053302049,0.9526320099830629,0.9050393104553224,0.2097041606903076,6.883643072796986e-05,64,9954.0,386613557087404032,1304697216,35238912,16,6.883643072796986e-05,655360000.0,1.93306778543702e+17,4977.0,2.362728654791097,2.386754527365575,bin_0
config_842,384,9,16,0.0203765053302049,0.9526320099830629,0.9050393104553224,0.2097041606903076,6.883643072796986e-05,64,9954.0,386613557087404032,1304697216,35238912,16,1.3193374360895196e-07,1304166400.0,3.86613557087404e+17,9954.0,2.1275057616390165,2.149924394693531,bin_0
config_843,896,23,16,0.0358148403465747,0.8371454477310181,0.9861075282096864,0.1108349934220314,2.6157154934480783e-05,64,26201.0,7450776239602139136,3434293248,277218816,8,2.6157154934480783e-05,1592524800.0,3.4610662803785216e+18,12171.0,1.9471252040003169,1.967178545174052,bin_2
config_843,896,23,16,0.0358148403465747,0.8371454477310181,0.9861075282096864,0.1108349934220314,2.6157154934480783e-05,64,26201.0,7450776239602139136,3434293248,277218816,8,1.6678227276515308e-05,3191603200.0,6.922132560757043e+18,24342.0,1.7759211321736943,1.7952853064263454,bin_2
config_843,896,23,16,0.0358148403465747,0.8371454477310181,0.9861075282096864,0.1108349934220314,2.6157154934480783e-05,64,26201.0,7450776239602139136,3434293248,277218816,8,9.010387507571709e-09,3434086400.0,7.450776239602139e+18,26201.0,1.7527804539829004,1.7717947443782307,bin_2
config_844,320,10,10,0.0021625608205795,0.9166408181190492,0.9787253141403198,0.1275638937950134,3.080590977333486e-05,128,44323.0,3006262868781957120,11619150848,30021760,16,3.080590977333486e-05,1599078400.0,4.12790556131286e+17,6086.0,2.6676439649550643,2.6962801783983825,bin_1
config_844,320,10,10,0.0021625608205795,0.9166408181190492,0.9787253141403198,0.1275638937950134,3.080590977333486e-05,128,44323.0,3006262868781957120,11619150848,30021760,16,3.080590977333486e-05,3185049600.0,8.255132860127969e+17,12171.0,2.3000497946973706,2.324454918923925,bin_1
config_844,320,10,10,0.0021625608205795,0.9166408181190492,0.9787253141403198,0.1275638937950134,3.080590977333486e-05,128,44323.0,3006262868781957120,11619150848,30021760,16,3.080590977333486e-05,4784128000.0,1.238303842144083e+18,18257.0,2.148243959888083,2.170715235960288,bin_1
config_844,320,10,10,0.0021625608205795,0.9166408181190492,0.9787253141403198,0.1275638937950134,3.080590977333486e-05,128,44323.0,3006262868781957120,11619150848,30021760,16,3.080590977333486e-05,6383206400.0,1.651026572025594e+18,24342.0,2.064403253422409,2.086420733186065,bin_1
config_844,320,10,10,0.0021625608205795,0.9166408181190492,0.9787253141403198,0.1275638937950134,3.080590977333486e-05,128,44323.0,3006262868781957120,11619150848,30021760,16,3.080590977333486e-05,7982284800.0,2.06381712815688e+18,30428.0,2.0105689582277515,2.0322196003648103,bin_1
config_844,320,10,10,0.0021625608205795,0.9166408181190492,0.9787253141403198,0.1275638937950134,3.080590977333486e-05,128,44323.0,3006262868781957120,11619150848,30021760,16,3.080590977333486e-05,9568256000.0,2.476607684288166e+18,36514.0,1.972979064534922,1.9944681398985813,bin_1
config_844,320,10,10,0.0021625608205795,0.9166408181190492,0.9787253141403198,0.1275638937950134,3.080590977333486e-05,128,44323.0,3006262868781957120,11619150848,30021760,16,9.387793162266707e-06,11167334400.0,2.889330414169677e+18,42599.0,1.941030752971524,1.9617801222254017,bin_1
config_844,320,10,10,0.0021625608205795,0.9166408181190492,0.9787253141403198,0.1275638937950134,3.080590977333486e-05,128,44323.0,3006262868781957120,11619150848,30021760,16,1.2531586925835117e-07,11612979200.0,3.006262868781957e+18,44323.0,1.9355745994458435,1.9561212363790288,bin_1
config_845,320,12,16,0.0012124730274081,0.8600640892982483,0.9920790195465088,0.2238373756408691,7.517202902818099e-05,32,3347.0,63882088039710720,219395072,32808320,16,7.517202902818099e-05,108134400.0,3.1931500833712588e+16,1673.0,2.945536753857722,2.976247857984949,bin_0
config_845,320,12,16,0.0012124730274081,0.8600640892982483,0.9920790195465088,0.2238373756408691,7.517202902818099e-05,32,3347.0,63882088039710720,219395072,32808320,16,4.717069912315767e-06,216268800.0,6.388208803971072e+16,3347.0,2.70083833616288,2.729209412199552,bin_0
config_847,960,9,16,0.0333090536296367,0.8141725063323975,0.9224276542663574,0.1226493939757347,0.0002434099296806,64,36254.0,5222962898719211520,4751910912,147816960,16,0.0002434099296806,1592524800.0,1.7534253169391386e+18,12171.0,1.7826173232813352,1.8007710957136311,bin_1
config_847,960,9,16,0.0333090536296367,0.8141725063323975,0.9224276542663574,0.1226493939757347,0.0002434099296806,64,36254.0,5222962898719211520,4751910912,147816960,16,0.0002434099296806,3191603200.0,3.506850633878277e+18,24342.0,1.7071402077987543,1.7247822002504694,bin_1
config_847,960,9,16,0.0333090536296367,0.8141725063323975,0.9224276542663574,0.1226493939757347,0.0002434099296806,64,36254.0,5222962898719211520,4751910912,147816960,16,2.189922894113008e-07,4751360000.0,5.222962898719212e+18,36254.0,1.620474799148372,1.6357186545309472,bin_1
config_848,832,24,4,0.0015991409309208,0.9802007079124452,0.9915732145309448,0.2937045395374298,0.0005232234252616,64,18043.0,4655583975076429824,2364980992,246343552,8,0.0005232234252616,1592524800.0,3.140448515249971e+18,12171.0,1.694859520275085,1.7129026685777258,bin_1
config_848,832,24,4,0.0015991409309208,0.9802007079124452,0.9915732145309448,0.2937045395374298,0.0005232234252616,64,18043.0,4655583975076429824,2364980992,246343552,8,4.245821341055333e-06,2359296000.0,4.65558397507643e+18,18043.0,1.6038808503111854,1.6204436226750984,bin_1
config_849,768,16,16,0.0510908588767051,0.8278485536575317,0.9185489416122437,0.0603499375283718,0.0038360538892447,64,15367.0,2443599380668022784,2014270592,151884288,8,0.0038360538892447,1592524800.0,1.935384138876196e+18,12171.0,3.1284728974983342,3.156971046690081,bin_1
config_849,768,16,16,0.0510908588767051,0.8278485536575317,0.9185489416122437,0.0603499375283718,0.0038360538892447,64,15367.0,2443599380668022784,2014270592,151884288,8,7.034834532595666e-05,2011955200.0,2.443599380668023e+18,15367.0,2.8538008470613447,2.883936746589473,bin_1
config_85,1088,19,16,0.0023166886530816,0.9207138419151306,0.9767449498176576,0.0402879975736141,0.0001373999693896,32,12054.0,1990084255211372544,789995136,335221504,8,0.0001373999693896,396492800.0,9.950421276056864e+17,6027.0,1.9325506562873969,1.9522464806330009,bin_1
config_85,1088,19,16,0.0023166886530816,0.9207138419151306,0.9767449498176576,0.0402879975736141,0.0001373999693896,32,12054.0,1990084255211372544,789995136,335221504,8,1.1331956238322686e-06,789708800.0,1.9900842552113723e+18,12054.0,1.7644974028673328,1.783175219649174,bin_1
config_851,384,9,12,0.0109363188967108,0.9020748138427734,0.9194850325584412,0.1008998602628707,0.0089497957378625,128,55614.0,4320093402719059968,14578934784,35238912,16,0.0089497957378625,1599078400.0,4.727602482998561e+17,6086.0,1.8596488424989044,1.879346848589475,bin_1
config_851,384,9,12,0.0109363188967108,0.9020748138427734,0.9194850325584412,0.1008998602628707,0.0089497957378625,128,55614.0,4320093402719059968,14578934784,35238912,16,0.0089497957378625,3185049600.0,9.454428166377832e+17,12171.0,1.8147904084940425,1.8339329810220688,bin_1
config_851,384,9,12,0.0109363188967108,0.9020748138427734,0.9194850325584412,0.1008998602628707,0.0089497957378625,128,55614.0,4320093402719059968,14578934784,35238912,16,0.0089497957378625,4784128000.0,1.4182030649376394e+18,18257.0,1.7998666407241195,1.817714366834672,bin_1
config_851,384,9,12,0.0109363188967108,0.9020748138427734,0.9194850325584412,0.1008998602628707,0.0089497957378625,128,55614.0,4320093402719059968,14578934784,35238912,16,0.0089497957378625,6383206400.0,1.8908856332755663e+18,24342.0,1.79145833273403,1.8091127394457327,bin_1
config_851,384,9,12,0.0109363188967108,0.9020748138427734,0.9194850325584412,0.1008998602628707,0.0089497957378625,128,55614.0,4320093402719059968,14578934784,35238912,16,0.0089497957378625,7982284800.0,2.363645881575423e+18,30428.0,1.7869716160414648,1.8043168137894303,bin_1
config_851,384,9,12,0.0109363188967108,0.9020748138427734,0.9194850325584412,0.1008998602628707,0.0089497957378625,128,55614.0,4320093402719059968,14578934784,35238912,16,0.0089497957378625,9568256000.0,2.836406129875279e+18,36514.0,1.7818972421474144,1.7992292982632996,bin_1
config_851,384,9,12,0.0109363188967108,0.9020748138427734,0.9194850325584412,0.1008998602628707,0.0089497957378625,128,55614.0,4320093402719059968,14578934784,35238912,16,0.0089497957378625,11167334400.0,3.309088698213206e+18,42599.0,1.7777570371158788,1.7952196696156362,bin_1
config_851,384,9,12,0.0109363188967108,0.9020748138427734,0.9194850325584412,0.1008998602628707,0.0089497957378625,128,55614.0,4320093402719059968,14578934784,35238912,16,0.0089497957378625,12766412800.0,3.781848946513062e+18,48685.0,1.775135968005071,1.7924007577192589,bin_1
config_851,384,9,12,0.0109363188967108,0.9020748138427734,0.9194850325584412,0.1008998602628707,0.0089497957378625,128,55614.0,4320093402719059968,14578934784,35238912,16,0.0013781186094302,14352384000.0,4.254531514850989e+18,54770.0,1.6984163565323,1.7137736626922109,bin_1
config_851,384,9,12,0.0109363188967108,0.9020748138427734,0.9194850325584412,0.1008998602628707,0.0089497957378625,128,55614.0,4320093402719059968,14578934784,35238912,16,2.2330625615768485e-05,14575206400.0,4.32009340271906e+18,55614.0,1.6862250605567557,1.700853389403859,bin_1
config_852,1088,24,16,0.0212449170649051,0.9648943543434144,0.9210118651390076,0.1633742451667785,0.0034211166203022,32,14243.0,2889629633331191808,933444672,409042304,8,0.0034211166203022,465305600.0,1.4447133763218012e+18,7121.0,3.372034552644511,3.4067160887796373,bin_1
config_852,1088,24,16,0.0212449170649051,0.9648943543434144,0.9210118651390076,0.1633742451667785,0.0034211166203022,32,14243.0,2889629633331191808,933444672,409042304,8,6.324506219819231e-05,930611200.0,2.889629633331192e+18,14243.0,3.2309147040961217,3.26389797699256,bin_1
config_853,640,16,20,0.0465304031968116,0.8444250226020813,0.9500477910041808,0.297003298997879,0.0001615055080037,32,13540.0,827351490741780480,887421248,113463040,8,0.0001615055080037,442368000.0,4.1367574537089024e+17,6770.0,2.0185077202124675,2.0403173824411924,bin_0
config_853,640,16,20,0.0465304031968116,0.8444250226020813,0.9500477910041808,0.297003298997879,0.0001615055080037,32,13540.0,827351490741780480,887421248,113463040,8,1.6066203233400288e-06,884736000.0,8.273514907417805e+17,13540.0,1.8480777530982848,1.8683971668266857,bin_0
config_854,704,10,16,0.0731623247265815,0.9298010468482972,0.973181962966919,0.2365819960832595,0.0013975796755403,64,17934.0,1795624452135714816,2350738432,98488192,16,0.0013975796755403,1592524800.0,1.218609635716727e+18,12171.0,1.7665959458272966,1.785467174561297,bin_1
config_854,704,10,16,0.0731623247265815,0.9298010468482972,0.973181962966919,0.2365819960832595,0.0013975796755403,64,17934.0,1795624452135714816,2350738432,98488192,16,1.1201723000558907e-05,2346188800.0,1.7956244521357148e+18,17934.0,1.6464904118365928,1.6640594385881893,bin_1
config_855,1024,6,8,0.1707313656806945,0.9028749465942384,0.9145928025245668,0.0693457648158073,0.0038594743236899,128,50221.0,12142644675490086912,13165343744,128567296,16,0.0038594743236899,1599078400.0,1.471498685709816e+18,6086.0,1.8349905352514295,1.854117420110546,bin_2
config_855,1024,6,8,0.1707313656806945,0.9028749465942384,0.9145928025245668,0.0693457648158073,0.0038594743236899,128,50221.0,12142644675490086912,13165343744,128567296,16,0.0038594743236899,3185049600.0,2.942755587212318e+18,12171.0,1.805781132432281,1.8250471230803944,bin_2
config_855,1024,6,8,0.1707313656806945,0.9028749465942384,0.9145928025245668,0.0693457648158073,0.0038594743236899,128,50221.0,12142644675490086912,13165343744,128567296,16,0.0038594743236899,4784128000.0,4.414254272922135e+18,18257.0,1.7966798345769035,1.81382527667968,bin_2
config_855,1024,6,8,0.1707313656806945,0.9028749465942384,0.9145928025245668,0.0693457648158073,0.0038594743236899,128,50221.0,12142644675490086912,13165343744,128567296,16,0.0038594743236899,6383206400.0,5.885511174424636e+18,24342.0,1.789865830999906,1.8074516285442916,bin_2
config_855,1024,6,8,0.1707313656806945,0.9028749465942384,0.9145928025245668,0.0693457648158073,0.0038594743236899,128,50221.0,12142644675490086912,13165343744,128567296,16,0.0038594743236899,7982284800.0,7.357009860134452e+18,30428.0,1.7868192192374683,1.8046425767413905,bin_2
config_855,1024,6,8,0.1707313656806945,0.9028749465942384,0.9145928025245668,0.0693457648158073,0.0038594743236899,128,50221.0,12142644675490086912,13165343744,128567296,16,0.0038594743236899,9568256000.0,8.828508545844269e+18,36514.0,1.7839894178265432,1.8011287762297958,bin_2
config_855,1024,6,8,0.1707313656806945,0.9028749465942384,0.9145928025245668,0.0693457648158073,0.0038594743236899,128,50221.0,12142644675490086912,13165343744,128567296,16,0.0038594743236899,11167334400.0,1.029976544734677e+19,42599.0,1.7816151476297222,1.79835373831577,bin_2
config_855,1024,6,8,0.1707313656806945,0.9028749465942384,0.9145928025245668,0.0693457648158073,0.0038594743236899,128,50221.0,12142644675490086912,13165343744,128567296,16,0.0016858875492051,12766412800.0,1.1771264133056588e+19,48685.0,1.690622513411475,1.7061784857609232,bin_2
config_855,1024,6,8,0.1707313656806945,0.9028749465942384,0.9145928025245668,0.0693457648158073,0.0038594743236899,128,50221.0,12142644675490086912,13165343744,128567296,16,2.327655393379903e-05,13159628800.0,1.2142644675490089e+19,50221.0,1.6020807963511985,1.6159022484841894,bin_2
config_856,896,15,8,0.0048650568351149,0.9370373487472534,0.9939780831336976,0.1089411750435829,0.0016930588753893,32,4818.0,476531280149299200,315809600,196464128,8,0.0016930588753893,157286400.0,2.382656400746496e+17,2409.0,3.1554563430879936,3.1860002407089607,bin_0
config_856,896,15,8,0.0048650568351149,0.9370373487472534,0.9939780831336976,0.1089411750435829,0.0016930588753893,32,4818.0,476531280149299200,315809600,196464128,8,5.815851098665858e-05,314572800.0,4.765312801492992e+17,4818.0,3.058411717102176,3.0907719897833026,bin_0
config_857,576,4,6,0.0086079770699143,0.9116896390914916,0.9387863874435424,0.1329070925712585,0.0034279897809028,64,15997.0,683441509315166208,2096884352,44889984,16,0.0034279897809028,1592524800.0,5.199829099127892e+17,12171.0,1.8731394336262688,1.8931034593894835,bin_0
config_857,576,4,6,0.0086079770699143,0.9116896390914916,0.9387863874435424,0.1329070925712585,0.0034279897809028,64,15997.0,683441509315166208,2096884352,44889984,16,7.578340531629079e-05,2090598400.0,6.834415093151662e+17,15997.0,1.790793927497551,1.8102237840167807,bin_0
config_859,1088,7,8,0.0023740928154438,0.951324999332428,0.903632879257202,0.2893902063369751,0.0033874597866088,32,5697.0,423919561465958400,373371616,158051584,16,0.0033874597866088,186777600.0,2.1192257522468835e+17,2848.0,3.285622643095548,3.3193125198708207,bin_0
config_859,1088,7,8,0.0023740928154438,0.951324999332428,0.903632879257202,0.2893902063369751,0.0033874597866088,32,5697.0,423919561465958400,373371616,158051584,16,9.660837983653784e-05,370278400.0,4.239195614659584e+17,5697.0,3.1184864208346506,3.151349335498497,bin_0
config_86,576,16,24,0.0019819978624582,0.8605764508247375,0.942360818386078,0.1421839296817779,0.0001457703765481,64,19297.0,1979096174226800640,2529339648,92679552,16,0.0001457703765481,1592524800.0,1.2482551451787528e+18,12171.0,1.8461316648858488,1.8666096053748835,bin_1
config_86,576,16,24,0.0019819978624582,0.8605764508247375,0.942360818386078,0.1421839296817779,0.0001457703765481,64,19297.0,1979096174226800640,2529339648,92679552,16,2.497706050952987e-06,2523136000.0,1.979096174226801e+18,19297.0,1.7489200839058296,1.7681808529134655,bin_1
config_860,576,8,8,0.0093509536236524,0.8292416334152222,0.9053974151611328,0.287584900856018,0.0038485508412122,64,18686.0,1171044095061786624,2449337344,60819840,16,0.0038485508412122,1592524800.0,7.627516686822758e+17,12171.0,1.8461330823038444,1.8647057134597027,bin_1
config_860,576,8,8,0.0093509536236524,0.8292416334152222,0.9053974151611328,0.287584900856018,0.0038485508412122,64,18686.0,1171044095061786624,2449337344,60819840,16,2.5785935284504315e-05,2444492800.0,1.1710440950617866e+18,18686.0,1.734342155964648,1.7517716950666709,bin_1
config_861,1088,13,4,0.0014710819814354,0.8107132911682129,0.9133807420730592,0.0282490793615579,0.0017481237882748,32,5879.0,704082420870893568,385324384,246636544,8,0.0017481237882748,193331200.0,3.5198132929742406e+17,2939.0,3.0186622762680053,3.048006862343335,bin_0
config_861,1088,13,4,0.0014710819814354,0.8107132911682129,0.9133807420730592,0.0282490793615579,0.0017481237882748,32,5879.0,704082420870893568,385324384,246636544,8,0.0003053951196383,383385600.0,7.040824208708936e+17,5879.0,2.81783802993962,2.848097199377466,bin_0
config_864,576,23,18,0.0098810363560915,0.91548353433609,0.9719234704971312,0.066335804760456,0.0001367154618492,64,9264.0,1273560715963219968,1214347648,120556800,8,0.0001367154618492,609484800.0,6.3678035798161e+17,4632.0,1.994807494800599,2.0155262253909814,bin_1
config_864,576,23,18,0.0098810363560915,0.91548353433609,0.9719234704971312,0.066335804760456,0.0001367154618492,64,9264.0,1273560715963219968,1214347648,120556800,8,3.117290661057469e-06,1212416000.0,1.27356071596322e+18,9264.0,1.81885901881046,1.83776166007167,bin_1
config_865,448,20,16,0.018082171678543,0.8735572099685669,0.9880908131599426,0.1393782943487167,2.6283081751898862e-05,32,6520.0,281247753894567936,427349056,73005184,16,2.6283081751898862e-05,212992000.0,1.4062387694728397e+17,3260.0,2.8980579065104,2.928208221529351,bin_0
config_865,448,20,16,0.018082171678543,0.8735572099685669,0.9880908131599426,0.1393782943487167,2.6283081751898862e-05,32,6520.0,281247753894567936,427349056,73005184,16,5.789225055484355e-07,425984000.0,2.8124775389456797e+17,6520.0,2.648440812923869,2.676682050501714,bin_0
config_866,1152,4,18,0.0060122343711555,0.951362133026123,0.9612060189247132,0.0362669713795185,0.0003250472655054,32,6647.0,367241810854330368,435653952,121630464,16,0.0003250472655054,216268800.0,1.8359328079869712e+17,3323.0,2.0728251033532814,2.0933111973668708,bin_0
config_866,1152,4,18,0.0060122343711555,0.951362133026123,0.9612060189247132,0.0362669713795185,0.0003250472655054,32,6647.0,367241810854330368,435653952,121630464,16,6.33909604927579e-05,432537600.0,3.672418108543304e+17,6647.0,1.904088991157344,1.9244107339812109,bin_0
config_867,384,6,6,0.01390993129462,0.8789227604866028,0.9746220707893372,0.2909203767776489,1.8881230062106624e-05,64,76075.0,2354860983967285248,9971366912,29928192,16,1.8881230062106624e-05,1592524800.0,3.767468029689889e+17,12171.0,2.6109782158742187,2.638325306001257,bin_1
config_867,384,6,6,0.01390993129462,0.8789227604866028,0.9746220707893372,0.2909203767776489,1.8881230062106624e-05,64,76075.0,2354860983967285248,9971366912,29928192,16,1.8881230062106624e-05,3191603200.0,7.534936059379779e+17,24342.0,2.26678789295134,2.290247398673511,bin_1
config_867,384,6,6,0.01390993129462,0.8789227604866028,0.9746220707893372,0.2909203767776489,1.8881230062106624e-05,64,76075.0,2354860983967285248,9971366912,29928192,16,1.8881230062106624e-05,4784128000.0,1.1302713633727434e+18,36514.0,2.1371015708172907,2.159279797546199,bin_1
config_867,384,6,6,0.01390993129462,0.8789227604866028,0.9746220707893372,0.2909203767776489,1.8881230062106624e-05,64,76075.0,2354860983967285248,9971366912,29928192,16,1.8881230062106624e-05,6383206400.0,1.507018166341732e+18,48685.0,2.0666144324130697,2.088297186992208,bin_1
config_867,384,6,6,0.01390993129462,0.8789227604866028,0.9746220707893372,0.2909203767776489,1.8881230062106624e-05,64,76075.0,2354860983967285248,9971366912,29928192,16,1.2989323920996492e-05,7975731200.0,1.883764969310721e+18,60856.0,2.019604576689298,2.0408367755764822,bin_1
config_867,384,6,6,0.01390993129462,0.8789227604866028,0.9746220707893372,0.2909203767776489,1.8881230062106624e-05,64,76075.0,2354860983967285248,9971366912,29928192,16,2.5808016329073484e-06,9574809600.0,2.26051177227971e+18,73027.0,1.9953464013240376,2.017391355350369,bin_1
config_867,384,6,6,0.01390993129462,0.8789227604866028,0.9746220707893372,0.2909203767776489,1.8881230062106624e-05,64,76075.0,2354860983967285248,9971366912,29928192,16,2.1328939114934915e-08,9968025600.0,2.354860983967285e+18,76075.0,1.9931190266765533,2.015173761297445,bin_1
config_868,768,7,8,0.0144213484600186,0.8548960089683533,0.952092707157135,0.0550985820591449,3.700056186062284e-05,64,8749.0,758154744114905088,1146862976,88169472,16,3.700056186062284e-05,570163200.0,3.7903404397743686e+17,4374.0,2.309312054172891,2.3329243511450097,bin_0
config_868,768,7,8,0.0144213484600186,0.8548960089683533,0.952092707157135,0.0550985820591449,3.700056186062284e-05,64,8749.0,758154744114905088,1146862976,88169472,16,3.761467906992781e-06,1140326400.0,7.581547441149051e+17,8749.0,2.072852340721693,2.09452044514359,bin_0
config_869,1024,21,8,0.0781054496765136,0.956398069858551,0.940690577030182,0.0893575847148895,0.0029948272276669,32,6968.0,1121561654338584576,456687712,321273856,8,0.0029948272276669,229376000.0,5.607808271692923e+17,3484.0,3.5299308286338555,3.5626504411853728,bin_1
config_869,1024,21,8,0.0781054496765136,0.956398069858551,0.940690577030182,0.0893575847148895,0.0029948272276669,32,6968.0,1121561654338584576,456687712,321273856,8,8.666702588103767e-05,455475200.0,1.1215616543385846e+18,6968.0,3.233012682492616,3.26657555111119,bin_1
config_870,640,21,20,0.0102093312889337,0.9492047429084778,0.9986361861228944,0.0057712197303771,1.9489523765514605e-05,64,73484.0,11204827394451701760,9631732736,138864640,8,1.9489523765514605e-05,1592524800.0,1.855831939168685e+18,12171.0,2.17531255208078,2.1981965128124736,bin_2
config_870,640,21,20,0.0102093312889337,0.9492047429084778,0.9986361861228944,0.0057712197303771,1.9489523765514605e-05,64,73484.0,11204827394451701760,9631732736,138864640,8,1.9489523765514605e-05,3191603200.0,3.71166387833737e+18,24342.0,1.9469506983288,1.967866008828898,bin_2
config_870,640,21,20,0.0102093312889337,0.9492047429084778,0.9986361861228944,0.0057712197303771,1.9489523765514605e-05,64,73484.0,11204827394451701760,9631732736,138864640,8,1.9489523765514605e-05,4784128000.0,5.56764829733016e+18,36514.0,1.853147211876072,1.87274674755628,bin_2
config_870,640,21,20,0.0102093312889337,0.9492047429084778,0.9986361861228944,0.0057712197303771,1.9489523765514605e-05,64,73484.0,11204827394451701760,9631732736,138864640,8,1.9489523765514605e-05,6383206400.0,7.423480236498845e+18,48685.0,1.7985466021006224,1.8173573385301185,bin_2
config_870,640,21,20,0.0102093312889337,0.9492047429084778,0.9986361861228944,0.0057712197303771,1.9489523765514605e-05,64,73484.0,11204827394451701760,9631732736,138864640,8,1.9489523765514605e-05,7975731200.0,9.27931217566753e+18,60856.0,1.760831914944727,1.7793802714934115,bin_2
config_870,640,21,20,0.0102093312889337,0.9492047429084778,0.9986361861228944,0.0057712197303771,1.9489523765514605e-05,64,73484.0,11204827394451701760,9631732736,138864640,8,1.9489523765514605e-05,9574809600.0,1.1135144114836214e+19,73027.0,1.731879443868262,1.7494020221858728,bin_2
config_870,640,21,20,0.0102093312889337,0.9492047429084778,0.9986361861228944,0.0057712197303771,1.9489523765514605e-05,64,73484.0,11204827394451701760,9631732736,138864640,8,1.562839169876169e-06,9627238400.0,1.1204827394451702e+19,73484.0,1.7192374762746154,1.7366047855087967,bin_2
config_872,448,9,16,0.0010718533303588,0.8219834566116333,0.9898051619529724,0.2496910989284515,2.368013338127639e-05,32,8259.0,200548811099750400,541315200,45240832,16,2.368013338127639e-05,271974400.0,1.0026226432145168e+17,4129.0,2.887700446394623,2.9180761159834314,bin_0
config_872,448,9,16,0.0010718533303588,0.8219834566116333,0.9898051619529724,0.2496910989284515,2.368013338127639e-05,32,8259.0,200548811099750400,541315200,45240832,16,1.033565472509646e-07,540672000.0,2.005488110997504e+17,8259.0,2.6724695232266287,2.7008704869473568,bin_0
config_873,768,15,8,0.1918045282363891,0.8933539986610413,0.90575510263443,0.2202924937009811,0.0001419166655978,64,39020.0,5890931393940946944,5114535424,144804864,8,0.0001419166655978,1592524800.0,1.8374814453012623e+18,12171.0,1.796321293506466,1.81574296343522,bin_2
config_873,768,15,8,0.1918045282363891,0.8933539986610413,0.90575510263443,0.2202924937009811,0.0001419166655978,64,39020.0,5890931393940946944,5114535424,144804864,8,0.0001419166655978,3191603200.0,3.674962890602525e+18,24342.0,1.7126885413732684,1.7315133869843404,bin_2
config_873,768,15,8,0.1918045282363891,0.8933539986610413,0.90575510263443,0.2202924937009811,0.0001419166655978,64,39020.0,5890931393940946944,5114535424,144804864,8,4.1609074730250526e-05,4784128000.0,5.512595308005119e+18,36514.0,1.6322818504396033,1.6483516812715373,bin_2
config_873,768,15,8,0.1918045282363891,0.8933539986610413,0.90575510263443,0.2202924937009811,0.0001419166655978,64,39020.0,5890931393940946944,5114535424,144804864,8,3.30230751827387e-07,5111808000.0,5.890931393940947e+18,39020.0,1.6136334458335502,1.6297224962515908,bin_2
config_874,768,20,8,0.0011348294792696,0.8252977132797241,0.9951355457305908,0.2292419970035553,0.0005273807328194,32,6970.0,666232399649636352,456789632,180201984,8,0.0005273807328194,229376000.0,3.331161998248182e+17,3485.0,2.003794597934504,2.0240664048273054,bin_0
config_874,768,20,8,0.0011348294792696,0.8252977132797241,0.9951355457305908,0.2292419970035553,0.0005273807328194,32,6970.0,666232399649636352,456789632,180201984,8,6.604642865615999e-06,455475200.0,6.662323996496364e+17,6970.0,1.8075695155292264,1.8266618093897085,bin_0
config_875,576,22,8,0.038614559918642,0.8510879874229431,0.9668638110160828,0.297942578792572,0.0098574915900826,32,3582.0,237324101733992448,234807536,116574336,8,0.0098574915900826,117964800.0,1.1866205086699622e+17,1791.0,3.5175009538306563,3.548914903304616,bin_0
config_875,576,22,8,0.038614559918642,0.8510879874229431,0.9668638110160828,0.297942578792572,0.0098574915900826,32,3582.0,237324101733992448,234807536,116574336,8,0.0002956323625891,232652800.0,2.3732410173399245e+17,3582.0,3.397214334441013,3.4318876271951395,bin_0
config_876,1024,18,8,0.0215088278055191,0.8779408931732178,0.9353488683700562,0.1661483198404312,0.0002625170745886,32,3142.0,442603948513886208,205943456,282732544,8,0.0002625170745886,101580800.0,2.213019742569431e+17,1571.0,2.2496442484269377,2.272674504323084,bin_0
config_876,1024,18,8,0.0215088278055191,0.8779408931732178,0.9353488683700562,0.1661483198404312,0.0002625170745886,32,3142.0,442603948513886208,205943456,282732544,8,2.1122063472652907e-05,203161600.0,4.426039485138862e+17,3142.0,1.998281978368759,2.018467049755034,bin_0
config_878,704,12,22,0.0025232422631233,0.8510705232620239,0.979032039642334,0.2733150124549866,9.028147906064989e-05,64,9238.0,1058488388541923328,1210873728,111106688,16,9.028147906064989e-05,602931200.0,5.2924419427096166e+17,4619.0,2.075907240969236,2.0973884222937413,bin_1
config_878,704,12,22,0.0025232422631233,0.8510705232620239,0.979032039642334,0.2733150124549866,9.028147906064989e-05,64,9238.0,1058488388541923328,1210873728,111106688,16,1.3592298749226164e-06,1205862400.0,1.0584883885419232e+18,9238.0,1.8895889309195224,1.9101619222125068,bin_1
config_879,896,22,14,0.0025994658935815,0.8356790542602539,0.9844968318939208,0.0861042961478233,0.0001617789675947,64,69756.0,19081140997767561216,9143088128,267124480,8,0.0001617789675947,1592524800.0,3.329270128502623e+18,12171.0,1.7391747313835582,1.7567620001855444,bin_2
config_879,896,22,14,0.0025994658935815,0.8356790542602539,0.9844968318939208,0.0861042961478233,0.0001617789675947,64,69756.0,19081140997767561216,9143088128,267124480,8,0.0001617789675947,3191603200.0,6.658540257005246e+18,24342.0,1.6292066630574524,1.6468252686008078,bin_2
config_879,896,22,14,0.0025994658935815,0.8356790542602539,0.9844968318939208,0.0861042961478233,0.0001617789675947,64,69756.0,19081140997767561216,9143088128,267124480,8,0.0001617789675947,4784128000.0,9.98808392672293e+18,36514.0,1.5831402017835712,1.598594731131538,bin_2
config_879,896,22,14,0.0025994658935815,0.8356790542602539,0.9844968318939208,0.0861042961478233,0.0001617789675947,64,69756.0,19081140997767561216,9143088128,267124480,8,0.0001617789675947,6383206400.0,1.3317354055225557e+19,48685.0,1.5540803126819798,1.5692783733274116,bin_2
config_879,896,22,14,0.0025994658935815,0.8356790542602539,0.9844968318939208,0.0861042961478233,0.0001617789675947,64,69756.0,19081140997767561216,9143088128,267124480,8,0.0001617789675947,7975731200.0,1.6646624183728175e+19,60856.0,1.5343159588438566,1.549187949739519,bin_2
config_879,896,22,14,0.0025994658935815,0.8356790542602539,0.9844968318939208,0.0861042961478233,0.0001617789675947,64,69756.0,19081140997767561216,9143088128,267124480,8,1.616173502444799e-07,9142272000.0,1.908114099776756e+19,69756.0,1.4859555034266143,1.501834123173698,bin_2
config_88,512,10,16,0.0227896273136138,0.9267362356185912,0.9543328285217284,0.0474278777837753,0.0012014850508421,64,15425.0,980105720935219200,2021868800,59831296,16,0.0012014850508421,1592524800.0,7.733463033713162e+17,12171.0,1.7994191931114822,1.8184206856274212,bin_0
config_88,512,10,16,0.0227896273136138,0.9267362356185912,0.9543328285217284,0.0474278777837753,0.0012014850508421,64,15425.0,980105720935219200,2021868800,59831296,16,4.109046001512205e-05,2018508800.0,9.801057209352192e+17,15425.0,1.7292814887156251,1.7474100816445273,bin_0
config_880,704,6,16,0.0063744946382939,0.8609716296195984,0.9564546942710876,0.1879262775182724,1.858719224401284e-05,32,8773.0,312355992526921728,574964544,73251200,16,1.858719224401284e-05,288358400.0,1.5616019414374544e+17,4386.0,2.793790587206356,2.822655415534973,bin_0
config_880,704,6,16,0.0063744946382939,0.8609716296195984,0.9564546942710876,0.1879262775182724,1.858719224401284e-05,32,8773.0,312355992526921728,574964544,73251200,16,2.594086296191136e-07,573440000.0,3.123559925269217e+17,8773.0,2.5748035041621478,2.602045215465983,bin_0
config_881,576,11,12,0.0033680771011859,0.8331535458564758,0.933527946472168,0.1520596593618393,0.0009258997743017,32,3287.0,127616621755668480,215482192,72767232,16,0.0009258997743017,108134400.0,6.37888985532593e+16,1643.0,2.286698211646471,2.3091262033337454,bin_0
config_881,576,11,12,0.0033680771011859,0.8331535458564758,0.933527946472168,0.1520596593618393,0.0009258997743017,32,3287.0,127616621755668480,215482192,72767232,16,6.865389108049401e-05,212992000.0,1.2761662175566848e+17,3287.0,2.044455485578444,2.0641739854265437,bin_0
config_882,768,16,24,0.0010520544601604,0.84965580701828,0.9379945993423462,0.2372069805860519,0.0001265883183805,32,14850.0,1180651646797479936,973216768,151884288,8,0.0001265883183805,484966400.0,5.9032582339874e+17,7425.0,2.0135617535231543,2.035504549096842,bin_1
config_882,768,16,24,0.0010520544601604,0.84965580701828,0.9379945993423462,0.2372069805860519,0.0001265883183805,32,14850.0,1180651646797479936,973216768,151884288,8,0.0,973209600.0,1.18065164679748e+18,14850.0,1.8420094098614863,1.8619986787780387,bin_1
config_885,512,9,4,0.0037863254547119,0.8964377641677856,0.9922852516174316,0.2600913643836975,0.0001835050061345,32,11709.0,346662979783557120,767425088,56422400,16,0.0001835050061345,383385600.0,1.7331668662165373e+17,5854.0,2.0233297326134854,2.0448805078522105,bin_0
config_885,512,9,4,0.0037863254547119,0.8964377641677856,0.9922852516174316,0.2600913643836975,0.0001835050061345,32,11709.0,346662979783557120,767425088,56422400,16,5.423793284763947e-07,766771200.0,3.466629797835571e+17,11709.0,1.870740536705392,1.8908758013365696,bin_0
config_887,768,16,12,0.0019073141738772,0.8979390263557434,0.945609986782074,0.0197198875248432,0.0004492909065447,64,25651.0,4078886608700964864,3362245632,151884288,8,0.0004492909065447,1592524800.0,1.9353681694475635e+18,12171.0,1.7390078600312844,1.7575393587643984,bin_1
config_887,768,16,12,0.0019073141738772,0.8979390263557434,0.945609986782074,0.0197198875248432,0.0004492909065447,64,25651.0,4078886608700964864,3362245632,151884288,8,0.0004492909065447,3191603200.0,3.870736338895127e+18,24342.0,1.669800805185662,1.6874107076496374,bin_1
config_887,768,16,12,0.0019073141738772,0.8979390263557434,0.945609986782074,0.0197198875248432,0.0004492909065447,64,25651.0,4078886608700964864,3362245632,151884288,8,8.896849634549989e-07,3361996800.0,4.078886608700965e+18,25651.0,1.6277535736951672,1.6451380940538938,bin_1
config_888,1152,16,18,0.0952246263623237,0.8552141189575195,0.9756662249565125,0.1590922176837921,0.0004420794430188,64,55926.0,17074803871762219008,7330371072,312761088,8,0.0004420794430188,1592524800.0,3.715936021228373e+18,12171.0,1.7032030440940231,1.7200664273441817,bin_2
config_888,1152,16,18,0.0952246263623237,0.8552141189575195,0.9756662249565125,0.1590922176837921,0.0004420794430188,64,55926.0,17074803871762219008,7330371072,312761088,8,0.0004420794430188,3191603200.0,7.431872042456745e+18,24342.0,1.629379487741189,1.6457780509698587,bin_2
config_888,1152,16,18,0.0952246263623237,0.8552141189575195,0.9756662249565125,0.1590922176837921,0.0004420794430188,64,55926.0,17074803871762219008,7330371072,312761088,8,0.0004420794430188,4784128000.0,1.114811337434334e+19,36514.0,1.5950416994290273,1.6106824964968884,bin_2
config_888,1152,16,18,0.0952246263623237,0.8552141189575195,0.9756662249565125,0.1590922176837921,0.0004420794430188,64,55926.0,17074803871762219008,7330371072,312761088,8,0.0003590497982751,6383206400.0,1.4864049395571712e+19,48685.0,1.5632499290978323,1.5779645675713898,bin_2
config_888,1152,16,18,0.0952246263623237,0.8552141189575195,0.9756662249565125,0.1590922176837921,0.0004420794430188,64,55926.0,17074803871762219008,7330371072,312761088,8,1.2919035088783891e-06,7326924800.0,1.707480387176222e+19,55926.0,1.484080533355963,1.4980069301558323,bin_2
config_890,384,6,8,0.0010404915083199,0.8796330094337463,0.9554351568222046,0.1165261417627334,0.0011129138292744,32,5399.0,83570471121715200,353868800,29928192,16,0.0011129138292744,176947200.0,4.177749612104266e+16,2699.0,2.189113081713192,2.211490394365592,bin_0
config_890,384,6,8,0.0010404915083199,0.8796330094337463,0.9554351568222046,0.1165261417627334,0.0011129138292744,32,5399.0,83570471121715200,353868800,29928192,16,8.669757970500682e-05,350617600.0,8.35704711217152e+16,5399.0,2.0033327228905726,2.0237389035693933,bin_0
config_892,384,23,16,0.1119474843144416,0.9232041835784912,0.9377447366714478,0.1761948019266128,1.8673237718758173e-05,64,30429.0,2301687631700951040,3988503040,60022272,16,1.8673237718758173e-05,1592524800.0,9.206296679296814e+17,12171.0,2.517537763705019,2.545474052976389,bin_1
config_892,384,23,16,0.1119474843144416,0.9232041835784912,0.9377447366714478,0.1761948019266128,1.8673237718758173e-05,64,30429.0,2301687631700951040,3988503040,60022272,16,1.8673237718758173e-05,3191603200.0,1.8412593358593628e+18,24342.0,2.189960247688606,2.21375756498243,bin_1
config_892,384,23,16,0.1119474843144416,0.9232041835784912,0.9377447366714478,0.1761948019266128,1.8673237718758173e-05,64,30429.0,2301687631700951040,3988503040,60022272,16,1.0101173173736153e-07,3984588800.0,2.301687631700951e+18,30429.0,2.117508944996068,2.140596796762748,bin_1
config_893,960,9,16,0.0051548168994486,0.8151542544364929,0.98431134223938,0.1887888759374618,0.000141660158988,32,5074.0,365509162939760640,332544384,147816960,16,0.000141660158988,167116800.0,1.8275458146988032e+17,2537.0,2.2334648391848706,2.2566997082507023,bin_0
config_893,960,9,16,0.0051548168994486,0.8151542544364929,0.98431134223938,0.1887888759374618,0.000141660158988,32,5074.0,365509162939760640,332544384,147816960,16,3.5526058680398565e-06,330956800.0,3.6550916293976064e+17,5074.0,1.9962454322517893,2.016540409815116,bin_0
config_894,576,15,12,0.0775407627224922,0.9708697199821472,0.9532808065414428,0.0708292573690414,0.0001747626956785,64,51220.0,4997647647556042752,6713550336,88697088,16,0.0001747626956785,1592524800.0,1.1875511424913042e+18,12171.0,1.805604642883676,1.825113730391518,bin_1
config_894,576,15,12,0.0775407627224922,0.9708697199821472,0.9532808065414428,0.0708292573690414,0.0001747626956785,64,51220.0,4997647647556042752,6713550336,88697088,16,0.0001747626956785,3191603200.0,2.3751022849826084e+18,24342.0,1.7205069400443405,1.7390776522042322,bin_1
config_894,576,15,12,0.0775407627224922,0.9708697199821472,0.9532808065414428,0.0708292573690414,0.0001747626956785,64,51220.0,4997647647556042752,6713550336,88697088,16,0.0001747626956785,4784128000.0,3.562750999665391e+18,36514.0,1.6857908085135165,1.702351956953768,bin_1
config_894,576,15,12,0.0775407627224922,0.9708697199821472,0.9532808065414428,0.0708292573690414,0.0001747626956785,64,51220.0,4997647647556042752,6713550336,88697088,16,0.0001214232128783,6383206400.0,4.750302142156696e+18,48685.0,1.6511949547392424,1.6672227925159893,bin_1
config_894,576,15,12,0.0775407627224922,0.9708697199821472,0.9532808065414428,0.0708292573690414,0.0001747626956785,64,51220.0,4997647647556042752,6713550336,88697088,16,9.636762926854654e-07,6710886400.0,4.997647647556043e+18,51220.0,1.616491024298746,1.6321419929676368,bin_1
config_895,448,23,4,0.0513821765780448,0.8010730147361755,0.9732292294502258,0.131829172372818,1.976421845029108e-05,64,49754.0,4803473174533963776,6521421312,80577280,8,1.976421845029108e-05,1592524800.0,1.1750426499829737e+18,12171.0,2.262585550546646,2.285538657610534,bin_1
config_895,448,23,4,0.0513821765780448,0.8010730147361755,0.9732292294502258,0.131829172372818,1.976421845029108e-05,64,49754.0,4803473174533963776,6521421312,80577280,8,1.976421845029108e-05,3191603200.0,2.3500852999659474e+18,24342.0,2.018487823087661,2.039961115825372,bin_1
config_895,448,23,4,0.0513821765780448,0.8010730147361755,0.9732292294502258,0.131829172372818,1.976421845029108e-05,64,49754.0,4803473174533963776,6521421312,80577280,8,1.976421845029108e-05,4784128000.0,3.525224494411166e+18,36514.0,1.9179271946578729,1.936413292318094,bin_1
config_895,448,23,4,0.0513821765780448,0.8010730147361755,0.9732292294502258,0.131829172372818,1.976421845029108e-05,64,49754.0,4803473174533963776,6521421312,80577280,8,3.176015588749321e-06,6383206400.0,4.70026714439414e+18,48685.0,1.8493476756674343,1.8662274507616388,bin_1
config_895,448,23,4,0.0513821765780448,0.8010730147361755,0.9732292294502258,0.131829172372818,1.976421845029108e-05,64,49754.0,4803473174533963776,6521421312,80577280,8,1.2053190090132018e-08,6520832000.0,4.803473174533964e+18,49754.0,1.846420170811356,1.863188413342492,bin_1
config_896,704,8,22,0.0010731528745964,0.818682074546814,0.9423227906227112,0.0285742711275815,0.0025099257472902,64,19149.0,1640388334119321600,2509933824,85869696,16,0.0025099257472902,1592524800.0,1.0426218817988544e+18,12171.0,1.7796224931810722,1.7973544983394811,bin_1
config_896,704,8,22,0.0010731528745964,0.818682074546814,0.9423227906227112,0.0285742711275815,0.0025099257472902,64,19149.0,1640388334119321600,2509933824,85869696,16,0.0002248379554245,2503475200.0,1.6403883341193216e+18,19149.0,1.695469688001226,1.712501901993986,bin_1
config_897,1152,11,18,0.0747360736131668,0.8535987138748169,0.9735894203186036,0.2486249655485153,0.0001963504910236,32,3097.0,347125316802195456,202996304,233123328,8,0.0001963504910236,101580800.0,1.7350661621239862e+17,1548.0,2.2936021598636125,2.317046211371656,bin_0
config_897,1152,11,18,0.0747360736131668,0.8535987138748169,0.9735894203186036,0.2486249655485153,0.0001963504910236,32,3097.0,347125316802195456,202996304,233123328,8,1.200061518609916e-05,199884800.0,3.4712531680219546e+17,3097.0,2.01564563964234,2.0362677251120083,bin_0
config_898,896,15,14,0.0014130017952993,0.8083404302597046,0.9866657853126526,0.1066159531474113,0.0082078613340854,64,18508.0,3660578766082473984,2425960192,196464128,8,0.0082078613340854,1592524800.0,2.407224128052182e+18,12171.0,3.1835859505465773,3.217363925996374,bin_1
config_898,896,15,14,0.0014130017952993,0.8083404302597046,0.9866657853126526,0.1066159531474113,0.0082078613340854,64,18508.0,3660578766082473984,2425960192,196464128,8,3.328073526238408e-05,2424832000.0,3.660578766082474e+18,18508.0,3.098708197757846,3.130801964626938,bin_1
config_899,320,18,10,0.0525496788322925,0.9631528854370116,0.9664860367774964,0.252927303314209,7.020381599431857e-05,128,46097.0,4694609878884679680,12084102144,41168000,16,7.020381599431857e-05,1599078400.0,6.198103070241482e+17,6086.0,2.210884545631096,2.2336211278399483,bin_1
config_899,320,18,10,0.0525496788322925,0.9631528854370116,0.9664860367774964,0.252927303314209,7.020381599431857e-05,128,46097.0,4694609878884679680,12084102144,41168000,16,7.020381599431857e-05,3185049600.0,1.2395187720655452e+18,12171.0,1.977813609154498,1.998957317461733,bin_1
config_899,320,18,10,0.0525496788322925,0.9631528854370116,0.9664860367774964,0.252927303314209,7.020381599431857e-05,128,46097.0,4694609878884679680,12084102144,41168000,16,7.020381599431857e-05,4784128000.0,1.8593290790896932e+18,18257.0,1.8940515298530705,1.914340806320065,bin_1
config_899,320,18,10,0.0525496788322925,0.9631528854370116,0.9664860367774964,0.252927303314209,7.020381599431857e-05,128,46097.0,4694609878884679680,12084102144,41168000,16,7.020381599431857e-05,6383206400.0,2.4790375441310904e+18,24342.0,1.8481669040586128,1.8678629925211925,bin_1
config_899,320,18,10,0.0525496788322925,0.9631528854370116,0.9664860367774964,0.252927303314209,7.020381599431857e-05,128,46097.0,4694609878884679680,12084102144,41168000,16,7.020381599431857e-05,7982284800.0,3.0988478511552384e+18,30428.0,1.818614450751758,1.8380169755513551,bin_1
config_899,320,18,10,0.0525496788322925,0.9631528854370116,0.9664860367774964,0.252927303314209,7.020381599431857e-05,128,46097.0,4694609878884679680,12084102144,41168000,16,5.778763376768808e-05,9568256000.0,3.718658158179387e+18,36514.0,1.7919771551304176,1.812426748783862,bin_1
config_899,320,18,10,0.0525496788322925,0.9631528854370116,0.9664860367774964,0.252927303314209,7.020381599431857e-05,128,46097.0,4694609878884679680,12084102144,41168000,16,2.1056929799479543e-05,11167334400.0,4.338366623220784e+18,42599.0,1.7672698187437217,1.7869306023785323,bin_1
config_899,320,18,10,0.0525496788322925,0.9631528854370116,0.9664860367774964,0.252927303314209,7.020381599431857e-05,128,46097.0,4694609878884679680,12084102144,41168000,16,2.830070633615979e-07,12071731200.0,4.69460987888468e+18,46097.0,1.7581945459569086,1.7775964101807016,bin_1
config_900,320,19,10,0.0619152598083019,0.8146842122077942,0.9600401520729064,0.0437133908271789,0.0003112645936198,64,10946.0,580663981208125440,1434748288,42561280,16,0.0003112645936198,714342400.0,2.903319906040627e+17,5473.0,1.984627054480256,2.005952078748922,bin_0
config_900,320,19,10,0.0619152598083019,0.8146842122077942,0.9600401520729064,0.0437133908271789,0.0003112645936198,64,10946.0,580663981208125440,1434748288,42561280,16,2.99543332772244e-05,1428684800.0,5.806639812081254e+17,10946.0,1.840361138406347,1.8602676543642265,bin_0
config_901,1088,21,16,0.0039676246233284,0.9124966859817504,0.9928290843963624,0.2626529335975647,0.0007292329100891,64,24646.0,8882732830239424512,3230401024,364749824,8,0.0007292329100891,1592524800.0,4.386583675924857e+18,12171.0,1.649804850484504,1.6670907652964355,bin_2
config_901,1088,21,16,0.0039676246233284,0.9124966859817504,0.9928290843963624,0.2626529335975647,0.0007292329100891,64,24646.0,8882732830239424512,3230401024,364749824,8,3.33466617312532e-05,3191603200.0,8.773167351849715e+18,24342.0,1.523234447182202,1.5390817703966235,bin_2
config_901,1088,21,16,0.0039676246233284,0.9124966859817504,0.9928290843963624,0.2626529335975647,0.0007292329100891,64,24646.0,8882732830239424512,3230401024,364749824,8,5.182251485262362e-06,3224371200.0,8.882732830239425e+18,24646.0,1.5222552247125594,1.538087841956342,bin_2
config_902,384,15,12,0.0602959245443344,0.8119219541549683,0.9831368327140808,0.0626044273376464,0.0003531480615492,32,5771.0,157583802711785472,378217664,45860352,16,0.0003531480615492,190054400.0,7.877824827993434e+16,2885.0,2.202515504242944,2.2242844000800712,bin_0
config_902,384,15,12,0.0602959245443344,0.8119219541549683,0.9831368327140808,0.0626044273376464,0.0003531480615492,32,5771.0,157583802711785472,378217664,45860352,16,2.0543239037493395e-05,376832000.0,1.5758380271178547e+17,5771.0,1.9819174364746597,2.001511428668851,bin_0
config_904,512,16,8,0.0024229753762483,0.8716394305229187,0.967993438243866,0.0954430326819419,1.289624378841836e-05,32,12130.0,542901861243224064,794955968,80284672,16,1.289624378841836e-05,396492800.0,2.7145093062161203e+17,6065.0,2.8372801290574623,2.8668020013121307,bin_0
config_904,512,16,8,0.0024229753762483,0.8716394305229187,0.967993438243866,0.0954430326819419,1.289624378841836e-05,32,12130.0,542901861243224064,794955968,80284672,16,3.343883436927835e-07,792985600.0,5.4290186124322406e+17,12130.0,2.579488611690333,2.606988779208699,bin_0
config_905,640,23,20,0.0159497242420911,0.9595053791999816,0.9198235869407654,0.1815916001796722,0.000242795314989,128,46860.0,15425565394320752640,12284142592,149025280,8,0.000242795314989,1599078400.0,2.003414233671278e+18,6086.0,1.7903292377659532,1.8101046884841607,bin_2
config_905,640,23,20,0.0159497242420911,0.9595053791999816,0.9198235869407654,0.1815916001796722,0.000242795314989,128,46860.0,15425565394320752640,12284142592,149025280,8,0.000242795314989,3185049600.0,4.006499283275243e+18,12171.0,1.6842310730355683,1.7022385029519191,bin_2
config_905,640,23,20,0.0159497242420911,0.9595053791999816,0.9198235869407654,0.1815916001796722,0.000242795314989,128,46860.0,15425565394320752640,12284142592,149025280,8,0.000242795314989,4784128000.0,6.009913516946521e+18,18257.0,1.640338954651942,1.6559286141590994,bin_2
config_905,640,23,20,0.0159497242420911,0.9595053791999816,0.9198235869407654,0.1815916001796722,0.000242795314989,128,46860.0,15425565394320752640,12284142592,149025280,8,0.000242795314989,6383206400.0,8.012998566550486e+18,24342.0,1.613560147695854,1.6284547558182576,bin_2
config_905,640,23,20,0.0159497242420911,0.9595053791999816,0.9198235869407654,0.1815916001796722,0.000242795314989,128,46860.0,15425565394320752640,12284142592,149025280,8,0.000242795314989,7982284800.0,1.0016412800221766e+19,30428.0,1.5950918022921827,1.6100862842114243,bin_2
config_905,640,23,20,0.0159497242420911,0.9595053791999816,0.9198235869407654,0.1815916001796722,0.000242795314989,128,46860.0,15425565394320752640,12284142592,149025280,8,0.000242795314989,9568256000.0,1.2019827033893042e+19,36514.0,1.5810195248635088,1.5957842757467364,bin_2
config_905,640,23,20,0.0159497242420911,0.9595053791999816,0.9198235869407654,0.1815916001796722,0.000242795314989,128,46860.0,15425565394320752640,12284142592,149025280,8,0.0001215545941771,11167334400.0,1.4022912083497007e+19,42599.0,1.547544958630546,1.5617281037862183,bin_2
config_905,640,23,20,0.0159497242420911,0.9595053791999816,0.9198235869407654,0.1815916001796722,0.000242795314989,128,46860.0,15425565394320752640,12284142592,149025280,8,2.853394229510508e-07,12281446400.0,1.5425565394320753e+19,46860.0,1.523298187588082,1.5367641090369617,bin_2
config_906,832,9,16,0.0265969093888998,0.8514686822891235,0.9224408268928528,0.2924539744853973,0.0004402289341669,64,10715.0,1257183100356378624,1404563072,118523392,16,0.0004402289341669,701235200.0,6.285328855444817e+17,5357.0,1.8793121239787245,1.8987480147158515,bin_1
config_906,832,9,16,0.0265969093888998,0.8514686822891235,0.9224408268928528,0.2924539744853973,0.0004402289341669,64,10715.0,1257183100356378624,1404563072,118523392,16,2.1077031639017783e-06,1402470400.0,1.2571831003563786e+18,10715.0,1.7274274860444616,1.7454068113545902,bin_1
config_907,320,23,16,0.0097256647422909,0.9081318378448486,0.9386274814605712,0.2082128822803497,0.0039371796883642,64,10314.0,634859242000220160,1351927808,48134400,16,0.0039371796883642,675020800.0,3.174296210001101e+17,5157.0,1.978496525053118,2.000366626802038,bin_0
config_907,320,23,16,0.0097256647422909,0.9081318378448486,0.9386274814605712,0.2082128822803497,0.0039371796883642,64,10314.0,634859242000220160,1351927808,48134400,16,2.567327230419171e-05,1350041600.0,6.348592420002202e+17,10314.0,1.823615324966243,1.843172103225208,bin_0
config_91,384,4,24,0.0072565493173897,0.8237177729606628,0.9752535820007324,0.049342293292284,3.632531297625974e-05,128,44934.0,2309386371131768832,11779321856,26387712,16,3.632531297625974e-05,1599078400.0,3.127904360775347e+17,6086.0,2.6677951161587825,2.695459803909552,bin_1
config_91,384,4,24,0.0072565493173897,0.8237177729606628,0.9752535820007324,0.049342293292284,3.632531297625974e-05,128,44934.0,2309386371131768832,11779321856,26387712,16,3.632531297625974e-05,3185049600.0,6.255294770784876e+17,12171.0,2.376553446074001,2.4013122595333662,bin_1
config_91,384,4,24,0.0072565493173897,0.8237177729606628,0.9752535820007324,0.049342293292284,3.632531297625974e-05,128,44934.0,2309386371131768832,11779321856,26387712,16,3.632531297625974e-05,4784128000.0,9.383199131560224e+17,18257.0,2.222799002420707,2.2457774954545693,bin_1
config_91,384,4,24,0.0072565493173897,0.8237177729606628,0.9752535820007324,0.049342293292284,3.632531297625974e-05,128,44934.0,2309386371131768832,11779321856,26387712,16,3.632531297625974e-05,6383206400.0,1.251058954156975e+18,24342.0,2.146008228591231,2.1683799621707105,bin_1
config_91,384,4,24,0.0072565493173897,0.8237177729606628,0.9752535820007324,0.049342293292284,3.632531297625974e-05,128,44934.0,2309386371131768832,11779321856,26387712,16,3.632531297625974e-05,7982284800.0,1.5638493902345098e+18,30428.0,2.0934580124010806,2.115689373250868,bin_1
config_91,384,4,24,0.0072565493173897,0.8237177729606628,0.9752535820007324,0.049342293292284,3.632531297625974e-05,128,44934.0,2309386371131768832,11779321856,26387712,16,3.632531297625974e-05,9568256000.0,1.8766398263120443e+18,36514.0,2.0566774151755163,2.079674453031821,bin_1
config_91,384,4,24,0.0072565493173897,0.8237177729606628,0.9752535820007324,0.049342293292284,3.632531297625974e-05,128,44934.0,2309386371131768832,11779321856,26387712,16,3.632531297625974e-05,11167334400.0,2.189378867312997e+18,42599.0,2.0301188041733917,2.0527573596454056,bin_1
config_91,384,4,24,0.0072565493173897,0.8237177729606628,0.9752535820007324,0.049342293292284,3.632531297625974e-05,128,44934.0,2309386371131768832,11779321856,26387712,16,5.570864416747087e-07,11770265600.0,2.309386371131769e+18,44934.0,2.014437996364031,2.0369637592112437,bin_1
config_910,256,15,16,0.0037310416810214,0.9141076803207396,0.9783654808998108,0.2286978214979171,0.0009572403505444,64,13555.0,441112400971038720,1776712960,25658368,16,0.0004339860253355,1592524800.0,3.960737021186656e+17,12171.0,1.8784463365351567,1.898431047572464,bin_0
config_910,256,15,16,0.0037310416810214,0.9141076803207396,0.9783654808998108,0.2286978214979171,0.0009572403505444,64,13555.0,441112400971038720,1776712960,25658368,16,1.5444342538633617e-06,1776025600.0,4.411124009710387e+17,13555.0,1.8493832620245512,1.869099298031604,bin_0
config_911,704,18,8,0.0141069274395704,0.9357550144195556,0.9593930840492249,0.1959232687950134,0.0058846282772719,64,53662.0,8475836456882995200,7033633280,148962176,8,0.0058846282772719,1592524800.0,1.922392112048059e+18,12171.0,1.7566781043029225,1.7745013030044368,bin_2
config_911,704,18,8,0.0141069274395704,0.9357550144195556,0.9593930840492249,0.1959232687950134,0.0058846282772719,64,53662.0,8475836456882995200,7033633280,148962176,8,0.0058846282772719,3191603200.0,3.844784224096118e+18,24342.0,1.7053059588103998,1.7228724038405496,bin_2
config_911,704,18,8,0.0141069274395704,0.9357550144195556,0.9593930840492249,0.1959232687950134,0.0058846282772719,64,53662.0,8475836456882995200,7033633280,148962176,8,0.0058846282772719,4784128000.0,5.767334284719648e+18,36514.0,1.6859018817104277,1.7011130921567073,bin_2
config_911,704,18,8,0.0141069274395704,0.9357550144195556,0.9593930840492249,0.1959232687950134,0.0058846282772719,64,53662.0,8475836456882995200,7033633280,148962176,8,0.002777468421176,6383206400.0,7.689726396767706e+18,48685.0,1.6168475666397908,1.6313937214945184,bin_2
config_911,704,18,8,0.0141069274395704,0.9357550144195556,0.9593930840492249,0.1959232687950134,0.0058846282772719,64,53662.0,8475836456882995200,7033633280,148962176,8,6.7169732071974825e-06,7032012800.0,8.475836456882995e+18,53662.0,1.5552900203231903,1.568443349169903,bin_2
config_912,384,11,16,0.0351026207208633,0.8047528862953186,0.9364473819732666,0.2826704680919647,0.0008135490934364,32,7361.0,162306964417388544,482435616,38779392,16,0.0008135490934364,242483200.0,8.114245741828418e+16,3680.0,2.143975178022853,2.164930452362436,bin_0
config_912,384,11,16,0.0351026207208633,0.8047528862953186,0.9364473819732666,0.2826704680919647,0.0008135490934364,32,7361.0,162306964417388544,482435616,38779392,16,4.302423090288905e-06,481689600.0,1.6230696441738854e+17,7361.0,1.9582558698732344,1.9781804751959,bin_0
config_913,384,21,16,0.0284976325929164,0.9427454471588136,0.9698325991630554,0.1457437574863433,0.0007241757703013,64,7827.0,550926578866765824,1025986496,56481792,16,0.0007241757703013,511180800.0,2.7542809545236422e+17,3913.0,1.9707172211271815,1.9917167089415375,bin_0
config_913,384,21,16,0.0284976325929164,0.9427454471588136,0.9698325991630554,0.1457437574863433,0.0007241757703013,64,7827.0,550926578866765824,1025986496,56481792,16,1.7151531401874624e-05,1022361600.0,5.509265788667658e+17,7827.0,1.803630271700562,1.8229179582439483,bin_0
config_914,576,16,12,0.0711459368467331,0.9285281896591188,0.9474552273750304,0.2731716334819793,3.684003968373872e-05,32,12133.0,622196988602572800,795184960,92679552,16,3.684003968373872e-05,396492800.0,3.1107285361107776e+17,6066.0,2.415879484903617,2.441150486664694,bin_0
config_914,576,16,12,0.0711459368467331,0.9285281896591188,0.9474552273750304,0.2731716334819793,3.684003968373872e-05,32,12133.0,622196988602572800,795184960,92679552,16,3.668440885827988e-07,792985600.0,6.221969886025728e+17,12133.0,2.157021729164436,2.17949727973,bin_0
config_915,704,15,16,0.0105921793729066,0.9516540765762328,0.9355549812316896,0.0227183643728494,7.197462400654331e-05,64,48458.0,6603107320532828160,6351595520,130034432,8,7.197462400654331e-05,1592524800.0,1.658475776924451e+18,12171.0,1.8682682209327568,1.88860192476726,bin_2
config_915,704,15,16,0.0105921793729066,0.9516540765762328,0.9355549812316896,0.0227183643728494,7.197462400654331e-05,64,48458.0,6603107320532828160,6351595520,130034432,8,7.197462400654331e-05,3191603200.0,3.316951553848902e+18,24342.0,1.7530680035567674,1.7718690747706616,bin_2
config_915,704,15,16,0.0105921793729066,0.9516540765762328,0.9355549812316896,0.0227183643728494,7.197462400654331e-05,64,48458.0,6603107320532828160,6351595520,130034432,8,7.197462400654331e-05,4784128000.0,4.975563595318331e+18,36514.0,1.7019073508411158,1.7182957201707558,bin_2
config_915,704,15,16,0.0105921793729066,0.9516540765762328,0.9355549812316896,0.0227183643728494,7.197462400654331e-05,64,48458.0,6603107320532828160,6351595520,130034432,8,5.234518109566708e-07,6350438400.0,6.603107320532828e+18,48458.0,1.648048387941767,1.6636497581591372,bin_2
config_916,832,18,16,0.0390662997961044,0.9717226028442384,0.912940800189972,0.2510578036308288,0.0034470250830054,32,5325.0,537168990518784000,349001760,195215488,8,0.0034470250830054,173670400.0,2.685340568565264e+17,2662.0,3.479729455768085,3.5114024648510043,bin_0
config_916,832,18,16,0.0390662997961044,0.9717226028442384,0.912940800189972,0.2510578036308288,0.0034470250830054,32,5325.0,537168990518784000,349001760,195215488,8,6.450271487659859e-05,347340800.0,5.37168990518784e+17,5325.0,3.326939323261136,3.362643587472009,bin_0
config_917,640,11,20,0.0020622315350919,0.8433573842048645,0.9570168852806092,0.1839313805103302,1.4362096408149227e-05,64,15651.0,1438672085753856000,2051449600,88061440,16,1.4362096408149227e-05,1592524800.0,1.1187833336981778e+18,12171.0,2.3590254679273386,2.3835344655005657,bin_1
config_917,640,11,20,0.0020622315350919,0.8433573842048645,0.9570168852806092,0.1839313805103302,1.4362096408149227e-05,64,15651.0,1438672085753856000,2051449600,88061440,16,4.990304519855815e-09,2051276800.0,1.438672085753856e+18,15651.0,2.275866238562787,2.299902768330496,bin_1
config_918,1152,10,24,0.0104153845459222,0.8295677304267883,0.9764506816864014,0.1681028604507446,0.0002709760738071,64,37576.0,7812096699197030400,4925209600,217195776,8,0.0002709760738071,1592524800.0,2.5303658964745334e+18,12171.0,1.7326172168137597,1.7505610047598354,bin_2
config_918,1152,10,24,0.0104153845459222,0.8295677304267883,0.9764506816864014,0.1681028604507446,0.0002709760738071,64,37576.0,7812096699197030400,4925209600,217195776,8,0.0002709760738071,3191603200.0,5.060731792949067e+18,24342.0,1.641720351996969,1.6592796899647009,bin_2
config_918,1152,10,24,0.0104153845459222,0.8295677304267883,0.9764506816864014,0.1681028604507446,0.0002709760738071,64,37576.0,7812096699197030400,4925209600,217195776,8,4.616375164921555e-05,4784128000.0,7.591305590655747e+18,36514.0,1.5614197733558592,1.5762100801897831,bin_2
config_918,1152,10,24,0.0104153845459222,0.8295677304267883,0.9764506816864014,0.1681028604507446,0.0002709760738071,64,37576.0,7812096699197030400,4925209600,217195776,8,1.1154809878063249e-06,4921753600.0,7.81209669919703e+18,37576.0,1.5550535518614972,1.5699451029105265,bin_2
config_919,384,14,12,0.0232007578015327,0.8974153399467468,0.9186419248580932,0.0643006712198257,0.000231892656302,64,9588.0,498456532758233088,1256841984,44090112,16,0.000231892656302,629145600.0,2.492282663791165e+17,4794.0,2.0446906450537385,2.065339032040268,bin_0
config_919,384,14,12,0.0232007578015327,0.8974153399467468,0.9186419248580932,0.0643006712198257,0.000231892656302,64,9588.0,498456532758233088,1256841984,44090112,16,1.4305066460193215e-05,1251737600.0,4.984565327582331e+17,9588.0,1.886378397277144,1.906711630391293,bin_0
config_92,768,10,16,0.0375810004770755,0.8442776203155518,0.9599568247795104,0.0991046950221061,8.73399039846845e-05,64,52040.0,5764395493275992064,6821016064,109407744,16,8.73399039846845e-05,1592524800.0,1.348164057430094e+18,12171.0,1.8710159453407664,1.891470203165148,bin_2
config_92,768,10,16,0.0375810004770755,0.8442776203155518,0.9599568247795104,0.0991046950221061,8.73399039846845e-05,64,52040.0,5764395493275992064,6821016064,109407744,16,8.73399039846845e-05,3191603200.0,2.696328114860188e+18,24342.0,1.7611123038510808,1.7806006020014404,bin_2
config_92,768,10,16,0.0375810004770755,0.8442776203155518,0.9599568247795104,0.0991046950221061,8.73399039846845e-05,64,52040.0,5764395493275992064,6821016064,109407744,16,8.73399039846845e-05,4784128000.0,4.044602940843189e+18,36514.0,1.712959878952777,1.7304735075841184,bin_2
config_92,768,10,16,0.0375810004770755,0.8442776203155518,0.9599568247795104,0.0991046950221061,8.73399039846845e-05,64,52040.0,5764395493275992064,6821016064,109407744,16,5.656685656560912e-05,6383206400.0,5.392766998273283e+18,48685.0,1.6713314591079462,1.687802526051881,bin_2
config_92,768,10,16,0.0375810004770755,0.8442776203155518,0.9599568247795104,0.0991046950221061,8.73399039846845e-05,64,52040.0,5764395493275992064,6821016064,109407744,16,6.774473840192696e-07,6815744000.0,5.764395493275992e+18,52040.0,1.6461309266872093,1.6624247793682283,bin_2
config_920,512,4,16,0.0017767241224646,0.9794244170188904,0.906497359275818,0.2044852375984192,0.000137936687679,128,39645.0,2978307857197301760,10392895488,39377920,16,0.000137936687679,1599078400.0,4.5720725485944704e+17,6086.0,2.046617790089279,2.068700529317387,bin_1
config_920,512,4,16,0.0017767241224646,0.9794244170188904,0.906497359275818,0.2044852375984192,0.000137936687679,128,39645.0,2978307857197301760,10392895488,39377920,16,0.000137936687679,3185049600.0,9.14339385293186e+17,12171.0,1.9063788894747125,1.9276820965282253,bin_1
config_920,512,4,16,0.0017767241224646,0.9794244170188904,0.906497359275818,0.2044852375984192,0.000137936687679,128,39645.0,2978307857197301760,10392895488,39377920,16,0.000137936687679,4784128000.0,1.371546640152633e+18,18257.0,1.856328025294132,1.8765901554998805,bin_1
config_920,512,4,16,0.0017767241224646,0.9794244170188904,0.906497359275818,0.2044852375984192,0.000137936687679,128,39645.0,2978307857197301760,10392895488,39377920,16,0.000137936687679,6383206400.0,1.828678770586372e+18,24342.0,1.8272932629897949,1.8471426793395496,bin_1
config_920,512,4,16,0.0017767241224646,0.9794244170188904,0.906497359275818,0.2044852375984192,0.000137936687679,128,39645.0,2978307857197301760,10392895488,39377920,16,0.000137936687679,7982284800.0,2.2858860254458191e+18,30428.0,1.807838528586216,1.827887375862872,bin_1
config_920,512,4,16,0.0017767241224646,0.9794244170188904,0.906497359275818,0.2044852375984192,0.000137936687679,128,39645.0,2978307857197301760,10392895488,39377920,16,5.351725669264118e-05,9568256000.0,2.743093280305266e+18,36514.0,1.7766420856069345,1.7974071974441654,bin_1
config_920,512,4,16,0.0017767241224646,0.9794244170188904,0.906497359275818,0.2044852375984192,0.000137936687679,128,39645.0,2978307857197301760,10392895488,39377920,16,7.657477110235053e-07,10380902400.0,2.978307857197302e+18,39645.0,1.7644396843675707,1.7848915903685525,bin_1
config_921,768,12,12,0.0025205111596733,0.9157546162605286,0.9385696053504944,0.1850803196430206,0.0085158245638012,32,4955.0,314281247190220800,324745600,123566592,16,0.0085158245638012,163840000.0,1.571089100484716e+17,2477.0,3.4828223612269418,3.5193925876304752,bin_0
config_921,768,12,12,0.0025205111596733,0.9157546162605286,0.9385696053504944,0.1850803196430206,0.0085158245638012,32,4955.0,314281247190220800,324745600,123566592,16,4.643306741440242e-05,324403200.0,3.142812471902208e+17,4955.0,3.2948981192072884,3.326861701949698,bin_0
config_922,256,5,16,0.0042797313071787,0.807597815990448,0.9194815158843994,0.0186186265200376,3.944282434531488e-05,32,7234.0,63649854311301120,474143360,17133568,16,3.944282434531488e-05,235929600.0,3.182492715565056e+16,3617.0,3.04068868809059,3.072733374658178,bin_0
config_922,256,5,16,0.0042797313071787,0.807597815990448,0.9194815158843994,0.0186186265200376,3.944282434531488e-05,32,7234.0,63649854311301120,474143360,17133568,16,1.0007880804035115e-05,471859200.0,6.364985431130112e+16,7234.0,2.80896415061638,2.8382363517167137,bin_0
config_923,768,13,16,0.0935446321964263,0.8270385265350342,0.9589401483535768,0.1524664610624313,2.0690809833467935e-05,64,50676.0,6835647611050131456,6642235904,130646016,8,2.0690809833467935e-05,1592524800.0,1.6417370564782372e+18,12171.0,2.1482097218075737,2.1702086496548576,bin_2
config_923,768,13,16,0.0935446321964263,0.8270385265350342,0.9589401483535768,0.1524664610624313,2.0690809833467935e-05,64,50676.0,6835647611050131456,6642235904,130646016,8,2.0690809833467935e-05,3191603200.0,3.2834741129564744e+18,24342.0,1.9425035182960697,1.9632553520163551,bin_2
config_923,768,13,16,0.0935446321964263,0.8270385265350342,0.9589401483535768,0.1524664610624313,2.0690809833467935e-05,64,50676.0,6835647611050131456,6642235904,130646016,8,2.0690809833467935e-05,4784128000.0,4.925346058684278e+18,36514.0,1.8583176699427308,1.87708334084417,bin_2
config_923,768,13,16,0.0935446321964263,0.8270385265350342,0.9589401483535768,0.1524664610624313,2.0690809833467935e-05,64,50676.0,6835647611050131456,6642235904,130646016,8,5.291876809595216e-06,6383206400.0,6.567083115162516e+18,48685.0,1.7966634878955905,1.813464036437332,bin_2
config_923,768,13,16,0.0935446321964263,0.8270385265350342,0.9589401483535768,0.1524664610624313,2.0690809833467935e-05,64,50676.0,6835647611050131456,6642235904,130646016,8,6.962995802098839e-08,6638796800.0,6.835647611050131e+18,50676.0,1.7901909921403791,1.807096321719592,bin_2
config_924,1088,11,8,0.042415764182806,0.9024237394332886,0.9572706818580629,0.0541356354951858,0.0023029716685414,32,4609.0,482345553796042752,302103264,217108224,8,0.0023029716685414,150732800.0,2.411204504113869e+17,2304.0,3.260709252513823,3.296168601278399,bin_0
config_924,1088,11,8,0.042415764182806,0.9024237394332886,0.9572706818580629,0.0541356354951858,0.0023029716685414,32,4609.0,482345553796042752,302103264,217108224,8,8.323993982679856e-05,301465600.0,4.823455537960428e+17,4609.0,3.1167880156001107,3.1500804963659066,bin_0
config_925,960,4,12,0.0129958419129252,0.8705670237541199,0.9198662042617798,0.1787852942943573,0.0010649096220731,32,6056.0,257774952208527360,396950496,92511360,16,0.0010649096220731,199884800.0,1.2888747610426368e+17,3028.0,2.1251779764988386,2.147139263270331,bin_0
config_925,960,4,12,0.0129958419129252,0.8705670237541199,0.9198662042617798,0.1787852942943573,0.0010649096220731,32,6056.0,257774952208527360,396950496,92511360,16,5.905228957891985e-06,396492800.0,2.5777495220852736e+17,6056.0,1.928566180526233,1.9489948545127616,bin_0
config_926,896,10,16,0.0016419847961515,0.9791000485420228,0.9374293684959412,0.1111643016338348,0.0004249741905368,64,66306.0,9525575471327870976,8690879488,145992448,16,0.0004249741905368,1592524800.0,1.7484960495510438e+18,12171.0,1.7399443509148769,1.7583648766845954,bin_2
config_926,896,10,16,0.0016419847961515,0.9791000485420228,0.9374293684959412,0.1111643016338348,0.0004249741905368,64,66306.0,9525575471327870976,8690879488,145992448,16,0.0004249741905368,3191603200.0,3.496992099102088e+18,24342.0,1.6615702200717613,1.6792381210014469,bin_2
config_926,896,10,16,0.0016419847961515,0.9791000485420228,0.9374293684959412,0.1111643016338348,0.0004249741905368,64,66306.0,9525575471327870976,8690879488,145992448,16,0.0004249741905368,4784128000.0,5.245631809490331e+18,36514.0,1.6286003700240714,1.6435399944665,bin_2
config_926,896,10,16,0.0016419847961515,0.9791000485420228,0.9374293684959412,0.1111643016338348,0.0004249741905368,64,66306.0,9525575471327870976,8690879488,145992448,16,0.0004249741905368,6383206400.0,6.994127859041374e+18,48685.0,1.607521834959749,1.6217231998678114,bin_2
config_926,896,10,16,0.0016419847961515,0.9791000485420228,0.9374293684959412,0.1111643016338348,0.0004249741905368,64,66306.0,9525575471327870976,8690879488,145992448,16,0.0003146077589646,7975731200.0,8.742623908592418e+18,60856.0,1.5801914595385067,1.5940258168001644,bin_2
config_926,896,10,16,0.0016419847961515,0.9791000485420228,0.9374293684959412,0.1111643016338348,0.0004249741905368,64,66306.0,9525575471327870976,8690879488,145992448,16,3.45976274521197e-07,8690073600.0,9.52557547132787e+18,66306.0,1.5389956602112191,1.5553181431723422,bin_2
config_927,832,17,16,0.0146056618541479,0.878537118434906,0.9482313990592957,0.2072706967592239,8.880994573701173e-05,64,10960.0,2108339252145045504,1436596608,186694144,8,8.880994573701173e-05,720896000.0,1.0541696260725228e+18,5480.0,1.9613085924601945,1.9824468254652177,bin_1
config_927,832,17,16,0.0146056618541479,0.878537118434906,0.9482313990592957,0.2072706967592239,8.880994573701173e-05,64,10960.0,2108339252145045504,1436596608,186694144,8,3.910609675782117e-07,1435238400.0,2.1083392521450452e+18,10960.0,1.792216110952565,1.811475041948381,bin_1
config_928,1152,22,6,0.040966048836708,0.8933812975883484,0.9452843070030212,0.0898672565817833,0.0011832199525088,128,53568.0,43146106063526559744,14042663936,408326400,8,0.0011832199525088,1599078400.0,4.90194148563737e+18,6086.0,1.6814990166757928,1.6996976032608846,bin_2
config_928,1152,22,6,0.040966048836708,0.8933812975883484,0.9452843070030212,0.0898672565817833,0.0011832199525088,128,53568.0,43146106063526559744,14042663936,408326400,8,0.0011832199525088,3185049600.0,9.803077525746373e+18,12171.0,1.5979365394349958,1.6142527679928014,bin_2
config_928,1152,22,6,0.040966048836708,0.8933812975883484,0.9452843070030212,0.0898672565817833,0.0011832199525088,128,53568.0,43146106063526559744,14042663936,408326400,8,0.0011832199525088,4784128000.0,1.4705019011383745e+19,18257.0,1.562964804524281,1.5772770914093392,bin_2
config_928,1152,22,6,0.040966048836708,0.8933812975883484,0.9452843070030212,0.0898672565817833,0.0011832199525088,128,53568.0,43146106063526559744,14042663936,408326400,8,0.0011832199525088,6383206400.0,1.9606155051492745e+19,24342.0,1.5423852987758448,1.5565357163108764,bin_2
config_928,1152,22,6,0.040966048836708,0.8933812975883484,0.9452843070030212,0.0898672565817833,0.0011832199525088,128,53568.0,43146106063526559744,14042663936,408326400,8,0.0011832199525088,7982284800.0,2.4508096537130115e+19,30428.0,1.5295996126483695,1.5432255810010629,bin_2
config_928,1152,22,6,0.040966048836708,0.8933812975883484,0.9452843070030212,0.0898672565817833,0.0011832199525088,128,53568.0,43146106063526559744,14042663936,408326400,8,0.0011832199525088,9568256000.0,2.941003802276749e+19,36514.0,1.519593997822433,1.5328025695535004,bin_2
config_928,1152,22,6,0.040966048836708,0.8933812975883484,0.9452843070030212,0.0898672565817833,0.0011832199525088,128,53568.0,43146106063526559744,14042663936,408326400,8,0.0011832199525088,11167334400.0,3.431117406287649e+19,42599.0,1.5124772730225422,1.5249740794447602,bin_2
config_928,1152,22,6,0.040966048836708,0.8933812975883484,0.9452843070030212,0.0898672565817833,0.0011832199525088,128,53568.0,43146106063526559744,14042663936,408326400,8,0.0011832199525088,12766412800.0,3.921311554851386e+19,48685.0,1.5053661729468677,1.5192105637710602,bin_2
config_928,1152,22,6,0.040966048836708,0.8933812975883484,0.9452843070030212,0.0898672565817833,0.0011832199525088,128,53568.0,43146106063526559744,14042663936,408326400,8,4.424170989854271e-06,14037811200.0,4.314610606352656e+19,53568.0,1.42780724052523,1.4393920409093135,bin_2
config_929,256,17,16,0.0420360825955867,0.8865866661071777,0.9066233038902284,0.1935167014598846,0.0056492346338927,32,3783.0,67217317250211840,247960304,27363328,16,0.0056492346338927,124518400.0,3.359977449647121e+16,1891.0,2.7510907378743905,2.7802428352637367,bin_0
config_929,256,17,16,0.0420360825955867,0.8865866661071777,0.9066233038902284,0.1935167014598846,0.0056492346338927,32,3783.0,67217317250211840,247960304,27363328,16,0.0002546786105443,245760000.0,6.721731725021184e+16,3783.0,2.369067018970114,2.393351616820351,bin_0
config_930,1152,9,18,0.0281097628176212,0.9671726822853088,0.9874879717826844,0.037679299712181,0.0003100031754001,32,8863.0,849383593256484864,580861696,201268224,8,0.0003100031754001,291635200.0,4.246438792417335e+17,4431.0,1.960355741762724,1.9802793250904709,bin_0
config_930,1152,9,18,0.0281097628176212,0.9671726822853088,0.9874879717826844,0.037679299712181,0.0003100031754001,32,8863.0,849383593256484864,580861696,201268224,8,1.2102226066674388e-05,579993600.0,8.493835932564849e+17,8863.0,1.792697706750182,1.811841677427292,bin_0
config_931,832,10,8,0.1750494539737701,0.820957362651825,0.9554890990257264,0.2386589646339416,2.700371805985924e-05,128,41280.0,10460335521459732480,10821381120,127044736,16,2.700371805985924e-05,1599078400.0,1.542189970533041e+18,6086.0,2.190225172238272,2.2128597764890703,bin_2
config_931,832,10,8,0.1750494539737701,0.820957362651825,0.9554890990257264,0.2386589646339416,2.700371805985924e-05,128,41280.0,10460335521459732480,10821381120,127044736,16,2.700371805985924e-05,3185049600.0,3.084126541465272e+18,12171.0,1.956917805828032,1.97807630738274,bin_2
config_931,832,10,8,0.1750494539737701,0.820957362651825,0.9554890990257264,0.2386589646339416,2.700371805985924e-05,128,41280.0,10460335521459732480,10821381120,127044736,16,2.700371805985924e-05,4784128000.0,4.626316511998312e+18,18257.0,1.8639906620197608,1.882854693561304,bin_2
config_931,832,10,8,0.1750494539737701,0.820957362651825,0.9554890990257264,0.2386589646339416,2.700371805985924e-05,128,41280.0,10460335521459732480,10821381120,127044736,16,2.700371805985924e-05,6383206400.0,6.168253082930543e+18,24342.0,1.8097762637451047,1.8276096425290969,bin_2
config_931,832,10,8,0.1750494539737701,0.820957362651825,0.9554890990257264,0.2386589646339416,2.700371805985924e-05,128,41280.0,10460335521459732480,10821381120,127044736,16,2.700371805985924e-05,7982284800.0,7.710443053463584e+18,30428.0,1.7724128036420854,1.7901083282564507,bin_2
config_931,832,10,8,0.1750494539737701,0.820957362651825,0.9554890990257264,0.2386589646339416,2.700371805985924e-05,128,41280.0,10460335521459732480,10821381120,127044736,16,1.3103012113097876e-05,9568256000.0,9.252633023996625e+18,36514.0,1.7359975099954448,1.7541855717877872,bin_2
config_931,832,10,8,0.1750494539737701,0.820957362651825,0.9554890990257264,0.2386589646339416,2.700371805985924e-05,128,41280.0,10460335521459732480,10821381120,127044736,16,8.223647769726727e-08,10813440000.0,1.0460335521459732e+19,41280.0,1.7195103678937818,1.7372389828963355,bin_2
config_934,832,21,16,0.0064679570496082,0.9427167773246764,0.9213820695877076,0.1144028678536415,0.0006442559533752,64,33161.0,7623213347268919296,4346548736,220779520,8,0.0006442559533752,1592524800.0,2.7979291833663043e+18,12171.0,1.718580218319033,1.7358123620611725,bin_2
config_934,832,21,16,0.0064679570496082,0.9427167773246764,0.9213820695877076,0.1144028678536415,0.0006442559533752,64,33161.0,7623213347268919296,4346548736,220779520,8,0.0006442559533752,3191603200.0,5.595858366732609e+18,24342.0,1.6465527847751242,1.6633982859087773,bin_2
config_934,832,21,16,0.0064679570496082,0.9427167773246764,0.9213820695877076,0.1144028678536415,0.0006442559533752,64,33161.0,7623213347268919296,4346548736,220779520,8,1.868393220966994e-06,4345036800.0,7.623213347268919e+18,33161.0,1.558918613723067,1.5758339536190034,bin_2
config_936,640,16,20,0.0453273095190525,0.8921410441398621,0.946416437625885,0.1225025504827499,0.0005639160517603,64,32242.0,3940077923749724160,4226146816,113463040,8,0.0005639160517603,1592524800.0,1.4873360340536532e+18,12171.0,1.7678716472914962,1.786648404637321,bin_1
config_936,640,16,20,0.0453273095190525,0.8921410441398621,0.946416437625885,0.1225025504827499,0.0005639160517603,64,32242.0,3940077923749724160,4226146816,113463040,8,0.0005639160517603,3191603200.0,2.9746720681073065e+18,24342.0,1.7056532847685892,1.7239031671500598,bin_1
config_936,640,16,20,0.0453273095190525,0.8921410441398621,0.946416437625885,0.1225025504827499,0.0005639160517603,64,32242.0,3940077923749724160,4226146816,113463040,8,5.997587787777425e-06,4220518400.0,3.940077923749724e+18,32242.0,1.615393767669553,1.6329561908127832,bin_1
config_937,512,16,16,0.0219347365200519,0.8255900740623474,0.9345985651016236,0.1536719501018524,0.0011180402943864,64,50421.0,4513402292424671232,6608848384,80284672,16,0.0011180402943864,1592524800.0,1.0894789730687744e+18,12171.0,1.811145176105812,1.829394513270894,bin_1
config_937,512,16,16,0.0219347365200519,0.8255900740623474,0.9345985651016236,0.1536719501018524,0.0011180402943864,64,50421.0,4513402292424671232,6608848384,80284672,16,0.0011180402943864,3191603200.0,2.1789579461375488e+18,24342.0,1.746941291543304,1.7659646789363173,bin_1
config_937,512,16,16,0.0219347365200519,0.8255900740623474,0.9345985651016236,0.1536719501018524,0.0011180402943864,64,50421.0,4513402292424671232,6608848384,80284672,16,0.0011180402943864,4784128000.0,3.2685264335414697e+18,36514.0,1.7223098453146513,1.7391875707907756,bin_1
config_937,512,16,16,0.0219347365200519,0.8255900740623474,0.9345985651016236,0.1536719501018524,0.0011180402943864,64,50421.0,4513402292424671232,6608848384,80284672,16,0.0002483411650282,6383206400.0,4.358005406610244e+18,48685.0,1.6444979106402788,1.659874602067666,bin_1
config_937,512,16,16,0.0219347365200519,0.8255900740623474,0.9345985651016236,0.1536719501018524,0.0011180402943864,64,50421.0,4513402292424671232,6608848384,80284672,16,3.0303105552549094e-06,6606028800.0,4.513402292424671e+18,50421.0,1.6280990519289111,1.643065017246809,bin_1
config_938,960,6,16,0.00899522844702,0.8901885747909546,0.9084866046905518,0.0991379171609878,5.875293936696835e-05,64,19009.0,2066208801462190080,2491556096,114633600,16,5.875293936696835e-05,1592524800.0,1.3229432017779113e+18,12171.0,1.9195937661264764,1.940425581463048,bin_1
config_938,960,6,16,0.00899522844702,0.8901885747909546,0.9084866046905518,0.0991379171609878,5.875293936696835e-05,64,19009.0,2066208801462190080,2491556096,114633600,16,2.806669078039961e-07,2490368000.0,2.06620880146219e+18,19009.0,1.8257005925647547,1.8458382142176395,bin_1
config_939,1088,20,16,0.0057392450980842,0.8282347917556763,0.9159026741981506,0.1805349886417389,0.0094487043097615,64,12686.0,4380667501460963328,1662858368,349985664,8,0.0022115744585293,1592524800.0,4.202830219161389e+18,12171.0,3.0518972477756563,3.082818910098467,bin_1
config_939,1088,20,16,0.0057392450980842,0.8282347917556763,0.9159026741981506,0.1805349886417389,0.0094487043097615,64,12686.0,4380667501460963328,1662858368,349985664,8,0.0001485385830355,1658060800.0,4.3806675014609633e+18,12686.0,3.0242964272030064,3.0548573477541816,bin_1
config_940,384,11,12,0.0703652575612068,0.883891761302948,0.9041836261749268,0.2584390342235565,0.0005807465058751,32,3574.0,78811896667299840,234257760,38779392,16,0.0005807465058751,117964800.0,3.940594833364992e+16,1787.0,2.396543853634693,2.4196830985976048,bin_0
config_940,384,11,12,0.0703652575612068,0.883891761302948,0.9041836261749268,0.2584390342235565,0.0005807465058751,32,3574.0,78811896667299840,234257760,38779392,16,1.5100667541715468e-05,232652800.0,7.881189666729984e+16,3574.0,2.1365640806370094,2.157159385642067,bin_0
config_941,704,8,4,0.0133236655965447,0.957314133644104,0.9395254850387572,0.247000977396965,0.0001589890016475,64,26951.0,2308778180628480000,3532627200,85869696,16,0.0001589890016475,1592524800.0,1.042638092702654e+18,12171.0,1.818319330449964,1.8387253459164357,bin_1
config_941,704,8,4,0.0133236655965447,0.957314133644104,0.9395254850387572,0.247000977396965,0.0001589890016475,64,26951.0,2308778180628480000,3532627200,85869696,16,6.212896533733887e-05,3191603200.0,2.085276185405308e+18,24342.0,1.7172327409415948,1.7360736881709489,bin_1
config_941,704,8,4,0.0133236655965447,0.957314133644104,0.9395254850387572,0.247000977396965,0.0001589890016475,64,26951.0,2308778180628480000,3532627200,85869696,16,2.388656875713848e-08,3532390400.0,2.30877818062848e+18,26951.0,1.6972081336818758,1.715933524546076,bin_1
config_943,1024,21,8,0.005132052116096,0.8877931237220764,0.9553965926170348,0.040259975939989,2.884045352402609e-05,64,27272.0,8778962880909803520,3574698240,321273856,8,2.884045352402609e-05,1592524800.0,3.9178922419900713e+18,12171.0,1.8931950983844816,1.913097032953481,bin_2
config_943,1024,21,8,0.005132052116096,0.8877931237220764,0.9553965926170348,0.040259975939989,2.884045352402609e-05,64,27272.0,8778962880909803520,3574698240,321273856,8,2.884045352402609e-05,3191603200.0,7.835784483980143e+18,24342.0,1.7549617172655512,1.7742666839771584,bin_2
config_943,1024,21,8,0.005132052116096,0.8877931237220764,0.9553965926170348,0.040259975939989,2.884045352402609e-05,64,27272.0,8778962880909803520,3574698240,321273856,8,5.783864881755463e-07,3571712000.0,8.778962880909804e+18,27272.0,1.7155249575708733,1.7342234633985112,bin_2
config_944,512,14,16,0.0326683819293975,0.9036071300506592,0.9280173182487488,0.0802240520715713,0.0001326314231846,32,13557.0,548108423644446720,888527232,73466880,16,0.0001326314231846,445644800.0,2.740339968622896e+17,6778.0,2.106354288155915,2.1279503586644037,bin_0
config_944,512,14,16,0.0326683819293975,0.9036071300506592,0.9280173182487488,0.0802240520715713,0.0001326314231846,32,13557.0,548108423644446720,888527232,73466880,16,8.541122008210919e-07,888012800.0,5.481084236444467e+17,13557.0,1.9235299789710123,1.944019037191985,bin_0
config_946,512,11,16,0.0299524795264005,0.8208543062210083,0.9324527978897096,0.2667144536972046,0.0013698934344574,128,57223.0,7767155459830579200,15000806400,63240192,16,0.0013698934344574,1599078400.0,8.260823118069466e+17,6086.0,1.8299839362550956,1.8495915693142373,bin_2
config_946,512,11,16,0.0299524795264005,0.8208543062210083,0.9324527978897096,0.2667144536972046,0.0013698934344574,128,57223.0,7767155459830579200,15000806400,63240192,16,0.0013698934344574,3185049600.0,1.6520288887614766e+18,12171.0,1.754802475092841,1.7735691743600563,bin_2
config_946,512,11,16,0.0299524795264005,0.8208543062210083,0.9324527978897096,0.2667144536972046,0.0013698934344574,128,57223.0,7767155459830579200,15000806400,63240192,16,0.0013698934344574,4784128000.0,2.4781112005684234e+18,18257.0,1.726692352334007,1.7431604028920658,bin_2
config_946,512,11,16,0.0299524795264005,0.8208543062210083,0.9324527978897096,0.2667144536972046,0.0013698934344574,128,57223.0,7767155459830579200,15000806400,63240192,16,0.0013698934344574,6383206400.0,3.304057777522953e+18,24342.0,1.7097812847231255,1.726012372892411,bin_2
config_946,512,11,16,0.0299524795264005,0.8208543062210083,0.9324527978897096,0.2667144536972046,0.0013698934344574,128,57223.0,7767155459830579200,15000806400,63240192,16,0.0013698934344574,7982284800.0,4.1301400893299e+18,30428.0,1.6987887132754091,1.715179985781185,bin_2
config_946,512,11,16,0.0299524795264005,0.8208543062210083,0.9324527978897096,0.2667144536972046,0.0013698934344574,128,57223.0,7767155459830579200,15000806400,63240192,16,0.0013698934344574,9568256000.0,4.956222401136847e+18,36514.0,1.6909396327909876,1.7069824540028806,bin_2
config_946,512,11,16,0.0299524795264005,0.8208543062210083,0.9324527978897096,0.2667144536972046,0.0013698934344574,128,57223.0,7767155459830579200,15000806400,63240192,16,0.0013125377861402,11167334400.0,5.782168978091377e+18,42599.0,1.6811475923022283,1.6969376981844668,bin_2
config_946,512,11,16,0.0299524795264005,0.8208543062210083,0.9324527978897096,0.2667144536972046,0.0013698934344574,128,57223.0,7767155459830579200,15000806400,63240192,16,0.0007650112529079,12766412800.0,6.608251289898323e+18,48685.0,1.6487278087803574,1.6638833174549166,bin_2
config_946,512,11,16,0.0299524795264005,0.8208543062210083,0.9324527978897096,0.2667144536972046,0.0013698934344574,128,57223.0,7767155459830579200,15000806400,63240192,16,0.0002219726420792,14352384000.0,7.434197866852853e+18,54770.0,1.615448395541457,1.6279202166541678,bin_2
config_946,512,11,16,0.0299524795264005,0.8208543062210083,0.9324527978897096,0.2667144536972046,0.0013698934344574,128,57223.0,7767155459830579200,15000806400,63240192,16,2.064444305629803e-06,14994636800.0,7.767155459830579e+18,57223.0,1.602681632589121,1.61495935545593,bin_2
config_947,320,23,16,0.0010431179543957,0.8281490802764893,0.9483137130737304,0.0885433703660965,0.0004640633706003,64,45647.0,2809670330804797440,5983171072,48134400,16,0.0004640633706003,1592524800.0,7.49151041606791e+17,12171.0,1.871279827024116,1.8913418460673972,bin_1
config_947,320,23,16,0.0010431179543957,0.8281490802764893,0.9483137130737304,0.0885433703660965,0.0004640633706003,64,45647.0,2809670330804797440,5983171072,48134400,16,0.0004640633706003,3191603200.0,1.498302083213582e+18,24342.0,1.8129309812920995,1.832188186020148,bin_1
config_947,320,23,16,0.0010431179543957,0.8281490802764893,0.9483137130737304,0.0885433703660965,0.0004640633706003,64,45647.0,2809670330804797440,5983171072,48134400,16,0.0004640633706003,4784128000.0,2.2475146769559089e+18,36514.0,1.7826257121758382,1.800808105351495,bin_1
config_947,320,23,16,0.0010431179543957,0.8281490802764893,0.9483137130737304,0.0885433703660965,0.0004640633706003,64,45647.0,2809670330804797440,5983171072,48134400,16,5.397421038905268e-06,5976883200.0,2.8096703308047974e+18,45647.0,1.7182026873260248,1.7347458732714418,bin_1
config_948,896,14,16,0.0107027320191264,0.9317212104797364,0.9229614734649658,0.1344399005174636,0.0022926207166165,64,15499.0,2897637441756954624,2031513472,186369792,8,0.0022926207166165,1592524800.0,2.2754465000079936e+18,12171.0,1.767197030645902,1.7861547498038557,bin_1
config_948,896,14,16,0.0107027320191264,0.9317212104797364,0.9229614734649658,0.1344399005174636,0.0022926207166165,64,15499.0,2897637441756954624,2031513472,186369792,8,5.3931068225736376e-05,2025062400.0,2.8976374417569546e+18,15499.0,1.66497139649313,1.6826541313577872,bin_1
config_95,256,12,16,0.0010575024643912,0.931749165058136,0.9683297276496888,0.1228439435362815,0.0041224812157452,64,44039.0,1235665440123125760,5772393984,23100928,16,0.0041224812157452,1592524800.0,3.4149921823244314e+17,12171.0,1.906530067529835,1.927535153451513,bin_1
config_95,256,12,16,0.0010575024643912,0.931749165058136,0.9683297276496888,0.1228439435362815,0.0041224812157452,64,44039.0,1235665440123125760,5772393984,23100928,16,0.0041224812157452,3191603200.0,6.829984364648863e+17,24342.0,1.859808963400419,1.880598813744842,bin_1
config_95,256,12,16,0.0010575024643912,0.931749165058136,0.9683297276496888,0.1228439435362815,0.0041224812157452,64,44039.0,1235665440123125760,5772393984,23100928,16,0.0041224812157452,4784128000.0,1.02452571313281e+18,36514.0,1.842423594623316,1.8610658354055687,bin_1
config_95,256,12,16,0.0010575024643912,0.931749165058136,0.9683297276496888,0.1228439435362815,0.0041224812157452,64,44039.0,1235665440123125760,5772393984,23100928,16,2.9723935554457417e-05,5767168000.0,1.2356654401231258e+18,44039.0,1.7844311740359322,1.8014509135386985,bin_1
config_950,448,6,16,0.0326864086091518,0.8447169661521912,0.9848087430000304,0.224954068660736,0.0018887841142714,64,11544.0,441901707272847360,1513166336,37668736,16,0.0018887841142714,753664000.0,2.2095085363642368e+17,5772.0,1.917937747494119,1.938364688881108,bin_0
config_950,448,6,16,0.0326864086091518,0.8447169661521912,0.9848087430000304,0.224954068660736,0.0018887841142714,64,11544.0,441901707272847360,1513166336,37668736,16,3.201329007239688e-05,1507328000.0,4.4190170727284736e+17,11544.0,1.7886585937171686,1.8082295202036371,bin_0
config_951,832,5,16,0.0149114271625876,0.9243727922439576,0.9936639666557312,0.0261721033602952,0.000240560126258,64,32543.0,2596873860558422016,4265496064,84438016,16,0.000240560126258,1592524800.0,9.712242803938344e+17,12171.0,1.8052866065697597,1.825211445816228,bin_1
config_951,832,5,16,0.0149114271625876,0.9243727922439576,0.9936639666557312,0.0261721033602952,0.000240560126258,64,32543.0,2596873860558422016,4265496064,84438016,16,0.000240560126258,3191603200.0,1.942448560787669e+18,24342.0,1.72876246346802,1.7479455569533051,bin_1
config_951,832,5,16,0.0149114271625876,0.9243727922439576,0.9936639666557312,0.0261721033602952,0.000240560126258,64,32543.0,2596873860558422016,4265496064,84438016,16,1.215521202009001e-05,4259840000.0,2.596873860558422e+18,32543.0,1.6760835941111456,1.6948044904333646,bin_1
config_953,640,19,10,0.0117741171270608,0.821344256401062,0.9208922386169434,0.0336659103631973,0.0006893135723657,64,16520.0,2318948129351270400,2165382656,128704000,8,0.0006893135723657,1592524800.0,1.7084695933616412e+18,12171.0,1.763964070120796,1.782395808051844,bin_1
config_953,640,19,10,0.0117741171270608,0.821344256401062,0.9208922386169434,0.0336659103631973,0.0006893135723657,64,16520.0,2318948129351270400,2165382656,128704000,8,2.47954522433737e-05,2162688000.0,2.3189481293512704e+18,16520.0,1.683840131701016,1.7012669675858294,bin_1
config_954,320,12,16,0.0181798748672008,0.8288114666938782,0.9608216881752014,0.0354443378746509,3.6209894460625947e-05,64,32249.0,1230789564102574080,4226993408,32808320,16,3.6209894460625947e-05,1592524800.0,4.645086602589981e+17,12171.0,2.3936880164459104,2.419398130119824,bin_1
config_954,320,12,16,0.0181798748672008,0.8288114666938782,0.9608216881752014,0.0354443378746509,3.6209894460625947e-05,64,32249.0,1230789564102574080,4226993408,32808320,16,3.6209894460625947e-05,3191603200.0,9.290173205179962e+17,24342.0,2.1059921908378603,2.128909263415415,bin_1
config_954,320,12,16,0.0181798748672008,0.8288114666938782,0.9608216881752014,0.0354443378746509,3.6209894460625947e-05,64,32249.0,1230789564102574080,4226993408,32808320,16,1.552305186850978e-06,4220518400.0,1.230789564102574e+18,32249.0,2.0192887657587644,2.041880977231948,bin_1
config_955,640,5,16,0.0059268493205308,0.913568675518036,0.9000012874603271,0.245637834072113,0.0003065312339458,64,34010.0,1890475105092894720,4457846784,57579520,16,0.0003065312339458,1592524800.0,6.76535504383582e+17,12171.0,1.8769004883140812,1.8978548545524725,bin_1
config_955,640,5,16,0.0059268493205308,0.913568675518036,0.9000012874603271,0.245637834072113,0.0003065312339458,64,34010.0,1890475105092894720,4457846784,57579520,16,0.0003065312339458,3191603200.0,1.353071008767164e+18,24342.0,1.8168086977864877,1.837032647523724,bin_1
config_955,640,5,16,0.0059268493205308,0.913568675518036,0.9000012874603271,0.245637834072113,0.0003065312339458,64,34010.0,1890475105092894720,4457846784,57579520,16,3.669275005337494e-07,4456448000.0,1.8904751050928947e+18,34010.0,1.739224971122429,1.758123614084525,bin_1
config_957,768,20,16,0.1195246949791908,0.923972487449646,0.9018105268478394,0.0572270415723323,0.000139100360684,32,9626.0,920110276561600512,630856192,180201984,8,0.000139100360684,314572800.0,4.6005513828080026e+17,4813.0,2.076912997140259,2.0986958438060324,bin_0
config_957,768,20,16,0.1195246949791908,0.923972487449646,0.9018105268478394,0.0572270415723323,0.000139100360684,32,9626.0,920110276561600512,630856192,180201984,8,6.575653414157292e-06,629145600.0,9.201102765616004e+17,9626.0,1.8802285673970085,1.900333981513977,bin_0
config_958,448,22,8,0.0254484098404645,0.8462859392166138,0.9301247000694276,0.2276359349489212,0.0008469525491818,64,61093.0,5688781049475170304,8007635456,78053248,8,0.0008469525491818,1592524800.0,1.1333238530300084e+18,12171.0,1.8155312763081224,1.8354397976593888,bin_2
config_958,448,22,8,0.0254484098404645,0.8462859392166138,0.9301247000694276,0.2276359349489212,0.0008469525491818,64,61093.0,5688781049475170304,8007635456,78053248,8,0.0008469525491818,3191603200.0,2.266647706060017e+18,24342.0,1.7550277231364957,1.7741933438426158,bin_2
config_958,448,22,8,0.0254484098404645,0.8462859392166138,0.9301247000694276,0.2276359349489212,0.0008469525491818,64,61093.0,5688781049475170304,8007635456,78053248,8,0.0008469525491818,4784128000.0,3.400064675830887e+18,36514.0,1.729754999817395,1.746790639025266,bin_2
config_958,448,22,8,0.0254484098404645,0.8462859392166138,0.9301247000694276,0.2276359349489212,0.0008469525491818,64,61093.0,5688781049475170304,8007635456,78053248,8,0.0007548024551999,6383206400.0,4.533388528860895e+18,48685.0,1.7047733113218526,1.721402743194924,bin_2
config_958,448,22,8,0.0254484098404645,0.8462859392166138,0.9301247000694276,0.2276359349489212,0.0008469525491818,64,61093.0,5688781049475170304,8007635456,78053248,8,1.48000481411763e-05,7975731200.0,5.666712381890903e+18,60856.0,1.621805428676918,1.6372492833215682,bin_2
config_958,448,22,8,0.0254484098404645,0.8462859392166138,0.9301247000694276,0.2276359349489212,0.0008469525491818,64,61093.0,5688781049475170304,8007635456,78053248,8,2.6189385599612166e-06,8001945600.0,5.68878104947517e+18,61093.0,1.621311506931899,1.6367534956580303,bin_2
config_959,1088,22,8,0.1274840086698532,0.8903167843818665,0.9378591775894164,0.1212211325764656,4.417045784066431e-05,64,60793.0,22829454247763312640,7968281088,379513984,8,4.417045784066431e-05,1592524800.0,4.5705473927841577e+18,12171.0,1.821215460437243,1.8405319407533427,bin_2
config_959,1088,22,8,0.1274840086698532,0.8903167843818665,0.9378591775894164,0.1212211325764656,4.417045784066431e-05,64,60793.0,22829454247763312640,7968281088,379513984,8,4.417045784066431e-05,3191603200.0,9.141094785568316e+18,24342.0,1.6969911207722836,1.7153970162594905,bin_2
config_959,1088,22,8,0.1274840086698532,0.8903167843818665,0.9378591775894164,0.1212211325764656,4.417045784066431e-05,64,60793.0,22829454247763312640,7968281088,379513984,8,4.417045784066431e-05,4784128000.0,1.3712017706032431e+19,36514.0,1.6396940199078107,1.656280960567662,bin_2
config_959,1088,22,8,0.1274840086698532,0.8903167843818665,0.9378591775894164,0.1212211325764656,4.417045784066431e-05,64,60793.0,22829454247763312640,7968281088,379513984,8,4.417045784066431e-05,6383206400.0,1.8282565098816588e+19,48685.0,1.6032816833550814,1.6192183275300949,bin_2
config_959,1088,22,8,0.1274840086698532,0.8903167843818665,0.9378591775894164,0.1212211325764656,4.417045784066431e-05,64,60793.0,22829454247763312640,7968281088,379513984,8,2.577459203621335e-07,7962624000.0,2.2829454247763317e+19,60793.0,1.5470228783908435,1.5619814793203697,bin_2
config_96,1024,9,16,0.09421207010746,0.8357014656066895,0.9289611577987672,0.1336427181959152,6.733372720191255e-05,64,26162.0,4214549522024497152,3429174784,167108608,8,6.733372720191255e-05,1592524800.0,1.9606789325189263e+18,12171.0,1.8537957928610629,1.873941319262395,bin_1
config_96,1024,9,16,0.09421207010746,0.8357014656066895,0.9289611577987672,0.1336427181959152,6.733372720191255e-05,64,26162.0,4214549522024497152,3429174784,167108608,8,3.489951764584255e-05,3191603200.0,3.9213578650378527e+18,24342.0,1.730770191130091,1.7495083825119206,bin_1
config_96,1024,9,16,0.09421207010746,0.8357014656066895,0.9289611577987672,0.1336427181959152,6.733372720191255e-05,64,26162.0,4214549522024497152,3429174784,167108608,8,2.3112263341617655e-07,3427532800.0,4.214549522024497e+18,26162.0,1.7092756077305216,1.727665924986855,bin_1
config_960,896,22,8,0.0218796171247959,0.8039240837097168,0.971621036529541,0.1976185590028762,2.2486665329779495e-05,32,3101.0,424226353181331456,203276048,267124480,8,2.2486665329779495e-05,101580800.0,2.120447750503269e+17,1550.0,2.8905769064582763,2.920676271954521,bin_0
config_960,896,22,8,0.0218796171247959,0.8039240837097168,0.971621036529541,0.1976185590028762,2.2486665329779495e-05,32,3101.0,424226353181331456,203276048,267124480,8,3.6742917205524654e-08,203161600.0,4.2422635318133146e+17,3101.0,2.649491174064699,2.677394719905541,bin_0
config_961,448,13,16,0.0166311562061309,0.8606749773025513,0.9889025688171388,0.0862841606140136,0.0056399167515337,64,14344.0,893247457005109248,1880205056,55336960,16,0.0056399167515337,1592524800.0,7.579276909655037e+17,12171.0,2.620396303544279,2.649191762267566,bin_0
config_961,448,13,16,0.0166311562061309,0.8606749773025513,0.9889025688171388,0.0862841606140136,0.0056399167515337,64,14344.0,893247457005109248,1880205056,55336960,16,0.0002006114285104,1874329600.0,8.932474570051092e+17,14344.0,2.469191106694644,2.4961243029891467,bin_0
config_963,576,19,8,0.001504338462837,0.873844563961029,0.9840560555458068,0.1229050606489181,0.0041102427057921,64,13080.0,1537219657907011584,1714524416,104626944,8,0.0023786718832524,1592524800.0,1.430389943148795e+18,12171.0,2.916474903450637,2.946978220978721,bin_1
config_963,576,19,8,0.001504338462837,0.873844563961029,0.9840560555458068,0.1229050606489181,0.0041102427057921,64,13080.0,1537219657907011584,1714524416,104626944,8,7.673135107266055e-05,1710489600.0,1.5372196579070116e+18,13080.0,2.856853804627403,2.88643737046445,bin_1
config_966,1152,7,16,0.0298108756542205,0.8778911828994751,0.9753968119621276,0.1143874898552894,0.0015226597897708,32,9646.0,767801822088314880,632166720,169413120,16,0.0015226597897708,314572800.0,3.8390091104415744e+17,4823.0,2.102486400057058,2.124093923998661,bin_0
config_966,1152,7,16,0.0298108756542205,0.8778911828994751,0.9753968119621276,0.1143874898552894,0.0015226597897708,32,9646.0,767801822088314880,632166720,169413120,16,6.350167754257357e-05,629145600.0,7.678018220883149e+17,9646.0,1.8950102999171272,1.9139286733064496,bin_0
config_967,1088,12,16,0.0019751153886318,0.9347426295280457,0.9050107598304749,0.1360038518905639,0.0003970832331106,32,6486.0,727733367750942720,425093952,231872384,8,0.0003970832331106,212992000.0,3.6386668387547136e+17,3243.0,2.0615954397936336,2.0817782657068284,bin_0
config_967,1088,12,16,0.0019751153886318,0.9347426295280457,0.9050107598304749,0.1360038518905639,0.0003970832331106,32,6486.0,727733367750942720,425093952,231872384,8,1.6207478902473737e-05,422707200.0,7.277333677509427e+17,6486.0,1.8613315967067343,1.880312985865796,bin_0
config_968,832,4,4,0.0014715912984684,0.8719964623451233,0.9164458513259888,0.1803254932165146,0.0005636195419356,64,26362.0,1856388317617127424,3455391232,75916672,16,0.0005636195419356,1592524800.0,8.570708676776442e+17,12171.0,1.8600123858060995,1.880143174265252,bin_1
config_968,832,4,4,0.0014715912984684,0.8719964623451233,0.9164458513259888,0.1803254932165146,0.0005636195419356,64,26362.0,1856388317617127424,3455391232,75916672,16,0.0002385866859613,3191603200.0,1.7141417353552883e+18,24342.0,1.7653687285986104,1.7848696901368313,bin_1
config_968,832,4,4,0.0014715912984684,0.8719964623451233,0.9164458513259888,0.1803254932165146,0.0005636195419356,64,26362.0,1856388317617127424,3455391232,75916672,16,1.4229822224337595e-06,3453747200.0,1.8563883176171277e+18,26362.0,1.7368934618058751,1.7560014789612566,bin_1
config_969,512,8,16,0.0017774045700207,0.9450258016586304,0.9842374324798584,0.2373764365911483,3.071608080063015e-05,32,6204.0,170241666631630848,406603488,53013504,16,3.071608080063015e-05,203161600.0,8.512083331581542e+16,3102.0,2.8592123712477138,2.8887902038605486,bin_0
config_969,512,8,16,0.0017774045700207,0.9450258016586304,0.9842374324798584,0.2373764365911483,3.071608080063015e-05,32,6204.0,170241666631630848,406603488,53013504,16,8.346761087127436e-08,406323200.0,1.7024166663163085e+17,6204.0,2.626539627450412,2.6544701645804234,bin_0
config_97,576,5,24,0.0035539634991437,0.8424938321113586,0.918358027935028,0.135920450091362,3.684882540255785e-05,32,5939.0,141678211567104000,389252000,48872448,16,3.684882540255785e-05,193331200.0,7.082717800012322e+16,2969.0,2.83113118468738,2.860892834585221,bin_0
config_97,576,5,24,0.0035539634991437,0.8424938321113586,0.918358027935028,0.135920450091362,3.684882540255785e-05,32,5939.0,141678211567104000,389252000,48872448,16,1.780798253655213e-06,386662400.0,1.41678211567104e+17,5939.0,2.615843042076611,2.643720206823505,bin_0
config_970,832,17,16,0.010089436545968,0.8973526954650879,0.9742259979248048,0.2036994397640228,1.5862831787671894e-05,64,48479.0,9325470262614884352,6354261504,186694144,8,1.5862831787671894e-05,1592524800.0,2.341226068324135e+18,12171.0,2.1742425729212216,2.19703835528405,bin_2
config_970,832,17,16,0.010089436545968,0.8973526954650879,0.9742259979248048,0.2036994397640228,1.5862831787671894e-05,64,48479.0,9325470262614884352,6354261504,186694144,8,1.5862831787671894e-05,3191603200.0,4.68245213664827e+18,24342.0,1.936210013471666,1.95679187172749,bin_2
config_970,832,17,16,0.010089436545968,0.8973526954650879,0.9742259979248048,0.2036994397640228,1.5862831787671894e-05,64,48479.0,9325470262614884352,6354261504,186694144,8,1.5862831787671894e-05,4784128000.0,7.023870566000121e+18,36514.0,1.843376757277817,1.861289355442172,bin_2
config_970,832,17,16,0.010089436545968,0.8973526954650879,0.9742259979248048,0.2036994397640228,1.5862831787671894e-05,64,48479.0,9325470262614884352,6354261504,186694144,8,4.65845186675912e-08,6350438400.0,9.325470262614884e+18,48479.0,1.7827540452558486,1.799974465233381,bin_2
config_971,832,5,16,0.0045982119627296,0.8599691987037659,0.9132108688354492,0.1208895966410636,0.0001913301530294,32,3819.0,152396356232220672,250318688,84438016,16,0.0001913301530294,124518400.0,7.617822572592544e+16,1909.0,2.3749944321835628,2.3992717953197293,bin_0
config_971,832,5,16,0.0045982119627296,0.8599691987037659,0.9132108688354492,0.1208895966410636,0.0001913301530294,32,3819.0,152396356232220672,250318688,84438016,16,7.885624528327175e-06,249036800.0,1.5239635623222067e+17,3819.0,2.126728089637444,2.1472425437364424,bin_0
config_972,1088,24,8,0.0060667004436254,0.8997802734375,0.966655433177948,0.0756280496716499,0.0002210157981608,64,61675.0,25025041345337819136,8083905024,409042304,8,0.0002210157981608,1592524800.0,4.938464178583001e+18,12171.0,1.6899651656385328,1.707521607993079,bin_2
config_972,1088,24,8,0.0060667004436254,0.8997802734375,0.966655433177948,0.0756280496716499,0.0002210157981608,64,61675.0,25025041345337819136,8083905024,409042304,8,0.0002210157981608,3191603200.0,9.876928357166002e+18,24342.0,1.5977331592411292,1.6144868767261504,bin_2
config_972,1088,24,8,0.0060667004436254,0.8997802734375,0.966655433177948,0.0756280496716499,0.0002210157981608,64,61675.0,25025041345337819136,8083905024,409042304,8,0.0002210157981608,4784128000.0,1.48157982923983e+19,36514.0,1.5569696533484536,1.5713209718172667,bin_2
config_972,1088,24,8,0.0060667004436254,0.8997802734375,0.966655433177948,0.0756280496716499,0.0002210157981608,64,61675.0,25025041345337819136,8083905024,409042304,8,0.0002210157981608,6383206400.0,1.97542624709813e+19,48685.0,1.5310144576772315,1.5451124248934571,bin_2
config_972,1088,24,8,0.0060667004436254,0.8997802734375,0.966655433177948,0.0756280496716499,0.0002210157981608,64,61675.0,25025041345337819136,8083905024,409042304,8,3.909477561806716e-05,7975731200.0,2.46927266495643e+19,60856.0,1.4754589142174015,1.4886328646784923,bin_2
config_972,1088,24,8,0.0060667004436254,0.8997802734375,0.966655433177948,0.0756280496716499,0.0002210157981608,64,61675.0,25025041345337819136,8083905024,409042304,8,1.1846901702444626e-06,8080588800.0,2.502504134533782e+19,61675.0,1.4704396287535058,1.4835531978138157,bin_2
config_973,320,14,20,0.0139355575665831,0.8114351630210876,0.987652599811554,0.2538731098175049,0.0001000051342998,32,12769.0,270823458801254400,836871680,35594880,16,0.0001000051342998,419430400.0,1.354011246759502e+17,6384.0,2.3602749677955126,2.385366877845076,bin_0
config_973,320,14,20,0.0139355575665831,0.8114351630210876,0.987652599811554,0.2538731098175049,0.0001000051342998,32,12769.0,270823458801254400,836871680,35594880,16,5.862689144391759e-07,835584000.0,2.708234588012544e+17,12769.0,2.098550042637059,2.120165874684443,bin_0
config_974,1088,22,16,0.002171300118789,0.8533669710159302,0.9573636054992676,0.1080391854047775,0.0015240624779835,64,38073.0,14297729874833571840,4990409728,379513984,8,0.0015240624779835,1592524800.0,4.5706319519501855e+18,12171.0,1.695170858023597,1.7125795110131874,bin_2
config_974,1088,22,16,0.002171300118789,0.8533669710159302,0.9573636054992676,0.1080391854047775,0.0015240624779835,64,38073.0,14297729874833571840,4990409728,379513984,8,0.0015240624779835,3191603200.0,9.141263903900372e+18,24342.0,1.6083898737977762,1.625241165747408,bin_2
config_974,1088,22,16,0.002171300118789,0.8533669710159302,0.9573636054992676,0.1080391854047775,0.0015240624779835,64,38073.0,14297729874833571840,4990409728,379513984,8,0.0005828714509769,4784128000.0,1.3712271390478109e+19,36514.0,1.5335186049586438,1.5480630163091127,bin_2
config_974,1088,22,16,0.002171300118789,0.8533669710159302,0.9573636054992676,0.1080391854047775,0.0015240624779835,64,38073.0,14297729874833571840,4990409728,379513984,8,8.522595913839498e-06,4987289600.0,1.4297729874833572e+19,38073.0,1.5132928498064886,1.5275042297801034,bin_2
config_975,960,17,16,0.0193163137882947,0.9164415001869202,0.9301259517669678,0.0015402854187414,0.0015484727919101,64,15339.0,3656666926529003520,2010578048,236305920,8,0.0015484727919101,1592524800.0,2.901446845477835e+18,12171.0,1.7282939159674722,1.74580916021691,bin_1
config_975,960,17,16,0.0193163137882947,0.9164415001869202,0.9301259517669678,0.0015402854187414,0.0015484727919101,64,15339.0,3656666926529003520,2010578048,236305920,8,0.0015484727919101,2005401600.0,3.656666926529004e+18,15339.0,1.6944894996041158,1.7114380769846869,bin_1
config_976,640,18,20,0.0088098747655749,0.8203990459442139,0.9784173369407654,0.0165969915688037,7.366479985648766e-05,64,17296.0,2323123275568250880,2267090944,123623680,8,7.366479985648766e-05,1592524800.0,1.6347556306048325e+18,12171.0,1.870563402625381,1.8906282074725045,bin_1
config_976,640,18,20,0.0088098747655749,0.8203990459442139,0.9784173369407654,0.0165969915688037,7.366479985648766e-05,64,17296.0,2323123275568250880,2267090944,123623680,8,1.1806901719158314e-05,2260992000.0,2.323123275568251e+18,17296.0,1.7862910821203326,1.8057384744433107,bin_1
config_977,896,7,16,0.0064735542982816,0.9222034811973572,0.9383334517478944,0.2639292478561401,0.0063503636047244,64,15992.0,1778184129504706560,2096132480,115709440,16,0.0057815395661969,1592524800.0,1.3533190995623926e+18,12171.0,2.38632233815115,2.410028266515888,bin_1
config_977,896,7,16,0.0064735542982816,0.9222034811973572,0.9383334517478944,0.2639292478561401,0.0063503636047244,64,15992.0,1778184129504706560,2096132480,115709440,16,6.32026709474938e-05,2090598400.0,1.7781841295047066e+18,15992.0,2.191248059194596,2.213164903062289,bin_1
config_978,1024,6,8,0.0111644053831696,0.8381044864654541,0.9935385584831238,0.2131605744361877,0.0054207001812756,32,7981.0,482444683617042432,523077984,128567296,16,0.0054207001812756,262144000.0,2.411921172324269e+17,3990.0,3.3796794750651373,3.414411578569256,bin_0
config_978,1024,6,8,0.0111644053831696,0.8381044864654541,0.9935385584831238,0.2131605744361877,0.0054207001812756,32,7981.0,482444683617042432,523077984,128567296,16,9.878995039361729e-05,521011200.0,4.824446836170424e+17,7981.0,3.202027548258422,3.2358378894211817,bin_0
config_979,1088,14,8,0.0025034353602677,0.9344386458396912,0.9595401287078856,0.2989751100540161,0.0020021419040858,64,70821.0,18032198038935699456,9282714624,261400704,8,0.0020021419040858,1592524800.0,3.098937918581867e+18,12171.0,1.679696047501486,1.6963663792805594,bin_2
config_979,1088,14,8,0.0025034353602677,0.9344386458396912,0.9595401287078856,0.2989751100540161,0.0020021419040858,64,70821.0,18032198038935699456,9282714624,261400704,8,0.0020021419040858,3191603200.0,6.197875837163734e+18,24342.0,1.6057618158371725,1.6226127324534243,bin_2
config_979,1088,14,8,0.0025034353602677,0.9344386458396912,0.9595401287078856,0.2989751100540161,0.0020021419040858,64,70821.0,18032198038935699456,9282714624,261400704,8,0.0020021419040858,4784128000.0,9.29706837228644e+18,36514.0,1.573156636875184,1.5879262309191655,bin_2
config_979,1088,14,8,0.0025034353602677,0.9344386458396912,0.9595401287078856,0.2989751100540161,0.0020021419040858,64,70821.0,18032198038935699456,9282714624,261400704,8,0.0020021419040858,6383206400.0,1.2396006290868308e+19,48685.0,1.553185666320754,1.5674451674985104,bin_2
config_979,1088,14,8,0.0025034353602677,0.9344386458396912,0.9595401287078856,0.2989751100540161,0.0020021419040858,64,70821.0,18032198038935699456,9282714624,261400704,8,0.0009428686027317,7975731200.0,1.5494944209450177e+19,60856.0,1.5094746158259813,1.523073065339542,bin_2
config_979,1088,14,8,0.0025034353602677,0.9344386458396912,0.9595401287078856,0.2989751100540161,0.0020021419040858,64,70821.0,18032198038935699456,9282714624,261400704,8,1.9857828359613403e-06,9279897600.0,1.80321980389357e+19,70821.0,1.4739572096359534,1.4885198702089122,bin_2
config_980,1088,9,16,0.0519159138202667,0.9029125571250916,0.9705094695091248,0.0564652755856514,0.0008452572510577,64,44816.0,8024130082382413824,5874164736,187579904,8,0.0008452572510577,1592524800.0,2.179170100693421e+18,12171.0,1.7233734674141057,1.7414271377540025,bin_2
config_980,1088,9,16,0.0519159138202667,0.9029125571250916,0.9705094695091248,0.0564652755856514,0.0008452572510577,64,44816.0,8024130082382413824,5874164736,187579904,8,0.0008452572510577,3191603200.0,4.358340201386842e+18,24342.0,1.6594294005339263,1.677379041929714,bin_2
config_980,1088,9,16,0.0519159138202667,0.9029125571250916,0.9705094695091248,0.0564652755856514,0.0008452572510577,64,44816.0,8024130082382413824,5874164736,187579904,8,0.0008452572510577,4784128000.0,6.537689348181709e+18,36514.0,1.633510467810709,1.6500915070049098,bin_2
config_980,1088,9,16,0.0519159138202667,0.9029125571250916,0.9705094695091248,0.0564652755856514,0.0008452572510577,64,44816.0,8024130082382413824,5874164736,187579904,8,5.345500401946358e-06,5872025600.0,8.024130082382414e+18,44816.0,1.5550655262001225,1.5701777988183694,bin_2
config_981,448,7,16,0.1650252640247345,0.8600093722343445,0.9899731874465942,0.2626772224903106,0.0081942798569798,32,5266.0,109828502461009920,345170080,40192768,16,0.0081942798569798,173670400.0,5.491425123050496e+16,2633.0,3.4854567160371874,3.520212439161832,bin_0
config_981,448,7,16,0.1650252640247345,0.8600093722343445,0.9899731874465942,0.2626772224903106,0.0081942798569798,32,5266.0,109828502461009920,345170080,40192768,16,9.480005619065708e-05,344064000.0,1.0982850246100992e+17,5266.0,2.84219762692686,2.8731558691869017,bin_0
config_982,320,9,10,0.0014104673173278,0.9856706857681274,0.9463449120521544,0.1173138171434402,0.0001117541905841,64,47114.0,1497612147953172480,6175382016,28628480,16,0.0001117541905841,1592524800.0,3.868794297393145e+17,12171.0,2.067555389443382,2.08853942062034,bin_1
config_982,320,9,10,0.0014104673173278,0.9856706857681274,0.9463449120521544,0.1173138171434402,0.0001117541905841,64,47114.0,1497612147953172480,6175382016,28628480,16,0.0001117541905841,3191603200.0,7.73758859478629e+17,24342.0,1.916276128722019,1.9367417570411185,bin_1
config_982,320,9,10,0.0014104673173278,0.9856706857681274,0.9463449120521544,0.1173138171434402,0.0001117541905841,64,47114.0,1497612147953172480,6175382016,28628480,16,0.0001117541905841,4784128000.0,1.160670076205844e+18,36514.0,1.864561505513113,1.8832078085180188,bin_1
config_982,320,9,10,0.0014104673173278,0.9856706857681274,0.9463449120521544,0.1173138171434402,0.0001117541905841,64,47114.0,1497612147953172480,6175382016,28628480,16,2.83075568695233e-07,6173491200.0,1.4976121479531725e+18,47114.0,1.8155155109577488,1.8339516819891384,bin_1
config_984,640,22,20,0.1086228042840957,0.8259413242340088,0.9227816462516784,0.0551689304411411,3.899680086760782e-05,64,31737.0,5031440200629288960,4159841024,143944960,8,3.899680086760782e-05,1592524800.0,1.9295352012433147e+18,12171.0,2.01002951612238,2.031370866396388,bin_1
config_984,640,22,20,0.1086228042840957,0.8259413242340088,0.9227816462516784,0.0551689304411411,3.899680086760782e-05,64,31737.0,5031440200629288960,4159841024,143944960,8,3.899680086760782e-05,3191603200.0,3.859070402486629e+18,24342.0,1.846901156550548,1.8675709002330656,bin_1
config_984,640,22,20,0.1086228042840957,0.8259413242340088,0.9227816462516784,0.0551689304411411,3.899680086760782e-05,64,31737.0,5031440200629288960,4159841024,143944960,8,8.245037897722802e-07,4154982400.0,5.031440200629289e+18,31737.0,1.777130008115143,1.797155740769183,bin_1
config_985,512,15,16,0.0014714102726429,0.8445362448692322,0.9038357734680176,0.0544733442366123,0.0008719900506548,128,41928.0,7143354918223478784,10991415296,76875776,16,0.0008719900506548,1599078400.0,1.0368836584694738e+18,6086.0,1.8093929178597496,1.82880791449156,bin_2
config_985,512,15,16,0.0014714102726429,0.8445362448692322,0.9038357734680176,0.0544733442366123,0.0008719900506548,128,41928.0,7143354918223478784,10991415296,76875776,16,0.0008719900506548,3185049600.0,2.0735969449937505e+18,12171.0,1.73417307169711,1.7529000179494014,bin_2
config_985,512,15,16,0.0014714102726429,0.8445362448692322,0.9038357734680176,0.0544733442366123,0.0008719900506548,128,41928.0,7143354918223478784,10991415296,76875776,16,0.0008719900506548,4784128000.0,3.110480603463224e+18,18257.0,1.7026100038309566,1.7196421207365442,bin_2
config_985,512,15,16,0.0014714102726429,0.8445362448692322,0.9038357734680176,0.0544733442366123,0.0008719900506548,128,41928.0,7143354918223478784,10991415296,76875776,16,0.0008719900506548,6383206400.0,4.147193889987501e+18,24342.0,1.6824317682375671,1.698757688608326,bin_2
config_985,512,15,16,0.0014714102726429,0.8445362448692322,0.9038357734680176,0.0544733442366123,0.0008719900506548,128,41928.0,7143354918223478784,10991415296,76875776,16,0.0008719900506548,7982284800.0,5.184077548456974e+18,30428.0,1.6692590108074126,1.685238302183933,bin_2
config_985,512,15,16,0.0014714102726429,0.8445362448692322,0.9038357734680176,0.0544733442366123,0.0008719900506548,128,41928.0,7143354918223478784,10991415296,76875776,16,0.0008719900506548,9568256000.0,6.220961206926448e+18,36514.0,1.6585954724765215,1.6745673115136193,bin_2
config_985,512,15,16,0.0014714102726429,0.8445362448692322,0.9038357734680176,0.0544733442366123,0.0008719900506548,128,41928.0,7143354918223478784,10991415296,76875776,16,1.0694577931816122e-05,10983833600.0,7.143354918223479e+18,41928.0,1.607342387770043,1.6222568827378945,bin_2
config_986,896,21,8,0.0740860477089881,0.8252427577972412,0.9238795638084412,0.2966546416282654,0.0085204876959323,64,14048.0,3690785802302226432,1841367936,257030144,8,0.0038809420798847,1592524800.0,3.197647636661475e+18,12171.0,3.5798282972711037,3.6178683848459214,bin_1
config_986,896,21,8,0.0740860477089881,0.8252427577972412,0.9238795638084412,0.2966546416282654,0.0085204876959323,64,14048.0,3690785802302226432,1841367936,257030144,8,9.814816640382752e-05,1835008000.0,3.6907858023022254e+18,14048.0,3.528231454560014,3.565468698525038,bin_1
config_987,832,5,16,0.0439998731017112,0.8300049304962158,0.9467779397964478,0.0239667538553476,0.0002807617129292,32,9902.0,395088586900660224,648952896,84438016,16,0.0002807617129292,324403200.0,1.975442934503301e+17,4951.0,2.0565233303288943,2.076615792337011,bin_0
config_987,832,5,16,0.0439998731017112,0.8300049304962158,0.9467779397964478,0.0239667538553476,0.0002807617129292,32,9902.0,395088586900660224,648952896,84438016,16,2.369297155520951e-06,648806400.0,3.950885869006602e+17,9902.0,1.9008728363865712,1.9205185173769463,bin_0
config_988,640,22,10,0.0112422825768589,0.9444506764411926,0.9090839624404908,0.2849893271923065,0.0010379831073805,32,7695.0,610008184064901120,504336128,143944960,8,0.0010379831073805,252313600.0,3.0496445537331706e+17,3847.0,2.1127847873187457,2.1335878570548825,bin_0
config_988,640,22,10,0.0112422825768589,0.9444506764411926,0.9090839624404908,0.2849893271923065,0.0010379831073805,32,7695.0,610008184064901120,504336128,143944960,8,2.130895977742945e-05,501350400.0,6.100081840649011e+17,7695.0,1.89074113306452,1.9104150578428487,bin_0
config_989,256,22,8,0.012510017491877,0.9668425917625428,0.9277886152267456,0.1942853480577469,0.0006462965393438,64,72854.0,3133077759228641280,9549234176,31625728,16,0.0006462965393438,1592524800.0,5.234124331892799e+17,12171.0,1.8939913441314071,1.9139057754297728,bin_1
config_989,256,22,8,0.012510017491877,0.9668425917625428,0.9277886152267456,0.1942853480577469,0.0006462965393438,64,72854.0,3133077759228641280,9549234176,31625728,16,0.0006462965393438,3191603200.0,1.0468248663785596e+18,24342.0,1.836139509091612,1.8553928365863737,bin_1
config_989,256,22,8,0.012510017491877,0.9668425917625428,0.9277886152267456,0.1942853480577469,0.0006462965393438,64,72854.0,3133077759228641280,9549234176,31625728,16,0.0006462965393438,4784128000.0,1.57028030445102e+18,36514.0,1.8115223485524536,1.8292211267987235,bin_1
config_989,256,22,8,0.012510017491877,0.9668425917625428,0.9277886152267456,0.1942853480577469,0.0006462965393438,64,72854.0,3133077759228641280,9549234176,31625728,16,0.0006462965393438,6383206400.0,2.0936927376403e+18,48685.0,1.796804521631022,1.8143555972615224,bin_1
config_989,256,22,8,0.012510017491877,0.9668425917625428,0.9277886152267456,0.1942853480577469,0.0006462965393438,64,72854.0,3133077759228641280,9549234176,31625728,16,0.0005481237571205,7975731200.0,2.61710517082958e+18,60856.0,1.777953990052958,1.7951922182567783,bin_1
config_989,256,22,8,0.012510017491877,0.9668425917625428,0.9277886152267456,0.1942853480577469,0.0006462965393438,64,72854.0,3133077759228641280,9549234176,31625728,16,1.826470366945608e-07,9548595200.0,3.1330777592286413e+18,72854.0,1.7159178461012292,1.732748880777203,bin_1
config_990,704,13,16,0.0177435874938964,0.9853432178497314,0.9188015460968018,0.0542804040014743,0.0026331504341214,64,46362.0,5647178473422520320,6076801536,117415936,16,0.0026331504341214,1592524800.0,1.4825031103064036e+18,12171.0,3.6094405905145113,3.643939180843166,bin_2
config_990,704,13,16,0.0177435874938964,0.9853432178497314,0.9188015460968018,0.0542804040014743,0.0026331504341214,64,46362.0,5647178473422520320,6076801536,117415936,16,0.0026331504341214,3191603200.0,2.965006220612807e+18,24342.0,3.642462703048206,3.679387385024399,bin_2
config_990,704,13,16,0.0177435874938964,0.9853432178497314,0.9188015460968018,0.0542804040014743,0.0026331504341214,64,46362.0,5647178473422520320,6076801536,117415936,16,0.0026331504341214,4784128000.0,4.447631137106896e+18,36514.0,3.564979013536797,3.5903052765424133,bin_2
config_990,704,13,16,0.0177435874938964,0.9853432178497314,0.9188015460968018,0.0542804040014743,0.0026331504341214,64,46362.0,5647178473422520320,6076801536,117415936,16,1.2558746108687608e-05,6075187200.0,5.64717847342252e+18,46362.0,3.4271459014298484,3.461943151364561,bin_2
config_991,960,8,12,0.0619179755449295,0.958158791065216,0.9360157251358032,0.2802999913692474,2.1751902750111185e-05,64,11002.0,1455401732629708800,1442161536,136755840,16,2.1751902750111185e-05,720896000.0,7.277008663148544e+17,5501.0,2.301991787777572,2.325482810208055,bin_1
config_991,960,8,12,0.0619179755449295,0.958158791065216,0.9360157251358032,0.2802999913692474,2.1751902750111185e-05,64,11002.0,1455401732629708800,1442161536,136755840,16,1.4110867823619402e-08,1441792000.0,1.4554017326297088e+18,11002.0,2.0873965610832466,2.1089350367374107,bin_1
config_992,1088,19,8,0.0384127683937549,0.9715422987937928,0.9716871380805968,0.1220858097076416,0.0002464149729348,32,6168.0,1018341190032297984,404246496,335221504,8,0.0002464149729348,203161600.0,5.09170595016149e+17,3084.0,2.0751656237782026,2.095341039466076,bin_0
config_992,1088,19,8,0.0384127683937549,0.9715422987937928,0.9716871380805968,0.1220858097076416,0.0002464149729348,32,6168.0,1018341190032297984,404246496,335221504,8,5.890397759399351e-06,403046400.0,1.018341190032298e+18,6168.0,1.8504421347281967,1.8690302607270537,bin_0
config_993,256,4,16,0.001084235147573,0.8189805746078491,0.915785551071167,0.2115098387002945,0.0064638904295861,64,13858.0,223133980914745344,1816482048,16281088,16,0.0037667433823722,1592524800.0,1.9597082419637507e+17,12171.0,2.0243814333149643,2.0470961212330177,bin_0
config_993,256,4,16,0.001084235147573,0.8189805746078491,0.915785551071167,0.2115098387002945,0.0064638904295861,64,13858.0,223133980914745344,1816482048,16281088,16,1.7642826146943395e-05,1815347200.0,2.231339809147453e+17,13858.0,1.9771884812292504,1.999423508683189,bin_0
config_994,448,19,4,0.0377534814178943,0.8111656904220581,0.91541588306427,0.1673393249511718,0.0054784687235951,64,16675.0,1381336757011513344,2185752832,70481152,16,0.0054784687235951,1592524800.0,1.0082308647428562e+18,12171.0,1.9248931880857123,1.9452136813617145,bin_1
config_994,448,19,4,0.0377534814178943,0.8111656904220581,0.91541588306427,0.1673393249511718,0.0054784687235951,64,16675.0,1381336757011513344,2185752832,70481152,16,4.909022153759112e-05,2182348800.0,1.381336757011513e+18,16675.0,1.7712231216274323,1.7898277790429162,bin_1
config_996,832,19,8,0.0019753254018723,0.8552501797676086,0.901537835597992,0.1173550710082054,1.4371056749951094e-05,32,4568.0,482275059286904832,299415136,203736832,8,1.4371056749951094e-05,150732800.0,2.411375296434524e+17,2284.0,2.925444133828898,2.955814925373577,bin_0
config_996,832,19,8,0.0019753254018723,0.8552501797676086,0.901537835597992,0.1173550710082054,1.4371056749951094e-05,32,4568.0,482275059286904832,299415136,203736832,8,4.826101147371638e-07,298188800.0,4.822750592869048e+17,4568.0,2.696798707149068,2.7250698683691805,bin_0
config_997,384,10,12,0.1678781658411026,0.9638478755950928,0.9783593416213988,0.2234866917133331,0.0006034533726051,64,27416.0,1136937384237662208,3593600256,37009152,16,0.0006034533726051,1592524800.0,5.047295339785741e+17,12171.0,1.8668520139866187,1.8868994089032785,bin_1
config_997,384,10,12,0.1678781658411026,0.9638478755950928,0.9783593416213988,0.2234866917133331,0.0006034533726051,64,27416.0,1136937384237662208,3593600256,37009152,16,0.0003019729134009,3191603200.0,1.0094590679571482e+18,24342.0,1.779404456146428,1.7983136082477258,bin_1
config_997,384,10,12,0.1678781658411026,0.9638478755950928,0.9783593416213988,0.2234866917133331,0.0006034533726051,64,27416.0,1136937384237662208,3593600256,37009152,16,1.5758534293589454e-06,3591372800.0,1.1369373842376622e+18,27416.0,1.7304978315947486,1.7488396877538963,bin_1
config_998,960,4,24,0.0865956619381904,0.9087481498718262,0.9491114616394044,0.0529725737869739,0.0001744240289554,32,9610.0,408995219621928960,629816256,92511360,16,0.0001744240289554,314572800.0,2.0449760981096448e+17,4805.0,2.110109515815485,2.130993254458318,bin_0
config_998,960,4,24,0.0865956619381904,0.9087481498718262,0.9491114616394044,0.0529725737869739,0.0001744240289554,32,9610.0,408995219621928960,629816256,92511360,16,3.426798211304512e-06,629145600.0,4.0899521962192896e+17,9610.0,1.932119369975856,1.9524851538314196,bin_0
