config_id,real_data/nll,real_data/roc_auc,val/large/val_loss,val/medium/val_loss,val/small/val_loss,val/val_loss,total_flops,total_cells,config/effective_batch_size,config/lr,config/max_features,config/model_config.embedding_size,config/model_config.num_layers,config/num_datapoints_max,parameters,flops_bin
v1_1,0.983059058402547,0.3466321769059864,1.9111677394248543,1.898024395108223,1.9021647842600944,1.903785639597724,224184422400.0,8388608,64,0.0008729472756385,128,16,1,128,6202.0,bin_0
v1_2,1.193365586454567,0.6812511884059503,1.0732032924352095,1.0282049775123596,1.034769946243614,1.0453927387303945,14552757651456.0,536870912,32,0.0007286315667442,128,16,1,256,6202.0,bin_1
v1_3,1.097061720465476,0.3053255553969839,1.1891083408845589,1.1426341440528631,1.150560254231095,1.1607675797228392,13971697090560.0,33554432,256,0.0008934646029956,32,64,1,256,86218.0,bin_1
v1_4,1.0823256526747198,0.5145429847929847,1.6663610445102677,1.620203980244696,1.624348919838667,1.6369713148645435,1803220635648.0,8388608,16,0.0203614346683025,64,16,8,128,37002.0,bin_0
v1_5,1.3573329104229792,0.4513284171736553,1.8082553860731423,1.761360077187419,1.7810709746554494,1.7835621459720037,1266572798976.0,4194304,256,0.0431165471673011,32,16,8,512,37002.0,bin_0
v1_6,1.04103938557549,0.3127439562201466,1.622122444212437,1.5788717772811651,1.5817253114655614,1.594239844319721,552347418624.0,1048576,64,0.0066761365160346,64,32,4,128,73610.0,bin_0
v1_8,1.1074411460961426,0.4540828003566098,1.6998866315698251,1.6590709583833814,1.6636898266151547,1.6742158055227871,555641880576.0,2097152,128,0.025823526084423,64,16,8,128,37002.0,bin_0
v1_9,1.0243623041648109,0.5403615040162659,1.580112459603697,1.5562991425395012,1.5619674269109964,1.566126343018065,13983124740096.0,33554432,16,0.0001514735922683,128,32,4,512,73610.0,bin_1
v1_11,0.9340503536749593,0.7533766586147537,1.1427047409670197,1.0560738067142663,1.039152498356998,1.079310348679428,55395165265920.0,67108864,128,0.0007748620118945,32,64,2,256,152970.0,bin_2
v1_12,0.9204069897188116,0.7759100749338845,1.08182422642858,1.00489345472306,0.991576524451375,1.0260980685343384,110561208532992.0,536870912,64,0.0002514912921469,64,32,2,256,39626.0,bin_2
v1_13,1.0471289852088488,0.3938741012074345,1.1471192280005198,1.112030018121004,1.1134127005934715,1.124187315571665,54493298442240.0,134217728,32,0.012006145901978,64,64,1,256,86218.0,bin_2
v1_14,1.038707889086515,0.2980150872055634,1.3201409897301346,1.259707823395729,1.258687587454915,1.2795121335269262,7005404491776.0,8388608,64,0.0024170360993593,32,32,8,128,141578.0,bin_1
v1_15,1.1691183008281747,0.3408055176745653,1.2779885343043134,1.2390717593953011,1.2355307778343558,1.2508636905113235,13963096768512.0,67108864,256,0.001021787407808,32,32,2,512,39626.0,bin_1
v1_16,0.9876168606820764,0.2936308625237196,2.2975312266498804,2.298960443586111,2.298161894083023,2.298217854773005,903266930688.0,1048576,32,0.0001984489499591,32,32,8,512,141578.0,bin_0
v1_17,1.0512206385256275,0.4408227046322284,1.4239051140611991,1.3937585074454546,1.3962504211813211,1.4046380142293249,7275977174016.0,16777216,128,0.002626665867865,64,32,4,512,73610.0,bin_1
v1_18,0.9688355341914,0.6905144811097191,1.0954051157896174,1.0310821942985058,1.0304381274618208,1.0523084791833146,55910995138560.0,268435456,64,0.0005281225894577,64,32,2,512,39626.0,bin_2
v1_19,1.0370680052943742,0.6131073120001691,1.1594313177047295,1.1121742660179734,1.1157644903287292,1.129123358017144,6936981602304.0,16777216,16,0.0005952829960733,64,64,1,512,86218.0,bin_1
v1_20,0.9481574488486144,0.610610286538858,1.0190317406922986,0.9816550039686264,0.9800291820429264,0.9935719755679504,110841523528704.0,536870912,16,0.0017359686316922,128,32,2,512,39626.0,bin_2
v1_21,1.1036253724558158,0.6915673550435454,1.105548045510659,1.050053057260811,1.0525467284023762,1.0693826103912822,7336060833792.0,268435456,64,0.0003508644585963,32,16,1,256,6202.0,bin_1
v1_22,0.9530073184607184,0.6647092752926087,1.0558602567980415,0.9700382789596916,0.9544387264177204,0.9934457540584845,437353518440448.0,268435456,128,0.0005983548471704,32,64,4,128,286474.0,bin_3
v1_24,0.9770729289709718,0.6010793822579537,1.7588823405094445,1.7342916475608945,1.815461094491184,1.7695450275205076,119028513278976.0,67108864,256,0.0061898343265056,128,64,4,512,286474.0,bin_2
v1_26,0.8636882607866255,0.7810911187577855,0.9944379055159516,0.9484823518432676,0.9492160347290336,0.9640454306960844,219884188065792.0,1073741824,16,0.0002726345264818,64,32,2,128,39626.0,bin_2
v1_27,1.0988891101179985,0.3511221089316327,1.3008687501423992,1.2596810394898057,1.2654437106102705,1.2753311667474918,486613254144.0,16777216,256,0.026286594569683,32,16,1,256,6202.0,bin_0
v1_28,0.954148004795028,0.5923760895189466,2.2187004100997,2.2178631108254194,2.2174968998879194,2.218020140271013,846163193856.0,8388608,256,0.0004930130089633,128,32,1,256,22634.0,bin_0
v1_29,0.9552311592406808,0.2537948317114983,1.025811916362727,0.9897368871606886,0.9890481615439056,1.0015323216891072,28412079931392.0,268435456,32,0.0073232902213931,64,16,4,128,19402.0,bin_2
v1_30,1.1608916709616974,0.3538748403272212,1.220853500344674,1.1447187457233667,1.15427376748994,1.1732820045193268,892360937472.0,8388608,16,0.0108880065381526,64,32,1,512,22634.0,bin_0
v1_31,0.8506292068221208,0.7865269893246083,1.0101515385540552,0.9752862208988518,0.9738399181514978,0.9864258925348016,14363288352768.0,268435456,32,0.0082848723977804,32,16,2,128,10602.0,bin_1
v1_32,1.0468210154297284,0.4034585740538122,1.6467990835662931,1.6071645990014076,1.60825439915061,1.6207393605727702,448575301632.0,8388608,16,0.0309607591480016,32,16,2,128,10602.0,bin_0
v1_34,1.0575863444700506,0.3999932325170419,1.2113641426258257,1.1561195817776024,1.1598227634094656,1.1757688292709645,440208728064.0,4194304,32,0.0020619384013116,64,32,1,128,22634.0,bin_0
v1_35,0.9733795449851264,0.3486860582098677,2.163195249857381,2.158404652029276,2.1604688242077827,2.160689575364813,72274673664.0,2097152,256,0.0004833703278563,32,16,1,256,6202.0,bin_0
v1_36,1.1595545167383865,0.3402472615567853,1.187392562365858,1.1397053729742763,1.144202399533242,1.1571001116244588,119427656893440.0,536870912,256,0.0006235205219127,64,16,8,512,37002.0,bin_2
v1_37,1.0587254864503897,0.4824539442039441,1.6437814270611852,1.6055613877251744,1.6099534630775452,1.619765425954635,118855706932992.0,536870912,16,0.0054192738607525,64,16,8,512,37002.0,bin_2
v1_38,1.0013841829616468,0.3538752327918994,1.157865869870875,1.1095443638041615,1.1084273485466838,1.1252791940739069,28274309640192.0,268435456,32,0.0299689304083585,32,32,1,512,22634.0,bin_2
v1_39,0.9730540404252584,0.3480688143426238,2.133348591858521,2.1277907006442547,2.12991357780993,2.130350956770902,75506466816.0,2097152,256,0.0018067613709717,32,16,1,512,6202.0,bin_0
v1_40,0.6166346050777421,0.8595648148148148,0.9835303225700044,0.8996310788206756,0.9002443966455758,0.927801932678752,1757983446257664.0,1073741824,128,0.0015187064418569,32,64,4,512,286474.0,bin_3
v1_41,0.9827137989440056,0.6047367879034545,1.8853815228212625,1.8702609855681656,1.8743642820045352,1.876668930131321,1811677040640.0,4194304,16,0.0001193553616758,32,32,4,512,73610.0,bin_0
v1_42,1.0606611542670503,0.4846661116661117,1.6467359585221857,1.6062977872788906,1.6086736544966698,1.620569133432582,15115482341376.0,134217728,256,0.0199451800435781,32,16,4,512,19402.0,bin_1
v1_43,1.012261951573125,0.60282675613628,1.831518077524379,1.8124642530456183,1.814509407617152,1.819497246062383,443787866112.0,1048576,16,0.000372650421923,32,32,4,256,73610.0,bin_0
v1_44,0.9867479165639068,0.4121708111112872,1.931128644384444,1.918672337196768,1.923068039119244,1.9242896735668185,1900934353920.0,1048576,128,0.0043426626361906,64,32,8,256,141578.0,bin_0
v1_45,1.052931543354907,0.4248561487013868,1.132112458035408,1.103217537980527,1.1281094439327717,1.121146479982902,55246557609984.0,268435456,256,0.0127435438334941,64,32,2,256,39626.0,bin_2
v1_46,0.9614712482382548,0.4896636938898844,1.0400433444810917,0.9764521608594804,0.9683489659801126,0.9949481571068948,110341677950976.0,268435456,32,0.0009313364862464,64,32,4,256,73610.0,bin_2
v1_47,1.0065729690429752,0.3463792909031005,1.753577217226848,1.7347931414842606,1.7400545263662934,1.7428082950258006,461244678144.0,16777216,64,0.0003467036876827,32,16,1,256,6202.0,bin_0
v1_49,0.8368491136997278,0.8162061020989593,1.05739460256882,1.0114932199940083,1.0101062613539398,1.026331361305589,7216269324288.0,268435456,32,0.0081511745229363,128,16,1,128,6202.0,bin_1
v1_50,1.0416501251011572,0.5080333392357202,1.6291347967926413,1.6072160471230743,1.6064518839120865,1.6142675759426008,3831171895296.0,2097152,16,0.0008553994703106,128,64,4,256,286474.0,bin_1
v1_51,0.9859688256619646,0.5181391289486528,1.910664833150804,1.8979335390031336,1.9018708672374487,1.903489746463796,58127262067200.0,33554432,256,0.0003419801942072,128,64,4,512,286474.0,bin_2
v1_52,0.9330907751789153,0.6522351854494711,1.0208424657066644,0.9508020519278944,0.9509820882230996,0.9742088686192196,1735547604762624.0,1073741824,256,0.0006597834872081,64,64,4,256,286474.0,bin_3
v1_53,0.973247548663938,0.3485602673340768,2.1350982836447656,2.129373861476779,2.1317687053233385,2.132080283481628,486520725504.0,16777216,128,0.0001348750956822,64,16,1,256,6202.0,bin_0
v1_54,0.970582844561658,0.530575550551741,1.0888874084776037,1.0382725344970822,1.0374441114254296,1.0548680181333718,216680873355264.0,536870912,128,0.0011246491922065,128,64,1,512,86218.0,bin_2
v1_56,0.9731548712434755,0.3482383978455406,2.125855059362948,2.1198328491300344,2.122282449156046,2.122656785883009,138232553472.0,4194304,64,0.0002906769223045,32,16,1,512,6202.0,bin_0
v1_57,1.0862916975312795,0.2993878057568533,1.3070170353748836,1.2828011205419898,1.3379586851224303,1.3092589470131013,7097394650112.0,8388608,16,0.0022703548893332,128,32,8,512,141578.0,bin_1
v1_58,0.9676536115661284,0.3032840691054977,1.0956792418437544,1.0216211597435176,1.0118638211861253,1.0430547409244657,109479815282688.0,67108864,64,0.0005319071933627,32,64,4,256,286474.0,bin_2
v1_59,0.9364790089868934,0.6045709823686014,1.1582043719099602,1.0708386595360937,1.0530037968419492,1.0940156094293343,448990475182080.0,1073741824,256,0.0001004443329293,32,32,4,512,73610.0,bin_3
v1_60,1.1177583678640286,0.3460958930839883,1.3551986959646456,1.3261605892330408,1.327341734431684,1.33623367320979,980160571392.0,16777216,128,0.0046614254824817,32,16,2,512,10602.0,bin_0
v1_61,0.9789727373844944,0.4029616499021261,2.251742832828313,2.2501531932502985,2.248052125796676,2.2499827172917626,91520979456.0,1048576,16,0.0003608106053434,128,16,2,512,10602.0,bin_0
v1_62,0.9847813282254866,0.3938190121166311,2.2139378739520907,2.21179274097085,2.212363565340638,2.21269806008786,8105388069888.0,33554432,256,0.0001556973875267,32,16,8,512,37002.0,bin_1
v1_63,1.102568391768426,0.4863059995559995,1.6588563185650855,1.61266877502203,1.61475345864892,1.6287595174120115,54777024528384.0,134217728,16,0.0121997408568859,128,32,4,128,73610.0,bin_2
v1_65,0.9542982820681104,0.5653626743626744,1.0578851383979782,0.99918075138703,1.0007929359562695,1.0192862752470926,55428657469440.0,134217728,16,0.0011227030772715,64,32,4,512,73610.0,bin_2
v1_66,1.0024249676027497,0.3440923001161096,2.110632261261344,2.1053393613547087,2.1108276955783367,2.1089331060647964,908073682944.0,4194304,128,0.000817229563836,128,32,2,256,39626.0,bin_0
v1_67,1.0345410752887465,0.4691837791837791,1.6536576482467351,1.619788181968033,1.6208908185362816,1.6314455495836837,1735481684944896.0,536870912,16,0.0060464353300631,64,64,8,512,553482.0,bin_3
v1_69,0.9532632780608812,0.4561259463640415,1.11170706901612,1.002047569025308,0.9717209544032812,1.0284918641482363,221204986257408.0,268435456,32,0.0001100158333429,32,32,8,128,141578.0,bin_2
v1_70,0.9518386791752294,0.6163588127040508,2.0997466223780066,2.0954007375985384,2.1000123377889395,2.098386565921828,479288930304.0,1048576,32,0.0001563710393384,32,32,4,256,73610.0,bin_0
v1_71,1.0633072486381128,0.5,1.6474169127177447,1.6058638347312808,1.607484519481659,1.6202550889768947,884955364368384.0,1073741824,64,0.022458977997303,32,32,8,128,141578.0,bin_3
v1_72,1.099545868143091,0.3672039798825512,1.6511545449029654,1.606875597499311,1.6121702585369349,1.6234001336464037,912681879552.0,8388608,128,0.0077806762419641,128,16,4,128,19402.0,bin_0
v1_73,1.00174304982278,0.301897833207357,2.3170664492063224,2.318868935108185,2.3189192973077297,2.318284893874079,1814276099328.0,2097152,32,0.000269585987553,128,32,8,512,141578.0,bin_0
v1_74,0.9656090037098464,0.3985578667364381,2.0690123648382723,2.0617173947393894,2.061808074824512,2.0641792781340578,120228280320.0,2097152,32,0.0005727877141907,128,16,2,128,10602.0,bin_0
v1_75,1.0797580615716154,0.6192200894343752,1.65232028986793,1.611935131251812,1.6154353888705373,1.6265636033300932,3686792454144.0,33554432,256,0.0144496466964483,64,16,4,256,19402.0,bin_1
v1_77,1.0764525586211744,0.3463042112208779,1.586040334077552,1.556734636425972,1.562927396968007,1.5685674558238436,236803227648.0,8388608,256,0.0044311778619885,32,16,1,256,6202.0,bin_0
v1_78,1.0579375067429757,0.521067599067599,1.6452839421108365,1.605810284614563,1.6069315867498517,1.6193419378250835,3458847094370304.0,1073741824,32,0.0019692180212587,64,64,8,128,553482.0,bin_3
v1_80,1.0841421445521562,0.3272854592497449,1.4052783678052947,1.3738361075520515,1.3672942770645022,1.3821362508072828,444083331072.0,1048576,64,0.0028458982706069,32,32,4,128,73610.0,bin_0
v1_81,0.982047570728608,0.4996950188259711,1.1725572865398135,1.122513649519533,1.1301347403787076,1.1417352254793514,27889862320128.0,33554432,64,0.0012770004104822,128,64,2,256,152970.0,bin_2
v1_82,1.07337181605623,0.294190638726353,1.2915322468033992,1.259450912475586,1.2677092961966991,1.2728974851585615,874384404480.0,8388608,64,0.0016119667561724,128,32,1,128,22634.0,bin_0
v1_83,1.1678211078460807,0.5586758673425339,1.6770189789822323,1.6371701741591096,1.6466388441622255,1.653609332434523,561586243584.0,1048576,16,0.0051114712841808,64,32,4,512,73610.0,bin_0
v1_84,0.959604675425954,0.5293570159998732,2.162704975809902,2.1588554065674543,2.1591804400086403,2.160246940795332,3474278952960.0,4194304,32,0.0001179367027361,128,64,2,256,152970.0,bin_1
v1_85,1.0190955629977567,0.3555804579018864,1.1499413972196637,1.0760528622195125,1.0693736379034815,1.098455965780886,436134891906048.0,134217728,128,0.0004366289358586,64,64,8,512,553482.0,bin_3
v1_86,1.0863354401786385,0.3494909495266638,1.416638951515779,1.3884015195071695,1.3856658432632685,1.3969021047620724,1901415383040.0,4194304,128,0.0010331749217584,64,64,1,128,86218.0,bin_0
v1_87,1.4167748791888506,0.3511177808082569,1.2930251696088817,1.2606517574749887,1.2587423310615122,1.2708064193817945,1018386210816.0,33554432,256,0.0161561667919158,128,16,1,256,6202.0,bin_0
v1_88,0.9987689197096882,0.4106691399429494,1.2921131462207995,1.2392622134648263,1.2430868819355965,1.2581540805404074,3424562399232.0,16777216,16,0.004346122033894,128,32,2,256,39626.0,bin_1
v1_89,1.031066361587584,0.3958063567825472,1.1384789099538466,1.082135010510683,1.085838328115642,1.102150749526724,214352490811392.0,67108864,128,0.0005331585998646,128,64,8,128,553482.0,bin_2
v1_90,0.9430455121201424,0.5303166573285621,1.009878066375677,0.9734286130405962,0.9742973153479396,0.9858679982547376,29323656579072.0,1073741824,32,0.0134361190721392,32,16,1,256,6202.0,bin_2
v1_91,1.1099179723646104,0.5241126488150297,1.5652543221367523,1.5335456300526855,1.533354265615344,1.5440514059349273,8503570212864.0,4194304,64,0.0025970956776291,64,64,4,512,286474.0,bin_1
v1_94,1.0656455084612146,0.3044565914684962,1.1287980234337738,1.067737768869847,1.072767085861415,1.0897676260550118,27590616364032.0,33554432,16,0.0003027581551577,64,32,8,256,141578.0,bin_2
v1_95,0.9766131833051862,0.3952855323688657,1.9288325344678008,1.9157781889662149,1.917473473586142,1.9206947323400527,306752391168.0,4194304,256,0.0053746500052511,32,16,2,512,10602.0,bin_0
v1_96,0.926333713987058,0.7639703153988867,0.9802507327767672,0.9425398639868944,0.9445778974331916,0.9557894980656176,436980311347200.0,1073741824,128,0.0014370064018294,128,32,4,128,73610.0,bin_3
v1_97,0.9220205870639632,0.7551239104810533,1.1165725378450588,1.0515144364908338,1.047493260819465,1.071860078385119,110260907495424.0,134217728,128,0.0020030175801366,64,64,2,512,152970.0,bin_2
v1_98,0.954996669995242,0.6030609491919016,1.0805892045646033,1.0116764188278466,0.997241364326328,1.029835662572926,220201950154752.0,134217728,64,0.0008043731795623,32,64,4,512,286474.0,bin_2
v1_99,0.9686916229978704,0.397167430012668,1.9846069749910384,1.97416658885777,1.975223667919636,1.977999077256148,1923848338944.0,33554432,128,0.00095809425693,128,16,2,512,10602.0,bin_0
v1_100,1.0649750190233185,0.4827791293803198,1.6464019252453,1.6065994072705507,1.607955719344318,1.6203190172867228,431157083695104.0,134217728,128,0.0169104095548391,128,64,8,128,553482.0,bin_3
v1_101,1.1232495980807882,0.3989135776040537,1.2221348581078928,1.1781709156930449,1.1838700426742437,1.1947252721583936,873275510784.0,4194304,32,0.0013770733494311,64,32,2,128,39626.0,bin_0
v1_102,1.115834863587254,0.4883133138906948,1.715192647301592,1.6594392680563033,1.6605205982923508,1.6783841712167489,54427890801408.0,16777216,16,0.0316546596586704,128,64,8,512,553482.0,bin_2
v1_103,0.820419261008233,0.7718539251753538,1.0251282640965655,0.9670737872365862,0.9598978427238762,0.9840332980190092,439485748199424.0,1073741824,32,0.0002364343090448,32,64,1,128,86218.0,bin_3
v1_104,0.9433685891008916,0.6674413910604388,1.0521013366014813,1.0015889941714704,0.9935830193571746,1.0157577833767089,108936767102976.0,134217728,128,0.0051759597845375,64,64,2,128,152970.0,bin_2
v1_106,0.9921835526594492,0.3078340121078216,1.0762841382165789,1.0240158676169813,1.0223408956080675,1.0408803004805425,110335625961216.0,134217728,16,0.0008133753435686,128,32,8,512,141578.0,bin_2
v1_107,0.9542602237899694,0.584127647925267,2.073356544831768,2.0677436916157603,2.067903636023402,2.06966795749031,110755430400.0,1048576,128,0.0008711118716746,32,32,1,128,22634.0,bin_0
v1_108,1.0051107872872362,0.4225799081870511,1.2062735993240494,1.1491828612051904,1.1447640070691705,1.1667401558661368,3399965356032.0,8388608,16,0.003513592062518,32,64,1,512,86218.0,bin_1
v1_110,0.4074190730525013,0.9736108221584412,0.9340363393457664,0.8916758159175515,0.8953394368290901,0.907017197364136,3460759410610176.0,1073741824,32,0.0002996201219502,64,64,8,128,553482.0,bin_3
v1_111,1.0319544783161438,0.4397360117836308,1.210111728811171,1.1639517256990075,1.1746748234145343,1.1829127593082376,109928077295616.0,1073741824,256,0.0001024362645694,128,32,1,256,22634.0,bin_2
v1_112,1.2654029630738437,0.3750676232938137,1.2448799792327918,1.2108172960579395,1.2109934650361538,1.2222302467756283,3620491309056.0,134217728,256,0.0005463405395857,64,16,1,128,6202.0,bin_1
v1_113,1.078875214106015,0.3479255761874809,1.5240421635098755,1.4990095496177671,1.5048021208494902,1.509284611325711,1836225165312.0,67108864,64,0.000526477175299,128,16,1,256,6202.0,bin_0
v1_114,1.1133457521470966,0.5972478051049479,1.7337715202011168,1.6303591933101416,1.6295718969777226,1.6645675368296604,481804293120.0,8388608,16,0.0403888188302516,64,16,2,512,10602.0,bin_0
v1_115,1.0618611743119244,0.5138397405064071,1.6462861292529851,1.6064321333542466,1.6079758200794458,1.6202313608955592,443095833197568.0,536870912,32,0.0253095664083957,128,32,8,512,141578.0,bin_3
v1_116,1.2548646162508037,0.3761871479490526,1.2051878889033103,1.1640772805549204,1.1639382964931428,1.177734488650458,3589260374016.0,33554432,32,0.0007266108877956,64,16,4,256,19402.0,bin_1
v1_119,0.9482985372057172,0.523148633993872,1.1547695443732664,1.0752040427178144,1.0750324255786836,1.1016686708899217,13879481094144.0,67108864,128,0.0021787385921925,64,32,2,256,39626.0,bin_1
v1_120,1.205285731141179,0.3431795312271502,1.2188268991594668,1.1746171447448432,1.1732284408062696,1.18889082823686,444618289210368.0,134217728,256,0.000447681028163,64,64,8,512,553482.0,bin_3
v1_121,0.9776581583518203,0.5743323057013533,1.059914370016486,1.0234756325371563,1.024417127482593,1.0359357100120783,27783496273920.0,268435456,32,0.0040895589627325,128,32,1,512,22634.0,bin_2
v1_122,1.0489853872182906,0.560515901646854,1.179808266701002,1.1351821809075773,1.1369026605971158,1.150631036068565,54202468976640.0,33554432,16,0.0033790320158004,64,64,4,512,286474.0,bin_2
v1_123,0.96301844927057,0.65071994627947,1.1287247637737892,1.03452266799286,1.0114064617082477,1.0582179644916323,13834612580352.0,33554432,32,0.0009817455429583,32,32,4,128,73610.0,bin_1
v1_124,1.0207717928954665,0.6794069977641405,1.18548740951519,1.0923592778854072,1.0673924004659057,1.115079695955501,29867096985600.0,134217728,16,0.0001739026629365,32,16,8,512,37002.0,bin_2
v1_125,1.0235297578269933,0.737485302616255,1.2669383835745975,1.231568128336221,1.2364876135252416,1.24499804181202,1793631928320.0,16777216,64,0.0089249247685074,32,16,4,128,19402.0,bin_0
v1_126,1.0161374971778825,0.3867771302771302,2.281798592768609,2.2836655378341675,2.283931640908122,2.2831319238369665,987348157440.0,2097152,256,0.0298245884478092,128,16,8,256,37002.0,bin_0
v1_127,1.161016631966839,0.5937836550574646,1.1114423302351495,1.0594855109229684,1.0637893285602331,1.0782390565727835,3578465802240.0,134217728,32,0.0006883413298055,128,16,1,128,6202.0,bin_1
v1_128,0.7183670948737331,0.864496547984643,1.101433231859119,0.973804784938693,0.939426951110363,1.0048883226360583,59862436012032.0,536870912,16,0.0005165850161574,32,16,4,512,19402.0,bin_2
v1_129,1.0850099782755265,0.3678920581182485,1.6586322219809515,1.6152356388047338,1.618063734844327,1.6306438652100042,958862674944.0,8388608,32,0.0149276759475469,64,16,4,512,19402.0,bin_0
v1_134,0.9537893983230784,0.5553687978687979,1.1349509707215475,1.0504673421382904,1.0297671952284873,1.0717285026961083,28670712262656.0,268435456,64,0.0001321047602687,32,16,4,128,19402.0,bin_2
v1_135,1.066118139998249,0.505439535772869,1.6442714734002948,1.6048364657908678,1.607305102981627,1.61880434739093,443942723641344.0,536870912,128,0.00705252494663,32,32,8,256,141578.0,bin_3
v1_136,1.095680862473922,0.3678560425465186,1.2755593260808382,1.2154059382155538,1.2254109559580684,1.2387920734181534,231428585472.0,2097152,16,0.0035650094505399,64,32,1,256,22634.0,bin_0
v1_140,0.9508246126204472,0.6382025699168556,1.0828612410987262,1.019488850608468,1.016608530189842,1.0396528739656787,223021649123328.0,536870912,128,0.0004413565620779,64,32,4,512,73610.0,bin_2
v1_142,1.012740446824718,0.393733830983831,1.7244500778615477,1.7017269348725677,1.7037232294678688,1.7099667474006612,3622724468736.0,67108864,256,0.0003093988925684,64,16,2,128,10602.0,bin_1
v1_143,1.014276166582743,0.5213469158707253,1.0651726287906058,1.0247355811297894,1.0247283279895782,1.0382121793033243,7264886433792.0,134217728,64,0.0175066143274307,64,16,2,256,10602.0,bin_1
v1_144,0.9729237549284794,0.401919136859613,2.210210293065757,2.2074069399386644,2.205982943996787,2.207866725667069,477459234816.0,8388608,256,0.0002275807928526,64,16,2,128,10602.0,bin_0
v1_146,0.9865700800786366,0.452866691069072,2.234135506907478,2.235005918890238,2.234621722251177,2.2345877160162977,581364695040.0,1048576,64,0.000132746703457,128,64,1,256,86218.0,bin_0
v1_149,0.9609728400845172,0.5939087103372818,1.1162940887297736,1.0557868327014148,1.057263343129307,1.076448088186832,215441557426176.0,134217728,256,0.0009212557924911,128,64,4,128,286474.0,bin_2
v1_151,0.9654899708941054,0.3722922174826936,1.0715744170738617,1.0297172740101814,1.030324068851769,1.043871919978604,3677213073408.0,134217728,16,0.018995776772499,32,16,1,256,6202.0,bin_1
v1_152,1.0336786662043542,0.35058633297919,1.6383881056681275,1.6108209872618318,1.614885593764484,1.6213648955648143,274535866368.0,1048576,64,0.0031654629856348,64,32,2,128,39626.0,bin_0
v1_153,1.039095247670207,0.6103335888097793,1.1692094750178512,1.1109476713463664,1.1009020959027112,1.1270197474223096,903590277120.0,16777216,64,0.0042294189333915,32,16,2,128,10602.0,bin_0
v1_154,1.0315803868300948,0.5305210006043338,1.6537495364900678,1.6147495303303003,1.6153281349688768,1.627942400596415,6984090163200.0,8388608,16,0.0166878271847963,64,32,8,512,141578.0,bin_1
v1_155,1.0004965246154858,0.4995759051354289,2.0152342561632395,2.0013364609330893,2.0027817338705063,2.006450816988945,995622024192.0,2097152,128,0.0172205846756696,64,32,4,512,73610.0,bin_0
v1_157,0.4651398120230763,0.9035800817348436,1.0409486384887714,0.9160111520905048,0.9021693307440728,0.9530430404411164,1747347317587968.0,1073741824,256,0.0007311322260648,32,64,4,128,286474.0,bin_3
v1_158,1.0948619559296893,0.3473423476875857,1.5234533343464136,1.4974274365231397,1.5029124896973372,1.5079310868556302,462342930432.0,16777216,32,0.0009976351866498,128,16,1,256,6202.0,bin_0
v1_159,1.0723738183025069,0.6667029676672533,1.1281004157790449,1.0775679009966552,1.0807330119423568,1.0954671095726856,1808041261056.0,67108864,16,0.0001738603750709,32,16,1,128,6202.0,bin_0
v1_160,1.0856256135869111,0.3540742167885025,1.372155906399712,1.342205365654081,1.3451738795265555,1.353178383860116,6972892372992.0,33554432,128,0.0003514572163112,32,32,2,256,39626.0,bin_1
v1_163,1.1133917138568588,0.398171686338353,1.6760619577253235,1.627645317465067,1.635591278783977,1.6464328513247892,2131332837888.0,16777216,256,0.0132976174354553,64,16,4,512,19402.0,bin_1
v1_164,0.9711424723403844,0.6358225257987162,1.9067555698566137,1.890991778112948,1.89682945329696,1.8981922670888405,509650326528.0,4194304,64,0.0010365300113335,32,16,4,512,19402.0,bin_0
v1_165,0.9690421486223127,0.4011030684483065,2.16745812445879,2.163309283554554,2.162456626072526,2.1644080113619566,226399921152.0,4194304,16,0.0001656631502555,128,16,2,256,10602.0,bin_0
v1_166,0.980941093173118,0.3440282746354175,1.9733004551380875,1.962116883136332,1.9659315822646024,1.9671163068463404,116316561408.0,4194304,128,0.0018105319468304,64,16,1,256,6202.0,bin_0
v1_167,1.040064775036199,0.3844296144772336,1.688801527954638,1.6645631790161133,1.6694530108943582,1.6742725726217031,471926482944.0,2097152,16,0.0012630826095119,128,32,2,256,39626.0,bin_0
v1_168,1.7071495122533915,0.3512898833970262,1.380937147594523,1.3685274864546957,1.3718440094962716,1.3737695478484966,946218817536.0,33554432,256,0.0196539163589477,128,16,1,256,6202.0,bin_0
v1_169,1.160520066345615,0.3471843451962499,1.6259940572781488,1.582413439638913,1.576519594527781,1.594975697148281,956351692800.0,4194304,256,0.0096464231610298,64,32,2,128,39626.0,bin_0
v1_171,1.1278606592043623,0.2818995761733857,1.325014284811914,1.2745687323622406,1.281489450018853,1.293690822397669,54314486292480.0,16777216,64,0.0017007926944643,128,64,8,128,553482.0,bin_2
v1_173,1.0669956325998071,0.3964507987603225,1.427831456239801,1.3854033071547749,1.3840554850175977,1.3990967494707245,7065120817152.0,8388608,64,0.0075084227137267,128,64,2,128,152970.0,bin_1
v1_174,1.260963763688539,0.3018101528101528,1.522009044070728,1.4924283614382148,1.4973719893023372,1.5039364649370934,410121584640.0,2097152,128,0.0141876153647899,128,32,1,256,22634.0,bin_0
v1_176,1.0068878919101425,0.346227285501095,1.9384504065383223,1.9281351463869207,1.935789038427174,1.9341248637841395,1713478139904.0,8388608,128,0.0002307937247678,64,32,2,128,39626.0,bin_0
v1_177,1.1052787078682698,0.5045923058423059,1.6621209904551506,1.6231179973110557,1.6241240743547678,1.636454354040325,7144126507008.0,8388608,64,0.0352242104709148,32,32,8,256,141578.0,bin_1
v1_178,1.0799215990855633,0.4019586498157926,1.213342556686257,1.1617964431643486,1.155807873699814,1.1769822911834733,450261497856.0,4194304,16,0.0031329761259257,64,32,1,256,22634.0,bin_0
v1_179,0.5321676014896877,0.8537541691113119,1.0194079760694876,0.9315906404517592,0.9192777785938232,0.95675879837169,114471966418944.0,536870912,16,0.0002232030383311,32,16,8,128,37002.0,bin_2
v1_181,0.9381892213902672,0.6366217807765427,1.0642691053362796,1.0274674566462636,1.0281307729892433,1.0399557783239288,14971129936896.0,268435456,32,0.0059044719673693,128,16,2,512,10602.0,bin_1
v1_182,0.9949562410490308,0.6443470039660516,1.0800815000693549,1.0341614610515537,1.0383015489205718,1.0508481700138268,432863989063680.0,536870912,256,0.0003285913553554,128,64,2,256,152970.0,bin_3
v1_183,0.9646442851210488,0.5733581189533571,1.866629909723997,1.853921108879149,1.855343482457101,1.858631500353416,848053002240.0,8388608,64,0.0003942479379475,128,32,1,128,22634.0,bin_0
v1_184,0.9471253000038188,0.6807929469119944,1.0698896026915463,0.980197608238086,0.9599469918757676,1.0033447342684667,225130281332736.0,1073741824,256,0.0037163062952458,32,32,2,512,39626.0,bin_2
v1_187,1.0737675682997043,0.5078530382756573,1.6497335565509277,1.6096898764371872,1.6116468673571944,1.623690100115103,216437907382272.0,67108864,16,0.0018748586298897,64,64,8,128,553482.0,bin_2
v1_189,0.982647983387358,0.4026815164553259,2.2937615904957056,2.2933544907718897,2.291096562519669,2.292737547929088,508270483968.0,1048576,256,0.0002209352969657,128,16,2,512,10602.0,bin_0
v1_190,1.0744065542756618,0.5238886391386391,1.653682975564152,1.6084026815369723,1.6116944728419185,1.624593376647681,14593217753088.0,134217728,64,0.0498498044908046,128,16,4,256,19402.0,bin_1
v1_191,1.0194144428684664,0.3148411769007007,1.1807169013336534,1.1352573093026876,1.1453183093108237,1.1537641733157216,13904099997696.0,33554432,32,0.0012118436861783,128,64,1,512,86218.0,bin_1
v1_192,0.9623061163912262,0.3725649015887111,1.0552957895233703,0.9764592009596528,0.9582994934171438,0.9966848279667224,447805233122304.0,536870912,128,0.000869138573762,32,32,8,512,141578.0,bin_3
v1_194,0.9925226017999988,0.4925392473487711,1.6861230051144958,1.6560268569737673,1.6552793635055425,1.6658097418646018,54574072172544.0,16777216,32,0.0163906626403331,64,64,8,256,553482.0,bin_2
v1_195,1.0151238559443023,0.4469241904479999,1.163965235609794,1.0911455787718296,1.0842657554894686,1.113125523290364,872631502848.0,4194304,16,0.0031745233573019,32,32,2,128,39626.0,bin_0
v1_196,0.9033377938100692,0.7408602513007274,1.0615828576264903,1.0166494674049318,1.006251996383071,1.0281614404714976,54908746653696.0,134217728,32,0.0020178921986371,32,64,1,128,86218.0,bin_2
v1_197,0.9188160669072198,0.7492239074858121,1.026027023755887,0.972567074932158,0.969440818298608,0.9893449723288844,115466189976576.0,536870912,16,0.0002193364198319,64,16,8,256,37002.0,bin_2
v1_198,1.1417356636920275,0.3434677328843995,1.388756473432295,1.3612582553178072,1.364312638528645,1.3714424557595823,243329845248.0,8388608,64,0.0057208542712032,128,16,1,256,6202.0,bin_0
v1_199,1.0590719212633013,0.4738133903133903,1.6468478965107352,1.6110166814178228,1.6131716398522258,1.6236787392602612,1722724151875584.0,1073741824,32,0.0098164957016706,128,64,4,256,286474.0,bin_3
v1_200,1.1515501227227305,0.5858409888171793,1.368310279387515,1.3384995986707509,1.3240437963977456,1.3436178914853372,3529403265024.0,2097152,64,0.0018833969952538,64,64,4,128,286474.0,bin_1
v1_201,1.050191919398609,0.3648838806695949,1.527498286217451,1.5050790403038263,1.516301391646266,1.516292906055848,7584836210688.0,33554432,64,0.0013138841604813,64,16,8,512,37002.0,bin_1
v1_202,0.9487118699588802,0.5769873556778319,0.996461487011402,0.9586752897594124,0.9578870134428144,0.9710079300712096,28919872118784.0,1073741824,128,0.0152359828352928,32,16,1,128,6202.0,bin_2
v1_203,0.9561498446238956,0.5917754652754653,1.0245662103698123,0.9743572508450598,0.9747362108901144,0.9912198907016622,219707476608000.0,268435456,32,0.0009165175724774,128,32,8,256,141578.0,bin_2
v1_204,1.112958323839052,0.471191407358074,1.668258341960609,1.621018515434116,1.6233831010758877,1.6375533194902043,1805030313984.0,8388608,128,0.0338475033640861,32,16,8,128,37002.0,bin_0
v1_206,1.0717024155772412,0.4665683494195398,1.650094393757172,1.607193755917251,1.6108410451561213,1.6227097316101815,7178223230976.0,33554432,128,0.0090811429545283,32,16,8,128,37002.0,bin_1
v1_207,1.0244663485831331,0.3629401321782274,1.861139182234183,1.8462970722466707,1.8508384386077523,1.852758231029536,1777724160000.0,1048576,256,0.0075129498727619,128,32,2,512,39626.0,bin_0
v1_209,0.71436675066242,0.8492600411052793,0.9991150392961572,0.9622751369606704,0.9637101078405976,0.9750334280324752,109527510263808.0,1073741824,16,0.0009584113722667,128,32,1,128,22634.0,bin_2
v1_211,0.9394366693132294,0.7458208189517713,1.0612048341790796,1.0139115890488029,1.018787790555507,1.031301404594463,27348238749696.0,268435456,16,0.0002424704434815,128,32,1,128,22634.0,bin_2
v1_212,1.0777397402112652,0.4873461538461538,1.646048832451925,1.604732950218022,1.6083642384037375,1.6197153403578948,116090399465472.0,536870912,128,0.0319017432630062,32,16,8,256,37002.0,bin_2
v1_213,0.999257920280875,0.2974420165372546,2.3292287876829505,2.331083821132779,2.3306636922061443,2.330325433673958,1971295681536.0,2097152,128,0.0002352638111915,128,32,8,128,141578.0,bin_1
v1_214,0.9841198183662776,0.3631020236377378,2.161015094490722,2.159681221470237,2.160227848216892,2.16030805472595,863677833216.0,2097152,256,0.0004372959083411,64,64,1,256,86218.0,bin_0
v1_215,0.9639692996991512,0.6126484300531919,1.0010710388742154,0.9603963647969068,0.9619477423839272,0.9744717153516832,429981565169664.0,268435456,16,0.0002839038497768,128,64,4,128,286474.0,bin_3
v1_216,1.1339915726071752,0.3483360057050532,1.2996253038290888,1.266532277688384,1.2566610989160836,1.2742728934778522,459790909440.0,4194304,16,0.0010986721608787,32,32,1,512,22634.0,bin_0
v1_217,1.1533837455158988,0.4726268480197051,1.6941849342547357,1.6465306095778942,1.6519539980217814,1.6642231806181371,3594356244480.0,4194304,64,0.036575511097908,32,64,2,128,152970.0,bin_1
v1_219,1.2739904225823029,0.6447256013386966,1.90458675858099,1.8285329835489392,1.8351148990914223,1.8560782137404503,3451397849088.0,4194304,64,0.0135941561311483,32,64,2,128,152970.0,bin_1
v1_220,0.7838340302027249,0.8931514455562075,0.9922023687322508,0.9295827676542104,0.9283495149575174,0.950044883781326,433661306486784.0,536870912,32,0.00101596605964,64,64,2,256,152970.0,bin_3
v1_222,1.0523012021075828,0.4339299928466595,1.6361318468116224,1.5970670990645883,1.5969510013237596,1.61004998239999,3549847191552.0,4194304,256,0.0131585914641618,64,64,2,128,152970.0,bin_1
v1_223,1.0245988364997825,0.3360562004133432,1.2522588695283048,1.1665021344088018,1.1347651262767613,1.1845087100712892,3514932019200.0,8388608,64,0.0008325361413881,32,32,4,128,73610.0,bin_1
v1_224,0.9638228029253596,0.6048098850003613,2.0204176609404385,2.011710042133928,2.010902033187449,2.014343245420605,176864980992.0,1048576,128,0.0197404567152261,64,16,4,256,19402.0,bin_0
v1_225,1.232804716349769,0.3637363461053937,1.264762221253477,1.234682130627334,1.2451521349139512,1.2481988289315875,6803189551104.0,2097152,16,0.000934493553359,64,64,8,128,553482.0,bin_1
v1_226,0.973214675583688,0.21819770441199,1.0374777333126983,0.9901204193010926,0.9917182442732156,1.0064387989623356,119047448173056.0,1073741824,256,0.010097368620336,64,16,4,512,19402.0,bin_2
v1_227,0.9446297753355242,0.6216086268229125,1.0677855019821436,0.9947410058230162,0.9875728143379092,1.0166997740476895,112892246126592.0,1073741824,64,0.0003520771861076,32,32,1,512,22634.0,bin_2
v1_228,0.9825908802775692,0.3939577789934932,2.1362679838202894,2.1312855184078217,2.132647512480617,2.1334003382362425,944091448320.0,4194304,64,0.0006024453323334,64,16,8,256,37002.0,bin_0
v1_229,0.9294147697289916,0.6971047713309617,1.0116412702773232,0.944941250840202,0.9423810569569468,0.9663211926914906,444122132696064.0,1073741824,32,0.0005428462754935,64,32,4,512,73610.0,bin_3
v1_230,1.2117875413127712,0.3487745376316805,1.3515182629344054,1.307686355896294,1.285261851735413,1.3148221568553708,29219162112.0,1048576,32,0.0234291870146989,32,16,1,128,6202.0,bin_0
v1_231,1.0772508978367108,0.5102419194562052,1.2273989290988538,1.1841697916388512,1.1850884947925806,1.1988857385100953,3427165421568.0,4194304,32,0.0003124849172309,32,64,2,128,152970.0,bin_1
v1_232,0.9950168679423886,0.2954447651114317,2.3225547545589507,2.324284229427576,2.3238330595195293,2.323557347835352,14210687334144.0,8388608,256,0.0002472282212693,128,32,8,512,141578.0,bin_1
v1_233,1.0151610491308392,0.3812396769896769,2.2705818326212466,2.2722371369600296,2.272679630666971,2.271832866749416,1922221894272.0,8388608,256,0.037442360073328,128,16,8,512,37002.0,bin_0
v1_236,0.9835329741834772,0.6271578628602439,2.2035118537023664,2.196904703974724,2.204322207719088,2.2015795884653926,137272289280.0,1048576,256,0.0002034941717283,64,16,4,128,19402.0,bin_0
v1_239,0.9732318844162036,0.3489947001851763,2.147952742641792,2.1426735669374466,2.14491487108171,2.145180393553649,126334095360.0,4194304,32,0.0001289390056626,32,16,1,512,6202.0,bin_0
v1_240,0.9161105450809588,0.7065158620039572,1.0218329167328193,0.9808903054799883,0.9788816696964204,0.993868297303076,28627346804736.0,1073741824,32,0.0004149151500314,64,16,1,128,6202.0,bin_2
v1_241,1.01374482584105,0.392547475892714,1.892420718446374,1.880581851117313,1.8864278057590127,1.886476791774233,3555932700672.0,1048576,128,0.0002400280063739,32,64,8,128,553482.0,bin_1
v1_243,0.7720520639446407,0.8733921929040976,0.9901878483069596,0.9530351874418556,0.9513898673467338,0.9648709676985164,435379318800384.0,1073741824,256,0.0023340259213,64,64,1,128,86218.0,bin_3
v1_244,0.9137531835067368,0.6993937495485114,1.069112654047785,0.9964691950008272,0.977088422048837,1.0142234236991496,219793564852224.0,536870912,32,0.0001272147346753,32,64,1,128,86218.0,bin_2
v1_245,0.965134300308194,0.7157291993720564,2.0056916510220617,1.994031134061516,2.0004175398498774,2.000046774977818,1873406714880.0,16777216,128,0.0004681243153754,128,16,4,256,19402.0,bin_0
v1_247,1.0808718989892183,0.3973864953388762,1.677601839066483,1.641188658773899,1.6456955159083009,1.654828671249561,17504641069056.0,4194304,128,0.0028206657152622,32,64,8,512,553482.0,bin_1
v1_248,1.2693209960201506,0.4306037133060942,1.1930211155267898,1.1482313149608672,1.1517247939482331,1.16432574147863,228828908544.0,8388608,16,0.0079519189894199,64,16,1,256,6202.0,bin_0
v1_249,0.9703650239073646,0.4011731112802541,2.179405536269769,2.175692336633801,2.1745148301124573,2.176537567672009,56206448640.0,1048576,16,0.000105310944491,32,16,2,128,10602.0,bin_0
v1_250,1.0453064130458702,0.5202700465319513,1.654473913135007,1.6099731950089335,1.6115604313090444,1.6253358464843284,54881120231424.0,67108864,128,0.0192064903676509,32,64,2,256,152970.0,bin_2
v1_251,0.9648713703053668,0.3384226690417167,2.1773728006519377,2.1766154672950506,2.1755427923053503,2.1765103534174464,4243597206528.0,4194304,64,0.0003161889035254,128,32,8,256,141578.0,bin_1
v1_252,0.9670799695390468,0.3995764839217219,2.1253044267650694,2.1197920441627502,2.119214767590165,2.121437079505995,228746575872.0,4194304,128,0.0002826778509188,32,16,2,128,10602.0,bin_0
v1_253,1.0704970463679535,0.2345816476292666,1.2154475696734153,1.167188777588308,1.1688940641470251,1.1838434704695828,13904587481088.0,134217728,256,0.000257447885815,64,32,1,128,22634.0,bin_1
v1_254,0.9510069084291212,0.6210114070233117,1.0105528666535974,0.9731032166164368,0.969942840281874,0.9845329745173028,29081840885760.0,268435456,128,0.0098370146006345,32,16,4,256,19402.0,bin_2
v1_255,0.939585613904506,0.6763008063365206,1.1349322577152634,1.086452141404152,1.0887298197485509,1.103371406289322,14010902833152.0,134217728,128,0.0012610431294888,64,32,1,512,22634.0,bin_1
v1_257,0.8413885932877725,0.7856352258852258,1.0074098935365328,0.9609344713389874,0.9567819181829692,0.9750420943528296,27741553582080.0,134217728,32,0.0043650320731103,32,32,2,128,39626.0,bin_2
v1_258,1.0040232088118002,0.369845226202369,2.274764867965132,2.273591313511133,2.275142068043351,2.274499416506538,3654662138880.0,16777216,256,0.000220750371227,128,32,2,512,39626.0,bin_1
v1_259,1.0111592316034197,0.3943932077622553,2.1338341273367405,2.128300496377051,2.130364987999201,2.1308332039043307,478130823168.0,2097152,32,0.0019120229408144,64,16,8,512,37002.0,bin_0
v1_260,1.0428426004713798,0.2682329218400647,2.1053348549176008,2.096393698826432,2.099241476505995,2.100323343416676,580260200448.0,1048576,128,0.0184066500514745,64,32,4,256,73610.0,bin_0
v1_262,1.0701939251120791,0.5007936507936508,1.6434529684484005,1.6037100246176124,1.6068272041156888,1.6179967323939006,222436162990080.0,1073741824,64,0.0392796173691749,64,32,2,512,39626.0,bin_2
v1_265,1.113868814827871,0.5234987296653962,1.6592320952331647,1.613206013571471,1.6165491193532944,1.6296624093859766,866251807119360.0,268435456,128,0.0478127710521221,64,64,8,512,553482.0,bin_3
v1_266,1.1160334920239412,0.3084856514737467,1.341708935564384,1.3125153770670297,1.3075816654600203,1.3206019926971446,3461562482688.0,4194304,64,0.0003608097322285,32,64,2,128,152970.0,bin_1
v1_267,1.3028217277176553,0.3876952165999785,1.388069411390461,1.3448495483025908,1.358997268602252,1.3639720760984346,486834137088.0,16777216,64,0.0352824740111827,64,16,1,512,6202.0,bin_0
v1_268,1.4216196701003347,0.4143859553145267,1.4319806191779207,1.377437682822347,1.3539957809261978,1.3878046943088218,493442666496.0,4194304,32,0.0119285499677062,64,32,1,512,22634.0,bin_0
v1_271,1.7390718063914044,0.3903556760699618,1.8525527025340125,1.81470543332398,1.8108445312827823,1.826034222380258,138675929088.0,1048576,32,0.0211641453206539,32,32,1,256,22634.0,bin_0
v1_272,1.1648654569583825,0.3426964644702739,1.80221182841342,1.747043148148805,1.7564697917550802,1.7685749227724348,27155150708736.0,67108864,128,0.0498451218008995,128,64,1,256,86218.0,bin_1
v1_273,1.0755175381831297,0.5309155258321924,1.6550717318896204,1.611715163104236,1.6150082675740125,1.6272650541892897,440354746349568.0,536870912,32,0.0030533780809491,64,32,8,256,141578.0,bin_3
v1_274,1.0541145280918145,0.474542402042402,1.6515725654317066,1.6087506422773004,1.6119737308472395,1.6240989795187488,7175945951232.0,268435456,16,0.0401579327881336,64,16,1,128,6202.0,bin_1
v1_275,0.9889699240398118,0.2936892794154699,2.3043162818066776,2.3057701271027327,2.305018328130245,2.305034912346552,1066514878464.0,1048576,256,0.0002888128510676,32,32,8,128,141578.0,bin_0
v1_277,1.4683637112575862,0.3857456044836997,1.853582093026489,1.7984261116944251,1.8199802907183769,1.8239961651464305,522628366848.0,2097152,32,0.0194649044424295,64,16,8,512,37002.0,bin_0
v1_278,0.983225865858904,0.393442356144737,2.2704284018836915,2.2701901514083147,2.270902119576931,2.2705068909563124,496472283648.0,2097152,32,0.0002591507800389,64,16,8,512,37002.0,bin_0
v1_279,1.6910226093727871,0.3798876969591255,2.557419698307058,2.4786964654922485,2.515670883469284,2.51726234908953,6967066632192.0,8388608,256,0.0164968930184841,64,64,2,128,152970.0,bin_1
v1_280,0.9612166162456252,0.5994537349775445,1.057798640795227,1.0156393707729876,1.0204248544760048,1.0312876220147398,1726051932174336.0,1073741824,256,0.0001659729459788,128,64,4,256,286474.0,bin_3
v1_281,0.9822841055263324,0.3934862399505256,2.25057155219838,2.2498416863381863,2.250353448092937,2.250255562209835,2057711562624.0,8388608,128,0.0006854109815321,128,16,8,512,37002.0,bin_1
v1_284,0.9478386203464164,0.5527024646429409,0.9981526986593964,0.9601132371462882,0.9607968614436686,0.973020932416451,219549659860992.0,536870912,32,0.0012703404063358,128,32,4,256,73610.0,bin_2
v1_286,0.9553769118825204,0.595953613846471,2.2961064376868308,2.297615183517337,2.296773279085756,2.2968316334299743,431647531008.0,2097152,128,0.0001846381346695,128,32,1,512,22634.0,bin_0
v1_287,1.0875451062564885,0.3481896978682692,1.5216457635397092,1.4956555180251598,1.501175755634904,1.5061590123999242,3811987943424.0,134217728,128,0.0011012190952897,128,16,1,512,6202.0,bin_1
v1_288,1.068998558911031,0.512575665075665,1.6459689133334905,1.6063150241971016,1.6095561673864722,1.620613368305688,871217676453888.0,536870912,128,0.0382960066199302,64,64,4,512,286474.0,bin_3
v1_289,0.9708449551410366,0.5359007104007104,1.1235334414377576,1.0585456965491176,1.055006901267916,1.079028679751597,7115577808896.0,67108864,32,0.0003891423402819,64,16,4,128,19402.0,bin_1
v1_290,1.0143213647791811,0.3438116579188008,1.7416323663201183,1.7246459210291505,1.7263701669871807,1.7308828181121498,1783870169088.0,2097152,64,0.0007933931774459,32,32,8,128,141578.0,bin_0
v1_292,1.614967693487512,0.5760096600929934,2.114461831341032,2.0454978812485933,2.0716473683714867,2.07720236032037,2240089810944.0,1048576,32,0.0135790221393108,128,64,4,256,286474.0,bin_1
v1_293,0.9932120315926032,0.511295288045288,1.6942428309703246,1.659148346632719,1.6577690644189715,1.6703867473406715,1800388386816.0,2097152,32,0.0289587881416082,64,32,8,128,141578.0,bin_0
v1_294,0.987248902712564,0.6498701267867935,1.1686228201142512,1.1121106622740626,1.099350112024695,1.1266945314710028,3428139810816.0,8388608,16,0.0030801151879131,64,64,1,256,86218.0,bin_1
v1_295,1.0298813283251718,0.5067229503300932,1.6573471915908158,1.62349012773484,1.623891148716211,1.634909489347289,219493738020864.0,67108864,256,0.0206843111664056,64,64,8,128,553482.0,bin_2
v1_296,0.9709520854128852,0.4294999444999445,1.0569859612587609,1.0086091863922777,1.00864274520427,1.024745964285103,55029000548352.0,134217728,32,0.0002438899828121,64,32,4,128,73610.0,bin_2
v1_297,1.026906614859484,0.4010778886016981,1.9009200856089592,1.885656926780939,1.889344627968967,1.8919738801196213,7596725776128.0,33554432,32,0.0002338581107323,64,16,8,512,37002.0,bin_1
v1_298,1.211789821927134,0.3351974106140772,1.6983421084005386,1.6495176297612488,1.6582482932135465,1.6687026771251112,62747188224.0,1048576,16,0.0144994650036096,64,16,2,512,10602.0,bin_0
v1_299,1.0562069521845114,0.4965176582676582,1.6436230055987835,1.6078485324978828,1.6122996117919683,1.6212570499628782,13940058120192.0,67108864,32,0.039201233536005,32,32,2,256,39626.0,bin_1
v1_300,1.058692667015279,0.34504707109469,1.5758951787138358,1.5396308139897883,1.5423367507755756,1.5526209144930665,57375095808.0,1048576,16,0.0069895852357149,128,16,2,128,10602.0,bin_0
v1_301,0.5137299814545598,0.8527070737904072,1.0588683011228568,0.9436174316797404,0.923306902172044,0.9752642116582138,114502085652480.0,536870912,64,0.0005611093365587,32,16,8,128,37002.0,bin_2
v1_302,1.1419144865581845,0.407824536794775,1.3474746102001518,1.3058990924619138,1.31017281441018,1.321182172357415,7148095432704.0,67108864,32,0.0079922936856746,64,16,4,128,19402.0,bin_1
v1_303,1.0812298679265615,0.326529919815634,1.1792080157320015,1.1359667973592875,1.1434276858344674,1.1528674996419188,439579293900288.0,536870912,256,0.0002295311569469,128,32,8,256,141578.0,bin_3
v1_304,0.9847808660628834,0.3465975695380456,1.916821951046586,1.9038893524557352,1.90812723338604,1.9096128456294537,61367150592.0,2097152,16,0.0008072442142292,32,16,1,512,6202.0,bin_0
v1_305,1.0717260569807276,0.4907128889628889,1.644485273398459,1.602998074144125,1.6065898882225156,1.6180244119216998,14488600817664.0,134217728,128,0.0332104563713073,64,16,4,256,19402.0,bin_1
v1_306,0.9899623833926572,0.5718461908461908,1.7358697976451367,1.718099699355662,1.720194436609745,1.7247213112035145,896333168640.0,8388608,32,0.0002518450783099,64,32,1,256,22634.0,bin_0
v1_307,1.1006202955809872,0.5023734986354033,1.1129939257225487,1.063355291262269,1.0717956204898655,1.0827149458248944,14562145529856.0,268435456,32,0.0003835969546344,128,16,2,256,10602.0,bin_1
v1_308,0.937999858356736,0.6966060777846493,1.050664764843532,0.9976230496540666,0.9947144947946072,1.0143341030974018,110311019642880.0,1073741824,256,0.0004352627729531,64,32,1,128,22634.0,bin_2
v1_309,0.9676502523640726,0.7260371132394944,1.079113658881397,1.0384093141183257,1.0404704636894166,1.0526644788963797,27824599836672.0,268435456,32,0.0011868573492392,128,32,1,512,22634.0,bin_2
v1_310,1.7957510936945704,0.5226952240880812,2.054635704815155,2.0208156937733293,2.0113357305526733,2.0289290430470523,1153555660800.0,2097152,256,0.0096600661054253,32,64,1,256,86218.0,bin_0
v1_311,1.0082775660692354,0.4524889788342169,1.66483185114339,1.6343428185209632,1.6345467371866107,1.644573802283655,6736591527936.0,16777216,16,0.0436758287250995,128,64,1,128,86218.0,bin_1
v1_312,1.0505804164444217,0.484052614052614,1.6453657422680408,1.608457151800394,1.6107261031866074,1.6215163324183477,864902035691520.0,1073741824,64,0.0211326107382774,128,64,2,512,152970.0,bin_3
v1_313,1.0528767344073222,0.5256875686042354,1.863414506427944,1.845448869280517,1.842062489129603,1.850308621612688,7957914169344.0,4194304,256,0.0249880459159612,128,64,2,512,152970.0,bin_1
v1_314,0.98380763136695,0.3460836020240781,1.9148217774927616,1.902186015620828,1.9063287274912,1.9077788402015965,227185830912.0,8388608,16,0.0001814401184674,64,16,1,256,6202.0,bin_0
v1_315,0.9498350091894068,0.2846171244980768,0.9880342484102584,0.9516458655707538,0.947299825027585,0.9623266463361992,876014378557440.0,1073741824,16,0.0054854792542755,32,64,2,128,152970.0,bin_3
v1_316,1.0230064738755684,0.3421441006083863,1.671319539891556,1.649999056942761,1.6552938027307391,1.6588707998550187,13766267609088.0,67108864,256,0.0001401913468725,64,32,2,128,39626.0,bin_1
v1_317,0.948035721185284,0.6868180487942391,1.1383027561969357,1.038718561641872,1.0194406765513122,1.0654873314633733,29094208284672.0,536870912,32,0.0001229704212164,32,16,2,256,10602.0,bin_2
v1_318,1.0942757415367077,0.507992389885247,1.6718771310988814,1.6250602565705776,1.628767678514123,1.6419016887278606,27382691758080.0,33554432,16,0.0121327703818678,128,32,8,128,141578.0,bin_2
v1_319,0.9114470099280164,0.6993019735995926,1.0323558223899454,0.9735861464869232,0.9693679376505316,0.9917699688424668,434264642494464.0,536870912,64,0.0003606950049288,64,64,2,256,152970.0,bin_3
v1_320,0.9534547547178726,0.6237031442983824,2.1129110013134778,2.10861443169415,2.11295647546649,2.1114939694913724,1929125830656.0,4194304,256,0.0001164925779448,32,32,4,128,73610.0,bin_0
v1_321,1.1023527102083317,0.4495326415207367,1.2968178063529194,1.266770335379988,1.2991376286372542,1.2875752567900538,6905682800640.0,16777216,16,0.0073534599505364,128,64,1,512,86218.0,bin_1
v1_322,0.9668055053332276,0.3995323922109636,2.1245641072746366,2.119076518341899,2.1183935031294823,2.120678042915339,884987344896.0,8388608,256,0.0018848236650228,128,16,2,512,10602.0,bin_0
v1_323,1.1540124985383569,0.4794529390362723,1.6675369079457596,1.6220405213534832,1.6237368946895003,1.637771441329581,1854115408896.0,8388608,64,0.0242127422243356,64,16,8,256,37002.0,bin_0
v1_324,0.9514925091700136,0.6905997300759207,1.0557009154799744,0.9985640898812562,0.9943860368803144,1.016217014080515,14612506988544.0,268435456,128,0.0072226012125611,32,16,2,256,10602.0,bin_1
v1_325,0.4820351430281753,0.8786732293279912,0.9886350226370269,0.9203342187684028,0.9162222212180496,0.9417304875411596,113786814093312.0,1073741824,128,0.0030274328310042,64,16,4,128,19402.0,bin_2
v1_326,1.10711194988753,0.3177801713277903,1.256374703545589,1.2153365318663418,1.2110076220706103,1.2275729524941803,7082615783424.0,67108864,32,0.0001185752480523,32,32,1,512,22634.0,bin_1
v1_327,1.0639324953594025,0.5094023000808715,1.6551471049897373,1.6098781628534198,1.6129182316362858,1.6259811664931476,55248760922112.0,16777216,128,0.0043798475526273,32,64,8,128,553482.0,bin_2
v1_328,0.9990653647670152,0.5181961253032682,2.024995784042403,2.017256436869502,2.0243164831772447,2.0221895680297166,1678094966784.0,1048576,32,0.0001204609216074,64,64,4,128,286474.0,bin_0
v1_329,1.0549493272002568,0.4817107244607244,1.6477639800868928,1.607241451740265,1.608284412883222,1.62109661490346,221378017849344.0,268435456,64,0.0047453832812607,32,32,8,128,141578.0,bin_2
v1_330,0.9130495313691216,0.7426006053029862,1.0004581450775731,0.9557472867891192,0.9524807073175908,0.9695620463947612,864291720904704.0,268435456,32,0.0005931969499215,64,64,8,128,553482.0,bin_3
v1_331,1.0566060668801005,0.5080614240257098,1.6545707324985417,1.618464189581573,1.617793888784945,1.630276270288353,1788910657536.0,4194304,32,0.0370033904910087,64,32,4,128,73610.0,bin_0
v1_334,0.9024730196221968,0.7456583156702203,1.0711505424042116,0.9818009587470442,0.9598251711577176,1.004258890769658,220496321243136.0,268435456,16,0.0006466124905273,64,32,8,256,141578.0,bin_2
v1_335,0.941077566621475,0.7258142959333435,1.0567695492791245,1.0134591883979738,1.0190077433362603,1.0297454936711194,54901150814208.0,536870912,64,0.0003043044998776,128,32,1,128,22634.0,bin_2
v1_337,0.926341664281351,0.6554372369253322,1.1023274233957636,1.048057613428682,1.0392454550601542,1.0632101639615332,14918835428352.0,268435456,16,0.013925633393228,128,16,2,512,10602.0,bin_1
v1_338,1.0220868888810164,0.3002942930085787,1.386573781259358,1.361027381848544,1.408209997229278,1.38527038677906,3498147161088.0,4194304,32,0.0016627261647954,128,32,8,128,141578.0,bin_1
v1_340,1.0630653096661618,0.4902412402412402,1.6472672575619072,1.6062839273363352,1.607746995985508,1.6204327269612502,1720040980942848.0,1073741824,64,0.0079245967790484,128,64,4,128,286474.0,bin_3
v1_341,1.03743754977866,0.6778888906507955,1.1670297572563868,1.1161681907251475,1.115287170279771,1.1328283727537685,3729760690176.0,67108864,256,0.0061347335577011,32,16,2,256,10602.0,bin_1
v1_342,1.1062581130655846,0.3462236740331978,1.3915794502245262,1.3613411551341414,1.362722367979586,1.3718809911127512,3691918758912.0,67108864,256,0.0031165652908384,128,16,2,256,10602.0,bin_1
v1_343,0.9685838263447182,0.5720366036080321,1.026940998286591,0.9902280792593956,0.9904568511992692,1.002541976248419,7168117874688.0,268435456,32,0.0043984870426356,64,16,1,128,6202.0,bin_1
v1_344,0.8748121376110266,0.7821181146895433,1.0389835916175798,0.9763787381816657,0.964461067225784,0.9932744656750098,440868932296704.0,1073741824,256,0.0025330476928502,32,64,1,512,86218.0,bin_3
v1_345,1.0774550758737755,0.4525873449742497,1.651421180926263,1.6071830606088042,1.609796524979174,1.6228002555047472,119973718995456.0,536870912,256,0.0087062316015362,32,16,8,512,37002.0,bin_2
v1_346,0.9886835003714988,0.471595616464664,1.1419338595005684,1.0647195293568077,1.0555650927126408,1.087406160523339,3541791995904.0,16777216,16,0.0049350438639521,32,32,2,512,39626.0,bin_1
v1_347,1.10026911704142,0.5102555927317832,1.6535478448495269,1.608440308831632,1.6110456567257645,1.6243446034689744,217038142783488.0,268435456,256,0.0218895301222801,128,64,2,256,152970.0,bin_2
v1_348,1.0155292765512896,0.5286551297027487,1.66634220816195,1.6447308575734496,1.6459450516849756,1.6523393724734583,115258519283712.0,67108864,256,0.0002120742137776,128,64,4,256,286474.0,bin_2
v1_349,0.9737287283941152,0.4278990026728121,1.134308954802691,1.089705920778215,1.0906692552380264,1.1048947102729774,54449699758080.0,134217728,128,0.0078872572630643,128,64,1,256,86218.0,bin_2
v1_350,1.1487133403603906,0.4470802129968796,1.5994506748393178,1.5081357415765524,1.4772469876334071,1.528277801349759,14010645442560.0,4194304,16,0.0018879971466958,64,64,8,256,553482.0,bin_1
v1_352,1.0843148441978767,0.5107646242646242,1.6861307254293934,1.6350897368974984,1.6352232499048114,1.6521479040772344,13588986667008.0,8388608,32,0.0084853190928697,32,64,4,128,286474.0,bin_1
v1_353,1.0387766008155006,0.4774771480723862,1.611728648422286,1.5839993264526129,1.5851168548688293,1.5936149432479094,29865365467392.0,268435456,256,0.00076339073712,128,16,4,512,19402.0,bin_2
v1_354,0.9852535366632236,0.3931221701578844,2.2637126641348004,2.2632821537554264,2.264027206227184,2.263674008039137,265196418048.0,1048576,64,0.0005802706582471,128,16,8,128,37002.0,bin_0
v1_356,1.0362303515286886,0.5,1.6514631037134675,1.612368868663907,1.6118906065821648,1.6252408596531798,439209755615232.0,1073741824,32,0.0443698428571224,64,32,4,128,73610.0,bin_3
v1_357,0.9735180157994012,0.3494205767777196,2.169384676264599,2.1648160126060247,2.16676495410502,2.166988547658548,62210334720.0,2097152,256,0.0002001800166908,32,16,1,128,6202.0,bin_0
v1_358,1.082776441656653,0.4922880668714001,1.6444486504187807,1.6044531874358654,1.6072596739977598,1.618720503950802,444370593176064.0,536870912,32,0.0281898491084575,64,32,8,512,141578.0,bin_3
v1_360,1.1397571491349054,0.563556108794204,1.2929792620707303,1.2473903726786375,1.2395600345917046,1.2599765564470242,6803695927296.0,8388608,64,0.0088120298460125,32,64,2,128,152970.0,bin_1
v1_361,1.0778968414738783,0.3249052794648033,1.2137933896738105,1.1689107804559171,1.1719227652065456,1.184875645112091,13858185216000.0,67108864,64,0.0001268750056624,64,32,2,128,39626.0,bin_1
v1_362,1.1244455742681387,0.3646449516092373,1.303353408817202,1.2736605601385236,1.2755146892741325,1.2841762194099526,217060008572928.0,536870912,256,0.0001389153039781,128,64,1,512,86218.0,bin_2
v1_363,1.248550381211283,0.5097260640593974,1.8209797134622927,1.7616846607998011,1.7714396808296442,1.784701351697246,1721636649984.0,2097152,16,0.0309059470891952,128,32,8,128,141578.0,bin_0
v1_364,0.8974627314831997,0.6759585546728405,0.975780511238554,0.9365590666420758,0.9387141740880908,0.9503512506562402,1725721731158016.0,1073741824,16,0.0001611979096196,128,64,4,256,286474.0,bin_3
v1_365,0.9519629538218004,0.6649909442409442,2.183206096291542,2.1816912665963173,2.1847753282636404,2.1832242303838334,931358871552.0,2097152,128,0.00012378381507,32,32,4,256,73610.0,bin_0
v1_367,0.9249333618025783,0.7285248164533877,1.0213554809015477,0.9826532350853086,0.9807793460786344,0.99492935402183,439735769137152.0,1073741824,64,0.0001351855753455,32,64,1,256,86218.0,bin_3
v1_368,1.409816354455984,0.445272292962769,1.3371167728910225,1.31736727245152,1.3197132810018957,1.3247324421148126,117235187712.0,2097152,64,0.0125405546277761,32,16,2,128,10602.0,bin_0
v1_369,0.975906702996697,0.5463753733039447,1.1636320514880936,1.081028072629124,1.0709948153235018,1.1052183131469064,13727427207168.0,8388608,16,0.0019652538467198,32,64,4,256,286474.0,bin_1
v1_370,0.8877978478591285,0.708971424078567,1.0468431268673155,1.0070782587863505,1.0026364950463176,1.018852626899995,216996284006400.0,536870912,128,0.0098301125690341,64,64,1,128,86218.0,bin_2
v1_372,1.166849619525877,0.4292346507108411,1.4130487235670444,1.3523774640634656,1.3265518904663622,1.3639926926989574,1771859189760.0,4194304,32,0.0150072891265153,32,64,1,256,86218.0,bin_0
v1_373,1.105276496054007,0.500692702359369,1.6725134795997292,1.6262549138627946,1.6282442612573504,1.6423375515732914,13633461559296.0,8388608,64,0.0174542441964149,32,64,4,128,286474.0,bin_1
v1_374,1.072647468350117,0.4289520706365944,1.6516257710754871,1.6081976322457194,1.609387063421309,1.6230701555808384,108780667207680.0,268435456,64,0.0304113905876874,64,64,1,128,86218.0,bin_2
v1_375,0.9214694636979632,0.7640609007394722,1.055715810478432,1.014455164782703,1.0157205876894295,1.0286305209835216,217538143715328.0,536870912,64,0.000100561461295,64,64,1,128,86218.0,bin_2
v1_376,1.1492498952961157,0.3407336067812258,1.293049065803643,1.2557087964378295,1.2520131217315793,1.2669236613243506,898643761152.0,4194304,16,0.0013044715160503,32,32,2,512,39626.0,bin_0
v1_377,1.060644242635303,0.4902177447772686,1.6624564457451925,1.627442873083055,1.6287483349442482,1.6395492179241653,3619295434752.0,8388608,64,0.0185717791318893,128,32,4,256,73610.0,bin_1
v1_378,0.9359973409089736,0.6245167843620224,1.0525959855440306,0.9947058164980264,0.9852420412935315,1.0108479477785297,30030631197696.0,536870912,16,0.0004701364960055,32,16,2,512,10602.0,bin_2
v1_379,1.0465207438705963,0.5,1.6516223659273237,1.61060721706599,1.6102048624306915,1.6241448151413351,1720093710286848.0,536870912,32,0.0188272986561059,128,64,8,128,553482.0,bin_3
v1_381,0.9643516989446936,0.332331985034366,2.187108689453453,2.186478490009904,2.1853072308003902,2.186298136754582,3476226699264.0,2097152,256,0.0006691826856695,128,32,8,128,141578.0,bin_1
v1_382,1.0286450308871655,0.3605035823964395,1.1506180520664202,1.0983998160809278,1.0970601798035204,1.1153593493169562,215740569768960.0,67108864,64,0.0003798084508161,128,64,8,256,553482.0,bin_2
v1_383,1.0441647623695631,0.6057991415550938,1.6441417338792237,1.6050497777760029,1.607798890210688,1.6189968006219717,27133508935680.0,67108864,32,0.0450325831770896,64,64,1,256,86218.0,bin_1
v1_385,0.9919843859966372,0.4417153895487228,1.1011736345244572,1.0501817069016397,1.0561555251479149,1.069170288858004,3463382028288.0,33554432,16,0.0013617459917441,64,32,1,128,22634.0,bin_1
v1_387,0.9642982945155364,0.7050127187627186,1.980300888651982,1.968042239546776,1.973287671804428,1.9738769333343955,506079833088.0,4194304,32,0.0005718320026062,64,16,4,512,19402.0,bin_0
v1_389,1.431922602631974,0.6122708001874667,1.863486164715141,1.7952224211767316,1.8066346999257803,1.821781095272551,250170451968.0,4194304,16,0.0407949946820735,128,16,2,256,10602.0,bin_0
v1_391,0.9543847862634236,0.5886363076958315,2.108218300389126,2.1041732151061296,2.1045422982424498,2.105644604579235,442143166464.0,4194304,16,0.0001221616694238,128,32,1,256,22634.0,bin_0
v1_392,0.9795061306830778,0.571067457234124,1.774738223059103,1.7590205119922755,1.7605351926758883,1.7647646425757555,891798675456.0,8388608,32,0.0002290940028615,64,32,1,256,22634.0,bin_0
v1_393,1.0828651264764226,0.4878232477399143,1.6487627106253058,1.611343950033188,1.6154141640290618,1.6251736082291852,3604346118144.0,16777216,32,0.0156303420662879,64,16,8,256,37002.0,bin_1
v1_394,0.935314525503284,0.6008721291935578,1.0143902329509729,0.9724381030537188,0.9740097345784308,0.9869460235277074,430255424999424.0,536870912,128,0.0017597983824089,128,64,2,256,152970.0,bin_3
v1_395,1.1206165907706618,0.4110914189426094,1.6448908469174055,1.605535864830017,1.6074464032426476,1.6192910383300234,110838452981760.0,1073741824,128,0.0385724082589149,64,32,1,256,22634.0,bin_2
v1_396,1.0729018355524222,0.3196247989224179,1.3176146654877812,1.2736880537122488,1.2616553655825555,1.2843193615941952,438187284480.0,1048576,16,0.0008921584812924,32,32,4,128,73610.0,bin_0
v1_399,1.1098002525942012,0.3672605410462553,1.303608964313753,1.2695897798985245,1.2752346540801227,1.2828111327641334,111449613656064.0,536870912,256,0.0001555270282551,64,32,2,512,39626.0,bin_2
v1_400,1.0278612112501258,0.3714294219889458,1.8011423500720412,1.7787241004407406,1.7826233813539147,1.787496610622232,275033558016.0,2097152,256,0.0382884293794631,64,16,2,512,10602.0,bin_0
v1_402,1.1725523647323952,0.675006675423342,1.06155035415577,1.017967602238059,1.0212590503506362,1.0335923355814884,29150972012544.0,1073741824,16,0.0002311836287844,128,16,1,256,6202.0,bin_2
v1_405,1.0350040809263878,0.4452811024953882,1.1352958174829837,1.0891893338412046,1.0989618375897408,1.1078156629713096,55803484581120.0,67108864,16,0.0005669284728355,128,32,8,512,141578.0,bin_2
v1_406,1.0198999716180568,0.3822035129773224,1.7353244523983449,1.7114813905209303,1.7153630703687668,1.720722971096014,114732957696.0,2097152,256,0.0117045426741242,64,16,2,128,10602.0,bin_0
v1_407,0.9707910433633784,0.6083301526515812,1.9775090496987104,1.9675889341160653,1.9744153320789333,1.9731711052979035,3765093273600.0,8388608,256,0.0004938165075145,128,32,4,128,73610.0,bin_1
v1_408,1.0478919171299952,0.3413457371552609,1.6031425481196493,1.5782662332057953,1.5786279439926147,1.586678908439353,7314375352320.0,2097152,32,0.0002966803731396,64,64,8,128,553482.0,bin_1
v1_409,0.9887718152656668,0.5185206927111689,1.128308792169264,1.0826636580750346,1.1002001091837883,1.103724186476029,7499233714176.0,67108864,32,0.0029388561379164,64,16,4,512,19402.0,bin_1
v1_410,1.0425744064351792,0.4492473959021577,1.7299136554356664,1.6945571526885033,1.6912470031529665,1.705239270425712,56582191104.0,1048576,16,0.0323770344257354,64,16,2,128,10602.0,bin_0
v1_411,1.1480843248429908,0.3562544752425704,1.3859017377253622,1.3541022925637662,1.3611663272604346,1.3670567858498544,116085216033792.0,536870912,128,0.0001351227983832,128,16,8,256,37002.0,bin_2
v1_412,1.0604376575516838,0.5,1.6477131850551814,1.6059190081432462,1.6073667332530022,1.6203329754838098,438356113330176.0,536870912,16,0.012162659317255,64,32,8,128,141578.0,bin_3
v1_413,0.9549742039083928,0.5909613305565686,1.0590530677873176,0.9948302053380758,0.9715251508168876,1.008469474647427,439729366130688.0,268435456,256,0.0039110733196139,32,64,4,256,286474.0,bin_3
v1_414,0.9776488052850668,0.6358625285649094,1.1368998993493733,1.0343716265633702,1.0207637562416494,1.064011760718131,29118815950848.0,134217728,16,0.0001731397787807,32,16,8,256,37002.0,bin_2
v1_415,1.0130183541609483,0.3966782450353878,2.2999697038903832,2.301884727552533,2.301302030682564,2.3010521540418267,935139482112.0,1048576,256,0.0138799110427498,128,16,8,256,37002.0,bin_0
v1_417,1.009597129801315,0.431309635690588,1.1189642362151062,1.0554625722579658,1.0605175313539803,1.0783147799423507,28919274301440.0,134217728,64,0.0007026081439107,64,16,8,256,37002.0,bin_2
v1_418,0.9675300647974608,0.5849914450628736,1.0771067013265565,1.0361267300322652,1.03160784766078,1.0482804263398673,108860524904448.0,268435456,256,0.0059738527052104,64,64,1,128,86218.0,bin_2
v1_419,1.2571796219126794,0.3692853561782133,1.23106362260296,1.1943627772852778,1.1906576221808791,1.2053613406897057,13709607595008.0,16777216,16,0.0005918554379604,128,64,2,512,152970.0,bin_1
v1_420,1.279787819255338,0.38031487427916,1.2177383734378964,1.179024272132665,1.1824639714322984,1.193075539000953,29125960310784.0,1073741824,128,0.0001423266658093,128,16,1,256,6202.0,bin_2
v1_423,1.0629551016119196,0.5115954878454878,1.6458360509714112,1.604797437787056,1.6071119727566838,1.619248487171717,895813583557632.0,1073741824,32,0.0052461172454059,32,32,8,512,141578.0,bin_3
v1_426,0.9824589092523132,0.4924236429355477,1.7741369646973908,1.7582039730623364,1.7591213090345263,1.763820748931418,1698902667264.0,16777216,64,0.0004277690895833,128,32,1,256,22634.0,bin_0
v1_427,1.0828399901243115,0.3339419374716993,1.652132690884173,1.6129264226183295,1.61511464510113,1.6267245862012107,108623163439104.0,33554432,128,0.0023729507811367,128,64,8,256,553482.0,bin_2
v1_428,1.047753200962965,0.5125568351401685,1.6542319739237428,1.6108030192553997,1.6122905584052205,1.6257751838614545,108978987847680.0,33554432,32,0.0157600175589323,64,64,8,256,553482.0,bin_2
v1_429,1.082208222627681,0.5002688083521417,1.6463317921152338,1.6058509731665254,1.611063500866294,1.6210820887160178,109284617597952.0,67108864,32,0.0220973659306764,64,64,4,512,286474.0,bin_2
v1_430,0.9315597919859918,0.6525530316244602,1.0946840736505692,1.0173508985899389,0.9999192534014584,1.0373180752139888,14635372584960.0,268435456,64,0.0011115799425169,32,16,2,256,10602.0,bin_1
v1_431,0.9287888885339236,0.7093392982678698,1.0591554010825348,1.0047342055477202,0.9964409261010588,1.0201101775771046,29875377282048.0,536870912,16,0.0113379592075943,64,16,2,512,10602.0,bin_2
v1_432,1.1221340226815062,0.3730096371882085,1.1335917711548973,1.0813964428380132,1.0862369472160935,1.100408387069668,898480846848.0,16777216,16,0.0118021657690405,128,16,2,128,10602.0,bin_0
v1_433,1.444140845307618,0.3913169123645314,1.8417012824793344,1.7938454886898398,1.8149126023054123,1.816819791158196,593455036416.0,2097152,256,0.0428111515939235,32,16,8,256,37002.0,bin_0
v1_434,0.9427898327998956,0.6130823915942963,1.1298641121102264,0.9950964809395372,0.9566706251353024,1.027210406061689,1747397298868224.0,536870912,256,0.0001000722040771,32,64,8,128,553482.0,bin_3
v1_435,0.9721928678346512,0.376717142645714,2.1607084826100618,2.156212351284921,2.155982762575149,2.157634532156711,1884976324608.0,2097152,128,0.0075736762955784,128,32,8,256,141578.0,bin_0
v1_436,0.9556168552929885,0.3431164950569712,1.059296877356246,1.0122476955875754,1.0153944152407348,1.0289796627281855,111068458983936.0,268435456,64,0.0021247605327516,128,32,4,512,73610.0,bin_2
v1_437,1.0044131291734315,0.3730046840284935,2.322775552049279,2.3228177186101675,2.3232719600200653,2.322955076893171,862449125376.0,2097152,128,0.0001179215250886,128,32,2,512,39626.0,bin_0
v1_438,0.9738273504340148,0.6070513705870849,1.0946913686057087,1.0327388462610545,1.0324482950381937,1.0532928366349854,231380872876032.0,1073741824,256,0.0002895100042223,64,16,8,256,37002.0,bin_3
v1_440,1.0638024745929868,0.5,1.6468702463898808,1.6059136167168615,1.6077871825546026,1.6201903485537816,221989896781824.0,1073741824,16,0.0161641798913478,32,32,2,128,39626.0,bin_2
v1_441,0.9832708666669816,0.3930048941358464,2.249976600985974,2.2492100410163403,2.2497308272868395,2.249639156429718,916781451264.0,4194304,256,0.0006958392332307,128,16,8,128,37002.0,bin_0
v1_442,0.9801158496058796,0.2928118750737798,2.260037364438176,2.261000582948327,2.260403512045741,2.2604804864774146,1192112243712.0,1048576,64,0.0004075466713402,32,32,8,512,141578.0,bin_0
v1_443,1.1161103738219122,0.3347816627816628,1.5105676762759686,1.4780256506055591,1.4778978172689676,1.4888303813834984,1457701822464.0,2097152,128,0.0045817708596587,128,64,1,256,86218.0,bin_0
v1_444,1.2925708209017264,0.5616023848285753,1.7318668434163556,1.7065158849582076,1.7060907976701856,1.714824508681583,156148494336.0,1048576,64,0.0191102940589189,128,32,1,128,22634.0,bin_0
v1_445,1.4302597823360916,0.6902322844703797,1.997494830749929,2.0103773791342974,2.061484521254897,2.023118910379708,219638931456.0,2097152,64,0.0209349170327186,128,32,1,256,22634.0,bin_0
v1_446,1.80550046867847,0.535304522637856,2.327578769880347,2.231533957179636,2.258867075666785,2.272659934242256,1299469615104.0,2097152,256,0.0247513931244611,32,32,4,256,73610.0,bin_0
v1_447,1.3026458671735954,0.4482818182699135,1.2869271577801555,1.2574489661492407,1.2600078131072223,1.2681279790122062,3678046187520.0,33554432,128,0.0057818759232759,128,16,4,256,19402.0,bin_1
v1_448,1.273364313104913,0.4194720700375462,1.3718580667627975,1.3511842270381749,1.3796410784125328,1.3675611240711685,439535339212800.0,536870912,16,0.0053925425745546,32,64,2,512,152970.0,bin_3
v1_449,0.5431151031946045,0.8520149762054525,1.0342842051322805,0.9151887975167484,0.9096414968371392,0.9530381664953892,119697036616704.0,1073741824,16,0.0006143761565908,32,16,4,512,19402.0,bin_2
v1_450,0.9580264837677558,0.60915988332655,1.3540258278371766,1.3001995477825403,1.3029513363726437,1.3190589039974536,13868272880640.0,33554432,64,0.0084039401262998,128,32,4,256,73610.0,bin_1
v1_451,0.955858347821388,0.358080286556477,1.1793133526225574,1.092362686060369,1.077567670494318,1.1164145697257482,13955996522496.0,67108864,64,0.0039088511839509,64,32,2,512,39626.0,bin_1
v1_452,1.0501507867184736,0.5038181725681725,1.6470457781106234,1.6083600539714098,1.609851634129882,1.621752488737305,873764712271872.0,268435456,256,0.0086170947179198,32,64,8,128,553482.0,bin_3
v1_453,1.1132989054011455,0.4810092407592408,1.669684735010378,1.6223327820189295,1.623859736137092,1.6386257510554667,865786356655872.0,268435456,64,0.0050951233133673,128,64,8,512,553482.0,bin_3
v1_455,0.99447478157988,0.3617612854517616,1.9152952425647527,1.901037155650556,1.9057937311008573,1.907375376438722,257212904448.0,2097152,256,0.0119894985109567,128,16,1,512,6202.0,bin_0
v1_456,1.035800897482872,0.5466348717420146,1.1192915475403424,1.0659321756102145,1.069519029930234,1.0849142510269305,29787084317952.0,268435456,16,0.0003191809810232,128,16,4,512,19402.0,bin_2
v1_458,0.2817296823993607,0.9884099256123068,0.9573020207535592,0.8968825072515756,0.89654605765827,0.9169101952211348,874243662827520.0,536870912,16,0.0006261128582991,32,64,4,128,286474.0,bin_3
v1_459,0.9441379226247948,0.7587671407076169,1.140722347132396,1.0728100962005556,1.0680349338799715,1.0938557924043075,13612149424128.0,16777216,128,0.0015544042689725,32,64,2,128,152970.0,bin_1
v1_462,1.0024520365557468,0.5343651819961343,1.203308258744073,1.1606435952708123,1.1653208984062076,1.176424250807031,6849748119552.0,33554432,32,0.0122558372095227,128,32,2,128,39626.0,bin_1
v1_463,1.057385031535177,0.4942911255411255,1.6516565571073445,1.6086937012150884,1.6096451440826058,1.6233318008016795,1721116504903680.0,536870912,16,0.0093179978430271,128,64,8,128,553482.0,bin_3
v1_465,0.2335200569267458,0.9891323500133024,0.9005392265098635,0.8723736063111573,0.878184475004673,0.8836991026085647,3458671156580352.0,1073741824,32,0.0005022384575568,64,64,8,128,553482.0,bin_3
v1_467,1.0823527986510335,0.5949147298909204,1.1129040872401674,1.0791696459054947,1.081448440439999,1.0911740578618871,435193877544960.0,536870912,128,0.0085529061034321,64,64,2,512,152970.0,bin_3
v1_468,1.5018576393418062,0.4279045967260253,1.391916546970606,1.3538701026700437,1.340547759551555,1.3621114697307348,1853884105728.0,4194304,16,0.0048536495305597,128,32,4,512,73610.0,bin_0
v1_469,1.0167104635921245,0.339328370923609,1.7843538539018482,1.7693320093676448,1.7713348045945168,1.775006889288003,6955631763456.0,8388608,64,0.0001193603675346,32,32,8,128,141578.0,bin_1
v1_470,0.8268499266012922,0.7407846500941738,1.0212787192722317,0.9617163012735546,0.955549605190754,0.9795148752455134,14382041579520.0,268435456,32,0.0058397580869495,32,16,2,128,10602.0,bin_1
v1_472,0.9551244782606232,0.5490135856207284,1.0841888514260063,0.9952347632497548,0.9678453770466148,1.0157563305741253,55307793678336.0,134217728,64,0.0007887738174758,32,32,4,128,73610.0,bin_2
v1_473,1.0833893477667005,0.4964927849927849,1.6542917491169646,1.6110241543501616,1.613060780800879,1.6261255614226684,55666918533120.0,268435456,32,0.047684222459793,64,32,2,512,39626.0,bin_2
v1_474,1.2435665736005015,0.346654444321111,1.3822885890840553,1.3509671660140157,1.3359957276843488,1.356417160927473,69702561792.0,2097152,64,0.0252821017056703,32,16,1,256,6202.0,bin_0
v1_476,1.0886137593397216,0.5730560048417191,1.6530822892673314,1.609185584820807,1.6130425669252872,1.6251034803378086,905893681152.0,8388608,32,0.0160819105803966,32,16,4,128,19402.0,bin_0
v1_477,1.0879480173303178,0.4276193528693528,1.667189811123535,1.6278546852990985,1.633660826832056,1.64290177441823,13802912907264.0,4194304,32,0.0034019243903458,32,64,8,256,553482.0,bin_1
v1_478,1.0483423890983228,0.5787005375576805,1.6475345592480153,1.6115098828449843,1.61311115603894,1.62405186604398,7150763550720.0,67108864,16,0.0128335747867822,128,16,4,128,19402.0,bin_1
v1_479,0.9793690880749172,0.4875254049301669,2.21440910641104,2.2138450164347887,2.2207970563322306,2.216350393059353,16191153825792.0,8388608,256,0.0001811776310205,64,64,4,512,286474.0,bin_1
v1_480,0.4864851717109776,0.9466132513870608,0.979124896839494,0.9252502773888408,0.915577835170552,0.9399843364662956,439230141702144.0,536870912,32,0.0013436356093734,32,64,2,256,152970.0,bin_3
v1_481,1.0655938272971133,0.3962571299952253,1.5946969676297158,1.5639143018051982,1.565432052128017,1.5746811071876436,894938548224.0,16777216,64,0.0009060048614628,128,16,2,128,10602.0,bin_0
v1_482,0.3640261202509812,0.9563285471142614,0.9321241091129197,0.890828522387892,0.8918411012273282,0.9049312442427132,442440100988928.0,536870912,16,0.0004232081992086,32,32,8,128,141578.0,bin_3
v1_483,0.9771639586153382,0.4029183598588361,2.247470401227474,2.2457726895809174,2.243954502046108,2.2457325309515,133972254720.0,2097152,256,0.0005429369048215,64,16,2,128,10602.0,bin_0
v1_484,0.9755726898465028,0.5110485277509087,1.1394723363628143,1.0871382202021778,1.090430117212236,1.1056802245924091,55018979426304.0,67108864,32,0.0001059283022186,64,32,8,128,141578.0,bin_2
v1_485,1.1602864434585076,0.5161140719950243,1.3056884481338784,1.2731885048560798,1.270608195103705,1.283161716031221,28034807820288.0,16777216,128,0.0003799934056587,32,64,4,256,286474.0,bin_2
v1_486,0.4951190150511916,0.900933144456954,1.0431099650231772,0.924500070977956,0.9117623039055616,0.9597907799688984,232294491623424.0,1073741824,32,0.0002528999757487,32,16,8,256,37002.0,bin_3
v1_487,1.2275255062590364,0.4153049230311134,1.2259179551911077,1.1811286890879271,1.172276850324124,1.1931078315343864,3683052195840.0,67108864,64,0.0003742206026799,32,16,2,256,10602.0,bin_1
v1_488,1.0127921935048894,0.3587006472363614,1.8314067050814629,1.8166972128674388,1.824495241045952,1.824199719664951,27814732369920.0,134217728,256,0.0001524545805295,128,32,2,256,39626.0,bin_2
v1_489,1.0680175118548012,0.5,1.6487477084156126,1.613775028847158,1.618895372375846,1.6271393698795389,59460166685184.0,536870912,16,0.030695118010044,64,16,4,512,19402.0,bin_2
v1_491,0.9612000104283388,0.6442490212609261,1.0801299759623362,1.0300504537299275,1.028817026410252,1.0463324853675051,110186390495232.0,268435456,32,0.0001659713598201,32,64,1,512,86218.0,bin_2
v1_492,1.3012134787950966,0.5745996635639493,1.748114878195338,1.713917820714414,1.7251816540956495,1.7290714510018006,2257378713600.0,4194304,256,0.0144369537010788,64,64,1,512,86218.0,bin_1
v1_493,1.0261571231201323,0.4003885461980699,1.1739345039532054,1.1289507523179054,1.1347796362824738,1.1458882975178617,54227771154432.0,134217728,64,0.0106512140482664,128,64,1,256,86218.0,bin_2
v1_494,1.0642917209947202,0.5693512492798207,1.6480414883699268,1.6075331214815378,1.6085778437554836,1.6213841512023162,111258791192064.0,134217728,32,0.0072728893719613,64,32,8,512,141578.0,bin_2
v1_495,1.0833964328103851,0.6163805376722044,1.6576132242335009,1.6197587121278048,1.6219333792105315,1.6331017718572791,14615379266304.0,16777216,32,0.0083883898332715,128,32,8,512,141578.0,bin_1
v1_496,0.979917623390676,0.4996081264414597,1.1080156763346167,1.0501618459820747,1.0491741667501628,1.0691172296889515,27069125971968.0,67108864,32,0.0014398727798834,128,64,1,256,86218.0,bin_1
v1_497,1.0242712374845695,0.6239591916020487,1.813027986325324,1.7930404748767614,1.7955147624015808,1.800527741201222,29094555205632.0,67108864,128,0.0002722331264521,128,32,4,512,73610.0,bin_2
v1_498,0.9503178488646724,0.5316827837065933,1.0765926497551843,0.9861354785971344,0.9734211605973542,1.0120497629832244,876592151519232.0,268435456,128,0.0007967552519403,32,64,8,512,553482.0,bin_3
v1_499,1.0840366079452866,0.3432464114368876,1.6382811402436346,1.5991100883111358,1.6082888580858707,1.6152266955468804,203204898816.0,4194304,256,0.0198228694498538,128,16,1,256,6202.0,bin_0
v1_500,0.3656402000527076,0.9384388442245584,1.0402306786490954,0.8998056189157069,0.8891221231315285,0.9430528068987768,1748786393370624.0,536870912,16,0.0001760222221491,32,64,8,256,553482.0,bin_3
v1_502,0.629475648756561,0.9314109461966604,0.997082741720078,0.9373008178081365,0.9344016080722212,0.9562617225334784,222120323383296.0,1073741824,64,0.0007993265171535,32,32,2,128,39626.0,bin_2
v1_503,1.3193322650735704,0.2325389341698865,1.1732124048285186,1.1315393266268077,1.136370066087693,1.1470405991810064,7219352830464.0,33554432,16,0.0016855280846357,128,16,8,256,37002.0,bin_1
v1_504,1.0453451893295864,0.3987564661969423,1.848709864541888,1.8336897576227784,1.8412266224622729,1.84120874820898,56641404228864.0,16777216,256,0.0006181987700983,128,64,8,512,553482.0,bin_2
v1_506,1.0929320194062384,0.4947455507455507,1.679420331842266,1.6299392702057958,1.6311711929738522,1.646843598340638,54818893111296.0,16777216,128,0.0307054091244936,32,64,8,128,553482.0,bin_2
v1_507,0.3405281247457833,0.9580298127798128,0.9960857103360468,0.9075713627971708,0.8930737958289683,0.9322436229873952,1748137148301312.0,1073741824,256,0.0015137987211346,32,64,4,128,286474.0,bin_3
v1_508,1.0586368556234744,0.4615769473031378,1.6965812100097537,1.661250432021916,1.6668395586311815,1.6748904002209504,805699964928.0,1048576,128,0.0460448749363422,128,32,2,512,39626.0,bin_0
v1_509,1.0457257849653565,0.255335219454267,1.235018468403723,1.186693990137428,1.188846340868622,1.2035195998032575,7043483289600.0,16777216,128,0.0026723346672952,128,32,4,128,73610.0,bin_1
v1_511,0.9683479470039056,0.623161995852472,1.0893038788199192,1.0389920230954883,1.0292492993175983,1.0525150670776686,3621315870720.0,134217728,64,0.0171481985598802,32,16,1,128,6202.0,bin_1
v1_512,1.0610393107556462,0.556331844742559,1.5122020506532865,1.4715834129601717,1.4585056696087122,1.4807637110740568,109985667723264.0,536870912,256,0.0226425193250179,128,32,2,256,39626.0,bin_2
v1_513,0.479968955658367,0.8829074730384253,0.9434184121673752,0.9109366175252944,0.9202098776586354,0.9248549691171016,1726347714293760.0,1073741824,16,0.0005694462452083,128,64,4,512,286474.0,bin_3
v1_514,0.9823857898686734,0.3713704884181075,1.1469020874937996,1.0884078508242965,1.092845764476806,1.1093852342649673,27659415177216.0,33554432,16,0.0005074763321317,128,32,8,256,141578.0,bin_2
v1_515,1.17216162158757,0.3531955535646012,1.3330488393548876,1.306168311741203,1.3093154169619083,1.3161775226859995,953223300096.0,33554432,16,0.0002307578397449,32,16,1,512,6202.0,bin_0
v1_516,1.0444368677436118,0.5104706404706405,1.6428881851024926,1.6057635471224785,1.6090301536023617,1.6192272952757776,1724550367368192.0,536870912,32,0.0249281711876392,128,64,8,256,553482.0,bin_3
v1_517,0.95788976273113,0.5427896635991875,1.1761014079820598,1.1007563108578324,1.089212232735008,1.1220233171916334,3439402475520.0,8388608,64,0.0013397361617535,32,32,4,128,73610.0,bin_1
v1_518,0.981658583483456,0.7445983086578324,1.1340368953970028,1.0596691109240055,1.0523266945965588,1.0820109003058558,6890186563584.0,16777216,16,0.0007855368312448,32,64,1,256,86218.0,bin_1
v1_519,1.2705051951223405,0.3450524338976721,1.7433645764831454,1.6913501033559442,1.707102001644671,1.71393889382792,956834572800.0,1048576,16,0.009640141390264,128,32,8,256,141578.0,bin_0
v1_520,0.9586868198682318,0.5790811450454307,1.986049283994361,1.9776240168139336,1.9787547457963228,1.980809348868206,875796971520.0,8388608,64,0.0002590833173599,64,32,1,256,22634.0,bin_0
v1_521,0.999878568399315,0.2596963107439298,1.164747571456246,1.111153463833034,1.1175096831284463,1.1311369061392422,866569850880.0,8388608,16,0.0005980008281767,64,32,1,128,22634.0,bin_0
v1_522,0.9783189582812014,0.4029183598588361,2.258941287640482,2.2575580403208733,2.2556771896779537,2.2573921725464365,257597263872.0,4194304,256,0.0002161551383323,64,16,2,128,10602.0,bin_0
v1_524,0.9706150605991448,0.6230542094589714,1.0822279853455257,1.0316786714829504,1.0308478074148295,1.048251488081102,1838580455424.0,67108864,16,0.0021528850775212,32,16,1,256,6202.0,bin_0
v1_526,1.0091954736577,0.3952720630339678,1.1266136077028932,1.0685362848453224,1.081193409860134,1.0921144341361166,55809373556736.0,134217728,64,0.0044283266179263,128,32,4,512,73610.0,bin_2
v1_527,1.1045950739387018,0.3502068337306432,1.466156110400334,1.440063533373177,1.4444447420537472,1.4502214619424194,226876121088.0,8388608,32,0.0006207151454873,64,16,1,128,6202.0,bin_0
v1_528,1.074338899647301,0.3054220928982833,1.43255507980939,1.4084453214891255,1.4067229954525828,1.4159077989170328,55379966324736.0,67108864,256,0.0002606965717859,32,64,2,512,152970.0,bin_2
v1_529,1.1405677476735303,0.4585869020749973,1.740741871180944,1.713008706457913,1.7250650255009532,1.72627186771327,4429276372992.0,1048576,256,0.0179174561053514,32,64,8,256,553482.0,bin_1
v1_530,0.9281140050218708,0.7914170930480454,1.0594746669084998,0.98182889027521,0.969224297441542,1.003509284875084,57465673273344.0,1073741824,32,0.0002217587607447,32,16,2,128,10602.0,bin_2
v1_531,1.0009066439994727,0.395017302803017,2.04623825638555,2.0374010913074017,2.0402593882754445,2.041299578656132,7688798714880.0,33554432,256,0.0004915044410154,64,16,8,256,37002.0,bin_1
v1_533,0.9370005654924768,0.5612665738141929,1.0889299264235888,1.034867801703513,1.0294418460689485,1.05107985806535,14368983982080.0,536870912,256,0.0380910485982894,64,16,1,128,6202.0,bin_1
v1_534,1.12211132303035,0.3741702072178263,1.3041897887014784,1.2683077440597117,1.2651893394067883,1.279228957389326,1855147708416.0,8388608,32,0.00166246376466,64,32,2,512,39626.0,bin_0
v1_535,0.9915958509685436,0.3975489536918108,1.2906265266356058,1.2533101341687145,1.2530955686233938,1.265677409809238,1923465652224.0,67108864,128,0.0301952231675386,128,16,1,512,6202.0,bin_0
v1_536,0.9428861103002748,0.6785963586677872,1.1766525136335986,1.0962112434208393,1.089554947335273,1.1208062347965704,6818601615360.0,33554432,128,0.0017981888959184,64,32,2,128,39626.0,bin_1
v1_537,0.9203952688274948,0.724126552019409,1.0214346767606912,0.9701968885492532,0.9641682733781636,0.985266612896036,219773939816448.0,1073741824,16,0.0001072375816875,64,32,2,128,39626.0,bin_2
v1_538,1.0776687802667564,0.4899976874976874,1.6475373287685215,1.6054196562618015,1.6092077940702438,1.6207215930335224,232284444804096.0,1073741824,16,0.0077034905552864,32,16,8,256,37002.0,bin_3
v1_539,1.0606153960323677,0.6301338934434173,1.2135400414845208,1.1268306621350348,1.1025152504444122,1.147628651354656,1834823467008.0,16777216,32,0.003924477379769,32,16,4,256,19402.0,bin_0
v1_541,1.1165922833810693,0.3410220048910524,1.7260588466888294,1.6744144354015589,1.6816045306622982,1.6940259375842288,1787978803200.0,2097152,64,0.0093263061717152,128,32,8,128,141578.0,bin_0
v1_542,1.013669152716051,0.3477580787818883,1.7301525343209505,1.7097811410203576,1.7150138290598989,1.7183158348004024,2013002698752.0,67108864,256,0.001184843131341,64,16,1,512,6202.0,bin_1
v1_544,1.0048997577707728,0.3410098640336735,2.0646533886902034,2.058126084506512,2.064507740549743,2.06242907124882,831258255360.0,2097152,256,0.0020716832950711,128,32,2,256,39626.0,bin_0
v1_545,1.1340327468244096,0.3574333876000543,1.4018004052340984,1.371586206369102,1.374504942446947,1.3826305180167158,15043453913088.0,268435456,256,0.0003339282702654,32,16,2,512,10602.0,bin_1
v1_546,0.9914052180097692,0.58790778753874,1.4822689956054091,1.4289492219686508,1.441807733848691,1.4510086504742503,246318778368.0,8388608,16,0.0476379506289958,128,16,1,512,6202.0,bin_0
v1_547,1.0398381856551209,0.4938639200305866,1.6482892842032015,1.6132369516417384,1.615916771814227,1.625814335886389,27698106734592.0,67108864,64,0.0279904343187809,128,32,4,256,73610.0,bin_2
v1_548,1.0929808612105507,0.3912405817286769,1.7280841552419588,1.701815851032734,1.7131074024364352,1.7143358029037092,3852966543360.0,1048576,64,0.002321946201846,64,64,8,256,553482.0,bin_1
v1_549,1.1268785711476788,0.4718599478123289,1.3923004971002229,1.3572636800818143,1.3474315721541643,1.3656652497787338,27492884287488.0,33554432,128,0.0095422575250267,128,64,2,256,152970.0,bin_2
v1_550,0.9424040347870716,0.5784553273005654,1.1061684486849117,1.0006732176989317,0.9644687534309924,1.0237701399382786,110821455175680.0,268435456,64,0.0003520021273288,32,32,4,128,73610.0,bin_2
v1_551,0.9791268804396844,0.2919578701721558,2.269158508162945,2.270077032968402,2.2694261763244867,2.2695539058186114,14440315410432.0,16777216,128,0.0001759473670972,128,32,8,512,141578.0,bin_1
v1_552,1.091114943738097,0.4718225231558565,1.650873024133034,1.609250790439546,1.6137535981833937,1.6246258042519912,436935381946368.0,134217728,128,0.0115107521414756,128,64,8,512,553482.0,bin_3
v1_553,0.9606364929278244,0.6104725904606857,1.0611359476970392,1.0134725337848067,1.01597766764462,1.0301953830421553,27774335969280.0,134217728,32,0.0020213879179209,64,32,2,512,39626.0,bin_2
v1_554,1.1532499805861027,0.591280319768415,1.3683140340726825,1.3410074077546597,1.3443869706243277,1.35123613748389,1812600526848.0,16777216,32,0.0007396048749797,64,16,4,256,19402.0,bin_0
v1_556,1.0800506203670637,0.4896508299901157,1.7025416046380997,1.6548992842435837,1.663112910464406,1.6735179331153631,6991973855232.0,8388608,64,0.0151030188426375,128,64,2,128,152970.0,bin_1
v1_557,0.9730403707008928,0.6128756455185027,2.00584155973047,1.9961847495287657,1.9966599075123668,1.999562072257201,997807927296.0,4194304,256,0.0353748723864555,128,16,4,512,19402.0,bin_0
v1_559,1.072836727356431,0.5009424464424465,1.6465575809124855,1.6053708093240855,1.6086167553439736,1.620181715193515,58098453590016.0,268435456,16,0.0187968276441097,32,16,8,256,37002.0,bin_2
v1_560,1.155391973434499,0.359218592694783,1.5366276603890583,1.507990201935172,1.5103454068303108,1.5183210897181805,442669510656.0,1048576,16,0.000485466531245,64,64,1,128,86218.0,bin_0
v1_561,1.004057189665846,0.368086679193822,2.2467005448415875,2.2448525689542294,2.246989376842976,2.2461808302129307,509992759296.0,1048576,256,0.0006322587141767,128,32,2,128,39626.0,bin_0
v1_562,0.977786931551765,0.4029183598588361,2.256248727440834,2.254791157320142,2.2529343720525503,2.254658085604509,525532348416.0,8388608,256,0.0001309375365963,32,16,2,256,10602.0,bin_0
v1_563,0.9376460739806132,0.7207076596243264,1.0568504666662193,1.0129876341670752,1.011037201154977,1.0269584339960904,27716040388608.0,268435456,128,0.0033863405697047,64,32,1,256,22634.0,bin_2
v1_564,0.9714901815494904,0.5736987205915778,1.2678137285402045,1.2313380506820977,1.239166744519025,1.2461061745804425,13690357039104.0,33554432,64,0.0082229431718587,128,32,4,128,73610.0,bin_1
v1_565,0.9603590278496748,0.4404832143165476,1.013311005808646,0.9749883699696512,0.9726765947416424,0.9869919901733132,55522624229376.0,268435456,32,0.0118751851841807,32,32,2,128,39626.0,bin_2
v1_566,1.0851445209144874,0.4551678105844772,1.6475007554981858,1.6085623623803258,1.6144895916804671,1.623517569852993,27945337820160.0,134217728,32,0.014085411094129,128,32,2,512,39626.0,bin_2
v1_568,1.0308682856750038,0.6054708171017694,1.672794993268326,1.6478677866980431,1.6485733548179269,1.6564120449280988,1728502837248.0,4194304,16,0.0001348525838693,64,32,4,128,73610.0,bin_0
v1_569,1.0798931694518057,0.3889416326618707,1.723161907750182,1.686435878276825,1.6867391634732485,1.6987789831667517,14784884951040.0,4194304,128,0.0046585611999034,128,64,8,128,553482.0,bin_1
v1_571,1.1083831939048665,0.3731543883805788,1.6910299992887303,1.8998294109478595,2.0898225158452988,1.893560642027296,254696005632.0,1048576,32,0.0150668956339359,32,32,2,256,39626.0,bin_0
v1_573,0.9554518269983318,0.462341837615647,1.0410130306408971,0.997380532324314,1.0010928506962955,1.013162137887169,110066988417024.0,268435456,256,0.002838933141902,128,32,4,128,73610.0,bin_2
v1_575,1.1565256296808863,0.4304834953406382,1.2237174867186695,1.181750863790512,1.1861635618843138,1.1972106374644984,14511543767040.0,134217728,32,0.0001100227527786,64,16,4,256,19402.0,bin_1
v1_576,0.9887190716387928,0.3931712401355258,2.23159216158092,2.2300790399312973,2.230660045519471,2.2307770823438964,618895257600.0,2097152,64,0.0004426696687005,32,16,8,512,37002.0,bin_0
v1_577,1.000480114619874,0.3463795283200044,1.9195117054041475,1.9104883605614305,1.9130646288394928,1.914354898268357,1182702587904.0,2097152,64,0.0008483377168886,64,64,1,512,86218.0,bin_0
v1_578,1.0020454523728155,0.3481707494445589,1.962755982065573,1.954826352186501,1.9579754564911127,1.9585192635810624,7238361526272.0,16777216,64,0.0002038233942585,128,64,1,512,86218.0,bin_1
v1_579,0.9328355495024248,0.7077876396090682,1.0594945304983412,0.9644499425776304,0.9422173136845232,0.9887205955868316,879320869109760.0,1073741824,64,0.0002927014720626,32,64,2,512,152970.0,bin_3
v1_580,1.001964163953846,0.3516455215859977,2.002680259058252,1.9946242617443204,2.001868979074061,1.9997244999588777,868716708864.0,4194304,16,0.0003778153622988,128,32,2,512,39626.0,bin_0
v1_582,0.9684839534767375,0.3581802276207038,2.0371892077382654,2.030066513456404,2.031810517422855,2.0330220795391747,2056829761536.0,2097152,256,0.0022101232316344,64,32,8,128,141578.0,bin_1
v1_583,1.0241062060931734,0.60664080672414,1.6551741322036833,1.630977062508464,1.6308864215388894,1.6390125387503456,14116482785280.0,33554432,64,0.0001493878371547,32,32,4,512,73610.0,bin_1
v1_584,1.1655670121913368,0.5203392141368332,1.1896597150771413,1.1408079070970416,1.1441177329979837,1.1581951183907222,54651623510016.0,33554432,32,0.0003190020506735,64,64,4,512,286474.0,bin_2
v1_585,0.572727377295729,0.8786695953957858,0.9938968892820412,0.918004634557292,0.9142692417372018,0.9420569218588448,874256914771968.0,268435456,16,0.0002236762957181,32,64,8,128,553482.0,bin_3
v1_588,1.250840994643442,0.3760233285233285,1.2228789583023172,1.185449631884694,1.185675930697471,1.198001506961494,1801850830848.0,67108864,64,0.000337191770086,64,16,1,128,6202.0,bin_0
v1_589,0.977369572191608,0.3647813716266097,2.004522184841335,1.9989476092159748,2.003414874896407,2.002294889651239,7083235835904.0,2097152,32,0.0001490248396294,128,64,8,512,553482.0,bin_1
v1_591,1.0007824756695385,0.5942762643000737,2.138223021524027,2.1291498970240355,2.1279689725488424,2.131780630365635,3886925563392.0,4194304,256,0.0185095220804214,128,32,4,512,73610.0,bin_1
v1_593,1.0480729688459045,0.3884601452339547,1.6478505707345903,1.6087037967517972,1.6097834445536137,1.6221126040133338,13850755129344.0,134217728,128,0.047154601663351,64,32,1,128,22634.0,bin_1
v1_594,0.9604735795774296,0.493751805954187,1.0401689820355386,0.987633311888203,0.979839012492448,1.00254710213873,55127161257984.0,134217728,64,0.0011371825821697,64,32,4,128,73610.0,bin_2
v1_595,0.9769226050310084,0.5529578314102124,1.2630762258922914,1.1817977647297084,1.1563609233126044,1.2004116379782015,6871919026176.0,16777216,64,0.0087271761149168,32,64,1,512,86218.0,bin_1
v1_596,1.0075498822959257,0.3415666868404963,2.0563368131406605,2.04966289550066,2.0560459615662694,2.05401522340253,499712237568.0,2097152,128,0.0006983614875935,32,32,2,256,39626.0,bin_0
v1_597,0.9659251158993462,0.6693248880748882,1.129156031740422,1.0805397457443178,1.0821522632613778,1.097282680248706,7089898254336.0,67108864,32,0.0026527119334787,128,32,1,512,22634.0,bin_1
v1_599,0.9835678607237458,0.3494520563211039,2.129322231048718,2.127198453061282,2.128029322251677,2.1281833354538926,3639483107328.0,8388608,128,0.0002894429198931,128,64,1,512,86218.0,bin_1
v1_601,1.083419786752302,0.5,1.6494878930971026,1.6073480304330587,1.6107709938660264,1.622535639132063,862471226044416.0,1073741824,16,0.0333518385887146,128,64,2,128,152970.0,bin_3
v1_602,1.0613493450333802,0.3180738776214967,1.6057318763341757,1.5669240774586797,1.56628842279315,1.5796481255286683,3643155744768.0,8388608,128,0.0045431680046021,128,32,4,256,73610.0,bin_1
v1_603,1.006829612574936,0.3469046407736884,1.9234901093877848,1.91260904725641,1.920279009267688,1.918792721970628,448985284608.0,2097152,32,0.0002481776173226,64,32,2,128,39626.0,bin_0
v1_604,0.9598354170968804,0.4966540831302735,2.1417187098413706,2.1370392218232155,2.137382874265313,2.138713601976633,6923810979840.0,8388608,256,0.0002222444454673,128,64,2,128,152970.0,bin_1
v1_605,1.191180203525472,0.3029334091834091,1.2485372012597509,1.2156521170400083,1.221508513670415,1.228565943990058,14287155271680.0,16777216,64,0.0009828869951888,128,64,2,256,152970.0,bin_1
v1_606,0.9525171581928076,0.4143152055175865,1.0424372013731045,1.0033332956954837,1.0029021757654846,1.0162242242780242,29356865869824.0,1073741824,16,0.0184252057224512,32,16,1,256,6202.0,bin_2
v1_608,0.9671452156000157,0.6515359450954689,1.1326804811687907,1.0800181976519525,1.0919804139994085,1.1015596976067172,107989161406464.0,33554432,32,0.0011684991186484,128,64,8,128,553482.0,bin_2
v1_609,0.8809489444081505,0.7669583551369265,0.9931852092631744,0.9450918701477348,0.9459941061213611,0.9614237285107567,861234739937280.0,1073741824,32,0.0002935582888312,128,64,2,128,152970.0,bin_3
v1_610,0.951500591241506,0.6740849613349612,2.198977602180093,2.198025893419981,2.20079305395484,2.1992655165183046,990203440128.0,2097152,128,0.000274411169812,128,32,4,256,73610.0,bin_0
v1_613,1.0370412544919756,0.3188071809143237,1.1788617402489765,1.1290329950861633,1.1341613032855091,1.1473520128735497,27150087487488.0,67108864,128,0.0001597856607986,64,64,1,128,86218.0,bin_1
v1_614,1.0309619865353454,0.3452535251344775,1.6082025587093085,1.5844003604725003,1.588651642203331,1.5937515204617132,3563528196096.0,16777216,64,0.0003435982216615,128,32,2,128,39626.0,bin_1
v1_615,0.9740117004222836,0.3488717398122159,2.064367365790531,2.05639979429543,2.058914854191244,2.059894004759068,65705687040.0,2097152,128,0.0040302132256329,64,16,1,512,6202.0,bin_0
v1_616,1.0933895107324862,0.4261068873806968,1.2955486329155974,1.2122685043141246,1.191852115560323,1.2332230842633485,6937426077696.0,33554432,32,0.0106644229963421,128,32,2,256,39626.0,bin_1
v1_617,1.0918769390226764,0.3807146623218051,1.8007443302776664,1.778172300197184,1.7879687836393714,1.7889618047047406,1320115531776.0,4194304,256,0.0217370986938476,32,16,8,512,37002.0,bin_0
v1_618,1.0391094950601578,0.2808441139988759,1.317516066483222,1.2883461816236377,1.2902168375439942,1.298693028550285,8123668506624.0,8388608,128,0.003624323522672,64,64,2,512,152970.0,bin_1
v1_619,0.9956568885362148,0.3950668211858687,2.063969457522034,2.055830939672888,2.058597782626748,2.0594660599405565,3781240524288.0,16777216,128,0.0008988471236079,128,16,8,256,37002.0,bin_1
v1_620,0.9443960325243218,0.4767220024243834,1.021573599507974,0.9732166174799204,0.9723713230341672,0.9890538466740204,113111260286976.0,1073741824,128,0.0154388174414634,32,32,1,512,22634.0,bin_2
v1_622,0.9988813244146986,0.3604723429128191,2.11038480210118,2.1051613073796034,2.110335383564234,2.108627164348339,2058363002880.0,8388608,128,0.0004048611444886,64,32,2,512,39626.0,bin_1
v1_623,1.411411110621452,0.3652784393736774,1.3547255115117878,1.3147320067510009,1.297066269442439,1.3221745959017426,481715933184.0,1048576,32,0.0053254957310855,64,32,4,128,73610.0,bin_0
v1_624,0.9531524247413252,0.4078593487641106,1.074694027629448,1.032670022919774,1.035272307228297,1.0475454525925063,107729870364672.0,268435456,32,0.0001215151714859,128,64,1,128,86218.0,bin_2
v1_625,1.0899323922131057,0.5,1.6446660350775346,1.6040855450555682,1.6085122292861342,1.619087936473079,56089257682944.0,134217728,16,0.0485480688512325,32,32,4,512,73610.0,bin_2
v1_626,0.9805168236729962,0.495354060842156,2.135509249055758,2.1321109561249614,2.138986635953188,2.135535613711302,8408503904256.0,2097152,256,0.0005538576515391,128,64,4,256,286474.0,bin_1
v1_627,0.97333341687439,0.3494754909993005,2.149137001251802,2.143869686871767,2.1461335588246584,2.146380082316076,579659894784.0,16777216,256,0.0002710290718823,128,16,1,256,6202.0,bin_0
v1_629,1.1111599556216671,0.3085065388755865,1.1762890346581116,1.1345256492495537,1.1693330891430378,1.1600492576835677,27797914251264.0,134217728,128,0.0137447621673345,128,32,2,256,39626.0,bin_2
v1_630,1.0609069779319416,0.3522624751791419,1.6215242050820962,1.5900812931358814,1.5975528582930565,1.603052785503678,29249077248.0,1048576,64,0.0104952873662114,64,16,1,128,6202.0,bin_0
v1_631,1.0831245407084806,0.5,1.645198512240313,1.6055497154593468,1.6083460049703715,1.6196980775566772,239222625209856.0,1073741824,32,0.0320059806108474,32,16,8,512,37002.0,bin_3
v1_632,0.98707598641254,0.6340645522907428,1.1043619225820294,1.056018364150077,1.0590094635263083,1.073129916752805,6886150828032.0,67108864,32,0.0022397695574909,128,32,1,128,22634.0,bin_1
v1_633,0.9829015177522,0.3840304395780585,1.9385855430737136,1.926338537596166,1.9305768525227904,1.9318336443975568,2295564761088.0,2097152,256,0.0043194494210183,32,32,8,256,141578.0,bin_1
v1_634,1.1577514558602329,0.3431574681931824,1.6216589328832924,1.5780120315030215,1.5841082828119395,1.594593082399418,29916512256.0,1048576,128,0.0208648368716239,32,16,1,128,6202.0,bin_0
v1_635,1.0130968183563562,0.4915284468617801,1.680537641281262,1.6521971262991428,1.6513784592971206,1.6613710756258415,14068048614144.0,16777216,32,0.012894295156002,128,32,8,512,141578.0,bin_1
v1_636,1.028153695415144,0.4030305981496457,1.952877884265036,1.939345790073276,1.944381886161864,1.945535186833392,495883441920.0,2097152,16,0.0025826615747064,64,16,8,512,37002.0,bin_0
v1_638,0.9712911824658856,0.3651218635861493,1.1752834332874045,1.126134930178523,1.1331127043813467,1.1448436892824247,6988766969856.0,8388608,32,0.0004397101001814,32,32,8,128,141578.0,bin_1
v1_639,0.9398003714710688,0.691867040807517,1.1012805906575522,1.0085041713900864,0.9894601725973188,1.0330816448816524,218743968718848.0,134217728,64,0.0001161965483333,32,64,4,128,286474.0,bin_2
v1_640,0.9539997011067952,0.5877242488552011,2.115918798372149,2.1117882607504725,2.112183256074786,2.113296771732469,509112913920.0,4194304,32,0.000527671247255,128,32,1,512,22634.0,bin_0
v1_641,0.9879991815083085,0.3744044584163632,1.9721615402959287,1.964950019493699,1.9698664098978045,1.968992656562477,6830679601152.0,2097152,256,0.0001254636154044,32,64,8,128,553482.0,bin_1
v1_642,1.046691581396145,0.6906202774298013,1.666142808739096,1.6326278327032924,1.6352416733279824,1.6446707715901236,936210249216.0,4194304,16,0.0087604140862822,128,16,8,256,37002.0,bin_0
v1_644,1.0798733418211688,0.3086590843019414,1.939252426265739,1.9351720549166205,2.216719614341855,2.030381365174738,112083480576.0,1048576,32,0.0221147369593381,32,32,1,256,22634.0,bin_0
v1_645,1.072925894995026,0.3311990130680606,1.6804319604998454,1.6501106033101678,1.609603222459555,1.646715262089856,279604568064.0,4194304,64,0.0172747746109962,32,16,2,512,10602.0,bin_0
v1_646,0.9824503931108194,0.4002300768015053,1.3129756707930935,1.2217643237672746,1.229314999654889,1.2546849980717525,14024657768448.0,33554432,64,0.0087412241846323,32,32,4,256,73610.0,bin_1
v1_647,0.9213606837099668,0.7501381383167097,1.0368042497575516,0.9951713131740688,0.9968697428703308,1.0096151019339838,14512941407232.0,268435456,16,0.0007997314096428,64,16,2,256,10602.0,bin_1
v1_648,1.0571593045635836,0.4310998573736668,1.1528565875487402,1.0953563814982772,1.091702417936176,1.1133051289943978,27099932012544.0,33554432,16,0.0001357384899165,64,64,2,256,152970.0,bin_1
v1_649,0.9752424261436172,0.5174782510258702,1.0038631017305306,0.9653670112602412,0.9659774284809828,0.9784025138239182,114224271974400.0,536870912,64,0.0030742576345801,128,16,8,128,37002.0,bin_2
v1_650,1.212794869142764,0.440706643004262,1.5434625141788274,1.5003418857231736,1.5034853098914027,1.515763236597801,57484029333504.0,67108864,256,0.0062080603092908,128,64,2,512,152970.0,bin_2
v1_651,1.0835062058722078,0.3538633747205175,1.6557659746613351,1.6352520156651735,1.6396439941599965,1.6435539948288351,6969372008448.0,16777216,128,0.0002377693017479,128,64,1,128,86218.0,bin_1
v1_652,0.934112482322306,0.7029103224817511,1.0017737719535944,0.964664387749508,0.9649770320393144,0.9771383972474724,429623966834688.0,268435456,32,0.0009486576309427,128,64,4,128,286474.0,bin_3
v1_653,1.0779094419515942,0.3041441191084048,1.3313075012993068,1.3012629356235266,1.3041864642873406,1.3122523004033912,869417730048.0,8388608,64,0.0007311726221814,64,32,1,128,22634.0,bin_0
v1_654,1.0684234494247942,0.5,1.6465614516055211,1.605130961164832,1.6081136893481016,1.6199353673728183,3442971837794304.0,1073741824,32,0.0464290492236614,128,64,8,256,553482.0,bin_3
v1_655,1.044775894108377,0.5,1.6487150937318802,1.609199358150363,1.6096547963097692,1.6225230827306707,873310392127488.0,268435456,16,0.0241309776902198,32,64,8,128,553482.0,bin_3
v1_656,0.9549807101258566,0.5947004318432891,2.2699358938261867,2.2706801556050777,2.2700110469013453,2.27020903211087,288540205056.0,1048576,256,0.0004515727632679,128,32,1,128,22634.0,bin_0
v1_657,0.9777418571228416,0.4961314998934047,1.9672325958963484,1.9573375433683395,1.96265631634742,1.9624088185373687,6892277356032.0,4194304,32,0.0002670756366569,128,64,4,512,286474.0,bin_1
v1_658,0.9827971907825906,0.3616755162826591,1.1046554828062654,1.0167764923535287,1.0002925470471382,1.040574840735644,119661220210176.0,536870912,256,0.0027568298391997,32,16,8,512,37002.0,bin_2
v1_659,1.0889460527400716,0.343492689409356,1.4052471298491582,1.382606544997543,1.3805885165929794,1.3894807304798935,121727404032.0,4194304,32,0.0083309765905141,128,16,1,256,6202.0,bin_0
v1_660,0.9744146777162866,0.6072379670593957,1.9497269007842988,1.9382239459082484,1.9442830625921488,1.944077969761565,3479779651584.0,8388608,128,0.0002820673689711,128,32,4,128,73610.0,bin_1
v1_661,0.958106996893231,0.5862903745284698,2.337256058119237,2.337398514151573,2.335059329867363,2.3365713007127247,1923938807808.0,2097152,128,0.0001971419260371,64,64,2,256,152970.0,bin_0
v1_662,0.9700260430104976,0.6712987594416165,1.0882491897427826,1.0417464701458812,1.0457160035148263,1.05857055446783,901090096128.0,33554432,16,0.0012585392687469,32,16,1,128,6202.0,bin_0
v1_663,1.0653792291634987,0.3935237654761463,1.6665872137527913,1.620551691390574,1.622560540214181,1.6365664817858487,466188902400.0,4194304,32,0.0149975819513201,32,16,4,256,19402.0,bin_0
v1_664,1.3521938262571958,0.3547087784349689,1.234176277939696,1.1994550633244216,1.2016044151969254,1.211745252153681,945306753024.0,16777216,32,0.0038101435638964,128,16,2,256,10602.0,bin_0
v1_665,0.9870976218623362,0.3836374520541187,1.7421347736380994,1.7195982616394758,1.722277881577611,1.7280036389517288,130536010752.0,1048576,64,0.011732873506844,128,16,2,256,10602.0,bin_0
v1_666,0.9477182142564036,0.4798348705967752,1.026324437742005,0.9867262579500676,0.9899065420031548,1.000985745898409,431147758178304.0,268435456,64,0.0008436079369857,128,64,4,256,286474.0,bin_3
v1_667,0.9412597191692168,0.6629680645633026,1.0444663262023823,0.9985033550765364,0.998021696228534,1.0136637925024845,108007473192960.0,67108864,16,0.0002521286369301,64,64,4,128,286474.0,bin_2
v1_668,0.9977190389995786,0.3409072087524469,1.1255348165286705,1.0703278593719006,1.0537234977819026,1.0831953912274912,6968536455168.0,33554432,16,0.0077734082005918,32,32,2,256,39626.0,bin_1
v1_669,0.95761819770627,0.6023056546627975,1.1335814433987252,1.086680338717997,1.0942264515906572,1.1048294112357933,27665158072320.0,268435456,32,0.0002545218158047,128,32,1,512,22634.0,bin_2
v1_670,1.078109424945523,0.4914233790900457,1.649938698275946,1.605894929729402,1.6078978041186929,1.6212438107080136,222098064838656.0,1073741824,32,0.0137702543288469,32,32,2,128,39626.0,bin_2
v1_671,1.0704136699103837,0.3537780944804754,1.613590621156618,1.5933437189087272,1.5953597640618682,1.6007647013757378,14499681071616.0,67108864,16,0.0001044696909957,128,16,8,256,37002.0,bin_1
v1_672,1.0281449306963455,0.5,1.6494185288902372,1.6109522003680468,1.6118335295468569,1.6240680862683805,119373032679936.0,1073741824,16,0.0493140965700149,128,16,4,512,19402.0,bin_2
v1_673,1.0858214177029877,0.5046129672796339,1.6515282273758205,1.6082895621657372,1.611336251720786,1.6237180137541145,218266716561408.0,67108864,64,0.0094171650707721,64,64,8,256,553482.0,bin_2
v1_674,0.952756413391674,0.4270377986211319,1.021273059697705,0.9830885222181678,0.9811961315572262,0.9951859044910332,437592156567552.0,1073741824,256,0.0065967021510005,128,32,4,128,73610.0,bin_3
v1_675,1.0084291530993814,0.398935899197804,1.872698160354048,1.85040214471519,1.8493311246857047,1.857477143251648,1827317366784.0,2097152,64,0.0161064062267541,32,64,2,128,152970.0,bin_0
v1_676,1.0120046300726926,0.3910160117660117,1.757215227931738,1.7349582305178046,1.7380280243232846,1.7434004942576091,254310666240.0,4194304,256,0.0048132357187569,64,16,2,128,10602.0,bin_0
v1_677,0.9789468934057494,0.3631173222720842,1.137167047971161,1.0883068973198533,1.0906161204911768,1.1053633552607305,215770093264896.0,134217728,32,0.0039000858087092,128,64,4,128,286474.0,bin_2
v1_680,1.066145287000544,0.3468669192359668,1.6308203651569784,1.5915292911231518,1.593277357518673,1.605209004599601,29636648955648.0,33554432,128,0.0033440296538174,128,32,8,512,141578.0,bin_2
v1_681,0.9345706550558884,0.6049938888272222,1.0611055140107055,0.9866026849485934,0.9766504508443176,1.0081195499345388,59502956841216.0,268435456,16,0.0017064539715647,64,16,8,512,37002.0,bin_2
v1_682,0.7163002817223271,0.8291254252801871,1.0684118222779944,0.9602638818323612,0.9282610299997032,0.9856455780366864,876672306671616.0,536870912,128,0.0009912271052598,32,64,4,256,286474.0,bin_3
v1_683,1.3145079110383964,0.4798091018329114,1.6708201145520434,1.655428079422563,1.6752962628379464,1.6671814856041844,1996146450432.0,2097152,64,0.0081849703565239,32,64,2,256,152970.0,bin_1
v1_684,1.1655009651845931,0.4929457099338052,1.6652577886125073,1.62152314838022,1.6240804567933085,1.6369537979286786,110002671900672.0,134217728,256,0.0413402840495109,128,64,2,256,152970.0,bin_2
v1_685,1.0400780782307515,0.3350972638472638,1.5108071196591482,1.487308943644166,1.4891141122207046,1.4957433918413396,7009166647296.0,2097152,32,0.0003441109438426,64,64,8,128,553482.0,bin_1
v1_686,1.158334020369934,0.3460518440994631,1.4640849047573283,1.4389631040394306,1.4431692296639085,1.448739079486889,30219604617984.0,134217728,128,0.0013201006222516,128,16,8,512,37002.0,bin_2
v1_687,1.0544717002329094,0.3808853126591221,1.224051022174535,1.183556566014886,1.1944408863782885,1.2006828248559032,3514519142400.0,16777216,32,0.0012704191030934,128,32,2,256,39626.0,bin_1
v1_688,1.051681164638862,0.5088636621315193,1.6465730196796358,1.6061870586127045,1.60738143324852,1.62004717051362,56115703554048.0,536870912,256,0.0377105884253978,32,32,1,256,22634.0,bin_2
v1_689,1.1353706976699554,0.3425878605521462,1.6881682326784355,1.6405650624074042,1.6517338119447231,1.660155702343521,7836902565888.0,8388608,256,0.0039923945441842,32,32,8,256,141578.0,bin_1
v1_690,0.9460247850930068,0.6276813627289818,1.1032574248092717,1.045348673593253,1.043352385982871,1.0639861614617985,109795388080128.0,268435456,256,0.0002515860542189,64,32,4,128,73610.0,bin_2
v1_691,1.0667156254434471,0.52141670675004,1.6442538283299657,1.6047778250649571,1.6072994153946638,1.618777022929862,878055695525376.0,1073741824,32,0.0048871776089072,128,32,8,256,141578.0,bin_3
v1_692,0.9212992787147898,0.6665658790063552,1.103391786266002,1.028040557168424,1.0088168648071587,1.0467497360805282,13891968786432.0,67108864,64,0.000833558209706,32,32,2,128,39626.0,bin_1
v1_693,1.0536042750158854,0.5066509879009878,1.648415969917551,1.605694817379117,1.6073531694710257,1.6204879855892311,437797178597376.0,268435456,32,0.0142255574464797,32,64,4,256,286474.0,bin_3
v1_695,1.004885798220168,0.3710148097052859,2.294501079246402,2.293812671676278,2.294924940913916,2.2944128972788653,869871476736.0,2097152,128,0.0001548266009194,128,32,2,256,39626.0,bin_0
v1_696,0.9472398083089588,0.6467222231031755,1.109802710721851,1.03706617327407,1.0264540798962116,1.0577743212973776,3577806317568.0,16777216,16,0.0013952039880678,32,16,8,128,37002.0,bin_1
v1_699,1.2089325272425928,0.3877568159353874,1.2008222794393075,1.1569823296740651,1.160486055072397,1.17276355472859,14924602924032.0,268435456,32,0.0001869190309662,64,16,2,512,10602.0,bin_1
v1_700,0.9414743669811866,0.6343349670611576,1.0468967014021473,0.9756816076114774,0.9659290611743928,0.9961691233960058,28551769190400.0,536870912,16,0.0007258245022967,64,16,2,128,10602.0,bin_2
v1_701,0.9550674048542972,0.6334688706355373,1.0295128282086807,0.9852485246956348,0.98493771860376,0.999899690502692,438700350892032.0,268435456,128,0.0037591895088553,32,64,4,512,286474.0,bin_3
v1_702,0.9840972243221922,0.3938597614907138,2.1897445740178227,2.186919182538986,2.187331700697541,2.18799848575145,603477811200.0,2097152,128,0.0015804365975782,32,16,8,512,37002.0,bin_0
v1_703,1.0845464937809937,0.372741559146321,1.1109695967461448,1.0623932108283043,1.0768141075968742,1.0833923050571077,28605198071808.0,134217728,128,0.0020462279208004,128,16,8,128,37002.0,bin_2
v1_704,1.1805278990037864,0.5869671195206908,1.6966308951377869,1.6603727508336306,1.6746312519535422,1.6772116326416533,14638509634560.0,2097152,256,0.0238206218928098,128,64,8,256,553482.0,bin_1
v1_705,0.455226315367628,0.8689932311956122,0.9894470964500216,0.9177352751139553,0.913007418392226,0.9400632633187342,224286611361792.0,536870912,64,0.0048979348503053,32,32,4,512,73610.0,bin_2
v1_706,1.0650896068853746,0.4904932428682428,1.6438313201069832,1.6057636374607682,1.6085966750979424,1.6193972108885646,1758067904016384.0,1073741824,256,0.0054853484034538,32,64,4,512,286474.0,bin_3
v1_707,0.9543301685262492,0.6575182524706334,1.0244586444750894,0.9758962304331362,0.976868886500597,0.9924079204696076,433805229649920.0,268435456,64,0.0003657692286651,64,64,4,256,286474.0,bin_3
v1_708,0.9646309998342092,0.5748040389945152,1.864811401348561,1.852141817100346,1.853039271198213,1.8566641632157068,217124499456.0,2097152,16,0.0002113449445459,32,32,1,256,22634.0,bin_0
v1_709,0.975599853609945,0.3886927922166017,1.034965072220075,0.9996478348039092,1.001443122047931,1.012018676357305,13762593202176.0,134217728,32,0.0046744956634938,64,32,1,128,22634.0,bin_1
v1_710,1.0592216199379283,0.4912111684611684,1.645184606895782,1.605713015422225,1.6074156323447824,1.619437751554263,3449759562946560.0,1073741824,128,0.0059080403298139,128,64,8,256,553482.0,bin_3
v1_711,0.9624023789858068,0.5403650194602576,1.0299610149813816,0.9847674039192498,0.9861849169246852,1.0003044452751055,111505951085568.0,268435456,64,0.002674225019291,64,32,4,512,73610.0,bin_2
v1_712,1.0321749089404288,0.3324020904139951,1.4934683884494009,1.463407546747476,1.4637810122221708,1.473552315806349,251639881728.0,4194304,128,0.0094046760350465,64,16,2,128,10602.0,bin_0
v1_714,1.0025842997752994,0.505057495855115,1.671429280540906,1.6298674792051315,1.6291653495281937,1.643487369758077,27516340936704.0,8388608,32,0.0046269986778497,32,64,8,128,553482.0,bin_2
v1_715,1.0813093740864244,0.5781811195858815,1.5743758560856804,1.53506451100111,1.5350986262783408,1.5481796644550438,32305721001984.0,16777216,256,0.0033544488251209,64,64,4,512,286474.0,bin_2
v1_716,1.0137308350093823,0.3467065099803195,1.887801131233573,1.877452210523188,1.8805336486548183,1.88192899680386,2299382759424.0,4194304,128,0.0004721077857539,32,64,1,512,86218.0,bin_1
v1_717,1.9128394937166555,0.4324025551168407,2.193600000726292,2.1314758374355733,2.1477334517985582,2.1576030966534745,1143509041152.0,2097152,256,0.0498724170029163,32,64,1,512,86218.0,bin_0
v1_718,1.0868359184682403,0.646439252986872,1.2630843427032232,1.2098623509518802,1.2035463764332237,1.2254976900294423,239641292825088.0,1073741824,256,0.0001094101244234,32,16,8,512,37002.0,bin_3
v1_719,0.9287457425564036,0.6045344527606432,1.0254183240394923,0.9873291440308094,0.9860914102755488,0.9996129594486168,217228696657920.0,536870912,64,0.0005265060462988,64,64,1,256,86218.0,bin_2
v1_720,1.045211877761522,0.5055677316510649,1.6530486503615975,1.618054036051035,1.621592752635479,1.6308984796827035,6925212936192.0,8388608,16,0.0228436235338449,64,32,8,128,141578.0,bin_1
v1_721,0.982597197882653,0.5429886048695572,1.033025558092049,0.9809443042613566,0.9782486390322448,0.9974061671285502,222246523478016.0,1073741824,256,0.0042255688458681,64,32,2,512,39626.0,bin_2
v1_722,1.0237037484580425,0.3368397819112104,1.7865619140211493,1.7704166937619448,1.769931717775762,1.7756367751862854,910809673728.0,1048576,64,0.0015162288909778,64,64,2,256,152970.0,bin_0
v1_723,1.058861721662215,0.3082428356475976,1.1532906076754443,1.1035392214544115,1.1082737720571458,1.1217012003956672,219093715694592.0,268435456,256,0.0003289792221039,128,32,8,128,141578.0,bin_2
v1_724,1.0636541254529923,0.3478229548229548,1.548177459742874,1.5194153133779764,1.5197172099724412,1.529103327697764,14074138245120.0,4194304,16,0.0003402703150641,128,64,8,256,553482.0,bin_1
v1_725,1.0906856942025165,0.5874260950689522,1.38909427204635,1.361525815911591,1.3606771873310208,1.370432425096321,447464970240.0,4194304,16,0.0003395482490304,32,16,4,128,19402.0,bin_0
v1_726,1.0501120808194937,0.4976864431864432,1.6490164580754936,1.613174555823207,1.6157841859385371,1.6259917332790792,116316293560320.0,536870912,256,0.031986191868782,128,16,8,256,37002.0,bin_2
v1_727,1.2050390728454428,0.4308772693356026,1.7653311114991084,1.7056892258115113,1.707591657526791,1.7262039982791368,3318373625856.0,4194304,16,0.0166979599744081,64,64,2,256,152970.0,bin_1
v1_728,1.5128227558381762,0.3502432792075649,1.2534152133739551,1.211621837224811,1.210696634836495,1.2252445618117538,1849452926976.0,67108864,256,0.0244880877435207,128,16,1,256,6202.0,bin_0
v1_729,0.9874344414332966,0.4343097863335958,2.196465604007244,2.196327682584524,2.1965596806257963,2.1964509890725217,2032573341696.0,4194304,256,0.0002866525028366,64,64,1,512,86218.0,bin_1
v1_730,1.1115131855498248,0.4255849494420923,1.9421651849988848,1.9901680825278163,2.2038313196972013,2.045388195741301,3955913207808.0,4194304,256,0.0050016329623758,32,32,8,128,141578.0,bin_1
v1_731,1.4001920557864374,0.3815646293741532,1.6097965853405185,1.5931414877995849,1.60210885386914,1.6016823090030812,60427441152.0,1048576,16,0.0147032737731933,64,16,2,256,10602.0,bin_0
v1_732,1.0415589763388131,0.3460854040139754,1.629564098548144,1.60462764557451,1.6105579836294055,1.6149165759173532,934109921280.0,33554432,128,0.0008036799845285,128,16,1,128,6202.0,bin_0
v1_733,1.1903662822319376,0.4947383546788308,1.670499635161832,1.6332963509485126,1.6368657890707254,1.64688725839369,13845821620224.0,16777216,16,0.0214637629687786,128,64,2,512,152970.0,bin_1
v1_734,1.0001326237090469,0.6484236398522113,1.0335850887713605,0.9794273043517024,0.9799816445447505,0.9976646792226044,55707901691904.0,268435456,16,0.0016990491421893,64,32,2,512,39626.0,bin_2
v1_735,0.7739553719823379,0.7660746273127225,0.9738892845634836,0.9402640194166452,0.9437484014779328,0.952633901819354,884526197878272.0,1073741824,16,0.0017421265365555,128,32,8,512,141578.0,bin_3
v1_737,1.0161145602336434,0.4872527895385037,1.6631640595151111,1.6222653165459633,1.6233396073803306,1.6362563278138016,13805695021056.0,16777216,128,0.0270715989172458,64,32,8,128,141578.0,bin_1
v1_738,1.0954980520279791,0.3654174934413028,1.2280647121951915,1.1862762933596969,1.2000240297056737,1.204788345086854,858130268160.0,4194304,32,0.0016358633292838,64,32,2,128,39626.0,bin_0
v1_741,0.9569435340772152,0.4912146896313563,1.2418948352569714,1.2160081802867353,1.2188018574379385,1.2255682909938816,28148310589440.0,268435456,256,0.0418466031551361,32,32,1,256,22634.0,bin_2
v1_744,1.040470893029826,0.4001720924578067,1.9152553600724789,1.899964266456664,1.90510527882725,1.9067749684521311,1896613217280.0,8388608,32,0.0006038477295078,32,16,8,512,37002.0,bin_0
v1_745,1.067147965633658,0.2954513427489618,1.189164274561335,1.1420668428763747,1.141292637679726,1.1575079183724786,438544669722624.0,134217728,256,0.0011010421440005,128,64,8,256,553482.0,bin_3
v1_746,1.0933265751986116,0.6164334250405679,1.1285407278191997,1.0795845445245504,1.0856470032595098,1.0979240918677533,909893004288.0,33554432,16,0.0015482091112062,64,16,1,256,6202.0,bin_0
v1_748,0.964685161003692,0.4645346884156408,2.0739303082227707,2.067462502978742,2.0682275909930468,2.0698734673981867,13930135756800.0,16777216,256,0.0001540867087896,64,64,2,256,152970.0,bin_1
v1_750,0.988824739342862,0.238764026537836,1.286801437730901,1.2497413167729974,1.2589837089180946,1.265175487807331,13439722856448.0,4194304,16,0.0013751448132097,64,64,8,128,553482.0,bin_1
v1_753,1.0537186057867023,0.5642039763587382,1.1280869968468323,1.0687754955142736,1.0738425552845,1.0902350158818688,218710007688192.0,134217728,64,0.0002493274805601,64,64,4,512,286474.0,bin_2
v1_754,1.064117689728843,0.5755559625559625,1.6464165572542695,1.6052749380469322,1.6079917335882783,1.619894409629827,875126400663552.0,1073741824,128,0.0126278456300497,32,64,2,128,152970.0,bin_3
v1_756,1.0450491650645912,0.4911982184482184,1.6467287538107485,1.609931125305593,1.6110727172344923,1.6225775321169449,27677050601472.0,67108864,256,0.0306468550115823,32,32,4,128,73610.0,bin_2
v1_757,1.222956085836558,0.6220360397979446,1.813609636970796,1.752012972254306,1.7543284883722663,1.773317032532456,3370708783104.0,2097152,32,0.0104021923616528,128,64,4,128,286474.0,bin_1
v1_758,0.962064164166076,0.2747186415876891,1.3637843937322032,1.232578981667757,1.1394001892767849,1.245254521558915,1738250231808.0,4194304,16,0.0041558900848031,32,32,4,128,73610.0,bin_0
v1_759,1.037682227490918,0.6211738125190506,1.0582884084396935,1.0136449257843196,1.0091234440915289,1.0270189261051808,1805750685696.0,67108864,16,0.0026716555003076,32,16,1,128,6202.0,bin_0
v1_760,1.0950284637912568,0.4906401810270858,1.6772957863286138,1.6286059962585568,1.6265076184645295,1.6441364670172334,1733607469056.0,2097152,32,0.0165575426071882,32,32,8,128,141578.0,bin_0
v1_761,0.9439188021697976,0.6368181294014628,1.0806899754024926,1.0247488599270582,1.0214452939108014,1.042294709746784,434535966050304.0,268435456,128,0.000558759260457,64,64,4,512,286474.0,bin_3
v1_762,1.0088043713966317,0.364248079521889,1.1982518433069345,1.1587901026941836,1.2194560174830258,1.192165987828048,877585102848.0,4194304,16,0.0021366570144891,128,32,2,128,39626.0,bin_0
v1_763,0.9585420243649506,0.4829362722815104,1.0419355644553434,0.9838080073241144,0.9790655062533916,1.00160302601095,219994110001152.0,536870912,256,0.0006266161217354,64,32,4,128,73610.0,bin_2
v1_766,1.0588704526730386,0.5108562209395543,1.6457141845021397,1.604868478141725,1.6076424391940236,1.619408367279296,60259935498240.0,1073741824,256,0.0494093038141727,32,16,2,512,10602.0,bin_2
v1_767,1.0792952217608909,0.3041140680307346,1.2673485127161257,1.236417043954134,1.2411298961378634,1.2482984842693745,7159942840320.0,16777216,256,0.0010323515161871,32,64,1,256,86218.0,bin_1
v1_768,0.964797906870389,0.6359512700703176,1.0536808351243965,0.9862791250925512,0.983485072851181,1.0078150110227095,115655336454144.0,1073741824,32,0.000170828658156,64,16,4,256,19402.0,bin_2
v1_769,1.0406514412010544,0.4042850117254879,1.8320328628178688,1.813162222504616,1.8163594231009483,1.8205181694744776,1818357639168.0,8388608,32,0.0003727824660018,32,16,8,256,37002.0,bin_0
v1_771,0.9796029621863236,0.3188475052284575,1.88927745888941,1.877133504487574,1.8761665653437376,1.8808591762402405,1091966152704.0,1048576,128,0.0025072344578802,64,64,2,256,152970.0,bin_0
v1_772,0.9485185076485052,0.5367013004632053,1.2096420116140507,1.166216061450541,1.1723005245439708,1.1827195325361874,1743439319040.0,16777216,16,0.0240904502570629,32,32,1,128,22634.0,bin_0
v1_774,0.7731851276454061,0.8038734149448435,1.0263264837012684,0.9484185490291566,0.9382367501966656,0.9709939276423636,878674246520832.0,1073741824,16,0.0001287808554479,32,64,2,512,152970.0,bin_3
v1_775,1.0038728913509565,0.3561037917109346,2.1001412835903466,2.094335166737437,2.100073372945189,2.0981832744243243,871076210688.0,4194304,16,0.0001186232111649,64,32,2,512,39626.0,bin_0
v1_776,0.9467124783231536,0.7273303548303548,1.0883225338475313,1.0440431647002697,1.0448364443145692,1.0590673809541231,27943429152768.0,268435456,32,0.0006654276512563,128,32,1,512,22634.0,bin_2
v1_777,1.0044294388479018,0.6451369794226937,1.0839251678116852,0.9806091440841556,0.9692334504798056,1.011255920791882,14320752970752.0,134217728,16,0.000721771561075,32,16,4,128,19402.0,bin_1
v1_778,1.0284113447003247,0.3885684778184778,1.7205071926582605,1.6953491028398275,1.6989332865923643,1.7049298606968175,1024128787968.0,16777216,128,0.0055693369358778,128,16,2,512,10602.0,bin_0
v1_779,1.019720622041049,0.427979192764907,1.1164451243239455,1.0725220767781138,1.0740893320180476,1.0876855110400356,1729867204608.0,16777216,16,0.0060725063085556,64,32,1,128,22634.0,bin_0
v1_781,1.0047473291085085,0.3492384009288771,2.14518564613536,2.140883741900325,2.1453804094344378,2.1438165991567075,259743227904.0,1048576,256,0.0013759477296844,64,32,2,128,39626.0,bin_0
v1_782,0.9739755733756468,0.3492101390672819,2.184341859538108,2.1802680790424347,2.182072877883911,2.182227605488152,42115411968.0,1048576,128,0.0004031896824017,128,16,1,256,6202.0,bin_0
v1_783,0.9552390354832414,0.5959095221357126,2.299694541376084,2.3013017792254686,2.300581431016326,2.30052591720596,576057532416.0,2097152,256,0.0001452613505534,64,32,1,512,22634.0,bin_0
v1_784,1.0239276690470511,0.4464631796774653,1.841002460801974,1.8228384368121624,1.819340961053968,1.8277272862227008,1134568906752.0,1048576,256,0.0180362295359373,64,64,2,128,152970.0,bin_0
v1_785,1.093453139219536,0.6718355965022633,1.0842359767702874,1.0360308247618375,1.0384436775930226,1.0529034930417158,7314933141504.0,268435456,64,0.0031291630584746,128,16,1,256,6202.0,bin_1
v1_786,0.9650766284603364,0.613270812080336,1.977135689929128,1.9665206940844653,1.9673669412732124,1.9703411084289355,553048470528.0,1048576,256,0.0127798244357109,128,16,4,256,19402.0,bin_0
v1_787,0.9268419854256396,0.7561979435908007,1.050594650914718,0.9902387410402298,0.9775831466540694,1.0061388462030056,109893530075136.0,268435456,64,0.0007426469237543,32,64,1,128,86218.0,bin_2
v1_791,1.1735644301116457,0.3229382843787605,1.305105885490775,1.275523642078042,1.2733308081515131,1.2846534452401102,54683106754560.0,67108864,64,0.0001613040076335,64,64,2,512,152970.0,bin_2
v1_792,0.9551021315291722,0.596063843123367,2.295424902345985,2.296896744519472,2.296169025823474,2.296163557562977,492392626176.0,2097152,256,0.0001884116354631,64,32,1,512,22634.0,bin_0
v1_793,1.0537648748928472,0.7375380285499333,1.085225468763383,1.0489249820820987,1.0552046913653612,1.0631183807369478,29963370754560.0,536870912,64,0.0010140044614672,128,16,2,512,10602.0,bin_2
v1_794,1.928932933084624,0.5764438656581513,2.402517589333001,2.3162642642855644,2.3456474179402,2.354809757186255,14498505154560.0,8388608,128,0.0182417538017034,128,64,4,512,286474.0,bin_1
v1_795,1.1058667779673712,0.4060723901319139,1.6812781668268144,1.632700847927481,1.6339969784021378,1.6493253310521443,3553177583616.0,33554432,64,0.0406012050807476,32,32,1,512,22634.0,bin_1
v1_796,1.0169724022685191,0.5635717087145659,1.552278274903074,1.5300650419667363,1.5343508580699563,1.5388980583132554,29045864850432.0,268435456,128,0.0001579816453158,128,16,4,256,19402.0,bin_2
v1_797,0.9873560199693788,0.3507300252657394,2.149280575104058,2.147596190683544,2.148468181490898,2.1484483157595,750715748352.0,1048576,256,0.0002434600755805,64,64,1,128,86218.0,bin_0
v1_798,0.9711448453105818,0.4995860845503703,1.09002558211796,1.0134996064007282,0.9899822589941324,1.03116914917094,27682649788416.0,67108864,32,0.0005866159917786,32,32,4,128,73610.0,bin_2
v1_800,0.9829218642489732,0.4025372163110258,2.296200569253415,2.295862263068557,2.293578200042248,2.29521367745474,120179705856.0,1048576,256,0.000176835907041,32,16,2,512,10602.0,bin_0
v1_801,1.0055908365626935,0.3049113624470767,1.3657790326396937,1.3425445156171918,1.3673367160372436,1.3585534214313764,3954292310016.0,8388608,256,0.004728889092803,64,64,1,256,86218.0,bin_1
v1_802,0.9679756605878032,0.675334399727257,1.1641024592609028,1.063265688251704,1.034006712026894,1.0871249531798337,55056675151872.0,33554432,16,0.0004039197519887,32,64,4,512,286474.0,bin_2
v1_804,1.0558720182097658,0.5,1.652228725142777,1.6175829004496336,1.6210728008300066,1.6302948088074725,59790112856064.0,536870912,32,0.0498329065740108,128,16,4,512,19402.0,bin_2
v1_806,1.619357454769312,0.4571994984733079,1.4891497825155966,1.44433551793918,1.363386457785964,1.4322905860802468,115904618496.0,1048576,16,0.0079530449584126,32,32,1,512,22634.0,bin_0
v1_807,0.9739606880375344,0.3487994386565814,2.181119533488527,2.176960712298751,2.178734907880425,2.178938384555901,55905337344.0,1048576,256,0.0004908715491183,128,16,1,128,6202.0,bin_0
v1_808,0.9469590666154204,0.6748805555115078,1.0482855340378592,1.0088912923820317,1.0103135132230818,1.022496779880991,217501445750784.0,536870912,64,0.0001353645056951,64,64,1,128,86218.0,bin_2
v1_810,1.08444715321978,0.4964297739297739,1.6525446358136833,1.6090840389952064,1.6121966559439898,1.6246084435842931,59938818619392.0,268435456,128,0.0499416440725326,32,16,8,512,37002.0,bin_2
v1_811,0.9999059879358952,0.3853217637741447,1.8833905525971204,1.8684240141883488,1.87422660831362,1.8753470583663632,1258550255616.0,1048576,256,0.005407559685409,32,32,8,128,141578.0,bin_0
v1_812,1.0775271574956724,0.488654673368959,1.7350053263362497,1.7109374050050974,1.7158615477383137,1.720601426359887,1819058577408.0,1048576,32,0.0033821882680058,128,64,4,256,286474.0,bin_0
v1_813,0.989591863294226,0.3606835360406789,1.200637433808879,1.112458617426455,1.0767051931470633,1.1299337481274658,3416166064128.0,16777216,32,0.0045477021485567,64,32,2,128,39626.0,bin_1
v1_814,1.1614842393213292,0.3471744917340154,1.4616485224105418,1.4323265813291073,1.4264534674584866,1.4401428570660453,3770110969344.0,16777216,64,0.0016314605018123,32,16,8,512,37002.0,bin_1
v1_815,0.9398390507046004,0.6907722797484702,1.0891160938190296,1.0409076460637152,1.0449147927574811,1.0583128442134089,3609328324608.0,67108864,128,0.0019980533979833,32,16,2,128,10602.0,bin_1
v1_816,0.9985550983402156,0.392351639101639,1.0889799643773586,1.0500259771943092,1.0437827999703586,1.0609295805140089,3588567601152.0,134217728,16,0.0207303036004304,64,16,1,128,6202.0,bin_1
v1_817,1.008800389592526,0.3379844956630671,1.744505024747923,1.7278841976076365,1.729258818551898,1.7338826803024858,3528348561408.0,4194304,16,0.0001376507425447,32,32,8,256,141578.0,bin_1
v1_818,0.9782296438262544,0.4191538285347809,1.980652692494914,1.971237050369382,1.9721280382946127,1.9746725937196363,2103511041024.0,2097152,16,0.0003789688635151,128,64,2,512,152970.0,bin_1
v1_819,1.065019048047026,0.4578047869238345,1.828630642965436,1.810281028971076,1.819162767380476,1.819358146438996,3354615705600.0,1048576,64,0.0097396150231361,128,64,8,256,553482.0,bin_1
v1_820,1.1746348260022677,0.4136207350850207,1.2158019703929313,1.1717128599993885,1.167099158745259,1.1848713297125262,3741425590272.0,67108864,32,0.0004288429336156,32,16,2,512,10602.0,bin_1
v1_822,1.0045438489085197,0.368298399572209,2.262090368196368,2.260664103552699,2.2624424900859594,2.261732320611676,1919077109760.0,8388608,256,0.000131768931169,64,32,2,256,39626.0,bin_0
v1_823,1.0786402399333406,0.3258945217040455,1.373568254406564,1.34325875621289,1.3557228986173868,1.3575166364122804,1763783092224.0,4194304,32,0.0012976496946066,64,32,4,256,73610.0,bin_0
v1_824,0.9670228818035302,0.6877005300695777,1.920604198938236,1.9056000234559176,1.9121813215315344,1.9127951813085624,14728509932544.0,134217728,256,0.0001686612522462,128,16,4,256,19402.0,bin_1
v1_826,1.0255226103910589,0.3298342314651838,1.679915911750868,1.6570473220199349,1.6604132177308202,1.6657921505005409,425140838400.0,2097152,16,0.0003486771020106,64,32,2,128,39626.0,bin_0
v1_827,0.5756703835186529,0.8310109339514101,1.034509813238401,0.9454921542201192,0.9369581271894276,0.972320031549316,239126434644480.0,1073741824,128,0.0008420622907578,32,16,8,512,37002.0,bin_3
v1_829,0.992388260100785,0.3959017080802796,1.964017114369199,1.955860560759902,1.960856662131846,1.960244779086982,7489354792704.0,2097152,16,0.0001082253220374,128,64,8,512,553482.0,bin_1
v1_830,0.9397095628586752,0.5808703606798845,1.10025698847312,1.04799979692325,1.0552221722900867,1.0678263192288189,215950174202880.0,268435456,128,0.0017532360507175,128,64,2,512,152970.0,bin_2
v1_831,0.9752126144876442,0.3473211237615999,2.0426566216629,2.0340727558359504,2.037180203013122,2.0379698601706573,981517498368.0,33554432,32,0.0001458040205761,128,16,1,512,6202.0,bin_0
v1_832,1.1355570079916455,0.50755687676521,1.680537568521686,1.6334281493909657,1.638228585012257,1.6507314343083028,107987781328896.0,67108864,256,0.0182455293834209,128,64,4,128,286474.0,bin_2
v1_833,1.132746934067218,0.2907890619081094,1.4155371015658602,1.3865876235067844,1.3904174221679568,1.3975140490802005,233595052032.0,2097152,64,0.0077555626630783,32,32,1,512,22634.0,bin_0
v1_834,0.9676587447396114,0.3972770981223362,2.0076357489451766,1.99797544721514,1.9990085661411283,2.0015399207671485,115412588544.0,1048576,64,0.0036923824809491,64,16,2,512,10602.0,bin_0
v1_835,1.1835984777092514,0.5195139278710708,1.6802366563351825,1.6316018677316606,1.6377792693674564,1.6498725978114333,13812672651264.0,33554432,64,0.0290695931762456,128,64,1,256,86218.0,bin_1
v1_836,1.0135679266124151,0.3400923877709592,1.81581682804972,1.8006971860304477,1.801230514422059,1.8059148428340752,5316505012224.0,4194304,128,0.0008407607092522,128,64,2,256,152970.0,bin_1
v1_837,1.0024145532954825,0.298744865363913,2.3347283909097314,2.336705381050706,2.33619693852961,2.335876903496682,1097740452864.0,1048576,128,0.0004758983850479,32,32,8,512,141578.0,bin_0
v1_838,1.1410110311127932,0.5527690413642795,1.304725214780774,1.2736279177479446,1.2751417462714016,1.2844982929333737,119581116286464.0,1073741824,128,0.0001383285998599,128,16,4,512,19402.0,bin_2
v1_840,1.2587291247165582,0.374471925340973,1.2516476308228448,1.2184087270870805,1.2192485774867237,1.229768311798883,1782086701056.0,67108864,64,0.0004590555327013,128,16,1,128,6202.0,bin_0
v1_841,0.9229912614497434,0.7189324502657836,1.042716329342511,1.0055955946445465,1.0076612434349954,1.0186577224740176,14317948219392.0,268435456,16,0.0009717325447127,128,16,2,128,10602.0,bin_1
v1_842,1.0083782514997306,0.4174696533625104,1.7833558626007289,1.76221979316324,1.7651411183178425,1.7702389246939372,300650520576.0,1048576,128,0.0187739320099353,64,32,2,256,39626.0,bin_0
v1_843,1.0625178051850928,0.6344450844569892,1.6538680559024217,1.6202994911000133,1.6212275149300694,1.6317983539775014,14340989405184.0,67108864,256,0.0052078911103308,128,16,8,128,37002.0,bin_1
v1_844,0.9393389554589678,0.7193983115649782,1.0469197733036708,1.006891361437738,1.0122675304301083,1.022026221723839,7259308443648.0,134217728,32,0.0050514484755694,64,16,2,256,10602.0,bin_1
v1_846,1.06090960346034,0.5702988378464569,1.65545209182892,1.6107811713591218,1.611107336357236,1.6257801998484258,28634120478720.0,536870912,128,0.0319719016551971,128,16,2,128,10602.0,bin_2
v1_847,0.9772914103649284,0.4029183598588361,2.249111328739673,2.247450675815344,2.245666719973088,2.247409574842701,91363823616.0,1048576,128,0.0003514686250127,64,16,2,128,10602.0,bin_0
v1_849,0.9826782654490392,0.632634684979923,2.197916828328744,2.1911798901855946,2.198557935655117,2.195884884723152,164478560256.0,1048576,128,0.0001368548983009,32,16,4,256,19402.0,bin_0
v1_851,1.004011048991906,0.6389246089007994,1.0646526760974666,1.0193095547147095,1.0208120942115784,1.0349247750079182,432300095766528.0,536870912,32,0.0001334564003627,128,64,2,512,152970.0,bin_3
v1_852,0.9890121973126016,0.3421081929534311,1.940358255757019,1.9293783381581304,1.9327636221423743,1.9341667386858408,2012774558208.0,2097152,32,0.0013872195268049,64,32,8,512,141578.0,bin_1
v1_853,1.0275645851018849,0.5173760683760683,1.6518639500718564,1.6128427274525166,1.6163845490664244,1.6270304088635992,108699995664384.0,33554432,32,0.0324006490409374,128,64,8,256,553482.0,bin_2
v1_854,0.961339979450714,0.4056353249924678,1.1446933324623387,1.0748175820335746,1.0705415392294526,1.0966841512417886,888611149824.0,8388608,16,0.0022759533021599,32,32,1,256,22634.0,bin_0
v1_855,0.9653410878866392,0.683563418063418,1.1346455664461246,1.084214813541621,1.0890330811962483,1.102631153727998,7073640026112.0,67108864,64,0.0019062749342992,64,32,1,512,22634.0,bin_1
v1_856,0.9542156613798928,0.491094613939852,1.0415430652647046,1.0020635551773012,1.0001728162169456,1.0145931455529835,56097809596416.0,268435456,128,0.013702867552638,32,32,2,512,39626.0,bin_2
v1_858,1.0376250004280458,0.3932882479072955,1.8604233663063496,1.841623393818736,1.848317406140268,1.8501213887551176,482400327168.0,2097152,32,0.006292444653809,128,16,8,256,37002.0,bin_0
v1_859,0.9611681394844424,0.407664224223748,1.0237629331677454,0.9775156718678772,0.9788640700280666,0.9933808916878965,436311964157952.0,536870912,16,0.0001050136852427,128,32,8,128,141578.0,bin_3
v1_860,1.016065406108047,0.3406559600011981,1.8313013061415404,1.8169748475775125,1.8188739605247968,1.8223833714146167,14127059100672.0,16777216,32,0.0001983834808925,64,32,8,512,141578.0,bin_1
v1_863,1.0875690563989426,0.5293501610823039,1.651759700034745,1.61224795691669,1.6166655952110889,1.6268910840541746,30052020817920.0,536870912,16,0.0270522683858871,32,16,2,512,10602.0,bin_2
v1_864,1.1337078364802269,0.2784473401378163,1.2249477245204616,1.1767943245358763,1.1735338950529697,1.191758648036436,880226942976.0,8388608,32,0.0020493995398283,32,32,1,512,22634.0,bin_0
v1_868,0.9404856104955938,0.6695897021849403,1.0972459160693688,1.0169881545007229,1.0062738782726228,1.040169316280905,14254201196544.0,134217728,64,0.0013860089238733,64,16,4,128,19402.0,bin_1
v1_869,0.9667658597745395,0.7156946422184517,2.0565760352183133,2.046367386355996,2.0529736345633864,2.051972352045899,262008238080.0,2097152,64,0.0011780086206272,128,16,4,256,19402.0,bin_0
v1_870,1.025116971169447,0.2997973300949491,1.1172043330007,1.0680614579468966,1.0696648489683869,1.0849768799719943,1794122425344.0,8388608,16,0.0023489615414291,32,16,8,128,37002.0,bin_0
v1_871,0.9783777026530496,0.4027740597145359,2.2608868456445634,2.2595664877444506,2.257711239159107,2.2593881908493736,962304024576.0,16777216,256,0.0001034901652019,128,16,2,128,10602.0,bin_0
v1_872,1.0368380443201028,0.5064419654419654,1.6829511243849993,1.652948621660471,1.657048674300313,1.664316140115261,881714171904.0,1048576,16,0.0158817172050476,32,32,8,128,141578.0,bin_0
v1_873,1.2064990115990082,0.3440897629707153,1.17944288867875,1.135754205752164,1.1386818229220808,1.1512929724509984,948071657472.0,33554432,16,0.0020199089776724,64,16,1,512,6202.0,bin_0
v1_877,0.9531995970941808,0.6606813274908513,1.111232608098362,1.0580201307311654,1.054403971415013,1.07455223674818,7078167748608.0,67108864,128,0.0181438401341438,32,32,1,256,22634.0,bin_1
v1_878,0.9862110285022292,0.56898898235803,1.379257500928361,1.3120533102191985,1.319340239278972,1.3368836834755105,3533911265280.0,8388608,16,0.0051002451218664,64,32,4,512,73610.0,bin_1
v1_879,1.063195368202214,0.3174867817367817,1.196064588293666,1.1485886611044407,1.1578536261804402,1.1675022918595157,7691097894912.0,134217728,256,0.0125751178711652,64,16,2,512,10602.0,bin_1
v1_881,0.9398929068344803,0.6625039634087253,1.0058971279213438,0.9640845449175686,0.9668345316313208,0.978938734823411,114253219418112.0,536870912,16,0.000371154223103,128,16,8,128,37002.0,bin_2
v1_882,1.259726312709429,0.3269072369429512,1.2067113844677806,1.1688244864344597,1.1685814945958557,1.1813724551660318,921901289472.0,33554432,128,0.0020181566942483,32,16,1,256,6202.0,bin_0
v1_884,0.4938411393204062,0.9499548159071968,1.0026941797295876,0.9396448258776218,0.9315183870494366,0.957952464218882,219009362903040.0,268435456,32,0.0008735244045965,32,64,2,128,152970.0,bin_2
v1_886,0.9646665650640492,0.4766802518469186,1.8878524131141603,1.875353935174644,1.8758692722767591,1.8796918735218544,171372871680.0,1048576,64,0.002545190276578,128,32,1,128,22634.0,bin_0
v1_887,1.0541633170418896,0.5229241935313363,1.650800792966038,1.6154356766492128,1.61756921838969,1.6279352293349802,27354446831616.0,67108864,32,0.0198055990040302,64,64,1,256,86218.0,bin_2
v1_888,1.0406622292397558,0.4940387993840374,1.6478520842501894,1.6116292839869857,1.615724199451506,1.6250685225628938,3474339072387072.0,1073741824,256,0.0233778413385152,64,64,8,512,553482.0,bin_3
v1_889,0.989105117673188,0.4361898009398009,1.1170255616743816,1.044343979563564,1.0355900027789176,1.0656531813389545,3575280642048.0,16777216,16,0.0029113176278769,32,16,8,128,37002.0,bin_1
v1_890,1.0607411576146724,0.4648363997113997,1.64714836247731,1.6076315753161907,1.6103014256805182,1.6216937878246729,55531032646656.0,134217728,32,0.0084174955263733,64,32,4,512,73610.0,bin_2
v1_891,1.0974771750672954,0.3779179462512795,1.6782799978973344,1.6322735184803605,1.63872345443815,1.6497589902719485,60384129024.0,1048576,128,0.0239585842937231,32,16,2,128,10602.0,bin_0
v1_892,1.0791611507373593,0.5041613694947028,1.64915448857937,1.6061748648062348,1.6098870253190398,1.6217387929015483,444255918501120.0,134217728,128,0.011185048148036,128,64,8,512,553482.0,bin_3
v1_894,1.0616361173836952,0.4995045510045509,1.645462266402319,1.605675016529858,1.6066811475902796,1.6192728101741525,218619072344064.0,134217728,32,0.0058237519115209,32,64,4,256,286474.0,bin_2
v1_895,1.0421575507366905,0.5036421946660041,1.6507737878710032,1.6093661151826382,1.609647543169558,1.6232624820743995,438443955277824.0,134217728,256,0.0039794249460101,32,64,8,128,553482.0,bin_3
v1_896,0.9789535023424928,0.2935715483810722,1.0418440573266707,0.982372313272208,0.977034711278975,1.0004170272926178,109879654225920.0,134217728,64,0.0008456164505332,64,32,8,128,141578.0,bin_2
v1_897,1.0585746886352685,0.5,1.6468035446014255,1.6075586769729853,1.6081047365441918,1.6208223193728677,3492667183828992.0,1073741824,128,0.0384499989449977,32,64,8,128,553482.0,bin_3
v1_898,0.7446198488303374,0.8095552547100165,0.9752136643473932,0.9431163349654526,0.9423535550013185,0.953561184771388,57084027856896.0,1073741824,16,0.0076198223978281,64,16,2,128,10602.0,bin_2
v1_899,0.9305561742262676,0.7047352977710121,1.1861899377399825,1.0935867419466376,1.0754113891161978,1.1183960229342726,3488072669184.0,16777216,16,0.0004235427186358,32,32,2,256,39626.0,bin_1
v1_900,1.0177631844806638,0.3828799445704207,1.8429628019221127,1.8249554531648755,1.830053045414388,1.8326571001671248,37498853376.0,1048576,64,0.0198136568069458,64,16,1,512,6202.0,bin_0
v1_901,0.9767557176194956,0.6657825776516253,2.154790205648169,2.1470305137336254,2.154418701305985,2.1520798068959266,1028764087296.0,8388608,128,0.0002066735178232,128,16,4,256,19402.0,bin_0
v1_903,1.0413419291512696,0.4951310726310726,1.6504459305433556,1.6096718916669488,1.6100863683968782,1.6234013968690608,3603498679296.0,67108864,16,0.0385578833520412,32,16,2,128,10602.0,bin_1
v1_904,1.1018441026419954,0.3793674231412327,1.2786068603163585,1.2447392148897052,1.2528640036471188,1.2587366929510608,55917447892992.0,268435456,128,0.0001697540428722,64,32,2,512,39626.0,bin_2
v1_906,0.9736287506685296,0.3493103475008237,2.1689849724061787,2.164409425109625,2.166355170309544,2.166583189275116,70465732608.0,2097152,128,0.0002034569188253,64,16,1,128,6202.0,bin_0
v1_907,1.0498789888226905,0.2907701258177448,1.26440405176254,1.2279992275871336,1.2371683679521084,1.243190549100594,6931145895936.0,67108864,64,0.0001731749653117,128,32,1,128,22634.0,bin_1
v1_908,1.0876488951905436,0.5054831059592965,1.6467190464027226,1.6053734747692945,1.6080137742683291,1.620035431813449,438723020625408.0,536870912,32,0.0116490311920642,128,32,8,256,141578.0,bin_3
v1_909,0.5908150633932295,0.9338462397390968,0.9373564516354236,0.9060021366458386,0.9100949487183244,0.9178178456665288,3436261811748864.0,1073741824,32,0.0002183569449698,128,64,8,128,553482.0,bin_3
v1_910,0.9593318117677482,0.4895159382064145,1.056230519337987,1.017725691199303,1.0147241232916713,1.0295601112763204,7479975241728.0,268435456,16,0.0190368611365556,64,16,1,512,6202.0,bin_1
v1_911,1.0859871196815718,0.5115206182706182,1.649825378204696,1.6088769594207406,1.610527727752924,1.6230766884594534,13773204169728.0,16777216,16,0.0076964739710092,64,32,8,256,141578.0,bin_1
v1_913,1.354159532753667,0.3189486549605597,1.205910604840028,1.1655234908685088,1.1658647684380412,1.1790996213821927,964066277376.0,33554432,128,0.0175986066460609,64,16,1,512,6202.0,bin_0
v1_914,1.1066373321696366,0.4452315303743875,1.711496023577638,1.657493353355676,1.6578847942873836,1.6756247237402324,3534880628736.0,4194304,32,0.0240978728979825,64,64,2,128,152970.0,bin_1
v1_915,0.9568214165986828,0.5376958588149064,1.1101255997637054,1.059868400450796,1.0618841559626162,1.0772927187257058,27790565253120.0,67108864,128,0.0024032359942793,32,64,1,512,86218.0,bin_2
v1_917,0.9656955272494252,0.399443854205759,2.10100936726667,2.094827324151993,2.0947435591369867,2.09686008351855,503226439680.0,8388608,64,0.0010812530526891,128,16,2,512,10602.0,bin_0
v1_918,0.939340436106434,0.7220285221832841,1.069177335506538,1.0280834096483886,1.028527536895126,1.0419294273500177,216348974100480.0,536870912,128,0.0005189705407246,128,64,1,256,86218.0,bin_2
v1_919,1.023247453922726,0.3672851958447196,1.4846677132882178,1.456140799447894,1.4586007939651608,1.4664697689004242,442800488448.0,2097152,64,0.0024701789952814,64,32,2,128,39626.0,bin_0
v1_920,0.9731403020630246,0.3898569750355464,1.0315945849797572,0.9643904755357652,0.9599156687036156,0.985300243073046,882549832756224.0,1073741824,128,0.0002667429216671,64,32,8,256,141578.0,bin_3
v1_921,0.9256153451947536,0.627848675574866,1.014444045984419,0.9480756365228444,0.94544865982607,0.969322780777778,115595606347776.0,1073741824,64,0.0016690412303432,64,16,4,256,19402.0,bin_2
v1_922,0.9350287052046924,0.7019278305468782,1.1646431375775137,1.066450293175876,1.0486456691287458,1.0932463666273786,7295335329792.0,67108864,128,0.0046863332390785,32,16,4,256,19402.0,bin_1
v1_923,0.956017174659237,0.4938598931932265,1.0407110167870997,0.9944291445426644,0.992046508938074,1.0090622234226128,112089158836224.0,1073741824,32,0.0143209025263786,32,32,1,256,22634.0,bin_2
v1_924,0.9580360597774832,0.6371124017076397,1.0224868641234934,0.986833515111357,0.9894072017632424,0.9995758603326976,216507226570752.0,134217728,16,0.0021554655395448,64,64,4,256,286474.0,bin_2
v1_925,0.9602390803481962,0.5118509189223476,1.297692758962512,1.2607429488562047,1.2598148924298584,1.2727502000828583,27755198631936.0,134217728,32,0.0135214393958449,32,32,2,128,39626.0,bin_2
v1_927,1.0679382445607175,0.3531879725213058,1.5856413953006268,1.5585622675716877,1.5551326358690858,1.5664454329138,246895239168.0,2097152,32,0.0042525213211774,128,32,1,256,22634.0,bin_0
v1_929,1.0271969348955745,0.4485794743175695,1.7211633338592949,1.6912703681737185,1.69821909815073,1.703550933394581,590875674624.0,4194304,256,0.0111244861036539,32,16,4,512,19402.0,bin_0
v1_930,0.9656557630527168,0.7198077077243744,2.0242206160910428,2.013031462207437,2.019891547039151,2.019047875112544,3812828624640.0,33554432,64,0.0001902914664242,128,16,4,512,19402.0,bin_1
v1_931,1.1242620944771888,0.3492259583450059,1.513551565934904,1.4874339187517762,1.4893411695957184,1.496775551427466,903399112704.0,2097152,32,0.0003917678841389,64,64,1,128,86218.0,bin_0
v1_932,0.942494124379004,0.6409996207496208,1.024452717269014,0.9688205108977854,0.9661356629803776,0.9864696303823924,114017442435072.0,1073741824,32,0.0001540772937005,64,16,4,128,19402.0,bin_2
v1_933,1.1021450661515175,0.3597026077978458,1.4008641336113214,1.3700085375458002,1.3684530518949032,1.3797752410173416,14561106988032.0,33554432,256,0.0023351279087364,128,32,4,256,73610.0,bin_1
v1_934,0.949003952390354,0.5884829403400832,1.0308854132381384,0.995948244817555,0.9939926108345388,1.0069420896300774,55370661568512.0,536870912,32,0.0171920489519834,64,32,1,256,22634.0,bin_2
v1_936,0.8800126214381973,0.7214169516550468,1.123128954153799,1.015201489906758,0.9879090879112482,1.0420798439906018,14299287714816.0,67108864,16,0.0004323723260313,32,16,8,128,37002.0,bin_1
v1_937,0.9685086158690818,0.3550710559281988,2.048417988466099,2.0417524091899395,2.04338654410094,2.0445189805856594,4971085427712.0,4194304,256,0.0020328015089035,32,32,8,512,141578.0,bin_1
v1_938,1.0593061502601786,0.4954070189070189,1.6527804343495518,1.6090055899694562,1.6103591360151768,1.6240483867780615,13882857474048.0,33554432,16,0.0098851220682263,32,32,4,128,73610.0,bin_1
v1_939,0.9895666422231796,0.4220405846358228,1.192217335003079,1.130729571916163,1.1304087722674012,1.151118559728881,14287640727552.0,67108864,128,0.0011132684303447,32,32,2,512,39626.0,bin_1
v1_940,0.9825907508214085,0.3903630461249509,1.1212451274623163,1.0539644295349715,1.052564105950296,1.075924554315861,6950332858368.0,16777216,32,0.0016118523199111,64,32,4,128,73610.0,bin_1
v1_941,1.1660493959046752,0.5354448501234216,1.2545761057408529,1.217136477585882,1.2150735114701092,1.228928698265615,1806110810112.0,16777216,256,0.002972965594381,32,16,4,128,19402.0,bin_0
v1_942,0.954031586213308,0.5875745145507051,2.0967549066990614,2.092067264020443,2.092241327278316,2.0936878326659403,1775660212224.0,16777216,256,0.0001912491570692,32,32,1,256,22634.0,bin_0
v1_943,0.9647901551141947,0.7137488133559561,2.0062686402816325,1.9946926198899744,2.0007232539355755,2.0005615047023944,118357248000.0,1048576,32,0.0008447559666819,64,16,4,256,19402.0,bin_0
v1_944,0.961110252817606,0.5757454864359626,1.888935157097876,1.8771209390833967,1.8780786246061325,1.8813782402624688,907089008640.0,8388608,32,0.0004122351238038,64,32,1,512,22634.0,bin_0
v1_945,1.332011853697762,0.3306042766757052,1.224292425409658,1.1882145800627768,1.186627737712115,1.1997115810615169,903668253696.0,16777216,16,0.001620887662284,128,16,2,256,10602.0,bin_0
v1_947,1.1673449835951324,0.3549537094298999,1.6703733878675848,1.6283945078030229,1.637506503611803,1.6454247997608036,446113210368.0,2097152,64,0.0101432856172323,128,32,2,256,39626.0,bin_0
v1_948,0.9742291225624372,0.3491176759748187,2.1935776858590543,2.1897689886391163,2.1914997827261686,2.1916154857414463,83680696320.0,2097152,64,0.0001676383253652,128,16,1,512,6202.0,bin_0
v1_949,1.081698667943268,0.4597862001314383,1.6477639810182154,1.6060979822650552,1.6089582312852144,1.6209400648561616,215499745615872.0,536870912,16,0.0338487140834331,128,64,1,128,86218.0,bin_2
v1_950,0.5467489653622837,0.9034438550867124,1.0060272647679085,0.9179358703549952,0.910212288144976,0.9447251410892932,442885660065792.0,1073741824,64,0.0003251002926845,32,32,4,128,73610.0,bin_3
v1_951,1.0162275552035112,0.3935423187923188,1.7050276633817705,1.6815859517082572,1.6834880784153938,1.6900338978351404,3637452533760.0,67108864,128,0.0003164646332152,128,16,2,128,10602.0,bin_1
v1_952,1.01526494877674,0.3493305662591377,1.7308090110309422,1.710467032156885,1.7162014115601778,1.7191591515826683,926221228032.0,33554432,128,0.0011892785551026,128,16,1,256,6202.0,bin_0
v1_954,1.2783400377275649,0.4584101414458557,1.3677046319353394,1.317558060400188,1.3351002838462591,1.3401209920605954,231399871488.0,4194304,16,0.0263053532689809,32,16,2,256,10602.0,bin_0
v1_955,1.155001474171773,0.4197082122022598,1.701275663683191,1.6527130170725286,1.6628377884626389,1.6722754897394527,546253307904.0,2097152,128,0.0221407879143953,32,16,8,256,37002.0,bin_0
v1_956,1.0434963806063071,0.4080395812300574,1.8285341279115528,1.8103325245901944,1.81391603127122,1.817594227924322,7483138777344.0,33554432,16,0.000156058333232,64,16,8,512,37002.0,bin_1
v1_957,0.9559741098134626,0.7327380939166653,1.2899221177212894,1.2415707712061703,1.239867176860571,1.2571200219293437,54638383715328.0,33554432,32,0.0039635361172258,64,64,4,512,286474.0,bin_2
v1_958,0.6158735319114467,0.8859338637552923,0.9747021902076084,0.9342283899895848,0.9348536105826496,0.947928063593281,222065461862400.0,1073741824,128,0.0034617325291037,32,32,2,128,39626.0,bin_2
v1_960,0.9560407229058052,0.6034601839958983,1.1126155973179266,1.0625517568551004,1.0645852903835475,1.0799175481855248,6919462170624.0,67108864,64,0.0021511325612664,128,32,1,128,22634.0,bin_1
v1_961,0.94858795397628,0.6410332401284783,1.0267341823564493,0.9743506726808846,0.9737672223709524,0.9916173591360954,219100044804096.0,1073741824,128,0.0009624345693737,128,32,2,128,39626.0,bin_2
v1_962,1.04345741927085,0.4447437227675322,1.508914181147702,1.4861587034538388,1.4860235815867782,1.493698822062773,14212048982016.0,134217728,128,0.0001004276709863,32,32,1,512,22634.0,bin_1
v1_963,1.0681330844039798,0.385717944753659,1.206707119679777,1.1631485125981271,1.169036918785423,1.1796308503544424,6978572285952.0,33554432,16,0.0001437732862541,64,32,2,256,39626.0,bin_1
v1_964,1.0820933201088117,0.4869071206571205,1.6479391338070857,1.6056099208071828,1.608528538607061,1.6206925310737763,14497053038592.0,134217728,64,0.0318278074264526,64,16,4,256,19402.0,bin_1
v1_965,0.5540195654703481,0.9081105376105376,1.0387886749231257,0.9340906196739523,0.9136249418370426,0.9621680788113736,884642324877312.0,1073741824,64,0.00014820281649,32,32,8,128,141578.0,bin_3
v1_966,1.014350340437305,0.659769396388444,1.090289778294391,1.044888297561556,1.0539502114988863,1.0630427624516112,54025209925632.0,67108864,16,0.0003409753844607,128,64,2,256,152970.0,bin_2
v1_967,1.1920085001578309,0.5617208827327874,1.2117212569573894,1.1747266333550217,1.1871699932962656,1.1912059612028922,7159462256640.0,4194304,32,0.0015878225676715,64,64,4,256,286474.0,bin_1
v1_968,0.7448446560331675,0.789409361802219,0.9609291593333182,0.9269072215538472,0.9273546463809909,0.9383970090893854,879253908713472.0,1073741824,16,0.0024354460183531,32,64,2,512,152970.0,bin_3
v1_970,0.984015299769096,0.3948972786472786,1.857901523821056,1.841690988279879,1.8434937549754973,1.847695422358811,1895128962048.0,33554432,256,0.0018210344715043,64,16,2,512,10602.0,bin_0
v1_971,0.9523054521089748,0.3752356268070553,1.0673394841505797,1.0174161894246936,1.0147935627028346,1.0331830787593692,54836785803264.0,268435456,256,0.0045505263842642,128,32,2,128,39626.0,bin_2
v1_972,1.0343716377270396,0.294881210500258,1.289000318327453,1.2517784107476473,1.2692031329497695,1.2699939540082898,1076454254592.0,8388608,128,0.0083706453442573,64,32,1,512,22634.0,bin_0
v1_973,1.0929500436792774,0.3611027424955996,1.3041526530869303,1.2707456983625889,1.2736343778669834,1.282844243105501,4001287385088.0,16777216,128,0.0034793769009411,64,32,2,512,39626.0,bin_1
v1_974,1.3107981244400275,0.3069219457790886,1.3208453559782356,1.290021216031164,1.289605112746358,1.3001572282519192,450567702528.0,8388608,64,0.0215822700411081,128,16,2,128,10602.0,bin_0
v1_975,1.0372376118485722,0.3466352725757488,1.7551964721642437,1.7398167243227365,1.7433358505368233,1.7461163490079343,1019740545024.0,2097152,32,0.0004899014020338,64,64,1,256,86218.0,bin_0
v1_976,0.9881579221739648,0.5406238888976985,2.044646687572822,2.028584468178451,2.026305218227208,2.03317879132616,431119841280.0,1048576,128,0.0224372055381536,128,32,4,128,73610.0,bin_0
v1_977,1.1348816175881682,0.4885999674928246,1.3691683873184957,1.3302707513794303,1.3515140041708946,1.3503177142896068,7609552880640.0,4194304,16,0.0034065491054207,128,64,4,512,286474.0,bin_1
v1_978,1.0689769411274936,0.504983201983202,1.6750623562838882,1.62875931058079,1.6294182343408463,1.6444133004018415,27623011087872.0,33554432,16,0.0145095558837056,128,32,8,256,141578.0,bin_2
v1_979,1.024711221125557,0.3681722911127673,1.7937691835686564,1.7706456994637847,1.7746062548831103,1.7796737126385171,100128491520.0,1048576,256,0.0377548858523368,64,16,2,256,10602.0,bin_0
v1_980,0.9493140231653864,0.7478611260873166,1.0345108102555969,0.9842142523266376,0.9788757003843784,0.9992002543222044,438180641439744.0,268435456,256,0.0037380028516054,32,64,4,256,286474.0,bin_3
v1_981,0.9663696722507488,0.5345690601285839,1.0446717465529218,0.9953393978066742,0.9943883568048476,1.011466500388148,28530200318976.0,134217728,16,0.0033710352145135,128,16,8,128,37002.0,bin_2
v1_982,1.0410934695438028,0.5307240048311476,1.6638249505776912,1.6260857935994864,1.6246935557574034,1.638201433311527,109088297745408.0,33554432,128,0.00264831376262,128,64,8,256,553482.0,bin_2
v1_984,0.9547149318056226,0.5879806454568359,2.06885211286135,2.063818662427366,2.063250418752432,2.0653070646803826,127874985984.0,1048576,64,0.0013496278552338,64,32,1,256,22634.0,bin_0
v1_986,0.9735645454373416,0.3487742416313844,2.159508501878008,2.1546964067965746,2.1567377746105194,2.156980894428368,242848075776.0,8388608,32,0.0001372263359371,128,16,1,512,6202.0,bin_0
v1_988,0.9738745940640984,0.3477764153835582,2.0874717640690506,2.0802461691200733,2.082986015826464,2.083567983005196,28363929600.0,1048576,32,0.0002965728635899,32,16,1,128,6202.0,bin_0
v1_989,0.2179189546292886,0.9885496003115052,0.9378451513621258,0.9108888951595872,0.9073260189034044,0.9186866884750392,1731073480851456.0,1073741824,32,0.0018528983928263,64,64,4,128,286474.0,bin_3
v1_990,1.0238095325433525,0.5231362526362525,1.6609673358034345,1.6186515605077147,1.6172357555478811,1.63228488395301,27412057681920.0,8388608,16,0.007325165439397,32,64,8,128,553482.0,bin_2
v1_992,0.955126395891957,0.5868285083523178,1.0430430699707358,0.9934377148747444,0.9968907115980984,1.0111238321478595,109938007615488.0,536870912,16,0.0001908490376081,128,32,2,256,39626.0,bin_2
v1_994,1.265341461208595,0.3278159459588031,1.148164749640273,1.0851270710118115,1.0865302085876465,1.1066073430799104,7147632052224.0,33554432,64,0.0013030361151322,64,16,8,128,37002.0,bin_1
v1_995,1.261396924379573,0.3205743731577065,1.191513768106233,1.1490692752413452,1.1508213919587431,1.163801478435441,3758662748160.0,134217728,128,0.0020485650748014,64,16,1,512,6202.0,bin_1
v1_996,0.9954909245800384,0.7970639259329736,1.0460375163238496,0.9972422230057418,1.0001445752568543,1.0144747715288152,238365137277312.0,1073741824,32,0.0003380105190444,128,16,8,512,37002.0,bin_3
v1_997,0.8882818861149545,0.7379575662432805,1.009823688531469,0.9548218955751508,0.9509660811163484,0.9718705550743229,866935217725440.0,1073741824,64,0.0001199692051159,64,64,2,128,152970.0,bin_3
v1_998,0.8384385101622788,0.7276020130662988,1.030433564534178,0.991468992549926,0.9912979961372912,1.0044001844071315,56420582848512.0,536870912,16,0.0055675231851637,32,32,1,512,22634.0,bin_2
v1_999,0.9696099854546169,0.3702803122803123,1.103548025013879,1.0537780737504363,1.0520543162710965,1.0697934716784705,7144102072320.0,268435456,32,0.0349777191877365,128,16,1,128,6202.0,bin_1
v1_1000,1.0237354939049257,0.3615086047109856,1.1616897941275963,1.102948701940477,1.1037078043445945,1.122782100137556,55030137034752.0,67108864,128,0.0003738547966349,64,32,8,128,141578.0,bin_2
v1_1001,0.8237964495271979,0.7543733153971249,0.9979500113331596,0.9538170739542692,0.9486853340640664,0.9668174731171651,218472961130496.0,268435456,64,0.0046267514117062,32,64,2,128,152970.0,bin_2
v1_1002,1.5595021268888682,0.3338050868884202,2.1342950999969617,2.0492303879000247,2.070100724697113,2.0845420708647,219932000256.0,1048576,64,0.0201016124337911,128,32,2,128,39626.0,bin_0
v1_1004,0.9897832704897844,0.3932751754418422,1.8311917779501528,1.8133685467764733,1.815606061369181,1.820055462031936,238385811456.0,4194304,256,0.0079884799197316,128,16,2,128,10602.0,bin_0
v1_1005,1.075000792916763,0.4964714220964221,1.6476939668646082,1.6057785656303167,1.6088783284649253,1.6207836203199502,220096003270656.0,268435456,32,0.0061925710178911,64,32,8,256,141578.0,bin_2
v1_1006,0.9694914621837836,0.4014588255659683,2.181572417728603,2.17794100381434,2.176859514787793,2.178790978776912,69124638720.0,1048576,64,0.0012193290749564,32,16,2,512,10602.0,bin_0
v1_1008,0.9755519696825812,0.389072207334112,1.7904317558277398,1.7752891052514317,1.7757523441687226,1.7804910684159647,452179992576.0,4194304,64,0.0009051023516803,128,32,1,128,22634.0,bin_0
v1_1009,1.6310671270633674,0.3521123237432761,1.3543247381603578,1.3239089460112154,1.3295583268627524,1.3359306703447753,248397121536.0,8388608,64,0.0272847563028335,128,16,1,256,6202.0,bin_0
v1_1010,1.1316008984929276,0.4883911108732537,1.6579102744581178,1.614406925626099,1.6182108810171485,1.6301760270337884,28356798692352.0,33554432,128,0.0310656819492578,32,32,8,512,141578.0,bin_2
v1_1011,0.8869786092904682,0.8624552000028191,1.0647367134515662,0.968491590116173,0.947820670902729,0.993682991490156,885027186769920.0,1073741824,256,0.0002871392352972,32,32,8,128,141578.0,bin_3
v1_1012,1.3797331255673644,0.3492645449788306,1.2451229221187532,1.2113904901780188,1.2131701624020934,1.2232278582329552,7189962476544.0,33554432,64,0.0012027042685076,128,16,8,128,37002.0,bin_1
v1_1013,1.050262854315208,0.6075945694517123,1.1556352406332735,1.1001695948652923,1.09399030264467,1.1165983793810783,13732978274304.0,33554432,32,0.0008481447584927,64,64,1,512,86218.0,bin_1
v1_1014,0.5897322057388886,0.9014202155868823,1.0164477603975683,0.9246882935985924,0.9158403556793928,0.9523254698918512,885055082323968.0,1073741824,128,0.0002752262807916,32,32,8,128,141578.0,bin_3
v1_1017,1.0576936737674771,0.3857066932185979,1.503320296178572,1.4759427243843677,1.4773018853738904,1.4855216353122769,1799965605888.0,33554432,128,0.0002744077937677,32,16,2,128,10602.0,bin_0
v1_1018,1.003604241700519,0.347289610301515,1.8701524415519089,1.856810244731605,1.857076614163816,1.8613464334824432,13779773936640.0,16777216,128,0.0003967011289205,128,32,8,128,141578.0,bin_1
v1_1019,0.9551709142439496,0.5961872999134905,2.291305855382234,2.292634407058358,2.2919540032744408,2.2919647552383444,217275543552.0,1048576,64,0.0001155869103968,128,32,1,256,22634.0,bin_0
v1_1020,0.9766382081056876,0.4029191615263044,2.243562193121761,2.241763101890683,2.240080764517188,2.241802019843211,160105909248.0,2097152,64,0.0005809096619486,64,16,2,512,10602.0,bin_0
v1_1021,0.964645974009468,0.3986219754672135,2.055639189435169,2.047755578532815,2.047147389501333,2.050180719156439,148374306816.0,1048576,128,0.006084784399718,128,16,2,256,10602.0,bin_0
v1_1023,0.573463255582446,0.9165400877781829,0.9568364078077138,0.921344548696652,0.9229552717879416,0.9337120760974358,860311806087168.0,1073741824,16,0.0003008398634847,128,64,2,128,152970.0,bin_3
v1_1024,1.066066436336472,0.4941300709872138,1.6499084911774844,1.6098998840898275,1.612239140085876,1.6240158384510626,874137628114944.0,268435456,256,0.0099754435941576,64,64,8,512,553482.0,bin_3
v1_1025,0.9829413320127768,0.7241107076345171,1.1161567415983882,1.054782945662737,1.0586890592239795,1.076542915495035,15012376780800.0,134217728,64,0.0056586517021059,64,16,4,512,19402.0,bin_1
v1_1027,0.967181995843811,0.3982169730622111,2.0118114482611418,2.002458117902279,2.0032493211328983,2.005839629098773,7608925833216.0,134217728,256,0.0004420973709784,128,16,2,512,10602.0,bin_1
v1_1028,0.7801899087960802,0.8183830847283228,1.0265814073572983,0.98916656547226,0.9960302878171206,1.0039260868822264,54819317176320.0,536870912,16,0.0016924671363085,128,32,1,128,22634.0,bin_2
v1_1029,0.9553912767394892,0.6147903326831897,1.0441338981254376,1.003676099702716,1.00464305607602,1.0174843513013911,435177636077568.0,1073741824,64,0.0001083707393263,64,64,1,256,86218.0,bin_3
v1_1030,1.002135773412279,0.6390235055949341,1.7550449513364583,1.7274862909689546,1.7334197964519262,1.7386503462524463,941598130176.0,8388608,256,0.0010648990282788,32,16,4,128,19402.0,bin_0
v1_1031,0.9499765267401746,0.5979853215567501,1.0993870152342424,1.0444898577407002,1.0409677405841649,1.061614871186369,14002812076032.0,134217728,256,0.0107181146740913,32,32,1,256,22634.0,bin_1
v1_1032,1.0754639472643273,0.5681575959314055,1.6445396346971393,1.609014293178916,1.61097607947886,1.6215100024516385,436759659995136.0,1073741824,256,0.029127549380064,64,64,1,512,86218.0,bin_3
v1_1035,0.9740600363968668,0.3492186860758288,2.1866347240284085,2.1826250441372395,2.18440549261868,2.184555086928109,87922470912.0,2097152,64,0.0001733289536787,128,16,1,256,6202.0,bin_0
v1_1036,1.1595973296620532,0.3166532162722639,1.2195172684150748,1.180709748994559,1.184080961626023,1.194769326345219,27147980734464.0,67108864,128,0.0002281529741594,64,64,1,256,86218.0,bin_1
v1_1037,1.2380288200255825,0.5786423166780309,1.293358540860936,1.2614471199922264,1.2616007532924414,1.272135471381868,1848313436160.0,16777216,128,0.0024781068786978,32,16,4,256,19402.0,bin_0
v1_1038,1.2211396969218946,0.3129937359818311,1.2082910503086168,1.153194237034768,1.1460791896097362,1.1691881589843736,26832449058816.0,8388608,16,0.0007753447280265,128,64,8,128,553482.0,bin_1
v1_1040,1.0262949695297647,0.3869307117045212,1.8626959677785635,1.848999969661236,1.8561123283579943,1.8559360885992648,57529693138176.0,16777216,256,0.0004985322593711,128,64,8,512,553482.0,bin_2
v1_1041,1.0466148485486544,0.3909600205790681,1.8888114006258547,1.8716212064027784,1.8779945755377407,1.8794757275221248,448547954688.0,2097152,128,0.0057179578579962,64,16,8,128,37002.0,bin_0
v1_1042,0.9902207673377612,0.393619794226937,1.1452527640212793,1.1029044152237475,1.0976980137638748,1.1152850643363006,27378547912704.0,33554432,16,0.0049217282794415,32,64,2,256,152970.0,bin_2
v1_1043,1.0472406478061054,0.3785760520343853,1.6807289556600151,1.6421269355341792,1.6467326311394572,1.6565295074445503,270459577344.0,1048576,16,0.0126016791909933,32,16,8,512,37002.0,bin_0
v1_1045,1.1142792747090984,0.3139660700851177,1.1903742545546263,1.1400329410098493,1.1343057760968804,1.1549043238871188,7217933918208.0,16777216,64,0.0015638304175809,32,64,1,512,86218.0,bin_1
v1_1047,0.9599038898992376,0.5766791810482287,1.9496314167045057,1.9397367490455508,1.94056836143136,1.943312175727139,449126768640.0,4194304,64,0.0006875550607219,32,32,1,512,22634.0,bin_0
v1_1048,1.1630805078858153,0.4241883724740867,1.2197142500372138,1.176849044859409,1.1778179542161524,1.1914604163709253,3565767272448.0,33554432,32,0.0002675712166819,64,16,4,128,19402.0,bin_1
v1_1049,1.051082694234921,0.5,1.6452660833019763,1.6062696315348148,1.6076229261234405,1.6197195469867438,861723389399040.0,536870912,32,0.0321911796927452,128,64,4,256,286474.0,bin_3
v1_1050,0.9414912008837188,0.5402044450258735,1.1074323696702777,1.0051797195337713,0.9753903513774276,1.0293341468604922,880303071031296.0,1073741824,256,0.0003177456674166,32,64,2,512,152970.0,bin_3
v1_1051,1.017520546395268,0.3687754630730821,1.7744233256671578,1.756635564379394,1.7622938640415668,1.7644509180293728,236947513344.0,1048576,32,0.0011193685932084,32,32,2,256,39626.0,bin_0
v1_1052,1.0429165471793924,0.503798602631936,1.6529687761794776,1.6114238621667027,1.6123249530792236,1.6255725304751347,222705870563328.0,134217728,256,0.0308160930871963,64,64,4,512,286474.0,bin_2
v1_1053,0.9855543492555016,0.3935496593353736,2.119650157634169,2.11405807826668,2.1156523190438747,2.116453518314908,1962987706368.0,8388608,256,0.0008144340827129,32,16,8,256,37002.0,bin_1
v1_1054,0.6474260153426592,0.916575408718266,1.014133135027805,0.9412161139771342,0.9322135522961617,0.9625209337670336,222863828287488.0,1073741824,64,0.001889215549454,32,32,2,256,39626.0,bin_2
v1_1056,0.8167524933523772,0.7079370091989139,0.9858470810395374,0.9526495258323848,0.9556731334887444,0.9647232467868888,59647716182016.0,1073741824,64,0.0153790526092052,64,16,2,512,10602.0,bin_2
v1_1058,1.035612481138083,0.5018599486932821,1.6819100053980949,1.6533308001235127,1.658275544643402,1.6645054500550032,107910413955072.0,67108864,64,0.0344664379954338,128,64,4,256,286474.0,bin_2
v1_1059,1.1617704653383936,0.3999279930827549,1.4389426074922085,1.3868012516759336,1.3731724824756384,1.399638780547927,224144401496064.0,67108864,256,0.0024399992544203,32,64,8,512,553482.0,bin_2
v1_1062,1.0450068287155634,0.3135933814862385,1.43385967775248,1.410383061505854,1.4105261228978634,1.4182562873853992,6885994364928.0,8388608,32,0.000266103161266,32,64,2,512,152970.0,bin_1
v1_1063,1.0711522176803712,0.4027139302496444,1.734330209204927,1.7069380749017,1.7154832342639563,1.7189171727901946,968490165504.0,4194304,16,0.0022809673100709,64,16,8,512,37002.0,bin_0
v1_1065,0.9475869778364276,0.5528060991037181,1.076149387678015,1.0196837442927065,1.0178456120193005,1.0378929146633409,54910646464512.0,134217728,16,0.0001024724188027,64,32,4,128,73610.0,bin_2
v1_1068,1.0242739336903413,0.5624364427459666,2.4336006231606007,2.4356146827340126,2.428916070610285,2.432710458834966,556006600704.0,1048576,64,0.0338123217225074,32,32,4,256,73610.0,bin_0
v1_1069,0.9773508555002132,0.4492299860633193,1.0254856683750404,0.9666666875127704,0.9644562164321542,0.9855361907733216,877794967486464.0,1073741824,256,0.0003095337597187,64,32,8,128,141578.0,bin_3
v1_1070,1.184084134225842,0.5103955110145586,1.264340620225994,1.2247462896630168,1.2155416044406593,1.2348761714432233,1824584122368.0,16777216,256,0.0033951490186154,32,16,4,128,19402.0,bin_0
v1_1071,0.9321549345314484,0.7061484247674724,1.0615841965081927,1.0036625554785132,0.996290434151888,1.0205123953795312,54308734992384.0,67108864,16,0.0012800290714949,64,64,2,256,152970.0,bin_2
v1_1072,1.1590025231803198,0.3024191985263413,1.3991007782751694,1.3692435547709465,1.368428198620677,1.3789241772222642,110449374222336.0,33554432,64,0.00010756811389,32,64,8,512,553482.0,bin_2
v1_1073,0.9427837835134448,0.722008419270324,1.0354631941736443,0.9770888260100036,0.977642641402781,0.996731553862143,433344792999936.0,134217728,32,0.0002270996919833,64,64,8,256,553482.0,bin_3
v1_1076,1.004771515862792,0.372824950182093,2.320527443662286,2.3205054458230734,2.321010435000062,2.320681108161807,1909984868352.0,4194304,256,0.0001329006045125,128,32,2,512,39626.0,bin_0
v1_1077,1.0615111709462932,0.4054516387492577,1.6540326119866222,1.6188430460169911,1.6207494782283902,1.6312083787440013,1827272871936.0,16777216,256,0.0266062449663877,32,16,4,256,19402.0,bin_0
v1_1078,1.0649628513748963,0.5150951160832113,1.660279489471577,1.6136662373319268,1.614730728790164,1.6295588185312226,56585093677056.0,134217728,256,0.0280820094048976,64,64,1,512,86218.0,bin_2
v1_1079,1.0440109762885643,0.4976558247748723,1.1311550170357805,1.0790164144709706,1.0882353209890423,1.099468917498598,119542634075136.0,536870912,64,0.0004729825013782,128,16,8,512,37002.0,bin_2
v1_1080,0.9733842189220772,0.3489947001851763,2.1548144116532058,2.149755148217082,2.1518966145813465,2.1521553914838782,57877069824.0,2097152,64,0.000135009700898,64,16,1,128,6202.0,bin_0
v1_1083,0.926356674854286,0.7092350083778655,1.0790117250944604,1.023956437129527,1.0251729497686028,1.0427137039975305,109198168866816.0,268435456,256,0.0018138155573979,64,64,1,256,86218.0,bin_2
v1_1084,1.078547701844782,0.5233115665198999,1.6453823907068,1.6055182041600349,1.6075806645676494,1.619493753144828,445883647342848.0,536870912,256,0.0292685441672801,128,32,8,512,141578.0,bin_3
v1_1086,1.044751270152598,0.5246581874915207,1.6747664219001308,1.6232204651460052,1.6240352457389235,1.6406740442616865,29408188208640.0,16777216,64,0.0090257292613387,128,64,4,512,286474.0,bin_2
v1_1089,0.9752462487509316,0.3616198536912822,1.777079977095127,1.7562314243987205,1.7520842095836997,1.761798537025849,526032783360.0,2097152,256,0.0089742699638009,64,32,1,512,22634.0,bin_0
v1_1090,1.2656111611811982,0.3609358362096457,1.276004963903688,1.2466929517686367,1.2499579284340143,1.2575519480354462,1875086542848.0,67108864,32,0.0009508251096121,128,16,1,512,6202.0,bin_0
v1_1092,0.9541303863052696,0.5872658725753964,2.097511636093259,2.092737954109907,2.0927785579115152,2.094342716038227,304252526592.0,2097152,128,0.0005847956053912,64,32,1,128,22634.0,bin_0
v1_1095,0.9563888251787166,0.5542767739315358,1.0442855948931538,0.9827362936921418,0.9815154732204974,1.0028457872685976,54945379147776.0,67108864,16,0.0005494869546964,64,32,8,128,141578.0,bin_2
v1_1096,1.0415714197548769,0.4618492799088037,1.139005695382366,1.0878630876541138,1.0935995867475867,1.106822789928022,7429297797120.0,134217728,32,0.0008970624767243,64,16,2,512,10602.0,bin_1
v1_1097,1.0734391503718392,0.3148051247694105,1.4740003175102174,1.4497846653684974,1.4481330113485456,1.4573059980757537,29433330014208.0,33554432,256,0.0008777180919423,128,64,2,256,152970.0,bin_2
v1_1098,1.0810255207172343,0.504995992103135,1.4289276124036403,1.3010910521261394,1.2043366800062358,1.3114517815120053,868362301440.0,4194304,32,0.0110279135406017,32,32,2,128,39626.0,bin_0
v1_1099,0.973155707164918,0.3476920244658339,2.1357138375751674,2.13002179004252,2.132327174767852,2.13268760079518,64293556224.0,2097152,16,0.0001273189991479,32,16,1,512,6202.0,bin_0
v1_1101,1.033471153054084,0.5,1.649019806180149,1.6145129706710577,1.6156817013397813,1.6264048260636628,875908805855232.0,268435456,16,0.0311756115406751,32,64,8,512,553482.0,bin_3
v1_1102,0.9735389868775512,0.3486046581284676,2.165194589179009,2.1605200115591288,2.162506701424718,2.1627404340542853,29074673664.0,1048576,32,0.0001156269281636,64,16,1,128,6202.0,bin_0
v1_1103,0.9288659847603404,0.7160948733805875,1.127022978842433,1.037638123612851,1.0050226477906108,1.056561250081965,54816549961728.0,67108864,64,0.0032820848282426,32,64,2,256,152970.0,bin_2
v1_1104,0.5683508709407681,0.8968382486120582,0.985403347583997,0.9292219635099171,0.9262920184992254,0.9469724431977132,224678988791808.0,1073741824,16,0.0014952580677345,32,32,2,512,39626.0,bin_2
v1_1105,1.0337963871531206,0.4325917363060221,1.7852795952931046,1.7646396337077022,1.7690727803856134,1.77299733646214,502534889472.0,2097152,128,0.0198853723704814,64,32,2,512,39626.0,bin_0
v1_1106,0.974325684767456,0.4019632285703713,2.227739835623652,2.2254397440701723,2.2238290887326,2.2256695561421416,136140524544.0,2097152,64,0.0007477185572497,64,16,2,512,10602.0,bin_0
v1_1109,0.3097509609910772,0.9902075125051316,0.934621277709084,0.9061493759509176,0.9070621163118632,0.9159442566572884,866904133410816.0,1073741824,64,0.0013347574276849,64,64,2,128,152970.0,bin_3
v1_1110,1.2574917328597548,0.3442671336599907,1.2559468043618836,1.2201732411049306,1.2230625385418534,1.2330608613362226,7381119787008.0,134217728,256,0.0010042925132438,64,16,2,256,10602.0,bin_1
v1_1111,0.9577324369703528,0.5518774263655216,2.2204820341430604,2.217835733667016,2.2170498594641685,2.2184558757580817,7578716012544.0,8388608,256,0.0001683198061073,64,64,2,256,152970.0,bin_1
v1_1112,1.039852468677599,0.3903944706087562,1.936631908873096,1.9224925246089697,1.928513697348535,1.929212710276867,264686453760.0,1048576,32,0.0125269815325737,64,16,8,512,37002.0,bin_0
v1_1113,0.2231514084551873,0.9873518831256926,0.9166483365261228,0.8896892913617194,0.8917289557866752,0.8993555278915059,1748612769546240.0,1073741824,128,0.0022764711175113,32,64,4,128,286474.0,bin_3
v1_1114,1.0176567595391026,0.5033567561186608,1.1354398338735336,1.0880107856355608,1.0970280873589218,1.106826235622672,429000484976640.0,268435456,128,0.000140655101859,128,64,4,256,286474.0,bin_3
v1_1115,1.0580274637701204,0.3487684841613412,1.6725983363576231,1.6456023138016462,1.651859370060265,1.6566866734065115,28712010332160.0,8388608,64,0.0005574767710641,64,64,8,512,553482.0,bin_2
v1_1116,0.9496582681131636,0.6277189177665368,1.0504727658844786,0.9935274466406554,0.9882534556090832,1.0107512227114055,434176373305344.0,268435456,128,0.0004735841648653,64,64,4,256,286474.0,bin_3
v1_1117,1.1136768665932957,0.3599228879586022,1.599521064083092,1.5753418393433094,1.578707437030971,1.584523446819124,6990224769024.0,16777216,128,0.0006878058775328,128,64,1,256,86218.0,bin_1
v1_1118,0.9448705622290188,0.6362241356527071,1.0717715228311135,1.0034277196973562,0.9864235403947532,1.0205409276410744,29090634762240.0,134217728,64,0.0033021138515323,32,16,8,256,37002.0,bin_2
v1_1119,1.0650883600858745,0.3500031705507895,1.3479456610511988,1.3167082383297384,1.3166929865255952,1.3271156286355108,449324347392.0,2097152,16,0.0008288017706945,32,32,2,256,39626.0,bin_0
v1_1120,0.9545165154633942,0.5939138665567237,2.2511365725658834,2.2512898445129395,2.250821512192488,2.2510826430904367,119605051392.0,1048576,64,0.0002179489674745,32,32,1,256,22634.0,bin_0
v1_1122,1.2990168917518272,0.3128421472707187,1.332370479707606,1.2905660909600556,1.2890402865596116,1.3039922857424244,28146901819392.0,8388608,128,0.0019612677861005,32,64,8,128,553482.0,bin_2
v1_1123,1.0242234892362043,0.5183050606800607,1.6642463773023335,1.629292506724596,1.6288097342476249,1.6407828727581848,6968075569152.0,8388608,64,0.0223000179976224,32,32,8,256,141578.0,bin_1
v1_1124,1.0553227652281332,0.3142240687002591,1.1911208702076692,1.1488490058109164,1.158849276136607,1.1662730507183976,55324982983680.0,67108864,32,0.0001227448665304,64,32,8,256,141578.0,bin_2
v1_1125,0.9184223948391615,0.7077041965970537,1.12097422197985,1.033908282406628,1.021942749619484,1.0589417513353208,6912636407808.0,33554432,32,0.0006271442980505,32,32,2,128,39626.0,bin_1
v1_1126,1.16382635106843,0.5258947897340756,1.6688085517380389,1.623786014970392,1.629096363671124,1.6405636434598516,3484297617408.0,4194304,16,0.0051531307399272,32,32,8,256,141578.0,bin_1
v1_1127,1.0580786637671784,0.4708440322904608,1.653134223073721,1.6124386144801974,1.6131531605497005,1.626241999367873,1859823869952.0,16777216,32,0.0210007149726152,64,16,4,256,19402.0,bin_0
v1_1128,1.0390972654489656,0.510903633183395,1.8267209444893524,1.7733565932139754,1.7749939486384392,1.7916904954472557,110581449498624.0,33554432,128,0.0451645143330097,64,64,8,256,553482.0,bin_2
v1_1129,0.9345785577089014,0.6967407935979364,1.0637327794938756,1.010681217070669,1.0061811138875782,1.0268650368173742,14907070430208.0,268435456,16,0.001953350380063,64,16,2,512,10602.0,bin_1
v1_1130,0.9644163679110824,0.2949281419638562,1.135008635734266,1.0452508092857895,1.0231543071568012,1.0678045840589525,28298892337152.0,67108864,64,0.0027292419690638,32,32,4,512,73610.0,bin_2
v1_1132,1.074237906275603,0.4342234802234803,1.6446025234181434,1.605447276495397,1.609511882066727,1.6198538939934224,26905013256192.0,67108864,16,0.0110331308096647,128,64,1,128,86218.0,bin_1
v1_1133,1.226628793121207,0.2989259378187949,1.256042504508514,1.215177949052304,1.2142965868115425,1.22850568012412,27185341956096.0,8388608,16,0.0001904194505186,64,64,8,256,553482.0,bin_1
v1_1134,1.234310417696957,0.2842763647287457,1.195444856857648,1.146555395796895,1.14951674034819,1.1638389976675778,905569886208.0,33554432,64,0.0037562062498182,128,16,1,128,6202.0,bin_0
v1_1135,1.0422128477626305,0.7331353787306168,1.1493997937068343,1.104349337052554,1.1086106011644006,1.1207865773079295,6769767788544.0,16777216,16,0.0034457151778042,128,64,1,256,86218.0,bin_1
v1_1136,0.956265762103192,0.7245609042632853,1.061117356424802,1.0211725300177932,1.02524338895455,1.0358444251323815,435902140846080.0,1073741824,256,0.0014721205225214,128,64,1,512,86218.0,bin_3
v1_1138,0.9986772525389992,0.5715704762609524,1.679116661893204,1.6599987950176,1.6613966561853886,1.666837371032064,861999482880.0,8388608,16,0.0001305216283071,64,32,1,256,22634.0,bin_0
v1_1139,0.912891082800389,0.722584464036845,1.0030981273957875,0.9598189787939192,0.9580095154233276,0.9736422072043448,56902905019392.0,268435456,16,0.0028134132735431,64,16,8,128,37002.0,bin_2
v1_1140,1.1767387757869625,0.4168434598910789,1.1961186745029408,1.1525385305285454,1.1539063537493348,1.1675211862602737,1790776455168.0,33554432,64,0.0009147074306383,64,16,2,128,10602.0,bin_0
v1_1141,1.1314899220343786,0.3306558591320496,1.613031876157038,1.5819768458604813,1.5849838890135288,1.5933308703436826,1839438876672.0,2097152,128,0.0041925455443561,128,64,2,128,152970.0,bin_0
v1_1143,1.0029510433155215,0.480583981714934,1.1246219029271742,1.0894408486783504,1.0818226216360929,1.098628457747206,110220251283456.0,268435456,128,0.0118586057797074,32,64,1,512,86218.0,bin_2
v1_1144,0.9737757980771288,0.3954740308192688,1.9518996691331267,1.9398984108120203,1.941351167857647,1.944383082600932,1038644087808.0,16777216,256,0.0048304661177098,128,16,2,512,10602.0,bin_0
v1_1145,1.0554664816027906,0.336979788289312,1.1020155333681032,1.050203999504447,1.049601270351559,1.067273601074703,3567179900928.0,67108864,16,0.014157947152853,128,16,2,128,10602.0,bin_1
v1_1146,0.9591077212102228,0.6130499161332494,2.0412413810845464,2.0340587198734283,2.039667584002018,2.038322561653331,3469980573696.0,8388608,256,0.0001192581912619,32,32,4,128,73610.0,bin_1
v1_1147,0.9737972176687054,0.6704889228936848,1.059524827709538,1.0158386887051165,1.0151145588606596,1.0301593584251048,7330771230720.0,134217728,128,0.0138122234493494,32,16,2,256,10602.0,bin_1
v1_1148,0.9384519224245808,0.6766343255509922,1.1115926074853633,1.0550884995609522,1.0560298385098577,1.0742369818520576,1756458516480.0,16777216,64,0.0036073955707252,32,32,1,128,22634.0,bin_0
v1_1149,1.031682791323553,0.3502043705853229,1.8745001801289616,1.8607449503615496,1.865966368466616,1.867070499652376,1034644445184.0,2097152,128,0.006721619516611,128,32,2,512,39626.0,bin_0
v1_1150,1.2855919257382589,0.309006794792509,1.4501923224306663,1.3834852278232574,1.369230949319899,1.400969499857941,230723094528.0,1048576,16,0.0166413653641939,32,32,2,256,39626.0,bin_0
v1_1151,1.0749296816230176,0.5056819846819847,1.6485552911181005,1.606985904276371,1.6089397640898824,1.6214936531614512,1719466329796608.0,536870912,32,0.012343281880021,128,64,8,128,553482.0,bin_3
v1_1152,1.0044225958697437,0.3713329606901035,2.279244394041598,2.278186161071062,2.279551101848483,2.278993885653714,1210984869888.0,4194304,256,0.0002051643386948,32,32,2,512,39626.0,bin_0
v1_1156,0.9542634556056808,0.587932323408514,2.0913261885289103,2.086439974606037,2.087154857814312,2.0883070069830865,434155345920.0,4194304,16,0.0001918188645504,128,32,1,256,22634.0,bin_0
v1_1159,0.9835574902708664,0.6737970777018395,1.1594146462157369,1.082640735898167,1.0600890484638512,1.100714810192585,7510566598656.0,134217728,64,0.0013632584596052,32,16,2,512,10602.0,bin_1
v1_1160,1.152545286332149,0.3366472112543541,1.2916191389085725,1.2547202124260366,1.2422905736602845,1.2628766416649644,898756263936.0,8388608,128,0.0017173924716189,32,32,1,256,22634.0,bin_0
v1_1161,1.081999202591681,0.357894420834897,1.6599480230361223,1.6396168796345592,1.643727700226009,1.6477642009655635,3529828048896.0,8388608,64,0.000271745986538,128,64,1,128,86218.0,bin_1
v1_1162,1.026921431005135,0.2964824342324342,1.1525344826077344,1.0826080404222012,1.0810732655227184,1.1054052628508846,7339081519104.0,33554432,32,0.0008251841063611,32,16,8,256,37002.0,bin_1
v1_1163,1.0148156030118154,0.4600315064124587,1.1725721361290198,1.0780388629063964,1.0552856414578855,1.1019655468311005,3600776110080.0,67108864,32,0.0002714949660003,32,16,2,128,10602.0,bin_1
v1_1164,1.0184100509703462,0.3936591375996137,1.205171549168881,1.1593427625484765,1.1776810572482646,1.1807317896552074,3565670535168.0,16777216,128,0.0033404184505343,128,32,2,128,39626.0,bin_1
v1_1165,1.3494182938305423,0.4169061198942151,1.948680805042386,1.8758915085345509,1.8911907952278848,1.9052543696016075,8049737293824.0,16777216,256,0.0275699291378259,32,32,4,512,73610.0,bin_1
v1_1167,1.4532488545800373,0.3658871591371591,1.2433297015959397,1.212877819314599,1.2140515581704676,1.223419693027002,7622708702208.0,268435456,256,0.0025542869698256,128,16,1,512,6202.0,bin_1
v1_1168,0.920740736663452,0.6526528383433146,1.0008868608201738,0.9629514557309448,0.9619222041219472,0.975253506891022,217593678446592.0,536870912,64,0.0032574753277003,64,64,1,256,86218.0,bin_2
v1_1169,0.9511071014258028,0.5675311601978269,1.0081436805267003,0.9669501907192172,0.965098112821579,0.9800639946891656,867744320855040.0,268435456,16,0.0010261592688038,64,64,8,512,553482.0,bin_3
v1_1171,1.0607942544673117,0.4789947561257084,1.51020789751783,1.4838745752349496,1.482012351974845,1.4920316082425416,57833928592896.0,33554432,128,0.0008429122972302,128,64,4,512,286474.0,bin_2
v1_1172,0.947259409020722,0.6525438357938359,1.0619671278727765,0.98181787179783,0.9703735639341176,1.0047195212015747,218587122622464.0,134217728,16,0.0001709355565253,32,64,4,256,286474.0,bin_2
v1_1173,0.5296953441809732,0.8489894911085387,1.087791467729403,0.9705913059879094,0.9384289719164371,0.9989372485445832,59883452550144.0,536870912,64,0.0040015638805925,32,16,4,512,19402.0,bin_2
v1_1174,0.9902686712934002,0.3938751178274988,2.088284003315493,2.081354915164411,2.083526039496064,2.0843883193253228,3743954260992.0,16777216,64,0.000412897701608,64,16,8,512,37002.0,bin_1
v1_1175,0.998846505333845,0.6172570344117964,1.3990853056311607,1.383668147958815,1.4111233251169324,1.397958926235636,427430873088.0,4194304,16,0.0196978244930505,128,32,1,128,22634.0,bin_0
v1_1176,0.8463548013019754,0.812370546120546,0.9777288744808176,0.9396476719994098,0.9421992674469948,0.9531919379757406,110135831420928.0,536870912,64,0.0051566925831139,64,32,2,128,39626.0,bin_2
v1_1177,1.0033515402626978,0.6852940494250017,1.1088898076995974,1.0629937718622386,1.0619008135981858,1.0779281310533406,904939991040.0,33554432,64,0.0073558413423597,64,16,1,128,6202.0,bin_0
v1_1178,1.128394502204437,0.5184394102370292,1.4012526114238426,1.376393738202751,1.382743425667286,1.3867965917646263,3601680943104.0,33554432,256,0.0012824581936001,64,16,4,128,19402.0,bin_1
v1_1179,0.9574429433111796,0.5765633841467176,2.289683560375124,2.288563385605812,2.286988211795688,2.2884117192588747,4016207425536.0,4194304,128,0.0001258853735635,64,64,2,256,152970.0,bin_1
v1_1180,1.1812405258353282,0.53519051098813,1.274705444346182,1.2430411339737475,1.2436076141893864,1.2537847308364387,3736560061440.0,33554432,16,0.0004568112199194,64,16,4,512,19402.0,bin_1
v1_1181,1.0774769951764989,0.3091993216219407,1.6436566256452352,1.6050966009497645,1.607717664912343,1.6188236305024477,7567358304768.0,33554432,128,0.0071873730048537,32,16,8,512,37002.0,bin_1
v1_1184,1.521771708135809,0.3681779292136435,1.4968554063816557,1.4650630126707256,1.4466485986486075,1.469522339233663,451422262272.0,2097152,16,0.0032889530993998,32,16,8,128,37002.0,bin_0
v1_1185,1.262938084191797,0.3548795776533871,1.6248696701368317,1.577215934172273,1.5720198955386877,1.591368499949264,495950966784.0,4194304,32,0.005377382505685,32,16,4,512,19402.0,bin_0
v1_1186,0.9942162526426712,0.7121149423768472,1.0830907542767818,1.0358671322464943,1.0400345870293677,1.0529974911842146,29890730892288.0,536870912,32,0.0008011180325411,128,16,2,512,10602.0,bin_2
v1_1188,0.9507786764813756,0.6989799635990112,1.0469966712480527,1.012570179067552,1.0206910949200392,1.0267526484118814,55614199572480.0,536870912,64,0.0038487270940095,128,32,1,512,22634.0,bin_2
v1_1190,0.995586874931466,0.3292841327543708,1.6974576942157,1.6583961360156536,1.6541661228984594,1.670006651043271,216947782103040.0,536870912,16,0.0121214883401989,64,64,1,256,86218.0,bin_2
v1_1191,0.9238029777317148,0.7447805047686001,1.069758302081027,0.9976473338901996,0.982273886911571,1.0165598409609329,28722545774592.0,536870912,16,0.0001417152961948,32,16,2,128,10602.0,bin_2
v1_1192,1.0419693088864523,0.4467494692256597,1.2152690466318743,1.1480830856598914,1.132107034791261,1.1651530556943424,13921417537536.0,16777216,32,0.0016571680316701,64,64,2,512,152970.0,bin_1
v1_1193,1.0890504398499894,0.5161070741427884,1.6731704416451976,1.625944775994867,1.6254271734505892,1.6415141303635512,2020293323904.0,8388608,16,0.0385193452239036,128,16,8,512,37002.0,bin_1
v1_1194,0.9445906512315776,0.584348300729253,1.047291712849983,1.003893211018294,1.0020246673375368,1.017736530401938,14296015574016.0,134217728,16,0.0067293546162545,128,16,4,128,19402.0,bin_1
v1_1195,0.9447338138181236,0.6291403825451444,1.0924991283391137,0.988932496868074,0.9673373852856456,1.0162563368309443,438304834639872.0,134217728,16,0.0001914024178404,32,64,8,512,553482.0,bin_3
v1_1196,0.9661711475580588,0.3987101588887302,2.0276705126743764,2.018867284990847,2.0192686077207327,2.021935468461985,1811780576256.0,33554432,128,0.0004434559959918,128,16,2,256,10602.0,bin_0
v1_1197,1.0644726745012207,0.5174615384615384,1.6436953712254765,1.6051904475316403,1.6073241559788585,1.618736658245325,3466209139912704.0,1073741824,64,0.0075925877317786,64,64,8,256,553482.0,bin_3
v1_1198,0.9795651524740152,0.3654558232772518,1.9143583150580523,1.903235496953129,1.9037675354629755,1.907120449158053,2051768033280.0,2097152,64,0.0004451803688425,64,64,2,256,152970.0,bin_1
v1_1200,0.6913420444887936,0.8419281186185948,1.0107602035204764,0.9658334290143102,0.9626846686005592,0.979759433711782,440603831623680.0,1073741824,32,0.0012842923169955,32,64,1,512,86218.0,bin_3
v1_1201,1.143721247408627,0.5126449568949569,1.6807915387907997,1.62995213130489,1.6309803454205394,1.6472413385054097,54111691198464.0,33554432,64,0.0491976477205753,64,64,4,128,286474.0,bin_2
v1_1202,1.127110577216068,0.5689954278525707,1.6818051532609388,1.650635365396738,1.6594863897189498,1.6639756361255422,3607253606400.0,2097152,64,0.0050467560067772,128,64,4,256,286474.0,bin_1
v1_1203,1.1340187916107258,0.3035177053986578,1.214874302939279,1.164858963806182,1.1612815586850047,1.1803382751434883,13836677468160.0,16777216,64,0.0006176360184326,64,32,8,128,141578.0,bin_1
v1_1205,0.9506160190166502,0.696450325688421,1.0442958167986944,1.0069490880705416,1.0068774670362473,1.0193741239684944,13832880463872.0,134217728,32,0.0060736904852092,64,32,1,256,22634.0,bin_1
v1_1206,1.2434089150814795,0.3014008350555969,1.2527718047203962,1.208002577535808,1.2176077431067824,1.2261273751209956,456145778688.0,8388608,32,0.0130758909508585,128,16,2,128,10602.0,bin_0
v1_1207,1.1046155160689908,0.4939044029163077,1.6613795971497891,1.621660285629332,1.6273880917578936,1.6368093248456717,13873456459776.0,67108864,64,0.046203538775444,128,32,2,256,39626.0,bin_1
v1_1208,0.9465112879736962,0.4492323646371265,1.068112076849502,1.0256972243078053,1.0345647046342492,1.0427913352638525,55582635386880.0,268435456,16,0.0003641280345618,128,32,2,512,39626.0,bin_2
v1_1210,1.0409553675625995,0.3581134460777317,1.581808562623337,1.5546278255060315,1.557228752411902,1.56455504684709,3455926370304.0,16777216,256,0.0009140948532149,64,32,2,128,39626.0,bin_1
v1_1211,1.1161416349094544,0.5768078526411858,1.1964312893687747,1.1510504796169698,1.1558565674349666,1.1677794454735704,238270379760384.0,1073741824,256,0.0002554098027758,64,16,8,512,37002.0,bin_3
v1_1212,1.0872536957270256,0.5226226359619216,1.645888430881314,1.6039861692115664,1.6078021731227636,1.6192255910718814,231695313942528.0,1073741824,256,0.0076240417547523,64,16,8,256,37002.0,bin_3
v1_1214,1.1519890636768848,0.2884439458248982,1.3543388115940616,1.322593528777361,1.3254960575141013,1.3341427992951749,108780663619584.0,33554432,128,0.000100077362731,64,64,8,128,553482.0,bin_2
v1_1215,1.1495018419842615,0.4734864553435982,1.2746294474345632,1.23711526254192,1.2339332550764084,1.2485593216842972,55235795159040.0,33554432,64,0.0002007148868869,32,64,4,512,286474.0,bin_2
v1_1217,1.0814195881615074,0.5000174719460433,1.649833406205289,1.6071369899436831,1.610229107551277,1.6223998345667496,28388777822208.0,33554432,128,0.0103954980149865,32,32,8,256,141578.0,bin_2
v1_1219,0.9735654793807154,0.3494205767777196,2.170530248200521,2.165990700945258,2.1679686568677425,2.168163202004507,132704157696.0,4194304,256,0.0007706602336838,128,16,1,256,6202.0,bin_0
v1_1220,0.9378714322613048,0.6191556076198933,1.118238441165886,1.0650109481066463,1.0583253600634634,1.080524916445332,54191900553216.0,134217728,16,0.0066622742451727,64,64,1,128,86218.0,bin_2
v1_1222,1.041767698465972,0.3224787866454532,1.7501199515536427,1.732126785442233,1.7318260315805674,1.7380242561921475,8288689938432.0,8388608,256,0.0018256102921441,64,64,2,512,152970.0,bin_1
v1_1223,1.0003454525243651,0.4610750807834141,1.6686570586171,1.6305077634751797,1.6337068136781454,1.6442905452568084,512380631040.0,2097152,64,0.0202447474002838,64,16,8,128,37002.0,bin_0
v1_1224,0.8295418872715388,0.8027086722801009,0.9906885028431134,0.9545933911576868,0.9539109831675888,0.9663976257227964,436326611091456.0,1073741824,256,0.0049922973848879,64,64,1,256,86218.0,bin_3
v1_1225,1.3670032194557804,0.2584556884914027,1.181226461485494,1.1350445970892906,1.1415785197168589,1.1526165260972143,7481330181120.0,33554432,16,0.0019699318800121,64,16,8,512,37002.0,bin_1
v1_1226,1.1540486811758186,0.5868203775941871,1.191078305564588,1.1426392593421042,1.1461014938540757,1.1599396862535891,1812432138240.0,16777216,128,0.002902211388573,32,16,4,128,19402.0,bin_0
v1_1227,1.04487873482386,0.5,1.6536437671165911,1.6120891571044922,1.6117120422422886,1.625814988821124,109174839828480.0,33554432,16,0.0365179702639579,32,64,8,128,553482.0,bin_2
v1_1228,1.143164930085156,0.5388439140224855,1.6648457436822357,1.618892460130155,1.6254611751064658,1.636399792972952,109698917105664.0,33554432,16,0.0023506735451519,32,64,8,256,553482.0,bin_2
v1_1229,0.9808106080549972,0.5501299480942338,1.1750729626073737,1.0824072328396142,1.0772930891253054,1.111591094857431,30037438248960.0,536870912,256,0.0236537382006645,32,16,2,512,10602.0,bin_2
v1_1231,1.0590039251213026,0.5488489473489474,1.6469998699612916,1.606638479977846,1.6079732356593013,1.6205371951994796,227701300672512.0,1073741824,128,0.009167636744678,64,16,8,128,37002.0,bin_3
v1_1234,0.9852053638899362,0.3941830876354684,2.111792965559289,2.105843026190996,2.107684103772044,2.108440031840777,14959717461888.0,67108864,128,0.0003197589539922,128,16,8,512,37002.0,bin_1
v1_1236,1.3707486120119636,0.3484181515133895,1.2391553493216634,1.207245557103306,1.2073967098258436,1.217932538750271,7689952373760.0,134217728,256,0.0030588631052523,64,16,2,512,10602.0,bin_1
v1_1237,0.9662669539866928,0.7129256369732561,2.064280352089554,2.054252411238849,2.060475980862975,2.059669581397126,466393669632.0,1048576,256,0.0022873596753925,128,16,4,256,19402.0,bin_0
v1_1238,0.9700747421775068,0.451927350867827,1.1926272776036058,1.1160213416442275,1.1216156827285886,1.1434214339921407,7082930159616.0,33554432,64,0.0022341185249388,32,32,2,512,39626.0,bin_1
v1_1239,1.0755923985097005,0.5101182089515424,1.665258663590066,1.6183587554842234,1.619844287633896,1.6344872355693951,14314558436352.0,16777216,128,0.0135853821411728,32,32,8,512,141578.0,bin_1
v1_1242,0.9749599054784926,0.6333702708226517,1.073885621437512,1.0307328384369612,1.0308984676375983,1.0451723091706906,54352863338496.0,134217728,16,0.0003029248036909,64,64,1,256,86218.0,bin_2
v1_1243,0.938905576330592,0.6510355429403049,1.081534787932469,1.0179769359529018,1.011268604081124,1.0369267759888317,218057610473472.0,134217728,32,0.0005935084773227,64,64,4,512,286474.0,bin_2
v1_1244,0.9967755703131655,0.3457165347879634,1.6761987062636765,1.643256147392094,1.647164637222886,1.6555398302928854,7271039508480.0,33554432,128,0.0054680658504366,128,16,8,256,37002.0,bin_1
v1_1245,0.9667398777445716,0.6707082463391987,1.1566153383610072,1.0951016480103135,1.0905279158614576,1.1140816340775928,13544417697792.0,33554432,32,0.0001405443472322,64,64,1,128,86218.0,bin_1
v1_1246,0.9668123788303524,0.4139695925767354,1.862620766274631,1.847528981976211,1.845717966556549,1.851955904935797,291891394560.0,1048576,128,0.0063753095455467,64,32,1,512,22634.0,bin_0
v1_1247,1.091648138867324,0.7086302625945483,1.085757545173692,1.0321923401206732,1.0316881663165989,1.049879350536988,29105004232704.0,1073741824,128,0.0003805097949225,64,16,1,256,6202.0,bin_2
v1_1248,0.9710347412231598,0.6083862693743646,1.9677855735644696,1.9574341345578432,1.9639765257015824,1.963065411274632,3645310722048.0,8388608,64,0.0002564468886703,128,32,4,256,73610.0,bin_1
v1_1251,0.8224326241971744,0.7644516004277908,0.9880626596932416,0.9519378414843233,0.9510746807791292,0.963691727318898,221493323335680.0,536870912,16,0.0041145039722323,32,32,4,128,73610.0,bin_2
v1_1252,0.9678791374417428,0.657978391978392,1.162844017999305,1.0630992935039103,1.0502819688990712,1.0920750934674288,15021847775232.0,134217728,128,0.0063352715224027,32,16,4,512,19402.0,bin_1
v1_1253,0.956214132668102,0.6702991065372017,1.036427278035262,0.9943833802826704,0.9930591713637114,1.0079566098938813,216866533761024.0,536870912,32,0.00011575458484,64,64,1,128,86218.0,bin_2
v1_1254,0.981663366813232,0.480181186978806,1.9906820179894569,1.9809142788872125,1.9812554335221648,1.9842839101329448,3428405391360.0,1048576,128,0.0016584345139563,128,64,4,256,286474.0,bin_1
v1_1255,0.9504039456276754,0.5646525357358692,1.0187703644114663,0.9758340243715792,0.9769699922762812,0.9905247936864422,216922163023872.0,134217728,32,0.0014203711180016,64,64,4,128,286474.0,bin_2
v1_1256,1.1005130618341523,0.3530337281765852,1.6100014697294682,1.5738607915118337,1.5757618341594934,1.5865413651335984,720933126144.0,2097152,64,0.0058491774834692,128,32,2,256,39626.0,bin_0
v1_1257,0.9261607350454386,0.7102012053202529,1.0499685039540054,1.0037134415470064,1.0064538246951995,1.0200452567320706,109554033364992.0,536870912,128,0.0004869538242928,128,32,2,128,39626.0,bin_2
v1_1258,1.3732660304829338,0.6626383885074362,1.294505136931548,1.2439445797353983,1.2439271761104465,1.260792297592464,13737879158784.0,16777216,32,0.0083922632038593,32,64,2,512,152970.0,bin_1
v1_1259,0.9733966510074312,0.3495590494161922,2.1427562593016773,2.137314656749368,2.1395439729094505,2.1398716296534985,34478776320.0,1048576,64,0.0007770406082272,64,16,1,256,6202.0,bin_0
v1_1260,0.938994431829459,0.7957962822010441,1.0413649486654322,0.9481759315822272,0.944584263022989,0.9780417144235496,438201452912640.0,134217728,16,0.0004868033865932,32,64,8,256,553482.0,bin_3
v1_1261,1.0394744210118612,0.2998846462179795,1.3018813888193108,1.274349351413548,1.278908287640661,1.285046342624507,3767733731328.0,8388608,128,0.0015030994545668,128,64,1,128,86218.0,bin_1
v1_1262,1.0619221738011662,0.5355375757399566,1.4526975308544934,1.4283419894054532,1.4321408523246646,1.437726790861537,14614375302144.0,134217728,64,0.0002123235317412,128,16,4,256,19402.0,bin_1
v1_1263,0.9894688568490468,0.3455218427956523,1.8583041247911751,1.843469719402492,1.8473135568201544,1.8496958003379405,467718666240.0,16777216,32,0.0007464464288204,128,16,1,512,6202.0,bin_0
v1_1264,0.977877427742385,0.5813971799805132,1.1505415981373517,1.0716235470026731,1.0597335281781852,1.0939662244394033,29203636267008.0,268435456,256,0.0006026016781106,32,16,4,256,19402.0,bin_2
v1_1265,0.975369568240915,0.4026588045992808,2.2352649541571736,2.233208695426584,2.231643922626972,2.233372524070243,516684312576.0,8388608,256,0.0003293336194474,128,16,2,128,10602.0,bin_0
v1_1266,1.1230654602770518,0.3474350451136165,1.4839478614740074,1.4540993804112077,1.459612631238997,1.4658866243747373,1982797602816.0,67108864,256,0.0028505446389317,64,16,1,512,6202.0,bin_1
v1_1267,1.0908315949324552,0.3687592975807261,1.683548195869662,1.6387900258414447,1.645163057371974,1.6558337596943602,3444775501824.0,4194304,32,0.0180706735700368,32,64,2,512,152970.0,bin_1
v1_1268,0.9972858613733409,0.532029278922136,1.0812725356954616,1.0339233907870948,1.0372197669930756,1.050805231158544,110204337480192.0,134217728,64,0.0020111659541726,128,32,8,256,141578.0,bin_2
v1_1272,0.9242755186085622,0.6941514728657586,1.0976962198037654,1.0135585465468466,0.9916964489966632,1.034317071782425,15026542663680.0,268435456,16,0.0011886555003002,32,16,2,512,10602.0,bin_1
v1_1274,1.1108112440364823,0.3996691509548652,1.7598058155272156,1.7324847290292382,1.7423910908401012,1.7448938784655184,8165163347328.0,33554432,128,0.0038104960694909,128,16,8,512,37002.0,bin_1
v1_1275,1.0770771242896326,0.3900144308953832,1.864154023118317,1.8449033508077264,1.8528710007667544,1.8539761248975992,1993592812032.0,8388608,128,0.0061765341088175,128,16,8,256,37002.0,bin_1
v1_1276,1.096336894621084,0.5225629062295729,1.6465770252980292,1.6098849773406982,1.614953844808042,1.6238052824822564,28267845703680.0,33554432,64,0.036278873682022,64,32,8,512,141578.0,bin_2
v1_1277,1.083728934341753,0.3120661190661191,1.320328031491954,1.2873017429374158,1.288528413511813,1.2987193959803942,27874281136128.0,268435456,256,0.0001355635904474,64,32,1,256,22634.0,bin_2
v1_1278,1.0332709873289805,0.4839436443186444,1.6514610422309488,1.6108560618013144,1.612791981548071,1.6250363618601114,28792756979712.0,33554432,256,0.0102618532255291,64,32,8,256,141578.0,bin_2
v1_1279,1.0163728310338267,0.3928948388472197,2.0042817366775125,1.9929565591737628,1.997094636783004,1.99811097754476,2086473916800.0,8388608,64,0.003197694895789,128,16,8,512,37002.0,bin_1
v1_1280,1.1447931837192182,0.3267591511222463,1.7023131657624615,1.6644787322729826,1.6780344508588314,1.6816087829647586,1210257838080.0,1048576,256,0.0143410814926028,32,32,8,128,141578.0,bin_0
v1_1281,1.010308335387012,0.3940890780295541,2.292644311208278,2.29456708021462,2.294089706614613,2.2937670326791704,978540969216.0,2097152,128,0.0105398669838905,128,16,8,512,37002.0,bin_0
v1_1282,1.126357038918959,0.5190018455970836,1.1891324099851772,1.141774907708168,1.140738167334348,1.1572151616758977,447309459456.0,8388608,16,0.0017031697789207,64,16,2,128,10602.0,bin_0
v1_1283,1.1091846522761564,0.3586334058357868,1.7251356339547783,1.6955155339092016,1.7039028089493513,1.7081846589377772,1912308238848.0,8388608,32,0.0018954597180709,128,16,8,256,37002.0,bin_0
v1_1284,1.0699507053129251,0.5011111111111112,1.649947580997832,1.608270300552249,1.6103259455412626,1.6228479423637812,1719097131055104.0,536870912,32,0.0102089568972587,128,64,8,128,553482.0,bin_3
v1_1286,1.0596938002943206,0.5559414800367182,1.6809128569439054,1.654558771289885,1.6576447924599051,1.664372140231232,889219282944.0,4194304,16,0.0430917590856552,64,32,2,512,39626.0,bin_0
v1_1288,1.1115207427415006,0.3920952019761544,1.7536768086720258,1.7255876138806343,1.7358553633093834,1.7383732619540144,3771463085568.0,16777216,256,0.0057057831436395,32,16,8,512,37002.0,bin_1
v1_1289,0.9744538020751228,0.3962681071133451,1.881803560303524,1.8673126958310604,1.8686587633565068,1.872591673163697,1811271054336.0,33554432,32,0.0001779224257916,128,16,2,256,10602.0,bin_0
v1_1290,0.9856019583492612,0.4165354574878383,1.931234903400764,1.9187276251614087,1.9234213577583432,1.924461295440172,15507924839424.0,16777216,256,0.0043422668240964,128,32,8,512,141578.0,bin_1
v1_1291,1.079754559203859,0.3723690584107251,1.6618462909245864,1.6195374680683017,1.6197092328220606,1.6336976639383165,15141569347584.0,16777216,256,0.0083650788292288,128,32,8,128,141578.0,bin_1
v1_1292,1.0070061650723852,0.5027083502916836,1.6626226108055562,1.6266641477122905,1.6280479775741696,1.6391115786973387,216948590174208.0,67108864,32,0.0430737026035785,64,64,8,256,553482.0,bin_2
v1_1293,0.9870705927113376,0.7186832277070371,1.0503253297138144,1.0108286859467626,1.0117452680133283,1.0242997612246352,14338768011264.0,536870912,32,0.0002721225318964,64,16,1,128,6202.0,bin_1
v1_1294,1.092151641562488,0.5010470823268443,1.6501191159477455,1.60688138846308,1.609824993647635,1.622275166019487,438487176109056.0,134217728,256,0.0064827934838831,128,64,8,256,553482.0,bin_3
v1_1296,1.1134034584681902,0.3499103242436576,1.6580015280051157,1.611272757872939,1.614286337979138,1.627853541285731,1877047406592.0,8388608,64,0.0047783753834664,32,16,8,256,37002.0,bin_0
v1_1297,1.0006502422556225,0.6834528073337597,1.369138962123543,1.3108002175576985,1.2828457136638465,1.3209282977816958,13969744699392.0,33554432,256,0.0092922942712903,32,32,4,128,73610.0,bin_1
v1_1299,1.5492251532966492,0.3671968648635315,1.4307442033605184,1.3911876222118735,1.393001580610871,1.4049778020610877,3795270623232.0,8388608,128,0.0096515342593193,64,64,1,256,86218.0,bin_1
v1_1300,1.0765533411730646,0.5,1.6478531388565898,1.6060860054567456,1.6083099339157343,1.6207496927430232,439592148664320.0,1073741824,32,0.0243695862591266,32,64,1,128,86218.0,bin_3
v1_1302,0.9685170321700026,0.6706826150040435,1.8877928389701992,1.8713869797065847,1.877205343917012,1.8787950541979324,3735092471808.0,33554432,128,0.0002123818558175,64,16,4,256,19402.0,bin_1
v1_1303,1.1683521129664165,0.3602810073524358,1.7241189250489697,1.6711398060433569,1.6782339420169592,1.6911642243697618,14220449452032.0,8388608,256,0.0076385862194001,32,64,4,256,286474.0,bin_1
v1_1305,0.9523771703230433,0.7264016851754946,1.1837537912942937,1.0771987801417708,1.0506393774412572,1.1038639829591073,55185912152064.0,67108864,64,0.000677614705637,32,64,2,512,152970.0,bin_2
v1_1306,1.0789784336267638,0.3085675043651233,1.3835807823343202,1.355958653613925,1.3776286505162716,1.3723893621548389,14026634741760.0,134217728,64,0.0304022133350372,128,32,1,512,22634.0,bin_1
v1_1307,1.0314363029266873,0.5282169959669959,1.6565642815548929,1.6223958991467953,1.623164159245789,1.634041446649159,27660622417920.0,67108864,16,0.0074771428480744,32,32,4,128,73610.0,bin_2
v1_1310,0.9972874178519796,0.584915354486783,1.9194043891038743,1.905247075483203,1.9100692756474016,1.91157358007816,2364602707968.0,4194304,256,0.0015349783934652,32,32,4,512,73610.0,bin_1
v1_1311,1.0297249867133365,0.4054701044105805,1.8684010298457,1.851353019475937,1.8545489320531487,1.858100993791595,7566596702208.0,33554432,64,0.000314132485073,32,16,8,512,37002.0,bin_1
v1_1312,0.9789403599422762,0.3455680681752109,1.972510124091059,1.961714562959969,1.9654256803914905,1.9665501224808395,1925965099008.0,67108864,128,0.0001418725587427,32,16,1,512,6202.0,bin_0
v1_1313,1.194050715118202,0.5909271033199605,1.2388949927408248,1.2002563122659922,1.2040345626883209,1.2143952892317127,28965146201088.0,134217728,32,0.0001101689122151,64,16,8,256,37002.0,bin_2
v1_1314,1.2290949934599646,0.5429297232749614,1.2350858975260053,1.1846009311266243,1.1747780577279627,1.198154962126864,28318430871552.0,16777216,256,0.0005835610209032,32,64,4,128,286474.0,bin_2
v1_1315,0.9744972323139406,0.387929789346456,1.9790981996338808,1.969845663756132,1.971200224943459,1.9733813627778245,7533958471680.0,8388608,256,0.0003607892722357,128,64,2,128,152970.0,bin_1
v1_1317,1.0284331106539577,0.3668664479259717,1.7146430951543152,1.6921901451423764,1.693989733234048,1.7002743245102463,3632508966912.0,1048576,16,0.0003803552244789,128,64,8,128,553482.0,bin_1
v1_1318,1.0521593574251489,0.3175908214360595,1.1541912165557733,1.0944697526283562,1.0953269749879837,1.1146626480573711,216550935653376.0,67108864,32,0.0005715119768865,128,64,8,512,553482.0,bin_2
v1_1319,1.041522038826144,0.4474914450628737,1.2564498999563511,1.2263927101157606,1.2985684759914875,1.2604703620211997,6814734729216.0,16777216,64,0.0141092948615551,64,64,1,128,86218.0,bin_1
v1_1320,1.1755115177067808,0.3021573360501932,1.1703598056919873,1.1257145199924707,1.1286399299278855,1.141571418537448,121176242202240.0,536870912,256,0.0025623848196119,128,16,8,512,37002.0,bin_2
v1_1322,0.9361609469827226,0.600603786425215,1.0605392545112409,1.0142973782494664,1.015722829848528,1.0301864875364115,440071695759360.0,1073741824,128,0.0001894854212878,128,32,4,256,73610.0,bin_3
v1_1323,0.9404067725347748,0.7220882102905911,1.0050833332607,0.9578233598731458,0.9577810866758228,0.9735625932698896,57951296016384.0,1073741824,64,0.0051806289702653,64,16,2,256,10602.0,bin_2
v1_1324,0.9581842446036908,0.6515549728049729,1.079342986944539,1.0340834222733974,1.029767734464258,1.047731381227398,110235662303232.0,268435456,128,0.0002282513451064,32,64,1,256,86218.0,bin_2
v1_1326,1.0608881161074917,0.4953025123025122,1.67069443652872,1.6321149757131934,1.630733484402299,1.644514298881404,7484932638720.0,33554432,32,0.0193158667534589,128,16,8,512,37002.0,bin_1
v1_1327,1.0726357368540709,0.5022696747696748,1.652098945225589,1.6086215395480394,1.6098286751657724,1.623516386646467,866034355359744.0,268435456,128,0.0211286507546901,64,64,8,128,553482.0,bin_3
v1_1328,1.0615493818905868,0.638565824387253,1.1415162890261854,1.07231080904603,1.063708940986544,1.0925120130195864,13906485669888.0,67108864,64,0.004428269341588,64,32,2,256,39626.0,bin_1
v1_1329,1.319610756597516,0.333310861537052,1.158258470968576,1.0952108325436711,1.0992839061655104,1.1175844032259192,30130438450176.0,268435456,256,0.0068863751366734,64,16,4,512,19402.0,bin_2
v1_1330,1.6128736141557103,0.3544878886545552,1.2608055588207208,1.234316837973893,1.2326142843812704,1.2425788937252946,991272204288.0,33554432,128,0.007621940691024,64,16,1,512,6202.0,bin_0
v1_1331,0.9764367740827424,0.4029191615263044,2.242246470414102,2.2403884399682283,2.238691233098507,2.240442047826946,243836915712.0,4194304,128,0.0001695081446086,64,16,2,128,10602.0,bin_0
v1_1332,0.9469525953310052,0.618177704130085,1.1290751613269094,1.048164905514568,1.0355981714092195,1.070946079416899,14988530632704.0,134217728,32,0.0005051963962614,32,16,4,512,19402.0,bin_1
v1_1333,1.047380554266696,0.5488394788632883,1.718087271321565,1.6930188117548823,1.697724387049675,1.7029434900420408,8716066897920.0,4194304,256,0.0035122570116072,64,64,4,256,286474.0,bin_1
v1_1334,1.0066833354468754,0.3375523250999442,1.723407803568989,1.702906516380608,1.7072962438687682,1.7112035212727883,887718801408.0,4194304,16,0.0014811931177973,128,32,2,512,39626.0,bin_0
v1_1335,0.9324232818525032,0.7064723807938093,1.0907956070732323,0.9895682246424258,0.9676816542632878,1.016015161992982,439021564723200.0,536870912,256,0.0004654409131035,32,64,2,256,152970.0,bin_3
v1_1336,1.0531877062030055,0.5078353432282003,1.6486833650851622,1.6088191848248243,1.610264510847628,1.6225890202525382,29244814222848.0,134217728,256,0.0346864126622676,128,16,8,256,37002.0,bin_2
v1_1338,0.3482858071177928,0.9768523522333048,0.9603147564739628,0.8949401178397238,0.8942316491156816,0.9164955078097896,877660774195200.0,536870912,16,0.0008181645534932,32,64,4,512,286474.0,bin_3
v1_1340,1.2949057327878255,0.5880244420482515,1.773737599258311,1.721551536116749,1.7382630091160536,1.7445173814970378,7457429342208.0,4194304,64,0.0095942420884966,128,64,4,512,286474.0,bin_1
v1_1341,0.9919590119559208,0.5691365239698573,1.723194238031283,1.7054513208568096,1.7056629471480846,1.7114361686787258,3525365293056.0,33554432,128,0.0003067046345677,32,32,1,512,22634.0,bin_1
v1_1342,1.044492027158145,0.3989080139437282,1.786825813818723,1.7640530252829194,1.770323677919805,1.7737341723404825,231105552384.0,1048576,16,0.0015833496581763,64,16,8,128,37002.0,bin_0
v1_1345,1.1913742670534424,0.3853470550613407,1.7262161654653028,1.6905746972188354,1.7039072811603546,1.7068993812814977,2223688212480.0,8388608,256,0.0089701330289244,128,16,8,128,37002.0,bin_1
v1_1347,0.9789691287456264,0.3938661175684985,2.136346382088959,2.131393948569894,2.132497724145651,2.1334126849348345,8346254138496.0,33554432,128,0.0005269440589472,128,16,8,512,37002.0,bin_1
v1_1348,1.0239601575475965,0.5434935721245244,1.136996285626083,1.0766292880289257,1.0767710423097014,1.096798871988237,29806334261760.0,268435456,64,0.000481498253066,64,16,4,512,19402.0,bin_2
v1_1350,0.9623064693675812,0.5856564973826878,1.1295975493485455,1.010594048537314,0.9723257264122368,1.037505774766032,443449914310656.0,1073741824,256,0.0001315861009061,32,32,4,128,73610.0,bin_3
v1_1351,1.1607081845053375,0.4078335280240042,1.2356792681093791,1.1829265323467553,1.1764326263219118,1.1983461422593489,909485506560.0,8388608,256,0.0104900784790515,64,32,1,128,22634.0,bin_0
v1_1352,1.086806152658439,0.4137485715342858,1.6882276182295757,1.6457352312281728,1.6553225312381985,1.663095126898649,473772367872.0,4194304,256,0.0067407297901809,64,16,4,128,19402.0,bin_0
v1_1353,1.1212611044490504,0.3929153324629515,1.1725540754850954,1.1258407072164118,1.132510632276535,1.1436351383260142,3579285851136.0,67108864,16,0.000301185180433,128,16,2,128,10602.0,bin_1
v1_1354,1.0609198775080335,0.4774678172356743,1.650312758749351,1.6147406864911318,1.618156861513853,1.627736768918112,108369303278592.0,33554432,64,0.0392496585845947,128,64,8,256,553482.0,bin_2
v1_1355,0.9691996131017278,0.4160500370440847,1.841469780774787,1.8220286164432764,1.818646978586912,1.827381791934992,539390005248.0,4194304,128,0.0425112470984458,128,16,4,128,19402.0,bin_0
v1_1356,1.021871755077578,0.3622579845198893,1.073359553862247,1.0195674407295885,1.02034275745973,1.0377565840171885,432252061782528.0,134217728,16,0.0007171819452196,128,64,8,512,553482.0,bin_3
v1_1358,1.006156764437927,0.3469549929788025,1.7546461678575724,1.7365036737173796,1.741925767622888,1.74435853639928,7489018570752.0,268435456,128,0.0001289937499677,64,16,1,512,6202.0,bin_1
v1_1359,1.088173542588356,0.549841288781765,1.1335826365248067,1.0848628785461187,1.0844600978307426,1.1009685376338894,13845401382912.0,33554432,16,0.0088733034208416,32,64,1,256,86218.0,bin_1
v1_1360,0.9595895352373705,0.6878656682823351,1.1249371142475866,1.0744511452503502,1.0779194636270404,1.0924359077083257,13813191081984.0,134217728,128,0.001596612855792,128,32,1,256,22634.0,bin_1
v1_1362,0.9477524283841032,0.4614845529250291,1.1811839973233873,1.0694161471910777,1.035959789995104,1.0955199781698564,13903629361152.0,33554432,128,0.0028417299035936,32,32,4,128,73610.0,bin_1
v1_1363,1.307414474317757,0.3933586003943146,1.3329161197179928,1.287514717783779,1.2823315202258527,1.3009207859092082,3469217341440.0,33554432,256,0.0269711632281541,64,32,1,128,22634.0,bin_1
v1_1364,1.0547484622238936,0.347050052681005,1.7473768396303058,1.725843827240169,1.7333572451025248,1.7355259706576665,60157631969280.0,16777216,128,0.0005369749269448,128,64,8,512,553482.0,bin_2
v1_1367,0.9548442255071532,0.6310656600894696,1.0526538170306594,1.0080102193169296,1.011114816647023,1.023926284331537,864169661896704.0,536870912,128,0.0023378264158964,128,64,4,512,286474.0,bin_3
v1_1369,1.1522193476557694,0.4474032647246933,1.2319510742090642,1.191765473689884,1.1967668356373906,1.2068277945121129,220707930347520.0,134217728,256,0.0004038425104226,128,64,4,256,286474.0,bin_2
v1_1370,1.2241220916002904,0.3661269673888721,1.5602280668681487,1.528459177352488,1.5332820871844888,1.5406564438017083,1674168864768.0,4194304,64,0.0038641921710222,128,64,1,512,86218.0,bin_0
v1_1371,1.1091058569207737,0.36201535435464,1.6586326354881749,1.612541186157614,1.6155989840626717,1.628924268569487,3799424372736.0,33554432,128,0.0096568977460265,64,16,4,512,19402.0,bin_1
v1_1372,0.9351890739684564,0.6958926919641204,1.0793902921577685,1.0175376762636006,1.014687575865537,1.037205181428969,27495560945664.0,134217728,128,0.001102470094338,64,32,2,128,39626.0,bin_2
v1_1374,1.128419154838182,0.3677274894417752,1.4754503574222326,1.4358007805421948,1.4505154490470886,1.4539221956705053,14574610897920.0,268435456,128,0.0403431802988052,128,16,2,256,10602.0,bin_1
v1_1375,1.12115279591712,0.5730207424850282,1.2993935662088916,1.2559222225099802,1.2662351452745495,1.2738503113311406,225175120896.0,8388608,16,0.0390228107571601,32,16,1,128,6202.0,bin_0
v1_1376,0.9823657360507866,0.5136842271485128,1.829529185313732,1.8097295816987755,1.814766644500196,1.8180084705042343,1203341174784.0,8388608,256,0.0026020302902907,32,16,4,512,19402.0,bin_0
v1_1377,0.9537942268980206,0.6731345149559435,1.036779161877348,0.9963669190183282,0.999821612611413,1.0109892311690298,27698332151808.0,268435456,16,0.0004654810763895,64,32,1,256,22634.0,bin_2
v1_1378,0.9468461557277552,0.5278642737333213,0.998117776820436,0.958662774413824,0.9597456096671522,0.9721753869671376,873616728244224.0,268435456,128,0.0017629127250984,32,64,8,128,553482.0,bin_3
v1_1380,1.0996446023024802,0.3478134193848479,1.549860464525409,1.525791366584599,1.5302351377904415,1.53529565630015,29040369137664.0,134217728,128,0.0002322283835383,64,16,8,256,37002.0,bin_2
v1_1381,0.9535147476236082,0.6287441156726871,2.135402028914541,2.132299076765776,2.136812500655651,2.134837868778656,3816726687744.0,8388608,256,0.0003322066913824,128,32,4,256,73610.0,bin_1
v1_1383,0.9895625721133294,0.5080692354382831,1.819811267312616,1.8029630417004228,1.8057001428678632,1.809491483960301,3826013466624.0,2097152,32,0.0002520192647352,128,64,4,128,286474.0,bin_1
v1_1384,1.0232334236141232,0.537981599088742,1.8750035930424929,1.8603348666802049,1.86486447416246,1.8667343112950523,493780982784.0,1048576,32,0.0021303270477801,64,32,4,512,73610.0,bin_0
v1_1385,1.0911415837733822,0.5618795697248078,1.4235633977223188,1.3983338801190257,1.4033543951809406,1.4084172243407618,30160419710976.0,268435456,256,0.0004903419176116,64,16,4,512,19402.0,bin_2
v1_1386,1.0690782015350495,0.5,1.653448249795474,1.6100382981821897,1.6107282722368836,1.624738273404849,228800268343296.0,1073741824,16,0.0311438459903001,32,16,8,128,37002.0,bin_3
v1_1387,1.0310282870644012,0.5424777541682303,1.2395319998904597,1.1837395504117012,1.1730834431946278,1.1987849978322629,913860734976.0,8388608,64,0.0140138622373342,64,32,1,256,22634.0,bin_0
v1_1389,1.0068540819561047,0.3946573510263987,2.263461933005601,2.263957178220153,2.2634321097284555,2.263617073651403,390400558080.0,1048576,128,0.0054564517922699,128,16,8,256,37002.0,bin_0
v1_1391,0.9803071441549284,0.3933396206967635,2.329947863239795,2.331358850002289,2.3321079462766647,2.3311382198395827,467074034688.0,1048576,128,0.0001851212437031,128,16,8,128,37002.0,bin_0
v1_1392,1.016675472115237,0.4765806569973236,1.6678296870086342,1.6342444168403745,1.634694474749267,1.6455895261994251,3623363174400.0,16777216,128,0.0486975200474262,64,16,8,256,37002.0,bin_1
v1_1393,0.989724424927827,0.3933408421384611,2.2403575819917023,2.239570952951908,2.239878434687853,2.239935656543821,1028588207616.0,2097152,128,0.0019313426455482,128,16,8,512,37002.0,bin_0
v1_1394,0.9640991296805812,0.6071964362797697,1.9818358421325684,1.971143752336502,1.9717256147414448,1.974901736403505,129841821696.0,1048576,256,0.0153182484209537,64,16,4,128,19402.0,bin_0
v1_1395,3.481748589061466,0.3430579156293441,2.286934515046596,2.2915556505322456,2.217901026830077,2.265463730802973,119819182080.0,1048576,64,0.0316611975431442,64,32,1,128,22634.0,bin_0
v1_1397,1.278477451170262,0.4309548392524582,1.239535575179616,1.209023610688746,1.2066547577269375,1.2184046478650998,3623527471104.0,4194304,32,0.0030726778786629,128,64,2,256,152970.0,bin_1
v1_1399,1.0523593705111245,0.3509791205267396,1.7620797322597357,1.7412191750481725,1.7490439778193831,1.750780961709097,13725166006272.0,4194304,256,0.0007348633371293,32,64,8,256,553482.0,bin_1
v1_1401,0.8774460410690595,0.8428331663926901,0.9863778847720824,0.9438845464028418,0.945960602723062,0.9587410112993288,874369163443200.0,1073741824,64,0.0004160102980677,128,32,8,128,141578.0,bin_3
v1_1402,1.0625380765795298,0.4777489331655997,1.654101342544891,1.610567939467728,1.611966071650386,1.6255451178876683,228709241306112.0,1073741824,128,0.0162744279950857,128,16,8,128,37002.0,bin_3
v1_1404,1.163668192058288,0.3595863686577972,1.328531526552979,1.2792636551894248,1.2903656661510468,1.2993869492978167,3633658822656.0,4194304,32,0.0067958659492433,128,64,2,128,152970.0,bin_1
v1_1405,1.0792635524226917,0.5630553985256367,1.6587066993815824,1.6124798860400915,1.6114397030323744,1.6275420961513494,27958249973760.0,268435456,32,0.0378231965005397,64,32,1,512,22634.0,bin_2
v1_1406,0.9554705493956974,0.6810862955386764,1.0378791949988226,0.9605861890595406,0.9513669456355274,0.9832774432312968,113836934768640.0,1073741824,64,0.0005792748997919,64,16,4,128,19402.0,bin_2
v1_1407,0.9508461834786276,0.6757242488552012,1.0115598144839169,0.952350641367957,0.9511134144850076,0.9716746234456272,60142907025408.0,1073741824,64,0.0032175539527088,32,16,2,512,10602.0,bin_2
v1_1409,1.0480755429632256,0.4405030014077633,1.3370101948967203,1.215864973142743,1.1630518101155758,1.2386423260516797,3465617608704.0,8388608,16,0.0041926372796297,64,32,4,256,73610.0,bin_1
v1_1410,0.9441100493470542,0.6736002687788402,1.1243862793817243,0.9985330807976424,0.9594063111580908,1.0274418904458191,112030932695040.0,268435456,16,0.0004996029310859,32,32,4,512,73610.0,bin_2
v1_1411,0.9613032739369158,0.4062122498312974,1.13548112562421,1.0454833409748971,1.0282597071491182,1.0697413912494085,27799242141696.0,67108864,128,0.0012526975478976,32,32,4,256,73610.0,bin_2
v1_1412,1.0824316481769156,0.4982157102157102,1.646860902197659,1.6047546593472362,1.6084258323535323,1.6200137979661424,13806960427008.0,33554432,32,0.0304504390805959,32,32,4,256,73610.0,bin_1
v1_1413,0.9980630963028916,0.4390188523998047,1.7639340322930366,1.7377261072397232,1.7440872322767973,1.7485824572698525,130796967936.0,1048576,128,0.0086344759911298,64,16,4,128,19402.0,bin_0
v1_1414,0.987647971777712,0.3934517127493317,2.225854492746293,2.2242052890360355,2.224463315680623,2.224841032487651,599913424896.0,2097152,256,0.0010324987815693,64,16,8,128,37002.0,bin_0
v1_1415,0.9262489296931528,0.7692835718073813,1.0867945139616495,1.0385812548920512,1.0411953567527237,1.0555237085354747,13715918401536.0,134217728,16,0.0003538126475177,128,32,1,128,22634.0,bin_1
v1_1417,0.938127163939066,0.7351230762183144,1.0337513259946718,0.97367890086025,0.9702335088513792,0.9925545785687668,219654198190080.0,1073741824,256,0.0007156474166549,64,32,2,128,39626.0,bin_2
v1_1418,0.9541901426806362,0.5919340500769072,2.206662314943969,2.2053795270621777,2.205464538186789,2.205835460064312,125961879552.0,1048576,128,0.0011120183626189,128,32,1,128,22634.0,bin_0
v1_1419,1.1187893557045625,0.3482581911034292,1.425797013216652,1.3978622718714178,1.4002629313617945,1.4079740721499547,458098888704.0,16777216,256,0.0033191805705428,64,16,1,128,6202.0,bin_0
v1_1420,0.9669116356917384,0.5293983481245386,1.1278037966694685,1.0472979727201164,1.034126174170524,1.0697426478533696,27880712429568.0,67108864,64,0.0004758178256452,32,32,4,256,73610.0,bin_2
v1_1421,1.1136669479968395,0.3247734095710285,1.41779551806394,1.389899973757565,1.3938040882349014,1.400499860018802,28178201726976.0,8388608,128,0.0004234474035911,64,64,8,128,553482.0,bin_2
v1_1422,1.1657173227801418,0.6700030980923838,1.9674666746286675,1.898025061003864,1.9172462103888392,1.9275793153404568,3642478402560.0,16777216,64,0.0439079664647579,128,32,2,512,39626.0,bin_1
v1_1423,1.143435759239095,0.4991677890011223,1.6562659888295457,1.6125958720222116,1.6166596487164495,1.628507169856069,13648675740672.0,16777216,16,0.0181917119771242,128,32,8,256,141578.0,bin_1
v1_1424,0.9670992400769126,0.716922470386756,2.0497908529359847,2.03912238124758,2.04605036880821,2.044987867663925,454708411392.0,4194304,16,0.0001062706069205,32,16,4,512,19402.0,bin_0
v1_1425,0.9751384951335804,0.4960109427609427,2.01143614249304,2.0033526066690683,2.0097233029082417,2.0081706840234497,7359130859520.0,4194304,32,0.0001237245596712,64,64,4,512,286474.0,bin_1
v1_1427,0.9745269242817132,0.4224653234772282,1.1093794268963393,1.0708919069729743,1.0632161675021052,1.0811625004571397,215520572497920.0,536870912,32,0.0107811419293284,128,64,1,128,86218.0,bin_2
v1_1428,1.0817162086195071,0.6255512543012544,1.658442007843405,1.616676009260118,1.620285291224718,1.6318011027760804,1019619778560.0,8388608,64,0.0218981020152568,32,16,4,512,19402.0,bin_0
v1_1429,0.9793657728934644,0.4554147776826348,1.4230768280103805,1.3098247833549976,1.282671713270247,1.3385244415452082,218707613761536.0,67108864,32,0.0023240707814693,32,64,8,256,553482.0,bin_2
v1_1432,1.0092717501629755,0.3456358645763407,1.94848121679388,1.9402126027271152,1.943262964487076,1.943985594669357,3821503868928.0,8388608,256,0.0007574611809104,64,64,1,512,86218.0,bin_1
v1_1436,0.9680902923502456,0.308040868302773,1.1206724476796808,1.0606321929953992,1.0646671848371625,1.081990608504081,7137159376896.0,33554432,16,0.0047080144286155,64,16,8,128,37002.0,bin_1
v1_1437,1.0546197286077073,0.4876675231734755,1.6660620941547677,1.6204842189326882,1.621629503555596,1.636058605547684,28196029630464.0,33554432,256,0.0263925977051258,32,32,8,256,141578.0,bin_2
v1_1438,0.9613097693463168,0.3195520026710503,1.3007829858688638,1.2533582947216928,1.2571020615287123,1.2704144473730896,27260945276928.0,67108864,64,0.011822341941297,128,64,1,128,86218.0,bin_2
v1_1439,1.1193762617448548,0.5037513597513598,1.696641968912445,1.6428664289414885,1.6412045555189252,1.6602376511242862,109488832757760.0,33554432,32,0.0316510535776615,32,64,8,256,553482.0,bin_2
v1_1441,1.0567285108410178,0.4547209633400109,1.7995589633937925,1.7794848699122667,1.7885183794423938,1.7891874042494844,7969917755136.0,1048576,64,0.0113740870729088,128,64,8,512,553482.0,bin_1
v1_1442,0.9582529209178792,0.5917958307124973,2.347491316962987,2.347772680222988,2.3453223947435617,2.346862130643179,7307309481984.0,4194304,256,0.0003724445123225,128,64,2,512,152970.0,bin_1
v1_1443,0.9960764956894618,0.6129620084501036,1.9076908042188727,1.893176288343966,1.8985034804791208,1.899790191013987,7622171824128.0,16777216,256,0.0007390542305074,128,32,4,256,73610.0,bin_1
v1_1444,1.1158320153682606,0.3465116030354125,1.6949969416018575,1.6522478344850242,1.6514381356537342,1.666227637246872,1932376467456.0,8388608,64,0.0209755450487136,128,32,2,256,39626.0,bin_1
v1_1445,1.5675989121033016,0.3704111501373406,2.147746317907149,2.101443184539676,2.007056074216962,2.0854151922212623,113466187776.0,1048576,64,0.0310634598135948,64,32,1,128,22634.0,bin_0
v1_1446,1.3190803216982327,0.3481775235346663,1.808786464331206,1.764040499459952,1.7726848274469376,1.7818372637460318,69607895040.0,2097152,256,0.0389433987438678,32,16,1,128,6202.0,bin_0
v1_1448,1.1119849001365056,0.3463268182434849,1.545226657181047,1.5116197057068348,1.5186250992119312,1.525157154033271,33669040128.0,1048576,32,0.005630356259644,32,16,1,256,6202.0,bin_0
v1_1449,1.1217337017101894,0.3131759695331124,1.4182526605436578,1.3909024796448648,1.3911228412762284,1.4000926604882504,56050899737088.0,67108864,64,0.000273772602668,64,32,8,512,141578.0,bin_2
v1_1450,1.0072642751945606,0.3376264850669612,1.8343563580419868,1.818685756064952,1.817352082580328,1.823464732229089,1736289546240.0,2097152,128,0.0088758049532771,64,64,2,512,152970.0,bin_0
v1_1452,0.9482079646647582,0.5935805997353616,1.0621746847464235,1.0015314347110689,0.9941144618205726,1.0192735270926885,28034805829632.0,134217728,32,0.0037005187477916,32,32,2,512,39626.0,bin_2
v1_1453,1.094743455425695,0.2977571335190382,1.1868666352820585,1.140789978671819,1.146071414928883,1.1579093429609202,108329645629440.0,268435456,128,0.0001225909218192,128,64,1,256,86218.0,bin_2
v1_1454,0.9727578975835244,0.6854066845852561,1.0315060738757893,0.9927360306028276,0.9951125029474496,1.006451535808689,14370427404288.0,536870912,128,0.0075033442117273,64,16,1,128,6202.0,bin_1
v1_1455,1.121372300241109,0.4767110266276932,1.6684802473755551,1.6281471345573664,1.6325923139229417,1.6430732319519543,7170740419584.0,8388608,32,0.0167891848832368,32,32,8,512,141578.0,bin_1
v1_1456,1.2082216058988884,0.4747248901891758,1.75440431968309,1.7053084969520569,1.7151333475485444,1.7249487213945638,1393920513024.0,1048576,64,0.0344100780785083,64,32,8,256,141578.0,bin_0
v1_1457,0.9862309920602538,0.4170282768378006,1.0206007341039367,0.9731092795263976,0.9734620884992182,0.9890573673765176,15141265661952.0,536870912,32,0.0045559434220194,32,16,1,512,6202.0,bin_1
v1_1458,1.1855450865775323,0.3479287947502233,1.2886489953380078,1.2548321993090212,1.253669218625873,1.2657168044243008,447535804416.0,8388608,32,0.0004985553096048,32,16,2,128,10602.0,bin_0
v1_1460,0.970605187445457,0.3981696130148509,1.9612037451006472,1.949853830970824,1.951113567687571,1.9540570479196808,3589125697536.0,67108864,256,0.0001419645850546,64,16,2,128,10602.0,bin_1
v1_1461,0.9597956703998493,0.3478743698981794,1.13593241066701,1.0420813816599548,1.0209939302876592,1.066335907538208,882543399247872.0,268435456,256,0.0004259492270648,32,64,8,512,553482.0,bin_3
v1_1462,1.0673295772271076,0.3514042386185242,1.727751743979752,1.7001918042078614,1.7061052229255438,1.7113495903710525,1876197310464.0,8388608,64,0.0012043076567351,32,16,8,256,37002.0,bin_0
v1_1463,1.065984803210846,0.3424932060884442,1.595367820118554,1.5673105446621776,1.5717859687283635,1.578154777836365,36032686080.0,1048576,16,0.0057311886921525,128,16,1,256,6202.0,bin_0
v1_1465,1.0521383228957637,0.4557639785258832,1.2252020701562287,1.2305522076785564,1.3056298652663827,1.253794714367056,3515974514688.0,4194304,32,0.0042521157301962,128,64,2,256,152970.0,bin_1
v1_1466,1.061779776127506,0.5376062293086102,1.6639380179112775,1.624199403449893,1.626610073260963,1.6382491648740445,13710139502592.0,67108864,64,0.0356234833598136,128,32,2,256,39626.0,bin_1
v1_1467,0.7478492275313616,0.8454222122674503,1.0004121320016566,0.9606936855707318,0.957085312344134,0.9727303766388408,439647451447296.0,1073741824,64,0.0002512776991352,32,64,1,128,86218.0,bin_3
v1_1468,0.9523421185714646,0.6220989482299006,1.1332812524342444,1.085637922398746,1.093062340747565,1.1039938385268515,111283304945664.0,1073741824,256,0.0004684706509578,128,32,1,512,22634.0,bin_2
v1_1470,0.9829610008341474,0.593706977326025,1.158686863083858,1.0945807821117342,1.0924882222898304,1.115251955828474,3468335806464.0,33554432,16,0.0003426015609875,64,32,1,256,22634.0,bin_1
v1_1471,0.9540270561954722,0.5885776639586163,2.0996250859461725,2.095122564584017,2.095038728788495,2.096595459772894,161053384704.0,1048576,128,0.001144339912571,32,32,1,256,22634.0,bin_0
v1_1472,0.9406870482262318,0.5802566771852485,1.1818317651050163,1.0840018261224031,1.0606856495141983,1.1088397469138729,13927843565568.0,33554432,32,0.0001394480932503,32,32,4,128,73610.0,bin_1
v1_1473,1.028217355153313,0.3284799314442171,1.668369910446927,1.6475984174758196,1.653902368620038,1.6566235655142616,27723115683840.0,134217728,64,0.0001262267905985,128,32,2,512,39626.0,bin_2
v1_1474,1.0855303753139716,0.4595401291829863,1.117363792116521,1.0613916348665953,1.0655640955083072,1.0814398408304744,28662042777600.0,536870912,64,0.0001599712122697,128,16,2,128,10602.0,bin_2
v1_1475,0.9729809963709464,0.3513121248240295,2.046565169468522,2.0425448827445507,2.046185472048819,2.045098508087297,4754376978432.0,1048576,256,0.0001087431301129,32,64,8,128,553482.0,bin_1
v1_1478,1.0696694750378175,0.5546464646464647,1.646164888748899,1.604148262180388,1.606521014124155,1.6189447216844808,219796282368000.0,1073741824,128,0.0346784554421901,64,32,2,128,39626.0,bin_2
v1_1481,0.9545817145936611,0.5980008457151315,1.065943999827141,0.981122235301882,0.964481589384377,1.0038492748378,437343441666048.0,268435456,128,0.0002339419879717,32,64,4,128,286474.0,bin_3
v1_1482,1.070799146518663,0.5129579164222021,1.6439907175954431,1.607082773000002,1.6091809161007404,1.6200848022320615,7308431388672.0,67108864,128,0.016730198636651,32,16,4,256,19402.0,bin_1
v1_1483,1.0013742699289454,0.6070604426437759,1.087370065335563,1.0234178798273206,1.019704562611878,1.0434975025915871,110071556032512.0,67108864,32,0.0017089986940845,32,64,4,512,286474.0,bin_2
v1_1484,1.0524581294011135,0.5239273874273874,1.6486310882028192,1.612881192937493,1.6147484555840492,1.6254202455747873,224999876527104.0,268435456,128,0.0260776039212942,32,32,8,512,141578.0,bin_2
v1_1485,0.9665661779279384,0.3998035408154456,2.115557317622006,2.109749494120478,2.109276076778769,2.111527629507085,955828070400.0,16777216,64,0.0001554374612169,32,16,2,512,10602.0,bin_0
v1_1486,1.0540566679394463,0.5034189329189329,1.6929831376764923,1.645437242463231,1.6498961430042982,1.6627721743813406,6974961097728.0,16777216,16,0.0447710715234279,128,32,4,256,73610.0,bin_1
v1_1489,0.9122952965324234,0.7111670719051671,1.0624920357331575,0.9636179474182428,0.9441430466249584,0.9900843432587862,878865393647616.0,1073741824,128,0.0006955575663596,32,64,2,512,152970.0,bin_3
v1_1490,0.9742426680601104,0.3477619853691282,2.0783923796843737,2.070939096622169,2.073891792446375,2.0744077562509724,7539391088640.0,268435456,256,0.0001170258328784,128,16,1,512,6202.0,bin_1
v1_1491,1.030564216552177,0.3018820082034367,1.2300581400922963,1.1900329999625685,1.1943343337625263,1.2048084912724637,27439804796928.0,8388608,64,0.0007288188789971,32,64,8,256,553482.0,bin_2
v1_1492,0.9817750408451182,0.5839037756775852,1.2997388574294746,1.2624194491654634,1.2801114758476615,1.2807565941475332,7459967498496.0,33554432,16,0.0056587248109281,64,16,8,512,37002.0,bin_1
v1_1493,1.8623155367153608,0.5684362850553326,2.6475920489174314,2.5313675445504487,2.5587733201682568,2.579244304545379,7533989486592.0,16777216,128,0.0186292696744203,64,64,1,512,86218.0,bin_1
v1_1494,0.9583187570187568,0.6234064401207259,1.1682348202739377,1.089941437356174,1.075079784728587,1.1110853474528994,109937123377152.0,134217728,256,0.0001263673475477,32,64,2,128,152970.0,bin_2
v1_1495,1.0740992311847326,0.5,1.6509489275049418,1.6079969787970183,1.6091939425095916,1.622713282937184,3605886277632.0,67108864,16,0.0336541570723056,32,16,2,128,10602.0,bin_1
v1_1496,1.003598417183616,0.3929674461341128,1.741942819673568,1.7196281049400568,1.7217511273920536,1.727774017335226,123095884800.0,2097152,16,0.001624520518817,32,16,2,512,10602.0,bin_0
v1_1497,0.9752143956130788,0.6736255349588683,2.1352304741740227,2.126971769146621,2.134238427504897,2.1321468902751803,116259563520.0,1048576,64,0.0005520980921573,128,16,4,128,19402.0,bin_0
v1_1499,1.1483582412501658,0.4022324721134244,1.2836802829406224,1.2391445045359433,1.227209450211376,1.2500114125626471,1736956157952.0,4194304,32,0.0009415238164365,32,32,4,256,73610.0,bin_0
v1_1500,1.068841908396252,0.5968353971865876,1.6405087672173977,1.5954779931344092,1.598147659562528,1.611378139971445,28103624699904.0,134217728,256,0.0181807857006788,32,32,2,512,39626.0,bin_2
v1_1501,1.025064932877244,0.3999470071374832,1.903417378431186,1.8879627333953977,1.891495302319527,1.89429180471537,3708799414272.0,16777216,64,0.0002787936828099,32,16,8,256,37002.0,bin_1
v1_1502,0.9391068326186344,0.7042014559514559,1.1647061655967264,1.0864001950249076,1.0747763132676482,1.108627557963094,113263962697728.0,1073741824,256,0.0001323860051343,32,32,1,512,22634.0,bin_2
v1_1503,1.0573139006737686,0.5,1.6444707235787064,1.604291926138103,1.606466026045382,1.6184095585873972,438243614828544.0,536870912,32,0.0148184383288025,64,32,8,128,141578.0,bin_3
v1_1504,0.943198351893772,0.6260228651419127,1.038903077133,0.998959309887141,0.9970311475917696,1.0116311782039702,28643595909120.0,536870912,256,0.0102766752243042,128,16,2,128,10602.0,bin_2
v1_1505,0.976107421340842,0.5356924015138299,1.85717540467158,1.839735426008701,1.8443592805415392,1.84709003707394,112658792448.0,1048576,32,0.0012528278166428,64,16,4,128,19402.0,bin_0
v1_1506,1.004440451129141,0.3492074812312907,2.1414051081519574,2.1368639022111893,2.1415617018938065,2.1399435707523176,900898873344.0,4194304,256,0.0006976485601626,64,32,2,256,39626.0,bin_0
v1_1507,0.9527117299641928,0.6448336073097978,1.0036944026651329,0.9465078066568822,0.9481416554190218,0.9661146215803456,3440253597149184.0,1073741824,128,0.0001511442969786,128,64,8,128,553482.0,bin_3
v1_1512,1.0731540364449763,0.5084599078170507,1.1597783614561197,1.113565786741674,1.1169423991814256,1.130095515793073,29949239611392.0,536870912,256,0.0037123034708201,128,16,2,512,10602.0,bin_2
v1_1513,0.9920405433902396,0.3763675394270632,2.506332751829177,2.5145812798291445,2.5074394550174475,2.509451162225256,2040780853248.0,1048576,256,0.021380491554737,64,64,4,128,286474.0,bin_1
v1_1514,1.0219347905721532,0.3390935752959562,1.968397798016668,1.958856239914894,1.9672891441732645,1.964847727368276,926989808640.0,4194304,16,0.0004422120691742,128,32,2,512,39626.0,bin_0
v1_1515,1.011097023245483,0.4004195284433379,2.297735820058733,2.2996581196784973,2.299299808219075,2.2988979159854352,252499743744.0,1048576,128,0.0185016058385372,128,16,8,128,37002.0,bin_0
v1_1517,0.9881673970760256,0.3639210996234805,2.1731278735678643,2.1721261143684387,2.172826524823904,2.1726935042534024,934813900800.0,2097152,128,0.0003851300862152,128,64,1,256,86218.0,bin_0
v1_1518,1.004905078531192,0.5095330960926199,1.7019939729943871,1.6734721260145309,1.6715872455388308,1.6823511148492496,3680533824000.0,8388608,16,0.042509987950325,128,32,4,512,73610.0,bin_1
v1_1519,1.1279677993996715,0.4963996409234504,1.675355015555397,1.6252888292074203,1.6309687830507755,1.6438708759378642,54517832491008.0,33554432,16,0.004809642676264,64,64,4,256,286474.0,bin_2
v1_1521,0.9492363916589878,0.6680704410228219,1.003435128019191,0.959290338680148,0.9581505409441888,0.973625335881176,218848475258880.0,1073741824,64,0.0009262314415536,128,32,2,128,39626.0,bin_2
v1_1522,0.9690829838754896,0.4021922372160467,1.164710140801617,1.1158501459285617,1.132456877734512,1.137672388154897,1753180766208.0,16777216,32,0.0024610050022602,128,32,1,256,22634.0,bin_0
v1_1523,0.9777453759982624,0.3477055942294038,1.996156106935814,1.9858085503801703,1.9895159816369408,1.9904935463176416,113440029696.0,4194304,16,0.0004595090867951,128,16,1,256,6202.0,bin_0
v1_1525,0.9251037554494648,0.7025070846261322,1.0483444584606332,1.0053251888602972,1.0032638739794493,1.01897784043346,14334990262272.0,536870912,64,0.0019635180942714,128,16,1,128,6202.0,bin_1
v1_1526,1.1397986979756842,0.7201840403864214,1.6556542036123574,1.6904272828251123,1.7569736717268825,1.701018386054784,1757019832320.0,2097152,64,0.0069080451503396,64,64,2,128,152970.0,bin_0
v1_1527,0.9690078667550752,0.661719799600752,1.0833742687827908,1.0288909245282412,1.0197640275582671,1.0440097402897663,27616243802112.0,134217728,256,0.0036095050163567,64,32,2,128,39626.0,bin_2
v1_1528,1.105762743370733,0.5140594306487163,1.6536143944831565,1.6206628191284835,1.5993714658543468,1.6245495598219957,218170376374272.0,268435456,64,0.010500974021852,64,64,2,512,152970.0,bin_2
v1_1530,1.0733280856412482,0.4799635796302463,1.6572889806702733,1.6156830042600632,1.6198303597047925,1.6309341148783765,884894625792.0,4194304,16,0.0406768582761287,32,32,2,256,39626.0,bin_0
v1_1532,0.961550720170616,0.7006913928223452,1.113828381159692,1.0319743119180202,1.0166501984931529,1.054150963856955,14600097705984.0,268435456,64,0.0005344335222616,32,16,2,256,10602.0,bin_1
v1_1536,1.2175582909249687,0.4221653395105776,1.344136239378713,1.2804152467288077,1.2739766025915742,1.2995093628996983,13694539226112.0,16777216,32,0.0074419323354959,128,64,2,512,152970.0,bin_1
v1_1538,0.9514392956285704,0.7054724644843692,1.0874731646472355,1.0307733886875212,1.0313931475393474,1.049879900291368,55147372388352.0,268435456,128,0.0004911412834189,64,32,2,256,39626.0,bin_2
v1_1539,1.0605204985439414,0.6434363427577714,1.6457404393004254,1.6063994746655226,1.609292797744274,1.620477570570074,28182123933696.0,268435456,64,0.0366930775344371,32,32,1,512,22634.0,bin_2
v1_1540,0.9651265152728792,0.7153710526686717,2.0452704480849206,2.034818677231669,2.040548832155764,2.040212652490785,233749569024.0,1048576,128,0.0027146146167069,64,16,4,512,19402.0,bin_0
v1_1541,0.9982412649265662,0.3528907507836079,1.8668152091559025,1.8548961840569973,1.856581914238632,1.859431102483844,1944163829760.0,2097152,32,0.0011175328399986,128,64,2,512,152970.0,bin_1
v1_1542,1.0843728352222268,0.5123336848336848,1.6473900361452252,1.6048516100272536,1.60913953371346,1.620460393295313,1749761460498432.0,536870912,16,0.0032857412006706,32,64,8,256,553482.0,bin_3
v1_1544,0.9402724794083426,0.6324127384960719,1.1291947903155233,1.0009545520879328,0.9760685958899558,1.0354059794311372,114638898253824.0,1073741824,256,0.0002661409671418,32,16,4,128,19402.0,bin_2
v1_1545,1.139259174081654,0.5363493294624246,1.672012415714562,1.6242178310640156,1.628517359495163,1.64158253542458,27619416428544.0,8388608,16,0.0046411980874836,32,64,8,256,553482.0,bin_2
v1_1548,0.7267224106897703,0.8382513672394625,0.9924703979268088,0.9549619588069618,0.9544943165965378,0.9673088911101028,110827350626304.0,1073741824,32,0.0024671019054949,64,32,1,256,22634.0,bin_2
v1_1549,1.0768605335205026,0.3001347343133058,1.2338187732966617,1.1901717884466052,1.1923621059395373,1.2054508892276017,6940835143680.0,67108864,32,0.000112815592729,64,32,1,256,22634.0,bin_1
v1_1550,0.9633611250896824,0.3845863519196852,1.207885080599226,1.1705018319189548,1.169964331202209,1.1827837479067966,221235364288512.0,268435456,16,0.0024620180483907,128,32,8,512,141578.0,bin_2
v1_1551,1.075416570937293,0.3330835619407047,1.6471689651953056,1.6053323270753026,1.6081628892570734,1.6202213938425605,863932991238144.0,268435456,32,0.0017098619136959,64,64,8,128,553482.0,bin_3
v1_1552,1.0713763557900462,0.2989024119619357,1.213530634820927,1.1673187571577728,1.1692071701399982,1.1833521873728994,27755442216960.0,134217728,256,0.0002501496346667,64,32,2,128,39626.0,bin_2
v1_1553,1.073000060986522,0.5257820283772665,1.643844764912501,1.6053911363705993,1.6076254742220044,1.618953791835035,515565447168.0,4194304,32,0.0036764512769877,64,16,4,512,19402.0,bin_0
v1_1555,0.9161074895076008,0.7650524299333824,1.044019848064636,1.0023567103780806,1.0026100296527147,1.016328862698477,215673994764288.0,536870912,16,0.0001082788003259,128,64,1,128,86218.0,bin_2
v1_1556,0.9206700163692746,0.5799515436063053,1.0583915592578703,1.0205378774553535,1.0162943196482956,1.0317412521205065,108705753833472.0,268435456,32,0.0091542480513453,64,64,1,128,86218.0,bin_2
v1_1557,0.946542923178188,0.6415160782779831,1.129232091421727,1.0794460624456406,1.0882623409852386,1.0989801649508688,111661418164224.0,1073741824,256,0.0004964350373484,128,32,1,512,22634.0,bin_2
v1_1558,0.9709898001989932,0.4442718850814089,1.1242868980698404,1.0649390271864831,1.0713388263247907,1.0868549171937048,912895635456.0,16777216,16,0.0106846652925014,32,16,2,256,10602.0,bin_0
v1_1559,1.1004334244201397,0.5,1.6526432873215526,1.6082904366776347,1.6117157759144902,1.624216499971226,875180122509312.0,536870912,16,0.0287285111844539,32,64,4,256,286474.0,bin_3
v1_1563,1.0588740824190916,0.4012572359298549,1.6482821954414248,1.6072048339992762,1.6087454538792372,1.6214108277733128,27630532755456.0,268435456,64,0.0435823574662208,64,32,1,256,22634.0,bin_2
v1_1564,0.9453515209256744,0.6897487490463682,1.0784634767624084,1.0266897161491215,1.0335807302035391,1.0462446410383563,13612013740032.0,67108864,32,0.001088916324079,128,32,2,128,39626.0,bin_1
v1_1566,1.08400280117048,0.3805500315381267,1.224203288409626,1.1720583382993937,1.1637750915251672,1.1866789060780625,903221993472.0,33554432,64,0.0249761808663606,128,16,1,128,6202.0,bin_0
v1_1567,0.99382501189588,0.3191628688771545,1.1730130668438503,1.11645720154047,1.1147017423063517,1.1347240035635573,6936300776448.0,16777216,16,0.0015835203230381,128,32,4,256,73610.0,bin_1
v1_1568,1.7483100508025406,0.6257924095305047,2.0811135490075685,2.0142894540913403,2.037171903066337,2.044191635388416,576659106816.0,1048576,32,0.0228317435830831,64,32,4,512,73610.0,bin_0
v1_1569,1.1148228288912054,0.5647353889496746,1.7356321837287396,1.6888893824070692,1.6902813501656055,1.7049343054338049,1972797272064.0,4194304,256,0.0136776892468333,64,32,4,128,73610.0,bin_1
v1_1571,1.0691626247154928,0.4003961554318697,1.837729499908164,1.8170828446745872,1.8246869556605816,1.8264997667477776,3720121943040.0,16777216,128,0.0032799977343529,128,16,8,256,37002.0,bin_1
v1_1572,0.973976909088537,0.3490599559170986,2.188605250790715,2.1846344992518425,2.1864341739565134,2.186557974666357,78151858176.0,2097152,64,0.0001485231478,64,16,1,512,6202.0,bin_0
v1_1574,1.0294016832508148,0.3550599418218466,1.6789621722418815,1.653299638070166,1.6594797419384122,1.6639138507501532,37944877056.0,1048576,64,0.0060837571509182,32,16,1,256,6202.0,bin_0
v1_1575,1.323205660718559,0.3920585164394688,1.6870390309486538,1.6407525660470128,1.6467354223132131,1.65817567310296,2320956641280.0,2097152,128,0.0066239074803888,32,64,2,512,152970.0,bin_1
v1_1576,1.0198237879449594,0.3669043892615322,1.7051994022913275,1.6809931779280305,1.687491294927895,1.6912279583824177,75111641088.0,2097152,128,0.0118371210992336,32,16,1,512,6202.0,bin_0
v1_1579,1.0452403082695094,0.3634040373207039,1.3354808430885896,1.305581307504326,1.3015732965432107,1.3142118157120422,444243738624.0,1048576,64,0.0020159264095127,32,64,1,128,86218.0,bin_0
v1_1581,0.9952237529760344,0.5630180322323179,1.1110413103888277,1.0539634758606553,1.053239876870066,1.0727482210398496,1777245275136.0,33554432,16,0.0012547923251986,64,16,2,128,10602.0,bin_0
v1_1582,0.9858169302530474,0.3955471411304744,1.794218203984201,1.775626003742218,1.7768825124949217,1.7822422400737803,473804633088.0,8388608,16,0.0003233970783185,32,16,2,512,10602.0,bin_0
v1_1583,0.9900878424842596,0.3929525144168,2.241767546162009,2.241116216406226,2.2411533426493406,2.241345701739192,955861715712.0,2097152,128,0.0020598000846803,128,16,8,512,37002.0,bin_0
v1_1586,0.9601274928092356,0.6143703426203426,2.399958557449281,2.401381727308035,2.398115646094084,2.399818643617133,3366598606848.0,1048576,256,0.000252388708759,64,64,2,512,152970.0,bin_1
v1_1588,0.9402094799683404,0.6947407015383206,1.059467676699569,0.9994819527491928,0.9910533730871977,1.0166676675119863,28695557210112.0,536870912,256,0.0010622678091749,32,16,2,128,10602.0,bin_2
v1_1589,0.9667674863370084,0.605206772063915,1.3220868547214195,1.2964260508306324,1.295027510728687,1.3045134720935796,109915709276160.0,268435456,32,0.0257203970104455,32,64,1,256,86218.0,bin_2
v1_1590,0.9593470713958766,0.6058231380612332,1.0319700557884062,0.9893749349284916,0.9841320482082664,1.0018256796417215,14335875280896.0,536870912,64,0.0065136025659739,64,16,1,128,6202.0,bin_1
v1_1591,1.0994347447876118,0.3024015217586646,1.2032569001603406,1.1593443625606596,1.1646816628053784,1.1757609751754596,13688267292672.0,33554432,128,0.0002351734001422,64,64,1,128,86218.0,bin_1
v1_1592,1.0771138519821928,0.4729504137837471,1.6480184550164267,1.6057079061865809,1.6094384994357824,1.6210549535462633,14523939938304.0,134217728,128,0.0339170880615711,32,16,4,256,19402.0,bin_1
v1_1593,0.7588089672179213,0.800837252253919,1.0209732386210817,0.9751425092108548,0.9719642736017704,0.989360007144569,220205035413504.0,268435456,64,0.0021562674082815,32,64,2,512,152970.0,bin_2
v1_1595,2.460369383258988,0.4857233775924252,2.8217678234505,2.2458079252392054,2.0703251976519823,2.3793003154472294,1709589884928.0,8388608,32,0.0365995205938816,64,32,2,256,39626.0,bin_0
v1_1596,0.5396953315230333,0.891099470635185,1.0332610498880967,0.9356262215878814,0.9248348893597722,0.9645740536119168,58022596515840.0,268435456,16,0.0006102875340729,32,16,8,256,37002.0,bin_2
v1_1598,1.073221191734672,0.314795227259513,1.518389664357528,1.4962548511102796,1.4960904996842146,1.5035783383840071,6732596477952.0,8388608,32,0.0001578236697241,128,64,2,128,152970.0,bin_1
v1_1600,1.0944400813170152,0.3271044555092173,1.191017352131894,1.142514708917588,1.146626241970807,1.1600527676734298,109056648296448.0,134217728,64,0.0001404853828717,64,64,2,512,152970.0,bin_2
v1_1602,1.0766622223023057,0.3792966138799472,1.4492589362198487,1.423436009325087,1.4210552675649524,1.4312500710366294,1767217938432.0,16777216,128,0.0005409485893324,32,32,1,256,22634.0,bin_0
v1_1604,1.0226174588219676,0.354620226334512,1.6089772545965388,1.5599781880155206,1.5436818012967706,1.5708790813029434,1833744141312.0,2097152,32,0.0046106348745524,64,32,8,256,141578.0,bin_0
v2_1,1.023331504228752,0.3614982627601675,1.8056179713457825,1.7880483092740178,1.7912820987403393,1.7949827931200464,746609181696.0,134217728,256,0.00069213390816,32,4,2,256,930.0,bin_0
v2_2,1.2113546600293703,0.2974425195615672,1.2196545439655893,1.1901866025291383,1.1924784029833972,1.2007731831593749,7169966923776.0,2097152,32,0.0008460290264338,32,128,2,256,600842.0,bin_1
v2_4,1.1088990904895113,0.4589676403843071,1.588570861029439,1.5543210543692112,1.560449949465692,1.5677806216214474,374567124480.0,8388608,32,0.0026422124356031,32,4,16,256,5578.0,bin_0
v2_5,0.9900567127703414,0.4046900898924708,2.3260797997936606,2.327655266970396,2.328823769465089,2.3275196120763817,13659546624.0,2097152,64,0.0001198671889142,32,4,2,256,930.0,bin_0
v2_6,0.2353045968914253,0.9789672673006008,0.9639153530006296,0.8679246378596872,0.8648410502355546,0.8988936803652905,2.780846473450291e+16,2147483648,128,0.0001051766521413,32,128,8,256,2188298.0,bin_3
v2_8,1.361600654293155,0.3092705869967774,1.290525209507905,1.2585003059357405,1.2545511526986957,1.2678588893807805,28181927780352.0,8388608,256,0.0012298525543883,32,128,2,256,600842.0,bin_2
v2_11,1.0591085464760868,0.453553354053354,1.6441910213325173,1.6042475160211325,1.6062532160431149,1.6182305844655882,187789743776256.0,2147483648,16,0.000817789346911,32,4,32,256,10890.0,bin_2
v2_12,1.0663899609152592,0.5,1.6493724421598015,1.6067138453945518,1.6081694550812244,1.621418580878526,1.3969427481587712e+16,2147483648,128,0.0159016381949186,32,64,16,128,1087498.0,bin_3
v2_13,1.0477590819996132,0.412359213537785,1.7636113417102024,1.6479714852757752,1.583464166149497,1.6650156643784917,27288200380416.0,8388608,128,0.0062724631279706,32,128,2,128,600842.0,bin_2
v2_16,1.0693118815088338,0.5005128205128205,1.6444210920017213,1.6030694050714374,1.6063241120427847,1.6179382030386478,1754324009312256.0,2147483648,32,0.0099577317014336,32,64,2,256,152970.0,bin_3
v2_17,0.9937209238630166,0.6482132329751377,1.7219778313301504,1.7035862440243363,1.7037850394845009,1.7097830382796626,33200078069760.0,2097152,128,0.000154096254846,32,128,8,256,2188298.0,bin_2
v2_18,1.2041667194255397,0.5077299759323568,1.7749682783614844,1.7211758154444396,1.712174621410668,1.7361062384055306,108323938492416.0,2097152,16,0.0208660811185836,32,256,8,128,8701962.0,bin_2
v2_19,1.1363173412835608,0.4967776449740735,1.6632468074094504,1.6171293323859572,1.6239048456773162,1.634760328490908,56088248143872.0,2097152,32,0.0012866392498835,32,128,16,128,4304906.0,bin_2
v2_23,1.064654466871729,0.4972369125583411,1.646342500578612,1.6069107046350837,1.6096718655899167,1.6209750236012042,1749448288825344.0,536870912,128,0.0050797965377569,32,64,8,256,553482.0,bin_3
v2_26,1.9834616437874648,0.4796243265112312,2.424483008158859,2.379513847641647,2.363136471249163,2.3890444423498898,462199690973184.0,8388608,128,0.0048739197663962,32,256,8,256,8701962.0,bin_3
v2_28,1.1334976882899002,0.5090037828133066,1.9528130333637816,1.8778352243825795,1.886210300028324,1.9056195192582284,112636577636352.0,8388608,64,0.0307319220155477,32,128,8,256,2188298.0,bin_2
v2_29,1.0665126489432908,0.5034856021403641,1.6459390013478696,1.605908085592091,1.6070035574957728,1.619616881478578,6986385848733696.0,536870912,256,0.0006045766058377,32,64,32,128,2155530.0,bin_3
v2_31,1.534240917828466,0.4259892466440085,1.1420558567915575,1.0570495864376426,1.0405230927281082,1.0798761786524362,20125073621760.0,536870912,16,0.0001086302509065,32,4,16,128,5578.0,bin_1
v2_35,1.0972173317061646,0.4961475187070425,1.6586203856859356,1.6132162767462432,1.6155320713296533,1.629122911253944,3479565666281472.0,134217728,64,0.0033564215991646,32,128,16,256,4304906.0,bin_3
v2_37,0.7570538901761266,0.8558721926221926,1.035159536037099,0.9481761055067182,0.9341482371091844,0.9724946262176672,1755136872284160.0,2147483648,128,0.0001962299429578,32,64,2,256,152970.0,bin_3
v2_39,1.250037164858328,0.4650562061395394,1.8019964589038864,1.768795669078827,1.955239709466696,1.8420106124831364,1770945404928.0,2097152,32,0.0261521562933921,32,64,2,128,152970.0,bin_0
v2_40,0.9284774126428528,0.5852448358519787,1.111873157475202,0.9587596938945352,0.9359976751729846,1.0022101755142403,1747730981167104.0,536870912,128,0.0001697622938081,32,64,8,128,553482.0,bin_3
v2_41,1.0352250135289642,0.4969483611626468,1.648652263917029,1.6111674159765244,1.612165302969515,1.6239949942876897,1745776112701440.0,536870912,256,0.0031452083494514,32,64,8,128,553482.0,bin_3
v2_42,0.9952741453589704,0.3382820812344622,2.188224158016965,2.1843543332070112,2.18450366333127,2.185694051518416,46585426944.0,8388608,64,0.0009729519370011,32,4,2,256,930.0,bin_0
v2_44,0.9878096815382026,0.4898520553520553,1.6747995135374367,1.6402125749737024,1.639307358302176,1.6514398156044383,109237090603008.0,8388608,16,0.008012750186026,32,128,8,256,2188298.0,bin_2
v2_45,1.0664695471409866,0.5,1.6463601186405867,1.6047898950055242,1.606522012501955,1.619224008716022,6990357732384768.0,2147483648,256,0.0277995076030492,32,64,8,128,553482.0,bin_3
v2_46,0.952278941489816,0.4321388602579079,1.1075533607508987,1.0286084478721025,1.0172804021276534,1.0511474035835515,2964452079360.0,536870912,16,0.0017784041119739,32,4,2,256,930.0,bin_1
v2_47,1.006604904259593,0.351893067910925,1.930903150932864,1.90733602643013,1.905945590697229,1.914728256020074,247201476096.0,2097152,128,0.0083110947161912,32,4,32,256,10890.0,bin_0
v2_49,1.1043766718045311,0.4156231378850426,1.4871215126477182,1.4594346024096012,1.456027675420046,1.4675279301591218,8890883751936.0,2097152,256,0.0005586180486716,32,128,2,128,600842.0,bin_1
v2_50,1.0783184271412694,0.473539516039516,1.6448098251130432,1.6038821516558528,1.6066236635670066,1.6184385467786342,2.7965871303069696e+16,2147483648,128,0.0142971305176615,32,64,32,256,2155530.0,bin_3
v2_52,1.0524578658894013,0.5023579691913026,1.6477115836460143,1.6098091751337051,1.611953160725534,1.6231579731684178,6946325341120512.0,134217728,32,0.0055057778954505,32,128,32,128,8538122.0,bin_3
v2_55,0.9150880108952334,0.7580379312045978,1.224129075242672,1.16080232989043,1.1721405033022163,1.1856906361451065,27936907984896.0,8388608,128,0.0038629099726676,32,128,2,128,600842.0,bin_2
v2_58,1.1738460102035366,0.296108111905731,1.331170521225431,1.25812906678766,1.230021566618234,1.273107051543775,1753222250496.0,2097152,32,0.0041284062899649,32,64,2,128,152970.0,bin_0
v2_60,1.085451119961668,0.4932763563596896,1.6456464736256748,1.603672442957759,1.607389102689922,1.6189026730911185,2.7972114044476416e+16,2147483648,16,0.0001879353658296,32,64,32,256,2155530.0,bin_3
v2_61,0.9545115569097056,0.4624555999555999,1.163084464336862,1.0726381558924911,1.0423634741455317,1.0926953647916282,434091678154752.0,8388608,32,0.0001113381440518,32,256,8,128,8701962.0,bin_3
v2_62,0.3431154049962546,0.9792965469274992,0.9355678234642256,0.9016304791439324,0.9025624515488744,0.9132535847190107,6966536447213568.0,2147483648,256,0.000378395547159,32,128,2,128,600842.0,bin_3
v2_64,1.052969796456754,0.40449555867413,1.652848929981701,1.610556896775961,1.6126877143979073,1.625364513718523,1734839075217408.0,8388608,32,0.0001030066996463,32,256,32,128,33984522.0,bin_3
v2_65,1.0493995295309368,0.4960773930654882,1.6549773474689573,1.614033074118197,1.6201417222619057,1.62971738128302,109171504619520.0,2097152,16,0.0095366304740309,32,256,8,128,8701962.0,bin_2
v2_67,1.069255507877314,0.5,1.6489286563592032,1.6055703880265355,1.6087845722213387,1.621094538869026,80519638017024.0,2147483648,16,0.0307031851261854,32,4,16,128,5578.0,bin_2
v2_69,0.968392251991669,0.4559375254375254,1.100917082912929,1.0533653106540442,1.053835900966078,1.0693727648443505,633350240256.0,134217728,64,0.0044679706916213,32,4,2,128,930.0,bin_0
v2_70,1.0716638445039757,0.4840612667755525,1.645229416899383,1.6039648242294788,1.6065868763253093,1.618593705818057,6990145476725760.0,536870912,16,0.0005546674365177,32,64,32,256,2155530.0,bin_3
v2_71,1.0070295687127908,0.3602734183805612,1.81578617496416,1.7933580912649632,1.79832146409899,1.8024885767760377,56363714985984.0,2097152,256,0.0002182326570618,32,128,16,128,4304906.0,bin_2
v2_72,1.0813470448887437,0.3855863479553955,1.6665363487554714,1.624825520440936,1.6319019170477986,1.6410879287480686,9401072467968.0,2097152,256,0.0029171430505812,32,64,8,128,553482.0,bin_1
v2_75,0.9066756596602812,0.7606847275299656,1.0208195227896797,0.95419968245551,0.9488844722509384,0.974634559165376,436845304369152.0,134217728,32,0.000454974535387,32,64,8,128,553482.0,bin_3
v2_76,0.9525151945959124,0.3194207388731198,1.1266171044189832,1.0308814281597731,1.02322253677994,1.0602403564528988,11721466440192.0,536870912,64,0.0013850396499037,32,4,8,256,2922.0,bin_1
v2_77,1.06308287286452,0.4967903839987173,1.6493049300042912,1.6068409904837608,1.6082173334434628,1.6214544179771715,5.558347686071501e+16,2147483648,256,0.0014447144931182,32,128,16,128,4304906.0,bin_3
v2_79,1.0517094565574154,0.5009522237022237,1.656884676660411,1.6185780549421906,1.621529541909695,1.6323307578374322,437068156661760.0,8388608,16,0.0437496565282344,32,256,8,256,8701962.0,bin_3
v2_81,1.0934923972325372,0.5483473896033421,1.6539513864554465,1.6120760049670937,1.6131163695827129,1.6263812536684177,499919214796800.0,2097152,128,0.0003801090060733,32,256,32,128,33984522.0,bin_3
v2_82,1.1828918260827794,0.5148616753616754,1.7038663558196276,1.668226902373135,1.668259189464152,1.6801174825523049,436867908827136.0,8388608,256,0.0073191463015973,32,128,32,128,8538122.0,bin_3
v2_83,1.041597961652627,0.5010442930085787,1.647200659615919,1.6063841227442026,1.6094979010522366,1.6210275611374527,1745767878220800.0,134217728,32,0.0047014858573675,32,64,32,256,2155530.0,bin_3
v2_85,0.963821403316541,0.5230849547278118,1.0797947897372069,0.9780166624113916,0.9645713102072476,1.007460920785282,873105307557888.0,134217728,16,0.0004667450848501,32,64,16,128,1087498.0,bin_3
v2_86,1.0651774281929955,0.5,1.6527933545876294,1.6083861533552408,1.6102660661563275,1.6238151913663994,11925516073728.0,134217728,256,0.0339789912104606,32,4,32,256,10890.0,bin_1
v2_89,0.9332820391289116,0.6976761214975499,1.1034432844098774,0.9540497569832952,0.931279086973518,0.9962573761222302,3492923251734528.0,536870912,64,0.0001929952413775,32,64,16,256,1087498.0,bin_3
v2_91,0.9572740582046896,0.3619823959109673,1.2068872371746693,1.131476806011051,1.1143474271520972,1.1509038234459392,27678605463552.0,8388608,64,0.0008101958082988,32,64,8,128,553482.0,bin_2
v2_93,1.095490740588734,0.5015796086629419,1.65156087547075,1.6073711104691029,1.6124884691089392,1.6238068183495973,1.3910504405071872e+16,134217728,128,0.0011669823434203,32,256,16,256,17129482.0,bin_3
v2_94,1.0042944663405162,0.2994795341342959,1.1925668588955889,1.1467552883550525,1.1624734890647233,1.1672652121051217,46872168960.0,8388608,16,0.0142439929768443,32,4,2,256,930.0,bin_0
v2_95,1.0426636458974687,0.5605860475503333,1.1696711368858814,1.1128429183736444,1.1078234682790935,1.1301125078462064,108554077913088.0,8388608,64,0.0001011857966659,32,256,2,128,2381322.0,bin_2
v2_97,1.000990545324982,0.5605296180891419,1.1271493485910469,1.061353322584182,1.0497348909266293,1.079412520700619,635188172544.0,134217728,16,0.0007149148150347,32,4,2,128,930.0,bin_0
v2_98,0.9840317945874238,0.6275421588993018,2.094552767695859,2.0769946249201894,2.073218150064349,2.0815885142268,197761054464.0,2097152,32,0.0002612241660244,32,4,32,256,10890.0,bin_0
v2_99,1.066559801096717,0.4894735819735819,1.6486676373751834,1.6067657805979252,1.608472112566233,1.6213018435131137,2.778687997899571e+16,2147483648,128,0.0087646637111902,32,128,8,128,2188298.0,bin_3
v2_100,0.960089840719144,0.3984868922964161,1.067498740791052,1.0166535219177604,1.0143655128777027,1.0328392585288384,6974827256745984.0,134217728,256,0.0004602107801474,32,256,8,256,8701962.0,bin_3
v2_102,1.0582592756016662,0.5683577176791462,1.651819456135854,1.6088895294815302,1.6119186487048864,1.624209211440757,438637928770560.0,8388608,32,0.0001664646697463,32,128,32,256,8538122.0,bin_3
v2_103,0.4140591129982442,0.8477081375414709,0.970418706543569,0.9022442284040152,0.9007947172503918,0.924485884065992,3494474415095808.0,536870912,32,0.0005622339667752,32,64,16,128,1087498.0,bin_3
v2_104,1.0638418575856414,0.5022673098506432,1.6445368707645684,1.605690979398787,1.6085307067260146,1.61958618562979,6954868267352064.0,536870912,64,0.002096225740388,32,128,8,256,2188298.0,bin_3
v2_109,1.0516997045061038,0.6073044010663059,1.1209674667334184,1.0568049722351134,1.0480775623582304,1.0752833337755874,2546765082624.0,536870912,256,0.0016632922925055,32,4,2,128,930.0,bin_1
v2_113,1.0447490104499613,0.5132305287305287,1.6433150002267212,1.6055717477574944,1.6078652748838067,1.6189173409560074,109780354719744.0,134217728,128,0.0479246154427528,32,64,2,256,152970.0,bin_2
v2_114,1.255320258836285,0.3529123345790012,1.2733387601329014,1.237831697333604,1.2327152150683105,1.2479618908449386,5047036357632.0,134217728,256,0.0011248582741245,32,4,16,128,5578.0,bin_1
v2_117,1.053220161962283,0.5,1.6497061552945524,1.6071372237056494,1.6082896059378982,1.6217109949793669,6949265530454016.0,536870912,128,0.0314841046929359,32,128,8,128,2188298.0,bin_3
v2_121,1.076344470681727,0.5,1.6464489669306204,1.6050382759422064,1.607125592418015,1.619537611763614,40319872241664.0,2147483648,16,0.0208987724035978,32,4,8,128,2922.0,bin_2
v2_123,1.1376400839119696,0.5090809422059422,1.689558197162114,1.6377047044225037,1.6413733307272196,1.656212077437279,7096696320000.0,2097152,64,0.0147624891251325,32,64,8,256,553482.0,bin_1
v2_124,0.940162639441372,0.7426329939901369,1.091281886150682,1.0191700346767902,1.0093199550174177,1.0399239586149631,47104021366272.0,2147483648,256,0.0041163936257362,32,4,8,256,2922.0,bin_2
v2_125,1.068121733124402,0.3921217904670285,1.5623044189997015,1.537471161223948,1.5372972041368484,1.545690928120166,639856020480.0,134217728,128,0.0002227056975243,32,4,2,128,930.0,bin_0
v2_126,1.0649611685111209,0.5481929939548987,1.6478433611337095,1.6088680196553469,1.611181559972465,1.6226309802538406,109329623353344.0,8388608,16,0.0005534798256121,32,64,32,128,2155530.0,bin_2
v2_129,1.0015149530454666,0.3311005286600525,2.024163258029148,2.0034472653642297,2.000047428533435,2.0092193173089377,790469011968.0,8388608,256,0.0020176169928163,32,4,32,256,10890.0,bin_0
v2_130,1.0577846603509615,0.5,1.6423534771893171,1.605430238880217,1.6078717457130551,1.6185518205941964,5878969264896.0,134217728,64,0.0172522943466901,32,4,16,256,5578.0,bin_1
v2_132,0.9490626265925938,0.633323175501747,1.0792053399563883,0.9876374313607812,0.9655900388024748,1.010810936706548,1749034753499136.0,134217728,128,0.000463502772618,32,128,8,256,2188298.0,bin_3
v2_133,1.0632767295581382,0.5,1.6429759447928518,1.6032591937109828,1.6064254883676767,1.617553542290504,2.797178079156019e+16,2147483648,128,0.0216351691633462,32,64,32,256,2155530.0,bin_3
v2_134,1.0537047520288971,0.4236175455937361,1.6669171394314617,1.621452847495675,1.6262149084359407,1.638194965121026,440666908975104.0,2097152,64,0.000118095173093,32,256,32,128,33984522.0,bin_3
v2_135,0.9655783861799266,0.376862690219833,1.0617142696282826,1.0194092197343707,1.0177624789066613,1.0329619894231048,2547718889472.0,536870912,128,0.0177294723689556,32,4,2,128,930.0,bin_1
v2_136,1.059214719895173,0.4985301426968094,1.6459849793463943,1.607373308390379,1.6090477742254734,1.6208020206540823,11782886579712.0,134217728,64,0.0087347906082868,32,4,32,256,10890.0,bin_1
v2_137,0.2311033900892183,0.9868602702412224,0.902381229265302,0.8747031078673899,0.878622499993071,0.8852356123752543,6969141350670336.0,2147483648,128,0.0008815694018267,32,128,2,256,600842.0,bin_3
v2_138,0.9749967956883546,0.5049879053926672,1.6851050883997232,1.6552020320668817,1.655074305832386,1.6651271420996636,113215730036736.0,2097152,32,0.0093414559960365,32,128,32,128,8538122.0,bin_2
v2_139,1.2669216212222902,0.4854708285541619,1.2878608546452597,1.2596989958547056,1.2612780593335629,1.269612636611176,315670387968.0,8388608,16,0.0011834207689389,32,4,16,128,5578.0,bin_0
v2_140,1.0934793402600933,0.5050830186127805,1.6926861596293747,1.6436390597373247,1.646842498332262,1.661055905899654,436181775998976.0,8388608,16,0.0029919068329036,32,128,32,128,8538122.0,bin_3
v2_141,1.059808703150818,0.4893584193584194,1.6483873963588849,1.6068154945969582,1.6076469151303172,1.6209499353620531,2.792483610373325e+16,2147483648,128,0.0023524013813585,32,64,32,128,2155530.0,bin_3
v2_142,1.0531511436543928,0.4896163866997201,1.6465698743704706,1.6074560470879078,1.6082829721271992,1.6207696311951925,2.779904491761869e+16,536870912,256,0.0097862239927053,32,128,32,128,8538122.0,bin_3
v2_144,1.058810953275487,0.5213660413660414,1.646597192506306,1.6051994673907757,1.6068739295005798,1.619556863132554,1743637216886784.0,536870912,32,0.0100314291194081,32,128,2,128,600842.0,bin_3
v2_145,0.4348071997391602,0.9520310434715196,0.9558556703996146,0.9196099527180196,0.9189575207419692,0.9314743812865344,6945790824431616.0,536870912,128,0.0006944308406673,32,256,2,128,2381322.0,bin_3
v2_147,1.081054463197452,0.497544585044585,1.6469125819858164,1.6054085018113256,1.6084405248984694,1.6202538695652038,1.108598334393385e+17,2147483648,16,0.0005051253247074,32,256,8,128,8701962.0,bin_3
v2_150,0.947732613010489,0.5930871654800226,1.0223896546231117,0.9496958379168065,0.9452128233388066,0.9724327719595748,2.793560084533248e+16,2147483648,256,0.0002926216693595,32,64,32,128,2155530.0,bin_3
v2_154,0.9509030286591712,0.6430596898692137,1.102425651588419,1.0255129295401275,1.011398661416024,1.0464457475148568,11882466539520.0,2147483648,64,0.0012180703924968,32,4,2,256,930.0,bin_1
v2_155,0.7059797624890755,0.8927864265364266,1.0423499285716389,0.9295242968946696,0.9158089885022492,0.9625610713228524,1750035907338240.0,536870912,128,0.0007987744174897,32,64,8,256,553482.0,bin_3
v2_157,1.3971983576009277,0.4908112249302725,2.0028508407995105,1.975401196628809,1.9703585589304569,1.9828701987862587,13469176872960.0,2097152,256,0.0146396188065409,32,64,16,128,1087498.0,bin_1
v2_158,0.4266428624961971,0.9521705930753548,1.099716448909021,0.9726325464434922,0.937758090440184,1.0033690285975656,109495925637120.0,134217728,16,0.0007206652662716,32,64,2,128,152970.0,bin_2
v2_160,1.052709880858289,0.6314733449971546,1.647553619230166,1.606339887715876,1.607317490503192,1.6204036658164114,10046156963328.0,134217728,32,0.0014720193576067,32,4,32,128,10890.0,bin_1
v2_161,1.0495243562676395,0.4834039734515925,1.798885191557929,1.7675144216045735,1.7689664252102375,1.7784553461242467,217125398784.0,2097152,64,0.0090410904958844,32,4,32,256,10890.0,bin_0
v2_162,0.9609323581948096,0.6632013009036819,1.1709647828247398,1.1079150470905006,1.1083481437526643,1.129075991222635,27348791820288.0,8388608,64,0.0024708455894142,32,128,2,128,600842.0,bin_2
v2_164,0.9583401429668852,0.6029394031894032,1.1137912996055093,1.032383252400905,1.0270296428352594,1.0577347316138912,47032818906624.0,2147483648,256,0.000729180406779,32,4,8,256,2922.0,bin_2
v2_168,1.0371615923939164,0.5088870648751601,1.6656124072615055,1.621913238428533,1.6229262156412003,1.6368172871104132,869704862650368.0,8388608,16,0.0262331515550613,32,256,16,128,17129482.0,bin_3
v2_169,1.5080507322598085,0.5122804122685075,2.010570975311566,1.9419260444119573,1.9501376077532768,1.9675448758256,435624465131520.0,2097152,32,0.0010890768608078,32,256,32,128,33984522.0,bin_3
v2_170,1.08866306597322,0.5180524413857748,1.6514945136150343,1.6082014692947268,1.6102108741179109,1.6233022856758907,6943409510141952.0,134217728,32,0.0075724520720541,32,128,32,128,8538122.0,bin_3
v2_171,1.0652354461486528,0.5437244353970545,1.6487078431528062,1.6059723384678364,1.6078148763626814,1.6208316859944414,10092917182464.0,536870912,128,0.0096484152600169,32,4,8,128,2922.0,bin_1
v2_172,0.9176765615638892,0.7010276394681156,1.079194132493285,1.0030346671119332,0.9834003229625524,1.021876374189257,1746970656325632.0,536870912,256,0.0001188366441056,32,128,2,256,600842.0,bin_3
v2_173,1.060105585650719,0.5011562049062048,1.6484341270988807,1.6060595232993364,1.6075331084430218,1.620675586280413,1.3968336685940736e+16,2147483648,16,0.0016926649259403,32,64,16,128,1087498.0,bin_3
v2_177,1.0774996785442272,0.4183046746022936,1.6484222962753847,1.6055137477815151,1.6091838674619794,1.621039970506293,1764481431515136.0,8388608,256,0.0001179903701995,32,256,32,128,33984522.0,bin_3
v2_179,1.0468045351511193,0.504957264957265,1.6435475060716271,1.6043302351608872,1.60820188280195,1.6186932080114882,1740626817908736.0,134217728,16,0.009883189573884,32,256,2,256,2381322.0,bin_3
v2_180,1.0042992956289598,0.6100717791908269,2.044425133615732,2.0240862565115094,2.019980888813734,2.0294974263136587,632595495936.0,8388608,64,0.0002193154941778,32,4,32,128,10890.0,bin_0
v2_181,1.0094631636499312,0.5489365559484607,2.1471115516033024,2.1404593186452985,2.145616726949811,2.144395865732804,47785327872.0,2097152,16,0.0008894378552213,32,4,8,256,2922.0,bin_0
v2_183,1.4173566866284195,0.4846274981632124,1.925493343384005,1.8878434300422668,1.881709840148688,1.8983488711916527,112282949695488.0,2097152,64,0.0111252600327134,32,128,32,128,8538122.0,bin_2
v2_184,1.108430883732906,0.6529765935123079,1.8325756886042648,1.8060366958379743,1.816286931745708,1.8182997720626493,59243871744.0,2097152,128,0.0315209217369556,32,4,8,256,2922.0,bin_0
v2_188,1.0351973559038428,0.5043796727963394,1.6481996700167656,1.6122419349849224,1.613702703267336,1.624714769423008,6935613367074816.0,134217728,64,0.0056881802156567,32,256,8,128,8701962.0,bin_3
v2_189,1.047912306493803,0.4749394155227488,1.6446598505135626,1.6060332171618938,1.6075895940884948,1.619427553921317,1.3923267545720832e+16,536870912,256,0.0015448302729055,32,128,16,256,4304906.0,bin_3
v2_191,1.0625170006867748,0.5285702815702816,1.645525523694232,1.6040269481018186,1.6069474378600717,1.6188333032187074,2.780218326908928e+16,2147483648,64,0.0019360996084287,32,256,2,256,2381322.0,bin_3
v2_192,1.070612292633661,0.5,1.6483645122498274,1.607482341118157,1.60902782343328,1.6216248922670882,10053245156352.0,536870912,32,0.0243349019438028,32,4,8,128,2922.0,bin_1
v2_194,1.642490338682702,0.4919079075686217,2.05935344658792,2.032256266567856,2.0851826798170805,2.0589307976576188,873549482870784.0,8388608,256,0.0037587576080113,32,256,16,256,17129482.0,bin_3
v2_196,1.0372465854935715,0.509321994363661,1.6691669344436375,1.6318968003615737,1.6321369847282767,1.644400239844496,109861697323008.0,8388608,16,0.0115727549418807,32,256,2,256,2381322.0,bin_2
v2_201,1.0341857924266604,0.4786669745598317,2.268927100347355,2.2651347890496254,2.271761905401945,2.2686079315996417,56965312512.0,2097152,256,0.0009548988891765,32,4,8,256,2922.0,bin_0
v2_203,1.0544245426626224,0.5,1.6482461345149204,1.606126836501062,1.608435676433146,1.620936215816376,3492109887504384.0,536870912,16,0.0490630343556404,32,64,16,128,1087498.0,bin_3
v2_204,1.1998176902270017,0.5160804926995403,1.6648810979677364,1.6261164555326104,1.6304668011143804,1.6404881182049091,868686178873344.0,8388608,32,0.0369352027773857,32,256,16,128,17129482.0,bin_3
v2_205,1.0455053107977748,0.5776059650226317,1.902294710278511,1.882990975864232,1.8911667447537184,1.8921508102988205,41779035648.0,2097152,32,0.0032767744269222,32,4,8,128,2922.0,bin_0
v2_206,1.0701376681531365,0.4879554856519141,1.657912532100454,1.612126464024186,1.6130228089168668,1.627687268347169,6947111630886912.0,134217728,32,0.0004071228613611,32,128,32,128,8538122.0,bin_3
v2_210,1.0324406675926852,0.5,1.6468386582564565,1.6083721267059443,1.6095949420705438,1.6216019090109814,2929474475520.0,134217728,32,0.0244222376495599,32,4,8,256,2922.0,bin_1
v2_211,0.9523559711399252,0.6443733334566668,1.1408303577190964,1.0497082630172372,1.0437227115035057,1.078087110746613,46867575293184.0,536870912,64,0.0005364937824197,32,4,32,256,10890.0,bin_2
v2_213,1.150133293545869,0.3888103422151041,1.529053407604806,1.5070978244766593,1.509744700975716,1.515298644352394,5929526029056.0,134217728,256,0.0010637500090524,32,4,16,256,5578.0,bin_1
v2_214,1.0581918096223093,0.5,1.65116079733707,1.608949356712401,1.6106872083619237,1.6235991208037983,80561177734656.0,2147483648,32,0.0467116944491863,32,4,16,128,5578.0,bin_2
v2_215,0.9356913065873828,0.5861502289597528,1.1180210929742316,1.001952133141458,0.9934833790175616,1.0378188683777505,46938380093952.0,2147483648,64,0.0015240523498505,32,4,8,256,2922.0,bin_2
v2_217,1.1806713520693624,0.5453960210864972,1.7093497591558844,1.6599632976576686,1.661646718159318,1.6769865916576236,217754995027968.0,2097152,16,0.0002700684708543,32,256,16,128,17129482.0,bin_2
v2_221,1.020222117659538,0.6496746930318358,1.5939634214155376,1.5605878122150898,1.550794650800526,1.5684486281437178,221077431226368.0,2097152,128,0.0001074492829502,32,256,16,128,17129482.0,bin_2
v2_223,1.029919104715206,0.5326480919873776,1.654021728783846,1.6126544075086713,1.6143229752779007,1.626999703856806,1730299527168.0,2097152,16,0.0166191291064023,32,64,2,128,152970.0,bin_0
v2_226,1.0855504003251517,0.5328418803418803,1.6469966124277562,1.604544318281114,1.6089670564979317,1.620169329068934,189335228928.0,8388608,32,0.0463297069072723,32,4,8,256,2922.0,bin_0
v2_229,1.0753471352293715,0.4948762533762533,1.6630253453040496,1.6181196216493845,1.6233273390680552,1.634824102007163,54715781849088.0,8388608,64,0.0063754189759492,32,64,16,128,1087498.0,bin_2
v2_236,0.9596252288883236,0.362107272797749,1.1341828583535971,1.0528496406041086,1.0367969148792326,1.0746098046123127,2937197345280.0,134217728,16,0.0015253085875883,32,4,8,256,2922.0,bin_1
v3_1,1.0463169972369866,0.5073093203093203,1.6486565261147916,1.606331542134285,1.6084595182910562,1.6211491955133777,228487769822208.0,536870912,256,0.004733988083899,128,16,16,128,72202.0,bin_3
v3_2,1.084305674694188,0.3979864469745422,1.6489780026022345,1.6063646795228124,1.6106929602101443,1.6220118807783972,14358893125632.0,2097152,128,0.0020175438839942,32,64,16,128,1087498.0,bin_1
v3_3,0.921782954171579,0.598243705148467,0.9762914775492392,0.9437672113999724,0.9440982472151518,0.9547189787214544,266361090052608.0,4294967296,128,0.0022390820086002,64,8,8,256,10058.0,bin_3
v3_4,1.0783380166122796,0.4868449482616149,1.6438606105512008,1.6041151247918606,1.607859682291746,1.6186118058782692,582337218051840.0,2147483648,256,0.0055863484740257,32,8,32,512,38282.0,bin_3
v3_5,1.0675919938464904,0.5,1.644996976479888,1.6041826335713267,1.6063686879351735,1.618516099328796,1858228526410752.0,8589934592,16,0.0169093944132328,32,16,8,256,37002.0,bin_3
v3_8,1.0659094835615923,0.5,1.6529399142600596,1.6099937446415424,1.6107180025428534,1.6245505538148184,1009281173784576.0,4294967296,128,0.0223217513412237,64,8,32,128,38282.0,bin_3
v3_9,0.9698741776500768,0.3937369834750787,1.1067590631428177,1.0724267694167793,1.0806665886193514,1.086617473726316,897440000501760.0,2147483648,16,0.0044748960062861,32,32,4,512,73610.0,bin_3
v3_10,0.995416782722845,0.2558403179712703,1.1613487938520848,1.061179367825389,1.032069182489067,1.084865781388847,111330607435776.0,134217728,64,0.000210525598959,32,32,8,256,141578.0,bin_2
v3_11,0.9961003249166996,0.3440983205507015,2.1766353813000023,2.171985577791929,2.1696680411696434,2.172763000087192,30646796544.0,2097152,256,0.033965528011322,64,4,2,512,930.0,bin_0
v3_13,0.8961271828438142,0.7686743080552604,1.0081079972951557,0.9609239066485316,0.953460848890245,0.974164250944644,132130084776960.0,2147483648,256,0.0050084637477993,32,8,8,256,10058.0,bin_2
v3_14,1.0626039690558926,0.4755076202457154,1.6434026926290244,1.6034574694931507,1.6065996224060657,1.61781992817608,12194153509632.0,536870912,32,0.0098478235304355,64,4,8,256,2922.0,bin_1
v3_16,1.209913533723426,0.398387900459329,1.1770643767376896,1.1338130799122157,1.1358286910690367,1.1489020492396471,7533068236800.0,134217728,32,0.0012147612869739,128,16,2,512,10602.0,bin_1
v3_17,0.825779914016711,0.8664619062595253,0.9695564568392,0.9315426363609732,0.9333137134090066,0.9448042688697266,873853258825728.0,2147483648,128,0.0008363543311133,128,32,4,128,73610.0,bin_3
v3_22,1.0768683460462842,0.5014460385293718,1.6474985016975552,1.6061759823933244,1.6080065397545695,1.6205603412818164,6840566661685248.0,2147483648,128,0.0075825043022632,128,128,2,128,600842.0,bin_3
v3_24,0.9834479760597156,0.4537515689777594,2.253149970434606,2.254104306921363,2.2519309259951115,2.2530617344503603,291492427776.0,2097152,128,0.0003099334135185,32,8,16,128,19466.0,bin_0
v3_25,0.9250954560011326,0.730226007237912,1.202606508388271,1.039881610777229,1.0093203112483025,1.0839361434712675,484544152994304.0,8589934592,64,0.000691270106472,32,4,16,512,5578.0,bin_3
v3_29,1.0601702584894015,0.5544228875181255,1.646423492114991,1.605980793945491,1.6075612790882587,1.619988521716247,115992469103616.0,536870912,256,0.0099622951820492,128,16,8,256,37002.0,bin_2
v3_32,1.031829270623746,0.5079985292485293,1.648201836971566,1.6135708997026086,1.61534805316478,1.6257069299463185,6847212574396416.0,2147483648,32,0.0065779061987996,128,128,2,256,600842.0,bin_3
v3_34,1.1110110703516287,0.389697348947349,1.2084251605556346,1.1612662659026682,1.1591209368780255,1.176270787778776,11755106734080.0,134217728,32,0.0003230915754102,32,4,32,256,10890.0,bin_1
v3_36,0.0659405010015842,0.9982672759339426,0.8074894306309943,0.7880606835242361,0.809750231099315,0.8017667817515152,2.81844992704512e+16,34359738368,256,0.0020194004755467,64,32,8,256,141578.0,bin_3
v3_40,0.9611346632533554,0.703411383589955,2.239751318935305,2.236872276291251,2.2370770759880543,2.237900223738204,8762580762624.0,134217728,256,0.0005797003977932,128,4,16,512,5578.0,bin_1
v3_42,1.07308590083844,0.5009391534391535,1.644735025940463,1.605487002059817,1.6084222318604589,1.6195480866202463,951043047565824.0,2147483648,64,0.0160004794597625,64,16,16,512,72202.0,bin_3
v3_43,0.1660860090618329,0.9938340777388396,0.878442656052357,0.8559915157966316,0.8706085190642625,0.8683475636377503,5.470348567495066e+16,8589934592,64,0.000115235139674,128,128,4,128,1129994.0,bin_3
v3_44,1.0780581444284878,0.6198545986641225,1.6172618160489949,1.5827056914567947,1.5816991766914723,1.5938888947324206,61271833724928.0,2097152,128,0.0024694839958101,128,256,2,512,2381322.0,bin_2
v3_45,0.9494711593296566,0.6226710529329577,1.0661722347940668,1.0173084326088428,1.0234801778569818,1.0356536150866305,369382197762048.0,17179869184,256,0.0001940907095558,128,4,8,128,2922.0,bin_3
v3_48,0.3174347947944956,0.986055237531428,0.9263150544429664,0.8952928751241416,0.9007607391104102,0.907456222892506,252576154598400.0,17179869184,16,0.0011872512986883,32,8,2,128,3002.0,bin_3
v3_50,0.9216181737110816,0.7725050998384332,0.984004633843142,0.9338398221880198,0.9355418588966132,0.9511287716425916,1770634004146176.0,8589934592,128,0.0008626685594208,128,32,2,512,39626.0,bin_3
v3_52,1.052586584134181,0.5,1.6440298571251333,1.6044391691684723,1.6066847844049337,1.6183846035661795,1.3823388928948224e+16,17179869184,32,0.0138224028050899,128,64,2,512,152970.0,bin_3
v3_53,1.0470195012690746,0.5006810781810781,1.643937132321298,1.6051243441179397,1.6083372244611382,1.6191329003001254,3480720873504768.0,536870912,32,0.0084460983052849,32,128,4,256,1129994.0,bin_3
v3_54,0.4251111317688225,0.9064100414576606,1.024310863471328,0.9063465592917056,0.9016364691779016,0.9440979639803118,1848112582497792.0,4294967296,256,0.0007849227404221,64,16,16,256,72202.0,bin_3
v3_55,0.9461956865170164,0.69324354525545,1.1250423856618,1.032584591768682,1.017612345982343,1.0584131078042749,14557241284608.0,134217728,128,0.0029767870437353,32,16,4,256,19402.0,bin_1
v3_56,0.9651980940475228,0.3992517671922433,2.001928976271301,1.991139599122107,1.9940229943022127,1.9956971898985405,1208435521536.0,2097152,128,0.005633336957544,32,16,16,512,72202.0,bin_0
v3_57,1.2102959660976182,0.520920005920006,1.784505168441683,1.7245435458607972,1.736127802170813,1.7483921721577644,7394419316736.0,2097152,16,0.0200703795999288,64,32,32,256,549386.0,bin_1
v3_58,1.070063071773945,0.5160903818403818,1.6418562880717218,1.603456523269415,1.606901473365724,1.6174047615689535,1.3927383666794496e+16,2147483648,64,0.0033138005528599,32,128,4,512,1129994.0,bin_3
v3_59,1.0576307799871525,0.4973928848928848,1.6428893313277513,1.6045928243547678,1.6074078567326069,1.618296670805042,7166121043304448.0,8589934592,256,0.0131481671705842,32,32,8,512,141578.0,bin_3
v3_60,1.012923442376641,0.5733437629390011,1.0894851715638652,1.039422627072781,1.0314991693012416,1.0534689893126294,58366547718144.0,536870912,256,0.0089131826534867,128,16,4,256,19402.0,bin_2
v3_63,0.5403685783972693,0.9436874589255542,0.9388012156232436,0.908026184188202,0.919397332239896,0.9220749106837806,2.7399915356534784e+16,8589934592,128,0.0003011820372194,128,128,2,512,600842.0,bin_3
v3_64,0.9823092994292044,0.3936059918917061,2.289433798287064,2.28975067473948,2.2906072232872248,2.2899305654379227,1842319718400.0,8388608,128,0.000113190842967,64,16,8,256,37002.0,bin_0
v3_65,1.0068355854372228,0.608687197722912,2.040986019652337,2.020459862425924,2.016217596828937,2.0258878263023994,988853139072.0,8388608,16,0.0002357050980208,32,4,32,512,10890.0,bin_0
v3_68,0.4350066702512689,0.9322575590194638,0.9227442488772796,0.8920789535623044,0.8977790253702551,0.9042007426032797,1091967034763520.0,17179869184,16,0.0007371547399088,128,8,8,256,10058.0,bin_3
v3_72,1.0422528614070323,0.526311301352968,1.6451091540511698,1.6069938382133842,1.608850011602044,1.620317667955533,32943749217024.0,134217728,16,0.0023235853295773,32,8,32,256,38282.0,bin_2
v3_74,1.0546903234522764,0.6711478931121787,1.5934544724877924,1.5777076175436378,1.579279440455139,1.5834805101621896,16253519414784.0,134217728,64,0.0001745937770465,128,8,16,128,19466.0,bin_1
v3_75,1.0856578466300415,0.4796875901875903,1.6486631298903376,1.6064987974241376,1.6096952920779586,1.621619073130811,2.7503659026226176e+16,134217728,64,0.0125630712136626,64,256,32,128,33984522.0,bin_3
v3_76,0.3522924023613438,0.9480710074757692,0.878609681596572,0.8579640290699899,0.8727059622760862,0.8697598909808827,1091691656832000.0,17179869184,16,0.0022712363861501,128,8,8,256,10058.0,bin_3
v3_81,0.4721334548514993,0.90320292758388,0.9569930398720315,0.9088779804296792,0.9090714359190316,0.9249808187402474,532333078155264.0,8589934592,32,0.0003025122568942,64,8,8,256,10058.0,bin_3
v3_84,1.0521303355363667,0.5,1.6496638372773305,1.6075322311371565,1.6089050183072686,1.6220336955739183,5.458888786846925e+16,4294967296,32,0.0376176834106445,128,256,2,128,2381322.0,bin_3
v3_85,1.0524375611124526,0.5,1.6440853013191372,1.6045929389074445,1.607324631884694,1.618667624037092,532023244006656.0,4294967296,256,0.03888850659132,64,8,16,256,19466.0,bin_3
v3_86,0.9965683649018316,0.6932005948196425,2.06393522862345,2.058937816880644,2.0562254106625915,2.059699485388895,15724291605504.0,2097152,256,0.0193598885089159,64,64,16,256,1087498.0,bin_1
v3_87,0.6958667110989062,0.8194415143938953,0.9743212851535644,0.9401547810994088,0.941023388877511,0.9518331517101616,137029915227648.0,8589934592,32,0.0064941388554871,128,8,2,256,3002.0,bin_2
v3_88,0.9546020766213716,0.6597472597948788,1.0496175056650827,0.9899124868679792,0.9819996780715884,1.0071765568682167,29741829003264.0,536870912,16,0.0016079939668998,64,16,2,512,10602.0,bin_2
v3_89,1.01013394199753,0.4401441662394043,1.103161006445589,1.027577804401517,1.0208985023200512,1.0505457710557191,30259623154176.0,2147483648,64,0.0008741085766814,32,4,4,512,1594.0,bin_2
v3_91,1.0631071009040995,0.3207869828584114,1.2687253624899313,1.2311509465798736,1.235677408054471,1.2451845723747583,898487147520.0,8388608,16,0.0037520315963774,128,16,4,256,19402.0,bin_0
v3_93,1.0603766995508537,0.5,1.6435654209926724,1.6039096312597394,1.6064804792404177,1.6179851771642764,1.421544356915712e+16,34359738368,128,0.0248917415738105,64,32,4,512,73610.0,bin_3
v3_96,1.2037814427464772,0.5849229161491065,1.2043045262398664,1.1688352981582284,1.1846558996476233,1.1859319080152393,27364181139456.0,2097152,16,0.0004177376977168,64,128,8,128,2188298.0,bin_2
v3_97,1.0620708855682868,0.5,1.645920331357047,1.6062277453020215,1.6072651771828532,1.6198044179473072,3653370266916864.0,17179869184,16,0.0275266841053962,128,16,8,128,37002.0,bin_3
v3_98,0.2184654256786783,0.983458069267593,0.8760907261057582,0.8541658876929432,0.8664979697205126,0.8655848611730713,2.758633077779251e+16,34359738368,16,0.0027614291757345,128,64,2,256,152970.0,bin_3
v3_99,1.2862903329485762,0.3809916679440488,1.290818837005645,1.2136961100623012,1.184454219415784,1.22965638882791,54498343735296.0,2097152,16,0.000127131541376,32,128,16,128,4304906.0,bin_2
v3_100,0.9975851257680544,0.2743522817570436,1.3009324612794444,1.2590003162622452,1.26405559014529,1.2746627892289932,19008125785728.0,536870912,256,0.0273604784160852,128,8,4,512,5354.0,bin_1
v3_101,1.085844008506505,0.51498704998705,1.6500616146950051,1.6061320025473833,1.6097817979753015,1.6219918050725637,5.455871525885338e+16,2147483648,128,0.0067962063476443,128,256,4,256,4488202.0,bin_3
v3_102,1.0595979329110186,0.5134920542420542,1.6420348349492997,1.6034898702055216,1.6070465669035912,1.617523757352804,6956889615691776.0,536870912,256,0.0365926101803779,32,128,8,256,2188298.0,bin_3
v3_105,1.0596377029364223,0.5380132120965454,1.0869605166299152,1.0215927534736693,1.0210315459407866,1.043194938681457,121135097508480.0,2147483648,64,0.0008007017313502,32,4,16,512,5578.0,bin_2
v3_106,0.9375639690497368,0.7837236194140956,1.001196253913804,0.9518556939437984,0.9507586578838528,0.9679368685804852,865136304881664.0,536870912,128,0.0004132721514906,64,64,4,128,286474.0,bin_3
v3_107,0.2576467096682751,0.9791965578513198,0.9097370771632995,0.8694152352400124,0.8759047612547874,0.8850190245526998,3552170327556096.0,17179869184,256,0.0004495866596698,32,32,2,128,39626.0,bin_3
v3_110,1.0669732271380945,0.5106840196840197,1.6453435379080474,1.6047958070412278,1.607074435800314,1.6190712602498631,132247196974080.0,536870912,256,0.0200412217527627,32,8,32,256,38282.0,bin_2
v3_112,1.0741875661668083,0.5037519610019608,1.645365837728605,1.6050037629902365,1.6076017692685127,1.6193237899957846,432790422859776.0,134217728,32,0.0132621498778462,64,64,8,128,553482.0,bin_3
v3_114,0.8552870449919837,0.7368876837448267,0.989674706808728,0.9496993718203156,0.946924213785678,0.9620994308049072,66837887284224.0,4294967296,128,0.0054461788386106,64,8,2,256,3002.0,bin_2
v3_115,1.1430216474985733,0.3835335246763818,1.5580362930195406,1.5240580663084984,1.5393247352913022,1.5404730315397803,66656606208.0,2097152,64,0.0095036327838897,64,8,4,128,5354.0,bin_0
v3_119,0.3776477828623134,0.9558237282999188,0.9320885034212552,0.9064339657779784,0.9104911745525897,0.9163378812506076,955723280825856.0,17179869184,32,0.0099164461717009,128,16,2,512,10602.0,bin_3
v3_120,0.1954247482968752,0.985916760488189,0.853630399587928,0.8275194154120982,0.8465357951354235,0.8425618700451499,1848333694390272.0,8589934592,16,0.0008446444408036,64,16,8,256,37002.0,bin_3
v3_126,1.016129385361114,0.4073881493286255,2.300429676892236,2.3020619582384825,2.301329398527741,2.301273677886153,842950986240.0,2097152,256,0.014497647061944,128,16,8,256,37002.0,bin_0
v3_127,1.0956325956699542,0.2917505365005364,1.337116647628136,1.30162109201774,1.30112465005368,1.3132874632331852,7375071313920.0,2097152,64,0.0034754041116684,32,128,2,256,600842.0,bin_1
v3_128,1.057082346514404,0.5073362193362193,1.644639618229121,1.604062905535102,1.606544795446098,1.618415773070107,194886185294208.0,2147483648,128,0.0043692928738892,64,4,32,256,10890.0,bin_2
v3_130,1.2054881377011626,0.3598731189445474,1.2609410689619835,1.228247621562332,1.2260818951763213,1.238423528566879,27561580167168.0,2097152,16,0.0001545625273138,32,256,2,512,2381322.0,bin_2
v3_131,0.3923128402080181,0.948058973213735,0.954201354063116,0.9251651274971664,0.9305575625039636,0.9366413480214154,1747218422123520.0,2147483648,16,0.0023758762981742,128,32,8,128,141578.0,bin_3
v3_132,0.314983834019056,0.9550909227456846,0.9606631295173428,0.8723682858981192,0.8766099375206977,0.9032137843120532,1056141655345152.0,4294967296,32,0.0010122889652848,32,8,32,256,38282.0,bin_3
v3_137,0.1932625615734764,0.988921696909792,0.8910539974203857,0.8625654233619571,0.8702356978319585,0.8746183728714337,1.3861567005155328e+16,17179869184,32,0.0003777460078708,64,64,2,128,152970.0,bin_3
v3_140,0.782039838487193,0.7568097695954838,1.003862441099045,0.968863335903734,0.9694514800794424,0.9807257523607404,75215165274624.0,4294967296,32,0.0164554025977849,128,8,2,512,3002.0,bin_2
v3_142,0.285179030811667,0.9864794663008948,0.9253133737875032,0.8889745341148227,0.8928958161268383,0.902394574676388,1735780196843520.0,2147483648,128,0.0016687229508534,64,64,2,256,152970.0,bin_3
v3_143,1.0482466880196493,0.5227710955270478,1.6501200585626066,1.6163765918463469,1.618859506212175,1.6284520522070427,111108003489792.0,134217728,32,0.0052441214211285,64,32,8,512,141578.0,bin_2
v3_146,0.972017135617346,0.378649547101928,1.931200938066468,1.916126800701022,1.9220269601792097,1.9231182329822327,112724381030400.0,8388608,128,0.0001028056140057,128,256,2,512,2381322.0,bin_2
v3_147,0.0671698779884311,0.996772807439474,0.8305811229438405,0.8026945979800075,0.8217637633206323,0.8183464947481601,1.4093442781218816e+16,17179869184,256,0.001725987996906,64,32,8,256,141578.0,bin_3
v3_148,1.0116643329488315,0.4271536774512965,1.944232298759744,1.933757479302585,1.9390453156083824,1.939011697890237,7942424924160.0,2097152,128,0.001136798178777,64,64,8,512,553482.0,bin_1
v3_149,1.0251602186988846,0.3371975313046741,1.781424350105226,1.7578809009864926,1.7602312322705984,1.7665121611207724,35839212288.0,2097152,64,0.0353289544582366,128,4,4,256,1594.0,bin_0
v3_150,0.1632564874076336,0.9901798505727076,0.8755934892760706,0.846633872250095,0.8538529884535819,0.8586934499932491,5.58069543333888e+16,17179869184,32,0.0003463528992142,32,128,2,512,600842.0,bin_3
v3_153,0.9987509814646244,0.3972598688789164,2.0174073106609285,2.0077338460832834,2.0109121911227703,2.012017782622328,485583883776.0,2097152,16,0.0007171368342824,32,16,8,512,37002.0,bin_0
v3_154,0.9993184519499112,0.395714593166974,1.1062208683870267,1.0591964996419847,1.072309446055442,1.0792422713614844,433072522315776.0,134217728,64,0.0001877606991911,128,64,8,256,553482.0,bin_3
v3_155,0.872431139581435,0.7056416321773465,1.0269424668513238,0.9774660603143276,0.9809856554493308,0.995131394204994,389676411679488.0,17179869184,128,0.0005217505386099,64,4,8,256,2922.0,bin_3
v3_157,0.4684030415471278,0.8928989943037561,0.936462714085792,0.8813654866535217,0.8894726547878236,0.9024336185090456,475855132581120.0,2147483648,32,0.0013283414300531,64,16,8,512,37002.0,bin_3
v3_158,0.9638725343373146,0.6603647714719143,2.082105700392276,2.0724754398688674,2.0741955395787954,2.0762588932799795,366072561408.0,8388608,128,0.0030398094095289,32,4,16,256,5578.0,bin_0
v3_160,1.0681790193589429,0.5228708676684867,1.647093964740634,1.604954332113266,1.6069843424484134,1.6196775464341044,3638260207140864.0,4294967296,256,0.0005242643528617,64,16,32,128,142602.0,bin_3
v3_163,1.066224214176828,0.5,1.6449677115306258,1.603880944661796,1.60728719830513,1.618711951499184,955899441828864.0,17179869184,32,0.0314312279224395,128,16,2,512,10602.0,bin_3
v3_164,0.967707074879944,0.3989177423105994,1.0113079848524649,0.974006692878902,0.975328305736184,0.9868809944891836,260736635606016.0,17179869184,256,0.0002467987651471,128,8,2,128,3002.0,bin_3
v3_165,1.1044047572541882,0.5,1.6545257632387802,1.610440596472472,1.6130288783460855,1.6259984126857792,23114543454720.0,2147483648,16,0.0342993400990963,128,4,4,128,1594.0,bin_1
v3_167,1.0682622826839818,0.5,1.648349126568064,1.6058537708595395,1.6075117271393538,1.6205715415223192,5.547203341103923e+16,2147483648,32,0.0057873954065144,32,256,4,128,4488202.0,bin_3
v3_169,1.2982630971312747,0.3290361160004016,1.2568005863577127,1.201231260318309,1.1845131660811603,1.2141816709190607,23524056707328.0,536870912,256,0.0006400176207534,32,4,16,256,5578.0,bin_1
v3_172,0.9664050415533584,0.4536211169782598,1.4284856650047004,1.3958023595623672,1.38894615881145,1.4044113944595058,6829440544813056.0,536870912,32,0.0018528011860325,128,256,2,512,2381322.0,bin_3
v3_175,0.9647840381244918,0.5999446875875448,1.9312378745526075,1.9204830545932048,1.924950503744185,1.925557144296666,18576376934400.0,2097152,256,0.0002259646280435,32,64,16,256,1087498.0,bin_1
v3_177,0.9260649974632732,0.7432451463880034,1.0603104651818285,1.0054511586204171,1.0017420928925276,1.0225012388982575,1723003292393472.0,536870912,128,0.0001664300652919,64,128,2,512,600842.0,bin_3
v3_178,0.1215848149113874,0.9952390554771506,0.8758875013336365,0.8393576508387923,0.8490145807154477,0.8547532442959588,1794858024357888.0,4294967296,32,0.0012657559709623,32,32,4,512,73610.0,bin_3
v3_179,1.076881100973267,0.4868888888888888,1.6479635457508266,1.605508590117097,1.607385015115142,1.6202857169943552,3440985193426944.0,2147483648,32,0.010611267760396,128,64,4,128,286474.0,bin_3
v3_180,0.9599074587880522,0.6148997219711506,1.0574771771134692,1.0176822356879711,1.0141894831322134,1.0297829653112178,369220275711360.0,8589934592,64,0.0014500563265755,128,4,16,128,5578.0,bin_3
v3_184,1.0731726087204756,0.4961096681096681,1.651960388990119,1.607953391969204,1.6095310598611832,1.623148280273502,737479790492544.0,8589934592,128,0.0037080398760735,128,4,32,128,10890.0,bin_3
v3_185,0.2590735965823599,0.9925405529215052,0.994820703737787,0.8899086057208478,0.8848054725676775,0.9231782606754374,6997027150921728.0,4294967296,256,0.0002156107948394,32,64,4,128,286474.0,bin_3
v3_186,0.6391016172530265,0.8632196643744262,0.9887289678972592,0.9331131405197084,0.9342253026552498,0.9520224703574058,2.7518872721842176e+16,2147483648,128,0.0001745786285027,64,256,2,512,2381322.0,bin_3
v3_189,0.9662615978700074,0.6160423654828416,2.098940359428525,2.0919538997113705,2.093545677140355,2.0948133120934167,167660902656.0,2097152,64,0.0217609610408544,64,4,16,512,5578.0,bin_0
v3_192,1.3516824700791472,0.2913425859854431,1.153223494591657,1.102591400500387,1.1054640640504658,1.12042631971417,24378414609408.0,536870912,128,0.0009026534389704,64,4,16,256,5578.0,bin_1
v3_196,1.1278440282021274,0.6654339994220947,1.640277442522347,1.6024988908320663,1.6064701322466135,1.6164154885336757,30284413132800.0,2097152,256,0.0074078799225389,128,256,2,128,2381322.0,bin_2
v3_197,1.0717677107623815,0.4694292374292374,1.6436108723282814,1.6037237588316202,1.606872348114848,1.6180689930915833,583099456527360.0,8589934592,256,0.0107008647173643,32,8,8,512,10058.0,bin_3
v3_200,0.9203311565277764,0.7134173978578741,0.970057084585278,0.93349748570472,0.9363809572532772,0.9466451758477584,878544150773760.0,2147483648,256,0.0023323481436818,128,32,4,256,73610.0,bin_3
v3_202,0.9036606017689728,0.6722434333743857,0.989232573629124,0.9413714648690076,0.9408297631889582,0.9571446005623632,865173033345024.0,536870912,64,0.000385452149203,64,64,4,128,286474.0,bin_3
v3_205,1.0638925261874164,0.5,1.6492598624899983,1.6066521620377898,1.6076105954125524,1.6211742066467802,321978395872512.0,4294967296,16,0.0034762227442115,32,4,32,128,10890.0,bin_3
v3_206,1.0992716046598772,0.4892510205843538,1.700045463279821,1.6464382242411375,1.6460718177258968,1.6641851684156184,7160551420416.0,8388608,64,0.0108494888991117,64,16,32,128,142602.0,bin_1
v3_210,0.0723815069595373,0.9985897065897066,0.8789915585803101,0.7984655883628875,0.8182724094949663,0.8319098521460546,2.8047610442010624e+16,8589934592,16,0.0001179566170321,32,64,8,512,553482.0,bin_3
v3_211,0.8549769452437962,0.8532900824924634,1.0186692118331848,0.9731507245451212,0.97619907441549,0.9893396702645988,60826062219264.0,8589934592,128,0.0211114808917045,32,4,2,512,930.0,bin_2
v3_213,1.1004502660248745,0.4364298814060718,1.809289035620168,1.775019375607371,1.775149921886623,1.786486111038054,274232341056.0,2097152,32,0.0086108427494764,32,4,32,512,10890.0,bin_0
v3_215,0.9792532522709608,0.3858745306721496,2.2033460871316493,2.198671905323863,2.2049996126443148,2.2023392016999424,64271671296.0,2097152,128,0.0004529235884547,32,8,4,128,5354.0,bin_0
v3_216,1.2949626152441711,0.4043063404849119,1.20559949374001,1.0614606007002294,1.033038852736354,1.1000329823921975,20131212785664.0,536870912,64,0.0006274039624258,32,4,16,128,5578.0,bin_1
v3_217,0.9296179589051536,0.6934659207635397,1.0473192059944267,1.0053498363122344,1.0022039781324563,1.0182910068130393,241810449924480.0,4294967296,32,0.0009840199491009,32,4,16,512,5578.0,bin_3
v3_218,1.0509505440090865,0.48268344045725,1.6454692692495885,1.6078711366280911,1.6099989535287025,1.6211131198021274,1721250096936960.0,536870912,256,0.0106759723275899,128,64,8,128,553482.0,bin_3
v3_220,1.0490508101322076,0.5397923456613932,1.6442047755699605,1.6060412004590034,1.6079733353108168,1.6194064371132602,16715804463360.0,134217728,256,0.0063350265845656,64,8,16,256,19466.0,bin_1
v3_221,1.0505727659922632,0.4966412723079389,1.6459869390819222,1.6090185595676303,1.6106351977214215,1.621880232123658,1795261489152.0,2097152,32,0.0232601426541805,32,16,32,128,142602.0,bin_0
v3_224,0.152320190864601,0.9918347402156926,0.923184319097345,0.8416118451859802,0.8520032910164446,0.8722664850999232,3584319356623872.0,4294967296,32,0.0002948998298961,32,32,8,512,141578.0,bin_3
v3_225,1.0607016750447464,0.5,1.647203046712093,1.6052839793264866,1.608029083348811,1.6201720364624634,3652017833816064.0,8589934592,16,0.0085029667243361,128,16,16,128,72202.0,bin_3
v3_226,0.7170543825770217,0.9047318158032444,1.075333320441132,0.9810163993388414,0.9718236047774552,1.0093911081858096,121808177158656.0,17179869184,16,0.0007046471000649,32,4,2,512,930.0,bin_2
v3_227,1.115664752370371,0.4917750459417125,1.655651870998554,1.6120922244153917,1.615663786418736,1.6278026272775603,866224245989376.0,134217728,256,0.023066159337759,64,128,4,128,1129994.0,bin_3
v3_228,0.6739915503467682,0.8348846581108486,0.970799045953754,0.9374977967236192,0.9409230845049024,0.9497399757274252,457960573470720.0,8589934592,256,0.012833721935749,128,16,2,128,10602.0,bin_3
v3_230,0.9487912476350896,0.5124091204210252,1.0171639370091723,0.9744812669232488,0.9748437716625632,0.9888296585316616,109490424803328.0,536870912,128,0.0025142307858914,128,32,2,128,39626.0,bin_2
v3_232,0.9803090898050268,0.6221933617528855,1.1098974661435932,1.060771992430091,1.0627785669639709,1.0778160085125517,953875808256.0,134217728,64,0.0086726285517215,32,4,2,512,930.0,bin_0
v3_233,1.1390820078209745,0.4901127051960385,1.661242720670998,1.615679698996246,1.618805691599846,1.6319093704223633,7006547177472.0,8388608,128,0.0441115908324718,32,32,8,128,141578.0,bin_1
v3_235,0.9867819368014868,0.3843451301784635,1.073552400644985,1.0333486199378967,1.0372775299474597,1.0480595168434472,4146863081472.0,134217728,32,0.000496948021464,32,8,4,256,5354.0,bin_1
v3_236,0.6292056701648873,0.7992373327730468,0.9861095334745188,0.9506046932656318,0.9497033432126044,0.9621391899842516,239148314767872.0,4294967296,128,0.0191569440066814,128,16,2,512,10602.0,bin_3
v3_237,1.0573831837020529,0.5451759197592531,1.6436992057133466,1.6044386895373464,1.6074266992509365,1.6185215315005432,292880096856576.0,4294967296,64,0.0202829539775848,64,8,8,512,10058.0,bin_3
v3_238,0.9937288250539812,0.3951276122466597,2.097932971082628,2.091111863031984,2.093496698886156,2.094180511000256,468164923392.0,2097152,64,0.0008303864742629,32,16,8,256,37002.0,bin_0
v3_240,1.0538705463304778,0.4850242209289828,1.6464982243487611,1.6061074249446392,1.608168768696487,1.6202581393299624,1708324523876352.0,536870912,16,0.0029349098913371,128,128,2,128,600842.0,bin_3
v3_241,1.0689808159563456,0.5023915158915159,1.6553924086038023,1.6187947746366262,1.617848115041852,1.6306784327607602,1054547627520.0,8388608,32,0.0153499161824584,64,8,16,256,19466.0,bin_0
v3_243,0.8095170783884394,0.8644557655748132,1.025067069720535,0.9523230311460792,0.936944843735546,0.9714449815340536,6976469189787648.0,2147483648,256,0.0002331303985556,32,128,2,512,600842.0,bin_3
v3_244,1.0601098358233612,0.4984334122667456,1.651778404484503,1.6091867266222837,1.6111027961596849,1.624022642422157,646418929152.0,8388608,64,0.0064511885866522,32,4,32,128,10890.0,bin_0
v3_249,1.0614697697136304,0.5155555555555555,1.6439310740679502,1.6038183979690075,1.606230671517551,1.6179933811848362,1735865272504320.0,2147483648,16,0.0094095785170793,64,64,2,256,152970.0,bin_3
v3_254,1.025812937184141,0.4459808308974975,1.9058051691390567,1.8917659614235165,1.8985003735870123,1.898690501383196,15710779478016.0,2097152,256,0.0053314128890633,64,64,8,512,553482.0,bin_1
v3_256,0.2866613533996618,0.9884910133957752,0.9254651969240512,0.8981288971845061,0.898114952025935,0.9072363487114976,1751092254498816.0,2147483648,32,0.0021746470592916,32,64,2,128,152970.0,bin_3
v3_257,0.959810926553109,0.3961712485045818,2.035300460178405,2.02641639392823,2.029606810770929,2.0304412216258547,909907064832.0,2097152,64,0.0009585251682437,64,16,16,128,72202.0,bin_0
v3_259,0.5103335285879419,0.9011857186023852,0.975514795660274,0.9415793744847178,0.9424240314401686,0.9531727338617202,3417314432434176.0,536870912,16,0.0012295874767005,128,128,4,256,1129994.0,bin_3
v3_260,0.9552161303690112,0.6169021102354436,2.0841137734241784,2.078957504592836,2.084656231105328,2.082575836374114,3712732428288.0,8388608,32,0.000128239771584,128,32,4,512,73610.0,bin_1
v3_261,1.057939454281765,0.5005555555555555,1.6459234406938776,1.605544394813478,1.6070401966571808,1.6195026773881789,873999143682048.0,536870912,128,0.0447197780013084,32,64,4,128,286474.0,bin_3
v3_262,1.0711091396602352,0.4881028015194681,1.6486008225474509,1.6060718772932887,1.6078322529792786,1.6208349842733394,114365499727872.0,134217728,16,0.0040980312041938,32,16,32,128,142602.0,bin_2
v3_263,0.6582070284294689,0.8907693448526782,0.9331736827953137,0.9009266819339246,0.912557152332738,0.9155525056873254,953383709738496.0,4294967296,64,0.0023592966608703,128,16,8,512,37002.0,bin_3
v3_265,0.94832987085693,0.6884862950101045,1.0341449262632525,0.9878492401912808,0.9877381552942096,1.003244107249581,18269460192768.0,536870912,16,0.0165360104292631,64,8,4,512,5354.0,bin_1
v3_268,1.0453823327959937,0.4752049216215881,1.6467595214489847,1.6064393743872645,1.6090914513915775,1.6207634490759422,59794981319424.0,134217728,128,0.0213199686259031,64,16,16,512,72202.0,bin_2
v3_269,1.0140407277190489,0.5821311219644553,1.985775985522196,1.975019863806665,1.974080071784556,1.978291973704472,36488627870784.0,134217728,64,0.0001312562235398,64,8,32,512,38282.0,bin_2
v3_275,0.3367096654117024,0.9723348054062338,1.0046746186635571,0.9135638081934304,0.8995662266388535,0.939268217831947,888370657689600.0,4294967296,128,0.0003135610895697,32,32,2,128,39626.0,bin_3
v3_276,0.9859540685334688,0.3939004514004514,1.8719469711650163,1.856199718080461,1.8579055070877075,1.862017398777728,534664550400.0,8388608,128,0.0068041440099477,128,16,2,512,10602.0,bin_0
v3_278,0.9879394015861592,0.3099159997850474,1.9600770641118288,1.9442789098247888,1.949904321692884,1.9514200985431671,154548046848.0,2097152,32,0.0101122036576271,64,8,8,512,10058.0,bin_0
v3_279,0.9717882344367842,0.6347778165397212,1.0653992879597354,1.0036425711587071,1.0022403979673982,1.023760752361947,435278579865600.0,536870912,64,0.0001805878418963,64,64,2,512,152970.0,bin_3
v3_282,1.0538891839702134,0.4283930698930698,1.6440057845320553,1.6044718334451318,1.6072438769042492,1.6185738316271454,31086351383808.0,2147483648,16,0.0128407552838325,64,4,4,512,1594.0,bin_2
v3_283,0.9645091885599424,0.4820276738252928,1.4502144844736904,1.3639316321350634,1.3028829344548285,1.372343017021194,6981720028084224.0,536870912,64,0.0003111414262093,32,64,32,128,2155530.0,bin_3
v3_285,1.0100664237847408,0.7467354510568796,1.1008222690834373,1.055483950767666,1.0607307855971158,1.0723456684827395,4197494974464.0,536870912,64,0.0471282564103603,128,4,2,512,930.0,bin_1
v3_286,1.0803023848465207,0.4974444444444444,1.6448454860365018,1.605011652223766,1.607798987068236,1.6192187084428344,115571721590016.0,134217728,16,0.0121326483786106,64,16,32,256,142602.0,bin_2
v3_287,1.069540563086813,0.5,1.6503505889559165,1.606807116419077,1.608311208896339,1.6218229714237775,3539654519685120.0,4294967296,256,0.0124353002756834,32,32,8,128,141578.0,bin_3
v3_292,1.3001528962790023,0.3459124671624671,1.2607718695653602,1.2300315643660724,1.2202447466552258,1.2370160601955529,116515989319680.0,8388608,64,0.0003680834779515,64,256,2,512,2381322.0,bin_2
v3_293,1.032853176031211,0.4984876565233707,1.648911762284115,1.614071350544691,1.614732694812119,1.6259052692136418,218690332815360.0,134217728,64,0.0336549580097198,128,32,16,128,277514.0,bin_2
v3_299,1.051863307793493,0.5,1.647244627121836,1.6071949992328882,1.6082106363028288,1.620883420885851,161016801948672.0,4294967296,64,0.0350678823888301,32,4,16,128,5578.0,bin_2
v3_300,1.0160545613833445,0.4933730898730899,1.6564435914624482,1.6217817040160298,1.6271246317774055,1.635116642418628,7121830619136.0,8388608,32,0.0201149117201566,64,32,8,512,141578.0,bin_1
v3_301,1.0691742633823955,0.4842929292929293,1.6483579941559583,1.6072911322116852,1.6093810051679611,1.621676710511868,7164963956235264.0,8589934592,64,0.0064808367751538,32,32,8,512,141578.0,bin_3
v3_303,0.9510739792466912,0.5323218360123122,1.0434885109425522,0.9997886824421583,1.0005809445865452,1.014619379323752,92766004154112.0,17179869184,16,0.0006091225659474,128,4,2,128,930.0,bin_2
v3_304,1.0987754822236304,0.5653227204893871,1.6588592025218531,1.6192026045173409,1.6294956132769585,1.6358524734387174,64889050283520.0,8388608,128,0.0020733228884637,64,64,16,512,1087498.0,bin_2
v3_306,0.9707301111947254,0.6078127071341357,1.960935354232788,1.949535331688821,1.9546924848109484,1.955054390244186,887662743552.0,2097152,64,0.0003573696303647,32,32,4,256,73610.0,bin_0
v3_307,0.9923762797091592,0.3812799968990445,2.3114752755500376,2.3124498892575502,2.313959689810872,2.31262828487282,17440746240.0,2097152,32,0.0009837900288403,64,4,2,512,930.0,bin_0
v3_310,1.087274379999754,0.5016249222558745,1.9953685346990824,1.980758549645543,1.9671185426414013,1.981081875662009,15887383805952.0,2097152,32,0.0200817417353391,32,64,16,512,1087498.0,bin_1
v3_312,0.9063486916152328,0.6982141429998573,1.0083535651574491,0.9699091445654632,0.9685998102650046,0.982287506662639,28585882963968.0,536870912,32,0.0109310271218419,64,16,2,128,10602.0,bin_2
v3_314,1.084862916893966,0.3285579935937079,1.1794538432295667,1.128224172629416,1.131655070465058,1.1464443621080136,2216726880768.0,134217728,256,0.0329315103590488,128,8,2,256,3002.0,bin_1
v3_315,0.9615482895257468,0.584280417554227,1.7541158995591104,1.7237108815461395,1.7197445863857863,1.7325237891636789,272435656704.0,2097152,128,0.029722087085247,64,16,4,128,19402.0,bin_0
v3_318,1.0737863236079643,0.499111111111111,1.6525245774537325,1.6075248401612043,1.6106705209240315,1.6235733128463228,3022990206720.0,134217728,16,0.02447971701622,64,4,8,256,2922.0,bin_1
v3_321,0.9922686570676816,0.6809635439516392,1.0988356210291386,1.0583445662632585,1.060390513855964,1.0725235670494535,7288797425664.0,134217728,128,0.0030207133386284,64,16,2,256,10602.0,bin_1
v3_323,1.0284049130165134,0.5138974975641643,1.0554592379776295,1.0121648646891117,1.0125427707098424,1.0267222911255278,72616346985216.0,536870912,32,0.0002929455658886,32,8,16,512,19466.0,bin_2
v3_327,1.1424469996332831,0.5108421485921485,1.6954174570273608,1.6448815749026835,1.6498524155467749,1.6633838158256065,484990860288.0,2097152,16,0.0205050911754369,32,16,8,512,37002.0,bin_0
v3_332,1.058291046438189,0.5,1.6475011586444452,1.6058675767853856,1.6076076151803136,1.6203254502033817,7047149180436480.0,8589934592,16,0.0054648909717798,64,32,8,256,141578.0,bin_3
v3_333,0.9748190853345416,0.3955960181793516,1.9139525415375829,1.9004150871187449,1.901780964806676,1.905382864487668,473610565632.0,8388608,16,0.0006981946644373,128,16,2,512,10602.0,bin_0
v3_335,0.9880253070326148,0.3776638740448264,1.9155930955894287,1.899426618590951,1.9042199198156595,1.9064132113320127,131724957696.0,8388608,16,0.0003961402981076,64,8,2,256,3002.0,bin_0
v3_339,0.2180491881578114,0.9853741404098548,0.909370281653537,0.8749919668771327,0.8764468838926405,0.8869363774744367,1.3938889934340096e+16,4294967296,128,0.0004080293001607,32,128,2,512,600842.0,bin_3
v3_341,1.0589922468726138,0.5,1.642974901245907,1.6036791540682316,1.6064311638474464,1.6176950730538615,2.7847078456283136e+16,4294967296,16,0.0132846757769584,32,128,4,512,1129994.0,bin_3
v3_342,1.0656710557195626,0.347784788403836,1.6444669845514,1.603679172694683,1.60691346693784,1.6183532080613077,293023955364864.0,8589934592,128,0.0284291598945856,64,8,4,512,5354.0,bin_3
v3_343,0.7133314566059528,0.8413345111678446,1.111811051319819,0.9697482585906982,0.9348892793059348,1.0054828630721506,57230146904064.0,536870912,64,0.0005428522126749,32,16,4,128,19402.0,bin_2
v3_345,1.0616090882567928,0.5,1.643313298234716,1.6037990394979715,1.606350407935679,1.617820915222789,2.800757116611379e+16,17179869184,128,0.0125825433060526,32,64,4,256,286474.0,bin_3
v3_346,1.058329651815101,0.5231386862696387,1.643443850101903,1.6044207280501723,1.6076955432072282,1.6185200404531013,3821941660139520.0,8589934592,128,0.0021955543197691,32,16,16,512,72202.0,bin_3
v3_348,1.026560369705268,0.4967100963410487,1.6644392325542867,1.629192290827632,1.629089885391295,1.640907136257738,28109089301760.0,8388608,32,0.0034495671279728,128,32,32,256,549386.0,bin_2
v3_349,1.121566493704251,0.6039213890166272,1.693949575885199,1.6627699472010136,1.6674974458292129,1.674738989638475,62689549897728.0,2097152,128,0.0009007512708194,64,256,4,512,4488202.0,bin_2
v3_350,1.2004362529203951,0.6048129458724697,1.0869986339530442,1.0365796107798817,1.0435805339366198,1.0557195928898484,31037347507200.0,536870912,32,0.0022319760173559,64,4,16,512,5578.0,bin_2
v3_351,0.123535051696056,0.9954567901234568,0.907920313104114,0.8389421617612243,0.8486196519806981,0.8651607089486788,1858607685070848.0,8589934592,32,0.0005555335083045,32,16,8,256,37002.0,bin_3
v3_353,0.971126253831249,0.4579567901234567,1.839641014346853,1.8240814916789527,1.8232033997774124,1.8289753019344064,9184019923968.0,134217728,64,0.0001398454915033,32,8,8,512,10058.0,bin_1
v3_361,0.4961035580375362,0.8563587281325377,1.0203370379786063,0.9686699300073088,0.9682583217509092,0.9857550965789414,242852140870656.0,17179869184,16,0.0043442635796964,32,4,4,512,1594.0,bin_3
v3_367,1.0059109162044408,0.6379266091051806,1.0877900463237893,1.0362396906130016,1.0407016091048715,1.0549104486805545,28550648930304.0,536870912,64,0.0002624840417411,128,16,2,128,10602.0,bin_2
v3_368,1.0724754127953875,0.5075013813347146,1.6564045596169308,1.612852250225842,1.6171927768737078,1.6288165289054934,1767642346765056.0,536870912,256,0.0077486834488809,128,32,32,256,549386.0,bin_3
v3_371,0.9606766829580008,0.6245519288912146,2.086173949064687,2.080140708014369,2.081065846607089,2.082460167895382,7523140341504.0,8388608,256,0.0021627536043524,128,16,32,128,142602.0,bin_1
v3_373,1.0202640656821265,0.404386625719959,1.2432075149117736,1.2045982154086232,1.20389193482697,1.2172325550491223,28605175867392.0,8388608,16,0.0017621167935431,128,128,2,512,600842.0,bin_2
v3_377,1.070859730528478,0.5,1.6437653184402734,1.6034826915711164,1.606119045056403,1.617789018355931,1.0993566213414912e+17,8589934592,64,0.0243183486163616,64,256,2,256,2381322.0,bin_3
v3_378,1.0528698657806352,0.5,1.6475338109303266,1.6071072993800044,1.607858824543655,1.6208333116179954,336062830874112.0,8589934592,128,0.0352562554180622,64,4,16,128,5578.0,bin_3
v3_381,0.2313756007623836,0.9837078596007168,0.9179431534721516,0.8813846993725747,0.8814244191162288,0.8935840906536517,459788497035264.0,8589934592,64,0.0015077488496899,32,16,2,128,10602.0,bin_3
v3_382,0.6025000806527786,0.8602681454348122,0.936406167136738,0.9021970049943776,0.9078871749807148,0.9154967823706102,133554345581568.0,8589934592,32,0.0018266063416376,64,8,2,256,3002.0,bin_2
v3_384,1.008640429681434,0.4908284251022346,1.0844968209676151,1.01955089205876,1.0230324203148484,1.0423600444470746,194663940134400.0,4294967296,32,0.0001714575191726,64,4,16,256,5578.0,bin_2
v3_385,1.0770530094379716,0.4401032560913513,1.67893624084536,1.6266956864856184,1.642938205972314,1.649523377767764,7069664105472.0,8388608,64,0.0078319478780031,128,32,8,128,141578.0,bin_1
v3_386,1.051690243718045,0.499534447034447,1.6476687729591504,1.6065631145611403,1.6078262040391564,1.620686030519816,438760090048512.0,536870912,64,0.0130927367135882,64,32,8,128,141578.0,bin_3
v3_391,1.0587072979191738,0.5,1.644093862036243,1.6041529215872288,1.6075067864730954,1.6185845233655225,2.757207221839872e+16,4294967296,32,0.0213911589235067,64,128,4,512,1129994.0,bin_3
v3_392,0.9934413827648282,0.3401072635477397,1.9433611538261173,1.933330941013992,1.940430170856416,1.9390407552321751,7276845367296.0,2097152,128,0.0001926475088112,64,128,2,256,600842.0,bin_1
v3_394,1.0698863786517865,0.5,1.647250013309531,1.6058927504345777,1.6070632534101603,1.6200686723847564,914872676831232.0,4294967296,128,0.0365057662129402,32,16,8,128,37002.0,bin_3
v3_398,1.0169161282867285,0.3461176667248096,1.6984112828504294,1.6823359848931432,1.69096758402884,1.690571617257471,8144398291968.0,8388608,128,0.0017213417449966,32,32,8,512,141578.0,bin_1
v3_399,1.023280085715209,0.5973620019750973,1.874663572758436,1.8524846797809005,1.8452384555712344,1.857462236036857,3461892366336.0,2097152,64,0.012466468848288,32,64,4,256,286474.0,bin_1
v3_403,1.061646026127722,0.4201128439461772,1.6448433008044958,1.6038075564429164,1.60706533677876,1.6185720646753907,464367667968000.0,536870912,128,0.0005310961860232,32,16,32,256,142602.0,bin_3
v3_404,1.3252420798605005,0.5720519035638083,1.8182666933862488,1.7617794363759458,1.7804370811209085,1.7868277369610344,6755922283008.0,2097152,64,0.0378336049616336,128,64,8,512,553482.0,bin_1
v3_406,1.0597889883983087,0.4966775235346664,1.6459794656839222,1.6047527519986031,1.6070712320506573,1.6192678165777277,1.0983292849230643e+17,4294967296,256,0.0009973978158086,64,256,4,128,4488202.0,bin_3
v3_407,1.0890561688876754,0.4977777777777777,1.649056858732365,1.606327491812408,1.6083713276311755,1.621251892725316,232161079830528.0,2147483648,128,0.0332592017948627,128,16,4,256,19402.0,bin_3
v3_408,0.9828754769546798,0.5098367884320266,2.0522529727313668,2.0455123260617256,2.051767647266388,2.0498443153531603,14120711270400.0,8388608,256,0.0001232386857736,32,64,4,256,286474.0,bin_1
v3_412,0.3080535144442728,0.9678860605884416,0.9580032337726152,0.8817489743232727,0.8818638827651739,0.907205363620354,582381188183040.0,4294967296,32,0.0013509187847375,32,8,16,512,19466.0,bin_3
v3_413,1.0754760346535337,0.5025620490620492,1.6440974776633084,1.6036666631698608,1.6064342437312007,1.6180661281881232,2.758653726676992e+16,8589934592,128,0.0103091765195131,64,128,2,512,600842.0,bin_3
v3_416,1.0139442416607718,0.585616250592441,1.1701973553572316,1.1235026135109365,1.1241687973961234,1.1392895887547638,124048359936.0,8388608,16,0.0033395392820239,64,8,2,128,3002.0,bin_0
v3_417,1.0028761489637767,0.3597512214416976,2.130668932804838,2.1260432302951813,2.131056407466531,2.12925619018885,649778356224.0,2097152,64,0.0004903110675513,128,32,2,256,39626.0,bin_0
v3_419,1.0656850371530784,0.4987345987345987,1.6454515291843563,1.60680369194597,1.6104896422475576,1.620914954459295,3536290020105216.0,4294967296,32,0.0090437242761254,128,32,8,512,141578.0,bin_3
v3_422,1.0742020371926957,0.392667825120206,1.5390762521419674,1.517690003849566,1.5339963445439937,1.5302542001785089,731388178944.0,134217728,32,0.0001988746662391,128,4,2,128,930.0,bin_0
v3_424,0.9979325910481904,0.5886044141044141,1.1008498000519469,1.0426784395240247,1.0443448959849777,1.0626243785203162,2899592275968.0,536870912,32,0.0012233240995556,128,4,2,128,930.0,bin_1
v3_425,0.97179444035756,0.4516553552267837,1.0865567590808496,1.042754679452628,1.0434025581926107,1.0575713322420297,16611524665344.0,536870912,256,0.0005899974494241,32,8,4,256,5354.0,bin_1
v3_426,1.0150600083220835,0.3937426493259826,1.7155028961133212,1.6924042338505387,1.6943884305655956,1.700765186843152,7521376533504.0,134217728,64,0.0002987322222907,128,16,2,512,10602.0,bin_1
v3_427,1.0150014306196524,0.3191979123169599,1.1148949728667503,1.0684387716464698,1.07321650814265,1.08551675088529,2102249671680.0,134217728,64,0.0383545383810997,64,8,2,256,3002.0,bin_1
v3_428,0.5039025514880481,0.8809291740006028,0.9669498304720036,0.9221445394214244,0.9135314472950996,0.9342086057295091,62903361411072.0,2147483648,64,0.0027317313943058,32,8,4,128,5354.0,bin_2
v3_429,0.9874656793677288,0.4580184286612858,1.0778703677206067,1.031654052902013,1.0309479446150362,1.0468241217458851,637579564032.0,134217728,32,0.0179012399166822,32,4,2,128,930.0,bin_0
v3_430,0.9349918682384748,0.6335919138181043,1.059801357154356,0.9803331033326684,0.9561756858602166,0.9987700487824136,112338656747520.0,536870912,16,0.0004632862110156,32,32,2,512,39626.0,bin_2
v3_432,1.2805178021548465,0.4073458093934284,1.2471046569407918,1.210383644327521,1.2226212844252586,1.2267031952311906,15524173996416.0,536870912,16,0.0001252215588465,64,4,8,512,2922.0,bin_1
v3_433,1.0530475320819364,0.5,1.6462603602558374,1.6058809040114284,1.6082447851076722,1.6201286831249793,457273914667008.0,536870912,16,0.01280880253762,32,16,32,128,142602.0,bin_3
v3_437,1.048636421600713,0.4907387859054526,1.657455749576911,1.621078910306096,1.6223364723846316,1.6336237107558798,27615644762112.0,8388608,32,0.0159031469374895,32,128,2,128,600842.0,bin_2
v3_439,0.3874073943369073,0.9712189745880222,0.9386054259375668,0.8939387153368443,0.8952365338336676,0.9092602250360264,292202377078272.0,8589934592,16,0.0005713782156817,32,8,4,512,5354.0,bin_3
v3_441,0.9948111406159728,0.4983457367147843,1.1503261790639954,1.08651034347713,1.0878477548249066,1.108228092455344,27143467634688.0,8388608,16,0.0004277648113202,64,64,8,128,553482.0,bin_1
v3_446,0.4630339768204972,0.9236202994536328,0.945291726540745,0.9138407525606452,0.9193671268876642,0.9261665353296848,274093594076160.0,17179869184,128,0.0146476421505212,128,8,2,256,3002.0,bin_3
v3_447,0.9502462566364948,0.6144356049594144,1.1008527641752153,1.0322429067455232,1.0269914628006518,1.0533623779071302,40228445117184.0,536870912,16,0.0002182553434977,32,4,32,128,10890.0,bin_2
v3_448,1.0790366907724265,0.5,1.6459022422786802,1.6042839530855415,1.6076750112697482,1.61928706887799,2.75659173525504e+16,4294967296,16,0.0312424302101135,64,128,4,512,1129994.0,bin_3
v3_450,0.9699955380926544,0.6919810176595891,2.0878328674007207,2.078379727900028,2.085205776616931,2.08380612397256,1092996410880.0,2097152,256,0.0018229475244879,128,16,4,512,19402.0,bin_0
v3_451,0.9502285702530272,0.6728707522636094,1.0443375707473024,0.961387932067737,0.9535615490749478,0.9864290172966624,436737744752640.0,134217728,64,0.0008818611968308,32,64,8,128,553482.0,bin_3
v3_452,1.0184522078893632,0.3164736502474597,2.3882670449092984,2.391010688617825,2.3903320655226707,2.3898699330165982,1842409788672.0,2097152,64,0.0002702939382288,128,32,8,512,141578.0,bin_0
v3_453,1.1949715256804114,0.2535309593404831,1.153265790315345,1.0955975777469575,1.0944906338118017,1.1144513339580346,7546600250880.0,536870912,128,0.0010889479890465,32,4,4,512,1594.0,bin_1
v3_455,1.0384400851670057,0.4835112017612017,1.6519396416842935,1.6150219859555364,1.6151560069993138,1.6273725448797147,430315121104896.0,134217728,64,0.0053785778582096,128,64,8,128,553482.0,bin_3
v3_456,0.7673411835513163,0.8680396213134309,1.0357880052615656,0.9781715739518404,0.9699895209632814,0.9946497000588956,250767609099264.0,2147483648,128,0.0001026731479214,32,8,16,128,19466.0,bin_3
v3_458,0.9819442411564586,0.425549843895082,1.13401668255392,1.0881961188279092,1.101506999693811,1.1079066003585467,431982113722368.0,8388608,64,0.0002629798837006,64,256,8,128,8701962.0,bin_3
v3_459,0.9324087949555344,0.7229695965410251,1.0615021807534504,0.9957839227281512,0.9892100035212934,1.0154987023342985,110559573135360.0,536870912,128,0.0006552579579874,64,32,2,256,39626.0,bin_2
v3_463,1.1214664167966275,0.3899703519584471,1.6944953793426976,1.6460782559588552,1.6611828971654177,1.66725217748899,580468653312.0,8388608,64,0.0123780220746994,128,8,8,256,10058.0,bin_0
v3_468,1.001113406842635,0.5830300523991001,2.193336760625243,2.1889616325497627,2.19292195700109,2.191740116725365,210610395648.0,8388608,256,0.0034536849707365,64,4,8,256,2922.0,bin_0
v3_470,1.0693598682679706,0.512232905982906,1.6470360646490008,1.6052097715437412,1.6069861697033048,1.6197440019653488,184431133605504.0,4294967296,256,0.0139128696173429,128,4,16,128,5578.0,bin_2
v3_472,1.056744452098609,0.3502133765705193,1.4449406978674233,1.4208608861081302,1.4122999897226691,1.4260338578994076,28775165952000.0,8388608,256,0.0012268080608919,32,128,2,512,600842.0,bin_2
v3_473,1.1277943330281404,0.3907340014482871,1.7026789914816618,1.6670670118182898,1.6787304300814867,1.6828254777938128,1930716862464.0,8388608,256,0.006083455402404,64,16,8,128,37002.0,bin_1
v3_474,1.0908076100734296,0.4669266458849792,1.643927388242446,1.60386314522475,1.608883305452764,1.6188912796399866,2.7832055155236864e+16,2147483648,64,0.0011969425249844,32,128,8,512,2188298.0,bin_3
v3_475,0.2486735925316475,0.9782720859387526,1.0485438286996214,0.8839077055454254,0.8743954247329384,0.9356156529926616,1.4152304838617088e+16,4294967296,128,0.000128871644847,32,32,32,128,549386.0,bin_3
v3_477,1.0950773830827172,0.3745259916450392,1.5030178014421836,1.477466638199985,1.4889807617291808,1.4898217337904498,8263147272192.0,536870912,128,0.0009661623043939,128,4,4,512,1594.0,bin_1
v3_479,1.0512032519868642,0.579846169262836,1.6441377170849591,1.6062548998743296,1.6087614838033917,1.61971803358756,464596648527360.0,536870912,16,0.0009493681136518,32,16,32,256,142602.0,bin_3
v3_482,0.9920364405755868,0.5375461337604195,1.0129661878672778,0.9790520851965994,0.9766046409495176,0.9895409713377982,3477404347422720.0,4294967296,64,0.0059284521266818,64,64,2,512,152970.0,bin_3
v3_484,0.961967495846832,0.7076355848736801,2.1856385050341487,2.180236864835024,2.180945133790374,2.1822735012198486,94756834944.0,2097152,16,0.0014639603905379,128,4,16,128,5578.0,bin_0
v3_486,1.0764075072094386,0.5,1.6438433898147196,1.603760621510446,1.6071428135037422,1.618248941609636,3706103666025984.0,17179869184,16,0.0094375554472208,128,16,8,256,37002.0,bin_3
v3_490,1.0725336938139047,0.5032487882487882,1.6439555584220216,1.6032278314232826,1.6066400203853846,1.617941136743563,242544549498624.0,2147483648,16,0.0010458597680553,32,4,32,512,10890.0,bin_3
v3_491,0.9782462209257444,0.338133070192594,2.060711782891304,2.043327821418643,2.040762091986835,2.0482672320989272,209729977440.0,2097152,16,0.0012268173741176,128,4,32,256,10890.0,bin_0
v3_497,0.9895414161260992,0.3942081415057605,2.1634842599742115,2.159409554675221,2.1606380082666874,2.161177274305373,1875090094080.0,8388608,256,0.0005837227217853,32,16,8,256,37002.0,bin_0
v3_498,1.0571114968093198,0.5,1.6459531639702618,1.605910080485046,1.6070398557931185,1.6196343667494757,3658124777883648.0,8589934592,64,0.0281008966267108,32,16,16,128,72202.0,bin_3
v3_500,1.6796828167075928,0.6565755937184509,2.35896660014987,2.258319201879204,2.2841118928045034,2.3004658982778587,284076312576.0,2097152,256,0.0427749752998352,32,16,4,256,19402.0,bin_0
v3_506,1.0442593969063705,0.5071653716653716,1.65074341930449,1.6084942603483796,1.6100205881521106,1.6230860892683268,909807901848576.0,2147483648,256,0.0483812168240547,64,16,16,128,72202.0,bin_3
v3_509,1.0582022810848464,0.5060589780589781,1.6426424703095108,1.604690037667751,1.608087525703013,1.6184733445600916,60430185394368.0,536870912,64,0.0058336127549409,32,4,32,512,10890.0,bin_2
v3_518,0.9549888317436596,0.5384001505549124,0.9979323983134236,0.9630005890503526,0.9613988772034644,0.9741106215224136,66465163400448.0,536870912,16,0.0010045204544439,64,8,16,256,19466.0,bin_2
v3_519,1.0781909086621295,0.5089131424131424,1.6458068394567815,1.6048198863863945,1.6071525253355503,1.619259750392909,455312588642304.0,2147483648,256,0.0164570976048707,64,16,8,128,37002.0,bin_3
v3_520,1.027005125092575,0.3851820027415265,1.090721105443663,1.0282355835661292,1.031962139997631,1.0503062763358078,94139605954560.0,2147483648,256,0.0012715863995254,32,4,16,256,5578.0,bin_2
v3_521,0.2240233748004498,0.9743062523895856,0.8631036757542461,0.8395595054607838,0.857399073895067,0.853354085036699,2.751768877220045e+16,8589934592,256,0.0005597897106781,128,64,8,128,553482.0,bin_3
v3_522,1.0780480421527496,0.3684296061081775,1.3788398670731112,1.3458524183370173,1.347659188322723,1.3574504912442835,1529558059008.0,134217728,16,0.0001737327547743,64,4,4,256,1594.0,bin_0
v3_523,1.0731703421684282,0.5947115027829314,1.6448339623166248,1.6046708393841982,1.6050539566203952,1.6181862527737394,915510613770240.0,8388608,128,0.0003166192036587,128,256,16,128,17129482.0,bin_3
v3_525,0.9783757443294492,0.6024421830374211,1.1085687985250845,1.02819384355098,1.010158218909055,1.048973620328373,10186698679296.0,2147483648,256,0.0024696087930351,32,4,2,128,930.0,bin_1
v3_526,1.2470479161412724,0.5318434735458545,2.115605711005628,2.0234040305949748,2.022900143638253,2.053969961746285,59801502179328.0,2097152,128,0.002996269846335,32,256,4,256,4488202.0,bin_2
v3_527,0.9544920210196328,0.6823391238391238,1.0079403251802432,0.9643408744595944,0.9674487016163766,0.9799099670854048,874056165789696.0,2147483648,64,0.0001074043029802,128,32,4,128,73610.0,bin_3
v3_528,1.0682577671229192,0.5,1.6452211688738316,1.6043916326016188,1.607898332178593,1.619170377884681,31109231693568.0,2147483648,32,0.0435737110674381,64,4,4,512,1594.0,bin_2
v3_529,1.0079943496196435,0.3262726849869706,1.824803937226534,1.8084885636344552,1.8065970251336687,1.8132965086648865,1996096647168.0,2097152,256,0.0065521863289177,64,64,2,256,152970.0,bin_1
v3_532,0.940942345796928,0.5887757573114716,0.998880146718875,0.9620238095521928,0.9622679417952896,0.9743906326887858,130430112780288.0,8589934592,128,0.0009656639304012,128,8,2,128,3002.0,bin_2
v3_533,1.2337918204204277,0.550295909998291,1.2493780220975168,1.2120997714810071,1.225832943804562,1.2291035791276954,108033664622592.0,8388608,128,0.0004614582576323,64,128,8,128,2188298.0,bin_2
v3_535,0.9888645694028856,0.6634191447881924,1.2008459772987408,1.0439965757541358,1.0086799678392708,1.084507506964049,322049583151104.0,8589934592,256,0.0004958440549671,32,4,16,128,5578.0,bin_3
v3_536,0.9423532801948468,0.6459233231495136,0.9910943826907896,0.9599814126268028,0.9666458666324615,0.9725738873166848,228585921100800.0,536870912,16,0.0009234469616785,128,16,16,128,72202.0,bin_3
v3_538,0.541886966331574,0.9331536289988672,1.1011994787113508,0.9416317022405564,0.9068953427486122,0.9832421745668398,3587281935955968.0,8589934592,128,0.0001147506409324,32,32,4,512,73610.0,bin_3
v3_541,0.9221307935029802,0.6771320967392397,1.0013770771111012,0.9588428766001016,0.9601047867909074,0.97344158016737,114485402452992.0,2147483648,16,0.0003525959909893,128,16,2,128,10602.0,bin_2
v3_544,0.9454314827287216,0.4840239033453319,1.0894505166288582,1.0407384131103754,1.036376653239131,1.055521860992788,7478657003520.0,134217728,32,0.0124456929042935,64,16,2,512,10602.0,bin_1
v3_551,0.7888156714934645,0.7450960062864823,1.052678129515698,0.9758089217357336,0.9574841447174548,0.9953237319896288,29151966996480.0,536870912,16,0.0043540438637137,32,16,2,256,10602.0,bin_2
v3_553,1.0860186222446253,0.4995759795759795,1.6449994897702709,1.6038332264870403,1.6068452652543783,1.6185593271705632,1.3866175888134144e+16,8589934592,128,0.0059283189475536,64,64,4,256,286474.0,bin_3
v3_556,1.1014662029991502,0.5080985178842321,1.6459711821516976,1.6045960690826178,1.609265349805355,1.6199442003465567,6983411614691328.0,536870912,256,0.004033685196191,32,128,8,512,2188298.0,bin_3
v3_557,1.010620573145652,0.5062794612794613,1.7554411524906754,1.7292391024529934,1.73116756696254,1.738615940635403,281806021200.0,2097152,16,0.0327123068273067,128,4,32,512,10890.0,bin_0
v3_558,1.050051809420866,0.5,1.6444219404365867,1.6044329265132546,1.6066491352394223,1.6185013340630878,5.56108257855529e+16,4294967296,16,0.0058372188359498,32,128,8,256,2188298.0,bin_3
v3_559,1.0809608785263465,0.5818156376251614,1.2262361640459858,1.18553208373487,1.1922145234420896,1.2013275904076484,55931513720832.0,8388608,32,0.0015742540126666,32,128,4,512,1129994.0,bin_2
v3_563,1.0474822247739377,0.4979238261738262,1.6446431789081544,1.6070697316899896,1.6092680636793375,1.6203269914258271,66634548920064.0,536870912,256,0.0042092334479093,64,8,16,256,19466.0,bin_2
v3_568,1.082155368598699,0.4263438497128973,1.651280457735993,1.6105218920856714,1.6141586108133197,1.6253203202116613,1714754501314560.0,536870912,64,0.0048026302829384,128,128,2,512,600842.0,bin_3
v3_571,0.1661185559402937,0.9925964846441035,1.09371399669908,0.8980225808918476,0.8653209980111569,0.9523525252006948,961067668408320.0,17179869184,64,0.0045385472476482,32,16,2,512,10602.0,bin_3
v3_573,0.9692072210275722,0.5325891407974742,1.2925347628770396,1.2545406888239086,1.2714778678491712,1.2728511065167063,109276050898944.0,134217728,16,0.0046330499462783,128,32,8,128,141578.0,bin_2
v3_576,1.0049571275606652,0.7242515341801056,1.048793229594594,1.0098223267123103,1.0098801706917584,1.022831908999554,518851287362688.0,2147483648,64,0.0001056232504197,128,8,32,128,38282.0,bin_3
v3_577,1.0152374912508682,0.5209019199495389,2.119658183306456,2.111582809127867,2.117650059051812,2.116297017162045,258912804864.0,8388608,32,0.0018305274425074,64,4,8,512,2922.0,bin_0
v3_578,1.4779217405123168,0.5522475826642493,2.1295267718669493,2.064682427793741,2.061985591426492,2.085398263695728,58821401106432.0,8388608,64,0.0104856127873063,64,128,4,512,1129994.0,bin_2
v3_579,1.5105338649032056,0.5748643886977219,1.335083503741771,1.300404780078679,1.30892981775105,1.3148060338571668,56648787935232.0,8388608,256,0.0020965216681361,32,128,4,128,1129994.0,bin_2
v3_580,1.0581075363170942,0.5086470720637387,1.650516361813061,1.610166523605585,1.6116405390203,1.6241078081463154,6837105230610432.0,536870912,32,0.0048194411210715,128,128,8,128,2188298.0,bin_3
v3_581,1.046881844302295,0.3529260038902895,1.4971964126452804,1.4749287320300937,1.4815213978290558,1.4845488475014763,7310472953856.0,8388608,256,0.0013752195518463,32,32,8,128,141578.0,bin_1
v3_582,0.4943788727408248,0.9215010355605594,0.96024200976899,0.9227684745565056,0.9257032205350696,0.9362379016201884,6873716029292544.0,536870912,128,0.0007630744366906,64,256,2,128,2381322.0,bin_3
v3_585,1.0596679968808271,0.5,1.6477047700900584,1.6062458846718073,1.607474691234529,1.6204751153321315,1748901922768896.0,4294967296,64,0.0290154032409191,128,32,4,128,73610.0,bin_3
v3_590,1.0559605395792235,0.5,1.645110942889005,1.604406573809683,1.6070958841592071,1.6188711336192985,1.3862934327539712e+16,2147483648,128,0.0484469644725322,64,64,16,256,1087498.0,bin_3
v3_592,1.0344020779916618,0.5952209056375724,1.661550939199515,1.6197507716715336,1.621811393648386,1.6343710348398115,14246783791104.0,2097152,16,0.0010371652897447,32,64,16,512,1087498.0,bin_1
v3_594,1.0421879831691536,0.5061154015737349,1.6468864856287837,1.6099324487149715,1.613435896113515,1.62341827681909,3413982347759616.0,134217728,32,0.0041635343804955,128,256,4,256,4488202.0,bin_3
v3_595,1.110890171125595,0.5194920899206614,1.6805587150156498,1.6331199631094933,1.6389684798195958,1.6508823859815795,642118811136.0,8388608,256,0.0100878253579139,32,4,32,128,10890.0,bin_0
v3_597,1.079065183645045,0.5181863141267904,1.1376674666098552,1.086105007212609,1.0946001331321895,1.1061242023182178,59752889149440.0,536870912,128,0.0010109884897246,128,16,4,512,19402.0,bin_2
v3_598,0.5571888095561457,0.8664264197002294,1.0387760312078171,0.9845226760953664,0.9970326598268002,1.0067771223766613,124330682125440.0,4294967296,16,0.0054326187819242,64,4,8,512,2922.0,bin_2
v3_599,1.0625575587281608,0.4808038412205078,1.645475257653743,1.605930244550109,1.6070773163810372,1.6194942728616295,110489781583872.0,134217728,32,0.004495084285736,64,32,8,256,141578.0,bin_2
v3_601,1.0159543908396431,0.5332549994097613,1.65671582845971,1.6225297087803483,1.6245442302897573,1.6345965891766052,53866696866816.0,8388608,16,0.0029169900808483,128,64,16,128,1087498.0,bin_2
v3_602,1.0249505320683794,0.6506430104287247,1.0844946096331114,1.03895806055516,1.042972143739462,1.0554749379759112,15763617415680.0,134217728,128,0.0020633772946894,64,8,16,128,19466.0,bin_1
v3_603,0.967163167220228,0.4439231804350852,2.133242751006037,2.128262560814619,2.1278820876032114,2.129795799807956,296886242304.0,2097152,64,0.0018237943295389,64,8,16,256,19466.0,bin_0
v3_604,0.9799548478028414,0.4527345956512623,1.0664638172020204,1.0167469684965909,1.017273884266615,1.0334948899884089,23075690824704.0,2147483648,64,0.0014906662981957,128,4,4,128,1594.0,bin_1
v3_607,0.9924212730508092,0.6046394504965935,2.065546821570024,2.046591753140092,2.0428502336144447,2.051662936108187,267935726400.0,2097152,32,0.001101269503124,32,4,32,512,10890.0,bin_0
v3_609,1.0723690681495972,0.5264454119513643,1.6537820093799382,1.6102012554183602,1.6136171277612448,1.6258667975198478,109279410935808.0,8388608,32,0.0006108031375333,64,64,32,128,2155530.0,bin_2
v3_610,0.2037096083365301,0.9931915778225302,0.8764719299397257,0.8516923675779253,0.8630624176003039,0.8637422383726516,1820500223631360.0,8589934592,32,0.0018260045908391,64,16,8,128,37002.0,bin_3
v3_613,0.9589268373175418,0.2878879762213095,1.049080335345934,0.9865742116235195,0.9877000977285206,1.007784881565991,220713440480256.0,134217728,32,0.0005161098088137,64,32,16,256,277514.0,bin_2
v3_615,0.9743084951195464,0.5682283712759904,1.1421095916011836,1.0715765855275097,1.0679949563927948,1.0938937111738294,28597398472704.0,134217728,128,0.0044936356134712,64,16,8,128,37002.0,bin_2
v3_616,1.1265619863360237,0.552027523182285,1.6844402446877211,1.6564521426334975,1.663472207263112,1.6681215315281104,69518111735808.0,2097152,256,0.0003786426386795,32,256,4,512,4488202.0,bin_2
v3_619,0.961591274621524,0.7037655814203433,2.217593325302005,2.2134979981929064,2.214031470939517,2.2150409314781427,8037781740096.0,134217728,256,0.0004513073363341,64,4,16,512,5578.0,bin_1
v3_620,1.0326356742180327,0.5,1.6516339166555554,1.6124787563458085,1.6120912078768015,1.6254012936260551,1820930056673280.0,8589934592,32,0.0055789109319448,64,16,8,128,37002.0,bin_3
v3_627,0.4397516783530186,0.9032892711345092,0.9250264013244304,0.8928072596900165,0.8997271189000458,0.905853593304831,1826044060071936.0,8589934592,128,0.0004511582374107,128,16,8,128,37002.0,bin_3
v3_628,0.9525358487589202,0.6316446851208756,1.0029212219669716,0.9454940771684052,0.9434853265993296,0.963966875244902,3555771124159488.0,2147483648,256,0.0016161227831616,64,32,16,512,277514.0,bin_3
v3_630,1.0757856761369045,0.5,1.6432347083464265,1.60377056337893,1.6066962610930204,1.617900510939459,951849456545280.0,8589934592,64,0.0158915575593709,64,16,4,512,19402.0,bin_3
v3_631,1.0635920087775277,0.5,1.6504204829689115,1.6079345550388098,1.6084984298795462,1.6222844892957555,457364289097728.0,4294967296,64,0.0431262739002704,128,16,4,128,19402.0,bin_3
v3_633,1.0772357471842489,0.641283440985822,1.6442780118668452,1.6041847942396998,1.6082528680562973,1.6189052247209474,248415820246080.0,4294967296,64,0.0046396804973483,64,4,16,512,5578.0,bin_3
v3_634,0.4311858726055523,0.9644765305241496,0.973767627889174,0.9252035373356192,0.9245900434907526,0.9411870695718486,438003586252800.0,536870912,32,0.0010434557916596,32,64,2,128,152970.0,bin_3
v3_635,0.969771020596066,0.3997937199484818,2.3431934742257,2.3433177210390568,2.343158332630992,2.343223175965249,729335669760.0,8388608,256,0.0007835518335923,32,8,8,512,10058.0,bin_0
v3_636,0.4134628910742648,0.9361879905808478,0.9220996399672003,0.8890541216824204,0.8993504703976214,0.903501410682414,3453530222046720.0,2147483648,16,0.0004001019988209,128,64,4,512,286474.0,bin_3
v3_637,1.0648092282618231,0.48857268348935,1.648419669829309,1.6086243242025375,1.6097095431759951,1.6222511790692806,222416942000640.0,134217728,128,0.0130792027339339,64,32,16,512,277514.0,bin_2
v3_638,1.009418681715748,0.3334543001090619,1.0507144753137254,1.0159941762685776,1.0129351164214313,1.0265479226679115,46385055361536.0,8589934592,64,0.002459347480908,128,4,2,128,930.0,bin_2
v3_639,1.004322525937314,0.4159332563380182,1.0387153087285697,0.9991214973852038,1.0001423195935786,1.0126597085691174,259936281587712.0,4294967296,128,0.0002056362282019,128,8,8,128,10058.0,bin_3
v3_640,0.5968489945797488,0.8460471829757544,0.9654657116989256,0.9352013689931482,0.933745871996507,0.9448043175628604,259931411561472.0,8589934592,16,0.0086707388982176,128,8,4,128,5354.0,bin_3
v3_641,0.3349529127392625,0.9536965102798436,0.9034954203489178,0.8718190828803927,0.8813761698547751,0.8855635576946952,1171201734506496.0,17179869184,32,0.0009638238698244,64,8,8,512,10058.0,bin_3
v3_642,0.1460437747747626,0.9945366591080876,0.8784110969172616,0.8529552191030234,0.8643137260805815,0.8652266807002889,1.0980229662294835e+17,4294967296,256,0.0002733966102823,64,256,4,128,4488202.0,bin_3
v3_643,1.0692248066334331,0.5,1.6471615491900593,1.6045552417635918,1.607481213286519,1.6197326680800568,7117353010053120.0,17179869184,32,0.0426581986248493,32,32,4,256,73610.0,bin_3
v3_644,0.9986263538081552,0.521988759036378,1.106862498447299,1.0483530843630433,1.0521682961843908,1.069127959664911,28403756851200.0,134217728,128,0.0007774705300107,64,16,8,128,37002.0,bin_2
v3_645,0.99802516584713,0.4111785978571693,1.017746822006302,0.9694647428113968,0.9687539259903132,0.9853218302693372,1754615438364288.0,536870912,16,0.0001703043817542,128,32,32,256,549386.0,bin_3
v3_646,1.1807408040067686,0.4882604895104895,1.6732332109240815,1.6327789081260562,1.636814278550446,1.6476087992001949,15610495944192.0,2097152,16,0.0043989610858261,128,64,16,256,1087498.0,bin_1
v3_647,0.992708399520214,0.3291234149448435,2.0237020833883435,2.015534156933427,2.0231249053031206,2.02078704854163,13352324130816.0,2097152,64,0.0001380290632368,128,128,2,512,600842.0,bin_1
v3_655,1.0872588472101852,0.5228377169567645,1.6502417292213067,1.6081434320658443,1.6128949485719204,1.6237600366196905,224144428240896.0,134217728,16,0.0025156363844871,32,32,16,512,277514.0,bin_2
v3_656,1.0636443500314927,0.4733333333333333,1.6436431854963305,1.6042170943692329,1.606727913953364,1.618196064606309,930896953804800.0,8589934592,32,0.0104235624894499,32,16,4,256,19402.0,bin_3
v3_658,0.9706942191522824,0.5336173024506358,1.928891975898296,1.9175414750352504,1.9212449649348853,1.922559471956144,2483934653184.0,2097152,64,0.007372064050287,32,16,32,512,142602.0,bin_1
v3_659,0.9725928079763712,0.3422218583885251,1.114515378852957,1.0584919336251917,1.0627369382418692,1.0785814169066723,2944266806784.0,134217728,64,0.0017124762525781,32,4,8,256,2922.0,bin_1
v3_660,0.1428023022849169,0.9919879349046016,0.9101259649760324,0.8565671725664288,0.8600553667638451,0.8755828347687687,7031754518605824.0,8589934592,16,0.0005543839652091,32,64,2,512,152970.0,bin_3
v3_664,1.090255523297912,0.467469202754917,1.1942806636798196,1.1463771117851138,1.1463716998696327,1.1623431584448554,451115563008.0,8388608,32,0.0012938115978613,32,16,2,128,10602.0,bin_0
v3_665,0.4266478389927093,0.9459867817367816,0.907980062554998,0.8778243404813111,0.8880396734457463,0.8912813588273517,3512473934573568.0,8589934592,128,0.0006193025619722,128,32,4,256,73610.0,bin_3
v3_668,0.9666423108986106,0.3997869216321597,2.1203589907381684,2.114618193358183,2.114044561982155,2.1163405820261687,129965724672.0,2097152,32,0.0007732033263891,128,16,2,256,10602.0,bin_0
v3_669,0.9333017261313308,0.7252479843789367,1.0409521955734815,1.0010908897966146,1.0013644364662468,1.0144691739454477,68619728709120.0,2147483648,256,0.0018610233673825,128,8,4,256,5354.0,bin_2
v3_673,0.8833171942690891,0.7397467171276695,0.9851979268423748,0.947606642032042,0.9498881371691824,0.9608975686811996,457702314215424.0,8589934592,128,0.0005532679497264,128,16,2,128,10602.0,bin_3
v3_674,1.0676665391973317,0.5138588078588079,1.644275547703728,1.604568783193827,1.6070499774068594,1.6186314361014713,1770432623087616.0,8589934592,128,0.0364639945328235,128,32,2,512,39626.0,bin_3
v3_677,0.96242959100399,0.4622450917689013,2.403362774057314,2.407124251127243,2.409811954945326,2.406766326709961,23108130816.0,2097152,128,0.0001062983792508,64,4,4,128,1594.0,bin_0
v3_678,0.9896903360920624,0.5463080539390064,2.075965098105371,2.057644683867693,2.053813924081624,2.062474568684896,660791456256.0,8388608,32,0.0001006980237434,64,4,32,128,10890.0,bin_0
v3_680,1.0522156394245776,0.6104111058694393,1.6588263729354369,1.6178444866091013,1.618781485594809,1.6318174483797825,111285008769024.0,8388608,256,0.0018776553915813,32,128,8,128,2188298.0,bin_2
v3_685,0.6602933336278022,0.8670925551520791,1.0001205481312354,0.9509645358193666,0.9388421326875688,0.9633090722127235,31342624558080.0,536870912,32,0.0019971979781985,32,8,8,128,10058.0,bin_2
v3_687,1.016704128574984,0.6174007451983643,1.055363178562402,1.0070035010576248,1.006473890505731,1.022946856708586,369052767565440.0,8589934592,128,0.0011138466652482,128,4,16,128,5578.0,bin_3
v3_689,1.975678601479508,0.3979505404207785,2.485706579172984,2.377247804775834,2.4046446615830064,2.4225330151772746,57976147049472.0,8388608,256,0.0425637178122997,128,128,4,512,1129994.0,bin_2
v3_690,1.0546149548518369,0.4802250972131923,1.3405322460457685,1.3115106686018407,1.317167361266911,1.3230700919715066,3401667538944.0,2097152,32,0.0022481724154204,128,64,4,128,286474.0,bin_1
v3_692,1.496093924705825,0.5340796824427777,2.0013814449193887,1.9354072995483875,1.950323849916458,1.9623708647947449,145523184236544.0,2097152,256,0.0032540925312787,32,128,32,256,8538122.0,bin_2
v3_693,0.8169964137945591,0.7537334138524615,0.9802645942909294,0.946562758181244,0.9462040276266634,0.9576771266996124,63453103847424.0,4294967296,128,0.0040389182977378,64,8,2,128,3002.0,bin_2
v3_695,0.9771531723831908,0.4459364775436203,2.239724928047508,2.235798191279173,2.242590783163905,2.239371300830195,298762412160.0,8388608,128,0.0008354977471753,128,8,4,512,5354.0,bin_0
v3_696,1.0435775368535551,0.4966753524253525,1.6496313404059038,1.609726567752659,1.6115150470286608,1.6236243183957413,15937043323392.0,134217728,256,0.0292433500289917,64,8,16,128,19466.0,bin_1
v3_698,1.1008315847703931,0.4543819698819698,1.6636027917265892,1.6224956717342138,1.6286797057837248,1.638259389748176,919548872640.0,8388608,32,0.0056979716755449,32,4,32,512,10890.0,bin_0
v3_701,0.9381805950150368,0.7512946119136595,1.0299133679218355,0.9884907663799822,0.9920115871354938,1.0034719071457705,238881659748864.0,4294967296,32,0.0001905360695673,128,16,2,512,10602.0,bin_3
v3_703,1.0970452852293473,0.4579143731048493,1.7012446904554963,1.6482935808598995,1.6476495219394565,1.6657292644182842,3982582456320.0,2097152,128,0.007058510556817,32,64,4,128,286474.0,bin_1
v3_704,1.0641374634548155,0.4955191752691752,1.717987866606563,1.6867103967815638,1.6919772271066904,1.6988918301649392,888172556024832.0,8388608,64,0.0040499516762793,128,256,16,128,17129482.0,bin_3
v3_707,0.9861191782026646,0.4575429526381906,1.0877051649731584,1.0416265623643994,1.038655242882669,1.0559956567400757,4192999317504.0,134217728,128,0.006250774487853,64,8,4,256,5354.0,bin_1
v3_708,0.2276934202113709,0.984774683869922,0.9254638870952476,0.8683182133827358,0.8696642355062068,0.8878154453280634,3509886834118656.0,2147483648,64,0.0006619543419219,32,64,4,512,286474.0,bin_3
v3_709,1.0032333725533027,0.3692005811648668,1.1084117847058224,1.0547507237643003,1.0603683558292687,1.0745102880997972,8315019418752.0,536870912,64,0.0046601234935224,128,4,4,512,1594.0,bin_1
v3_710,1.0581037006298035,0.5,1.6482118954882026,1.6075925705954432,1.608571263961494,1.6214585766817131,92215089038208.0,2147483648,64,0.0300054773688316,128,4,16,128,5578.0,bin_2
v3_711,1.0685597352224356,0.601388070042832,1.6428199408110231,1.604423237964511,1.607868280261755,1.618370486345763,17075850533376.0,536870912,128,0.0313243120908737,128,8,4,256,5354.0,bin_1
v3_714,1.058297632346635,0.5051825026825026,1.6470313819590956,1.605152732692659,1.608075781725347,1.6200866321257006,3581735293928448.0,4294967296,128,0.0091920578852295,32,32,8,512,141578.0,bin_3
v3_715,0.6435335220051601,0.9044316675388104,0.9620816627248132,0.9229432279244064,0.9279750296846032,0.9376666401112744,888638187847680.0,2147483648,16,0.0002747212129179,64,32,4,512,73610.0,bin_3
v3_720,0.962530733239873,0.6723404214832787,1.0843161285374665,1.0216315891593697,1.008174397982657,1.0380407052264975,27791377465344.0,134217728,64,0.0062244785949587,64,32,2,256,39626.0,bin_2
v3_723,1.128210900355793,0.3037135016658825,1.1202328376239166,1.0847617527469993,1.0913571259006858,1.0987839054238673,264967058452224.0,8589934592,128,0.0001913816086016,128,4,8,512,2922.0,bin_3
v3_727,1.069374831102061,0.3727969389517009,1.7079948992468417,1.6759647838771343,1.6851442391052842,1.689701307409753,53698174832640.0,2097152,256,0.0005432383040897,32,128,16,128,4304906.0,bin_2
v3_728,0.9764315607346096,0.6198358074905693,1.0102233408833854,0.9759316579438746,0.9751232247799636,0.987092741202408,430451021524992.0,536870912,32,0.0043525635264813,128,64,2,128,152970.0,bin_3
v3_732,1.3227592093717986,0.3482400187995425,1.256883151771035,1.2232934017665684,1.226434398908168,1.2355369841485906,30037396367616.0,134217728,128,0.0010896471794694,64,16,8,512,37002.0,bin_2
v3_733,0.984146441143292,0.4322610088324373,2.1194327936973423,2.104131694883108,2.0984378131106496,2.1073341005637,228160948224.0,2097152,128,0.0003059036680497,64,4,32,256,10890.0,bin_0
v3_734,1.0704244301995978,0.5,1.6509121167473495,1.6069916151463983,1.6087478762492535,1.622217202714334,7075297402017792.0,2147483648,128,0.0230545811355114,32,32,32,128,549386.0,bin_3
v3_735,1.1735800358121746,0.3973794292127626,1.4163151158718392,1.3945739241316917,1.3850973034277558,1.3986621144770954,54197997954048.0,8388608,32,0.0002213533007306,128,64,16,128,1087498.0,bin_2
v3_736,0.9821259760847036,0.3942285095856523,2.3317246795631945,2.3331676963716745,2.334012169390917,2.332968181775262,551243715072.0,2097152,128,0.0003484656917862,128,16,8,256,37002.0,bin_0
v3_738,1.073645687902957,0.516764042615233,1.673415656783618,1.627080244012177,1.631510404869914,1.6440021018885698,54585256083456.0,8388608,32,0.0037470897659659,64,128,4,128,1129994.0,bin_2
v3_744,0.9691757164479964,0.3116297895226466,1.071146009991935,1.0120818922296166,1.012380835600197,1.0318695792739163,55021094857728.0,134217728,64,0.0030350459273904,128,32,4,256,73610.0,bin_2
v3_746,0.9814881315822276,0.37717542202066,2.186279346002266,2.182633988559246,2.178723806515336,2.182545713692283,29143262208.0,2097152,64,0.0074789044447243,128,4,4,256,1594.0,bin_0
v3_747,1.0015264071460026,0.3418147698861984,1.9342889448162168,1.9113701283931728,1.91030200663954,1.9186536932829763,1120112646048.0,8388608,32,0.003986170515418,128,4,32,512,10890.0,bin_0
v3_748,1.042235284884679,0.4525870566822949,1.6305641827639192,1.6028409758582711,1.6007858915254474,1.611397016715879,972190015488.0,2097152,32,0.0007427804521284,32,32,4,256,73610.0,bin_0
v3_755,0.0986622442593586,0.995984422984423,0.8183409560651853,0.7918384147342294,0.8133041970431805,0.8078278559475317,7106065163904000.0,4294967296,16,0.0004769913794007,32,32,16,256,277514.0,bin_3
v3_757,1.0722032784693425,0.5,1.6465719945263118,1.6048915907740593,1.607169933617115,1.6195445063058287,916956801146880.0,8589934592,256,0.0276924092322587,32,16,4,128,19402.0,bin_3
v3_758,0.984655479076916,0.3406001798025607,2.106748038204387,2.09962279163301,2.099351178854704,2.1019073362307004,10727293440.0,2097152,16,0.001258227857761,64,4,2,128,930.0,bin_0
v3_759,1.1160567779105175,0.5403487486939867,1.693995784735307,1.6603678185492754,1.655383346602321,1.6699156499623011,108903995277312.0,8388608,64,0.0039611821994185,32,256,2,256,2381322.0,bin_2
v3_760,0.9171059501745744,0.7658095859167288,1.0824307461116405,0.9766849048901348,0.9428961533121764,1.000670601437984,446265655197696.0,2147483648,64,0.0002342934167245,32,32,2,256,39626.0,bin_3
v3_764,1.028638672922818,0.6445831478926717,1.1240227446251083,1.0805144738405943,1.0872966293245554,1.0972779492634193,8317586116608.0,536870912,32,0.0001112884638132,64,8,2,256,3002.0,bin_1
v3_767,1.1023492144696678,0.5098103439770106,1.6574599532177672,1.6117093181237578,1.6160725373774767,1.6284139362396672,6872535039166464.0,134217728,16,0.009944193996489,64,256,8,256,8701962.0,bin_3
v3_768,0.9602763049659132,0.7155304025780215,2.221519093029201,2.2178244963288307,2.2179669067263603,2.219103498694797,374872391808.0,8388608,64,0.0008956139790825,64,4,16,256,5578.0,bin_0
v3_771,0.9879064620090986,0.2865907003049859,1.1004826242424317,1.0459365686401725,1.0503407898359,1.065586660906168,31169821413120.0,2147483648,256,0.0018294140463694,64,4,4,512,1594.0,bin_2
v3_773,1.0779450356706686,0.4976767676767676,1.6486343329306692,1.6068936241790652,1.6091373199597,1.621555092356478,126276054859776.0,536870912,32,0.0085545619949698,64,8,32,128,38282.0,bin_2
v3_778,1.088025385337959,0.5227169653538701,1.6576655830722302,1.6114843720570209,1.614935154095292,1.6280283697415143,438693660085248.0,8388608,32,0.0007043404038995,64,128,32,128,8538122.0,bin_3
v3_779,1.0689595177616509,0.5043929912679912,1.6649381978204474,1.618720319122076,1.6168861677870154,1.6335148949098464,6882029359104.0,8388608,16,0.0197242368012666,128,32,8,128,141578.0,bin_1
v3_780,0.0913631841121923,0.9970949174282508,0.8305740831747244,0.8091963683255017,0.8283409143332392,0.8227037886111551,1.4034546579326976e+16,8589934592,32,0.0022771214134991,32,64,4,512,286474.0,bin_3
v3_782,0.95379389953133,0.6610949064163351,1.0613099014299223,1.012083132751286,1.0135617987252772,1.028984944302162,66515878314240.0,8589934592,64,0.0012920704903081,128,4,2,512,930.0,bin_2
v3_783,1.1729429962695532,0.5220687152353819,1.7085788622498512,1.669584522023797,1.6744170291349292,1.6841934711361926,485079946752.0,2097152,16,0.0303648337721824,128,16,8,512,37002.0,bin_0
v3_786,1.135887710365762,0.498810161399447,1.688994579948485,1.6393901789560914,1.6423317324370146,1.6569054971138637,28447352331264.0,2097152,16,0.0056556682102382,32,64,32,256,2155530.0,bin_2
v3_790,0.99181531856048,0.6377634873944398,2.2080993056297302,2.20472925528884,2.2079813815653324,2.206936647494634,56487006336.0,2097152,32,0.003193603362888,128,4,8,256,2922.0,bin_0
v3_791,0.9608028832408828,0.6929089962066152,2.2618291918188334,2.261114787310362,2.260767377912998,2.2612371190140643,110482583808.0,2097152,256,0.0103281792253255,64,4,16,256,5578.0,bin_0
v3_792,1.0646443226763955,0.3984193593003116,1.5861642421223223,1.5620026290416718,1.5627048816531897,1.5702905842723949,733879259136.0,134217728,128,0.0004593051271513,32,4,2,256,930.0,bin_0
v3_793,1.0964025892211915,0.4834216061716062,1.646397547097877,1.6069926116615534,1.610125632956624,1.621171930572018,57637376670720.0,134217728,32,0.0112894168123602,64,16,16,256,72202.0,bin_2
v3_796,0.7732498078601541,0.7798182804849471,0.968922573083546,0.9362795089837164,0.9371542409062386,0.9474521076578336,130366606829568.0,8589934592,64,0.0115677118301391,128,8,2,128,3002.0,bin_2
v3_799,1.0609204027105,0.5,1.6456943859811872,1.6054780399426818,1.6069231359288096,1.6193651872842263,888722315928576.0,536870912,16,0.0196226127445697,32,32,16,256,277514.0,bin_3
v3_800,1.0586872704303198,0.4998076923076922,1.6440901251044124,1.6038489472121,1.6063860347494483,1.6181083690219868,1.4037569030344704e+16,8589934592,256,0.0290889088064432,32,64,4,512,286474.0,bin_3
v3_801,1.0604244629524109,0.5,1.6454882634570822,1.60445776861161,1.6067203087732196,1.618888780280637,1730935899801600.0,536870912,32,0.0405562929809093,64,64,8,256,553482.0,bin_3
v3_802,1.0399826167258013,0.4888125393125392,1.752545030321926,1.73071722779423,1.7383459964767098,1.7405360848642886,1552025676288.0,8388608,256,0.0344704799354076,32,8,16,512,19466.0,bin_0
v3_806,1.0545632419835391,0.5,1.64549469971098,1.6066067144274712,1.6076810359954834,1.6199274833779782,1756220669435904.0,2147483648,16,0.0219862926751375,32,64,2,512,152970.0,bin_3
v3_809,1.0578783608448592,0.5176393883893885,1.6442322798538953,1.6049160081893206,1.6068017203360796,1.6186500027930986,436921096783872.0,536870912,64,0.0042155105620622,128,32,8,128,141578.0,bin_3
v3_810,0.2330716755781969,0.9847266296313916,0.9131415295923944,0.8778188813012093,0.8773729952517897,0.8894444687151312,3502531720052736.0,4294967296,32,0.0007652053027413,32,64,2,128,152970.0,bin_3
v3_811,1.0798727264253225,0.5033333333333333,1.6440803646109998,1.6038379287347198,1.6071456680074334,1.6183546537843845,3823286718571008.0,8589934592,256,0.0254694838076829,32,16,16,512,72202.0,bin_3
v3_813,0.9606208851345844,0.6305409815052673,2.258703581057489,2.2580526061356068,2.259283417835832,2.258679868342976,972896457216.0,2097152,16,0.0001597207592567,128,16,16,512,72202.0,bin_0
v3_815,0.9835593917204482,0.3930482471672947,2.3035819442011416,2.304350236430764,2.305306099355221,2.3044127599957087,1956364254720.0,8388608,256,0.0006457676063291,128,16,8,512,37002.0,bin_1
v3_816,0.998153390737468,0.4437079543031923,2.290146975778044,2.2919968105852604,2.289591182023287,2.2905783227955303,1346002747008.0,2097152,256,0.0032232694793492,128,8,16,512,19466.0,bin_0
v3_817,1.0684995539692528,0.4939560981346695,1.650797434034757,1.613446544855833,1.6162450145930052,1.626829664494532,1755048170572800.0,536870912,16,0.001585176330991,128,32,32,256,549386.0,bin_3
v3_819,1.042873616760667,0.5,1.6473105389159173,1.6071347324177625,1.6084527727216482,1.6209660146851093,84660810311424.0,17179869184,16,0.041286326944828,64,4,2,128,930.0,bin_2
v3_820,1.0622005177799867,0.490042249197011,1.6957224130164832,1.6690184185281396,1.6782803535461426,1.6810070616969215,27257947935744.0,8388608,256,0.0018981939647346,64,32,32,128,549386.0,bin_1
v3_823,0.1592487029830346,0.9936049611763896,0.9016973384241282,0.8516952728386968,0.8586759471800178,0.8706895194809476,1779545663950848.0,4294967296,64,0.0007320343283936,32,32,4,256,73610.0,bin_3
v3_827,0.8439490541589304,0.7548771277223659,0.985459897761757,0.9409113666042686,0.9433742361143233,0.9565818334934496,1828069581993984.0,17179869184,256,0.000115949253086,128,16,4,128,19402.0,bin_3
v3_832,1.094302777163158,0.4940262176095509,1.7071387366158888,1.6570037957280874,1.6553710233420134,1.6731711852286633,6915774560256.0,2097152,16,0.0028454058337956,128,32,32,128,549386.0,bin_1
v3_833,0.9643973313014972,0.3517802673516959,2.2501270906068385,2.24932842887938,2.2448916509747505,2.2481157234869897,3821277735936.0,2097152,64,0.0116276927292346,128,64,4,512,286474.0,bin_1
v3_835,1.0723723253504232,0.5,1.6488271811977029,1.606223006732762,1.6077419510111213,1.6209307129805286,1009350975025152.0,8589934592,64,0.0060165650211274,64,8,16,128,19466.0,bin_3
v3_836,0.9510792376364998,0.7278238943596088,1.1101289359648945,1.0555888856761158,1.0528193274512887,1.0728457163640996,429730699444224.0,134217728,256,0.0009292976465076,128,128,2,128,600842.0,bin_3
v3_838,1.1121387588967129,0.7171981396029015,1.374716599471867,1.3495787363499403,1.3544268384575844,1.3595740580931306,293476518039936.0,2147483648,256,0.0001313039247179,64,8,16,512,19466.0,bin_3
v3_843,1.0603532264175943,0.5,1.6466336066368967,1.6059058550745249,1.6074124509468677,1.6199839708860964,1.098246112720896e+17,4294967296,16,0.0487063452601432,64,256,4,128,4488202.0,bin_3
v3_844,0.9771639840324292,0.624948617520046,2.0994828320108354,2.092975848354399,2.096532883122564,2.0963305211626,4873291900032.0,2097152,32,0.0002317292819498,128,32,16,512,277514.0,bin_1
v3_845,0.9953466544814712,0.3486110305038876,2.281576886773109,2.277573237195611,2.277287738397717,2.2788126207888126,681657329664.0,2097152,256,0.0008230227977037,32,8,32,256,38282.0,bin_0
v3_848,0.9744246385497894,0.6036815265862885,1.0817791401132126,1.0334769375622272,1.0365430866368115,1.0505997214374172,13261374136320.0,2147483648,32,0.0006738595548085,128,4,2,256,930.0,bin_1
v3_851,0.9025408793175594,0.7750660961613343,0.9633120656217216,0.9274225330445915,0.9316736245527864,0.9408027410730332,1754543354577408.0,2147483648,256,0.0022229310125112,128,32,8,256,141578.0,bin_3
v3_852,1.0055040598367146,0.3599577063148491,2.156822242308408,2.1528361812233925,2.1567917689681053,2.1554833974999688,526761050112.0,2097152,64,0.0003178268962074,32,32,2,512,39626.0,bin_0
v3_853,1.032621453736472,0.4871639017948541,2.2667456704657525,2.2630468495190144,2.269671808928252,2.266488109637673,41211586560.0,2097152,64,0.0003434724349062,64,4,8,128,2922.0,bin_0
v3_854,0.943321041235972,0.6533789794861223,1.0614352737757144,1.0249896687455475,1.029165298677981,1.0385300803997477,54759766210560.0,134217728,64,0.0007909861742518,128,32,4,128,73610.0,bin_2
v3_856,1.085923900314384,0.592636967089348,1.1806994537182618,1.144052372314036,1.1458276486955583,1.1568598249092854,2349409526016.0,134217728,32,0.0017061008838936,128,8,2,512,3002.0,bin_1
v3_857,0.9637346489945696,0.491928194821052,1.034870239738666,0.97853713366203,0.9736195150762796,0.9956756294923252,865106173833216.0,134217728,16,0.000198704045033,64,64,16,256,1087498.0,bin_3
v3_859,1.0542926450580692,0.4990817088555184,1.6541276066564023,1.6101354826241732,1.6113158026710153,1.6251929639838636,876911668325376.0,536870912,128,0.0022709504701197,64,32,16,128,277514.0,bin_3
v3_860,1.0044722132433213,0.4736557578224245,1.7595433208625764,1.7259353175759315,1.7210087338462472,1.735495790761585,2022626738688.0,2097152,16,0.019707953557372,64,32,8,512,141578.0,bin_1
v3_861,1.078873919939303,0.5315266893600227,1.651725295232609,1.6094490978866816,1.6101689282804728,1.6237811071332544,3493305606377472.0,536870912,16,0.001836032141,32,64,16,128,1087498.0,bin_3
v3_865,0.9774832686969726,0.538945498945499,1.0829320516786538,1.0062657403759658,0.99717437941581,1.0287907238234766,40460921680896.0,4294967296,256,0.0021294141188263,32,4,4,128,1594.0,bin_2
v3_867,0.3402506550000813,0.9330479551312884,0.9778380269635818,0.8793080090545118,0.8751068583223969,0.9107509647801636,1857554199625728.0,8589934592,128,0.0005100658163428,32,16,8,256,37002.0,bin_3
v3_869,1.0922040877284018,0.448801729575539,1.6489606039831417,1.6113019874319434,1.6138233905658126,1.6246953273269658,81181660416.0,2097152,16,0.0037718319799751,32,4,16,128,5578.0,bin_0
v3_871,0.9647787368922126,0.4257506646792361,2.273055021185428,2.2710300628095865,2.27064653672278,2.2715772069059312,740105521920.0,8388608,128,0.0013617817312479,64,8,8,512,10058.0,bin_0
v3_873,0.980377976020003,0.5211603784222832,1.143912345622084,1.0790992104448378,1.0782365202903748,1.1004160254524322,14621385461760.0,134217728,64,0.0002399282238911,32,16,4,256,19402.0,bin_1
v3_874,0.9613212320112932,0.6160972059245869,2.0921782325021923,2.086757501587272,2.086623875424266,2.08851986983791,7836779996544.0,8388608,64,0.0010476706083863,64,16,32,512,142602.0,bin_1
v3_875,1.0727759981362814,0.4881625024005976,1.6776372294407338,1.6297571742907166,1.626366184093058,1.6445868626081694,3632508579840.0,8388608,64,0.0380092374980449,32,32,4,256,73610.0,bin_1
v3_876,1.055489916270633,0.5,1.6428975630551577,1.6041237264871595,1.606962725520134,1.6179946716874838,1757993292896256.0,8589934592,16,0.0369536839425563,128,32,2,256,39626.0,bin_3
v3_881,1.0446894207164965,0.5339247450080783,1.6457334670703858,1.6062704538926482,1.6078002620488403,1.6199347276706249,132219044236032.0,536870912,64,0.0033053415827453,32,8,32,256,38282.0,bin_2
v3_887,0.9789602221474804,0.4037836480098384,1.08407389477361,1.0389109174720943,1.042795228306204,1.0552600135173027,2095212294144.0,134217728,32,0.0009370047482661,64,8,2,256,3002.0,bin_1
v3_888,1.060666417804766,0.5031972718639385,1.6428445358760655,1.60399051848799,1.6064058961346743,1.6177469834995766,389647281998976.0,4294967296,64,0.0008869784069247,64,4,32,256,10890.0,bin_3
v3_889,0.937709879570098,0.6045273932416789,1.1078542201721575,1.0505065796896815,1.038443887140602,1.065601562334147,1726448554954752.0,134217728,128,0.0002349324349779,64,256,2,512,2381322.0,bin_3
v3_892,0.9917610431052082,0.3956178728678729,1.7956129075028002,1.776263589039445,1.777856360189617,1.7832442855772872,112051519488.0,2097152,16,0.0003053699620068,32,16,2,128,10602.0,bin_0
v3_893,0.9848799348256604,0.5153455362979172,1.9437105488032105,1.932087484747172,1.935824285261333,1.937207439603905,14545397932032.0,8388608,256,0.0004141110985074,32,64,4,512,286474.0,bin_1
v3_895,0.197324266611595,0.9915618526094716,0.8826253923216427,0.8567292946390808,0.8675127252936363,0.8689558040847866,3464924548079616.0,2147483648,16,0.0008292801212519,64,64,4,256,286474.0,bin_3
v3_896,1.0584952960152527,0.4999616935093125,1.6637366984505206,1.6263184491544962,1.6261013401672244,1.6387188292574135,436437623046144.0,8388608,16,0.0065242117270827,32,128,32,128,8538122.0,bin_3
v3_898,1.052928749335699,0.5,1.645772001473233,1.606575253419578,1.6079381499439478,1.6200951349455863,1.3898335715229696e+16,536870912,16,0.0214778110384941,32,128,16,128,4304906.0,bin_3
v3_899,0.970864338744338,0.6297253989396846,1.0519221499853302,0.9981359210796654,0.9984463579021394,1.016168142989045,6930301181345280.0,536870912,64,0.0002271174598718,64,64,32,256,2155530.0,bin_3
v3_900,1.401743018286241,0.4914153007486341,1.869774102699012,1.835682018660009,1.85164484847337,1.8523669899441304,28956674525184.0,8388608,32,0.0450137332081794,32,64,8,512,553482.0,bin_2
v3_905,1.066443949377361,0.503091304859162,1.6483907537767664,1.6074875239282846,1.6088642533868551,1.621580843697302,456221620224.0,2097152,16,0.0234520900994539,64,16,8,256,37002.0,bin_0
v3_906,1.0065157900853463,0.5054744235041854,1.7356546547962353,1.691828097216785,1.6997913559898734,1.709091369334298,28326881230848.0,2097152,128,0.0091820741072297,32,128,8,128,2188298.0,bin_2
v3_908,0.9564367021782796,0.4569024934501124,1.0176131394691763,0.9814259302802384,0.9811002337373792,0.9933797678289312,65199336846336.0,4294967296,128,0.0004677884862758,128,8,2,128,3002.0,bin_2
v3_909,1.1153216908210184,0.4705700754272182,1.69793635874521,1.6588790798559785,1.6658561220392585,1.6742238535468157,439534557170688.0,2097152,64,0.000408249994507,32,256,32,256,33984522.0,bin_3
v3_910,0.9606846969179348,0.4692219997815236,0.9973654686691588,0.9592770093586296,0.960678749717772,0.9724404092485202,63397655242752.0,4294967296,64,0.0005009729065932,64,8,2,128,3002.0,bin_2
v3_913,1.0324355088502055,0.5083333333333333,1.655384539393708,1.616678626276553,1.6174256326630712,1.629829599444444,657445386240.0,8388608,128,0.0217846222221851,32,4,32,128,10890.0,bin_0
v3_914,1.0819080450361396,0.5524927973261308,1.6565894815139472,1.6095598815008998,1.61337673291564,1.6265086986434956,36803375956224.0,536870912,32,0.0075104748830199,64,8,8,512,10058.0,bin_2
v3_916,0.1166334938176723,0.9949043038090656,0.8832380330386513,0.8478383324109018,0.8586726593784988,0.863249674942684,7022864992419840.0,17179869184,128,0.0005441236426122,64,32,4,128,73610.0,bin_3
v3_917,0.9710780113931052,0.4018584259655688,2.1895772786810994,2.186142979189753,2.184965897351504,2.186895385074118,112647432192.0,2097152,32,0.0003891811356879,64,16,2,256,10602.0,bin_0
v3_918,0.8762433321795869,0.7770131244416959,0.9921938235347624,0.9532531090080738,0.9494385407306254,0.9649618244244872,583592715560448.0,8589934592,32,0.0001375986321363,32,8,8,512,10058.0,bin_3
v3_919,1.051818027613592,0.5008417508417508,1.6445454189088196,1.6062778970226643,1.6079188967123628,1.619580737547949,221552215523328.0,536870912,128,0.02481902949512,32,32,4,128,73610.0,bin_2
v3_920,1.0640472300241115,0.4986319236319236,1.658650735509582,1.614292697981,1.6163623090833426,1.6297685808579747,714812725248.0,8388608,32,0.0153225734829902,128,4,32,128,10890.0,bin_0
v3_921,1.0659351985410146,0.5,1.643663102062419,1.6037699338048697,1.6068248776718974,1.6180859711797286,7310133460992.0,134217728,16,0.0354340299963951,32,16,2,256,10602.0,bin_1
v3_923,1.050305576871004,0.3935427350427349,1.4673043683869764,1.1314314366318283,1.0386045607738197,1.2124467885975416,114470746684416.0,134217728,64,0.000417221308453,32,16,32,128,142602.0,bin_2
v3_925,0.2361462052720148,0.985969696969697,0.8747858467868355,0.8491113760974258,0.8618954177945852,0.8619308802262822,1762967723753472.0,4294967296,64,0.0010609213495627,64,32,4,256,73610.0,bin_3
v3_926,1.0530423087290892,0.498500382553954,1.6438065532129258,1.6044963980093598,1.6072368761524558,1.6185132757915806,478622583779712.0,536870912,256,0.0022239552345126,64,16,32,512,142602.0,bin_3
v3_927,0.989601354869646,0.4079659190016332,2.3274750635027885,2.3291042745113373,2.3302774131298065,2.328952250381311,16245915648.0,2097152,256,0.0003776925150305,32,4,2,256,930.0,bin_0
v3_928,1.065394145534705,0.5,1.6422821572050452,1.6032769633457065,1.6063411170616746,1.617300079204142,2.7969877303296e+16,4294967296,16,0.0183174461126327,32,64,16,256,1087498.0,bin_3
v3_930,0.9085923267735192,0.6862964799750516,1.0538251171601587,0.9547064262442292,0.9441232802346348,0.9842182745463408,436525482246144.0,134217728,16,0.0002293300785822,32,64,8,128,553482.0,bin_3
v3_931,0.094569772079963,0.99452474685808,0.8870062737887565,0.8071043505333364,0.8249095362843946,0.8396733868688292,1.4094553293597696e+16,17179869184,64,0.0004910347633995,64,32,8,256,141578.0,bin_3
v3_932,0.9914747326882228,0.2951187115353781,2.302863236051053,2.3042699955403805,2.303749952465296,2.3036277280189097,2783072716800.0,2097152,256,0.0001910708524519,64,32,8,128,141578.0,bin_1
v3_934,0.9660642844819164,0.4114847876990734,2.040219582850113,2.0297203036025167,2.0302608711645007,2.033400252539044,275694258048.0,2097152,64,0.0146587649360299,128,8,16,256,19466.0,bin_0
v3_936,0.978687010480092,0.3567245519031233,2.0087113501504064,2.003291958011687,2.008006123825908,2.006669810662667,13792009340928.0,2097152,256,0.0001440611085854,128,64,8,128,553482.0,bin_1
v3_937,1.0026927882238656,0.3971175165222784,1.996976601192728,1.986385766416788,1.9952684734016657,1.992876947003727,262502148096.0,8388608,32,0.0005013134796172,128,8,4,128,5354.0,bin_0
v3_938,0.237015573584532,0.9905642998976334,0.9084802852557914,0.8808579379692674,0.8845641817897558,0.8913008016716049,1.3878228154073088e+16,536870912,64,0.0004875539452768,32,256,4,256,4488202.0,bin_3
v3_943,1.0841405860791344,0.5007414992414992,1.6582166684092954,1.6130026294849813,1.6152663761749864,1.6288285580230877,64864598813184.0,536870912,256,0.0193130485713481,128,8,16,128,19466.0,bin_2
v3_944,0.1370482850997166,0.99505952953572,0.8349757860651152,0.818172913743183,0.8366423884872347,0.8299303627651776,2.771093429343437e+16,8589934592,128,0.0018046672921627,64,64,8,256,553482.0,bin_3
v3_945,0.9615692415550924,0.6939371215204547,1.1077141854329966,1.0560301644727588,1.057158078067005,1.0736341426575866,40193144887296.0,536870912,64,0.0001719876308925,32,4,32,128,10890.0,bin_2
v3_946,0.8847467355914143,0.7463233464066797,1.0316117994225351,0.97435258096084,0.9661413882859052,0.99070192288976,455044085772288.0,2147483648,256,0.0002524965675547,64,16,8,128,37002.0,bin_3
v3_947,1.0519051780929776,0.504491341991342,1.6449501442257315,1.6082900641486049,1.611943133175373,1.6217277805165695,866132924712960.0,134217728,16,0.0037467575166374,64,64,16,256,1087498.0,bin_3
v3_949,1.0338471410028498,0.2829315102886531,1.2093147646519355,1.0936709232628343,1.0700914240442216,1.124359037319664,1462749677568.0,134217728,128,0.0061056464910507,32,4,4,256,1594.0,bin_0
v3_950,0.9454784750961832,0.4258444377491996,1.0328892350953538,0.9940692042000592,0.9919971283525229,1.006318522549312,7895247734784.0,536870912,128,0.0008623856119811,32,8,2,128,3002.0,bin_1
v3_957,0.9904934134296915,0.5317388854531712,1.0622066147261648,1.0142571269534528,1.0118617289699614,1.0294418235498597,184785154644480.0,17179869184,256,0.0006138903554528,128,4,4,128,1594.0,bin_2
v3_959,1.0659916442536794,0.5,1.6470678660552949,1.6046979455277324,1.607521554455161,1.6197624553460628,1.4009146122375168e+16,8589934592,32,0.0162154026329517,32,64,4,256,286474.0,bin_3
v3_960,0.984646464248504,0.4777296464558369,2.1120930719189346,2.095857032574713,2.0912915347144008,2.099747213069349,289818289728.0,2097152,64,0.0004273898666724,64,4,32,512,10890.0,bin_0
v3_962,1.0254554679161896,0.5260975290141957,1.6545436086598784,1.6173074282705784,1.619404067285359,1.6304183680719386,4107420846912.0,134217728,256,0.0338128209114074,128,4,8,512,2922.0,bin_1
v3_963,1.242970526511752,0.3933690656785895,1.1945438794209622,1.1087666735984385,1.1140827988274395,1.13913111728228,114156050314752.0,134217728,16,0.0002788250567391,128,16,32,128,142602.0,bin_2
v3_965,1.0744438726288406,0.5,1.6492197025800124,1.6063819592818618,1.6084753209725022,1.6213589942781257,1002212663933952.0,8589934592,128,0.0094264335930347,32,8,16,128,19466.0,bin_3
v3_967,0.9620286856307776,0.5017270009531914,2.1258304500952363,2.1205547153949738,2.122122773900628,2.122835979796946,1841735749632.0,2097152,16,0.0001388682721881,128,64,2,256,152970.0,bin_0
v3_968,0.5412814794340318,0.9020119985834272,0.9555492092804344,0.905093003762886,0.906562325777486,0.9224015129402688,455779530329088.0,4294967296,16,0.0001854398287832,64,16,4,128,19402.0,bin_3
v3_969,0.9580433033470904,0.4015539768873102,1.0790207685349742,1.0271100560203197,1.0298558687791228,1.0453288977781388,65983819952256.0,2147483648,16,0.0004462281358428,128,4,8,512,2922.0,bin_2
v3_973,1.0777155767555018,0.5304990657490657,1.6839117675554007,1.6444184817373753,1.6491300240159037,1.6591534244362265,244842115200.0,2097152,64,0.0242638979107141,64,4,32,256,10890.0,bin_0
v3_974,1.0577155090595776,0.3780889137317707,1.523202019976452,1.499203828163445,1.512426278553903,1.5116107088979334,33207921995904.0,2147483648,128,0.0002078533580061,128,4,4,512,1594.0,bin_2
v3_977,0.0708093772003008,0.9978829565496232,0.8175162969728262,0.7977178974542767,0.8215721165761352,0.8122687703344127,7046782151347200.0,8589934592,16,0.0008926929440349,64,32,8,256,141578.0,bin_3
v3_979,1.3145826224986228,0.5165568184020565,1.9537226323736832,1.8832289432175453,1.8976286994293328,1.911526758340188,1733219745792.0,2097152,32,0.0410513468086719,32,32,8,256,141578.0,bin_0
v3_981,1.06998214813528,0.6838351102160626,1.13663559264387,1.0891866590827703,1.0956534906290472,1.107158580785229,431617322115072.0,134217728,256,0.0002057402016362,128,128,2,128,600842.0,bin_3
v3_988,0.165966762519526,0.992951762523191,0.8657567516402196,0.845705496147275,0.857162240659818,0.8562081628157708,1849924329891840.0,17179869184,32,0.0047333110123872,64,16,4,256,19402.0,bin_3
v3_994,1.0676730716507008,0.4905445942945943,1.6427487259497866,1.6036135191097856,1.606728656217456,1.617696967092343,2.75976076529664e+16,8589934592,256,0.0093317246064543,64,128,2,512,600842.0,bin_3
v3_997,1.0576173469968124,0.5030681818181818,1.64655716647394,1.604720258153975,1.607192225754261,1.6194898834607254,2.74554977470464e+16,536870912,64,0.0116078658029437,64,256,8,128,8701962.0,bin_3
v3_1004,1.0763564393129228,0.5,1.6445085583254695,1.604216213338077,1.6071399338543415,1.6186215685059626,5.493636547462349e+16,2147483648,64,0.0469264611601829,64,256,4,256,4488202.0,bin_3
v3_1007,1.0444599960022625,0.5,1.6435270360670984,1.6056126989424229,1.6087478566914797,1.6192958639003336,477035350176768.0,8589934592,16,0.0179626327008008,64,16,2,512,10602.0,bin_3
v3_1008,1.0901899704158386,0.5110622541039208,1.647551603382453,1.6054062405601144,1.6081049647182226,1.6203542695535968,3480199286866944.0,2147483648,256,0.0151805635541677,64,64,4,512,286474.0,bin_3
v3_1009,1.0212984392124076,0.4886855179652798,2.440240281866864,2.44946363568306,2.445525109767914,2.4450763424392794,54679191389184.0,2097152,32,0.0053568934090435,128,128,16,256,4304906.0,bin_2
v3_1011,1.0725145421417492,0.5154400136900136,1.6536247377516702,1.608791196718812,1.6118787406012416,1.6247648916905746,111964342969344.0,134217728,32,0.0121996356174349,32,32,8,512,141578.0,bin_2
v3_1012,0.9954486827683872,0.5380573253906588,1.995887277182192,1.9842218216508627,1.9876885367557409,1.989265878529599,2027693626368.0,2097152,256,0.0085421791300177,128,32,4,256,73610.0,bin_1
v3_1015,0.9742413658634572,0.6989322930156264,2.30531486030668,2.303302504122257,2.3070927057415247,2.305236690056821,130115544960.0,2097152,128,0.0002787641715258,32,4,16,512,5578.0,bin_0
v3_1016,1.1159980277035382,0.3875892379225711,1.2667154433438554,1.2358933524228632,1.2412341367453337,1.247947644170684,27816728567808.0,2097152,64,0.0001543375983601,32,256,2,128,2381322.0,bin_2
v3_1018,1.0459480996051391,0.4954165279165279,1.6438788438681513,1.605385689996183,1.6077206814661622,1.6189950717768322,3510290119870464.0,2147483648,32,0.0054126339964568,32,64,4,512,286474.0,bin_3
v3_1019,0.9480968335114422,0.5700830642021119,0.9583077800270984,0.9223561878316104,0.9264270626008512,0.9356970101531866,7024424801616384.0,4294967296,256,0.0010563690448179,128,32,16,256,277514.0,bin_3
v3_1020,0.2827586320616017,0.9766215164905642,0.97403637017851,0.9078893181867898,0.8930238471366465,0.9249831785006488,66544722470400.0,4294967296,16,0.0024052113294601,32,8,2,256,3002.0,bin_2
v3_1021,0.9536993107166248,0.6511197008458914,1.1026607830135615,1.0129464180208745,1.0061840885318816,1.040597096522106,751458447680256.0,8589934592,16,0.0001172928750747,32,4,32,256,10890.0,bin_3
v3_1023,0.9266524214776092,0.6604518845352179,0.993038510750921,0.9526612001936884,0.9518406130373478,0.9658467746606524,914177562771456.0,8589934592,256,0.0003447863273322,128,16,4,128,19402.0,bin_3
v3_1028,1.083849952154508,0.503558053058053,1.6474064398789778,1.606599198654294,1.6090807002037764,1.621028779579016,9610258141440.0,134217728,128,0.0491545014083385,128,8,8,512,10058.0,bin_1
v3_1030,1.1636001084942516,0.4611235351949638,1.25015057931887,1.2064541298896074,1.2034103572368622,1.2200050221484464,58260388405248.0,536870912,256,0.0001009049010463,32,16,4,256,19402.0,bin_2
v3_1031,1.0032973835640964,0.4746758041341375,1.592439075000584,1.5415279921144247,1.544316834770143,1.5594279672950506,1707883023200256.0,134217728,64,0.0024423203431069,128,256,2,128,2381322.0,bin_3
v3_1032,0.8968571157354525,0.7681240633264443,0.9958757865970256,0.9482811216730624,0.9477400360628964,0.9639656481109948,238111662432768.0,2147483648,256,0.0058550876565277,64,16,4,512,19402.0,bin_3
v3_1033,0.9724966362310506,0.5730848935015601,1.0368122674553888,0.9929574988782406,0.9885230395011604,1.00609760194493,582295189755264.0,2147483648,64,0.0001686585164861,32,8,32,512,38282.0,bin_3
v3_1034,0.991236797578708,0.6328442128858796,2.0128370467573404,1.998654020018876,2.001559797674417,2.004350288150212,2263765662528.0,8388608,128,0.006487806327641,128,8,32,256,38282.0,bin_1
v3_1040,0.2922649227816724,0.9747102897102898,0.9780831418065644,0.8959109024144709,0.885653237812221,0.9198824273444188,1783593362350080.0,8589934592,128,0.0003408885677345,32,32,2,256,39626.0,bin_3
v3_1042,0.8448168131438982,0.8807394774537632,1.0244802501765662,0.960340677993372,0.958547537215054,0.9811228217949974,954313059818496.0,17179869184,64,0.0001163448032457,64,16,2,512,10602.0,bin_3
v3_1043,1.0659696892133468,0.5033454970954971,1.6485018365783617,1.606069602072239,1.6074408404529097,1.62067075970117,1.397370559033344e+16,2147483648,256,0.0132784564048051,32,64,16,128,1087498.0,bin_3
v3_1045,1.071071977220048,0.5141070935237603,1.653514198726043,1.6096191043034196,1.6109510259702802,1.6246947763332475,3494350459293696.0,536870912,64,0.0024711755104362,32,64,16,128,1087498.0,bin_3
v3_1047,1.0843497402957971,0.5072961566652042,1.6467542866012082,1.6056307461112738,1.608161123469472,1.6201820520606514,2.780560061830963e+16,536870912,256,0.0003163375949952,32,128,32,128,8538122.0,bin_3
v3_1048,1.0480344299933833,0.5028016428016429,1.646928493748419,1.6079387422651052,1.6104275463148952,1.6217649274428063,2.771108345452339e+16,134217728,64,0.0170919522643089,32,256,32,128,33984522.0,bin_3
v3_1049,0.6366975782636054,0.8851533528200194,0.9734850598106276,0.9183277767151594,0.9162072807084768,0.9360067057447546,233351167746048.0,4294967296,64,0.0007260851562023,32,16,2,256,10602.0,bin_3
v3_1050,0.974190232011564,0.6082864934888744,1.09206837003876,1.034646663814783,1.0329087162390351,1.053207916697526,1262080152576.0,134217728,64,0.0061821471899747,32,4,4,128,1594.0,bin_0
v3_1051,1.0606629273284984,0.5,1.6454868564615026,1.6052042972296476,1.6076525915414095,1.6194479150775198,1.377120160407552e+16,2147483648,32,0.0272520035505294,64,128,4,512,1129994.0,bin_3
v3_1052,0.9661412567103684,0.6831243817910483,2.283697887789458,2.281556664034724,2.282769562676549,2.282674704833577,90137377536.0,2097152,32,0.0002454922068864,128,4,16,128,5578.0,bin_0
v3_1054,1.0637509367560731,0.4877898250338726,1.648715015151538,1.6113107996061444,1.613997004926205,1.6246742732279624,54945394682880.0,8388608,16,0.0018240013159811,32,64,16,512,1087498.0,bin_2
v3_1055,1.0587325123755331,0.4812660765160765,1.6480812007794157,1.6064584041014314,1.6074323374778032,1.6206573141195502,6887784363098112.0,2147483648,64,0.0046793688088655,64,128,2,128,600842.0,bin_3
v3_1056,1.063411994642939,0.5,1.6471031880937517,1.6058759912848473,1.6072504632174969,1.620076547532032,253032628703232.0,8589934592,256,0.0256729889661073,64,8,4,128,5354.0,bin_3
v3_1058,1.0595764295175818,0.5196358592906213,1.6717104685958477,1.6379347266629338,1.6478117750957608,1.6524856567848474,2255732553984.0,2097152,16,0.0309056378901004,128,32,8,512,141578.0,bin_1
v3_1059,0.9528790209190926,0.5604066211566212,1.0857733456796268,1.027134157717228,1.0259725083597004,1.046293337252185,14268897380352.0,134217728,32,0.0003015361144207,64,16,4,128,19402.0,bin_1
v3_1060,1.0694234547555967,0.5,1.6487440078053623,1.6083450075238943,1.60942208673805,1.6221703673557688,7014360188841984.0,4294967296,16,0.0068288664333522,64,32,16,128,277514.0,bin_3
v3_1061,0.7496082519934885,0.8265914442700156,0.978878802379768,0.9467361862771212,0.9462408805266024,0.9572852897278304,64997388292608.0,2147483648,16,0.0090735545381903,128,8,4,128,5354.0,bin_2
v3_1062,0.544039759638809,0.9489286921191684,0.9328001665962802,0.9028717433102428,0.912817741278559,0.916163217061694,2.74193146169856e+16,8589934592,128,0.0003462480381131,128,128,2,512,600842.0,bin_3
v3_1063,1.3176272722158469,0.2570751219679791,1.1800595669192262,1.1336315157823265,1.1354212490841746,1.1497041105952424,868855401117696.0,134217728,256,0.0002441050019115,128,64,16,128,1087498.0,bin_3
v3_1069,1.2475220254816577,0.5672633684657495,1.2003933005617,1.14516982389614,1.1474510855041444,1.164338069987328,441177296688384.0,134217728,64,0.0001251748763024,64,32,32,256,549386.0,bin_3
v3_1070,0.9593490790039044,0.4990484863461055,1.0782916333409958,1.0164168369956317,1.0146947870962322,1.0364677524776198,24426501176832.0,2147483648,16,0.0003999900363851,64,4,4,256,1594.0,bin_1
v3_1073,0.1520382805372862,0.9950296216129548,1.0207396485584468,0.8828106438741088,0.8615142947528511,0.9216881957284688,6994741525868544.0,2147483648,64,0.0002660925092641,32,64,8,256,553482.0,bin_3
v3_1076,1.0737290642370323,0.5042718498432784,1.6508033497957513,1.6074975421652198,1.6089711701497436,1.6224240207035716,875569103437824.0,536870912,256,0.0161176770925521,32,64,4,128,286474.0,bin_3
v3_1079,0.5668378953313917,0.928640747259795,0.9397573830065084,0.9057730997446924,0.9129726872779428,0.9195010566763812,1749207424923648.0,4294967296,32,0.0001825032231863,128,32,4,128,73610.0,bin_3
v3_1080,1.0541979375464698,0.3793265398622541,1.528581640101038,1.4998321533203125,1.4987621251493692,1.5090586395235732,1932164726784.0,8388608,128,0.0021318087819963,32,32,2,512,39626.0,bin_1
v3_1082,1.0610301749195037,0.4207576682576683,1.6461106750648469,1.604841816239059,1.6066471189260485,1.6191998700766514,322426333645824.0,8589934592,256,0.0045536281540989,32,4,16,128,5578.0,bin_3
v3_1083,1.076336209665424,0.5,1.6435522083193064,1.6035494171082971,1.6064096372574568,1.6178370875616868,7164906206039040.0,8589934592,16,0.0088677499443292,32,32,8,512,141578.0,bin_3
v3_1085,0.1800956618646343,0.9922650312650312,0.9985571558499942,0.9082149979658424,0.878939172020182,0.9285704419453396,1.3866563664887808e+16,536870912,32,0.0001213055948028,32,256,4,256,4488202.0,bin_3
v3_1086,1.016644710821086,0.364223959021578,1.8190069866832344,1.80297966953367,1.8094395594671369,1.8104754052280136,2137777532928.0,8388608,256,0.0030624810606241,64,32,2,512,39626.0,bin_1
v3_1092,1.041305449082666,0.5146845103749865,1.652676991885528,1.6193212876096368,1.6218343107029796,1.631277530066048,489658443264.0,2097152,16,0.003452664008364,32,8,32,128,38282.0,bin_0
v3_1095,0.9795847713566674,0.4181993702946084,2.014898547902704,2.00440482981503,2.0021038511767983,2.007135742964844,31108833792.0,2097152,128,0.0157158095389604,128,4,4,128,1594.0,bin_0
v3_1098,1.0718400764029925,0.5011111111111112,1.648486408405006,1.6056736204773188,1.6078522792086003,1.6206707693636415,3641239517196288.0,17179869184,64,0.0137296114116907,64,16,8,128,37002.0,bin_3
v3_1099,0.3868159087261643,0.9318572115714971,1.210176600896375,0.9576318017207086,0.8969914531335235,1.021599951916869,929429319490560.0,2147483648,128,0.0004528713179752,32,16,16,256,72202.0,bin_3
v3_1100,1.0611605552922738,0.5103114478114478,1.6445186315104363,1.6045237751677632,1.606890270486474,1.618644225721558,2.7990342014263296e+16,8589934592,64,0.0026605583261698,32,64,8,256,553482.0,bin_3
v3_1101,1.0060773734493775,0.2628569446426589,1.0492443771945543,1.0017548147588968,1.00363425957039,1.0182111505079472,1770175247859456.0,2147483648,256,0.0004095325421076,128,32,8,512,141578.0,bin_3
v3_1107,1.0292714342040832,0.549136604136604,1.6547499012667686,1.6184349730610847,1.6213690442964437,1.6315179728747655,4190631615744.0,134217728,256,0.0338488779962062,128,4,8,512,2922.0,bin_1
v3_1109,1.2227267352652682,0.5031781974639117,1.3513408362632615,1.3125881124287844,1.3093637297861278,1.324430892826058,2.7691117231939584e+16,17179869184,256,0.0031461804173886,64,64,4,128,286474.0,bin_3
v3_1114,1.0900786900079753,0.4763710914306152,1.644805027754046,1.6042198380455377,1.6079860888421535,1.6190036515472457,73615894640640.0,2147483648,64,0.0277649573981761,64,8,4,512,5354.0,bin_2
v3_1117,0.9324215135566292,0.7231796034653177,0.9806071062193952,0.9448661119677126,0.9446921669878066,0.9567217950583048,1038503135496192.0,17179869184,256,0.000650082482025,128,8,8,128,10058.0,bin_3
v3_1118,1.057892927300635,0.5,1.642516708234325,1.604176366701722,1.6073793871328237,1.618024154022957,956464807879680.0,4294967296,128,0.0198519378900527,32,16,8,512,37002.0,bin_3
v3_1120,1.0539202337821016,0.5111111111111112,1.649089828133583,1.6081296792253852,1.608540709130466,1.6219200721631448,1.4027803910716416e+16,4294967296,16,0.0028150693979114,64,32,32,128,549386.0,bin_3
v3_1122,1.27752329127806,0.5474821787559883,2.1757255501579493,2.090627817902714,2.115131880156696,2.1271617494057864,915466598400.0,2097152,32,0.0334188751876354,32,32,4,512,73610.0,bin_0
v3_1124,1.055451324311251,0.4981931679431679,1.646575341350399,1.605453323572874,1.608234716579318,1.620087793834197,437828811531264.0,536870912,128,0.0137006985023617,128,32,8,128,141578.0,bin_3
v3_1125,0.9887980125334708,0.6035643738977073,1.1416831848910078,1.0987216755747795,1.1033695344813168,1.114591464982368,2287898649600.0,134217728,64,0.0022689695470035,64,8,2,512,3002.0,bin_1
v3_1126,0.9704828850136048,0.4014588255659683,2.169143605977297,2.1650143656879663,2.163710990920663,2.165956320861975,112782956544.0,2097152,32,0.0001961594098247,64,16,2,128,10602.0,bin_0
v3_1127,0.3067998112818413,0.9768822161084064,0.9215204826796252,0.8887791300658137,0.8925078730098903,0.9009358285851098,456389110984704.0,8589934592,32,0.0008230447419919,64,16,2,128,10602.0,bin_3
v3_1131,0.4057435533809568,0.9703116451449784,0.9379225907032378,0.9037055494263768,0.9067669534124434,0.9161316978473528,444050398199808.0,2147483648,256,0.006763344630599,32,32,2,128,39626.0,bin_3
v3_1132,0.9361848855784508,0.5891622544122544,0.9917884752285318,0.9553717004600912,0.953099597711116,0.9667532577999132,63463466674176.0,4294967296,128,0.0014438453363254,64,8,2,128,3002.0,bin_2
v3_1133,0.6729973137842683,0.84004949900188,0.9251175747158412,0.8918570037931204,0.90332869021222,0.906767756240394,477567330366720.0,4294967296,16,0.0005332541768439,128,16,4,512,19402.0,bin_3
v3_1134,1.022876743487965,0.3223066364852079,1.7386463542934507,1.717249944806099,1.7231069346889851,1.726334411262845,14396164153344.0,2097152,128,0.0003441700246185,32,64,16,128,1087498.0,bin_1
v3_1137,1.0513051062612089,0.5,1.6450580805540085,1.6070188954472542,1.6085588801652193,1.620211952055494,1856515900925952.0,2147483648,32,0.0199513640254735,32,16,32,256,142602.0,bin_3
v3_1138,0.952367539004382,0.6510507733007732,2.177127989474684,2.175464127212763,2.178932683542371,2.177174933409939,3768050939904.0,8388608,256,0.0004045209207106,128,32,4,512,73610.0,bin_1
v3_1139,1.0810268685619566,0.5273017432303146,1.6439719288609922,1.6030750181525946,1.6070355279371142,1.6180274916502335,26383614791040.0,536870912,16,0.0076817828230559,128,4,16,256,5578.0,bin_1
v3_1143,0.0785312455643683,0.9968646785313452,0.8395752038741193,0.8140310440212488,0.8297072330024093,0.8277711602992591,1.1101181020906291e+17,4294967296,16,0.0002138831187039,32,256,4,256,4488202.0,bin_3
v3_1147,0.968289402989568,0.3717231445802875,1.006980991063756,0.9652618733234704,0.9662097920663656,0.979484218817864,238818140740608.0,2147483648,32,0.0105106523260474,128,16,4,512,19402.0,bin_3
v3_1148,1.0851527506832888,0.4920622433122433,1.6478963308036327,1.606345817446709,1.609058535657823,1.6211002279693882,6989769667467264.0,4294967296,256,0.0117888525128364,128,32,16,128,277514.0,bin_3
v3_1149,0.9893856408237226,0.5725518581947153,1.051234395956271,1.0119438827969134,1.0180209409445524,1.0270664065659123,119610145219968.0,536870912,32,0.0007729615317657,128,16,8,512,37002.0,bin_2
v3_1156,1.0611611694265857,0.315902333997572,1.2814650150830855,1.248647020664066,1.2547299698926508,1.2616140018799342,21069479236608.0,2147483648,256,0.0001012998254736,64,4,4,128,1594.0,bin_1
v3_1157,1.0955603137278305,0.3272474646165122,1.1463467434659833,1.1048700287938118,1.117401405237615,1.12287272583247,108265029636096.0,8388608,16,0.0002171715314034,64,128,8,256,2188298.0,bin_2
v3_1164,0.9899694051165682,0.4004013292703769,2.324274896644056,2.325787665322423,2.3270474784076214,2.3257033467913666,53119864320.0,8388608,128,0.0001290471409447,128,4,2,128,930.0,bin_0
v3_1166,1.0603776186261742,0.4366224718843766,1.6441122114192694,1.6039034649729729,1.6062949243932962,1.6181035335951794,124935280806912.0,17179869184,256,0.0460321642458438,64,4,2,512,930.0,bin_2
v3_1168,0.9429303064423116,0.7929594052332147,1.0412030984080047,0.9844085476361216,0.9811597862280904,1.0022571440907388,475590957879552.0,2147483648,128,0.0003713507321663,64,16,8,512,37002.0,bin_3
v3_1169,0.9634562754286394,0.430690897726612,2.373008952010423,2.376327577978373,2.380416939035058,2.376584489674618,40914917376.0,2097152,256,0.0014224356273189,32,4,4,512,1594.0,bin_0
v3_1170,1.0532094157924126,0.6174584793513366,1.687550087692216,1.6616528872400522,1.6648000441491604,1.6713343396938096,3749103409152.0,2097152,64,0.0012701792875304,64,32,16,128,277514.0,bin_1
v3_1171,1.0589153920933092,0.5,1.6446876877453178,1.6066149454563856,1.6084976438432932,1.6199334256816655,1.3939354652860416e+16,4294967296,16,0.026409026235342,32,128,2,256,600842.0,bin_3
v3_1173,2.745246689930477,0.2930191699834556,2.148906416245154,2.1306820418685675,2.06037275865674,2.1133204055901538,120020442882048.0,8388608,128,0.0031612364109605,64,256,2,512,2381322.0,bin_2
v3_1175,1.0554343250987457,0.5033333333333333,1.6456936819013208,1.6064611906185746,1.608821871690452,1.6203255814034492,2924866111488.0,134217728,64,0.047977227717638,32,4,8,256,2922.0,bin_1
v3_1178,0.9900946778690236,0.2677095801024372,1.0355558352603111,0.9839638033881783,0.9819422229193152,1.0004872871892685,439525738696704.0,536870912,128,0.000918771023862,128,32,8,256,141578.0,bin_3
v3_1180,0.9637720713177876,0.5118952136928326,1.4385037688771265,1.276856674812734,1.2162265721708536,1.3105290052869047,194862787862400.0,2147483648,256,0.0014549551997333,64,4,32,256,10890.0,bin_2
v3_1182,1.071818469407088,0.4926183816183816,1.6470148646039888,1.6045749001204967,1.60821576975286,1.6199351781591151,11903665903872.0,134217728,128,0.0118213323876261,32,4,32,256,10890.0,bin_1
v3_1188,0.438309670314559,0.8976978814835957,0.9011933472684176,0.8758812383748591,0.8886728717479855,0.8885824857970874,1092190034613504.0,17179869184,256,0.0089129703119397,128,8,8,256,10058.0,bin_3
v3_1189,1.023364723880076,0.4840028454790359,2.185943865450099,2.179349860176444,2.176211869344116,2.1805018649902195,29373948550656.0,8388608,64,0.0094095384702086,128,32,32,256,549386.0,bin_2
v3_1190,0.954074766818815,0.3734693278502802,1.0503647472360171,1.0040501239709556,1.0097354003228247,1.0213834238432655,26548493530368.0,4294967296,16,0.0038405139930546,128,4,2,256,930.0,bin_1
v3_1194,0.977834417814865,0.4043307790093504,1.05038746457285,1.0106096072122457,1.012223417405039,1.0244068297300448,33177945932928.0,4294967296,16,0.0100920833647251,128,4,2,512,930.0,bin_2
v3_1197,1.083816893455863,0.5,1.648669534828514,1.605377921834588,1.6097725508734584,1.62127333584552,464780305794048.0,8589934592,16,0.027527866885066,128,16,2,256,10602.0,bin_3
v3_1198,1.0911803767444253,0.5138111333111334,1.6536566349677742,1.609532450325787,1.6130153154954314,1.625401466929664,110860173821952.0,134217728,32,0.0106552885845303,128,32,8,512,141578.0,bin_2
v3_1200,0.9556972431760512,0.5800249970488066,1.003989207216364,0.946229509776458,0.9428176181390882,0.96434544504397,440987977052160.0,2147483648,64,0.0005532320938073,64,32,2,256,39626.0,bin_3
v3_1201,1.0725180453259573,0.5041184278684279,1.6533593168715015,1.6099336883053184,1.610984293743968,1.6247590996402623,3438111258058752.0,536870912,64,0.0333402454853057,128,64,16,128,1087498.0,bin_3
v3_1202,0.1942032696933313,0.9839763851668611,0.8688135389020317,0.848506306996569,0.8615730982273817,0.8596309813753275,6990878434851840.0,8589934592,128,0.001228098059073,128,32,8,128,141578.0,bin_3
v3_1204,0.9486602831975114,0.3602797669702431,0.9941178255612612,0.955531158251688,0.9541071765124798,0.9679187201084763,1.374906294171648e+16,536870912,16,0.0002783367526717,64,128,16,128,4304906.0,bin_3
v3_1205,1.1070632108147005,0.4846440226440225,1.6527823145734146,1.609041916206479,1.6122514540329576,1.624691894937617,6936486312370176.0,134217728,16,0.0033404869027435,32,256,8,256,8701962.0,bin_3
v3_1211,0.9878871182434296,0.3362387088220421,1.006752270994184,0.9560547661967576,0.9587541120126843,0.9738537164012088,886252200644352.0,536870912,32,0.0008192541426979,64,32,16,512,277514.0,bin_3
v3_1215,0.9724514524633168,0.3444122786384691,1.126504123734776,1.0644850051030517,1.0584649741649628,1.0831513676675968,47224037819904.0,2147483648,256,0.0003507346555124,32,4,8,256,2922.0,bin_2
v3_1216,0.2188676570698575,0.9921876818067292,0.916414750070544,0.8810176593251526,0.8855724656023085,0.8943349583326684,1.0988914143493325e+17,8589934592,64,0.0003975650179199,64,256,2,128,2381322.0,bin_3
v3_1217,0.1738345527285453,0.99050312474122,0.9197750826278934,0.8668163334950805,0.8712808394338936,0.8859574185189558,2.779580846252851e+16,2147483648,16,0.0001524449908174,32,256,2,512,2381322.0,bin_3
v3_1219,1.0569522286599586,0.5111179592012925,1.6464461006689817,1.6058016521856189,1.6082925703376532,1.6201801077307512,8375841027072.0,134217728,128,0.0260992851108312,64,8,8,256,10058.0,bin_1
v3_1223,0.9609998532903944,0.706394797882893,2.23021249845624,2.227286169305444,2.22743215598166,2.2283102745811147,412058051712.0,8388608,256,0.003050222992897,128,4,16,128,5578.0,bin_0
v3_1224,1.0013603017717518,0.4882133144633144,1.6835217808838934,1.6532434625551105,1.6531477374956012,1.6633043269782015,6951208095744.0,2097152,16,0.0045246016234159,32,32,32,128,549386.0,bin_1
v3_1225,1.0459256853488597,0.4685120963692391,1.6469362057978287,1.606322291307151,1.6087320605292916,1.6206635192114238,133068572281728.0,536870912,256,0.0114752342924475,64,8,32,256,38282.0,bin_2
v3_1228,1.0440870702467189,0.4969888334769286,1.6449820378329605,1.60737940762192,1.6096671223640442,1.6206761892729749,5.553970841106432e+16,2147483648,16,0.0009638367337174,32,256,4,512,4488202.0,bin_3
v3_1231,1.018756537689518,0.3562261856309475,1.8832718962803483,1.869798890314996,1.8738977257162333,1.875656170770526,731362340352.0,134217728,128,0.0004664716252591,128,4,2,128,930.0,bin_0
v3_1233,1.06249189792637,0.496,1.6461287619313223,1.6043640384450557,1.6066167317330835,1.619036510703154,1.1116470737603789e+17,8589934592,128,0.0059316586703062,32,256,2,256,2381322.0,bin_3
v3_1234,1.0247067691663092,0.5,1.6531800900120288,1.6156856659799814,1.6158218318596482,1.6282291959505528,75107502292608.0,2147483648,16,0.0437649302184581,128,8,4,512,5354.0,bin_2
v3_1235,0.9841049198794736,0.3690848472515139,1.9176663958933204,1.9066788516938689,1.908280569128692,1.910875272238627,6940979269632.0,8388608,64,0.0001275146350963,64,64,2,256,152970.0,bin_1
v3_1236,0.9454699789041208,0.6694023009618247,1.0562844304804455,1.017629884649068,1.0177194303832948,1.030544581837603,7133085336576.0,134217728,16,0.004101796541363,128,16,2,128,10602.0,bin_1
v3_1237,1.051408592076504,0.5,1.6456828587688506,1.606869283132255,1.6087765945121646,1.6204429121377568,2017558646687232.0,8589934592,16,0.0184311363846063,64,8,32,128,38282.0,bin_3
v3_1238,1.0520775723250435,0.5024233482566817,1.6608587112277746,1.6213862635195255,1.6212613927200437,1.6345021224891143,59731052169216.0,134217728,256,0.0415438413619995,128,16,16,256,72202.0,bin_2
v3_1240,0.9253938765349852,0.750685682042825,1.0628047993013752,1.0016163904219866,0.994808851275593,1.0197433469996515,14849174923776.0,134217728,16,0.0048918826505541,64,16,4,512,19402.0,bin_1
v3_1242,1.061307587476412,0.4960397781231114,1.7033058975357562,1.6741912867873907,1.6787487464025617,1.685415310241903,109754624311296.0,2097152,16,0.0423174314200878,32,256,8,128,8701962.0,bin_2
v3_1245,1.029270630034245,0.4768874198993246,1.6738492468139157,1.6303041614592075,1.6323533290997148,1.645502245790946,54645783023616.0,8388608,64,0.0026043206453323,32,64,16,128,1087498.0,bin_2
v3_1246,0.9527947619542516,0.5871297992131325,1.046142524726747,0.9794639283791184,0.9736928497441112,0.9997664342833256,436426936664064.0,536870912,128,0.0011247424408793,64,64,2,512,152970.0,bin_3
v3_1247,1.0670803865145757,0.4946233825698112,1.6489171838620678,1.605953162536025,1.6081041097640991,1.6209914853873972,1747545805971456.0,134217728,128,0.0003133378049824,32,64,32,128,2155530.0,bin_3
v3_1249,1.16579227802063,0.450224924546353,1.2531599081703462,1.2179454704746604,1.21693067625165,1.2293453516322188,14535391100928.0,2097152,64,0.0003709010488819,32,128,4,128,1129994.0,bin_1
v3_1253,1.1246249422957086,0.4694176705129085,1.4832854704000056,1.4558999631553888,1.453298380598426,1.4641612713846068,27371679006720.0,8388608,64,0.0003128967364318,64,128,2,512,600842.0,bin_2
v3_1254,0.9732493832542186,0.5600558123534314,1.994454767787829,1.9860368398949504,1.9891111766919487,1.9898675947915765,7137178249728.0,2097152,64,0.0003574848524294,128,32,32,128,549386.0,bin_1
v3_1255,1.0740486117523529,0.531350513683847,1.6511928420513868,1.6086075622588396,1.6099964631721375,1.623265622494121,3474541340540928.0,134217728,32,0.0006007141782902,32,128,16,128,4304906.0,bin_3
v3_1257,1.0971526266777116,0.5,1.6512200128054246,1.60707738250494,1.6113966517150402,1.6232313490084682,528153778712064.0,4294967296,16,0.011395682580769,32,8,16,256,19466.0,bin_3
v3_1265,0.9619330448427146,0.6860632145632146,2.267414956353605,2.265344539657235,2.2656406704336405,2.266133388814827,374907324672.0,8388608,64,0.0001686672039795,32,4,16,256,5578.0,bin_0
v3_1269,1.011863572563824,0.6083135233373329,1.972674919990823,1.9497972568497064,1.946696856059134,1.956389677633221,635719948800.0,8388608,16,0.0001055382672348,32,4,32,128,10890.0,bin_0
v3_1271,1.0632319541841395,0.5389765049765051,1.6508911488344893,1.607149419374764,1.6083013284951448,1.6221139655681327,14256174102528.0,134217728,64,0.0101455487310886,64,16,4,128,19402.0,bin_1
v3_1273,1.0456400504520824,0.4945048100048099,1.645498787751421,1.6056099282577634,1.607710067182779,1.619606261063988,6914362495951872.0,536870912,16,0.0030532411765307,64,64,32,128,2155530.0,bin_3
v3_1274,1.1396357758382023,0.3608716089906567,1.5299285482615232,1.5046486323699355,1.5161355333402753,1.516904237990578,70545558528.0,2097152,32,0.0053793806582689,32,8,4,256,5354.0,bin_0
v3_1275,0.2848648948873145,0.9685866373485422,0.8930486076060333,0.8705895177554339,0.8763634155038744,0.8800005136217806,1755362495477760.0,4294967296,16,0.0030822278931736,64,32,4,128,73610.0,bin_3
v3_1277,0.0837050815465512,0.9962313365646698,0.93901863109204,0.8387661192100495,0.8416900550946593,0.8731582684655829,3658648989966336.0,8589934592,128,0.001228995504789,32,16,16,128,72202.0,bin_3
v3_1278,1.0608899721931888,0.4939682539682539,1.6466720572207123,1.6068380381911993,1.6078488128259778,1.6204529694126295,167961183804672.0,2147483648,64,0.0043900744058191,64,4,32,128,10890.0,bin_2
v3_1280,1.0879527066220689,0.5209760160474447,1.6516509965294972,1.6086323261260986,1.612014416605234,1.6240992464202766,979235543040.0,8388608,16,0.0085424799472093,64,8,16,128,19466.0,bin_0
v3_1286,1.0769848245091536,0.4825828642257213,1.14320704228885,1.0580180250108242,1.0375793701969087,1.0796014791655275,242151020845056.0,4294967296,128,0.0004083294188603,32,4,16,512,5578.0,bin_3
v3_1290,0.9834293827169792,0.3512904828857209,1.9278811539988965,1.9130005445331333,1.912547217682004,1.9178096387380112,124983912192.0,8388608,128,0.0178459268063306,64,4,4,512,1594.0,bin_0
v3_1291,1.3821184634914794,0.3445552401742877,1.1352438584435731,1.08923104358837,1.1013056910596788,1.1085935310305406,23132330774400.0,536870912,128,0.0009717575157992,128,4,16,128,5578.0,bin_1
v3_1293,1.0536393407907303,0.5,1.649819461628795,1.6080920733511448,1.6083900788798928,1.6221005379532774,3501421255581696.0,17179869184,128,0.0294390562921762,128,32,2,128,39626.0,bin_3
v3_1294,1.0908446906142586,0.486004056789771,1.64610499702394,1.6053632209077475,1.608861626125872,1.6201099480191867,111460754823168.0,134217728,256,0.0065220622345805,64,32,8,256,141578.0,bin_2
v3_1296,1.0512980047811469,0.4824290894290894,1.6561199425486848,1.6091237710788846,1.6128276782110331,1.6260237972795342,860447126556672.0,134217728,32,0.0079313749447464,64,128,4,256,1129994.0,bin_3
v3_1297,0.1029725368109908,0.9944948847448848,0.8265759869391331,0.8055826586205512,0.8296682604122907,0.820608968657325,3695874609924096.0,17179869184,32,0.0013252369826659,64,16,8,256,37002.0,bin_3
v3_1298,0.8260602741431718,0.7230735516687897,0.9826967074695858,0.947887659771368,0.9503570310771464,0.9603137994393668,886716330014208.0,2147483648,128,0.0055031240917742,128,32,4,512,73610.0,bin_3
v3_1301,0.9653870720655716,0.5938795018914066,1.0893144222027331,1.0195876420475545,1.0083481203764677,1.039083394875585,60963464272128.0,8589934592,16,0.0002085007727146,32,4,2,512,930.0,bin_2
v3_1304,0.651755659296836,0.8564094283141902,1.0875503750576172,0.9892410095781088,0.976837748195976,1.0178763776105673,188487671328768.0,8589934592,256,0.0073840646073222,32,4,8,256,2922.0,bin_2
v3_1305,0.9467170010198028,0.719087092360902,1.0660339368259883,1.0214964067563417,1.027307846583426,1.0382793967219186,29898696764928.0,536870912,32,0.0011625180486589,128,16,2,512,10602.0,bin_2
v3_1306,0.978853919650752,0.6278940301321253,2.1046310996171087,2.098434620536864,2.1017461977899075,2.10160397264796,4726781371392.0,2097152,256,0.0003732641343958,32,32,16,256,277514.0,bin_1
v3_1308,1.0608359573519135,0.3624235618878476,1.3889464071835391,1.3651288668625057,1.3591064903885126,1.3710605881448523,7326244847616.0,2097152,64,0.0002660574682522,32,128,2,128,600842.0,bin_1
v3_1309,0.9876812116583048,0.5029384259919973,1.6921719706151634,1.653849975205958,1.655375838279724,1.6671325947002815,3595268001792.0,2097152,32,0.0123780276626348,32,32,16,512,277514.0,bin_1
v3_1310,0.1504467130270106,0.9914246397341636,0.8847026519179053,0.8543463405221701,0.8642573868855834,0.8677687931085529,3640697834360832.0,17179869184,256,0.0011224172776564,64,16,8,128,37002.0,bin_3
v3_1312,1.1240979294741549,0.4998534798534798,1.6621714415960014,1.6150020104832947,1.6191547494381666,1.632109400505821,78768186624.0,2097152,16,0.0134210139513015,32,4,16,128,5578.0,bin_0
v3_1315,0.9361049842729084,0.760188012604679,1.00706030701258,0.9625084847211838,0.956549103371799,0.9753726317018542,62901917995008.0,2147483648,64,0.0004479511408135,32,8,4,128,5354.0,bin_2
v3_1316,1.039435040084432,0.5322495053447435,1.0868179837125354,1.0355127397924662,1.046358256135136,1.0562296598800458,4138597238016.0,536870912,16,0.0024233891163021,128,4,2,512,930.0,bin_1
v3_1317,0.2942186420819104,0.9807084392679628,0.8890042329221615,0.8647386613301933,0.8754673739895225,0.8764034227472924,2.7554300272582656e+16,8589934592,256,0.001193574629724,64,128,2,128,600842.0,bin_3
v3_1318,0.3730521778653169,0.961043150412198,0.9202873657995952,0.8916668971069157,0.8958355095237494,0.9025965908100868,505003481247744.0,8589934592,64,0.0021333787590265,64,8,8,128,10058.0,bin_3
v3_1319,0.9518689903565616,0.7211773173916031,1.0910376626125071,1.0480891256593168,1.0502422489225864,1.0631230123981368,36505089076224.0,536870912,256,0.0013871758710592,32,8,8,512,10058.0,bin_2
v3_1320,0.4702038143975482,0.9297934635910826,0.983889382594498,0.9192625235300512,0.9099473389796912,0.93769974836808,3480074613522432.0,536870912,256,0.000457914546132,32,128,4,128,1129994.0,bin_3
v3_1322,1.047410041641187,0.5,1.6443654680624604,1.6055251974612474,1.6087427847087383,1.6195444834108157,119042508317184.0,536870912,16,0.0179994162172079,64,16,8,512,37002.0,bin_2
v3_1325,0.9928027134302811,0.5440620948716187,1.0071208909357665,0.9680815027095376,0.969411443453282,0.9815379456995288,7892801894400.0,536870912,128,0.0272498596459627,32,8,2,128,3002.0,bin_1
v3_1326,1.0535602455633062,0.5,1.6433708106633276,1.6044629039242864,1.606897567398846,1.6182437606621534,1.3936259448496128e+16,4294967296,16,0.0033198879100382,32,128,2,256,600842.0,bin_3
v3_1331,0.4258959106792594,0.948833201190344,0.9098886268984644,0.8800958604551852,0.8920602817088366,0.8940149230208286,1.367612744749056e+16,2147483648,64,0.0001958502252819,128,128,4,256,1129994.0,bin_3
v3_1332,0.561322771271062,0.8482796542082256,0.9506982334023631,0.9121009577065706,0.9076943499967456,0.9234978470352264,2004127451083776.0,8589934592,64,0.0001647440076339,32,8,32,128,38282.0,bin_3
v3_1333,1.0964720276722868,0.3917129801415515,1.6847181796329096,1.65273305028677,1.6634586714208126,1.6669699671134974,14460885024768.0,2097152,64,0.0016739030834287,128,64,16,128,1087498.0,bin_1
v3_1335,1.014819419447334,0.4247774377298186,1.750230102101341,1.7216225266456604,1.7290273495018482,1.7336266594162832,276598689792.0,2097152,128,0.005462447181344,128,16,4,128,19402.0,bin_0
v3_1338,0.941122075271048,0.7155246402627355,1.0515770919737406,1.0126537261530757,1.018862791825086,1.0276978699839674,432811899088896.0,134217728,16,0.0010949776042252,64,128,2,512,600842.0,bin_3
v3_1343,1.0259391170157337,0.7392153754534707,1.335760269314051,1.2926223147660494,1.2957539036870005,1.3080454959223669,110611184947200.0,2097152,16,0.0006997074815444,32,256,8,256,8701962.0,bin_2
v3_1345,0.5448547113795712,0.9010717791908268,0.966716172752058,0.9098206039052456,0.9052103601861744,0.9272490456144928,1784793440256000.0,8589934592,128,0.0001432410499546,32,32,2,256,39626.0,bin_3
v3_1346,1.0645135900306713,0.5406891732606018,1.2109256617259234,1.175031925085932,1.1827803035266695,1.1895792967795085,75064260101376.0,2147483648,64,0.0001081535083358,128,8,4,512,5354.0,bin_2
v3_1348,0.6906134248370305,0.884743015362063,0.9603897705492273,0.9259732575155796,0.9298370531760156,0.9387333604136074,463965269422080.0,4294967296,32,0.0093440758064389,128,16,4,256,19402.0,bin_3
v3_1350,1.0683792740961426,0.5,1.6473178521264344,1.6056906497105956,1.606898712925613,1.6199690715875477,3497660395806720.0,2147483648,256,0.0439485646784305,32,64,4,128,286474.0,bin_3
v3_1352,1.0646364317903323,0.5,1.646050606621429,1.6056921742856505,1.6070201359689236,1.6195876389586676,2.768874471762739e+16,17179869184,128,0.0371637195348739,64,64,4,128,286474.0,bin_3
v3_1353,0.5783196617991303,0.9083783108425963,0.9695178487127124,0.9392473534680904,0.94612372899428,0.9516296437250276,6822242706186240.0,536870912,16,0.0002565642935223,128,256,2,256,2381322.0,bin_3
v3_1354,0.2614376869897448,0.9845714902381568,0.8880327698025212,0.8640858998987824,0.8790502503979951,0.8770563066997662,3510220955785728.0,4294967296,16,0.0017569477204233,128,32,8,256,141578.0,bin_3
v3_1355,0.9956732803641752,0.5802643339905245,1.1631353675402352,1.071492807008326,1.0550824711099267,1.096570215219496,242078077020480.0,2147483648,256,0.0012756043579429,32,4,32,512,10890.0,bin_3
v3_1356,1.0731451719549787,0.5223003801753802,1.6489355877274647,1.6066134395077825,1.608553959056735,1.6213676620973274,439560453943296.0,134217728,256,0.0459887012839317,32,64,8,128,553482.0,bin_3
v3_1358,0.9926923779947056,0.6063111971802448,2.067655992694199,2.048918697051704,2.04514653980732,2.0539070765177407,1002395445408.0,8388608,32,0.0004714445967692,64,4,32,512,10890.0,bin_0
v3_1359,0.926444735463298,0.6897145839169649,1.0012225056489117,0.952334193047136,0.9505951851606368,0.9680506279522282,115903020509184.0,2147483648,16,0.0003828926419373,64,16,2,256,10602.0,bin_2
v3_1360,1.0898840203196312,0.3697712093902569,1.2472961251623929,1.209238681010902,1.2252737432718277,1.2272695164817076,1830841159680.0,8388608,64,0.0068331039510667,128,32,2,256,39626.0,bin_0
v3_1363,1.0419508941165214,0.6147852447376257,1.677076201769523,1.6335049588233232,1.640371727757156,1.6503176294500008,15224857614336.0,8388608,64,0.0051308581605553,128,32,16,256,277514.0,bin_1
v3_1366,0.9754753629655278,0.2798220725482629,1.0093958040015425,0.972085818881169,0.9732620907016098,0.9849145711947735,3445100937735168.0,536870912,32,0.0001613026252016,128,64,16,256,1087498.0,bin_3
v3_1368,1.267824510896696,0.4767572233762711,1.231407947721891,1.194386421237141,1.2051601624116302,1.210318177123554,4114510320960.0,134217728,32,0.002315915422514,128,4,8,512,2922.0,bin_1
v3_1375,1.084412772406136,0.5934097811359716,1.1101882135117194,1.0678946655243635,1.0741469976492226,1.0840766255617684,73112271574272.0,536870912,64,0.0003964520874433,64,8,16,512,19466.0,bin_2
v3_1376,1.0618963387874445,0.507969572755287,1.578690527836443,1.5342301838099957,1.5241094948723912,1.5456767355062766,6901870416715776.0,2147483648,256,0.0054470021277666,64,128,2,256,600842.0,bin_3
v3_1377,0.9599248466093768,0.4434185955138335,2.0999285348225385,2.0946525428444147,2.094795750454068,2.096458942707008,1845851538432.0,2097152,32,0.0005298241158016,128,64,2,512,152970.0,bin_0
v3_1379,0.9516845236325536,0.6388536727822443,2.160118806641549,2.1577806677669287,2.161325657740236,2.1597417107162378,3793241112576.0,8388608,256,0.0001273767993552,64,32,4,256,73610.0,bin_1
v3_1382,0.9614409891492386,0.7809548317643557,1.1139089614662223,1.0424049836583436,1.0132916909642518,1.056535212029606,7528250437632.0,134217728,16,0.0075528710149228,32,16,2,512,10602.0,bin_1
v3_1384,1.0831722606977767,0.4559986878201164,1.6441917537013069,1.6032970743253827,1.6069773258641362,1.6181553846302752,211075791789696.0,8589934592,256,0.0107166226953268,128,4,8,256,2922.0,bin_2
v3_1385,1.0688842011436384,0.5315396340872531,1.651234441320412,1.6082288194447756,1.6097480673342943,1.6230704426998273,1749848741253120.0,4294967296,256,0.0107762590050697,128,32,4,128,73610.0,bin_3
v3_1387,1.071180230698517,0.5,1.6466736956499517,1.6061499640345571,1.608635595999658,1.620486418561389,1769912710926336.0,2147483648,16,0.0033816304057836,32,32,8,128,141578.0,bin_3
v3_1388,0.9812089794171404,0.384860856956095,2.0475037624128163,2.0382424872368574,2.0350601207464933,2.0402687901320555,19116134400.0,2097152,64,0.0029406421817839,32,4,4,128,1594.0,bin_0
v3_1389,0.5339331323294378,0.8792452899833852,0.954799110229942,0.9186886816751212,0.9214955864008516,0.9316611261019716,129986722427904.0,4294967296,64,0.0130880866199731,128,8,4,128,5354.0,bin_2
v3_1390,1.0589802467678189,0.4209530788876026,1.643293913803063,1.6038118517026303,1.6067337663844228,1.6179465106300388,119834046535680.0,134217728,64,0.001263840473257,32,16,32,512,142602.0,bin_2
v3_1399,0.9825127719945228,0.4490665639475162,1.75199003983289,1.734085289761424,1.7342122700065374,1.7400958665336173,8369634092544.0,134217728,64,0.0001461480133002,64,8,8,256,10058.0,bin_1
v3_1402,1.015422866657407,0.6223900627591102,1.8130481443367896,1.7940810667350888,1.7974117621779442,1.8015136577499409,55978402544640.0,134217728,256,0.0001329055521637,128,32,4,256,73610.0,bin_2
v3_1410,1.124958835538849,0.3756913122151217,1.6616473968606442,1.6232653502374887,1.631504642777145,1.6388057966250926,873432631296.0,8388608,256,0.0201406423002481,128,16,2,512,10602.0,bin_0
v3_1411,1.101248233129078,0.6911187947854615,1.7082570396596566,1.6832169629633429,1.6925174305215478,1.6946638110481824,122638614789120.0,8388608,256,0.0008895192877389,64,128,8,512,2188298.0,bin_2
v3_1413,1.0856900887972047,0.4248544973544974,1.6547582148341462,1.609588402789086,1.613808057270944,1.6260515582980588,219755199467520.0,134217728,64,0.0055364537984132,32,64,4,256,286474.0,bin_2
v3_1415,0.9647224414700692,0.6073390661366852,1.997627428965643,1.9878313150256872,1.9879168393090367,1.991125194433456,451335286272.0,2097152,256,0.0175458341836929,64,16,4,512,19402.0,bin_0
v3_1416,1.1009752525765073,0.5969660958530006,1.6485064852749929,1.606763692572713,1.6099196299910543,1.6217299359462534,7499964847104.0,134217728,16,0.0333068147301673,32,16,2,512,10602.0,bin_1
