config_id,d_model,n_layers,n_heads,weight_decay,beta1,beta2,cooldown_steps,lr,global_batch_size,final_step,total_compute,n_data,n_param,micro_batch_size,current_lr,tokens_so_far,flops_so_far,eval_step,valid_loss,test_loss,flops_bin
config_1,320,12,16,0.0132792294025421,0.9559746980667114,0.9189565181732178,0.2744268774986267,0.0004101854865439,32,14725.0,2.8099033743458304e+17,965026304,32808320,16,0.0004101854865439,481689600.0,1.4048562744946691e+17,7362.0,2.07233168390438,2.0928174570601064,bin_0
config_1,320,12,16,0.0132792294025421,0.9559746980667114,0.9189565181732178,0.2744268774986267,0.0004101854865439,32,14725.0,2.8099033743458304e+17,965026304,32808320,16,2.538276525643104e-06,963379200.0,2.8099033743458304e+17,14725.0,1.913160704754214,1.9317844720361477,bin_0
config_10,256,10,8,0.0110481297597289,0.9453505277633668,0.920198917388916,0.040860541164875,0.0099732372909784,64,74513.0,1.8679437656362844e+18,9766611968,21395968,16,0.0099732372909784,1592524800.0,3.051111023789033e+17,12171.0,1.9619531839355404,1.9820368300535995,bin_2
config_10,256,10,8,0.0110481297597289,0.9453505277633668,0.920198917388916,0.040860541164875,0.0099732372909784,64,74513.0,1.8679437656362844e+18,9766611968,21395968,16,0.0099732372909784,3191603200.0,6.102222047578066e+17,24342.0,1.9324457706429408,1.9524125612550784,bin_2
config_10,256,10,8,0.0110481297597289,0.9453505277633668,0.920198917388916,0.040860541164875,0.0099732372909784,64,74513.0,1.8679437656362844e+18,9766611968,21395968,16,0.0099732372909784,4784128000.0,9.15358375832986e+17,36514.0,1.9214906085565584,1.940251476245799,bin_2
config_10,256,10,8,0.0110481297597289,0.9453505277633668,0.920198917388916,0.040860541164875,0.0099732372909784,64,74513.0,1.8679437656362844e+18,9766611968,21395968,16,0.0099732372909784,6383206400.0,1.2204694782118894e+18,48685.0,1.9141126134146544,1.932214277172356,bin_2
config_10,256,10,8,0.0110481297597289,0.9453505277633668,0.920198917388916,0.040860541164875,0.0099732372909784,64,74513.0,1.8679437656362844e+18,9766611968,21395968,16,0.0099732372909784,7975731200.0,1.5255805805907924e+18,60856.0,1.907489993645688,1.9262185468046489,bin_2
config_10,256,10,8,0.0110481297597289,0.9453505277633668,0.920198917388916,0.040860541164875,0.0099732372909784,64,74513.0,1.8679437656362844e+18,9766611968,21395968,16,0.0047933134548953,9574809600.0,1.830691682969696e+18,73027.0,1.85494254038475,1.8718838306824244,bin_2
config_10,256,10,8,0.0110481297597289,0.9453505277633668,0.920198917388916,0.040860541164875,0.0099732372909784,64,74513.0,1.8679437656362844e+18,9766611968,21395968,16,4.2592669113902457e-05,9764864000.0,1.8679437656362844e+18,74513.0,1.802013479400255,1.8179803949541924,bin_2
config_100,1152,12,24,0.0042233127169311,0.9851252436637878,0.9088492393493652,0.1137933507561683,3.8907313864910975e-05,32,7995.0,9.609680002264842e+17,524010656,249050880,8,3.8907313864910975e-05,262144000.0,4.804239020519397e+17,3997.0,2.426504022488829,2.450970768733103,bin_1
config_100,1152,12,24,0.0042233127169311,0.9851252436637878,0.9088492393493652,0.1137933507561683,3.8907313864910975e-05,32,7995.0,9.609680002264842e+17,524010656,249050880,8,1.9261046467777696e-06,521011200.0,9.609680002264842e+17,7995.0,2.065101157759057,2.085876265705609,bin_1
config_1000,704,16,8,0.0019037378951907,0.8819778561592102,0.9847095608711244,0.1628177165985107,0.0012314933119341,32,8672.0,6.222046588633498e+17,568354880,136343680,8,0.0012314933119341,285081600.0,3.111023294316749e+17,4336.0,1.9888474745046896,2.0089491661650234,bin_1
config_1000,704,16,8,0.0019037378951907,0.8819778561592102,0.9847095608711244,0.1628177165985107,0.0012314933119341,32,8672.0,6.222046588633498e+17,568354880,136343680,8,1.920117141215568e-05,566886400.0,6.222046588633498e+17,8672.0,1.8093905598218325,1.8281533119717583,bin_1
config_102,960,11,20,0.0013601216487586,0.9374064803123474,0.9187837839126588,0.0700860694050788,0.0051341792568564,32,10042.0,8.417644777739059e+17,658129664,169939200,8,0.0051341792568564,327680000.0,4.2088223888695296e+17,5021.0,3.233158091253772,3.2653875197611195,bin_1
config_102,960,11,20,0.0013601216487586,0.9374064803123474,0.9187837839126588,0.0700860694050788,0.0051341792568564,32,10042.0,8.417644777739059e+17,658129664,169939200,8,0.0003067361718178,655360000.0,8.417644777739059e+17,10042.0,3.052902620543453,3.083511560924946,bin_1
config_104,512,18,16,0.0038574652280658,0.8251498341560364,0.9780817031860352,0.2090599685907364,0.0070676342584192,64,18365.0,1.802936398739669e+18,2407145472,87102464,8,0.0070676342584192,1592524800.0,1.1948564611522194e+18,12171.0,3.155054211572092,3.186785405679518,bin_2
config_104,512,18,16,0.0038574652280658,0.8251498341560364,0.9780817031860352,0.2090599685907364,0.0070676342584192,64,18365.0,1.802936398739669e+18,2407145472,87102464,8,2.761513776407612e-05,2405171200.0,1.802936398739669e+18,18365.0,3.0411088133032025,3.0719627091536217,bin_2
config_105,320,16,8,0.0019486513920128,0.9387255907058716,0.9140135645866394,0.2617934942245483,0.0063762944191694,64,31700.0,1.4794045963886592e+18,4154995968,38381440,16,0.0063762944191694,1592524800.0,5.680073609667625e+17,12171.0,1.876155128021307,1.8949156194026444,bin_1
config_105,320,16,8,0.0019486513920128,0.9387255907058716,0.9140135645866394,0.2617934942245483,0.0063762944191694,64,31700.0,1.4794045963886592e+18,4154995968,38381440,16,0.0056478385130025,3191603200.0,1.136014721933525e+18,24342.0,1.8198836749590697,1.83789410229975,bin_1
config_105,320,16,8,0.0019486513920128,0.9387255907058716,0.9140135645866394,0.2617934942245483,0.0063762944191694,64,31700.0,1.4794045963886592e+18,4154995968,38381440,16,0.0,4154982400.0,1.4794045963886592e+18,31700.0,1.740968009614955,1.758251849476892,bin_1
config_106,640,5,16,0.0536591298878192,0.8733065724372864,0.9073991775512696,0.2389845848083496,0.0057292403653264,64,51481.0,2.861589101421527e+18,6747788288,57579520,16,0.0057292403653264,1592524800.0,6.765292234688799e+17,12171.0,1.91879154505478,1.9379396118000427,bin_2
config_106,640,5,16,0.0536591298878192,0.8733065724372864,0.9073991775512696,0.2389845848083496,0.0057292403653264,64,51481.0,2.861589101421527e+18,6747788288,57579520,16,0.0057292403653264,3191603200.0,1.3530584469377595e+18,24342.0,1.895491816304203,1.91457894536518,bin_2
config_106,640,5,16,0.0536591298878192,0.8733065724372864,0.9073991775512696,0.2389845848083496,0.0057292403653264,64,51481.0,2.861589101421527e+18,6747788288,57579520,16,0.0057292403653264,4784128000.0,2.0296432557507748e+18,36514.0,1.892415537173093,1.9112133301085923,bin_2
config_106,640,5,16,0.0536591298878192,0.8733065724372864,0.9073991775512696,0.2389845848083496,0.0057292403653264,64,51481.0,2.861589101421527e+18,6747788288,57579520,16,0.0012950514066465,6383206400.0,2.7061724792196547e+18,48685.0,1.760820791602477,1.7789356956565894,bin_2
config_106,640,5,16,0.0536591298878192,0.8733065724372864,0.9073991775512696,0.2389845848083496,0.0057292403653264,64,51481.0,2.861589101421527e+18,6747788288,57579520,16,1.4436027905804888e-05,6743654400.0,2.861589101421527e+18,51481.0,1.701676914713579,1.7191515603861098,bin_2
config_108,1024,19,16,0.1038149520754814,0.8585208654403687,0.9441851377487184,0.2702661752700805,9.519714512862264e-05,64,18832.0,5.557502201078219e+18,2468477184,295579648,8,9.519714512862264e-05,1592524800.0,3.591777787241025e+18,12171.0,1.7567917994189446,1.775867874136681,bin_3
config_108,1024,19,16,0.1038149520754814,0.8585208654403687,0.9441851377487184,0.2702661752700805,9.519714512862264e-05,64,18832.0,5.557502201078219e+18,2468477184,295579648,8,5.986065325438994e-07,2464153600.0,5.557502201078219e+18,18832.0,1.6595864712826718,1.677484738753997,bin_3
config_109,640,17,20,0.0551836527884006,0.8369714021682739,0.9658657312393188,0.283180832862854,0.0002706914383452,32,13809.0,8.855437939809485e+17,904989632,118543360,8,0.0002706914383452,452198400.0,4.427398329817125e+17,6904.0,1.957276040832434,1.9773448484861944,bin_1
config_109,640,17,20,0.0551836527884006,0.8369714021682739,0.9658657312393188,0.283180832862854,0.0002706914383452,32,13809.0,8.855437939809485e+17,904989632,118543360,8,6.23074922022251e-07,904396800.0,8.855437939809485e+17,13809.0,1.7878152372322005,1.8064261387879248,bin_1
config_110,256,12,16,0.1361991614103317,0.8975043296813965,0.9504519701004028,0.2623507082462311,5.9642545238602906e-05,64,8527.0,2.3925880826560512e+17,1117694208,23100928,16,5.9642545238602906e-05,557056000.0,1.196153746494986e+17,4263.0,2.716040456687288,2.744123595725958,bin_0
config_110,256,12,16,0.1361991614103317,0.8975043296813965,0.9504519701004028,0.2623507082462311,5.9642545238602906e-05,64,8527.0,2.3925880826560512e+17,1117694208,23100928,16,7.198697905419228e-07,1114112000.0,2.3925880826560512e+17,8527.0,2.444515079556053,2.469305005432916,bin_0
config_111,832,8,8,0.007774805650115,0.818271815776825,0.9725469946861268,0.0909768864512443,0.000284937035758,64,8020.0,8.656860373588378e+17,1051220992,110002048,16,0.000284937035758,524288000.0,4.328430186794189e+17,4010.0,1.9234298495378328,1.9431745798657856,bin_1
config_111,832,8,8,0.007774805650115,0.818271815776825,0.9725469946861268,0.0909768864512443,0.000284937035758,64,8020.0,8.656860373588378e+17,1051220992,110002048,16,7.817202627106957e-06,1048576000.0,8.656860373588378e+17,8020.0,1.7762771989761887,1.7939949483476827,bin_1
config_112,896,23,16,0.0061714705079793,0.9794992208480836,0.931119441986084,0.2892825305461883,0.0001902689546113,64,71354.0,2.0290701184668795e+19,9352611840,277218816,8,0.0001902689546113,1592524800.0,3.4610270499005507e+18,12171.0,1.7156449012287327,1.7339094505739994,bin_3
config_112,896,23,16,0.0061714705079793,0.9794992208480836,0.931119441986084,0.2892825305461883,0.0001902689546113,64,71354.0,2.0290701184668795e+19,9352611840,277218816,8,0.0001902689546113,3191603200.0,6.922054099801101e+18,24342.0,1.6229025831769723,1.6404080678009596,bin_3
config_112,896,23,16,0.0061714705079793,0.9794992208480836,0.931119441986084,0.2892825305461883,0.0001902689546113,64,71354.0,2.0290701184668795e+19,9352611840,277218816,8,0.0001902689546113,4784128000.0,1.0383365516397068e+19,36514.0,1.582056878238428,1.5973401530453415,bin_3
config_112,896,23,16,0.0061714705079793,0.9794992208480836,0.931119441986084,0.2892825305461883,0.0001902689546113,64,71354.0,2.0290701184668795e+19,9352611840,277218816,8,0.0001902689546113,6383206400.0,1.3844392566297618e+19,48685.0,1.5573625213005504,1.572449242912355,bin_3
config_112,896,23,16,0.0061714705079793,0.9794992208480836,0.931119441986084,0.2892825305461883,0.0001902689546113,64,71354.0,2.0290701184668795e+19,9352611840,277218816,8,9.682598223138272e-05,7975731200.0,1.7305419616198169e+19,60856.0,1.512642250207604,1.5270905033095938,bin_3
config_112,896,23,16,0.0061714705079793,0.9794992208480836,0.931119441986084,0.2892825305461883,0.0001902689546113,64,71354.0,2.0290701184668795e+19,9352611840,277218816,8,3.687204197692982e-08,9351987200.0,2.0290701184668795e+19,71354.0,1.4777667775701304,1.4933820006397904,bin_3
config_113,512,18,16,0.1424849778413772,0.8090534806251526,0.9306409358978271,0.2011738568544387,0.0004382849729154,64,37865.0,3.71731574942702e+18,4963081216,87102464,8,0.0004382849729154,1592524800.0,1.1948620094091182e+18,12171.0,1.8214172514096167,1.8412737565319164,bin_2
config_113,512,18,16,0.1424849778413772,0.8090534806251526,0.9306409358978271,0.2011738568544387,0.0004382849729154,64,37865.0,3.71731574942702e+18,4963081216,87102464,8,0.0004382849729154,3191603200.0,2.3897240188182364e+18,24342.0,1.7735998742473664,1.7921342752923,bin_2
config_113,512,18,16,0.1424849778413772,0.8090534806251526,0.9306409358978271,0.2011738568544387,0.0004382849729154,64,37865.0,3.71731574942702e+18,4963081216,87102464,8,7.854260050276434e-05,4784128000.0,3.5846842010980644e+18,36514.0,1.6618701692368043,1.6769419797038665,bin_2
config_113,512,18,16,0.1424849778413772,0.8090534806251526,0.9306409358978271,0.2011738568544387,0.0004382849729154,64,37865.0,3.71731574942702e+18,4963081216,87102464,8,8.631055000303512e-07,4961075200.0,3.71731574942702e+18,37865.0,1.6472754156178828,1.661956813537074,bin_2
config_114,1024,24,16,0.181996688246727,0.812188446521759,0.984758734703064,0.0859238505363464,0.0007057221373543,32,6606.0,1.196055049949872e+18,432950176,359815168,8,0.0007057221373543,216268800.0,5.98027524974936e+17,3303.0,2.0267838057729066,2.047617524490982,bin_1
config_114,1024,24,16,0.181996688246727,0.812188446521759,0.984758734703064,0.0859238505363464,0.0007057221373543,32,6606.0,1.196055049949872e+18,432950176,359815168,8,7.467959125442413e-06,432537600.0,1.196055049949872e+18,6606.0,1.818085566895907,1.8374467540764416,bin_1
config_116,640,8,10,0.0024595244321972,0.8885137438774109,0.983272135257721,0.2443785518407821,9.258812497137114e-05,64,10309.0,7.603607794709299e+17,1351303936,72820480,16,9.258812497137114e-05,675020800.0,3.801435112419413e+17,5154.0,2.054582577932613,2.076336073706484,bin_1
config_116,640,8,10,0.0024595244321972,0.8885137438774109,0.983272135257721,0.2443785518407821,9.258812497137114e-05,64,10309.0,7.603607794709299e+17,1351303936,72820480,16,3.3080314598743813e-07,1350041600.0,7.603607794709299e+17,10309.0,1.891634681291694,1.9116127483323,bin_1
config_117,320,21,10,0.0014648116193711,0.819384753704071,0.9335467219352722,0.029724420979619,0.0001138764273491,64,61953.0,3.549837203958989e+18,8120313344,45347840,16,0.0001138764273491,1592524800.0,6.973846078379555e+17,12171.0,1.9921140818126863,2.0135044174897865,bin_2
config_117,320,21,10,0.0014648116193711,0.819384753704071,0.9335467219352722,0.029724420979619,0.0001138764273491,64,61953.0,3.549837203958989e+18,8120313344,45347840,16,0.0001138764273491,3191603200.0,1.394769215675911e+18,24342.0,1.865535426296172,1.886129791150328,bin_2
config_117,320,21,10,0.0014648116193711,0.819384753704071,0.9335467219352722,0.029724420979619,0.0001138764273491,64,61953.0,3.549837203958989e+18,8120313344,45347840,16,0.0001138764273491,4784128000.0,2.092211122388884e+18,36514.0,1.817157352869628,1.83586888387555,bin_2
config_117,320,21,10,0.0014648116193711,0.819384753704071,0.9335467219352722,0.029724420979619,0.0001138764273491,64,61953.0,3.549837203958989e+18,8120313344,45347840,16,0.0001138764273491,6383206400.0,2.78959573022684e+18,48685.0,1.7897042277601898,1.808354703129315,bin_2
config_117,320,21,10,0.0014648116193711,0.819384753704071,0.9335467219352722,0.029724420979619,0.0001138764273491,64,61953.0,3.549837203958989e+18,8120313344,45347840,16,6.822688721680239e-05,7975731200.0,3.4869803380647946e+18,60856.0,1.760445638250132,1.778742823209919,bin_2
config_117,320,21,10,0.0014648116193711,0.819384753704071,0.9335467219352722,0.029724420979619,0.0001138764273491,64,61953.0,3.549837203958989e+18,8120313344,45347840,16,1.8556723631043897e-07,8119910400.0,3.549837203958989e+18,61953.0,1.74453233492179,1.7625845413129837,bin_2
config_118,832,7,16,0.0014208995271474,0.8293660283088684,0.9295414686203004,0.0032023966778069,0.0001637390523683,64,51538.0,5.079586490405487e+18,6755308544,101480704,16,0.0001637390523683,1592524800.0,1.1995740458443318e+18,12171.0,1.838350818118111,1.857685860297719,bin_3
config_118,832,7,16,0.0014208995271474,0.8293660283088684,0.9295414686203004,0.0032023966778069,0.0001637390523683,64,51538.0,5.079586490405487e+18,6755308544,101480704,16,0.0001637390523683,3191603200.0,2.399148091688664e+18,24342.0,1.7530896832513028,1.771694794795552,bin_3
config_118,832,7,16,0.0014208995271474,0.8293660283088684,0.9295414686203004,0.0032023966778069,0.0001637390523683,64,51538.0,5.079586490405487e+18,6755308544,101480704,16,0.0001637390523683,4784128000.0,3.598820697556481e+18,36514.0,1.7181169880804468,1.7343603850974412,bin_3
config_118,832,7,16,0.0014208995271474,0.8293660283088684,0.9295414686203004,0.0032023966778069,0.0001637390523683,64,51538.0,5.079586490405487e+18,6755308544,101480704,16,0.0001637390523683,6383206400.0,4.798394743400814e+18,48685.0,1.696336958955546,1.7120654771757908,bin_3
config_118,832,7,16,0.0014208995271474,0.8293660283088684,0.9295414686203004,0.0032023966778069,0.0001637390523683,64,51538.0,5.079586490405487e+18,6755308544,101480704,16,3.770959993937249e-05,6750208000.0,5.079586490405487e+18,51538.0,1.6730748413429886,1.6886628956872909,bin_3
config_12,1152,11,12,0.011310419999063,0.9212814569473268,0.9259523153305054,0.01957368850708,0.0040657152421772,64,27527.0,6.169807591376486e+18,3608057600,233123328,8,0.0040657152421772,1592524800.0,2.72796629471585e+18,12171.0,2.890217473675017,2.919824368324451,bin_3
config_12,1152,11,12,0.011310419999063,0.9212814569473268,0.9259523153305054,0.01957368850708,0.0040657152421772,64,27527.0,6.169807591376486e+18,3608057600,233123328,8,0.0040657152421772,3191603200.0,5.4559325894317e+18,24342.0,2.6566323834549403,2.684304074013869,bin_3
config_12,1152,11,12,0.011310419999063,0.9212814569473268,0.9259523153305054,0.01957368850708,0.0040657152421772,64,27527.0,6.169807591376486e+18,3608057600,233123328,8,0.0002040414712616,3604480000.0,6.169807591376486e+18,27527.0,2.953870007300478,2.970385828126956,bin_3
config_121,832,13,16,0.0113221295177936,0.8992184400558472,0.9905765056610109,0.15568907558918,0.000264307425823,64,42705.0,6.612526030458716e+18,5597517824,152608768,8,0.000264307425823,1592524800.0,1.8845815318279603e+18,12171.0,1.734202278090305,1.7522370873513768,bin_3
config_121,832,13,16,0.0113221295177936,0.8992184400558472,0.9905765056610109,0.15568907558918,0.000264307425823,64,42705.0,6.612526030458716e+18,5597517824,152608768,8,0.000264307425823,3191603200.0,3.7691630636559206e+18,24342.0,1.6500152193522843,1.6676392328348315,bin_3
config_121,832,13,16,0.0113221295177936,0.8992184400558472,0.9905765056610109,0.15568907558918,0.000264307425823,64,42705.0,6.612526030458716e+18,5597517824,152608768,8,0.0002466948822551,4784128000.0,5.653899437446893e+18,36514.0,1.6107113077796873,1.6246080524999589,bin_3
config_121,832,13,16,0.0113221295177936,0.8992184400558472,0.9905765056610109,0.15568907558918,0.000264307425823,64,42705.0,6.612526030458716e+18,5597517824,152608768,8,1.9878717345296745e-07,5596774400.0,6.612526030458716e+18,42705.0,1.5599617207050325,1.5733556355413842,bin_3
config_122,512,6,8,0.0621223002672195,0.8897701501846313,0.9660729765892028,0.0235373154282569,1.528522261651233e-05,64,51604.0,2.3851691410383176e+18,6763908096,46195712,16,1.528522261651233e-05,1592524800.0,5.625512288887947e+17,12171.0,2.492538533591445,2.517580976136919,bin_2
config_122,512,6,8,0.0621223002672195,0.8897701501846313,0.9660729765892028,0.0235373154282569,1.528522261651233e-05,64,51604.0,2.3851691410383176e+18,6763908096,46195712,16,1.528522261651233e-05,3191603200.0,1.1251024577775894e+18,24342.0,2.2082448086039865,2.231058431438729,bin_2
config_122,512,6,8,0.0621223002672195,0.8897701501846313,0.9660729765892028,0.0235373154282569,1.528522261651233e-05,64,51604.0,2.3851691410383176e+18,6763908096,46195712,16,1.528522261651233e-05,4784128000.0,1.6876999072915497e+18,36514.0,2.090248083037591,2.111358367209136,bin_2
config_122,512,6,8,0.0621223002672195,0.8897701501846313,0.9660729765892028,0.0235373154282569,1.528522261651233e-05,64,51604.0,2.3851691410383176e+18,6763908096,46195712,16,1.528522261651233e-05,6383206400.0,2.2502511361803443e+18,48685.0,2.0219884916297537,2.042721308668113,bin_2
config_122,512,6,8,0.0621223002672195,0.8897701501846313,0.9660729765892028,0.0235373154282569,1.528522261651233e-05,64,51604.0,2.3851691410383176e+18,6763908096,46195712,16,5.036317171832788e-08,6763315200.0,2.3851691410383176e+18,51604.0,2.003034903463832,2.0233573575830643,bin_2
config_123,384,22,16,0.0024510971270501,0.8284271359443665,0.9719297289848328,0.2322180271148681,0.0008286444935947,64,74994.0,5.475427131312046e+18,9829741568,58252032,16,0.0008286444935947,1592524800.0,8.886234047416982e+17,12171.0,1.8225853326672412,1.842743146185015,bin_3
config_123,384,22,16,0.0024510971270501,0.8284271359443665,0.9719297289848328,0.2322180271148681,0.0008286444935947,64,74994.0,5.475427131312046e+18,9829741568,58252032,16,0.0008286444935947,3191603200.0,1.7772468094833964e+18,24342.0,1.7554699128963909,1.774951675798072,bin_3
config_123,384,22,16,0.0024510971270501,0.8284271359443665,0.9719297289848328,0.2322180271148681,0.0008286444935947,64,74994.0,5.475427131312046e+18,9829741568,58252032,16,0.0008286444935947,4784128000.0,2.665943225761102e+18,36514.0,1.7267880191177618,1.745160768422924,bin_3
config_123,384,22,16,0.0024510971270501,0.8284271359443665,0.9719297289848328,0.2322180271148681,0.0008286444935947,64,74994.0,5.475427131312046e+18,9829741568,58252032,16,0.0008286444935947,6383206400.0,3.5545666305028e+18,48685.0,1.7082208760449145,1.7250032922088123,bin_3
config_123,384,22,16,0.0024510971270501,0.8284271359443665,0.9719297289848328,0.2322180271148681,0.0008286444935947,64,74994.0,5.475427131312046e+18,9829741568,58252032,16,0.0006730416743657,7975731200.0,4.4431900352444974e+18,60856.0,1.6860839370039642,1.7024101447277382,bin_3
config_123,384,22,16,0.0024510971270501,0.8284271359443665,0.9719297289848328,0.2322180271148681,0.0008286444935947,64,74994.0,5.475427131312046e+18,9829741568,58252032,16,9.250516225727716e-05,9574809600.0,5.331813439986196e+18,73027.0,1.6398234404892218,1.6567890433014416,bin_3
config_123,384,22,16,0.0024510971270501,0.8284271359443665,0.9719297289848328,0.2322180271148681,0.0008286444935947,64,74994.0,5.475427131312046e+18,9829741568,58252032,16,2.093738240391014e-06,9823846400.0,5.475427131312046e+18,74994.0,1.6352859644029962,1.6521790279716742,bin_3
config_124,512,6,16,0.0200212094932794,0.9471274614334106,0.9536486864089966,0.2233599871397018,0.000214345214772,64,12898.0,5.961734850139914e+17,1690640128,46195712,16,5.567021550329323e-05,1592524800.0,5.625699710114196e+17,12171.0,1.845245260100272,1.864960854593643,bin_1
config_124,512,6,16,0.0200212094932794,0.9471274614334106,0.9536486864089966,0.2233599871397018,0.000214345214772,64,12898.0,5.961734850139914e+17,1690640128,46195712,16,3.5724202462006306e-06,1684275200.0,5.961734850139914e+17,12898.0,1.8344413564431847,1.8540224748591332,bin_1
config_126,960,12,12,0.0010296918917447,0.9298856258392334,0.9253758788108826,0.1140989959239959,0.0002723115321714,64,22242.0,3.990995035800699e+18,2915319552,181000320,8,0.0002723115321714,1592524800.0,2.183904351260242e+18,12171.0,1.7417032975885085,1.7589841402207274,bin_2
config_126,960,12,12,0.0010296918917447,0.9298856258392334,0.9253758788108826,0.1140989959239959,0.0002723115321714,64,22242.0,3.990995035800699e+18,2915319552,181000320,8,4.50811365833683e-06,2909798400.0,3.990995035800699e+18,22242.0,1.6269356436961229,1.6435966649822389,bin_2
config_127,384,23,16,0.1042278259992599,0.9660692811012268,0.9556037187576294,0.1303469985723495,2.730642518145032e-05,128,60406.0,9.138144085543748e+18,15835126784,60022272,16,2.730642518145032e-05,1599078400.0,9.206824637390202e+17,6086.0,2.6342620747988343,2.662195416044016,bin_3
config_127,384,23,16,0.1042278259992599,0.9660692811012268,0.9556037187576294,0.1303469985723495,2.730642518145032e-05,128,60406.0,9.138144085543748e+18,15835126784,60022272,16,2.730642518145032e-05,3185049600.0,1.84121364872948e+18,12171.0,2.228059762931261,2.251878819621977,bin_3
config_127,384,23,16,0.1042278259992599,0.9660692811012268,0.9556037187576294,0.1303469985723495,2.730642518145032e-05,128,60406.0,9.138144085543748e+18,15835126784,60022272,16,2.730642518145032e-05,4784128000.0,2.7618961124685e+18,18257.0,2.068496063380945,2.090230957054701,bin_3
config_127,384,23,16,0.1042278259992599,0.9660692811012268,0.9556037187576294,0.1303469985723495,2.730642518145032e-05,128,60406.0,9.138144085543748e+18,15835126784,60022272,16,2.730642518145032e-05,6383206400.0,3.68242729745896e+18,24342.0,1.9816731423237284,2.0030620458086985,bin_3
config_127,384,23,16,0.1042278259992599,0.9660692811012268,0.9556037187576294,0.1303469985723495,2.730642518145032e-05,128,60406.0,9.138144085543748e+18,15835126784,60022272,16,2.730642518145032e-05,7982284800.0,4.60310976119798e+18,30428.0,1.927087037602409,1.9479846500959552,bin_3
config_127,384,23,16,0.1042278259992599,0.9660692811012268,0.9556037187576294,0.1303469985723495,2.730642518145032e-05,128,60406.0,9.138144085543748e+18,15835126784,60022272,16,2.730642518145032e-05,9568256000.0,5.523792224937e+18,36514.0,1.8877130694076665,1.909473298260423,bin_3
config_127,384,23,16,0.1042278259992599,0.9660692811012268,0.9556037187576294,0.1303469985723495,2.730642518145032e-05,128,60406.0,9.138144085543748e+18,15835126784,60022272,16,2.730642518145032e-05,11167334400.0,6.44432340992746e+18,42599.0,1.8584144206906927,1.879505172127583,bin_3
config_127,384,23,16,0.1042278259992599,0.9660692811012268,0.9556037187576294,0.1303469985723495,2.730642518145032e-05,128,60406.0,9.138144085543748e+18,15835126784,60022272,16,2.730642518145032e-05,12766412800.0,7.365005873666479e+18,48685.0,1.8363411312415951,1.8564751496862195,bin_3
config_127,384,23,16,0.1042278259992599,0.9660692811012268,0.9556037187576294,0.1303469985723495,2.730642518145032e-05,128,60406.0,9.138144085543748e+18,15835126784,60022272,16,1.9617063486127656e-05,14352384000.0,8.285537058656939e+18,54770.0,1.8133135678729075,1.8322218207062269,bin_3
config_127,384,23,16,0.1042278259992599,0.9660692811012268,0.9556037187576294,0.1303469985723495,2.730642518145032e-05,128,60406.0,9.138144085543748e+18,15835126784,60022272,16,2.081018050154764e-08,15833497600.0,9.138144085543748e+18,60406.0,1.7918420689614092,1.8103465785354864,bin_3
config_129,896,23,8,0.0045051523484289,0.9197020530700684,0.9563891887664796,0.136887639760971,0.0002345518587389,64,11066.0,3.1469122125100155e+18,1450509184,277218816,8,0.0002345518587389,727449600.0,1.5734561062550075e+18,5533.0,1.8152002261197069,1.834440807261995,bin_2
config_129,896,23,8,0.0045051523484289,0.9197020530700684,0.9563891887664796,0.136887639760971,0.0002345518587389,64,11066.0,3.1469122125100155e+18,1450509184,277218816,8,2.478751479408146e-06,1448345600.0,3.1469122125100155e+18,11066.0,1.6667980675063734,1.6842986214261435,bin_2
config_13,512,17,16,0.0077903103083372,0.8364718556404114,0.9210257530212402,0.1558320522308349,0.0003470052033662,64,51561.0,4.838694406987973e+18,6758298624,83693568,16,0.0003470052033662,1592524800.0,1.1421762500232852e+18,12171.0,1.8199601849876736,1.8385526601721456,bin_3
config_13,512,17,16,0.0077903103083372,0.8364718556404114,0.9210257530212402,0.1558320522308349,0.0003470052033662,64,51561.0,4.838694406987973e+18,6758298624,83693568,16,0.0003470052033662,3191603200.0,2.2843525000465705e+18,24342.0,1.75041654402581,1.7685464756227154,bin_3
config_13,512,17,16,0.0077903103083372,0.8364718556404114,0.9210257530212402,0.1558320522308349,0.0003470052033662,64,51561.0,4.838694406987973e+18,6758298624,83693568,16,0.0003470052033662,4784128000.0,3.4266225941459405e+18,36514.0,1.7238349309487289,1.7402544025293465,bin_3
config_13,512,17,16,0.0077903103083372,0.8364718556404114,0.9210257530212402,0.1558320522308349,0.0003470052033662,64,51561.0,4.838694406987973e+18,6758298624,83693568,16,0.0001235725525057,6383206400.0,4.5687988441692257e+18,48685.0,1.665062126009182,1.680607610504989,bin_3
config_13,512,17,16,0.0077903103083372,0.8364718556404114,0.9210257530212402,0.1558320522308349,0.0003470052033662,64,51561.0,4.838694406987973e+18,6758298624,83693568,16,4.751129246986698e-07,6756761600.0,4.838694406987973e+18,51561.0,1.6436853906116695,1.6590502277493635,bin_3
config_130,256,4,4,0.0314527750015258,0.9241002202033995,0.9116182923316956,0.2847696542739868,8.906439325073734e-05,64,72640.0,1.1695644223309087e+18,9521153024,16281088,16,8.906439325073734e-05,1592524800.0,1.95963223901287e+17,12171.0,2.2192750176671536,2.2425036636383893,bin_1
config_130,256,4,4,0.0314527750015258,0.9241002202033995,0.9116182923316956,0.2847696542739868,8.906439325073734e-05,64,72640.0,1.1695644223309087e+18,9521153024,16281088,16,8.906439325073734e-05,3191603200.0,3.91926447802574e+17,24342.0,2.088634954673294,2.111204022045261,bin_1
config_130,256,4,4,0.0314527750015258,0.9241002202033995,0.9116182923316956,0.2847696542739868,8.906439325073734e-05,64,72640.0,1.1695644223309087e+18,9521153024,16281088,16,8.906439325073734e-05,4784128000.0,5.879057725356663e+17,36514.0,2.0431553355711034,2.064273001121138,bin_1
config_130,256,4,4,0.0314527750015258,0.9241002202033995,0.9116182923316956,0.2847696542739868,8.906439325073734e-05,64,72640.0,1.1695644223309087e+18,9521153024,16281088,16,8.906439325073734e-05,6383206400.0,7.838689964369532e+17,48685.0,2.0183807840050845,2.0392222916251748,bin_1
config_130,256,4,4,0.0314527750015258,0.9241002202033995,0.9116182923316956,0.2847696542739868,8.906439325073734e-05,64,72640.0,1.1695644223309087e+18,9521153024,16281088,16,5.076476656641011e-05,7975731200.0,9.798322203382404e+17,60856.0,1.9943154813498,2.014842378118892,bin_1
config_130,256,4,4,0.0314527750015258,0.9241002202033995,0.9116182923316956,0.2847696542739868,8.906439325073734e-05,64,72640.0,1.1695644223309087e+18,9521153024,16281088,16,1.7222991201496106e-07,9515827200.0,1.1695644223309087e+18,72640.0,1.975528776586424,1.9967008007901428,bin_1
config_131,896,16,8,0.1204774156212806,0.9701463580131532,0.9962975978851318,0.157887578010559,4.5667682570638135e-05,64,7924.0,1.653042323649282e+18,1038672704,206558464,8,4.5667682570638135e-05,517734400.0,8.26521161824641e+17,3962.0,2.118742009814569,2.140476282788076,bin_2
config_131,896,16,8,0.1204774156212806,0.9701463580131532,0.9962975978851318,0.157887578010559,4.5667682570638135e-05,64,7924.0,1.653042323649282e+18,1038672704,206558464,8,8.761186104678725e-07,1035468800.0,1.653042323649282e+18,7924.0,1.9094116517455693,1.9292131064237643,bin_2
config_132,704,14,22,0.0050299628637731,0.8600471615791321,0.9746368527412416,0.2417212277650833,0.0002583976020105,128,53984.0,1.3931685170234524e+19,14151749632,123725184,8,0.0002583976020105,1599078400.0,1.5706178857818486e+18,6086.0,1.8127073079445324,1.832515418881276,bin_3
config_132,704,14,22,0.0050299628637731,0.8600471615791321,0.9746368527412416,0.2417212277650833,0.0002583976020105,128,53984.0,1.3931685170234524e+19,14151749632,123725184,8,0.0002583976020105,3185049600.0,3.1409777009285043e+18,12171.0,1.7023793584987763,1.7212556504616972,bin_3
config_132,704,14,22,0.0050299628637731,0.8600471615791321,0.9746368527412416,0.2417212277650833,0.0002583976020105,128,53984.0,1.3931685170234524e+19,14151749632,123725184,8,0.0002583976020105,4784128000.0,4.711595586710353e+18,18257.0,1.6554804337220117,1.672429141724696,bin_3
config_132,704,14,22,0.0050299628637731,0.8600471615791321,0.9746368527412416,0.2417212277650833,0.0002583976020105,128,53984.0,1.3931685170234524e+19,14151749632,123725184,8,0.0002583976020105,6383206400.0,6.281955401857009e+18,24342.0,1.6281776416888003,1.6444623390768396,bin_3
config_132,704,14,22,0.0050299628637731,0.8600471615791321,0.9746368527412416,0.2417212277650833,0.0002583976020105,128,53984.0,1.3931685170234524e+19,14151749632,123725184,8,0.0002583976020105,7982284800.0,7.852573287638858e+18,30428.0,1.6095311366534624,1.6257288812809303,bin_3
config_132,704,14,22,0.0050299628637731,0.8600471615791321,0.9746368527412416,0.2417212277650833,0.0002583976020105,128,53984.0,1.3931685170234524e+19,14151749632,123725184,8,0.0002583976020105,9568256000.0,9.423191173420706e+18,36514.0,1.594645571513254,1.6104873232177046,bin_3
config_132,704,14,22,0.0050299628637731,0.8600471615791321,0.9746368527412416,0.2417212277650833,0.0002583976020105,128,53984.0,1.3931685170234524e+19,14151749632,123725184,8,0.000225427105624,11167334400.0,1.0993550988567362e+19,42599.0,1.5787521721691382,1.5941730846537918,bin_3
config_132,704,14,22,0.0050299628637731,0.8600471615791321,0.9746368527412416,0.2417212277650833,0.0002583976020105,128,53984.0,1.3931685170234524e+19,14151749632,123725184,8,0.0001046342960398,12766412800.0,1.2564168874349212e+19,48685.0,1.5511572661165332,1.5662433183193207,bin_3
config_132,704,14,22,0.0050299628637731,0.8600471615791321,0.9746368527412416,0.2417212277650833,0.0002583976020105,128,53984.0,1.3931685170234524e+19,14151749632,123725184,8,6.732713976824022e-07,14142668800.0,1.3931685170234524e+19,53984.0,1.5338315724544838,1.547806964878176,bin_3
config_133,256,19,16,0.0239542946219444,0.8186690807342529,0.9359500408172609,0.2213456481695175,0.0003435621911194,64,67753.0,2.609897244741599e+18,8880600064,29068288,16,0.0003435621911194,1592524800.0,4.688362045333786e+17,12171.0,1.965902125360872,1.987165043835739,bin_2
config_133,256,19,16,0.0239542946219444,0.8186690807342529,0.9359500408172609,0.2213456481695175,0.0003435621911194,64,67753.0,2.609897244741599e+18,8880600064,29068288,16,0.0003435621911194,3191603200.0,9.376724090667572e+17,24342.0,1.895836312409372,1.916347734390624,bin_2
config_133,256,19,16,0.0239542946219444,0.8186690807342529,0.9359500408172609,0.2213456481695175,0.0003435621911194,64,67753.0,2.609897244741599e+18,8880600064,29068288,16,0.0003435621911194,4784128000.0,1.4065471343629768e+18,36514.0,1.875355215871529,1.8943129798917924,bin_2
config_133,256,19,16,0.0239542946219444,0.8186690807342529,0.9359500408172609,0.2213456481695175,0.0003435621911194,64,67753.0,2.609897244741599e+18,8880600064,29068288,16,0.0003435621911194,6383206400.0,1.8753833388963556e+18,48685.0,1.857416725174488,1.8760864642626829,bin_2
config_133,256,19,16,0.0239542946219444,0.8186690807342529,0.9359500408172609,0.2213456481695175,0.0003435621911194,64,67753.0,2.609897244741599e+18,8880600064,29068288,16,0.0001581494935514,7975731200.0,2.344219543429734e+18,60856.0,1.8143386064597504,1.8326695179701804,bin_2
config_133,256,19,16,0.0239542946219444,0.8186690807342529,0.9359500408172609,0.2213456481695175,0.0003435621911194,64,67753.0,2.609897244741599e+18,8880600064,29068288,16,6.87307664282589e-08,8880128000.0,2.609897244741599e+18,67753.0,1.7824669899813856,1.80209164843266,bin_2
config_134,1024,5,16,0.0203004758805036,0.92259681224823,0.9090343713760376,0.1144875958561897,0.0013346225023269,32,12810.0,6.884882572439716e+17,839535168,115720192,16,0.0013346225023269,419430400.0,3.442441286219858e+17,6405.0,2.023989027520714,2.0453282567773927,bin_1
config_134,1024,5,16,0.0203004758805036,0.92259681224823,0.9090343713760376,0.1144875958561897,0.0013346225023269,32,12810.0,6.884882572439716e+17,839535168,115720192,16,9.10383698722356e-06,838860800.0,6.884882572439716e+17,12810.0,1.8432305422035629,1.8614612691130747,bin_1
config_135,896,11,16,0.0449550673365592,0.9500080943107604,0.9579784870147704,0.2993337213993072,0.000137306182296,64,35254.0,5.446325124812243e+18,4620941312,156086784,8,0.000137306182296,1592524800.0,1.8802752338483525e+18,12171.0,1.7782362795358846,1.7967542866791464,bin_3
config_135,896,11,16,0.0449550673365592,0.9500080943107604,0.9579784870147704,0.2993337213993072,0.000137306182296,64,35254.0,5.446325124812243e+18,4620941312,156086784,8,0.000137306182296,3191603200.0,3.760550467696705e+18,24342.0,1.6880732429654108,1.7055959822796614,bin_3
config_135,896,11,16,0.0449550673365592,0.9500080943107604,0.9579784870147704,0.2993337213993072,0.000137306182296,64,35254.0,5.446325124812243e+18,4620941312,156086784,8,5.204934886126602e-08,4620288000.0,5.446325124812243e+18,35254.0,1.610162923906704,1.626078359093668,bin_3
config_138,1152,17,16,0.0711811631917953,0.8830775022506714,0.9837164878845216,0.2815972566604614,0.0002150253567378,32,4400.0,7.074067687705313e+17,288362432,328688640,8,0.0002150253567378,144179200.0,3.5370338438526566e+17,2200.0,2.1304766049345987,2.1518261108828374,bin_1
config_138,1152,17,16,0.0711811631917953,0.8830775022506714,0.9837164878845216,0.2815972566604614,0.0002150253567378,32,4400.0,7.074067687705313e+17,288362432,328688640,8,0.0,288358400.0,7.074067687705313e+17,4400.0,1.8984541900040672,1.9175247775726632,bin_1
config_14,256,16,16,0.0269946958869695,0.860435962677002,0.9427583813667296,0.0423292107880115,0.0002349194401176,64,19182.0,6.528936458508042e+17,2514246144,26510848,16,0.0002349194401176,1592524800.0,4.142617330648597e+17,12171.0,1.973507345973287,1.9946140247446933,bin_1
config_14,256,16,16,0.0269946958869695,0.860435962677002,0.9427583813667296,0.0423292107880115,0.0002349194401176,64,19182.0,6.528936458508042e+17,2514246144,26510848,16,9.269324394285152e-06,2510028800.0,6.528936458508042e+17,19182.0,1.88754202012802,1.9076201205052403,bin_1
config_140,704,18,16,0.0034730962943285,0.9060853123664856,0.9462706446647644,0.2942233085632324,3.637058398453519e-05,128,40908.0,1.2922899703387914e+19,10724007936,148962176,8,3.637058398453519e-05,1599078400.0,1.92257669880754e+18,6086.0,2.126814425538798,2.149145905697932,bin_3
config_140,704,18,16,0.0034730962943285,0.9060853123664856,0.9462706446647644,0.2942233085632324,3.637058398453519e-05,128,40908.0,1.2922899703387914e+19,10724007936,148962176,8,3.637058398453519e-05,3185049600.0,3.844837496087179e+18,12171.0,1.9017973970585185,1.922469544430248,bin_3
config_140,704,18,16,0.0034730962943285,0.9060853123664856,0.9462706446647644,0.2942233085632324,3.637058398453519e-05,128,40908.0,1.2922899703387914e+19,10724007936,148962176,8,3.637058398453519e-05,4784128000.0,5.767414194894718e+18,18257.0,1.8139428348033155,1.8308606950376856,bin_3
config_140,704,18,16,0.0034730962943285,0.9060853123664856,0.9462706446647644,0.2942233085632324,3.637058398453519e-05,128,40908.0,1.2922899703387914e+19,10724007936,148962176,8,3.637058398453519e-05,6383206400.0,7.689674992174358e+18,24342.0,1.761539320261752,1.778338288557334,bin_3
config_140,704,18,16,0.0034730962943285,0.9060853123664856,0.9462706446647644,0.2942233085632324,3.637058398453519e-05,128,40908.0,1.2922899703387914e+19,10724007936,148962176,8,3.160215747011208e-05,7982284800.0,9.612251690981898e+18,30428.0,1.7233305050896817,1.7400381396051312,bin_3
config_140,704,18,16,0.0034730962943285,0.9060853123664856,0.9462706446647644,0.2942233085632324,3.637058398453519e-05,128,40908.0,1.2922899703387914e+19,10724007936,148962176,8,1.3320167348274437e-05,9568256000.0,1.1534828389789436e+19,36514.0,1.6879053039042675,1.7053670027216927,bin_3
config_140,704,18,16,0.0034730962943285,0.9060853123664856,0.9462706446647644,0.2942233085632324,3.637058398453519e-05,128,40908.0,1.2922899703387914e+19,10724007936,148962176,8,2.4174532392517678e-08,10721689600.0,1.2922899703387914e+19,40908.0,1.6743395567526582,1.6915172454177356,bin_3
config_141,384,4,6,0.018301922827959,0.9462901949882508,0.9959050416946412,0.291961133480072,0.0001284630270674,128,50575.0,2.599317526637445e+18,13258152960,26387712,16,0.0001284630270674,1599078400.0,3.127918233735144e+17,6086.0,2.1214868198329904,2.143297961869946,bin_2
config_141,384,4,6,0.018301922827959,0.9462901949882508,0.9959050416946412,0.291961133480072,0.0001284630270674,128,50575.0,2.599317526637445e+18,13258152960,26387712,16,0.0001284630270674,3185049600.0,6.255322514424982e+17,12171.0,1.976522928794892,1.9971456555310905,bin_2
config_141,384,4,6,0.018301922827959,0.9462901949882508,0.9959050416946412,0.291961133480072,0.0001284630270674,128,50575.0,2.599317526637445e+18,13258152960,26387712,16,0.0001284630270674,4784128000.0,9.383240748160128e+17,18257.0,1.9241957003579808,1.9421623824135656,bin_2
config_141,384,4,6,0.018301922827959,0.9462901949882508,0.9959050416946412,0.291961133480072,0.0001284630270674,128,50575.0,2.599317526637445e+18,13258152960,26387712,16,0.0001284630270674,6383206400.0,1.2510645028849964e+18,24342.0,1.8952622744501584,1.9125685439206364,bin_2
config_141,384,4,6,0.018301922827959,0.9462901949882508,0.9959050416946412,0.291961133480072,0.0001284630270674,128,50575.0,2.599317526637445e+18,13258152960,26387712,16,0.0001284630270674,7982284800.0,1.5638563262585108e+18,30428.0,1.8736674765309207,1.8917490176344325,bin_2
config_141,384,4,6,0.018301922827959,0.9462901949882508,0.9959050416946412,0.291961133480072,0.0001284630270674,128,50575.0,2.599317526637445e+18,13258152960,26387712,16,0.0001224596753115,9568256000.0,1.876648149632025e+18,36514.0,1.856238530369561,1.876122283416608,bin_2
config_141,384,4,6,0.018301922827959,0.9462901949882508,0.9959050416946412,0.291961133480072,0.0001284630270674,128,50575.0,2.599317526637445e+18,13258152960,26387712,16,6.938656558504386e-05,11167334400.0,2.189388577701009e+18,42599.0,1.837747434851822,1.8572624278643104,bin_2
config_141,384,4,6,0.018301922827959,0.9462901949882508,0.9959050416946412,0.291961133480072,0.0001284630270674,128,50575.0,2.599317526637445e+18,13258152960,26387712,16,1.631345585855264e-05,12766412800.0,2.502180401074523e+18,48685.0,1.8237367337931591,1.8429081035891577,bin_2
config_141,384,4,6,0.018301922827959,0.9462901949882508,0.9959050416946412,0.291961133480072,0.0001284630270674,128,50575.0,2.599317526637445e+18,13258152960,26387712,16,2.175127447806905e-07,13251379200.0,2.599317526637445e+18,50575.0,1.8211758554988795,1.839806724912836,bin_2
config_142,640,22,10,0.004982475657016,0.947515904903412,0.9088433384895324,0.2068767696619033,0.0004552711907308,32,4789.0,3.7961248055808e+17,313852000,143944960,8,0.0004552711907308,157286400.0,1.8976660648487024e+17,2394.0,2.2457389866621944,2.268742862573029,bin_0
config_142,640,22,10,0.004982475657016,0.947515904903412,0.9088433384895324,0.2068767696619033,0.0004552711907308,32,4789.0,3.7961248055808e+17,313852000,143944960,8,1.7934925695457945e-05,311296000.0,3.7961248055808e+17,4789.0,1.9853039980921905,2.005757874111056,bin_0
config_143,832,7,16,0.0075609101913869,0.955179750919342,0.9478598833084106,0.2773872911930084,0.0002514373336452,64,27633.0,2.7235260828544205e+18,3621999360,101480704,16,0.0002514373336452,1592524800.0,1.1995815132059912e+18,12171.0,1.7884189288622236,1.806713539613892,bin_2
config_143,832,7,16,0.0075609101913869,0.955179750919342,0.9478598833084106,0.2773872911930084,0.0002514373336452,64,27633.0,2.7235260828544205e+18,3621999360,101480704,16,0.0001076932506663,3191603200.0,2.3991630264119823e+18,24342.0,1.6850830688019522,1.7021589232262555,bin_2
config_143,832,7,16,0.0075609101913869,0.955179750919342,0.9478598833084106,0.2773872911930084,0.0002514373336452,64,27633.0,2.7235260828544205e+18,3621999360,101480704,16,1.0825090685316469e-06,3617587200.0,2.7235260828544205e+18,27633.0,1.6585222212729362,1.6753502478773532,bin_2
config_145,512,13,8,0.0012072670506313,0.9570940732955932,0.9803966283798218,0.2242175787687301,0.0001036573958117,32,14001.0,5.357544576671416e+17,917634752,70057984,16,0.0001036573958117,458752000.0,2.678580961124199e+17,7000.0,2.065957723461855,2.087378431078716,bin_0
config_145,512,13,8,0.0012072670506313,0.9570940732955932,0.9803966283798218,0.2242175787687301,0.0001036573958117,32,14001.0,5.357544576671416e+17,917634752,70057984,16,3.30224261904259e-08,917504000.0,5.357544576671416e+17,14001.0,1.894562973525678,1.913933694551668,bin_0
config_146,512,6,16,0.0957846716046333,0.806829571723938,0.9084144830703736,0.1919735223054886,5.182906534173526e-05,32,4260.0,9.84715465728983e+16,279247488,46195712,16,5.182906534173526e-05,140902400.0,4.923577328644915e+16,2130.0,2.853143442441897,2.881890873548112,bin_0
config_146,512,6,16,0.0957846716046333,0.806829571723938,0.9084144830703736,0.1919735223054886,5.182906534173526e-05,32,4260.0,9.84715465728983e+16,279247488,46195712,16,6.343826847213558e-07,278528000.0,9.84715465728983e+16,4260.0,2.6448628621590538,2.671808368295253,bin_0
config_147,768,15,24,0.0042094280943274,0.8424946069717407,0.9508960247039796,0.0239343177527189,0.0025765285827219,128,39883.0,1.2042325546660528e+19,10455205888,144804864,8,0.0025765285827219,1599078400.0,1.8376148553763756e+18,6086.0,1.7187773814357694,1.7364965199642497,bin_3
config_147,768,15,24,0.0042094280943274,0.8424946069717407,0.9508960247039796,0.0239343177527189,0.0025765285827219,128,39883.0,1.2042325546660528e+19,10455205888,144804864,8,0.0025765285827219,3185049600.0,3.674927769435732e+18,12171.0,1.6444205824273532,1.6624751709523748,bin_3
config_147,768,15,24,0.0042094280943274,0.8424946069717407,0.9508960247039796,0.0239343177527189,0.0025765285827219,128,39883.0,1.2042325546660528e+19,10455205888,144804864,8,0.0025765285827219,4784128000.0,5.512542624812107e+18,18257.0,1.6140280790602577,1.629235442075573,bin_3
config_147,768,15,24,0.0042094280943274,0.8424946069717407,0.9508960247039796,0.0239343177527189,0.0025765285827219,128,39883.0,1.2042325546660528e+19,10455205888,144804864,8,0.0025765285827219,6383206400.0,7.349855538871464e+18,24342.0,1.594505631630538,1.6095000765362724,bin_3
config_147,768,15,24,0.0042094280943274,0.8424946069717407,0.9508960247039796,0.0239343177527189,0.0025765285827219,128,39883.0,1.2042325546660528e+19,10455205888,144804864,8,0.0025765285827219,7982284800.0,9.18747039424784e+18,30428.0,1.5805524077767232,1.595803098717674,bin_3
config_147,768,15,24,0.0042094280943274,0.8424946069717407,0.9508960247039796,0.0239343177527189,0.0025765285827219,128,39883.0,1.2042325546660528e+19,10455205888,144804864,8,0.0025765285827219,9568256000.0,1.1025085249624214e+19,36514.0,1.5710721037231508,1.5852235733876463,bin_3
config_147,768,15,24,0.0042094280943274,0.8424946069717407,0.9508960247039796,0.0239343177527189,0.0025765285827219,128,39883.0,1.2042325546660528e+19,10455205888,144804864,8,8.912520254698549e-05,10446438400.0,1.2042325546660528e+19,39883.0,1.530611944882596,1.5444577621631934,bin_3
config_148,768,24,6,0.0010892336722463,0.8342776894569397,0.9559993147850036,0.124794878065586,0.0006141236517578,32,12737.0,1.4222894254586266e+18,834737088,208519680,8,0.0006141236517578,416153600.0,7.110888797456649e+17,6368.0,1.9211985856485492,1.94005333285871,bin_1
config_148,768,24,6,0.0010892336722463,0.8342776894569397,0.9559993147850036,0.124794878065586,0.0006141236517578,32,12737.0,1.4222894254586266e+18,834737088,208519680,8,1.4299921406570135e-05,832307200.0,1.4222894254586266e+18,12737.0,1.748129496251649,1.765124737554077,bin_1
config_149,1024,9,16,0.0751291438937187,0.9113813042640686,0.9885201454162598,0.0741611123085022,0.000153317436343,128,49599.0,1.5980105768166752e+19,13002237952,167108608,8,0.000153317436343,1599078400.0,1.960824284865881e+18,6086.0,1.8112461912241136,1.8306406970688556,bin_3
config_149,1024,9,16,0.0751291438937187,0.9113813042640686,0.9885201454162598,0.0741611123085022,0.000153317436343,128,49599.0,1.5980105768166752e+19,13002237952,167108608,8,0.000153317436343,3185049600.0,3.921326383684299e+18,12171.0,1.6967736873665793,1.7152355193505522,bin_3
config_149,1024,9,16,0.0751291438937187,0.9113813042640686,0.9885201454162598,0.0741611123085022,0.000153317436343,128,49599.0,1.5980105768166752e+19,13002237952,167108608,8,0.000153317436343,4784128000.0,5.88215066855018e+18,18257.0,1.645605075339802,1.6616681785075391,bin_3
config_149,1024,9,16,0.0751291438937187,0.9113813042640686,0.9885201454162598,0.0741611123085022,0.000153317436343,128,49599.0,1.5980105768166752e+19,13002237952,167108608,8,0.000153317436343,6383206400.0,7.842652767368598e+18,24342.0,1.6151922127067069,1.6307759616804904,bin_3
config_149,1024,9,16,0.0751291438937187,0.9113813042640686,0.9885201454162598,0.0741611123085022,0.000153317436343,128,49599.0,1.5980105768166752e+19,13002237952,167108608,8,0.000153317436343,7982284800.0,9.80347705223448e+18,30428.0,1.5939252554002354,1.6096344249561183,bin_3
config_149,1024,9,16,0.0751291438937187,0.9113813042640686,0.9885201454162598,0.0741611123085022,0.000153317436343,128,49599.0,1.5980105768166752e+19,13002237952,167108608,8,0.000153317436343,9568256000.0,1.176430133710036e+19,36514.0,1.5786972975730895,1.5937320170246188,bin_3
config_149,1024,9,16,0.0751291438937187,0.9113813042640686,0.9885201454162598,0.0741611123085022,0.000153317436343,128,49599.0,1.5980105768166752e+19,13002237952,167108608,8,0.000153317436343,11167334400.0,1.3724803435918778e+19,42599.0,1.567544578587423,1.5819630424702753,bin_3
config_149,1024,9,16,0.0751291438937187,0.9113813042640686,0.9885201454162598,0.0741611123085022,0.000153317436343,128,49599.0,1.5980105768166752e+19,13002237952,167108608,8,3.747481655041054e-05,12766412800.0,1.568562772078466e+19,48685.0,1.5289132180370268,1.5428657494802944,bin_3
config_149,1024,9,16,0.0751291438937187,0.9113813042640686,0.9885201454162598,0.0741611123085022,0.000153317436343,128,49599.0,1.5980105768166752e+19,13002237952,167108608,8,2.042565084505127e-06,12989235200.0,1.5980105768166752e+19,49599.0,1.519128260886083,1.535141661557995,bin_3
config_15,1152,16,16,0.1281783431768417,0.8709485530853271,0.9239434599876404,0.1199620142579078,0.0001739525905577,64,8572.0,2.617362384757162e+18,1123657856,312761088,8,0.0001739525905577,563609600.0,1.308681192378581e+18,4286.0,1.8890113858496316,1.909072817005198,bin_2
config_15,1152,16,16,0.1281783431768417,0.8709485530853271,0.9239434599876404,0.1199620142579078,0.0001739525905577,64,8572.0,2.617362384757162e+18,1123657856,312761088,8,3.722720809601598e-06,1120665600.0,2.617362384757162e+18,8572.0,1.7237630352350743,1.742096397006362,bin_2
config_150,768,9,12,0.0257197842001914,0.8373668789863586,0.9811001420021056,0.098066858947277,9.669139399193229e-05,32,8614.0,4.4245995090886656e+17,564540992,102328320,16,9.669139399193229e-05,281804800.0,2.2122997545443328e+17,4307.0,2.157970175586763,2.17968015995182,bin_0
config_150,768,9,12,0.0257197842001914,0.8373668789863586,0.9811001420021056,0.098066858947277,9.669139399193229e-05,32,8614.0,4.4245995090886656e+17,564540992,102328320,16,1.6038856823306357e-06,563609600.0,4.4245995090886656e+17,8614.0,1.9505544801618235,1.97101288115392,bin_0
config_151,704,9,8,0.0990390032529831,0.9255010485649108,0.9917033314704896,0.1366190612316131,0.0006168645923025,64,7977.0,7.410789989838766e+17,1045677632,92178944,16,0.0006168645923025,524288000.0,3.704930485079228e+17,3988.0,1.889807921198548,1.9089354583474456,bin_1
config_151,704,9,8,0.0990390032529831,0.9255010485649108,0.9917033314704896,0.1366190612316131,0.0006168645923025,64,7977.0,7.410789989838766e+17,1045677632,92178944,16,1.5294163445518844e-05,1042022400.0,7.410789989838766e+17,7977.0,1.7369555700802413,1.7556605185837042,bin_1
config_152,1152,17,24,0.0105846812948584,0.8561805486679077,0.9279930591583252,0.036378264427185,0.0075398376211524,64,34296.0,1.102794553529834e+19,4495355904,328688640,8,0.0075398376211524,1592524800.0,3.913608733091792e+18,12171.0,3.261331171989441,3.2950021638635727,bin_3
config_152,1152,17,24,0.0105846812948584,0.8561805486679077,0.9279930591583252,0.036378264427185,0.0075398376211524,64,34296.0,1.102794553529834e+19,4495355904,328688640,8,0.0075398376211524,3191603200.0,7.827217466183583e+18,24342.0,3.194074118489125,3.2258072028785456,bin_3
config_152,1152,17,24,0.0105846812948584,0.8561805486679077,0.9279930591583252,0.036378264427185,0.0075398376211524,64,34296.0,1.102794553529834e+19,4495355904,328688640,8,0.0002781335449663,4489216000.0,1.102794553529834e+19,34296.0,3.0739690260808974,3.105610683511515,bin_3
config_154,640,10,20,0.0161739960312843,0.9487506747245787,0.9566959738731384,0.2890935838222503,9.53442431637086e-05,64,22506.0,1.932485669636014e+18,2949943296,82981120,16,9.53442431637086e-05,1592524800.0,1.0450672303003612e+18,12171.0,1.8779456246876325,1.898514173968893,bin_2
config_154,640,10,20,0.0161739960312843,0.9487506747245787,0.9566959738731384,0.2890935838222503,9.53442431637086e-05,64,22506.0,1.932485669636014e+18,2949943296,82981120,16,8.792890546914675e-08,2949120000.0,1.932485669636014e+18,22506.0,1.7651834141621825,1.7841463733501122,bin_2
config_155,384,7,6,0.0993761494755745,0.8123986124992371,0.9582383036613464,0.1867299973964691,0.0001412643323419,32,13357.0,2.2429634152660992e+17,875417856,31698432,16,0.0001412643323419,439091200.0,1.1213977455376963e+17,6678.0,2.1692754364013678,2.190519536557745,bin_0
config_155,384,7,6,0.0993761494755745,0.8123986124992371,0.9582383036613464,0.1867299973964691,0.0001412643323419,32,13357.0,2.2429634152660992e+17,875417856,31698432,16,3.964917106630728e-07,874905600.0,2.2429634152660992e+17,13357.0,2.001776912251457,2.0230866311417253,bin_0
config_156,1088,8,8,0.0258137267082929,0.9728651642799376,0.926228642463684,0.2195684760808944,0.0004361973551567,128,53420.0,1.751462237437467e+19,14003934208,172815744,16,0.0004361973551567,1599078400.0,1.995394829098545e+18,6086.0,1.748906388673626,1.7674727612636127,bin_3
config_156,1088,8,8,0.0258137267082929,0.9728651642799376,0.926228642463684,0.2195684760808944,0.0004361973551567,128,53420.0,1.751462237437467e+19,14003934208,172815744,16,0.0004361973551567,3185049600.0,3.990461791810448e+18,12171.0,1.6563933130952178,1.6740655551582089,bin_3
config_156,1088,8,8,0.0258137267082929,0.9728651642799376,0.926228642463684,0.2195684760808944,0.0004361973551567,128,53420.0,1.751462237437467e+19,14003934208,172815744,16,0.0004361973551567,4784128000.0,5.985856620908991e+18,18257.0,1.6166972900609502,1.6334601217801454,bin_3
config_156,1088,8,8,0.0258137267082929,0.9728651642799376,0.926228642463684,0.2195684760808944,0.0004361973551567,128,53420.0,1.751462237437467e+19,14003934208,172815744,16,0.0004361973551567,6383206400.0,7.980923583620896e+18,24342.0,1.5953745165809257,1.610724100128549,bin_3
config_156,1088,8,8,0.0258137267082929,0.9728651642799376,0.926228642463684,0.2195684760808944,0.0004361973551567,128,53420.0,1.751462237437467e+19,14003934208,172815744,16,0.0004361973551567,7982284800.0,9.97631841271944e+18,30428.0,1.5796245607782582,1.593876691020903,bin_3
config_156,1088,8,8,0.0258137267082929,0.9728651642799376,0.926228642463684,0.2195684760808944,0.0004361973551567,128,53420.0,1.751462237437467e+19,14003934208,172815744,16,0.0004361973551567,9568256000.0,1.1971713241817985e+19,36514.0,1.5651889174492633,1.5814885483804295,bin_3
config_156,1088,8,8,0.0258137267082929,0.9728651642799376,0.926228642463684,0.2195684760808944,0.0004361973551567,128,53420.0,1.751462237437467e+19,14003934208,172815744,16,0.000402391967158,11167334400.0,1.3966780204529887e+19,42599.0,1.552985194941036,1.5684124184827335,bin_3
config_156,1088,8,8,0.0258137267082929,0.9728651642799376,0.926228642463684,0.2195684760808944,0.0004361973551567,128,53420.0,1.751462237437467e+19,14003934208,172815744,16,0.0001755351280023,12766412800.0,1.5962175033628432e+19,48685.0,1.5174477255148966,1.532415979690239,bin_3
config_156,1088,8,8,0.0258137267082929,0.9728651642799376,0.926228642463684,0.2195684760808944,0.0004361973551567,128,53420.0,1.751462237437467e+19,14003934208,172815744,16,7.437929152643067e-07,13998489600.0,1.751462237437467e+19,53420.0,1.4982336536391836,1.5094326032966865,bin_3
config_157,704,10,22,0.0051104230806231,0.8986737728118896,0.9799457788467408,0.0035617949906736,6.420239515136927e-05,32,6358.0,3.1828535798339174e+17,416682688,98488192,16,6.420239515136927e-05,209715200.0,1.5914267899169587e+17,3179.0,2.467761115636982,2.4929806807002084,bin_0
config_157,704,10,22,0.0051104230806231,0.8986737728118896,0.9799457788467408,0.0035617949906736,6.420239515136927e-05,32,6358.0,3.1828535798339174e+17,416682688,98488192,16,2.334632550958883e-05,416153600.0,3.1828535798339174e+17,6358.0,2.168284499293468,2.19076670806916,bin_0
config_159,384,11,16,0.0794789716601371,0.8028450012207031,0.9460576176643372,0.1857580244541168,0.0003474590484984,64,10918.0,4.8148566390964224e+17,1431151360,38779392,16,0.0003474590484984,714342400.0,2.4074283195482112e+17,5459.0,1.990041202599885,2.0115555842587205,bin_0
config_159,384,11,16,0.0794789716601371,0.8028450012207031,0.9460576176643372,0.1857580244541168,0.0003474590484984,64,10918.0,4.8148566390964224e+17,1431151360,38779392,16,3.083956051761166e-06,1428684800.0,4.8148566390964224e+17,10918.0,1.847476972478335,1.867802096038568,bin_0
config_16,704,8,22,0.0021382959093898,0.9441627264022828,0.916120946407318,0.0944500789046287,0.0002752876898739,128,41875.0,7.174412678548685e+18,10977462272,85869696,16,0.0002752876898739,1599078400.0,1.0427098641587414e+18,6086.0,1.8329692285396024,1.8519767859078688,bin_3
config_16,704,8,22,0.0021382959093898,0.9441627264022828,0.916120946407318,0.0944500789046287,0.0002752876898739,128,41875.0,7.174412678548685e+18,10977462272,85869696,16,0.0002752876898739,3185049600.0,2.085248399059488e+18,12171.0,1.7387033501975633,1.7569552725242208,bin_3
config_16,704,8,22,0.0021382959093898,0.9441627264022828,0.916120946407318,0.0944500789046287,0.0002752876898739,128,41875.0,7.174412678548685e+18,10977462272,85869696,16,0.0002752876898739,4784128000.0,3.1279582632182287e+18,18257.0,1.6993155820696704,1.7157006893371087,bin_3
config_16,704,8,22,0.0021382959093898,0.9441627264022828,0.916120946407318,0.0944500789046287,0.0002752876898739,128,41875.0,7.174412678548685e+18,10977462272,85869696,16,0.0002752876898739,6383206400.0,4.170496798118976e+18,24342.0,1.676999597597946,1.692329016987583,bin_3
config_16,704,8,22,0.0021382959093898,0.9441627264022828,0.916120946407318,0.0944500789046287,0.0002752876898739,128,41875.0,7.174412678548685e+18,10977462272,85869696,16,0.0002752876898739,7982284800.0,5.213206662277717e+18,30428.0,1.6606666414797728,1.676328033180296,bin_3
config_16,704,8,22,0.0021382959093898,0.9441627264022828,0.916120946407318,0.0944500789046287,0.0002752876898739,128,41875.0,7.174412678548685e+18,10977462272,85869696,16,0.0002752876898739,9568256000.0,6.255916526436457e+18,36514.0,1.6483982204255572,1.6643035644663209,bin_3
config_16,704,8,22,0.0021382959093898,0.9441627264022828,0.916120946407318,0.0944500789046287,0.0002752876898739,128,41875.0,7.174412678548685e+18,10977462272,85869696,16,1.7401244619086277e-06,10970726400.0,7.174412678548685e+18,41875.0,1.6035096502481128,1.6178468345098314,bin_3
config_160,512,12,16,0.0171056408435106,0.922629415988922,0.9285797476768494,0.1609956175088882,0.0004646388406399,64,13320.0,9.617066576121692e+17,1745977728,66649088,16,0.000253557576282,1592524800.0,8.787486283631916e+17,12171.0,1.7868577570993391,1.8051041413916915,bin_1
config_160,512,12,16,0.0171056408435106,0.922629415988922,0.9285797476768494,0.1609956175088882,0.0004646388406399,64,13320.0,9.617066576121692e+17,1745977728,66649088,16,4.33431754328327e-06,1743257600.0,9.617066576121692e+17,13320.0,1.7503652445996394,1.768478072901241,bin_1
config_161,320,24,4,0.0245353486388921,0.8496823310852051,0.9062071442604064,0.2344718128442764,5.412238897406496e-05,64,52860.0,3.3660178255252685e+18,6928590336,49527680,16,5.412238897406496e-05,1592524800.0,7.75024649157549e+17,12171.0,2.102710041569882,2.1245801277629663,bin_2
config_161,320,24,4,0.0245353486388921,0.8496823310852051,0.9062071442604064,0.2344718128442764,5.412238897406496e-05,64,52860.0,3.3660178255252685e+18,6928590336,49527680,16,5.412238897406496e-05,3191603200.0,1.550049298315098e+18,24342.0,1.930478434093663,1.9513275154301375,bin_2
config_161,320,24,4,0.0245353486388921,0.8496823310852051,0.9062071442604064,0.2344718128442764,5.412238897406496e-05,64,52860.0,3.3660178255252685e+18,6928590336,49527680,16,5.412238897406496e-05,4784128000.0,2.325137625448915e+18,36514.0,1.866972070991016,1.8853975716966096,bin_2
config_161,320,24,4,0.0245353486388921,0.8496823310852051,0.9062071442604064,0.2344718128442764,5.412238897406496e-05,64,52860.0,3.3660178255252685e+18,6928590336,49527680,16,1.8165978548661467e-05,6383206400.0,3.100162274606464e+18,48685.0,1.816034312443655,1.8331888901601072,bin_2
config_161,320,24,4,0.0245353486388921,0.8496823310852051,0.9062071442604064,0.2344718128442764,5.412238897406496e-05,64,52860.0,3.3660178255252685e+18,6928590336,49527680,16,4.366821766505164e-08,6927155200.0,3.3660178255252685e+18,52860.0,1.804901343799028,1.821733325270356,bin_2
config_162,256,23,8,0.0120262233540415,0.9294461011886596,0.9287277460098268,0.2145778089761734,0.0069250403903424,128,47803.0,4.254423961412567e+18,12531420160,32478208,16,0.0069250403903424,1599078400.0,5.4164852057730445e+17,6086.0,1.8753200540386263,1.89507382959616,bin_2
config_162,256,23,8,0.0120262233540415,0.9294461011886596,0.9287277460098268,0.2145778089761734,0.0069250403903424,128,47803.0,4.254423961412567e+18,12531420160,32478208,16,0.0069250403903424,3185049600.0,1.0832080420549412e+18,12171.0,1.822921805772625,1.841784701464606,bin_2
config_162,256,23,8,0.0120262233540415,0.9294461011886596,0.9287277460098268,0.2145778089761734,0.0069250403903424,128,47803.0,4.254423961412567e+18,12531420160,32478208,16,0.0069250403903424,4784128000.0,1.6248565626322458e+18,18257.0,1.8032831799397704,1.8210073308866528,bin_2
config_162,256,23,8,0.0120262233540415,0.9294461011886596,0.9287277460098268,0.2145778089761734,0.0069250403903424,128,47803.0,4.254423961412567e+18,12531420160,32478208,16,0.0069250403903424,6383206400.0,2.1664160841098824e+18,24342.0,1.7923817929283516,1.8101904339868515,bin_2
config_162,256,23,8,0.0120262233540415,0.9294461011886596,0.9287277460098268,0.2145778089761734,0.0069250403903424,128,47803.0,4.254423961412567e+18,12531420160,32478208,16,0.0069250403903424,7982284800.0,2.7080646046871864e+18,30428.0,1.7847786537936476,1.8025332136232344,bin_2
config_162,256,23,8,0.0120262233540415,0.9294461011886596,0.9287277460098268,0.2145778089761734,0.0069250403903424,128,47803.0,4.254423961412567e+18,12531420160,32478208,16,0.0069250403903424,9568256000.0,3.2497131252644915e+18,36514.0,1.780885929162385,1.7973518952776175,bin_2
config_162,256,23,8,0.0120262233540415,0.9294461011886596,0.9287277460098268,0.2145778089761734,0.0069250403903424,128,47803.0,4.254423961412567e+18,12531420160,32478208,16,0.0035128190651215,11167334400.0,3.791272646742128e+18,42599.0,1.7372262391106028,1.7532697387601508,bin_2
config_162,256,23,8,0.0120262233540415,0.9294461011886596,0.9287277460098268,0.2145778089761734,0.0069250403903424,128,47803.0,4.254423961412567e+18,12531420160,32478208,16,2.025457850348897e-06,12530483200.0,4.254423961412567e+18,47803.0,1.6849184182823682,1.7002125657581892,bin_2
config_163,320,11,20,0.0030604095663875,0.8720068335533142,0.9026197791099548,0.1328626424074173,0.0033498981501907,32,3919.0,7.06235434712064e+16,256856224,31415040,16,0.0033498981501907,127795200.0,3.530276133199626e+16,1959.0,2.474106031714893,2.499965838526116,bin_0
config_163,320,11,20,0.0030604095663875,0.8720068335533142,0.9026197791099548,0.1328626424074173,0.0033498981501907,32,3919.0,7.06235434712064e+16,256856224,31415040,16,0.0001224001247185,255590400.0,7.06235434712064e+16,3919.0,2.189624625542125,2.212939299520899,bin_0
config_164,960,5,10,0.0097052529454231,0.8228393197059631,0.9019281268119812,0.0485286898910999,6.232170562725514e-05,64,16798.0,1.627895267171205e+18,2201833216,103572480,16,6.232170562725514e-05,1592524800.0,1.1794923977104858e+18,12171.0,1.934043442225847,1.9536693414312891,bin_2
config_164,960,5,10,0.0097052529454231,0.8228393197059631,0.9019281268119812,0.0485286898910999,6.232170562725514e-05,64,16798.0,1.627895267171205e+18,2201833216,103572480,16,3.6704808222187072e-06,2195456000.0,1.627895267171205e+18,16798.0,1.8618535089101949,1.881285257183137,bin_2
config_165,512,22,16,0.0614232383668422,0.8348501324653625,0.9888287782669068,0.1459586024284362,0.0044183353893458,64,7687.0,8.878222522509558e+17,1007613248,100738048,8,0.0044183353893458,504627200.0,4.438533778327596e+17,3843.0,3.257480120893385,3.291163173269053,bin_1
config_165,512,22,16,0.0614232383668422,0.8348501324653625,0.9888287782669068,0.1459586024284362,0.0044183353893458,64,7687.0,8.878222522509558e+17,1007613248,100738048,8,0.0001458326578107,1002700800.0,8.878222522509558e+17,7687.0,3.110410858334088,3.14314858401408,bin_1
config_166,768,4,6,0.010904461145401,0.9876170754432678,0.9296854734420776,0.2462895214557647,0.0001866577076725,64,10323.0,6.45479292248064e+17,1353083520,66931200,16,0.0001866577076725,675020800.0,3.227083819909192e+17,5161.0,2.161737653388352,2.180415503705134,bin_1
config_166,768,4,6,0.010904461145401,0.9876170754432678,0.9296854734420776,0.2462895214557647,0.0001866577076725,64,10323.0,6.45479292248064e+17,1353083520,66931200,16,1.6888777641498997e-06,1350041600.0,6.45479292248064e+17,10323.0,1.941892228712801,1.961265926830104,bin_1
config_167,384,5,24,0.1671644300222396,0.8381988406181335,0.9767906069755554,0.0701567530632019,1.5175343833107036e-05,32,4214.0,5.969002890247373e+16,276204256,28157952,16,1.5175343833107036e-05,137625600.0,2.9845014451236864e+16,2107.0,3.4671391698962357,3.5046510680777128,bin_0
config_167,384,5,24,0.1671644300222396,0.8381988406181335,0.9767906069755554,0.0701567530632019,1.5175343833107036e-05,32,4214.0,5.969002890247373e+16,276204256,28157952,16,7.201858090288093e-07,275251200.0,5.969002890247373e+16,4214.0,3.1455565249333617,3.178600307605305,bin_0
config_168,1152,11,8,0.0049066520296037,0.8577886819839478,0.9984267354011536,0.1368255466222763,0.0001622918498469,64,37342.0,8.369798794182918e+18,4894596096,233123328,8,0.0001622918498469,1592524800.0,2.727995852498535e+18,12171.0,1.7230413055419922,1.7407581302767894,bin_3
config_168,1152,11,8,0.0049066520296037,0.8577886819839478,0.9984267354011536,0.1368255466222763,0.0001622918498469,64,37342.0,8.369798794182918e+18,4894596096,233123328,8,0.0001622918498469,3191603200.0,5.45599170499707e+18,24342.0,1.6334767468444638,1.651134694853767,bin_3
config_168,1152,11,8,0.0049066520296037,0.8577886819839478,0.9984267354011536,0.1368255466222763,0.0001622918498469,64,37342.0,8.369798794182918e+18,4894596096,233123328,8,2.674686583893781e-05,4784128000.0,8.184211696502466e+18,36514.0,1.5592884414899544,1.5738441211864596,bin_3
config_168,1152,11,8,0.0049066520296037,0.8577886819839478,0.9984267354011536,0.1368255466222763,0.0001622918498469,64,37342.0,8.369798794182918e+18,4894596096,233123328,8,1.334166704555079e-06,4888985600.0,8.369798794182918e+18,37342.0,1.554868337814925,1.5693919412816155,bin_3
config_169,320,9,16,0.0490764640271663,0.8817325234413147,0.9908536076545716,0.2501752376556396,0.0015983717748895,32,4790.0,7.61312821404672e+16,313926240,28628480,16,0.0015983717748895,157286400.0,3.80656410702336e+16,2395.0,2.2240226465756776,2.24703055725723,bin_0
config_169,320,9,16,0.0490764640271663,0.8817325234413147,0.9908536076545716,0.2501752376556396,0.0015983717748895,32,4790.0,7.61312821404672e+16,313926240,28628480,16,5.336800583938327e-05,311296000.0,7.61312821404672e+16,4790.0,2.0099802709016643,2.030234973117953,bin_0
config_17,384,23,16,0.1259277760982513,0.8496121764183044,0.9804573059082032,0.2800866663455963,0.0005876030772924,64,12223.0,9.246103544105532e+17,1602220544,60022272,16,1.2531412399166878e-05,1592524800.0,9.206768079465632e+17,12171.0,1.75608169533931,1.7744830205304578,bin_1
config_17,384,23,16,0.1259277760982513,0.8496121764183044,0.9804573059082032,0.2800866663455963,0.0005876030772924,64,12223.0,9.246103544105532e+17,1602220544,60022272,16,3.948253221655379e-06,1599078400.0,9.246103544105532e+17,12223.0,1.7558539189931412,1.7742468720926354,bin_1
config_170,512,6,8,0.0348906405270099,0.9234339594841005,0.9322679042816162,0.0113999070599675,0.0001238030527019,64,20156.0,9.316259289287884e+17,2641922560,46195712,16,0.0001238030527019,1592524800.0,5.625530452963031e+17,12171.0,1.9276401116027209,1.9490796702416215,bin_1
config_170,512,6,8,0.0348906405270099,0.9234339594841005,0.9322679042816162,0.0113999070599675,0.0001238030527019,64,20156.0,9.316259289287884e+17,2641922560,46195712,16,3.243748105728918e-06,2641100800.0,9.316259289287884e+17,20156.0,1.842895962371201,1.8634362562758024,bin_1
config_171,832,21,16,0.0780559256672859,0.8067910671234131,0.946793496608734,0.1033859476447105,0.0001132523830165,128,42102.0,1.935692516799008e+19,11036791808,220779520,8,0.0001132523830165,1599078400.0,2.7981152100229827e+18,6086.0,1.827614007543345,1.8467758047385292,bin_3
config_171,832,21,16,0.0780559256672859,0.8067910671234131,0.946793496608734,0.1033859476447105,0.0001132523830165,128,42102.0,1.935692516799008e+19,11036791808,220779520,8,0.0001132523830165,3185049600.0,5.595770657441624e+18,12171.0,1.696728514550162,1.714427717044705,bin_3
config_171,832,21,16,0.0780559256672859,0.8067910671234131,0.946793496608734,0.1033859476447105,0.0001132523830165,128,42102.0,1.935692516799008e+19,11036791808,220779520,8,0.0001132523830165,4784128000.0,8.393885867464607e+18,18257.0,1.641497563397298,1.6567378137346174,bin_3
config_171,832,21,16,0.0780559256672859,0.8067910671234131,0.946793496608734,0.1033859476447105,0.0001132523830165,128,42102.0,1.935692516799008e+19,11036791808,220779520,8,0.0001132523830165,6383206400.0,1.1191541314883248e+19,24342.0,1.6090745828581638,1.6228838941894594,bin_3
config_171,832,21,16,0.0780559256672859,0.8067910671234131,0.946793496608734,0.1033859476447105,0.0001132523830165,128,42102.0,1.935692516799008e+19,11036791808,220779520,8,0.0001132523830165,7982284800.0,1.3989656524906232e+19,30428.0,1.584949859028957,1.5992604835111586,bin_3
config_171,832,21,16,0.0780559256672859,0.8067910671234131,0.946793496608734,0.1033859476447105,0.0001132523830165,128,42102.0,1.935692516799008e+19,11036791808,220779520,8,0.0001132523830165,9568256000.0,1.6787771734929211e+19,36514.0,1.5662822636229092,1.581333865396312,bin_3
config_171,832,21,16,0.0780559256672859,0.8067910671234131,0.946793496608734,0.1033859476447105,0.0001132523830165,128,42102.0,1.935692516799008e+19,11036791808,220779520,8,5.204613190098496e-08,11036262400.0,1.935692516799008e+19,42102.0,1.5188891346337363,1.5330967962155575,bin_3
config_173,256,16,4,0.0989229902625083,0.9446476101875304,0.9674342274665833,0.0337210744619369,0.0026090140454471,128,54144.0,3.68579524946559e+18,14193730560,26510848,16,0.0026090140454471,1599078400.0,4.14297981092043e+17,6086.0,1.9038497159910983,1.924341426169286,bin_2
config_173,256,16,4,0.0989229902625083,0.9446476101875304,0.9674342274665833,0.0337210744619369,0.0026090140454471,128,54144.0,3.68579524946559e+18,14193730560,26510848,16,0.0026090140454471,3185049600.0,8.285278882470022e+17,12171.0,1.8635435394380917,1.8840985102340824,bin_2
config_173,256,16,4,0.0989229902625083,0.9446476101875304,0.9674342274665833,0.0337210744619369,0.0026090140454471,128,54144.0,3.68579524946559e+18,14193730560,26510848,16,0.0026090140454471,4784128000.0,1.2428258693390454e+18,18257.0,1.8502350841584756,1.869026735297969,bin_2
config_173,256,16,4,0.0989229902625083,0.9446476101875304,0.9674342274665833,0.0337210744619369,0.0026090140454471,128,54144.0,3.68579524946559e+18,14193730560,26510848,16,0.0026090140454471,6383206400.0,1.6570557764940045e+18,24342.0,1.8424183852555325,1.861334231759681,bin_2
config_173,256,16,4,0.0989229902625083,0.9446476101875304,0.9674342274665833,0.0337210744619369,0.0026090140454471,128,54144.0,3.68579524946559e+18,14193730560,26510848,16,0.0026090140454471,7982284800.0,2.071353757586048e+18,30428.0,1.837757948734721,1.8564265997683416,bin_2
config_173,256,16,4,0.0989229902625083,0.9446476101875304,0.9674342274665833,0.0337210744619369,0.0026090140454471,128,54144.0,3.68579524946559e+18,14193730560,26510848,16,0.0026090140454471,9568256000.0,2.485651738678091e+18,36514.0,1.83605394961404,1.8541276333762,bin_2
config_173,256,16,4,0.0989229902625083,0.9446476101875304,0.9674342274665833,0.0337210744619369,0.0026090140454471,128,54144.0,3.68579524946559e+18,14193730560,26510848,16,0.0026090140454471,11167334400.0,2.8998816458330496e+18,42599.0,1.8301152406364192,1.8482243017290456,bin_2
config_173,256,16,4,0.0989229902625083,0.9446476101875304,0.9674342274665833,0.0337210744619369,0.0026090140454471,128,54144.0,3.68579524946559e+18,14193730560,26510848,16,0.0026090140454471,12766412800.0,3.314179626925093e+18,48685.0,1.8285002738921368,1.845611013779875,bin_2
config_173,256,16,4,0.0989229902625083,0.9446476101875304,0.9674342274665833,0.0337210744619369,0.0026090140454471,128,54144.0,3.68579524946559e+18,14193730560,26510848,16,6.290225643817678e-05,14181990400.0,3.68579524946559e+18,54144.0,1.7344152355975793,1.7499482923257546,bin_2
config_174,704,6,8,0.0056233666837215,0.8594385385513306,0.9356430768966676,0.2209752947092056,0.0059980228543281,64,38677.0,2.7541051696494674e+18,5069577216,73251200,16,0.0059980228543281,1592524800.0,8.666704765055116e+17,12171.0,1.819620533575777,1.8379624032583397,bin_2
config_174,704,6,8,0.0056233666837215,0.8594385385513306,0.9356430768966676,0.2209752947092056,0.0059980228543281,64,38677.0,2.7541051696494674e+18,5069577216,73251200,16,0.0059980228543281,3191603200.0,1.733340953011023e+18,24342.0,1.7722482318956343,1.7902715126803663,bin_2
config_174,704,6,8,0.0056233666837215,0.8594385385513306,0.9356430768966676,0.2209752947092056,0.0059980228543281,64,38677.0,2.7541051696494674e+18,5069577216,73251200,16,0.0015279306990255,4784128000.0,2.600082637344692e+18,36514.0,1.6911691640635005,1.7071511184973795,bin_2
config_174,704,6,8,0.0056233666837215,0.8594385385513306,0.9356430768966676,0.2209752947092056,0.0059980228543281,64,38677.0,2.7541051696494674e+18,5069577216,73251200,16,1.894999029567693e-05,5065932800.0,2.7541051696494674e+18,38677.0,1.66744564154109,1.6830668203557124,bin_2
config_175,384,13,16,0.0023949262686073,0.8833497762680054,0.9059370160102844,0.2610687911510467,3.0009896363480948e-05,64,53578.0,2.6443284636055634e+18,7022694912,42319872,16,3.0009896363480948e-05,1592524800.0,6.006965868554875e+17,12171.0,2.366552044133671,2.391295139672326,bin_2
config_175,384,13,16,0.0023949262686073,0.8833497762680054,0.9059370160102844,0.2610687911510467,3.0009896363480948e-05,64,53578.0,2.6443284636055634e+18,7022694912,42319872,16,3.0009896363480948e-05,3191603200.0,1.201393173710975e+18,24342.0,2.1137747344814364,2.1371895990606213,bin_2
config_175,384,13,16,0.0023949262686073,0.8833497762680054,0.9059370160102844,0.2610687911510467,3.0009896363480948e-05,64,53578.0,2.6443284636055634e+18,7022694912,42319872,16,3.0009896363480948e-05,4784128000.0,1.802139115310268e+18,36514.0,2.015684199059596,2.037234781491952,bin_2
config_175,384,13,16,0.0023949262686073,0.8833497762680054,0.9059370160102844,0.2610687911510467,3.0009896363480948e-05,64,53578.0,2.6443284636055634e+18,7022694912,42319872,16,1.0466023769290058e-05,6383206400.0,2.402835702165756e+18,48685.0,1.9570652687745016,1.9773528084207757,bin_2
config_175,384,13,16,0.0023949262686073,0.8833497762680054,0.9059370160102844,0.2610687911510467,3.0009896363480948e-05,64,53578.0,2.6443284636055634e+18,7022694912,42319872,16,6.007557719149414e-08,7018905600.0,2.6443284636055634e+18,53578.0,1.945883110390335,1.9658985134812648,bin_2
config_176,1088,13,16,0.0017619210993871,0.8095828294754028,0.9092755317687988,0.1330126523971557,1.5252197954396252e-05,128,42766.0,2.048502574285849e+19,11210874880,246636544,8,1.5252197954396252e-05,1599078400.0,2.9152099020492155e+18,6086.0,2.294924286369417,2.3190395239337547,bin_3
config_176,1088,13,16,0.0017619210993871,0.8095828294754028,0.9092755317687988,0.1330126523971557,1.5252197954396252e-05,128,42766.0,2.048502574285849e+19,11210874880,246636544,8,1.5252197954396252e-05,3185049600.0,5.82994080148554e+18,12171.0,2.021920725361245,2.043731430163149,bin_3
config_176,1088,13,16,0.0017619210993871,0.8095828294754028,0.9092755317687988,0.1330126523971557,1.5252197954396252e-05,128,42766.0,2.048502574285849e+19,11210874880,246636544,8,1.5252197954396252e-05,4784128000.0,8.745150703534756e+18,18257.0,1.9109006415820515,1.9305180031158884,bin_3
config_176,1088,13,16,0.0017619210993871,0.8095828294754028,0.9092755317687988,0.1330126523971557,1.5252197954396252e-05,128,42766.0,2.048502574285849e+19,11210874880,246636544,8,1.5252197954396252e-05,6383206400.0,1.165988160297108e+19,24342.0,1.845387728370604,1.86442522265872,bin_3
config_176,1088,13,16,0.0017619210993871,0.8095828294754028,0.9092755317687988,0.1330126523971557,1.5252197954396252e-05,128,42766.0,2.048502574285849e+19,11210874880,246636544,8,1.5252197954396252e-05,7982284800.0,1.4575091505020295e+19,30428.0,1.800520359805373,1.8190671909246288,bin_3
config_176,1088,13,16,0.0017619210993871,0.8095828294754028,0.9092755317687988,0.1330126523971557,1.5252197954396252e-05,128,42766.0,2.048502574285849e+19,11210874880,246636544,8,1.5252197954396252e-05,9568256000.0,1.7490301407069512e+19,36514.0,1.768154362928672,1.7856979874704706,bin_3
config_176,1088,13,16,0.0017619210993871,0.8095828294754028,0.9092755317687988,0.1330126523971557,1.5252197954396252e-05,128,42766.0,2.048502574285849e+19,11210874880,246636544,8,4.4512392061001686e-07,11167334400.0,2.040503230650584e+19,42599.0,1.7331427058821818,1.7501473823727154,bin_3
config_176,1088,13,16,0.0017619210993871,0.8095828294754028,0.9092755317687988,0.1330126523971557,1.5252197954396252e-05,128,42766.0,2.048502574285849e+19,11210874880,246636544,8,4.2903510420243824e-08,11206656000.0,2.048502574285849e+19,42766.0,1.7328929587661244,1.7498874233785222,bin_3
config_177,704,12,16,0.0204045511782169,0.9717811942100524,0.9783326983451844,0.2237565666437149,0.0002218099543824,64,49076.0,5.623050642885181e+18,6432573440,111106688,16,0.0002218099543824,1592524800.0,1.3945339753556838e+18,12171.0,1.7758480467561817,1.7945936221763736,bin_3
config_177,704,12,16,0.0204045511782169,0.9717811942100524,0.9783326983451844,0.2237565666437149,0.0002218099543824,64,49076.0,5.623050642885181e+18,6432573440,111106688,16,0.0002218099543824,3191603200.0,2.789067950711368e+18,24342.0,1.6905866542018828,1.7086845505823856,bin_3
config_177,704,12,16,0.0204045511782169,0.9717811942100524,0.9783326983451844,0.2237565666437149,0.0002218099543824,64,49076.0,5.623050642885181e+18,6432573440,111106688,16,0.0002218099543824,4784128000.0,4.183716504489149e+18,36514.0,1.6536938105254877,1.6693995131039228,bin_3
config_177,704,12,16,0.0204045511782169,0.9717811942100524,0.9783326983451844,0.2237565666437149,0.0002218099543824,64,49076.0,5.623050642885181e+18,6432573440,111106688,16,7.594986144049919e-06,6383206400.0,5.578250479844834e+18,48685.0,1.5877462711490569,1.6028070238379182,bin_3
config_177,704,12,16,0.0204045511782169,0.9717811942100524,0.9783326983451844,0.2237565666437149,0.0002218099543824,64,49076.0,5.623050642885181e+18,6432573440,111106688,16,5.251852120885579e-07,6429081600.0,5.623050642885181e+18,49076.0,1.587077932084193,1.6021572121635812,bin_3
config_178,1024,20,8,0.0123338690027594,0.8723912835121155,0.9627224206924438,0.2133075296878814,0.0008379966020584,64,43669.0,1.347176378324956e+19,5723835904,308426752,8,0.0008379966020584,1592524800.0,3.754719297577925e+18,12171.0,1.6832296015786343,1.7005778708223436,bin_3
config_178,1024,20,8,0.0123338690027594,0.8723912835121155,0.9627224206924438,0.2133075296878814,0.0008379966020584,64,43669.0,1.347176378324956e+19,5723835904,308426752,8,0.0008379966020584,3191603200.0,7.50943859515585e+18,24342.0,1.6096060375698278,1.6262263050235686,bin_3
config_178,1024,20,8,0.0123338690027594,0.8723912835121155,0.9627224206924438,0.2133075296878814,0.0008379966020584,64,43669.0,1.347176378324956e+19,5723835904,308426752,8,0.0006450072622027,4784128000.0,1.1264466389923617e+19,36514.0,1.5621548091290427,1.5759008903581588,bin_3
config_178,1024,20,8,0.0123338690027594,0.8723912835121155,0.9627224206924438,0.2133075296878814,0.0008379966020584,64,43669.0,1.347176378324956e+19,5723835904,308426752,8,1.7094626840358533e-06,5721292800.0,1.347176378324956e+19,43669.0,1.5017803154421634,1.5151533150282062,bin_3
config_180,384,13,16,0.0236900802701711,0.8308934569358826,0.9668469429016112,0.1727160662412643,0.0040242234244942,32,8956.0,2.2101218649125683e+17,586954752,42319872,16,0.0040242234244942,294912000.0,1.1050609324562842e+17,4478.0,2.29728749286933,2.320317957557616,bin_0
config_180,384,13,16,0.0236900802701711,0.8308934569358826,0.9668469429016112,0.1727160662412643,0.0040242234244942,32,8956.0,2.2101218649125683e+17,586954752,42319872,16,1.5617943432707712e-05,586547200.0,2.2101218649125683e+17,8956.0,2.0407985829134456,2.061792650183693,bin_0
config_181,1152,18,6,0.0027816121000796,0.865947961807251,0.9911959171295166,0.2166959047317505,0.0091243218630552,32,11724.0,1.9802287958786703e+18,768409344,344616192,8,0.0091243218630552,383385600.0,9.901143979393352e+17,5862.0,3.635500298562597,3.671764759470205,bin_2
config_181,1152,18,6,0.0027816121000796,0.865947961807251,0.9911959171295166,0.2166959047317505,0.0091243218630552,32,11724.0,1.9802287958786703e+18,768409344,344616192,8,8.621406484776543e-05,766771200.0,1.9802287958786703e+18,11724.0,3.6234212513048143,3.655269183838954,bin_2
config_184,448,4,16,0.0026220432482659,0.9690382480621338,0.9007914662361144,0.0517554432153701,0.0066928705200552,32,7445.0,1.1698008608657818e+17,487945568,32620672,16,0.0066928705200552,242483200.0,5.848218675812545e+16,3722.0,3.142638071951319,3.174626529412192,bin_0
config_184,448,4,16,0.0026220432482659,0.9690382480621338,0.9007914662361144,0.0517554432153701,0.0066928705200552,32,7445.0,1.1698008608657818e+17,487945568,32620672,16,0.0007822835672791,484966400.0,1.1698008608657818e+17,7445.0,3.038442908505925,3.0676929114294835,bin_0
config_186,832,12,16,0.0173051320016384,0.94893479347229,0.9029238820075988,0.2966277003288269,0.000125523933093,64,22656.0,3.2955379648286884e+18,2969577728,144087424,8,0.000125523933093,1592524800.0,1.770391621201005e+18,12171.0,1.7891221875636305,1.8083266097795767,bin_2
config_186,832,12,16,0.0173051320016384,0.94893479347229,0.9029238820075988,0.2966277003288269,0.000125523933093,64,22656.0,3.2955379648286884e+18,2969577728,144087424,8,1.1207494026165305e-07,2968780800.0,3.2955379648286884e+18,22656.0,1.676723893607249,1.6944246542453767,bin_2
config_187,1088,15,8,0.1377591639757156,0.8258185982704163,0.92188161611557,0.1156944632530212,0.0006645486573688,64,63208.0,1.704921467676387e+19,8284895744,276164864,8,0.0006645486573688,1592524800.0,3.2829070976916383e+18,12171.0,1.7510823186108324,1.7693421036884434,bin_3
config_187,1088,15,8,0.1377591639757156,0.8258185982704163,0.92188161611557,0.1156944632530212,0.0006645486573688,64,63208.0,1.704921467676387e+19,8284895744,276164864,8,0.0006645486573688,3191603200.0,6.565814195383277e+18,24342.0,1.6954367290363936,1.7135102360952097,bin_3
config_187,1088,15,8,0.1377591639757156,0.8258185982704163,0.92188161611557,0.1156944632530212,0.0006645486573688,64,63208.0,1.704921467676387e+19,8284895744,276164864,8,0.0006645486573688,4784128000.0,9.848991024986649e+18,36514.0,1.672272885353839,1.6886148812536332,bin_3
config_187,1088,15,8,0.1377591639757156,0.8258185982704163,0.92188161611557,0.1156944632530212,0.0006645486573688,64,63208.0,1.704921467676387e+19,8284895744,276164864,8,0.0006645486573688,6383206400.0,1.3131898122678284e+19,48685.0,1.659434545606863,1.6757712222709031,bin_3
config_187,1088,15,8,0.1377591639757156,0.8258185982704163,0.92188161611557,0.1156944632530212,0.0006645486573688,64,63208.0,1.704921467676387e+19,8284895744,276164864,8,0.0002143060358418,7975731200.0,1.6414805220369922e+19,60856.0,1.5614971997112523,1.576051976035853,bin_3
config_187,1088,15,8,0.1377591639757156,0.8258185982704163,0.92188161611557,0.1156944632530212,0.0006645486573688,64,63208.0,1.704921467676387e+19,8284895744,276164864,8,7.270773056552125e-07,8283750400.0,1.704921467676387e+19,63208.0,1.5226446085972865,1.5363176701498813,bin_3
config_188,576,22,12,0.0036613482516258,0.9616205096244812,0.9694668650627136,0.2453773468732834,0.0066955420188605,32,7494.0,4.9639134196412006e+17,491127648,116574336,8,0.0066955420188605,245760000.0,2.4819567098206003e+17,3747.0,3.3528470753450863,3.3861679298760463,bin_0
config_188,576,22,12,0.0036613482516258,0.9616205096244812,0.9694668650627136,0.2453773468732834,0.0066955420188605,32,7494.0,4.9639134196412006e+17,491127648,116574336,8,0.0001602850102447,488243200.0,4.9639134196412006e+17,7494.0,3.234262568794313,3.267558099598181,bin_0
config_189,896,5,4,0.150010660290718,0.9394695162773132,0.933585524559021,0.1099407821893692,2.983872582262848e-05,32,4312.0,1.93098834781397e+17,282652896,95520768,16,2.983872582262848e-05,140902400.0,9.65494173906985e+16,2156.0,2.7802491146619204,2.808614961671048,bin_0
config_189,896,5,4,0.150010660290718,0.9394695162773132,0.933585524559021,0.1099407821893692,2.983872582262848e-05,32,4312.0,1.93098834781397e+17,282652896,95520768,16,7.55410780319711e-07,281804800.0,1.93098834781397e+17,4312.0,2.455929874865735,2.479673897868297,bin_0
config_191,896,22,8,0.001220831181854,0.8955643773078918,0.9106137156486512,0.0796689614653587,0.0010045722592622,64,9122.0,2.495445891526361e+18,1195739904,267124480,8,0.0010045722592622,596377600.0,1.2477229457631803e+18,4561.0,1.8495299255652504,1.8675468406520903,bin_2
config_191,896,22,8,0.001220831181854,0.8955643773078918,0.9106137156486512,0.0796689614653587,0.0010045722592622,64,9122.0,2.495445891526361e+18,1195739904,267124480,8,3.0441583614006272e-05,1192755200.0,2.495445891526361e+18,9122.0,1.6930587749793882,1.7102472503654291,bin_2
config_192,384,19,8,0.0357538238167762,0.9891937971115112,0.9980051517486572,0.1837434768676757,2.1995487259118814e-05,64,61133.0,3.981313612158861e+18,8012875776,52941312,16,2.1995487259118814e-05,1592524800.0,7.926417478871558e+17,12171.0,2.350394531351621,2.374521578608966,bin_2
config_192,384,19,8,0.0357538238167762,0.9891937971115112,0.9980051517486572,0.1837434768676757,2.1995487259118814e-05,64,61133.0,3.981313612158861e+18,8012875776,52941312,16,2.1995487259118814e-05,3191603200.0,1.5852834957743117e+18,24342.0,2.0721826620570947,2.093594806116136,bin_2
config_192,384,19,8,0.0357538238167762,0.9891937971115112,0.9980051517486572,0.1837434768676757,2.1995487259118814e-05,64,61133.0,3.981313612158861e+18,8012875776,52941312,16,2.1995487259118814e-05,4784128000.0,2.3779903691029176e+18,36514.0,1.9607913147035192,1.9808564221663556,bin_2
config_192,384,19,8,0.0357538238167762,0.9891937971115112,0.9980051517486572,0.1837434768676757,2.1995487259118814e-05,64,61133.0,3.981313612158861e+18,8012875776,52941312,16,2.1995487259118814e-05,6383206400.0,3.1706321169900733e+18,48685.0,1.9002918038211885,1.9195747143323303,bin_2
config_192,384,19,8,0.0357538238167762,0.9891937971115112,0.9980051517486572,0.1837434768676757,2.1995487259118814e-05,64,61133.0,3.981313612158861e+18,8012875776,52941312,16,5.541954143812896e-07,7975731200.0,3.9632738648772296e+18,60856.0,1.8555853986349264,1.8742914122831624,bin_2
config_192,384,19,8,0.0357538238167762,0.9891937971115112,0.9980051517486572,0.1837434768676757,2.1995487259118814e-05,64,61133.0,3.981313612158861e+18,8012875776,52941312,16,6.46234935497631e-08,8008499200.0,3.981313612158861e+18,61133.0,1.855380747982713,1.8740483627553848,bin_2
config_193,448,10,8,0.0475836582481861,0.98838073015213,0.9989293217658995,0.1750710904598236,0.0094161722809076,128,57677.0,5.997020712333214e+18,15119814656,47764864,16,0.0094161722809076,1599078400.0,6.327976152584209e+17,6086.0,3.49338409025161,3.5281420828084475,bin_3
config_193,448,10,8,0.0475836582481861,0.98838073015213,0.9989293217658995,0.1750710904598236,0.0094161722809076,128,57677.0,5.997020712333214e+18,15119814656,47764864,16,0.0094161722809076,3185049600.0,1.2654912545695432e+18,12171.0,3.635555000461516,3.672222725211597,bin_3
config_193,448,10,8,0.0475836582481861,0.98838073015213,0.9989293217658995,0.1750710904598236,0.0094161722809076,128,57677.0,5.997020712333214e+18,15119814656,47764864,16,0.0094161722809076,4784128000.0,1.898288869827964e+18,18257.0,3.574599843806908,3.612217276213599,bin_3
config_193,448,10,8,0.0475836582481861,0.98838073015213,0.9989293217658995,0.1750710904598236,0.0094161722809076,128,57677.0,5.997020712333214e+18,15119814656,47764864,16,0.0094161722809076,6383206400.0,2.5309825091390863e+18,24342.0,3.553339532555127,3.590119670336364,bin_3
config_193,448,10,8,0.0475836582481861,0.98838073015213,0.9989293217658995,0.1750710904598236,0.0094161722809076,128,57677.0,5.997020712333214e+18,15119814656,47764864,16,0.0094161722809076,7982284800.0,3.163780124397507e+18,30428.0,4.0155339740534295,4.042210258577691,bin_3
config_193,448,10,8,0.0475836582481861,0.98838073015213,0.9989293217658995,0.1750710904598236,0.0094161722809076,128,57677.0,5.997020712333214e+18,15119814656,47764864,16,0.0094161722809076,9568256000.0,3.796577739655928e+18,36514.0,3.6051866524336766,3.641449696196884,bin_3
config_193,448,10,8,0.0475836582481861,0.98838073015213,0.9989293217658995,0.1750710904598236,0.0094161722809076,128,57677.0,5.997020712333214e+18,15119814656,47764864,16,0.0094161722809076,11167334400.0,4.42927137896705e+18,42599.0,3.700983122763087,3.731568033577966,bin_3
config_193,448,10,8,0.0475836582481861,0.98838073015213,0.9989293217658995,0.1750710904598236,0.0094161722809076,128,57677.0,5.997020712333214e+18,15119814656,47764864,16,0.0083716924399037,12766412800.0,5.062068994225471e+18,48685.0,3.742342798983465,3.779732213489345,bin_3
config_193,448,10,8,0.0475836582481861,0.98838073015213,0.9989293217658995,0.1750710904598236,0.0094161722809076,128,57677.0,5.997020712333214e+18,15119814656,47764864,16,0.0027296361559093,14352384000.0,5.694762633536594e+18,54770.0,3.505555540225545,3.542570008137187,bin_3
config_193,448,10,8,0.0475836582481861,0.98838073015213,0.9989293217658995,0.1750710904598236,0.0094161722809076,128,57677.0,5.997020712333214e+18,15119814656,47764864,16,2.517942473848761e-05,15112601600.0,5.997020712333214e+18,57677.0,3.394754635154224,3.431232160193021,bin_3
config_194,896,23,4,0.021770816296339,0.9721643328666688,0.9240269660949708,0.2948778867721557,0.0012925154296681,64,33565.0,9.544713482017309e+18,4399453696,277218816,8,0.0012925154296681,1592524800.0,3.4610072334167337e+18,12171.0,1.7232879363904234,1.740569221308974,bin_3
config_194,896,23,4,0.021770816296339,0.9721643328666688,0.9240269660949708,0.2948778867721557,0.0012925154296681,64,33565.0,9.544713482017309e+18,4399453696,277218816,8,0.0012034484878641,3191603200.0,6.922014466833467e+18,24342.0,1.6511926108891846,1.6679377431361402,bin_3
config_194,896,23,4,0.021770816296339,0.9721643328666688,0.9240269660949708,0.2948778867721557,0.0012925154296681,64,33565.0,9.544713482017309e+18,4399453696,277218816,8,1.958950332931527e-06,4397465600.0,9.544713482017309e+18,33565.0,1.554023357707946,1.5696399165958654,bin_3
config_195,512,23,16,0.0609503835439682,0.9783605337142944,0.9153027534484864,0.0226972289383411,1.0446694432175718e-05,32,7608.0,4.5583597094495846e+17,498647744,104146944,8,1.0446694432175718e-05,249036800.0,2.2791798547247923e+17,3804.0,3.1235667270128844,3.1563228431295176,bin_0
config_195,512,23,16,0.0609503835439682,0.9783605337142944,0.9153027534484864,0.0226972289383411,1.0446694432175718e-05,32,7608.0,4.5583597094495846e+17,498647744,104146944,8,4.858927642872419e-07,498073600.0,4.5583597094495846e+17,7608.0,2.8211371661405096,2.8503687110103546,bin_0
config_196,896,22,16,0.014022477902472,0.871102511882782,0.9374001622200012,0.0230475440621376,2.3862421585363336e-05,128,41842.0,2.289116880744874e+19,10968734720,267124480,8,2.3862421585363336e-05,1599078400.0,3.3295648717110323e+18,6086.0,2.1765414753507395,2.1989103883016305,bin_3
config_196,896,22,16,0.014022477902472,0.871102511882782,0.9374001622200012,0.0230475440621376,2.3862421585363336e-05,128,41842.0,2.289116880744874e+19,10968734720,267124480,8,2.3862421585363336e-05,3185049600.0,6.658582657508212e+18,12171.0,1.9115379687020035,1.932457755921317,bin_3
config_196,896,22,16,0.014022477902472,0.871102511882782,0.9374001622200012,0.0230475440621376,2.3862421585363336e-05,128,41842.0,2.289116880744874e+19,10968734720,267124480,8,2.3862421585363336e-05,4784128000.0,9.988147529219246e+18,18257.0,1.8133858805992564,1.8311317807924552,bin_3
config_196,896,22,16,0.014022477902472,0.871102511882782,0.9374001622200012,0.0230475440621376,2.3862421585363336e-05,128,41842.0,2.289116880744874e+19,10968734720,267124480,8,2.3862421585363336e-05,6383206400.0,1.3317165315016423e+19,24342.0,1.7550160300536233,1.7719849364288518,bin_3
config_196,896,22,16,0.014022477902472,0.871102511882782,0.9374001622200012,0.0230475440621376,2.3862421585363336e-05,128,41842.0,2.289116880744874e+19,10968734720,267124480,8,2.3862421585363336e-05,7982284800.0,1.6646730186727457e+19,30428.0,1.7156096546962614,1.7321258492547955,bin_3
config_196,896,22,16,0.014022477902472,0.871102511882782,0.9374001622200012,0.0230475440621376,2.3862421585363336e-05,128,41842.0,2.289116880744874e+19,10968734720,267124480,8,2.3862421585363336e-05,9568256000.0,1.997629505843849e+19,36514.0,1.68449745430321,1.7016476122277682,bin_3
config_196,896,22,16,0.014022477902472,0.871102511882782,0.9374001622200012,0.0230475440621376,2.3862421585363336e-05,128,41842.0,2.289116880744874e+19,10968734720,267124480,8,1.0396490732212245e-06,10957619200.0,2.289116880744874e+19,41842.0,1.647919064291188,1.6642108949481464,bin_3
config_197,832,6,16,0.0228867176920175,0.9725158214569092,0.9484971165657043,0.2844057083129883,0.0041795033030211,64,16307.0,1.4542450255922135e+18,2137417984,92959360,16,0.0037468611668447,1592524800.0,1.085399902280176e+18,12171.0,1.8357867243250865,1.8560876274108888,bin_1
config_197,832,6,16,0.0228867176920175,0.9725158214569092,0.9484971165657043,0.2844057083129883,0.0041795033030211,64,16307.0,1.4542450255922135e+18,2137417984,92959360,16,6.309364485906216e-06,2136473600.0,1.4542450255922135e+18,16307.0,1.727015028547068,1.7458762367436145,bin_1
config_198,1024,4,16,0.0012432726798579,0.8015820384025574,0.9507052302360536,0.0755850821733474,0.0001758049620548,64,12502.0,1.1763370579761562e+18,1638702720,102873088,16,6.55543926306132e-05,1592524800.0,1.1451926357884977e+18,12171.0,1.8111856963986257,1.8302910289998915,bin_1
config_198,1024,4,16,0.0012432726798579,0.8015820384025574,0.9507052302360536,0.0755850821733474,0.0001758049620548,64,12502.0,1.1763370579761562e+18,1638702720,102873088,16,3.724681399466779e-07,1638400000.0,1.1763370579761562e+18,12502.0,1.798439908535754,1.8175555656386204,bin_1
config_2,576,13,16,0.0143020534887909,0.8083764314651489,0.934376299381256,0.2957313954830169,0.0003822118742391,64,70553.0,6.180364669405889e+18,9247547392,80732160,16,0.0003822118742391,1592524800.0,1.0661661217997686e+18,12171.0,1.8240969774112528,1.8436410066267923,bin_3
config_2,576,13,16,0.0143020534887909,0.8083764314651489,0.934376299381256,0.2957313954830169,0.0003822118742391,64,70553.0,6.180364669405889e+18,9247547392,80732160,16,0.0003822118742391,3191603200.0,2.132332243599537e+18,24342.0,1.748647732732574,1.7662851816510103,bin_3
config_2,576,13,16,0.0143020534887909,0.8083764314651489,0.934376299381256,0.2957313954830169,0.0003822118742391,64,70553.0,6.180364669405889e+18,9247547392,80732160,16,0.0003822118742391,4784128000.0,3.1985859642919025e+18,36514.0,1.7203543999054645,1.7363959140609195,bin_3
config_2,576,13,16,0.0143020534887909,0.8083764314651489,0.934376299381256,0.2957313954830169,0.0003822118742391,64,70553.0,6.180364669405889e+18,9247547392,80732160,16,0.0003822118742391,6383206400.0,4.264752086091672e+18,48685.0,1.702322575388733,1.717817536932024,bin_3
config_2,576,13,16,0.0143020534887909,0.8083764314651489,0.934376299381256,0.2957313954830169,0.0003822118742391,64,70553.0,6.180364669405889e+18,9247547392,80732160,16,0.0001777512373342,7975731200.0,5.33091820789144e+18,60856.0,1.6554299847884335,1.6704091008071176,bin_3
config_2,576,13,16,0.0143020534887909,0.8083764314651489,0.934376299381256,0.2957313954830169,0.0003822118742391,64,70553.0,6.180364669405889e+18,9247547392,80732160,16,5.495761228513277e-08,9247129600.0,6.180364669405889e+18,70553.0,1.6202779341186315,1.6349321781386863,bin_3
config_200,448,9,8,0.0155280418694019,0.9784345030784608,0.9626482725143432,0.1403578966856002,3.872754678013735e-05,64,8832.0,4.288951164798075e+17,1157660544,45240832,16,3.872754678013735e-05,576716800.0,2.144475582399037e+17,4416.0,2.578732198379079,2.605972680654682,bin_0
config_200,448,9,8,0.0155280418694019,0.9784345030784608,0.9626482725143432,0.1403578966856002,3.872754678013735e-05,64,8832.0,4.288951164798075e+17,1157660544,45240832,16,1.0002271969042722e-06,1153433600.0,4.288951164798075e+17,8832.0,2.2319973342145074,2.2550238234879543,bin_0
config_202,896,21,16,0.0114468429237604,0.9735972285270692,0.9439927339553832,0.16097392141819,0.001238958328031,64,11816.0,3.1043570533283267e+18,1548793088,257030144,8,0.001238958328031,773324800.0,1.5521785266641633e+18,5908.0,1.8610369864839025,1.8809038174543224,bin_2
config_202,896,21,16,0.0114468429237604,0.9735972285270692,0.9439927339553832,0.16097392141819,0.001238958328031,64,11816.0,3.1043570533283267e+18,1548793088,257030144,8,1.042236238091277e-05,1546649600.0,3.1043570533283267e+18,11816.0,1.6852710115714151,1.7030677411790751,bin_2
config_203,256,24,16,0.0117952236905694,0.9827755689620972,0.997874677181244,0.1952327340841293,1.2444884305296e-05,64,15707.0,7.224405353319629e+17,2058799360,33330688,16,1.2444884305296e-05,1592524800.0,5.5980287486632205e+17,12171.0,2.857783274494233,2.887839051778199,bin_1
config_203,256,24,16,0.0117952236905694,0.9827755689620972,0.997874677181244,0.1952327340841293,1.2444884305296e-05,64,15707.0,7.224405353319629e+17,2058799360,33330688,16,2.8412977865972158e-08,2057830400.0,7.224405353319629e+17,15707.0,2.7871888426483653,2.816628843526371,bin_1
config_204,768,13,12,0.0373377986252307,0.8759056329727173,0.9611735343933104,0.0253341272473335,0.0019586882553994,128,57040.0,1.5388248146097734e+19,14952844288,130646016,8,0.0019586882553994,1599078400.0,1.6418807541576228e+18,6086.0,1.748446461489943,1.7666192675613963,bin_3
config_204,768,13,12,0.0373377986252307,0.8759056329727173,0.9611735343933104,0.0253341272473335,0.0019586882553994,128,57040.0,1.5388248146097734e+19,14952844288,130646016,8,0.0019586882553994,3185049600.0,3.2834917283687854e+18,12171.0,1.672926983794228,1.690612221838998,bin_3
config_204,768,13,12,0.0373377986252307,0.8759056329727173,0.9611735343933104,0.0253341272473335,0.0019586882553994,128,57040.0,1.5388248146097734e+19,14952844288,130646016,8,0.0019586882553994,4784128000.0,4.925372482526408e+18,18257.0,1.6439207029538077,1.660083774367317,bin_3
config_204,768,13,12,0.0373377986252307,0.8759056329727173,0.9611735343933104,0.0253341272473335,0.0019586882553994,128,57040.0,1.5388248146097734e+19,14952844288,130646016,8,0.0019586882553994,6383206400.0,6.566983456737571e+18,24342.0,1.6285650165550043,1.6446015834222074,bin_3
config_204,768,13,12,0.0373377986252307,0.8759056329727173,0.9611735343933104,0.0253341272473335,0.0019586882553994,128,57040.0,1.5388248146097734e+19,14952844288,130646016,8,0.0019586882553994,7982284800.0,8.208864210895194e+18,30428.0,1.61882798232016,1.6341816640291058,bin_3
config_204,768,13,12,0.0373377986252307,0.8759056329727173,0.9611735343933104,0.0253341272473335,0.0019586882553994,128,57040.0,1.5388248146097734e+19,14952844288,130646016,8,0.0019586882553994,9568256000.0,9.850744965052815e+18,36514.0,1.6104270051932723,1.626008241723795,bin_3
config_204,768,13,12,0.0373377986252307,0.8759056329727173,0.9611735343933104,0.0253341272473335,0.0019586882553994,128,57040.0,1.5388248146097734e+19,14952844288,130646016,8,0.0019586882553994,11167334400.0,1.1492355939263975e+19,42599.0,1.6049413377339723,1.6203066879608592,bin_3
config_204,768,13,12,0.0373377986252307,0.8759056329727173,0.9611735343933104,0.0253341272473335,0.0019586882553994,128,57040.0,1.5388248146097734e+19,14952844288,130646016,8,0.0019586882553994,12766412800.0,1.31342366934216e+19,48685.0,1.60033278496539,1.6156727584854502,bin_3
config_204,768,13,12,0.0373377986252307,0.8759056329727173,0.9611735343933104,0.0253341272473335,0.0019586882553994,128,57040.0,1.5388248146097734e+19,14952844288,130646016,8,0.0019586882553994,14352384000.0,1.4775847667632765e+19,54770.0,1.5980736552105574,1.6122043222872935,bin_3
config_204,768,13,12,0.0373377986252307,0.8759056329727173,0.9611735343933104,0.0253341272473335,0.0019586882553994,128,57040.0,1.5388248146097734e+19,14952844288,130646016,8,5.421974409410284e-05,14942208000.0,1.5388248146097734e+19,57040.0,1.5333638705581916,1.54617120416438,bin_3
config_205,768,15,16,0.0057737873867154,0.9091055393218994,0.9418526291847228,0.1627175062894821,0.0011192992096766,64,23334.0,3.5227386144836813e+18,3058458880,144804864,8,0.0011192992096766,1592524800.0,1.837458287343828e+18,12171.0,1.735117957533383,1.7524382952979354,bin_2
config_205,768,15,16,0.0057737873867154,0.9091055393218994,0.9418526291847228,0.1627175062894821,0.0011192992096766,64,23334.0,3.5227386144836813e+18,3058458880,144804864,8,1.0025335386988242e-05,3053977600.0,3.5227386144836813e+18,23334.0,1.612430296335064,1.6285530374870925,bin_2
config_206,1152,16,24,0.1280514597892761,0.8733367919921875,0.9942353963851928,0.1800023913383484,7.440282206516713e-05,128,44121.0,2.694114875819321e+19,11566084096,312761088,8,7.440282206516713e-05,1599078400.0,3.7162310768650726e+18,6086.0,1.8384484063211035,1.858094018639111,bin_3
config_206,1152,16,24,0.1280514597892761,0.8733367919921875,0.9942353963851928,0.1800023913383484,7.440282206516713e-05,128,44121.0,2.694114875819321e+19,11566084096,312761088,8,7.440282206516713e-05,3185049600.0,7.431851534098718e+18,12171.0,1.6967174275976713,1.7154122051059222,bin_3
config_206,1152,16,24,0.1280514597892761,0.8733367919921875,0.9942353963851928,0.1800023913383484,7.440282206516713e-05,128,44121.0,2.694114875819321e+19,11566084096,312761088,8,7.440282206516713e-05,4784128000.0,1.114808261096379e+19,18257.0,1.6341832976263078,1.6506037815086176,bin_3
config_206,1152,16,24,0.1280514597892761,0.8733367919921875,0.9942353963851928,0.1800023913383484,7.440282206516713e-05,128,44121.0,2.694114875819321e+19,11566084096,312761088,8,7.440282206516713e-05,6383206400.0,1.4863703068197435e+19,24342.0,1.5960945041257828,1.6119211046422115,bin_3
config_206,1152,16,24,0.1280514597892761,0.8733367919921875,0.9942353963851928,0.1800023913383484,7.440282206516713e-05,128,44121.0,2.694114875819321e+19,11566084096,312761088,8,7.440282206516713e-05,7982284800.0,1.8579934145062502e+19,30428.0,1.567803124971077,1.5835164518629918,bin_3
config_206,1152,16,24,0.1280514597892761,0.8733367919921875,0.9942353963851928,0.1800023913383484,7.440282206516713e-05,128,44121.0,2.694114875819321e+19,11566084096,312761088,8,7.140459727473097e-05,9568256000.0,2.229616522192758e+19,36514.0,1.5451309075805006,1.5611037838459014,bin_3
config_206,1152,16,24,0.1280514597892761,0.8733367919921875,0.9942353963851928,0.1800023913383484,7.440282206516713e-05,128,44121.0,2.694114875819321e+19,11566084096,312761088,8,1.4250937207041833e-05,11167334400.0,2.601178567916123e+19,42599.0,1.5023414342129815,1.5172128905038365,bin_3
config_206,1152,16,24,0.1280514597892761,0.8733367919921875,0.9942353963851928,0.1800023913383484,7.440282206516713e-05,128,44121.0,2.694114875819321e+19,11566084096,312761088,8,1.96758501872364e-07,11560550400.0,2.694114875819321e+19,44121.0,1.4963754035312622,1.5110534561657514,bin_3
config_207,896,16,16,0.1296555697917938,0.9622085094451904,0.9009727239608764,0.1180628314614296,0.0034704774152487,64,19446.0,4.056484938513187e+18,2548851968,206558464,8,0.0034704774152487,1592524800.0,2.5389014803375503e+18,12171.0,1.8881011999239687,1.9071236340139728,bin_2
config_207,896,16,16,0.1296555697917938,0.9622085094451904,0.9009727239608764,0.1180628314614296,0.0034704774152487,64,19446.0,4.056484938513187e+18,2548851968,206558464,8,6.95607673644634e-05,2542796800.0,4.056484938513187e+18,19446.0,1.6964413552987772,1.7138363751427073,bin_2
config_208,1088,22,8,0.1615364104509353,0.8139193058013916,0.93545401096344,0.0499356351792812,3.295508577139117e-05,32,5412.0,1.0163463939309772e+18,354740576,379513984,8,3.295508577139117e-05,176947200.0,5.0817319696548864e+17,2706.0,2.502087013369701,2.5281146806380788,bin_1
config_208,1088,22,8,0.1615364104509353,0.8139193058013916,0.93545401096344,0.0499356351792812,3.295508577139117e-05,32,5412.0,1.0163463939309772e+18,354740576,379513984,8,1.464670478728498e-06,353894400.0,1.0163463939309772e+18,5412.0,2.170787486209244,2.193210793968107,bin_1
config_209,1152,8,12,0.0079712504521012,0.884700357913971,0.9305753111839294,0.2760461568832397,0.0005633403779938,32,6111.0,5.360323756431606e+17,400496704,185340672,8,0.0005633403779938,199884800.0,2.6797232982979142e+17,3055.0,2.072519200180398,2.092891408771765,bin_0
config_209,1152,8,12,0.0079712504521012,0.884700357913971,0.9305753111839294,0.2760461568832397,0.0005633403779938,32,6111.0,5.360323756431606e+17,400496704,185340672,8,3.6754117188213297e-06,399769600.0,5.360323756431606e+17,6111.0,1.8717710927079936,1.891148660808313,bin_0
config_21,832,20,16,0.0300359409302473,0.977047085762024,0.9784560799598694,0.091295838356018,0.0004408876993693,128,54998.0,2.4254581429738144e+19,14417606656,212258176,8,0.0004408876993693,1599078400.0,2.683977282471842e+18,6086.0,1.4649132853115256,1.4778889153359018,bin_3
config_21,832,20,16,0.0300359409302473,0.977047085762024,0.9784560799598694,0.091295838356018,0.0004408876993693,128,54998.0,2.4254581429738144e+19,14417606656,212258176,8,0.0004408876993693,3185049600.0,5.367513556517382e+18,12171.0,1.5314767292207565,1.5446183381916685,bin_3
config_21,832,20,16,0.0300359409302473,0.977047085762024,0.9784560799598694,0.091295838356018,0.0004408876993693,128,54998.0,2.4254581429738144e+19,14417606656,212258176,8,0.0004408876993693,4784128000.0,8.051490838989223e+18,18257.0,1.6277465181272917,1.6444510220319613,bin_3
config_21,832,20,16,0.0300359409302473,0.977047085762024,0.9784560799598694,0.091295838356018,0.0004408876993693,128,54998.0,2.4254581429738144e+19,14417606656,212258176,8,0.0004408876993693,6383206400.0,1.0735027113034764e+19,24342.0,1.5857315201406703,1.6007124749659063,bin_3
config_21,832,20,16,0.0300359409302473,0.977047085762024,0.9784560799598694,0.091295838356018,0.0004408876993693,128,54998.0,2.4254581429738144e+19,14417606656,212258176,8,0.0004408876993693,7982284800.0,1.3419004395506604e+19,30428.0,1.4642128753618011,1.477148874314903,bin_3
config_21,832,20,16,0.0300359409302473,0.977047085762024,0.9784560799598694,0.091295838356018,0.0004408876993693,128,54998.0,2.4254581429738144e+19,14417606656,212258176,8,0.0004408876993693,9568256000.0,1.6102981677978446e+19,36514.0,1.513736426604878,1.5270311568688772,bin_3
config_21,832,20,16,0.0300359409302473,0.977047085762024,0.9784560799598694,0.091295838356018,0.0004408876993693,128,54998.0,2.4254581429738144e+19,14417606656,212258176,8,0.0004408876993693,11167334400.0,1.8786517952023982e+19,42599.0,1.560516895872657,1.5750148054056965,bin_3
config_21,832,20,16,0.0300359409302473,0.977047085762024,0.9784560799598694,0.091295838356018,0.0004408876993693,128,54998.0,2.4254581429738144e+19,14417606656,212258176,8,0.0004408876993693,12766412800.0,2.147049523449583e+19,48685.0,1.521975519300027,1.535227261446135,bin_3
config_21,832,20,16,0.0300359409302473,0.977047085762024,0.9784560799598694,0.091295838356018,0.0004408876993693,128,54998.0,2.4254581429738144e+19,14417606656,212258176,8,2.177656830185153e-05,14352384000.0,2.415403150854137e+19,54770.0,1.7260072040859291,1.7438876525232387,bin_3
config_21,832,20,16,0.0300359409302473,0.977047085762024,0.9784560799598694,0.091295838356018,0.0004408876993693,128,54998.0,2.4254581429738144e+19,14417606656,212258176,8,4.2148196713260905e-06,14404812800.0,2.4254581429738144e+19,54998.0,1.54476376626823,1.5583773749626784,bin_3
config_212,384,11,16,0.0880805552005767,0.8167279362678528,0.9445584416389464,0.1777094900608062,0.0002531666250433,32,5630.0,1.2413522770454938e+17,368975264,38779392,16,0.0002531666250433,183500800.0,6.206761385227469e+16,2815.0,2.3454991238625325,2.3688966855846467,bin_0
config_212,384,11,16,0.0880805552005767,0.8167279362678528,0.9445584416389464,0.1777094900608062,0.0002531666250433,32,5630.0,1.2413522770454938e+17,368975264,38779392,16,7.594998751301316e-06,367001600.0,1.2413522770454938e+17,5630.0,2.09967833659688,2.120116409004712,bin_0
config_213,1088,5,8,0.0316794402897357,0.8535974025726318,0.9638176560401917,0.0973559096455574,0.0001746552297845,64,14550.0,1.725537892505813e+18,1907174912,128523264,16,0.0001746552297845,1592524800.0,1.4434035525558935e+18,12171.0,1.7928907444437996,1.8127990278259651,bin_2
config_213,1088,5,8,0.0316794402897357,0.8535974025726318,0.9638176560401917,0.0973559096455574,0.0001746552297845,64,14550.0,1.725537892505813e+18,1907174912,128523264,16,0.0,1907097600.0,1.725537892505813e+18,14550.0,1.7320859935635426,1.75142890035129,bin_2
config_215,1024,11,16,0.0114380586892366,0.894997775554657,0.9396002888679504,0.0843763425946235,0.0004949926515109,64,68541.0,1.2878285605699584e+19,8983808000,192802816,8,0.0004949926515109,1592524800.0,2.2868299865331648e+18,12171.0,1.7394913868825943,1.7579420374651424,bin_3
config_215,1024,11,16,0.0114380586892366,0.894997775554657,0.9396002888679504,0.0843763425946235,0.0004949926515109,64,68541.0,1.2878285605699584e+19,8983808000,192802816,8,0.0004949926515109,3191603200.0,4.5736599730663296e+18,24342.0,1.662531236644651,1.6802798067937132,bin_3
config_215,1024,11,16,0.0114380586892366,0.894997775554657,0.9396002888679504,0.0843763425946235,0.0004949926515109,64,68541.0,1.2878285605699584e+19,8983808000,192802816,8,0.0004949926515109,4784128000.0,6.86067785130819e+18,36514.0,1.6301136618754903,1.645576022707048,bin_3
config_215,1024,11,16,0.0114380586892366,0.894997775554657,0.9396002888679504,0.0843763425946235,0.0004949926515109,64,68541.0,1.2878285605699584e+19,8983808000,192802816,8,0.0004949926515109,6383206400.0,9.147507837841354e+18,48685.0,1.6104019762844335,1.6246957055467075,bin_3
config_215,1024,11,16,0.0114380586892366,0.894997775554657,0.9396002888679504,0.0843763425946235,0.0004949926515109,64,68541.0,1.2878285605699584e+19,8983808000,192802816,8,0.0004949926515109,7975731200.0,1.1434337824374518e+19,60856.0,1.595594953963014,1.6096760665784116,bin_3
config_215,1024,11,16,0.0114380586892366,0.894997775554657,0.9396002888679504,0.0843763425946235,0.0004949926515109,64,68541.0,1.2878285605699584e+19,8983808000,192802816,8,3.509372075384781e-06,8978432000.0,1.2878285605699584e+19,68541.0,1.5296394878919006,1.5448154218470465,bin_3
config_217,640,15,10,0.0286927781999111,0.8349365592002869,0.9655855894088744,0.0864721164107322,2.718383802857716e-05,64,74709.0,8.67702079988564e+18,9792295936,108382720,8,2.718383802857716e-05,1592524800.0,1.413591671089268e+18,12171.0,2.109686440854776,2.1319353945138024,bin_3
config_217,640,15,10,0.0286927781999111,0.8349365592002869,0.9655855894088744,0.0864721164107322,2.718383802857716e-05,64,74709.0,8.67702079988564e+18,9792295936,108382720,8,2.718383802857716e-05,3191603200.0,2.827183342178536e+18,24342.0,1.907352627789388,1.928239935616978,bin_3
config_217,640,15,10,0.0286927781999111,0.8349365592002869,0.9655855894088744,0.0864721164107322,2.718383802857716e-05,64,74709.0,8.67702079988564e+18,9792295936,108382720,8,2.718383802857716e-05,4784128000.0,4.24089115751816e+18,36514.0,1.8286133047791775,1.847349398468361,bin_3
config_217,640,15,10,0.0286927781999111,0.8349365592002869,0.9655855894088744,0.0864721164107322,2.718383802857716e-05,64,74709.0,8.67702079988564e+18,9792295936,108382720,8,2.718383802857716e-05,6383206400.0,5.654482828607429e+18,48685.0,1.7815991235756483,1.7991880137412275,bin_3
config_217,640,15,10,0.0286927781999111,0.8349365592002869,0.9655855894088744,0.0864721164107322,2.718383802857716e-05,64,74709.0,8.67702079988564e+18,9792295936,108382720,8,2.718383802857716e-05,7975731200.0,7.068074499696696e+18,60856.0,1.7490070582999555,1.7666829084959186,bin_3
config_217,640,15,10,0.0286927781999111,0.8349365592002869,0.9655855894088744,0.0864721164107322,2.718383802857716e-05,64,74709.0,8.67702079988564e+18,9792295936,108382720,8,6.981112583499923e-06,9574809600.0,8.481666170785964e+18,73027.0,1.7078217254505783,1.7265793653003505,bin_3
config_217,640,15,10,0.0286927781999111,0.8349365592002869,0.9655855894088744,0.0864721164107322,2.718383802857716e-05,64,74709.0,8.67702079988564e+18,9792295936,108382720,8,3.787222016365154e-08,9791078400.0,8.67702079988564e+18,74709.0,1.7025282622751643,1.721203471715333,bin_3
config_219,896,5,16,0.0134088154882192,0.921682834625244,0.921558916568756,0.107504017651081,0.0001120632659876,64,53580.0,4.79778498069096e+18,7022868992,95520768,16,0.0001120632659876,1592524800.0,1.0898439902946936e+18,12171.0,1.8805564190520612,1.9004172948931084,bin_3
config_219,896,5,16,0.0134088154882192,0.921682834625244,0.921558916568756,0.107504017651081,0.0001120632659876,64,53580.0,4.79778498069096e+18,7022868992,95520768,16,0.0001120632659876,3191603200.0,2.179687980589387e+18,24342.0,1.7879930296491404,1.806635587215424,bin_3
config_219,896,5,16,0.0134088154882192,0.921682834625244,0.921558916568756,0.107504017651081,0.0001120632659876,64,53580.0,4.79778498069096e+18,7022868992,95520768,16,0.0001120632659876,4784128000.0,3.269621515209961e+18,36514.0,1.7482331073870423,1.7643257104764218,bin_3
config_219,896,5,16,0.0134088154882192,0.921682834625244,0.921558916568756,0.107504017651081,0.0001120632659876,64,53580.0,4.79778498069096e+18,7022868992,95520768,16,9.494248923955538e-05,6383206400.0,4.359465505504655e+18,48685.0,1.718814488942506,1.7340540167933605,bin_3
config_219,896,5,16,0.0134088154882192,0.921682834625244,0.921558916568756,0.107504017651081,0.0001120632659876,64,53580.0,4.79778498069096e+18,7022868992,95520768,16,5.836628436858002e-07,7018905600.0,4.79778498069096e+18,53580.0,1.6799409765102824,1.6950005627460167,bin_3
config_22,1024,17,16,0.0110320840030908,0.8064497709274292,0.956723928451538,0.2669802904129028,2.7464457161840983e-05,64,17016.0,4.565343240459387e+18,2230351360,269885440,8,2.7464457161840983e-05,1592524800.0,3.265443851647344e+18,12171.0,1.9315993457552163,1.9514675925951133,bin_3
config_22,1024,17,16,0.0110320840030908,0.8064497709274292,0.956723928451538,0.2669802904129028,2.7464457161840983e-05,64,17016.0,4.565343240459387e+18,2230351360,269885440,8,9.674841800736448e-08,2228224000.0,4.565343240459387e+18,17016.0,1.8520887708921276,1.8711459554354413,bin_3
config_222,512,7,8,0.0042387307621538,0.93626070022583,0.942180633544922,0.1624442040920257,4.25016951339785e-05,128,43693.0,4.417376391668957e+18,11454011392,49604608,16,4.25016951339785e-05,1599078400.0,6.152965628292238e+17,6086.0,2.272975309129621,2.2966141292306244,bin_2
config_222,512,7,8,0.0042387307621538,0.93626070022583,0.942180633544922,0.1624442040920257,4.25016951339785e-05,128,43693.0,4.417376391668957e+18,11454011392,49604608,16,4.25016951339785e-05,3185049600.0,1.2304920253359322e+18,12171.0,2.0299717746015453,2.0519721962584825,bin_2
config_222,512,7,8,0.0042387307621538,0.93626070022583,0.942180633544922,0.1624442040920257,4.25016951339785e-05,128,43693.0,4.417376391668957e+18,11454011392,49604608,16,4.25016951339785e-05,4784128000.0,1.845788588165156e+18,18257.0,1.9386431529482857,1.959327787375841,bin_2
config_222,512,7,8,0.0042387307621538,0.93626070022583,0.942180633544922,0.1624442040920257,4.25016951339785e-05,128,43693.0,4.417376391668957e+18,11454011392,49604608,16,4.25016951339785e-05,6383206400.0,2.4609840506718643e+18,24342.0,1.8885221230006608,1.908724377467984,bin_2
config_222,512,7,8,0.0042387307621538,0.93626070022583,0.942180633544922,0.1624442040920257,4.25016951339785e-05,128,43693.0,4.417376391668957e+18,11454011392,49604608,16,4.25016951339785e-05,7982284800.0,3.0762806135010883e+18,30428.0,1.8559307552165671,1.8756776010013017,bin_2
config_222,512,7,8,0.0042387307621538,0.93626070022583,0.942180633544922,0.1624442040920257,4.25016951339785e-05,128,43693.0,4.417376391668957e+18,11454011392,49604608,16,4.25016951339785e-05,9568256000.0,3.691577176330311e+18,36514.0,1.8321147111204803,1.8510133459919789,bin_2
config_222,512,7,8,0.0042387307621538,0.93626070022583,0.942180633544922,0.1624442040920257,4.25016951339785e-05,128,43693.0,4.417376391668957e+18,11454011392,49604608,16,6.545632349082499e-06,11167334400.0,4.30677263883702e+18,42599.0,1.8046423863973773,1.8229001155055935,bin_2
config_222,512,7,8,0.0042387307621538,0.93626070022583,0.942180633544922,0.1624442040920257,4.25016951339785e-05,128,43693.0,4.417376391668957e+18,11454011392,49604608,16,2.575134409977541e-07,11442585600.0,4.417376391668957e+18,43693.0,1.801838806887142,1.8200475054099912,bin_2
config_223,512,10,4,0.0065804910846054,0.8704584240913391,0.9597530961036682,0.2560728788375854,0.0002472805790603,32,8213.0,2.6094796328750285e+17,538311872,59831296,16,0.0002472805790603,268697600.0,1.3045809536813427e+17,4106.0,2.1027969149292494,2.12477067365021,bin_0
config_223,512,10,4,0.0065804910846054,0.8704584240913391,0.9597530961036682,0.2560728788375854,0.0002472805790603,32,8213.0,2.6094796328750285e+17,538311872,59831296,16,1.528600821580628e-06,537395200.0,2.6094796328750285e+17,8213.0,1.9300240950897087,1.9508547378368064,bin_0
config_224,704,14,4,0.0100693516433238,0.9717346429824828,0.9825246334075928,0.0453036911785602,3.239429497625679e-05,64,32451.0,4.187361087660884e+18,4253504512,123725184,8,3.239429497625679e-05,1592524800.0,1.5705023511731725e+18,12171.0,1.96406298277808,1.984683691419539,bin_2
config_224,704,14,4,0.0100693516433238,0.9717346429824828,0.9825246334075928,0.0453036911785602,3.239429497625679e-05,64,32451.0,4.187361087660884e+18,4253504512,123725184,8,3.239429497625679e-05,3191603200.0,3.141004702346345e+18,24342.0,1.8197742703312731,1.8390357373386133,bin_2
config_224,704,14,4,0.0100693516433238,0.9717346429824828,0.9825246334075928,0.0453036911785602,3.239429497625679e-05,64,32451.0,4.187361087660884e+18,4253504512,123725184,8,2.203693535799827e-08,4253286400.0,4.187361087660884e+18,32451.0,1.7564282353393368,1.7752274720395198,bin_2
config_225,704,11,16,0.0215001329779624,0.8420057892799377,0.9875066876411438,0.0428169816732406,0.0088472785428166,32,10732.0,5.7605603877022925e+17,703361664,104797440,16,0.0088472785428166,350617600.0,2.8802801938511462e+17,5366.0,3.454745417735616,3.4882898904456465,bin_1
config_225,704,11,16,0.0215001329779624,0.8420057892799377,0.9875066876411438,0.0428169816732406,0.0088472785428166,32,10732.0,5.7605603877022925e+17,703361664,104797440,16,0.0006168037328325,701235200.0,5.7605603877022925e+17,10732.0,3.3653405406045134,3.40040617778653,bin_1
config_226,1152,17,18,0.1853440105915069,0.9161006808280944,0.935006320476532,0.0357707627117633,0.0014292931882664,32,4701.0,7.557990675718717e+17,308088736,328688640,8,0.0014292931882664,154009600.0,3.7781914673343936e+17,2350.0,2.652756977745744,2.680591366349674,bin_1
config_226,1152,17,18,0.1853440105915069,0.9161006808280944,0.935006320476532,0.0357707627117633,0.0014292931882664,32,4701.0,7.557990675718717e+17,308088736,328688640,8,8.507697549205075e-06,308019200.0,7.557990675718717e+17,4701.0,2.7621757168848005,2.790033613853767,bin_1
config_227,832,13,16,0.0087939342483878,0.8717712759971619,0.9271061420440674,0.1865526288747787,1.1683040611387696e-05,32,4526.0,3.5040691499913216e+17,296620224,152608768,8,1.1683040611387696e-05,147456000.0,1.7520345749956608e+17,2263.0,3.0301118206196143,3.060919059964477,bin_0
config_227,832,13,16,0.0087939342483878,0.8717712759971619,0.9271061420440674,0.1865526288747787,1.1683040611387696e-05,32,4526.0,3.5040691499913216e+17,296620224,152608768,8,3.599040946636016e-07,294912000.0,3.5040691499913216e+17,4526.0,2.822460675864923,2.851407443343616,bin_0
config_23,512,19,16,0.0128449872136116,0.8817463517189026,0.9352611899375916,0.1104201823472976,0.0053081442601978,32,5347.0,2.7406118713393152e+17,350451264,90511360,8,0.0053081442601978,173670400.0,1.3700496600130894e+17,2673.0,3.354164859701376,3.387270878690188,bin_0
config_23,512,19,16,0.0128449872136116,0.8817463517189026,0.9352611899375916,0.1104201823472976,0.0053081442601978,32,5347.0,2.7406118713393152e+17,350451264,90511360,8,0.0004228521698801,347340800.0,2.7406118713393152e+17,5347.0,3.2304822241282856,3.2641069165995864,bin_0
config_230,640,10,10,0.0160612966865301,0.9632174372673036,0.9026671648025512,0.0283447820693254,7.486332469852641e-05,64,71492.0,6.13863940241621e+18,9370645504,82981120,16,7.486332469852641e-05,1592524800.0,1.0450593096683222e+18,12171.0,1.9091608470776045,1.930177477422308,bin_3
config_230,640,10,10,0.0160612966865301,0.9632174372673036,0.9026671648025512,0.0283447820693254,7.486332469852641e-05,64,71492.0,6.13863940241621e+18,9370645504,82981120,16,7.486332469852641e-05,3191603200.0,2.0901186193366444e+18,24342.0,1.7940512019688966,1.813487356178096,bin_3
config_230,640,10,10,0.0160612966865301,0.9632174372673036,0.9026671648025512,0.0283447820693254,7.486332469852641e-05,64,71492.0,6.13863940241621e+18,9370645504,82981120,16,7.486332469852641e-05,4784128000.0,3.135263793708744e+18,36514.0,1.7451857553153742,1.7631843874884434,bin_3
config_230,640,10,10,0.0160612966865301,0.9632174372673036,0.9026671648025512,0.0283447820693254,7.486332469852641e-05,64,71492.0,6.13863940241621e+18,9370645504,82981120,16,7.486332469852641e-05,6383206400.0,4.1803231033770655e+18,48685.0,1.7166669360536044,1.733628816096509,bin_3
config_230,640,10,10,0.0160612966865301,0.9632174372673036,0.9026671648025512,0.0283447820693254,7.486332469852641e-05,64,71492.0,6.13863940241621e+18,9370645504,82981120,16,7.486332469852641e-05,7975731200.0,5.225382413045388e+18,60856.0,1.6964713342854234,1.7133258412314245,bin_3
config_230,640,10,10,0.0160612966865301,0.9632174372673036,0.9026671648025512,0.0283447820693254,7.486332469852641e-05,64,71492.0,6.13863940241621e+18,9370645504,82981120,16,1.5519544113218643e-06,9365094400.0,6.13863940241621e+18,71492.0,1.6568258378935643,1.67394110824241,bin_3
config_231,448,8,8,0.1367519795894622,0.8640304803848267,0.90659499168396,0.0998118296265602,1.1065585567848755e-05,32,7425.0,1.6757083768836096e+17,486649920,42716800,16,1.1065585567848755e-05,242483200.0,8.377413461268632e+16,3712.0,3.139520283292552,3.1727409528513424,bin_0
config_231,448,8,8,0.1367519795894622,0.8640304803848267,0.90659499168396,0.0998118296265602,1.1065585567848755e-05,32,7425.0,1.6757083768836096e+17,486649920,42716800,16,3.733328464186497e-07,484966400.0,1.6757083768836096e+17,7425.0,2.926259589664272,2.9568963773915025,bin_0
config_232,896,19,16,0.0012096071150153,0.9311397671699524,0.9063278436660768,0.1701404452323913,1.730688745738007e-05,32,7465.0,8.999114680669962e+17,489289472,236841472,8,1.730688745738007e-05,245760000.0,4.498954586505063e+17,3732.0,2.6965726360141256,2.724227864116919,bin_1
config_232,896,19,16,0.0012096071150153,0.9311397671699524,0.9063278436660768,0.1701404452323913,1.730688745738007e-05,32,7465.0,8.999114680669962e+17,489289472,236841472,8,2.044120565832311e-07,488243200.0,8.999114680669962e+17,7465.0,2.4297356691125964,2.455849669937228,bin_1
config_233,576,14,8,0.0028341829311102,0.945094883441925,0.9845348596572876,0.1750780642032623,0.0001151748219854,32,10724.0,4.964677524469924e+17,702845376,84714624,16,0.0001151748219854,350617600.0,2.482338762234962e+17,5362.0,2.0926039514385284,2.111646405986098,bin_0
config_233,576,14,8,0.0028341829311102,0.945094883441925,0.9845348596572876,0.1750780642032623,0.0001151748219854,32,10724.0,4.964677524469924e+17,702845376,84714624,16,1.4726668767448543e-06,701235200.0,4.964677524469924e+17,10724.0,1.903807691159796,1.9225187637766852,bin_0
config_235,640,5,4,0.0166207216680049,0.8390088677406311,0.9678124189376832,0.0067464355379343,0.0001447020622435,128,56113.0,6.238137151751455e+18,14709878784,57579520,16,0.0001447020622435,1599078400.0,6.765865789667163e+17,6086.0,1.961520637215161,1.9828271308883287,bin_3
config_235,640,5,4,0.0166207216680049,0.8390088677406311,0.9678124189376832,0.0067464355379343,0.0001447020622435,128,56113.0,6.238137151751455e+18,14709878784,57579520,16,0.0001447020622435,3185049600.0,1.3530619869543058e+18,12171.0,1.8424775825953876,1.862849642448738,bin_3
config_235,640,5,4,0.0166207216680049,0.8390088677406311,0.9678124189376832,0.0067464355379343,0.0001447020622435,128,56113.0,6.238137151751455e+18,14709878784,57579520,16,0.0001447020622435,4784128000.0,2.029648565921022e+18,18257.0,1.794802273179664,1.8128924228715115,bin_3
config_235,640,5,4,0.0166207216680049,0.8390088677406311,0.9678124189376832,0.0067464355379343,0.0001447020622435,128,56113.0,6.238137151751455e+18,14709878784,57579520,16,0.0001447020622435,6383206400.0,2.706123973908612e+18,24342.0,1.7670316758703013,1.7835930511599682,bin_3
config_235,640,5,4,0.0166207216680049,0.8390088677406311,0.9678124189376832,0.0067464355379343,0.0001447020622435,128,56113.0,6.238137151751455e+18,14709878784,57579520,16,0.0001447020622435,7982284800.0,3.3827105528753275e+18,30428.0,1.7479647936977325,1.7641958816325078,bin_3
config_235,640,5,4,0.0166207216680049,0.8390088677406311,0.9678124189376832,0.0067464355379343,0.0001447020622435,128,56113.0,6.238137151751455e+18,14709878784,57579520,16,0.0001447020622435,9568256000.0,4.059297131842044e+18,36514.0,1.730394818274701,1.7491793698951843,bin_3
config_235,640,5,4,0.0166207216680049,0.8390088677406311,0.9678124189376832,0.0067464355379343,0.0001447020622435,128,56113.0,6.238137151751455e+18,14709878784,57579520,16,0.0001447020622435,11167334400.0,4.735772539829634e+18,42599.0,1.718884711187394,1.7369230131243096,bin_3
config_235,640,5,4,0.0166207216680049,0.8390088677406311,0.9678124189376832,0.0067464355379343,0.0001447020622435,128,56113.0,6.238137151751455e+18,14709878784,57579520,16,0.0001447020622435,12766412800.0,5.41235911879635e+18,48685.0,1.710422181965875,1.7282523535509575,bin_3
config_235,640,5,4,0.0166207216680049,0.8390088677406311,0.9678124189376832,0.0067464355379343,0.0001447020622435,128,56113.0,6.238137151751455e+18,14709878784,57579520,16,0.0001447020622435,14352384000.0,6.08883452678394e+18,54770.0,1.7109396807092134,1.720983468040091,bin_3
config_235,640,5,4,0.0166207216680049,0.8390088677406311,0.9678124189376832,0.0067464355379343,0.0001447020622435,128,56113.0,6.238137151751455e+18,14709878784,57579520,16,4.976525950176573e-06,14706278400.0,6.238137151751455e+18,56113.0,1.6906470656394958,1.7012752809290026,bin_3
config_236,1088,24,4,0.0097922459244728,0.9681309461593628,0.969487190246582,0.2159206420183181,0.0004706831241492,32,11638.0,2.361143090537054e+18,762726272,409042304,8,0.0004706831241492,380108800.0,1.180571545268527e+18,5819.0,1.9093252876352087,1.9282978191727496,bin_2
config_236,1088,24,4,0.0097922459244728,0.9681309461593628,0.969487190246582,0.2159206420183181,0.0004706831241492,32,11638.0,2.361143090537054e+18,762726272,409042304,8,7.12020649588788e-06,760217600.0,2.361143090537054e+18,11638.0,1.7209755117775964,1.7398250416654055,bin_2
config_237,512,18,16,0.0035268056672066,0.818118155002594,0.913414716720581,0.2401838898658752,8.280602924060076e-05,32,3775.0,1.853087903391744e+17,247410400,87102464,8,8.280602924060076e-05,124518400.0,9.262985095894624e+16,1887.0,2.723361117448963,2.7525731723816667,bin_0
config_237,512,18,16,0.0035268056672066,0.818118155002594,0.913414716720581,0.2401838898658752,8.280602924060076e-05,32,3775.0,1.853087903391744e+17,247410400,87102464,8,2.284934581694281e-06,245760000.0,1.853087903391744e+17,3775.0,2.4246500059229428,2.4494558916521854,bin_0
config_238,512,5,16,0.0786180272698402,0.9583942890167236,0.9177591800689696,0.0957598909735679,0.0001197840028908,64,68589.0,2.873267109268292e+18,8990150656,42786816,16,0.0001197840028908,1592524800.0,5.098563032979687e+17,12171.0,1.974190830559027,1.9959999882979471,bin_2
config_238,512,5,16,0.0786180272698402,0.9583942890167236,0.9177591800689696,0.0957598909735679,0.0001197840028908,64,68589.0,2.873267109268292e+18,8990150656,42786816,16,0.0001197840028908,3191603200.0,1.0197126065959374e+18,24342.0,1.8737983717683888,1.894995786166582,bin_2
config_238,512,5,16,0.0786180272698402,0.9583942890167236,0.9177591800689696,0.0957598909735679,0.0001197840028908,64,68589.0,2.873267109268292e+18,8990150656,42786816,16,0.0001197840028908,4784128000.0,1.5296108009713275e+18,36514.0,1.834470576731885,1.8539840112357844,bin_2
config_238,512,5,16,0.0786180272698402,0.9583942890167236,0.9177591800689696,0.0957598909735679,0.0001197840028908,64,68589.0,2.873267109268292e+18,8990150656,42786816,16,0.0001197840028908,6383206400.0,2.0394671042692964e+18,48685.0,1.8121464253644477,1.8314138080252973,bin_2
config_238,512,5,16,0.0786180272698402,0.9583942890167236,0.9177591800689696,0.0957598909735679,0.0001197840028908,64,68589.0,2.873267109268292e+18,8990150656,42786816,16,0.0001197840028908,7975731200.0,2.5493234075672653e+18,60856.0,1.7973511741200432,1.816348912872252,bin_2
config_238,512,5,16,0.0786180272698402,0.9583942890167236,0.9177591800689696,0.0957598909735679,0.0001197840028908,64,68589.0,2.873267109268292e+18,8990150656,42786816,16,7.112631109533403e-07,8984985600.0,2.873267109268292e+18,68589.0,1.748343592979869,1.768737702877795,bin_2
config_239,768,5,8,0.0077525009401142,0.8296642303466797,0.9055002927780152,0.2624649405479431,0.00019921749481,64,13533.0,9.550441542529844e+17,1773905920,74010624,16,7.758879057229798e-05,1592524800.0,8.589257667489155e+17,12171.0,1.8378241293547584,1.857759394997456,bin_1
config_239,768,5,8,0.0077525009401142,0.8296642303466797,0.9055002927780152,0.2624649405479431,0.00019921749481,64,13533.0,9.550441542529844e+17,1773905920,74010624,16,1.8513594279724176e-06,1769472000.0,9.550441542529844e+17,13533.0,1.816514991658633,1.836332793274864,bin_1
config_24,768,5,24,0.0375687181949615,0.9681217670440674,0.9104373455047609,0.0288956891745328,0.0006285262643359,64,50895.0,3.591534802529157e+18,6670942720,74010624,16,0.0006285262643359,1592524800.0,8.588774944804475e+17,12171.0,1.818893533339266,1.838883473677713,bin_2
config_24,768,5,24,0.0375687181949615,0.9681217670440674,0.9104373455047609,0.0288956891745328,0.0006285262643359,64,50895.0,3.591534802529157e+18,6670942720,74010624,16,0.0006285262643359,3191603200.0,1.717754988960895e+18,24342.0,1.7635503634077605,1.782359582517968,bin_2
config_24,768,5,24,0.0375687181949615,0.9681217670440674,0.9104373455047609,0.0288956891745328,0.0006285262643359,64,50895.0,3.591534802529157e+18,6670942720,74010624,16,0.0006285262643359,4784128000.0,2.576703050978478e+18,36514.0,1.7413625531509274,1.7576313522604643,bin_2
config_24,768,5,24,0.0375687181949615,0.9681217670440674,0.9104373455047609,0.0288956891745328,0.0006285262643359,64,50895.0,3.591534802529157e+18,6670942720,74010624,16,0.0006285262643359,6383206400.0,3.4355805454589256e+18,48685.0,1.727185091698756,1.742925832467001,bin_2
config_24,768,5,24,0.0375687181949615,0.9681217670440674,0.9104373455047609,0.0288956891745328,0.0006285262643359,64,50895.0,3.591534802529157e+18,6670942720,74010624,16,1.92405999286518e-05,6665011200.0,3.591534802529157e+18,50895.0,1.6719451241024206,1.6864203290861162,bin_2
config_240,512,9,4,0.0013622512342408,0.924500286579132,0.9645702242851256,0.0669594705104827,1.406307546858443e-05,64,17640.0,1.0444352449727692e+18,2312118272,56422400,16,1.406307546858443e-05,1592524800.0,7.206247940228785e+17,12171.0,2.418100360338805,2.442951425880682,bin_1
config_240,512,9,4,0.0013622512342408,0.924500286579132,0.9645702242851256,0.0669594705104827,1.406307546858443e-05,64,17640.0,1.0444352449727692e+18,2312118272,56422400,16,4.7631076946941517e-07,2306867200.0,1.0444352449727692e+18,17640.0,2.2738554216994613,2.297038252510008,bin_1
config_241,896,11,16,0.1561229526996612,0.824482262134552,0.9044187664985656,0.2416485100984573,1.450438048777869e-05,64,21066.0,3.254358240044384e+18,2761164288,156086784,8,1.450438048777869e-05,1592524800.0,1.8802237795300577e+18,12171.0,2.2010581223300245,2.2242221921975496,bin_2
config_241,896,11,16,0.1561229526996612,0.824482262134552,0.9044187664985656,0.2416485100984573,1.450438048777869e-05,64,21066.0,3.254358240044384e+18,2761164288,156086784,8,4.559333748614006e-08,2759065600.0,3.254358240044384e+18,21066.0,2.047189003092344,2.069616350424094,bin_2
config_242,960,4,8,0.0199514832347631,0.9552431106567384,0.9658665060997008,0.0346337929368019,0.0028835874982178,64,9714.0,8.268394075302298e+17,1273259136,92511360,16,0.0028835874982178,635699200.0,4.134197037651149e+17,4857.0,1.949772497396,1.971135891969087,bin_1
config_242,960,4,8,0.0199514832347631,0.9552431106567384,0.9658665060997008,0.0346337929368019,0.0028835874982178,64,9714.0,8.268394075302298e+17,1273259136,92511360,16,0.0001201494790924,1271398400.0,8.268394075302298e+17,9714.0,1.8153943308845892,1.834286714108264,bin_1
config_243,960,20,16,0.0097154676914215,0.9685583114624025,0.9046288132667542,0.2653071880340576,0.0037286246661096,64,14985.0,4.1021859681755136e+18,1964122880,269489280,8,0.0026592832524329,1592524800.0,3.3318455401177293e+18,12171.0,3.258955325806727,3.2931258963366026,bin_2
config_243,960,20,16,0.0097154676914215,0.9685583114624025,0.9046288132667542,0.2653071880340576,0.0037286246661096,64,14985.0,4.1021859681755136e+18,1964122880,269489280,8,3.2830657437443646e-05,1959526400.0,4.1021859681755136e+18,14985.0,3.152508307480421,3.186298953744232,bin_2
config_244,256,4,16,0.0121004208922386,0.8728266954421997,0.962993323802948,0.0739754140377044,1.4641314010077622e-05,64,14230.0,2.2912100105197978e+17,1865220992,16281088,16,1.4641314010077622e-05,1592524800.0,1.9596849640222387e+17,12171.0,2.87084168316888,2.9014779924955523,bin_0
config_244,256,4,16,0.0121004208922386,0.8728266954421997,0.962993323802948,0.0739754140377044,1.4641314010077622e-05,64,14230.0,2.2912100105197978e+17,1865220992,16281088,16,4.1752796606685286e-07,1861222400.0,2.2912100105197978e+17,14230.0,2.8283099992939684,2.858447571426141,bin_0
config_245,256,24,16,0.0014359467895701,0.9754559993743896,0.907706618309021,0.2666901350021362,0.0081082070246338,64,37246.0,1.7130992303595848e+18,4881962496,33330688,16,0.0081082070246338,1592524800.0,5.597951654595528e+17,12171.0,3.4642764561293555,3.4942714100978414,bin_2
config_245,256,24,16,0.0014359467895701,0.9754559993743896,0.907706618309021,0.2666901350021362,0.0081082070246338,64,37246.0,1.7130992303595848e+18,4881962496,33330688,16,0.0081082070246338,3191603200.0,1.1195903309191055e+18,24342.0,3.399313416324678,3.4149698216797875,bin_2
config_245,256,24,16,0.0014359467895701,0.9754559993743896,0.907706618309021,0.2666901350021362,0.0081082070246338,64,37246.0,1.7130992303595848e+18,4881962496,33330688,16,0.000608952223938,4784128000.0,1.6794314905587146e+18,36514.0,3.166456242076686,3.1988532884003686,bin_2
config_245,256,24,16,0.0014359467895701,0.9754559993743896,0.907706618309021,0.2666901350021362,0.0081082070246338,64,37246.0,1.7130992303595848e+18,4881962496,33330688,16,3.754933284336702e-05,4875878400.0,1.7130992303595848e+18,37246.0,3.162598804880361,3.195441439112679,bin_2
config_246,1024,8,16,0.0042749219574034,0.9832297563552856,0.983565866947174,0.1073950082063674,3.982575799454935e-05,64,54469.0,8.044625773338821e+18,7139411456,154261504,16,3.982575799454935e-05,1592524800.0,1.797557147869555e+18,12171.0,1.9134971446678288,1.934258773561384,bin_3
config_246,1024,8,16,0.0042749219574034,0.9832297563552856,0.983565866947174,0.1073950082063674,3.982575799454935e-05,64,54469.0,8.044625773338821e+18,7139411456,154261504,16,3.982575799454935e-05,3191603200.0,3.59511429573911e+18,24342.0,1.7820385732025397,1.8017817407357888,bin_3
config_246,1024,8,16,0.0042749219574034,0.9832297563552856,0.983565866947174,0.1073950082063674,3.982575799454935e-05,64,54469.0,8.044625773338821e+18,7139411456,154261504,16,3.982575799454935e-05,4784128000.0,5.392819135429211e+18,36514.0,1.7258998134487966,1.743083167740556,bin_3
config_246,1024,8,16,0.0042749219574034,0.9832297563552856,0.983565866947174,0.1073950082063674,3.982575799454935e-05,64,54469.0,8.044625773338821e+18,7139411456,154261504,16,3.928103912986069e-05,6383206400.0,7.190376283298766e+18,48685.0,1.6897869813246804,1.7068129800186782,bin_3
config_246,1024,8,16,0.0042749219574034,0.9832297563552856,0.983565866947174,0.1073950082063674,3.982575799454935e-05,64,54469.0,8.044625773338821e+18,7139411456,154261504,16,1.2937073036355448e-07,7136870400.0,8.044625773338821e+18,54469.0,1.6565135381651706,1.6732014955458094,bin_3
config_247,320,11,20,0.0067448839545249,0.886860191822052,0.9277928471565248,0.2392595559358596,2.698613388929516e-05,32,4442.0,8.0052146740224e+16,291147840,31415040,16,2.698613388929516e-05,144179200.0,4.0026073370112e+16,2221.0,3.217718427845689,3.251809639149025,bin_0
config_247,320,11,20,0.0067448839545249,0.886860191822052,0.9277928471565248,0.2392595559358596,2.698613388929516e-05,32,4442.0,8.0052146740224e+16,291147840,31415040,16,1.0672482329099778e-06,288358400.0,8.0052146740224e+16,4442.0,2.972751537776384,3.004172098441202,bin_0
config_248,448,13,16,0.0040794294327497,0.9873132705688475,0.962724268436432,0.0973278954625129,0.0017047111177816,32,9931.0,3.0922666495984435e+17,650894144,55336960,16,0.0017047111177816,324403200.0,1.545977637222462e+17,4965.0,2.342054822601256,2.365252780992477,bin_0
config_248,448,13,16,0.0040794294327497,0.9873132705688475,0.962724268436432,0.0973278954625129,0.0017047111177816,32,9931.0,3.0922666495984435e+17,650894144,55336960,16,5.470605036359488e-05,648806400.0,3.0922666495984435e+17,9931.0,2.0312819217853857,2.0512189864721453,bin_0
config_249,640,21,16,0.0022195363417267,0.9591811895370485,0.9919294714927672,0.2207741886377334,0.0007560073281638,64,32173.0,4.905840653057065e+18,4217088256,138864640,8,0.0007560073281638,1592524800.0,1.85587252007452e+18,12171.0,1.7135209929943085,1.731975689891909,bin_3
config_249,640,21,16,0.0022195363417267,0.9591811895370485,0.9919294714927672,0.2207741886377334,0.0007560073281638,64,32173.0,4.905840653057065e+18,4217088256,138864640,8,0.0007560073281638,3191603200.0,3.71174504014904e+18,24342.0,1.6393834531111795,1.6570448906304407,bin_3
config_249,640,21,16,0.0022195363417267,0.9591811895370485,0.9919294714927672,0.2207741886377334,0.0007560073281638,64,32173.0,4.905840653057065e+18,4217088256,138864640,8,2.44834814809461e-06,4213964800.0,4.905840653057065e+18,32173.0,1.5722970425496336,1.5892591498718889,bin_3
config_250,896,15,16,0.0039356108754873,0.881286084651947,0.9572030901908876,0.224277526140213,3.0575040000258014e-05,32,3906.0,3.86259552311722e+17,255984192,196464128,8,3.0575040000258014e-05,127795200.0,1.93129776155861e+17,1953.0,2.7698768362256345,2.7987029944091546,bin_0
config_250,896,15,16,0.0039356108754873,0.881286084651947,0.9572030901908876,0.224277526140213,3.0575040000258014e-05,32,3906.0,3.86259552311722e+17,255984192,196464128,8,2.0941808219354386e-07,255590400.0,3.86259552311722e+17,3906.0,2.502946289171938,2.5283484965074257,bin_0
config_251,1152,10,12,0.0256948322057724,0.8664553761482239,0.9594216346740724,0.1740366518497467,0.000444615870947,64,69150.0,1.437629306479077e+19,9063668736,217195776,8,0.000444615870947,1592524800.0,2.530352319473152e+18,12171.0,1.7278189993881787,1.7459658403279352,bin_3
config_251,1152,10,12,0.0256948322057724,0.8664553761482239,0.9594216346740724,0.1740366518497467,0.000444615870947,64,69150.0,1.437629306479077e+19,9063668736,217195776,8,0.000444615870947,3191603200.0,5.060704638946304e+18,24342.0,1.6490351917509172,1.666286978076716,bin_3
config_251,1152,10,12,0.0256948322057724,0.8664553761482239,0.9594216346740724,0.1740366518497467,0.000444615870947,64,69150.0,1.437629306479077e+19,9063668736,217195776,8,0.000444615870947,4784128000.0,7.591264858536083e+18,36514.0,1.6151033255506737,1.6304096476171837,bin_3
config_251,1152,10,12,0.0256948322057724,0.8664553761482239,0.9594216346740724,0.1740366518497467,0.000444615870947,64,69150.0,1.437629306479077e+19,9063668736,217195776,8,0.000444615870947,6383206400.0,1.0121617178009235e+19,48685.0,1.5953728580084003,1.6097350119958158,bin_3
config_251,1152,10,12,0.0256948322057724,0.8664553761482239,0.9594216346740724,0.1740366518497467,0.000444615870947,64,69150.0,1.437629306479077e+19,9063668736,217195776,8,0.0003066571155775,7975731200.0,1.2651969497482387e+19,60856.0,1.5609231445437572,1.5747588167620488,bin_3
config_251,1152,10,12,0.0256948322057724,0.8664553761482239,0.9594216346740724,0.1740366518497467,0.000444615870947,64,69150.0,1.437629306479077e+19,9063668736,217195776,8,0.0,9063628800.0,1.437629306479077e+19,69150.0,1.508094282365236,1.523205120798017,bin_3
config_252,1152,7,16,0.0073581109754741,0.8167036771774292,0.9361596703529358,0.1766027212142944,3.973675484303385e-05,64,26566.0,4.229270058051698e+18,3482153472,169413120,16,3.973675484303385e-05,1592524800.0,1.937606183714041e+18,12171.0,1.923231762549916,1.9435222156712264,bin_2
config_252,1152,7,16,0.0073581109754741,0.8167036771774292,0.9361596703529358,0.1766027212142944,3.973675484303385e-05,64,26566.0,4.229270058051698e+18,3482153472,169413120,16,1.8771402415724367e-05,3191603200.0,3.875212367428082e+18,24342.0,1.791956208416673,1.81115746654448,bin_2
config_252,1152,7,16,0.0073581109754741,0.8167036771774292,0.9361596703529358,0.1766027212142944,3.973675484303385e-05,64,26566.0,4.229270058051698e+18,3482153472,169413120,16,1.3553359144926905e-07,3479961600.0,4.229270058051698e+18,26566.0,1.7747041862519062,1.793595739309905,bin_2
config_253,256,9,16,0.0606688857078552,0.8122206330299377,0.9495726227760316,0.2543847262859344,2.2981621441431344e-05,32,11661.0,1.37449517975765e+17,764224704,20543488,16,2.2981621441431344e-05,383385600.0,6.871886543167052e+16,5830.0,3.0196316210950007,3.0515481840196204,bin_0
config_253,256,9,16,0.0606688857078552,0.8122206330299377,0.9495726227760316,0.2543847262859344,2.2981621441431344e-05,32,11661.0,1.37449517975765e+17,764224704,20543488,16,8.523190689674528e-08,763494400.0,1.37449517975765e+17,11661.0,2.8205883635849247,2.850595575864198,bin_0
config_254,832,18,16,0.0014520587865263,0.9431080222129822,0.9604704976081848,0.0490252561867237,1.7880396626424044e-05,64,70732.0,1.4269674745449677e+19,9271089152,195215488,8,1.7880396626424044e-05,1592524800.0,2.455412137743426e+18,12171.0,2.133787209889928,2.155914539059655,bin_3
config_254,832,18,16,0.0014520587865263,0.9431080222129822,0.9604704976081848,0.0490252561867237,1.7880396626424044e-05,64,70732.0,1.4269674745449677e+19,9271089152,195215488,8,1.7880396626424044e-05,3191603200.0,4.910824275486852e+18,24342.0,1.911218629469637,1.931957103658895,bin_3
config_254,832,18,16,0.0014520587865263,0.9431080222129822,0.9604704976081848,0.0490252561867237,1.7880396626424044e-05,64,70732.0,1.4269674745449677e+19,9271089152,195215488,8,1.7880396626424044e-05,4784128000.0,7.366438156072917e+18,36514.0,1.822083277213769,1.8401393643949853,bin_3
config_254,832,18,16,0.0014520587865263,0.9431080222129822,0.9604704976081848,0.0490252561867237,1.7880396626424044e-05,64,70732.0,1.4269674745449677e+19,9271089152,195215488,8,1.7880396626424044e-05,6383206400.0,9.821850293816345e+18,48685.0,1.769055953143073,1.7863572253946398,bin_3
config_254,832,18,16,0.0014520587865263,0.9431080222129822,0.9604704976081848,0.0490252561867237,1.7880396626424044e-05,64,70732.0,1.4269674745449677e+19,9271089152,195215488,8,1.7880396626424044e-05,7975731200.0,1.2277262431559768e+19,60856.0,1.7328103600369125,1.7496443251899032,bin_3
config_254,832,18,16,0.0014520587865263,0.9431080222129822,0.9604704976081848,0.0490252561867237,1.7880396626424044e-05,64,70732.0,1.4269674745449677e+19,9271089152,195215488,8,1.650339463644565e-07,9266790400.0,1.4269674745449677e+19,70732.0,1.691324779205635,1.7088618639062665,bin_3
config_255,320,16,16,0.0041961395181715,0.9791050553321838,0.927950084209442,0.2309212535619735,0.0001256780960829,32,6690.0,1.561200443891712e+17,438472448,38381440,16,0.0001256780960829,219545600.0,7.80600221945856e+16,3345.0,3.0164174642719206,3.0475789132665416,bin_0
config_255,320,16,16,0.0041961395181715,0.9791050553321838,0.927950084209442,0.2309212535619735,0.0001256780960829,32,6690.0,1.561200443891712e+17,438472448,38381440,16,3.255909224948012e-06,435814400.0,1.561200443891712e+17,6690.0,2.692452110853352,2.720769730239618,bin_0
config_256,320,7,10,0.0332165360450744,0.8064897656440735,0.953630030155182,0.193866565823555,0.0012097773142158,64,13863.0,3.8173791435595776e+17,1817168256,25841920,16,0.0007712499215674,1592524800.0,3.3514622777366816e+17,12171.0,1.8893113850765544,1.909602862225204,bin_0
config_256,320,7,10,0.0332165360450744,0.8064897656440735,0.953630030155182,0.193866565823555,0.0012097773142158,64,13863.0,3.8173791435595776e+17,1817168256,25841920,16,5.853035014814507e-06,1815347200.0,3.8173791435595776e+17,13863.0,1.840691421031952,1.8604897979048431,bin_0
config_257,1152,9,16,0.0444585382938385,0.8571687936782837,0.9411231279373168,0.1687253415584564,2.9584420190076344e-05,32,9069.0,8.691314657870316e+17,594366528,201268224,8,2.9584420190076344e-05,298188800.0,4.345178151812108e+17,4534.0,2.359120866607447,2.3830708489457115,bin_1
config_257,1152,9,16,0.0444585382938385,0.8571687936782837,0.9411231279373168,0.1687253415584564,2.9584420190076344e-05,32,9069.0,8.691314657870316e+17,594366528,201268224,8,3.673882245826474e-07,593100800.0,8.691314657870316e+17,9069.0,2.114934283553577,2.1376150277794386,bin_1
config_258,256,14,16,0.0915262922644615,0.9447681903839112,0.9202937483787536,0.1037943586707115,0.0057521876879036,32,4351.0,6.754903230077338e+16,285172032,24805888,16,0.0057521876879036,144179200.0,3.3766753678276736e+16,2175.0,2.4711321697469617,2.4968871570806037,bin_0
config_258,256,14,16,0.0915262922644615,0.9447681903839112,0.9202937483787536,0.1037943586707115,0.0057521876879036,32,4351.0,6.754903230077338e+16,285172032,24805888,16,1.2754296425506774e-05,285081600.0,6.754903230077338e+16,4351.0,2.163031937489744,2.185017933571925,bin_0
config_259,576,19,24,0.0018001337302848,0.902701497077942,0.9458271861076356,0.2790288627147674,0.0022349336650222,64,23344.0,2.7433608902953206e+18,3059783424,104626944,8,0.0022349336650222,1592524800.0,1.4303223695932293e+18,12171.0,1.7582847075188746,1.7766410405323154,bin_2
config_259,576,19,24,0.0018001337302848,0.902701497077942,0.9458271861076356,0.2790288627147674,0.0022349336650222,64,23344.0,2.7433608902953206e+18,3059783424,104626944,8,1.5098584563331616e-05,3053977600.0,2.7433608902953206e+18,23344.0,1.638907356027697,1.6563956091833896,bin_2
config_26,1024,4,16,0.1883779764175415,0.9587985873222352,0.991377294063568,0.25727379322052,4.711580550065264e-05,64,35916.0,3.3793783278191247e+18,4707661312,102873088,16,4.711580550065264e-05,1592524800.0,1.1451835846944694e+18,12171.0,1.951977005083053,1.9728655155760344,bin_2
config_26,1024,4,16,0.1883779764175415,0.9587985873222352,0.991377294063568,0.25727379322052,4.711580550065264e-05,64,35916.0,3.3793783278191247e+18,4707661312,102873088,16,4.711580550065264e-05,3191603200.0,2.2903671693889388e+18,24342.0,1.8344672987109325,1.8546312977446884,bin_2
config_26,1024,4,16,0.1883779764175415,0.9587985873222352,0.991377294063568,0.25727379322052,4.711580550065264e-05,64,35916.0,3.3793783278191247e+18,4707661312,102873088,16,8.158581039073734e-08,4705484800.0,3.3793783278191247e+18,35916.0,1.7680297173437525,1.7860609293374858,bin_2
config_260,832,6,16,0.0991600677371025,0.9110540151596068,0.933419108390808,0.1280960440635681,0.000305013731122,64,9522.0,8.491779377564221e+17,1248103424,92959360,16,0.000305013731122,622592000.0,4.245889688782111e+17,4761.0,1.9294270545146504,1.9499547082869733,bin_1
config_260,832,6,16,0.0991600677371025,0.9110540151596068,0.933419108390808,0.1280960440635681,0.000305013731122,64,9522.0,8.491779377564221e+17,1248103424,92959360,16,5.504759708518784e-06,1245184000.0,8.491779377564221e+17,9522.0,1.7803804930311735,1.7993036275613503,bin_1
config_261,640,23,16,0.1013193577527999,0.877369225025177,0.9131836891174316,0.0856294333934784,0.0052501140162348,64,11383.0,1.8735546663100416e+18,1492004480,149025280,8,0.0052501140162348,747110400.0,9.366950369823812e+17,5691.0,3.675813355367692,3.7081566032425295,bin_2
config_261,640,23,16,0.1013193577527999,0.877369225025177,0.9131836891174316,0.0856294333934784,0.0052501140162348,64,11383.0,1.8735546663100416e+18,1492004480,149025280,8,0.0001778786062995,1487667200.0,1.8735546663100416e+18,11383.0,3.613873288436014,3.650935625678203,bin_2
config_262,640,7,20,0.0152613511309027,0.9343929290771484,0.9087176322937012,0.2953790426254272,0.0036164547782391,32,5984.0,2.025735563390976e+17,392216640,67740160,16,0.0036164547782391,196608000.0,1.012867781695488e+17,2992.0,3.2122405700214576,3.247091491574147,bin_0
config_262,640,7,20,0.0152613511309027,0.9343929290771484,0.9087176322937012,0.2953790426254272,0.0036164547782391,32,5984.0,2.025735563390976e+17,392216640,67740160,16,6.958656619135807e-05,389939200.0,2.025735563390976e+17,5984.0,2.98258665483506,3.0135911839125584,bin_0
config_263,320,17,16,0.0021297268103808,0.9189876317977904,0.9105565547943116,0.2053686380386352,0.001977928681299,64,29083.0,1.4191088119765402e+18,3811995136,39774720,16,0.001977928681299,1592524800.0,5.938855465586931e+17,12171.0,1.8722187170435167,1.8923256120525425,bin_1
config_263,320,17,16,0.0021297268103808,0.9189876317977904,0.9105565547943116,0.2053686380386352,0.001977928681299,64,29083.0,1.4191088119765402e+18,3811995136,39774720,16,0.0015675714080021,3191603200.0,1.1877710931173862e+18,24342.0,1.8068439325739123,1.826370233981336,bin_1
config_263,320,17,16,0.0021297268103808,0.9189876317977904,0.9105565547943116,0.2053686380386352,0.001977928681299,64,29083.0,1.4191088119765402e+18,3811995136,39774720,16,1.0929612605972694e-05,3807641600.0,1.4191088119765402e+18,29083.0,1.7416391922215946,1.7607481084886143,bin_1
config_264,832,20,16,0.0367078371345996,0.9458777904510498,0.9256864786148072,0.2296593487262725,1.86446777661331e-05,64,7920.0,1.7464713918441554e+18,1038151808,212258176,8,1.86446777661331e-05,517734400.0,8.732356959220777e+17,3960.0,2.5705090485439928,2.5974876570506176,bin_2
config_264,832,20,16,0.0367078371345996,0.9458777904510498,0.9256864786148072,0.2296593487262725,1.86446777661331e-05,64,7920.0,1.7464713918441554e+18,1038151808,212258176,8,2.051119666241256e-07,1035468800.0,1.7464713918441554e+18,7920.0,2.246335199914995,2.2698775304340923,bin_2
config_265,960,9,16,0.0263782795518636,0.9385005831718444,0.9463416934013368,0.1028058230876922,0.0049177194014191,32,11548.0,8.31851818743767e+17,756828224,147816960,16,0.0049177194014191,376832000.0,4.159259093718835e+17,5774.0,3.1931528872349224,3.2267678055216056,bin_1
config_265,960,9,16,0.0263782795518636,0.9385005831718444,0.9463416934013368,0.1028058230876922,0.0049177194014191,32,11548.0,8.31851818743767e+17,756828224,147816960,16,0.0001988631265948,753664000.0,8.31851818743767e+17,11548.0,3.022204484236045,3.05329207068584,bin_1
config_266,960,13,10,0.0063493219204247,0.9245458841323853,0.9697742462158204,0.2051762640476226,0.0011462841648608,32,5397.0,5.161063778528256e+17,353758816,192061440,8,0.0011462841648608,176947200.0,2.580053747353944e+17,2698.0,2.1820484685702404,2.204798230851283,bin_0
config_266,960,13,10,0.0063493219204247,0.9245458841323853,0.9697742462158204,0.2051762640476226,0.0011462841648608,32,5397.0,5.161063778528256e+17,353758816,192061440,8,4.8667891371688985e-05,350617600.0,5.161063778528256e+17,5397.0,1.964667898299264,1.9857719125317743,bin_0
config_267,384,24,12,0.0057418784126639,0.8900291919708252,0.9348431825637816,0.0855846256017685,1.181805146188708e-05,128,42622.0,6.671851560840462e+18,11173111808,61792512,16,1.181805146188708e-05,1599078400.0,9.526744075659296e+17,6086.0,2.8875133235337302,2.917737466077336,bin_3
config_267,384,24,12,0.0057418784126639,0.8900291919708252,0.9348431825637816,0.0855846256017685,1.181805146188708e-05,128,42622.0,6.671851560840462e+18,11173111808,61792512,16,1.181805146188708e-05,3185049600.0,1.905192279737912e+18,12171.0,2.606389870487276,2.6346635851312854,bin_3
config_267,384,24,12,0.0057418784126639,0.8900291919708252,0.9348431825637816,0.0855846256017685,1.181805146188708e-05,128,42622.0,6.671851560840462e+18,11173111808,61792512,16,1.181805146188708e-05,4784128000.0,2.8578666873038413e+18,18257.0,2.389873870357138,2.414252567252175,bin_3
config_267,384,24,12,0.0057418784126639,0.8900291919708252,0.9348431825637816,0.0855846256017685,1.181805146188708e-05,128,42622.0,6.671851560840462e+18,11173111808,61792512,16,1.181805146188708e-05,6383206400.0,3.810384559475823e+18,24342.0,2.2507462644967875,2.2732102946766086,bin_3
config_267,384,24,12,0.0057418784126639,0.8900291919708252,0.9348431825637816,0.0855846256017685,1.181805146188708e-05,128,42622.0,6.671851560840462e+18,11173111808,61792512,16,1.181805146188708e-05,7982284800.0,4.763058967041752e+18,30428.0,2.15822970788987,2.1803135747596865,bin_3
config_267,384,24,12,0.0057418784126639,0.8900291919708252,0.9348431825637816,0.0855846256017685,1.181805146188708e-05,128,42622.0,6.671851560840462e+18,11173111808,61792512,16,1.181805146188708e-05,9568256000.0,5.715733374607683e+18,36514.0,2.0942187302620683,2.1163146995716406,bin_3
config_267,384,24,12,0.0057418784126639,0.8900291919708252,0.9348431825637816,0.0855846256017685,1.181805146188708e-05,128,42622.0,6.671851560840462e+18,11173111808,61792512,16,7.129068608761027e-08,11167334400.0,6.668251246779664e+18,42599.0,2.045842171340692,2.067262057202761,bin_3
config_267,384,24,12,0.0057418784126639,0.8900291919708252,0.9348431825637816,0.0855846256017685,1.181805146188708e-05,128,42622.0,6.671851560840462e+18,11173111808,61792512,16,7.129068608761027e-08,11167334400.0,6.671851560840462e+18,42622.0,2.045821719599552,2.067232148920904,bin_3
config_268,512,20,16,0.0132315587252378,0.9523652791976928,0.971203863620758,0.1582098305225372,0.0001352336694253,64,37450.0,4.000819782442549e+18,4908657152,93920256,8,0.0001352336694253,1592524800.0,1.300239721551623e+18,12171.0,1.8362225853419696,1.8566359056801087,bin_2
config_268,512,20,16,0.0132315587252378,0.9523652791976928,0.971203863620758,0.1582098305225372,0.0001352336694253,64,37450.0,4.000819782442549e+18,4908657152,93920256,8,0.0001352336694253,3191603200.0,2.6004794431032453e+18,24342.0,1.738143188034902,1.7567044389052469,bin_2
config_268,512,20,16,0.0132315587252378,0.9523652791976928,0.971203863620758,0.1582098305225372,0.0001352336694253,64,37450.0,4.000819782442549e+18,4908657152,93920256,8,2.1686695805890087e-05,4784128000.0,3.900825995623692e+18,36514.0,1.6623014158889895,1.6788647163109702,bin_2
config_268,512,20,16,0.0132315587252378,0.9523652791976928,0.971203863620758,0.1582098305225372,0.0001352336694253,64,37450.0,4.000819782442549e+18,4908657152,93920256,8,0.0,4908646400.0,4.000819782442549e+18,37450.0,1.6577748745582144,1.6742418596392772,bin_2
config_269,1152,9,24,0.0026329786051064,0.8984911441802979,0.9733958840370178,0.2594406306743622,3.1542946089757606e-05,32,7458.0,7.14767177221079e+17,488802560,201268224,8,3.1542946089757606e-05,245760000.0,3.573835886105395e+17,3729.0,2.4250363088826665,2.4494913049408646,bin_1
config_269,1152,9,24,0.0026329786051064,0.8984911441802979,0.9733958840370178,0.2594406306743622,3.1542946089757606e-05,32,7458.0,7.14767177221079e+17,488802560,201268224,8,1.3047754328752049e-07,488243200.0,7.14767177221079e+17,7458.0,2.162712949631644,2.1850833748403145,bin_1
config_27,1088,16,16,0.1406401544809341,0.8610662221908569,0.9939342737197876,0.1830026060342788,3.582799035939388e-05,64,8196.0,2.33469858891468e+18,1074324736,290929024,8,3.582799035939388e-05,537395200.0,1.16734929445734e+18,4098.0,2.139994398003719,2.1622997131894848,bin_2
config_27,1088,16,16,0.1406401544809341,0.8610662221908569,0.9939342737197876,0.1830026060342788,3.582799035939388e-05,64,8196.0,2.33469858891468e+18,1074324736,290929024,8,1.0994580096945398e-06,1068236800.0,2.33469858891468e+18,8196.0,1.923981964451368,1.944166752764436,bin_2
config_270,1088,15,16,0.158280998468399,0.8818374872207642,0.9985269904136658,0.038118626922369,0.0002319696213817,32,4436.0,5.983692867962634e+17,290771584,276164864,8,0.0002319696213817,144179200.0,2.991846433981317e+17,2218.0,2.1182938053178004,2.1399661113004216,bin_1
config_270,1088,15,16,0.158280998468399,0.8818374872207642,0.9985269904136658,0.038118626922369,0.0002319696213817,32,4436.0,5.983692867962634e+17,290771584,276164864,8,4.9413647158236745e-05,288358400.0,5.983692867962634e+17,4436.0,1.9022766825019335,1.921603161565593,bin_1
config_271,320,9,10,0.007285482250154,0.942619800567627,0.9089280962944032,0.1454843878746032,0.0009413245134055,64,44580.0,1.4170671318771302e+18,5843255808,28628480,16,0.0009413245134055,1592524800.0,3.868803064620133e+17,12171.0,1.9093800661212108,1.9292180463915969,bin_1
config_271,320,9,10,0.007285482250154,0.942619800567627,0.9089280962944032,0.1454843878746032,0.0009413245134055,64,44580.0,1.4170671318771302e+18,5843255808,28628480,16,0.0009413245134055,3191603200.0,7.737606129240265e+17,24342.0,1.8625482715153303,1.881574619324481,bin_1
config_271,320,9,10,0.007285482250154,0.942619800567627,0.9089280962944032,0.1454843878746032,0.0009413245134055,64,44580.0,1.4170671318771302e+18,5843255808,28628480,16,0.0009413245134055,4784128000.0,1.1606727064459745e+18,36514.0,1.841426721752667,1.859030703599336,bin_1
config_271,320,9,10,0.007285482250154,0.942619800567627,0.9089280962944032,0.1454843878746032,0.0009413245134055,64,44580.0,1.4170671318771302e+18,5843255808,28628480,16,4.354623809123639e-06,5839257600.0,1.4170671318771302e+18,44580.0,1.7694388346203038,1.7861096956690805,bin_1
config_273,320,15,10,0.0057379072532057,0.9898402094841005,0.987259030342102,0.0477402657270431,0.004171370062977,32,14247.0,3.173096568331469e+17,933718912,36988160,16,0.004171370062977,465305600.0,1.5864369239997933e+17,7123.0,3.048239845995043,3.080128107383603,bin_0
config_273,320,15,10,0.0057379072532057,0.9898402094841005,0.987259030342102,0.0477402657270431,0.004171370062977,32,14247.0,3.173096568331469e+17,933718912,36988160,16,0.0002883152837645,930611200.0,3.173096568331469e+17,14247.0,2.9875179692565417,3.0199066492768583,bin_0
config_275,448,20,16,0.013170707039535,0.9600280523300172,0.9095777869224548,0.0689961090683937,0.0018641861388459,32,14382.0,6.203181993567928e+17,942558272,73005184,16,0.0018641861388459,471859200.0,3.101590996783964e+17,7191.0,2.0633148348526875,2.083487844740758,bin_1
config_275,448,20,16,0.013170707039535,0.9600280523300172,0.9095777869224548,0.0689961090683937,0.0018641861388459,32,14382.0,6.203181993567928e+17,942558272,73005184,16,6.013503673696699e-05,940441600.0,6.203181993567928e+17,14382.0,1.8806326960344784,1.8988275746830172,bin_1
config_277,1088,20,16,0.0117900948971509,0.867542564868927,0.973539650440216,0.1696777492761612,0.0004952197778038,128,59689.0,4.122108838414084e+19,15647120384,349985664,8,0.0004952197778038,1599078400.0,4.202977833535176e+18,6086.0,1.7084178760794342,1.7263333188314909,bin_3
config_277,1088,20,16,0.0117900948971509,0.867542564868927,0.973539650440216,0.1696777492761612,0.0004952197778038,128,59689.0,4.122108838414084e+19,15647120384,349985664,8,0.0004952197778038,3185049600.0,8.405265069332341e+18,12171.0,1.6005476800144696,1.6173888695435443,bin_3
config_277,1088,20,16,0.0117900948971509,0.867542564868927,0.973539650440216,0.1696777492761612,0.0004952197778038,128,59689.0,4.122108838414084e+19,15647120384,349985664,8,0.0004952197778038,4784128000.0,1.2608242902867515e+19,18257.0,1.5547975365548838,1.5697432512728895,bin_3
config_277,1088,20,16,0.0117900948971509,0.867542564868927,0.973539650440216,0.1696777492761612,0.0004952197778038,128,59689.0,4.122108838414084e+19,15647120384,349985664,8,0.0004952197778038,6383206400.0,1.681053013866468e+19,24342.0,1.5283917615257323,1.5419009133831398,bin_3
config_277,1088,20,16,0.0117900948971509,0.867542564868927,0.973539650440216,0.1696777492761612,0.0004952197778038,128,59689.0,4.122108838414084e+19,15647120384,349985664,8,0.0004952197778038,7982284800.0,2.101350797219986e+19,30428.0,1.5100275450260914,1.5234054435276594,bin_3
config_277,1088,20,16,0.0117900948971509,0.867542564868927,0.973539650440216,0.1696777492761612,0.0004952197778038,128,59689.0,4.122108838414084e+19,15647120384,349985664,8,0.0004952197778038,9568256000.0,2.5216485805735035e+19,36514.0,1.494992632142833,1.507944619880348,bin_3
config_277,1088,20,16,0.0117900948971509,0.867542564868927,0.973539650440216,0.1696777492761612,0.0004952197778038,128,59689.0,4.122108838414084e+19,15647120384,349985664,8,0.0004952197778038,11167334400.0,2.94187730415322e+19,42599.0,1.485391843309168,1.496931531712657,bin_3
config_277,1088,20,16,0.0117900948971509,0.867542564868927,0.973539650440216,0.1696777492761612,0.0004952197778038,128,59689.0,4.122108838414084e+19,15647120384,349985664,8,0.0004952197778038,12766412800.0,3.3621750875067376e+19,48685.0,1.4765499013564625,1.4878924571392966,bin_3
config_277,1088,20,16,0.0117900948971509,0.867542564868927,0.973539650440216,0.1696777492761612,0.0004952197778038,128,59689.0,4.122108838414084e+19,15647120384,349985664,8,0.000241521722383,14352384000.0,3.782403811086454e+19,54770.0,1.446138871605279,1.4557576987196188,bin_3
config_277,1088,20,16,0.0117900948971509,0.867542564868927,0.973539650440216,0.1696777492761612,0.0004952197778038,128,59689.0,4.122108838414084e+19,15647120384,349985664,8,1.907136499886583e-06,15636889600.0,4.122108838414084e+19,59689.0,1.4227680897126431,1.4315858931619614,bin_3
config_278,1088,20,16,0.0016925551462918,0.8753906488418579,0.98145592212677,0.1065762937068939,0.0002264612558064,32,5982.0,1.0328969400285636e+18,392077536,349985664,8,0.0002264612558064,196608000.0,5.164484700142817e+17,2991.0,2.0407520561726367,2.060122146977753,bin_1
config_278,1088,20,16,0.0016925551462918,0.8753906488418579,0.98145592212677,0.1065762937068939,0.0002264612558064,32,5982.0,1.0328969400285636e+18,392077536,349985664,8,1.1376389616652967e-05,389939200.0,1.0328969400285636e+18,5982.0,1.8325453142846215,1.851354624795132,bin_1
config_279,576,10,6,0.0082534896209836,0.8475520610809326,0.942897081375122,0.1939813047647476,5.560690988204442e-05,64,11077.0,8.046670408903066e+17,1451959680,68784768,16,5.560690988204442e-05,727449600.0,4.022971989212348e+17,5538.0,2.186834574918278,2.209444077093093,bin_1
config_279,576,10,6,0.0082534896209836,0.8475520610809326,0.942897081375122,0.1939813047647476,5.560690988204442e-05,64,11077.0,8.046670408903066e+17,1451959680,68784768,16,6.989695376234632e-07,1448345600.0,8.046670408903066e+17,11077.0,1.9895507836341857,2.01096896601505,bin_1
config_28,832,17,16,0.1810379177331924,0.8702592849731445,0.9988232851028442,0.0429375916719436,0.000159551622346,128,40974.0,1.57638068691543e+19,10741265408,186694144,8,0.000159551622346,1599078400.0,2.341448933608461e+18,6086.0,1.7925634571372486,1.8112088495786072,bin_3
config_28,832,17,16,0.1810379177331924,0.8702592849731445,0.9988232851028442,0.0429375916719436,0.000159551622346,128,40974.0,1.57638068691543e+19,10741265408,186694144,8,0.000159551622346,3185049600.0,4.682513140149289e+18,12171.0,1.679406041981744,1.697014601953694,bin_3
config_28,832,17,16,0.1810379177331924,0.8702592849731445,0.9988232851028442,0.0429375916719436,0.000159551622346,128,40974.0,1.57638068691543e+19,10741265408,186694144,8,0.000159551622346,4784128000.0,7.02396207375775e+18,18257.0,1.629804850406334,1.6444459225701504,bin_3
config_28,832,17,16,0.1810379177331924,0.8702592849731445,0.9988232851028442,0.0429375916719436,0.000159551622346,128,40974.0,1.57638068691543e+19,10741265408,186694144,8,0.000159551622346,6383206400.0,9.365026280298578e+18,24342.0,1.6003156141570356,1.6145294311789216,bin_3
config_28,832,17,16,0.1810379177331924,0.8702592849731445,0.9988232851028442,0.0429375916719436,0.000159551622346,128,40974.0,1.57638068691543e+19,10741265408,186694144,8,0.000159551622346,7982284800.0,1.170647521390704e+19,30428.0,1.5802058489987107,1.5945533061222952,bin_3
config_28,832,17,16,0.1810379177331924,0.8702592849731445,0.9988232851028442,0.0429375916719436,0.000159551622346,128,40974.0,1.57638068691543e+19,10741265408,186694144,8,0.000159551622346,9568256000.0,1.40479241475155e+19,36514.0,1.5638614045596513,1.579045981559597,bin_3
config_28,832,17,16,0.1810379177331924,0.8702592849731445,0.9988232851028442,0.0429375916719436,0.000159551622346,128,40974.0,1.57638068691543e+19,10741265408,186694144,8,2.176940839286552e-06,10734796800.0,1.57638068691543e+19,40974.0,1.5167174780759656,1.5310012575446583,bin_3
config_281,1088,22,8,0.0486693158745765,0.9689316749572754,0.9904478192329408,0.1163442358374595,0.0080355471000075,64,18037.0,6.773610356925235e+18,2364227840,379513984,8,0.0080355471000075,1592524800.0,4.570694220443368e+18,12171.0,3.6066878545479697,3.639766577970786,bin_3
config_281,1088,22,8,0.0486693158745765,0.9689316749572754,0.9904478192329408,0.1163442358374595,0.0080355471000075,64,18037.0,6.773610356925235e+18,2364227840,379513984,8,0.0001417136523833,2359296000.0,6.773610356925235e+18,18037.0,3.520491738827502,3.5577624015339087,bin_3
config_282,896,22,16,0.0311017278581857,0.965438723564148,0.9498512744903564,0.2556383609771728,0.0048470692709088,32,5168.0,7.069525526434775e+17,338749632,267124480,8,0.0048470692709088,170393600.0,3.5347627632173875e+17,2584.0,3.565397756295126,3.5988167214393614,bin_1
config_282,896,22,16,0.0311017278581857,0.965438723564148,0.9498512744903564,0.2556383609771728,0.0048470692709088,32,5168.0,7.069525526434775e+17,338749632,267124480,8,6.60463640244956e-05,337510400.0,7.069525526434775e+17,5168.0,3.344382768693517,3.37903799604197,bin_1
config_284,384,20,12,0.0483192093670368,0.903019905090332,0.9865307211875916,0.1901404410600662,7.008380634943023e-05,64,17552.0,1.18926223328025e+18,2300676352,54711552,16,7.008380634943023e-05,1592524800.0,8.246644622409937e+17,12171.0,1.9897039562366048,2.010845667573272,bin_1
config_284,384,20,12,0.0483192093670368,0.903019905090332,0.9865307211875916,0.1901404410600662,7.008380634943023e-05,64,17552.0,1.18926223328025e+18,2300676352,54711552,16,4.200407932240769e-08,2300313600.0,1.18926223328025e+18,17552.0,1.899196789850954,1.9196414667661077,bin_1
config_286,320,17,16,0.0161458626389503,0.9404575824737548,0.9531689286231996,0.131152719259262,4.229031765135005e-05,128,55232.0,5.390083514748764e+18,14478785536,39774720,16,4.229031765135005e-05,1599078400.0,5.939319284248439e+17,6086.0,2.5515870573481574,2.579119177020964,bin_3
config_286,320,17,16,0.0161458626389503,0.9404575824737548,0.9531689286231996,0.131152719259262,4.229031765135005e-05,128,55232.0,5.390083514748764e+18,14478785536,39774720,16,4.229031765135005e-05,3185049600.0,1.187766266983039e+18,12171.0,2.183450838151525,2.206341814056772,bin_3
config_286,320,17,16,0.0161458626389503,0.9404575824737548,0.9531689286231996,0.131152719259262,4.229031765135005e-05,128,55232.0,5.390083514748764e+18,14478785536,39774720,16,4.229031765135005e-05,4784128000.0,1.7816981954078828e+18,18257.0,2.049086441602863,2.0695725510550327,bin_3
config_286,320,17,16,0.0161458626389503,0.9404575824737548,0.9531689286231996,0.131152719259262,4.229031765135005e-05,128,55232.0,5.390083514748764e+18,14478785536,39774720,16,4.229031765135005e-05,6383206400.0,2.375532533966078e+18,24342.0,1.9712415472796705,1.991218655109405,bin_3
config_286,320,17,16,0.0161458626389503,0.9404575824737548,0.9531689286231996,0.131152719259262,4.229031765135005e-05,128,55232.0,5.390083514748764e+18,14478785536,39774720,16,4.229031765135005e-05,7982284800.0,2.9694644623909217e+18,30428.0,1.923882758382891,1.9433673673379617,bin_3
config_286,320,17,16,0.0161458626389503,0.9404575824737548,0.9531689286231996,0.131152719259262,4.229031765135005e-05,128,55232.0,5.390083514748764e+18,14478785536,39774720,16,4.229031765135005e-05,9568256000.0,3.563396390815765e+18,36514.0,1.8886766514230944,1.9096292972955544,bin_3
config_286,320,17,16,0.0161458626389503,0.9404575824737548,0.9531689286231996,0.131152719259262,4.229031765135005e-05,128,55232.0,5.390083514748764e+18,14478785536,39774720,16,4.229031765135005e-05,11167334400.0,4.1572307293739607e+18,42599.0,1.8647016666756304,1.885615886000336,bin_3
config_286,320,17,16,0.0161458626389503,0.9404575824737548,0.9531689286231996,0.131152719259262,4.229031765135005e-05,128,55232.0,5.390083514748764e+18,14478785536,39774720,16,3.8138941722852205e-05,12766412800.0,4.751162657798804e+18,48685.0,1.844325700783339,1.865046383748289,bin_3
config_286,320,17,16,0.0161458626389503,0.9404575824737548,0.9531689286231996,0.131152719259262,4.229031765135005e-05,128,55232.0,5.390083514748764e+18,14478785536,39774720,16,2.814294230008383e-06,14352384000.0,5.344996996357e+18,54770.0,1.819361840857834,1.8377785122199135,bin_3
config_286,320,17,16,0.0161458626389503,0.9404575824737548,0.9531689286231996,0.131152719259262,4.229031765135005e-05,128,55232.0,5.390083514748764e+18,14478785536,39774720,16,1.8684111070595442e-07,14470348800.0,5.390083514748764e+18,55232.0,1.8184372896444605,1.8368416683791116,bin_3
config_287,1024,13,16,0.0097906207665801,0.8016343712806702,0.9397841691970824,0.1279297918081283,0.0067702042870223,32,7088.0,7.60899147561173e+17,464537344,218497024,8,0.0067702042870223,232652800.0,3.804495737805865e+17,3544.0,3.4634955559402214,3.4986000761047737,bin_1
config_287,1024,13,16,0.0097906207665801,0.8016343712806702,0.9397841691970824,0.1279297918081283,0.0067702042870223,32,7088.0,7.60899147561173e+17,464537344,218497024,8,0.0002839600032084,462028800.0,7.60899147561173e+17,7088.0,3.3064308401795683,3.340640398947919,bin_1
config_288,768,20,12,0.0089467922225594,0.8394425511360168,0.956773281097412,0.0143849020823836,2.4499251594534144e-05,64,43013.0,8.22297019422081e+18,5637923840,180201984,8,2.4499251594534144e-05,1592524800.0,2.3267795837040307e+18,12171.0,2.0436400853805856,2.064938093834236,bin_3
config_288,768,20,12,0.0089467922225594,0.8394425511360168,0.956773281097412,0.0143849020823836,2.4499251594534144e-05,64,43013.0,8.22297019422081e+18,5637923840,180201984,8,2.4499251594534144e-05,3191603200.0,4.653559167408061e+18,24342.0,1.8611034097437,1.88132447025815,bin_3
config_288,768,20,12,0.0089467922225594,0.8394425511360168,0.956773281097412,0.0143849020823836,2.4499251594534144e-05,64,43013.0,8.22297019422081e+18,5637923840,180201984,8,2.4499251594534144e-05,4784128000.0,6.980529925180263e+18,36514.0,1.7851424916455003,1.8032461536126057,bin_3
config_288,768,20,12,0.0089467922225594,0.8394425511360168,0.956773281097412,0.0143849020823836,2.4499251594534144e-05,64,43013.0,8.22297019422081e+18,5637923840,180201984,8,5.153564251277385e-07,5636096000.0,8.22297019422081e+18,43013.0,1.7422460162053344,1.7596230941522315,bin_3
config_289,1152,17,12,0.0569113194942474,0.9144594073295592,0.940680980682373,0.2087820023298263,0.0005520299309864,64,11775.0,3.786195773294936e+18,1543378816,328688640,8,0.0005520299309864,773324800.0,1.8929371140031667e+18,5887.0,1.7759133313132114,1.7941706372479924,bin_2
config_289,1152,17,12,0.0569113194942474,0.9144594073295592,0.940680980682373,0.2087820023298263,0.0005520299309864,64,11775.0,3.786195773294936e+18,1543378816,328688640,8,5.6146250100332345e-06,1540096000.0,3.786195773294936e+18,11775.0,1.618006936780742,1.634862146631616,bin_2
config_29,1088,16,16,0.0086383717134594,0.9294519424438475,0.9863791465759276,0.0843113660812377,0.0001587443257449,32,7668.0,1.0921576927769764e+18,502562528,290929024,8,0.0001587443257449,252313600.0,5.460788463884882e+17,3834.0,2.025963861570984,2.04636142193294,bin_1
config_29,1088,16,16,0.0086383717134594,0.9294519424438475,0.9863791465759276,0.0843113660812377,0.0001587443257449,32,7668.0,1.0921576927769764e+18,502562528,290929024,8,4.423216506824359e-06,501350400.0,1.0921576927769764e+18,7668.0,1.8301851863548404,1.848712194239507,bin_1
config_291,896,20,16,0.0196014903485775,0.8226928114891052,0.9482616782188416,0.2294032126665115,0.0014036647044122,64,43525.0,1.09637890275811e+19,5704969216,246935808,8,0.0014036647044122,1592524800.0,3.065830585977934e+18,12171.0,1.7039202696378113,1.7219845235934024,bin_3
config_291,896,20,16,0.0196014903485775,0.8226928114891052,0.9482616782188416,0.2294032126665115,0.0014036647044122,64,43525.0,1.09637890275811e+19,5704969216,246935808,8,0.0014036647044122,3191603200.0,6.131661171955868e+18,24342.0,1.6367673428136795,1.654048915378383,bin_3
config_291,896,20,16,0.0196014903485775,0.8226928114891052,0.9482616782188416,0.2294032126665115,0.0014036647044122,64,43525.0,1.09637890275811e+19,5704969216,246935808,8,0.0009876547023733,4784128000.0,9.19774365429285e+18,36514.0,1.5839243227341135,1.5997548973169484,bin_3
config_291,896,20,16,0.0196014903485775,0.8226928114891052,0.9482616782188416,0.2294032126665115,0.0014036647044122,64,43525.0,1.09637890275811e+19,5704969216,246935808,8,3.514785417698795e-06,5701632000.0,1.09637890275811e+19,43525.0,1.5177067243662037,1.5323328961505265,bin_3
config_292,256,17,16,0.0010449101682752,0.8722184300422668,0.9318816065788268,0.0088135600090026,0.0079233804717659,64,24221.0,8.606040634294272e+17,3174712320,27363328,16,0.0079233804717659,1592524800.0,4.324516764790701e+17,12171.0,1.941402910224727,1.961770745808961,bin_1
config_292,256,17,16,0.0010449101682752,0.8722184300422668,0.9318816065788268,0.0088135600090026,0.0079233804717659,64,24221.0,8.606040634294272e+17,3174712320,27363328,16,0.0007811783563712,3171942400.0,8.606040634294272e+17,24221.0,1.8505370630201745,1.869993664866588,bin_1
config_293,256,7,16,0.0614839829504489,0.9377123713493348,0.9271611571311952,0.0922957956790924,0.0005476031801663,64,23238.0,4.783573827374285e+17,3045924864,18838528,16,0.0005476031801663,1592524800.0,2.5054168625945616e+17,12171.0,1.996479122404192,2.018330137964155,bin_0
config_293,256,7,16,0.0614839829504489,0.9377123713493348,0.9271611571311952,0.0922957956790924,0.0005476031801663,64,23238.0,4.783573827374285e+17,3045924864,18838528,16,9.70565337981373e-06,3040870400.0,4.783573827374285e+17,23238.0,1.8960559056235144,1.9172223837258384,bin_0
config_294,448,16,14,0.1759200394153595,0.9729136824607848,0.9087342023849488,0.0245700366795063,0.0020660266745835,64,44773.0,3.248412171514675e+18,5868576768,62909056,16,0.0020660266745835,1592524800.0,8.830416666183885e+17,12171.0,1.9135975907669691,1.933636394836864,bin_2
config_294,448,16,14,0.1759200394153595,0.9729136824607848,0.9087342023849488,0.0245700366795063,0.0020660266745835,64,44773.0,3.248412171514675e+18,5868576768,62909056,16,0.0020660266745835,3191603200.0,1.766083333236777e+18,24342.0,1.908828734139927,1.9286850536846725,bin_2
config_294,448,16,14,0.1759200394153595,0.9729136824607848,0.9087342023849488,0.0245700366795063,0.0020660266745835,64,44773.0,3.248412171514675e+18,5868576768,62909056,16,0.0020660266745835,4784128000.0,2.649197552781517e+18,36514.0,1.8982799639467332,1.9161710469058304,bin_2
config_294,448,16,14,0.1759200394153595,0.9729136824607848,0.9087342023849488,0.0245700366795063,0.0020660266745835,64,44773.0,3.248412171514675e+18,5868576768,62909056,16,4.319873955947436e-05,5865472000.0,3.248412171514675e+18,44773.0,1.7563383867310696,1.773044035161128,bin_2
config_295,256,23,16,0.0187963470816612,0.921316921710968,0.952395796775818,0.0807119980454444,2.1157613446121104e-05,64,34135.0,1.5190084784050668e+18,4474244608,32478208,16,2.1157613446121104e-05,1592524800.0,5.4160984885507744e+17,12171.0,2.6581787303236664,2.685969446917049,bin_1
config_295,256,23,16,0.0187963470816612,0.921316921710968,0.952395796775818,0.0807119980454444,2.1157613446121104e-05,64,34135.0,1.5190084784050668e+18,4474244608,32478208,16,2.1157613446121104e-05,3191603200.0,1.0832196977101548e+18,24342.0,2.3314821349988217,2.356204160940452,bin_1
config_295,256,23,16,0.0187963470816612,0.921316921710968,0.952395796775818,0.0807119980454444,2.1157613446121104e-05,64,34135.0,1.5190084784050668e+18,4474244608,32478208,16,2.6879000748248493e-07,4469555200.0,1.5190084784050668e+18,34135.0,2.1967673833252954,2.2200794910993733,bin_1
config_296,1088,4,16,0.0196296032518148,0.908617377281189,0.9621769189834596,0.144216239452362,0.0005919601535424,32,4569.0,2.364289422244946e+17,299485408,113759104,16,0.0005919601535424,150732800.0,1.1818859795157488e+17,2284.0,2.1338089932379174,2.154735598134213,bin_0
config_296,1088,4,16,0.0196296032518148,0.908617377281189,0.9621769189834596,0.144216239452362,0.0005919601535424,32,4569.0,2.364289422244946e+17,299485408,113759104,16,1.7093074342411385e-05,298188800.0,2.364289422244946e+17,4569.0,1.9300179086356863,1.9494396051422491,bin_0
config_297,832,4,8,0.0570301711559295,0.863582193851471,0.9627997875213624,0.0103002190589904,1.1333920156175736e-05,64,34399.0,2.422355323858649e+18,4508854784,75916672,16,1.1333920156175736e-05,1592524800.0,8.570739453671217e+17,12171.0,2.4307057075813168,2.4555601736365773,bin_2
config_297,832,4,8,0.0570301711559295,0.863582193851471,0.9627997875213624,0.0103002190589904,1.1333920156175736e-05,64,34399.0,2.422355323858649e+18,4508854784,75916672,16,1.1333920156175736e-05,3191603200.0,1.7141478907342433e+18,24342.0,2.17530721042977,2.197568224922555,bin_2
config_297,832,4,8,0.0570301711559295,0.863582193851471,0.9627997875213624,0.0103002190589904,1.1333920156175736e-05,64,34399.0,2.422355323858649e+18,4508854784,75916672,16,1.5688194566457953e-06,4502323200.0,2.422355323858649e+18,34399.0,2.078305085526138,2.098650064116619,bin_2
config_299,960,15,20,0.019781544804573,0.8675929307937622,0.9738726019859314,0.1579572111368179,6.507160287583247e-05,64,40048.0,8.602503373227295e+18,5249212416,214183680,8,6.507160287583247e-05,1592524800.0,2.6143894465528714e+18,12171.0,1.8249946396468115,1.8451377244464688,bin_3
config_299,960,15,20,0.019781544804573,0.8675929307937622,0.9738726019859314,0.1579572111368179,6.507160287583247e-05,64,40048.0,8.602503373227295e+18,5249212416,214183680,8,6.507160287583247e-05,3191603200.0,5.228778893105743e+18,24342.0,1.7098557480827707,1.7287479166320112,bin_3
config_299,960,15,20,0.019781544804573,0.8675929307937622,0.9738726019859314,0.1579572111368179,6.507160287583247e-05,64,40048.0,8.602503373227295e+18,5249212416,214183680,8,3.650182561319425e-05,4784128000.0,7.843383144477164e+18,36514.0,1.6401643951994471,1.6575066921359205,bin_3
config_299,960,15,20,0.019781544804573,0.8675929307937622,0.9738726019859314,0.1579572111368179,6.507160287583247e-05,64,40048.0,8.602503373227295e+18,5249212416,214183680,8,4.938240218244994e-07,5242880000.0,8.602503373227295e+18,40048.0,1.6168726708263648,1.6337208408996706,bin_3
config_3,960,8,10,0.0104353344067931,0.8367506861686707,0.9004706740379333,0.2447778880596161,0.0022849114611744,32,7784.0,5.148568527925248e+17,510173056,136755840,16,0.0022849114611744,255590400.0,2.574284263962624e+17,3892.0,3.015292897043822,3.0471286424739183,bin_0
config_3,960,8,10,0.0104353344067931,0.8367506861686707,0.9004706740379333,0.2447778880596161,0.0022849114611744,32,7784.0,5.148568527925248e+17,510173056,136755840,16,4.078057201046311e-05,507904000.0,5.148568527925248e+17,7784.0,2.782115927959921,2.8107694244858124,bin_0
config_30,960,24,16,0.0036745357792824,0.8800628185272217,0.9567224979400636,0.1875524967908859,0.0001465376699343,32,8416.0,1.3505007384233165e+18,551595968,313733760,8,0.0001465376699343,275251200.0,6.752503692116582e+17,4208.0,2.044456596296342,2.065341448920672,bin_1
config_30,960,24,16,0.0036745357792824,0.8800628185272217,0.9567224979400636,0.1875524967908859,0.0001465376699343,32,8416.0,1.3505007384233165e+18,551595968,313733760,8,1.4858065392581404e-06,550502400.0,1.3505007384233165e+18,8416.0,1.8364657036007428,1.856047809632098,bin_1
config_300,832,5,8,0.0010897214524447,0.8723223209381104,0.9202178120613098,0.0364016890525817,8.596925908932462e-05,32,9485.0,3.784420834742845e+17,621610176,84438016,16,8.596925908932462e-05,311296000.0,1.8920109223353267e+17,4742.0,2.194774591414655,2.2177327210004214,bin_0
config_300,832,5,8,0.0010897214524447,0.8723223209381104,0.9202178120613098,0.0364016890525817,8.596925908932462e-05,32,9485.0,3.784420834742845e+17,621610176,84438016,16,8.721519038047419e-06,619315200.0,3.784420834742845e+17,9485.0,2.0200157464527693,2.0416887933308963,bin_0
config_302,448,15,16,0.0014507265295833,0.8194030523300171,0.9073783755302428,0.1171997711062431,0.000108386244392,128,51307.0,7.093266404169351e+18,13450073088,60385024,16,0.000108386244392,1599078400.0,8.413982368054002e+17,6086.0,2.0540882326735823,2.075916808081455,bin_3
config_302,448,15,16,0.0014507265295833,0.8194030523300171,0.9073783755302428,0.1171997711062431,0.000108386244392,128,51307.0,7.093266404169351e+18,13450073088,60385024,16,0.000108386244392,3185049600.0,1.6826582221752425e+18,12171.0,1.874584155708063,1.895228048387121,bin_3
config_302,448,15,16,0.0014507265295833,0.8194030523300171,0.9073783755302428,0.1171997711062431,0.000108386244392,128,51307.0,7.093266404169351e+18,13450073088,60385024,16,0.000108386244392,4784128000.0,2.524056458980643e+18,18257.0,1.8116535265328453,1.8301382515860385,bin_3
config_302,448,15,16,0.0014507265295833,0.8194030523300171,0.9073783755302428,0.1171997711062431,0.000108386244392,128,51307.0,7.093266404169351e+18,13450073088,60385024,16,0.000108386244392,6383206400.0,3.365316444350485e+18,24342.0,1.7764198903177606,1.79406055618505,bin_3
config_302,448,15,16,0.0014507265295833,0.8194030523300171,0.9073783755302428,0.1171997711062431,0.000108386244392,128,51307.0,7.093266404169351e+18,13450073088,60385024,16,0.000108386244392,7982284800.0,4.2067146811558856e+18,30428.0,1.75220825183587,1.769753595531964,bin_3
config_302,448,15,16,0.0014507265295833,0.8194030523300171,0.9073783755302428,0.1171997711062431,0.000108386244392,128,51307.0,7.093266404169351e+18,13450073088,60385024,16,0.000108386244392,9568256000.0,5.048112917961286e+18,36514.0,1.7316409251338143,1.7520002965067254,bin_3
config_302,448,15,16,0.0014507265295833,0.8194030523300171,0.9073783755302428,0.1171997711062431,0.000108386244392,128,51307.0,7.093266404169351e+18,13450073088,60385024,16,0.000108386244392,11167334400.0,5.889372903331128e+18,42599.0,1.7185547394439822,1.7386302511027605,bin_3
config_302,448,15,16,0.0014507265295833,0.8194030523300171,0.9073783755302428,0.1171997711062431,0.000108386244392,128,51307.0,7.093266404169351e+18,13450073088,60385024,16,4.699200717279272e-05,12766412800.0,6.730771140136528e+18,48685.0,1.693429434455809,1.7109604679951902,bin_3
config_302,448,15,16,0.0014507265295833,0.8194030523300171,0.9073783755302428,0.1171997711062431,0.000108386244392,128,51307.0,7.093266404169351e+18,13450073088,60385024,16,1.2617723444938481e-07,13447987200.0,7.093266404169351e+18,51307.0,1.6805338550004802,1.6973465480960783,bin_3
config_303,256,5,16,0.1235965564846992,0.9474732279777528,0.9563267827033995,0.2561911046504974,2.1409810869954526e-05,64,22116.0,3.891492651616174e+17,2898868224,17133568,16,2.1409810869954526e-05,1592524800.0,2.141587857787143e+17,12171.0,2.7350858732129706,2.764035305116997,bin_0
config_303,256,5,16,0.1235965564846992,0.9474732279777528,0.9563267827033995,0.2561911046504974,2.1409810869954526e-05,64,22116.0,3.891492651616174e+17,2898868224,17133568,16,6.046901569625478e-08,2896691200.0,3.891492651616174e+17,22116.0,2.575811384036893,2.6034812783413246,bin_0
config_304,960,9,12,0.0204262062907218,0.8904656171798706,0.9608121514320374,0.0511055067181587,8.919249376049265e-05,32,13052.0,9.401965303018292e+17,855401472,147816960,16,8.919249376049265e-05,429260800.0,4.7009826515091456e+17,6526.0,2.022985460054679,2.044666246429818,bin_1
config_304,960,9,12,0.0204262062907218,0.8904656171798706,0.9608121514320374,0.0511055067181587,8.919249376049265e-05,32,13052.0,9.401965303018292e+17,855401472,147816960,16,2.6744375940178605e-07,855244800.0,9.401965303018292e+17,13052.0,1.8611523627453164,1.8802616025189884,bin_1
config_306,704,6,16,0.0094222538173198,0.8286904692649841,0.9457385540008544,0.201420783996582,3.485264824121259e-05,64,42555.0,3.030249779544785e+18,5577886208,73251200,16,3.485264824121259e-05,1592524800.0,8.666706630675497e+17,12171.0,2.09949660383287,2.1228220893125065,bin_2
config_306,704,6,16,0.0094222538173198,0.8286904692649841,0.9457385540008544,0.201420783996582,3.485264824121259e-05,64,42555.0,3.030249779544785e+18,5577886208,73251200,16,3.485264824121259e-05,3191603200.0,1.7333413261350994e+18,24342.0,1.9414058418742943,1.9628810379153392,bin_2
config_306,704,6,16,0.0094222538173198,0.8286904692649841,0.9457385540008544,0.201420783996582,3.485264824121259e-05,64,42555.0,3.030249779544785e+18,5577886208,73251200,16,2.462172268119732e-05,4784128000.0,2.600083197046136e+18,36514.0,1.871188976334744,1.8896374444883377,bin_2
config_306,704,6,16,0.0094222538173198,0.8286904692649841,0.9457385540008544,0.201420783996582,3.485264824121259e-05,64,42555.0,3.030249779544785e+18,5577886208,73251200,16,2.0331728060442943e-08,5577113600.0,3.030249779544785e+18,42555.0,1.8459917237719552,1.8636691928300704,bin_2
config_307,896,17,16,0.0023603285662829,0.8000351190567017,0.9097041487693788,0.0772125050425529,3.818804907496087e-05,64,34708.0,7.615848263401341e+18,4549300224,216652800,8,3.818804907496087e-05,1592524800.0,2.6706375825129e+18,12171.0,1.9321644985480384,1.952373297097253,bin_3
config_307,896,17,16,0.0023603285662829,0.8000351190567017,0.9097041487693788,0.0772125050425529,3.818804907496087e-05,64,34708.0,7.615848263401341e+18,4549300224,216652800,8,3.818804907496087e-05,3191603200.0,5.341275165025799e+18,24342.0,1.7960490645346094,1.8156945342509476,bin_3
config_307,896,17,16,0.0023603285662829,0.8000351190567017,0.9097041487693788,0.0772125050425529,3.818804907496087e-05,64,34708.0,7.615848263401341e+18,4549300224,216652800,8,1.140367273608369e-07,4548198400.0,7.615848263401341e+18,34708.0,1.7191380410116226,1.7366388182171055,bin_3
config_308,256,4,16,0.0030492197256535,0.8645064830780029,0.983383297920227,0.0162963345646858,0.0014561301795765,64,12593.0,2.0276745517400064e+17,1650682880,16281088,16,0.0014561301795765,1592524800.0,1.9597257976040355e+17,12171.0,1.994233708850673,2.016150275292944,bin_0
config_308,256,4,16,0.0030492197256535,0.8645064830780029,0.983383297920227,0.0162963345646858,0.0014561301795765,64,12593.0,2.0276745517400064e+17,1650682880,16281088,16,0.0003054321840087,1644953600.0,2.0276745517400064e+17,12593.0,1.962221613360233,1.9841635970600315,bin_0
config_309,960,8,16,0.0504826679825782,0.9497694969177246,0.9985332489013672,0.0492629557847976,0.0050490838475525,32,3309.0,2.188694526271488e+17,216878336,136755840,16,0.0050490838475525,108134400.0,1.0940165447123122e+17,1654.0,3.442219958539869,3.476746718531749,bin_0
config_309,960,8,16,0.0504826679825782,0.9497694969177246,0.9985332489013672,0.0492629557847976,0.0050490838475525,32,3309.0,2.188694526271488e+17,216878336,136755840,16,0.0002787837707237,216268800.0,2.188694526271488e+17,3309.0,3.4302417458862555,3.464844455875334,bin_0
config_31,384,9,12,0.005846943706274,0.8798413276672363,0.9946510195732116,0.2452300190925598,0.0007336802664212,64,16584.0,6.441473540647158e+17,2173791488,35238912,16,0.0007336802664212,1592524800.0,4.727398363676831e+17,12171.0,1.8449432636870715,1.8645063122374117,bin_1
config_31,384,9,12,0.005846943706274,0.8798413276672363,0.9946510195732116,0.2452300190925598,0.0007336802664212,64,16584.0,6.441473540647158e+17,2173791488,35238912,16,6.135053875633008e-06,2169241600.0,6.441473540647158e+17,16584.0,1.7741653468178922,1.7931625166877372,bin_1
config_310,576,8,12,0.1007096990942955,0.8349400758743286,0.9244853258132936,0.1941493451595306,0.0032142661511898,64,13922.0,8.724681947476132e+17,1824840704,60819840,16,0.0021079495262429,1592524800.0,7.627359860848442e+17,12171.0,1.848301884854426,1.86805163696164,bin_1
config_310,576,8,12,0.1007096990942955,0.8349400758743286,0.9244853258132936,0.1941493451595306,0.0032142661511898,64,13922.0,8.724681947476132e+17,1824840704,60819840,16,2.617093091272218e-05,1821900800.0,8.724681947476132e+17,13922.0,1.7456064658868509,1.7642594474260924,bin_1
config_312,640,21,8,0.0808069184422493,0.8592009544372559,0.9267439246177672,0.1586446613073349,3.169764386257157e-05,32,4092.0,3.1198336301776896e+17,268182656,138864640,8,3.169764386257157e-05,134348800.0,1.5599168150888448e+17,2046.0,2.8358579479280066,2.8658186511524386,bin_0
config_312,640,21,8,0.0808069184422493,0.8592009544372559,0.9267439246177672,0.1586446613073349,3.169764386257157e-05,32,4092.0,3.1198336301776896e+17,268182656,138864640,8,2.051311313140225e-06,265420800.0,3.1198336301776896e+17,4092.0,2.5556176602058724,2.5818098319749363,bin_0
config_313,256,10,16,0.0347329527139663,0.9173092246055604,0.9973372220993042,0.2025797665119171,9.949818922905251e-05,32,10546.0,1.3218717809206886e+17,691145472,21395968,16,9.949818922905251e-05,344064000.0,6.609358904603443e+16,5273.0,2.5222685311270543,2.548581126166172,bin_0
config_313,256,10,16,0.0347329527139663,0.9173092246055604,0.9973372220993042,0.2025797665119171,9.949818922905251e-05,32,10546.0,1.3218717809206886e+17,691145472,21395968,16,2.142751266168735e-06,688128000.0,1.3218717809206886e+17,10546.0,2.242744814372453,2.265470100621708,bin_0
config_314,576,13,18,0.0011189912911504,0.8712970018386841,0.9021955728530884,0.2582781910896301,3.114954597549513e-05,32,7249.0,3.17540607849087e+17,475129216,80732160,16,3.114954597549513e-05,235929600.0,1.5874840155126102e+17,3624.0,2.7523562078788637,2.7811258033846245,bin_0
config_314,576,13,18,0.0011189912911504,0.8712970018386841,0.9021955728530884,0.2582781910896301,3.114954597549513e-05,32,7249.0,3.17540607849087e+17,475129216,80732160,16,8.153460217944775e-07,471859200.0,3.17540607849087e+17,7249.0,2.529608475966532,2.556552358768025,bin_0
config_315,704,13,16,0.0096093602478504,0.8106499910354614,0.9948049187660216,0.1488329917192459,0.0001214048970723,64,9928.0,1.209292499636306e+18,1301292416,117415936,16,0.0001214048970723,648806400.0,6.04646249818153e+17,4964.0,1.9671868479838135,1.9880355856457692,bin_1
config_315,704,13,16,0.0096093602478504,0.8106499910354614,0.9948049187660216,0.1488329917192459,0.0001214048970723,64,9928.0,1.209292499636306e+18,1301292416,117415936,16,2.3015146364427044e-06,1297612800.0,1.209292499636306e+18,9928.0,1.8001104882115224,1.8198046344225525,bin_1
config_317,512,9,4,0.0954451933503151,0.8176335692405701,0.9104537963867188,0.1078761294484138,0.0005088574835099,32,8810.0,2.608372864253952e+17,577428480,56422400,16,0.0005088574835099,288358400.0,1.304186432126976e+17,4405.0,2.105278524492608,2.125200158298993,bin_0
config_317,512,9,4,0.0954451933503151,0.8176335692405701,0.9104537963867188,0.1078761294484138,0.0005088574835099,32,8810.0,2.608372864253952e+17,577428480,56422400,16,5.35639456326236e-06,576716800.0,2.608372864253952e+17,8810.0,1.93792210668814,1.9572016041786944,bin_0
config_319,384,9,24,0.0022542846854776,0.8774423003196716,0.9923590421676636,0.0453899502754211,0.0002411720633972,64,19203.0,7.458783393377157e+17,2517101056,35238912,16,0.0002411720633972,1592524800.0,4.7274307494033946e+17,12171.0,1.9155467468402425,1.9362793378751784,bin_1
config_319,384,9,24,0.0022542846854776,0.8774423003196716,0.9923590421676636,0.0453899502754211,0.0002411720633972,64,19203.0,7.458783393377157e+17,2517101056,35238912,16,8.306730082568482e-07,2516582400.0,7.458783393377157e+17,19203.0,1.826213899557708,1.8463867375108065,bin_1
config_32,1088,14,16,0.0020819171331822,0.947775661945343,0.9180178642272948,0.2781375646591186,0.0001215056690853,128,50979.0,2.5960173979201044e+19,13363921920,261400704,8,0.0001215056690853,1599078400.0,3.09919023200568e+18,6086.0,1.7992599765003705,1.8175905304854036,bin_3
config_32,1088,14,16,0.0020819171331822,0.947775661945343,0.9180178642272948,0.2781375646591186,0.0001215056690853,128,50979.0,2.5960173979201044e+19,13363921920,261400704,8,0.0001215056690853,3185049600.0,6.197871231308106e+18,12171.0,1.67518776989374,1.6930131396309274,bin_3
config_32,1088,14,16,0.0020819171331822,0.947775661945343,0.9180178642272948,0.2781375646591186,0.0001215056690853,128,50979.0,2.5960173979201044e+19,13363921920,261400704,8,0.0001215056690853,4784128000.0,9.297061463313785e+18,18257.0,1.622460297736965,1.6379872219875211,bin_3
config_32,1088,14,16,0.0020819171331822,0.947775661945343,0.9180178642272948,0.2781375646591186,0.0001215056690853,128,50979.0,2.5960173979201044e+19,13363921920,261400704,8,0.0001215056690853,6383206400.0,1.2395742462616211e+19,24342.0,1.5900801328948286,1.6051000002368552,bin_3
config_32,1088,14,16,0.0020819171331822,0.947775661945343,0.9180178642272948,0.2781375646591186,0.0001215056690853,128,50979.0,2.5960173979201044e+19,13363921920,261400704,8,0.0001215056690853,7982284800.0,1.549493269462189e+19,30428.0,1.5678446288382422,1.5825701410066886,bin_3
config_32,1088,14,16,0.0020819171331822,0.947775661945343,0.9180178642272948,0.2781375646591186,0.0001215056690853,128,50979.0,2.5960173979201044e+19,13363921920,261400704,8,0.0001215056690853,9568256000.0,1.859412292662757e+19,36514.0,1.5502913806477532,1.564993372471606,bin_3
config_32,1088,14,16,0.0020819171331822,0.947775661945343,0.9180178642272948,0.2781375646591186,0.0001215056690853,128,50979.0,2.5960173979201044e+19,13363921920,261400704,8,7.18030891646663e-05,11167334400.0,2.169280392593e+19,42599.0,1.5213916262056006,1.5350844837993871,bin_3
config_32,1088,14,16,0.0020819171331822,0.947775661945343,0.9180178642272948,0.2781375646591186,0.0001215056690853,128,50979.0,2.5960173979201044e+19,13363921920,261400704,8,1.952968614468008e-05,12766412800.0,2.479199415793568e+19,48685.0,1.4962734852755657,1.5096753887270318,bin_3
config_32,1088,14,16,0.0020819171331822,0.947775661945343,0.9180178642272948,0.2781375646591186,0.0001215056690853,128,50979.0,2.5960173979201044e+19,13363921920,261400704,8,2.485128996032024e-07,13356236800.0,2.5960173979201044e+19,50979.0,1.4897400996724113,1.503737561390048,bin_3
config_320,256,9,16,0.1050161495804786,0.9192008972167968,0.9594610929489136,0.2426553964614868,1.127895029640058e-05,32,5513.0,6.498342131746406e+16,361310368,20543488,16,1.127895029640058e-05,180224000.0,3.248581700542916e+16,2756.0,3.626491256541893,3.666509496344895,bin_0
config_320,256,9,16,0.1050161495804786,0.9192008972167968,0.9594610929489136,0.2426553964614868,1.127895029640058e-05,32,5513.0,6.498342131746406e+16,361310368,20543488,16,1.09668177900679e-07,360448000.0,6.498342131746406e+16,5513.0,3.318533871525624,3.3545590947885984,bin_0
config_321,320,8,10,0.1329120248556137,0.8612205386161804,0.9115259647369384,0.1907256096601486,0.0058645294047892,32,3275.0,4.857611010471936e+16,214660128,27235200,16,0.0058645294047892,108134400.0,2.428063885234369e+16,1637.0,2.852540204016889,2.883157691330206,bin_0
config_321,320,8,10,0.1329120248556137,0.8612205386161804,0.9115259647369384,0.1907256096601486,0.0058645294047892,32,3275.0,4.857611010471936e+16,214660128,27235200,16,0.0002349571075636,212992000.0,4.857611010471936e+16,3275.0,2.3503033328838034,2.373769612312317,bin_0
config_322,768,5,8,0.0015762264374643,0.8294346332550049,0.9725618958473206,0.2328995615243911,5.047874947194941e-05,64,51844.0,3.658489554177884e+18,6795304960,74010624,16,5.047874947194941e-05,1592524800.0,8.588742451180276e+17,12171.0,1.9960363062092517,2.017678864979353,bin_2
config_322,768,5,8,0.0015762264374643,0.8294346332550049,0.9725618958473206,0.2328995615243911,5.047874947194941e-05,64,51844.0,3.658489554177884e+18,6795304960,74010624,16,5.047874947194941e-05,3191603200.0,1.7177484902360553e+18,24342.0,1.8725678720239731,1.8929111774241336,bin_2
config_322,768,5,8,0.0015762264374643,0.8294346332550049,0.9725618958473206,0.2328995615243911,5.047874947194941e-05,64,51844.0,3.658489554177884e+18,6795304960,74010624,16,5.047874947194941e-05,4784128000.0,2.576693302624243e+18,36514.0,1.818885597283723,1.837062792856185,bin_2
config_322,768,5,8,0.0015762264374643,0.8294346332550049,0.9725618958473206,0.2328995615243911,5.047874947194941e-05,64,51844.0,3.658489554177884e+18,6795304960,74010624,16,1.3144375380139883e-05,6383206400.0,3.435567547742271e+18,48685.0,1.7711631476683696,1.78884336131518,bin_2
config_322,768,5,8,0.0015762264374643,0.8294346332550049,0.9725618958473206,0.2328995615243911,5.047874947194941e-05,64,51844.0,3.658489554177884e+18,6795304960,74010624,16,1.839543628263845e-07,6789529600.0,3.658489554177884e+18,51844.0,1.7638037216077085,1.7813927391318023,bin_2
config_323,768,4,24,0.0023167571052908,0.8521632552146912,0.9628558158874512,0.2678549289703369,0.0015705209225416,32,4550.0,1.422705856684032e+17,298234176,66931200,16,0.0015705209225416,150732800.0,7.11352928342016e+16,2275.0,2.1819984462612965,2.2050512298208766,bin_0
config_323,768,4,24,0.0023167571052908,0.8521632552146912,0.9628558158874512,0.2678549289703369,0.0015705209225416,32,4550.0,1.422705856684032e+17,298234176,66931200,16,0.0,298188800.0,1.422705856684032e+17,4550.0,1.968251569427428,1.9894747264658816,bin_0
config_324,1152,24,12,0.034820731729269,0.8060417175292969,0.9604148268699646,0.1474871337413787,0.0003930893726646,64,12073.0,5.254151248215245e+18,1582467200,440181504,8,0.0003930893726646,792985600.0,2.626858024867656e+18,6036.0,1.756470361661446,1.773934842279608,bin_3
config_324,1152,24,12,0.034820731729269,0.8060417175292969,0.9604148268699646,0.1474871337413787,0.0003930893726646,64,12073.0,5.254151248215245e+18,1582467200,440181504,8,5.079244702970733e-06,1579417600.0,5.254151248215245e+18,12073.0,1.6037342639870649,1.6203389777071056,bin_3
config_325,256,11,16,0.0136110140010714,0.9309593439102172,0.919180393218994,0.1074723675847053,0.0013728543417528,64,18848.0,5.006659215151596e+17,2470455552,22248448,16,0.0013728543417528,1592524800.0,3.2330246873731994e+17,12171.0,1.953507323890436,1.974626066254788,bin_0
config_325,256,11,16,0.0136110140010714,0.9309593439102172,0.919180393218994,0.1074723675847053,0.0013728543417528,64,18848.0,5.006659215151596e+17,2470455552,22248448,16,3.2541732545252186e-05,2464153600.0,5.006659215151596e+17,18848.0,1.858125958481773,1.8778441422884584,bin_0
config_326,960,24,12,0.0658076778054237,0.9538992643356324,0.9490440487861632,0.2320783883333206,0.0005187226342968,32,12658.0,2.0310496533669888e+18,829558080,313733760,8,0.0005187226342968,416153600.0,1.0155248266834944e+18,6329.0,1.905762014193613,1.9254850705725248,bin_2
config_326,960,24,12,0.0658076778054237,0.9538992643356324,0.9490440487861632,0.2320783883333206,0.0005187226342968,32,12658.0,2.0310496533669888e+18,829558080,313733760,8,1.4129319286261804e-06,829030400.0,2.0310496533669888e+18,12658.0,1.7167733907699585,1.734329172724583,bin_2
config_327,1088,24,16,0.0500851385295391,0.9632472395896912,0.98127943277359,0.029932864010334,1.2304918527661355e-05,32,9117.0,1.849683780968104e+18,597508224,409042304,8,1.2304918527661355e-05,298188800.0,9.247404490131204e+17,4558.0,2.631801860254319,2.659338486624545,bin_2
config_327,1088,24,16,0.0500851385295391,0.9632472395896912,0.98127943277359,0.029932864010334,1.2304918527661355e-05,32,9117.0,1.849683780968104e+18,597508224,409042304,8,7.690574079788348e-07,596377600.0,1.849683780968104e+18,9117.0,2.2820218070413247,2.3060079037166035,bin_2
config_328,704,5,16,0.0294565800577402,0.9055126905441284,0.984049677848816,0.1745802462100982,0.001080350135453,64,10007.0,6.402275749959598e+17,1311638656,66941952,16,0.001080350135453,655360000.0,3.2008179851152064e+17,5003.0,1.8825482458755616,1.9029902998736647,bin_1
config_328,704,5,16,0.0294565800577402,0.9055126905441284,0.984049677848816,0.1745802462100982,0.001080350135453,64,10007.0,6.402275749959598e+17,1311638656,66941952,16,4.328821378460964e-06,1310720000.0,6.402275749959598e+17,10007.0,1.748211543091008,1.7682607853608052,bin_1
config_329,576,12,18,0.0054459427483379,0.8333979249000549,0.9817357063293456,0.017713202163577,4.717555930255912e-05,64,21040.0,1.7381931779473736e+18,2757806336,76749696,16,4.717555930255912e-05,1592524800.0,1.0054918806462682e+18,12171.0,2.007415708362079,2.029707404433704,bin_2
config_329,576,12,18,0.0054459427483379,0.8333979249000549,0.9817357063293456,0.017713202163577,4.717555930255912e-05,64,21040.0,1.7381931779473736e+18,2757806336,76749696,16,5.072640785221408e-06,2752512000.0,1.7381931779473736e+18,21040.0,1.871694326048992,1.892391752102336,bin_2
config_33,1088,18,16,0.1557874083518982,0.8957338929176331,0.9577295184135436,0.2128014415502548,0.0002395637711742,64,61117.0,1.9256200019550536e+19,8010736640,320457344,8,0.0002395637711742,1592524800.0,3.834730278612327e+18,12171.0,1.7147648115822527,1.7327402588383096,bin_3
config_33,1088,18,16,0.1557874083518982,0.8957338929176331,0.9577295184135436,0.2128014415502548,0.0002395637711742,64,61117.0,1.9256200019550536e+19,8010736640,320457344,8,0.0002395637711742,3191603200.0,7.669460557224654e+18,24342.0,1.6333862731300417,1.6509291970729827,bin_3
config_33,1088,18,16,0.1557874083518982,0.8957338929176331,0.9577295184135436,0.2128014415502548,0.0002395637711742,64,61117.0,1.9256200019550536e+19,8010736640,320457344,8,0.0002395637711742,4784128000.0,1.150450590693045e+19,36514.0,1.602683222254769,1.6177467019636125,bin_3
config_33,1088,18,16,0.1557874083518982,0.8957338929176331,0.9577295184135436,0.2128014415502548,0.0002395637711742,64,61117.0,1.9256200019550536e+19,8010736640,320457344,8,0.000228732283481,6383206400.0,1.5339236185542777e+19,48685.0,1.5835018851717964,1.597349318656765,bin_3
config_33,1088,18,16,0.1557874083518982,0.8957338929176331,0.9577295184135436,0.2128014415502548,0.0002395637711742,64,61117.0,1.9256200019550536e+19,8010736640,320457344,8,4.918379615804336e-06,7975731200.0,1.9173966464155103e+19,60856.0,1.4827530688731396,1.4956193423857451,bin_3
config_33,1088,18,16,0.1557874083518982,0.8957338929176331,0.9577295184135436,0.2128014415502548,0.0002395637711742,64,61117.0,1.9256200019550536e+19,8010736640,320457344,8,3.131552564369878e-07,8008499200.0,1.9256200019550536e+19,61117.0,1.482283750225286,1.4951305462981834,bin_3
config_330,576,8,18,0.0265005268156528,0.8581200242042542,0.9967872500419616,0.1209078878164291,0.0001496758923167,32,3104.0,9.727365054958387e+16,203456032,60819840,16,0.0001496758923167,101580800.0,4.863682527479194e+16,1552.0,2.614589273030641,2.642088930176907,bin_0
config_330,576,8,18,0.0265005268156528,0.8581200242042542,0.9967872500419616,0.1209078878164291,0.0001496758923167,32,3104.0,9.727365054958387e+16,203456032,60819840,16,1.5965428513785166e-06,203161600.0,9.727365054958387e+16,3104.0,2.2665391722663504,2.289889193401962,bin_0
config_331,640,16,16,0.0160514507442712,0.9867626428604126,0.9623345732688904,0.0724877938628196,0.0001259349664906,32,3822.0,2.3357627793094656e+17,250535056,113463040,8,0.0001259349664906,124518400.0,1.1678813896547328e+17,1911.0,2.9277694510631878,2.9574192973433946,bin_0
config_331,640,16,16,0.0160514507442712,0.9867626428604126,0.9623345732688904,0.0724877938628196,0.0001259349664906,32,3822.0,2.3357627793094656e+17,250535056,113463040,8,1.0002055100336772e-05,249036800.0,2.3357627793094656e+17,3822.0,2.510112609589686,2.535726337765084,bin_0
config_332,640,12,20,0.0656398236751556,0.9093673825263976,0.9980979561805724,0.0303106792271137,2.877649421861861e-05,64,74369.0,7.286391440521298e+18,9747703808,93141760,16,2.877649421861861e-05,1592524800.0,1.192468235724357e+18,12171.0,2.118941535793367,2.141247490038637,bin_3
config_332,640,12,20,0.0656398236751556,0.9093673825263976,0.9980979561805724,0.0303106792271137,2.877649421861861e-05,64,74369.0,7.286391440521298e+18,9747703808,93141760,16,2.877649421861861e-05,3191603200.0,2.384936471448714e+18,24342.0,1.915934326531457,1.9368093936169732,bin_3
config_332,640,12,20,0.0656398236751556,0.9093673825263976,0.9980979561805724,0.0303106792271137,2.877649421861861e-05,64,74369.0,7.286391440521298e+18,9747703808,93141760,16,2.877649421861861e-05,4784128000.0,3.577502683365309e+18,36514.0,1.835895553846828,1.854902738469546,bin_3
config_332,640,12,20,0.0656398236751556,0.9093673825263976,0.9980979561805724,0.0303106792271137,2.877649421861861e-05,64,74369.0,7.286391440521298e+18,9747703808,93141760,16,2.877649421861861e-05,6383206400.0,4.769970919089666e+18,48685.0,1.7877259002357233,1.8061531574218,bin_3
config_332,640,12,20,0.0656398236751556,0.9093673825263976,0.9980979561805724,0.0303106792271137,2.877649421861861e-05,64,74369.0,7.286391440521298e+18,9747703808,93141760,16,2.877649421861861e-05,7975731200.0,5.962439154814023e+18,60856.0,1.7550295454165974,1.7732937179627966,bin_3
config_332,640,12,20,0.0656398236751556,0.9093673825263976,0.9980979561805724,0.0303106792271137,2.877649421861861e-05,64,74369.0,7.286391440521298e+18,9747703808,93141760,16,1.6839483528996427e-05,9574809600.0,7.15490739053838e+18,73027.0,1.722468134692458,1.740255867809546,bin_3
config_332,640,12,20,0.0656398236751556,0.9093673825263976,0.9980979561805724,0.0303106792271137,2.877649421861861e-05,64,74369.0,7.286391440521298e+18,9747703808,93141760,16,2.4257027069820244e-07,9745203200.0,7.286391440521298e+18,74369.0,1.7107657628762918,1.7283137881560404,bin_3
config_333,576,20,18,0.1543812602758407,0.8041682243347168,0.9485495686531068,0.0376243479549884,0.0016893701395019,64,46136.0,5.651919389577314e+18,6047224832,108609408,8,0.0016893701395019,1592524800.0,1.491015928787617e+18,12171.0,1.840959144224886,1.8597247672471844,bin_3
config_333,576,20,18,0.1543812602758407,0.8041682243347168,0.9485495686531068,0.0376243479549884,0.0016893701395019,64,46136.0,5.651919389577314e+18,6047224832,108609408,8,0.0016893701395019,3191603200.0,2.982031857575234e+18,24342.0,1.8013390352882324,1.8204348609877412,bin_3
config_333,576,20,18,0.1543812602758407,0.8041682243347168,0.9485495686531068,0.0376243479549884,0.0016893701395019,64,46136.0,5.651919389577314e+18,6047224832,108609408,8,0.0016893701395019,4784128000.0,4.4731702919851325e+18,36514.0,1.7866205607867631,1.8041755046609973,bin_3
config_333,576,20,18,0.1543812602758407,0.8041682243347168,0.9485495686531068,0.0376243479549884,0.0016893701395019,64,46136.0,5.651919389577314e+18,6047224832,108609408,8,3.505321326920563e-05,6042419200.0,5.651919389577314e+18,46136.0,1.649134210074534,1.6651174910146682,bin_3
config_334,640,5,10,0.0131190652027726,0.8562263250350952,0.9346939325332642,0.2671234011650085,0.0002730154374148,32,3714.0,1.032231830667264e+17,243406080,57579520,16,0.0002730154374148,121241600.0,5.16115915333632e+16,1857.0,2.3392072193739843,2.362262978514687,bin_0
config_334,640,5,10,0.0131190652027726,0.8562263250350952,0.9346939325332642,0.2671234011650085,0.0002730154374148,32,3714.0,1.032231830667264e+17,243406080,57579520,16,3.8530404473872525e-06,242483200.0,1.032231830667264e+17,3714.0,2.1102058930475205,2.131620472845484,bin_0
config_338,704,19,22,0.0014690435491502,0.8781927227973938,0.9874109625816344,0.0572703853249549,0.0021728475112468,64,31392.0,5.185298480136192e+18,4114688000,155271424,8,0.0021728475112468,1592524800.0,2.0103933423081544e+18,12171.0,1.7088164492513314,1.7268479522134437,bin_3
config_338,704,19,22,0.0014690435491502,0.8781927227973938,0.9874109625816344,0.0572703853249549,0.0021728475112468,64,31392.0,5.185298480136192e+18,4114688000,155271424,8,0.0021728475112468,3191603200.0,4.020786684616309e+18,24342.0,1.635566231774502,1.652878300049266,bin_3
config_338,704,19,22,0.0014690435491502,0.8781927227973938,0.9874109625816344,0.0572703853249549,0.0021728475112468,64,31392.0,5.185298480136192e+18,4114688000,155271424,8,5.0784415955684725e-05,4109107200.0,5.185298480136192e+18,31392.0,1.5760025896009853,1.592635338384597,bin_3
config_339,1024,20,16,0.0011731486301869,0.9736136794090272,0.9218024015426636,0.1805884391069412,0.0044099958613514,64,25901.0,7.990468752772694e+18,3394962432,308426752,8,0.0044099958613514,1592524800.0,3.75475831782543e+18,12171.0,3.285910202127988,3.3205373484189398,bin_3
config_339,1024,20,16,0.0011731486301869,0.9736136794090272,0.9218024015426636,0.1805884391069412,0.0044099958613514,64,25901.0,7.990468752772694e+18,3394962432,308426752,8,0.0014624553305444,3191603200.0,7.50951663565086e+18,24342.0,3.4004494287146896,3.431410791678507,bin_3
config_339,1024,20,16,0.0011731486301869,0.9736136794090272,0.9218024015426636,0.1805884391069412,0.0044099958613514,64,25901.0,7.990468752772694e+18,3394962432,308426752,8,9.42911238262234e-07,3394764800.0,7.990468752772694e+18,25901.0,3.3692726002364863,3.4032634420473067,bin_3
config_34,1152,10,24,0.0067783254198729,0.9024069905281068,0.95904278755188,0.2701653838157654,0.008225092664361,32,5764.0,5.992355910089687e+17,377793696,217195776,8,0.008225092664361,190054400.0,2.9961779550448435e+17,2882.0,3.380033884126632,3.414130551736863,bin_1
config_34,1152,10,24,0.0067783254198729,0.9024069905281068,0.95904278755188,0.2701653838157654,0.008225092664361,32,5764.0,5.992355910089687e+17,377793696,217195776,8,7.395715947402376e-05,376832000.0,5.992355910089687e+17,5764.0,3.201855779085003,3.2355057163316694,bin_1
config_340,896,24,14,0.0126449093222618,0.8357028961181641,0.982084572315216,0.0206923671066761,0.0007067553233355,128,60566.0,3.5756792303096955e+19,15877104640,287313152,8,0.0007067553233355,1599078400.0,3.593036323294391e+18,6086.0,1.723569054193184,1.7418698580343217,bin_3
config_340,896,24,14,0.0126449093222618,0.8357028961181641,0.982084572315216,0.0206923671066761,0.0007067553233355,128,60566.0,3.5756792303096955e+19,15877104640,287313152,8,0.0007067553233355,3185049600.0,7.185482269276377e+18,12171.0,1.61127289213118,1.6286638780304643,bin_3
config_340,896,24,14,0.0126449093222618,0.8357028961181641,0.982084572315216,0.0206923671066761,0.0007067553233355,128,60566.0,3.5756792303096955e+19,15877104640,287313152,8,0.0007067553233355,4784128000.0,1.0778518592570767e+19,18257.0,1.5669007968316313,1.5819984602146462,bin_3
config_340,896,24,14,0.0126449093222618,0.8357028961181641,0.982084572315216,0.0206923671066761,0.0007067553233355,128,60566.0,3.5756792303096955e+19,15877104640,287313152,8,0.0007067553233355,6383206400.0,1.4370964538552754e+19,24342.0,1.5407721499048297,1.5555166159106082,bin_3
config_340,896,24,14,0.0126449093222618,0.8357028961181641,0.982084572315216,0.0206923671066761,0.0007067553233355,128,60566.0,3.5756792303096955e+19,15877104640,287313152,8,0.0007067553233355,7982284800.0,1.7964000861847144e+19,30428.0,1.5225986927650017,1.5369884894910406,bin_3
config_340,896,24,14,0.0126449093222618,0.8357028961181641,0.982084572315216,0.0206923671066761,0.0007067553233355,128,60566.0,3.5756792303096955e+19,15877104640,287313152,8,0.0007067553233355,9568256000.0,2.155703718514153e+19,36514.0,1.5091199274629843,1.522289195803345,bin_3
config_340,896,24,14,0.0126449093222618,0.8357028961181641,0.982084572315216,0.0206923671066761,0.0007067553233355,128,60566.0,3.5756792303096955e+19,15877104640,287313152,8,0.0007067553233355,11167334400.0,2.5149483131123524e+19,42599.0,1.501384325115407,1.5135412756341402,bin_3
config_340,896,24,14,0.0126449093222618,0.8357028961181641,0.982084572315216,0.0206923671066761,0.0007067553233355,128,60566.0,3.5756792303096955e+19,15877104640,287313152,8,0.0007067553233355,12766412800.0,2.874251945441791e+19,48685.0,1.489857232951727,1.5028709195090122,bin_3
config_340,896,24,14,0.0126449093222618,0.8357028961181641,0.982084572315216,0.0206923671066761,0.0007067553233355,128,60566.0,3.5756792303096955e+19,15877104640,287313152,8,0.0007067553233355,14352384000.0,3.2334965400399897e+19,54770.0,1.4831710621568024,1.4951037652570691,bin_3
config_340,896,24,14,0.0126449093222618,0.8357028961181641,0.982084572315216,0.0206923671066761,0.0007067553233355,128,60566.0,3.5756792303096955e+19,15877104640,287313152,8,9.02480859805944e-06,15872819200.0,3.5756792303096955e+19,60566.0,1.4487725125570767,1.459693820593787,bin_3
config_342,768,22,24,0.0055214865133166,0.9888175129890442,0.9070473313331604,0.2614226341247558,0.0014111776836216,32,4453.0,4.615022797174702e+17,291869536,194360832,8,0.0014111776836216,147456000.0,2.306993206043316e+17,2226.0,3.2412470300080347,3.2756421850548416,bin_0
config_342,768,22,24,0.0055214865133166,0.9888175129890442,0.9070473313331604,0.2614226341247558,0.0014111776836216,32,4453.0,4.615022797174702e+17,291869536,194360832,8,3.637055885622864e-06,291635200.0,4.615022797174702e+17,4453.0,3.134754124469445,3.1680310868435217,bin_0
config_343,960,22,12,0.0014896097127348,0.8099730014801025,0.9304035902023317,0.1182584539055824,0.005105476360768,64,16582.0,4.930480423698924e+18,2173497088,291611520,8,0.005105476360768,1592524800.0,3.618916731204897e+18,12171.0,2.869358670203412,2.8990772665914943,bin_3
config_343,960,22,12,0.0014896097127348,0.8099730014801025,0.9304035902023317,0.1182584539055824,0.005105476360768,64,16582.0,4.930480423698924e+18,2173497088,291611520,8,8.335471609417257e-05,2169241600.0,4.930480423698924e+18,16582.0,2.727359110976829,2.756302014882447,bin_3
config_344,704,24,4,0.0875655934214592,0.886063814163208,0.9374412894248962,0.1585273146629333,0.0007177779334597,32,11884.0,1.1963047103104205e+18,778877120,186817664,8,0.0007177779334597,389939200.0,5.981523551552102e+17,5942.0,1.9679574560141957,1.9874957198784,bin_1
config_344,704,24,4,0.0875655934214592,0.886063814163208,0.9374412894248962,0.1585273146629333,0.0007177779334597,32,11884.0,1.1963047103104205e+18,778877120,186817664,8,1.2960408782597302e-05,776601600.0,1.1963047103104205e+18,11884.0,1.7768667941015277,1.7954263557762395,bin_1
config_346,832,4,16,0.1496444344520568,0.8434467315673828,0.9807753562927246,0.1541729569435119,0.0011590968351811,64,27890.0,1.963955678732157e+18,3655611904,75916672,16,0.0011590968351811,1592524800.0,8.570564562871668e+17,12171.0,1.840400718587344,1.8597633486888447,bin_2
config_346,832,4,16,0.1496444344520568,0.8434467315673828,0.9807753562927246,0.1541729569435119,0.0011590968351811,64,27890.0,1.963955678732157e+18,3655611904,75916672,16,0.0009544551748176,3191603200.0,1.7141129125743337e+18,24342.0,1.786375878951589,1.8058233429955652,bin_2
config_346,832,4,16,0.1496444344520568,0.8434467315673828,0.9807753562927246,0.1541729569435119,0.0011590968351811,64,27890.0,1.963955678732157e+18,3655611904,75916672,16,1.0784804235227903e-05,3650355200.0,1.963955678732157e+18,27890.0,1.6863861179742656,1.704665195394735,bin_2
config_347,512,14,8,0.0014546492602676,0.9703224301338196,0.9161967039108276,0.1553281843662262,0.0003883715544361,32,7968.0,3.2215608994922496e+17,522240576,73466880,16,0.0003883715544361,262144000.0,1.6107804497461248e+17,3984.0,2.1615656904705234,2.1817261095125167,bin_0
config_347,512,14,8,0.0014546492602676,0.9703224301338196,0.9161967039108276,0.1553281843662262,0.0003883715544361,32,7968.0,3.2215608994922496e+17,522240576,73466880,16,5.651324155093681e-06,521011200.0,3.2215608994922496e+17,7968.0,1.9296913690645188,1.9483178313052067,bin_0
config_348,384,10,16,0.001752340933308,0.9314836263656616,0.9405074119567872,0.2699307799339294,6.621400098083541e-05,32,14505.0,3.007520506263306e+17,950608768,37009152,16,6.621400098083541e-05,475136000.0,1.5036565812769043e+17,7252.0,2.3888443662299483,2.413617878976416,bin_0
config_348,384,10,16,0.001752340933308,0.9314836263656616,0.9405074119567872,0.2699307799339294,6.621400098083541e-05,32,14505.0,3.007520506263306e+17,950608768,37009152,16,8.456449678268637e-08,950272000.0,3.007520506263306e+17,14505.0,2.15426023745146,2.1766371880984696,bin_0
config_349,704,19,22,0.0010439156321808,0.8924535512924194,0.9364830255508424,0.1082175746560096,0.0041447458788752,64,14842.0,2.451665771592745e+18,1945469440,155271424,8,0.0041447458788752,1592524800.0,2.0104584359288036e+18,12171.0,3.0319296834117075,3.063319275965456,bin_2
config_349,704,19,22,0.0010439156321808,0.8924535512924194,0.9364830255508424,0.1082175746560096,0.0041447458788752,64,14842.0,2.451665771592745e+18,1945469440,155271424,8,0.000108393105176,1939865600.0,2.451665771592745e+18,14842.0,2.882806060587773,2.9137177136296133,bin_2
config_35,256,4,16,0.047404158860445,0.9645520448684692,0.9335826635360718,0.2640989124774933,0.0022612609900534,32,4779.0,3.847261030131302e+16,313196608,16281088,16,0.0022612609900534,157286400.0,1.923227997694849e+16,2389.0,2.4896152409569163,2.5150306809534797,bin_0
config_35,256,4,16,0.047404158860445,0.9645520448684692,0.9335826635360718,0.2640989124774933,0.0022612609900534,32,4779.0,3.847261030131302e+16,313196608,16281088,16,5.196241577777247e-05,311296000.0,3.847261030131302e+16,4779.0,2.2101192666663496,2.231887065269908,bin_0
config_350,256,10,16,0.1874123215675354,0.8057861328125,0.9284704327583312,0.0920700430870056,1.794811942090746e-05,32,5947.0,7.455132877165363e+16,389794336,21395968,16,1.794811942090746e-05,193331200.0,3.7269396407958e+16,2973.0,3.3473385706104217,3.383604226346876,bin_0
config_350,256,10,16,0.1874123215675354,0.8057861328125,0.9284704327583312,0.0920700430870056,1.794811942090746e-05,32,5947.0,7.455132877165363e+16,389794336,21395968,16,1.5421601696209337e-06,386662400.0,7.455132877165363e+16,5947.0,3.0888663067583177,3.1215123626834056,bin_0
config_351,768,23,12,0.0010750442743301,0.8375259637832642,0.92042875289917,0.2818653285503387,5.130747376824729e-05,64,76122.0,1.638844875543203e+19,9977531392,201440256,8,5.130747376824729e-05,1592524800.0,2.620317514021744e+18,12171.0,1.9039467016595308,1.9241353586267247,bin_3
config_351,768,23,12,0.0010750442743301,0.8375259637832642,0.92042875289917,0.2818653285503387,5.130747376824729e-05,64,76122.0,1.638844875543203e+19,9977531392,201440256,8,5.130747376824729e-05,3191603200.0,5.240635028043488e+18,24342.0,1.7647064931666263,1.7838781617313135,bin_3
config_351,768,23,12,0.0010750442743301,0.8375259637832642,0.92042875289917,0.2818653285503387,5.130747376824729e-05,64,76122.0,1.638844875543203e+19,9977531392,201440256,8,5.130747376824729e-05,4784128000.0,7.861167833948729e+18,36514.0,1.7044510914654027,1.7222385746533753,bin_3
config_351,768,23,12,0.0010750442743301,0.8375259637832642,0.92042875289917,0.2818653285503387,5.130747376824729e-05,64,76122.0,1.638844875543203e+19,9977531392,201440256,8,5.130747376824729e-05,6383206400.0,1.0481485347970474e+19,48685.0,1.6672099549066826,1.6841831573111112,bin_3
config_351,768,23,12,0.0010750442743301,0.8375259637832642,0.92042875289917,0.2818653285503387,5.130747376824729e-05,64,76122.0,1.638844875543203e+19,9977531392,201440256,8,3.65197492257957e-05,7975731200.0,1.310180286199222e+19,60856.0,1.633659193261725,1.6499956467503407,bin_3
config_351,768,23,12,0.0010750442743301,0.8375259637832642,0.92042875289917,0.2818653285503387,5.130747376824729e-05,64,76122.0,1.638844875543203e+19,9977531392,201440256,8,7.3460365126797075e-06,9574809600.0,1.572212037601396e+19,73027.0,1.6003236244350183,1.6166570571016092,bin_3
config_351,768,23,12,0.0010750442743301,0.8375259637832642,0.92042875289917,0.2818653285503387,5.130747376824729e-05,64,76122.0,1.638844875543203e+19,9977531392,201440256,8,5.260833440070173e-08,9974579200.0,1.638844875543203e+19,76122.0,1.5960156029365102,1.61234829427766,bin_3
config_352,1152,11,24,0.0262677185237407,0.9401131868362428,0.9811730980873108,0.0274136792868375,0.0001197044039145,32,11440.0,1.282096740469801e+18,749760640,233123328,8,0.0001197044039145,373555200.0,6.410483702349005e+17,5720.0,1.9781091326377431,1.9986078113806047,bin_1
config_352,1152,11,24,0.0262677185237407,0.9401131868362428,0.9811730980873108,0.0274136792868375,0.0001197044039145,32,11440.0,1.282096740469801e+18,749760640,233123328,8,1.5297687401215497e-05,747110400.0,1.282096740469801e+18,11440.0,1.8115688603432447,1.830726764983818,bin_1
config_353,448,4,16,0.0074136857874691,0.943619191646576,0.9962298274040222,0.2234905809164047,3.6946014006389305e-05,64,12595.0,3.957973980769321e+17,1650944128,32620672,16,5.8425644039954665e-06,1592524800.0,3.82473214132143e+17,12171.0,2.2564577353586914,2.279779631348907,bin_0
config_353,448,4,16,0.0074136857874691,0.943619191646576,0.9962298274040222,0.2234905809164047,3.6946014006389305e-05,64,12595.0,3.957973980769321e+17,1650944128,32620672,16,5.908211195051598e-07,1644953600.0,3.957973980769321e+17,12595.0,2.253426654456092,2.276610188953212,bin_0
config_354,704,14,22,0.0299494434148073,0.909821629524231,0.993938148021698,0.2937489748001098,1.951828016899526e-05,32,8719.0,5.62546166408405e+17,571432128,123725184,8,1.951828016899526e-05,285081600.0,2.812408234171622e+17,4359.0,2.7247721453182034,2.752806924737868,bin_1
config_354,704,14,22,0.0299494434148073,0.909821629524231,0.993938148021698,0.2937489748001098,1.951828016899526e-05,32,8719.0,5.62546166408405e+17,571432128,123725184,8,1.4480567091406152e-07,570163200.0,5.62546166408405e+17,8719.0,2.4730287592528297,2.4992900090334844,bin_1
config_355,384,19,24,0.0091700283810496,0.9725356101989746,0.9924817085266112,0.113319993019104,5.758667248301208e-05,128,60456.0,7.874473379501703e+18,15848331264,52941312,16,5.758667248301208e-05,1599078400.0,7.927094909958874e+17,6086.0,2.334926349491369,2.358601999243752,bin_3
config_355,384,19,24,0.0091700283810496,0.9725356101989746,0.9924817085266112,0.113319993019104,5.758667248301208e-05,128,60456.0,7.874473379501703e+18,15848331264,52941312,16,5.758667248301208e-05,3185049600.0,1.5852887306787615e+18,12171.0,2.0436086357616987,2.065420107763322,bin_3
config_355,384,19,24,0.0091700283810496,0.9725356101989746,0.9924817085266112,0.113319993019104,5.758667248301208e-05,128,60456.0,7.874473379501703e+18,15848331264,52941312,16,5.758667248301208e-05,4784128000.0,2.3779982216746496e+18,18257.0,1.938529070361716,1.9589551517220796,bin_3
config_355,384,19,24,0.0091700283810496,0.9725356101989746,0.9924817085266112,0.113319993019104,5.758667248301208e-05,128,60456.0,7.874473379501703e+18,15848331264,52941312,16,5.758667248301208e-05,6383206400.0,3.1705774613575235e+18,24342.0,1.8811736519219449,1.9008230332077527,bin_3
config_355,384,19,24,0.0091700283810496,0.9725356101989746,0.9924817085266112,0.113319993019104,5.758667248301208e-05,128,60456.0,7.874473379501703e+18,15848331264,52941312,16,5.758667248301208e-05,7982284800.0,3.9632869523534106e+18,30428.0,1.8436493938086465,1.8626510040095596,bin_3
config_355,384,19,24,0.0091700283810496,0.9725356101989746,0.9924817085266112,0.113319993019104,5.758667248301208e-05,128,60456.0,7.874473379501703e+18,15848331264,52941312,16,5.758667248301208e-05,9568256000.0,4.755996443349299e+18,36514.0,1.813583816192189,1.8339444454771572,bin_3
config_355,384,19,24,0.0091700283810496,0.9725356101989746,0.9924817085266112,0.113319993019104,5.758667248301208e-05,128,60456.0,7.874473379501703e+18,15848331264,52941312,16,5.758667248301208e-05,11167334400.0,5.548575683032173e+18,42599.0,1.7921471801351327,1.812455003066141,bin_3
config_355,384,19,24,0.0091700283810496,0.9725356101989746,0.9924817085266112,0.113319993019104,5.758667248301208e-05,128,60456.0,7.874473379501703e+18,15848331264,52941312,16,5.758667248301208e-05,12766412800.0,6.34128517402806e+18,48685.0,1.7764267935909208,1.7961295616040465,bin_3
config_355,384,19,24,0.0091700283810496,0.9725356101989746,0.9924817085266112,0.113319993019104,5.758667248301208e-05,128,60456.0,7.874473379501703e+18,15848331264,52941312,16,4.7969277837674e-05,14352384000.0,7.133864413710935e+18,54770.0,1.7611594315435066,1.777897921585646,bin_3
config_355,384,19,24,0.0091700283810496,0.9725356101989746,0.9924817085266112,0.113319993019104,5.758667248301208e-05,128,60456.0,7.874473379501703e+18,15848331264,52941312,16,5.044088100701676e-08,15846604800.0,7.874473379501703e+18,60456.0,1.7368148075166296,1.7532739009231817,bin_3
config_356,704,22,16,0.0031224319245666,0.8063367605209351,0.9425479769706726,0.2931093275547027,0.0001046135512297,32,6717.0,6.27592679448109e+17,440218816,174199168,8,0.0001046135512297,219545600.0,3.137496229844797e+17,3358.0,2.246991093061009,2.2701256397122243,bin_1
config_356,704,22,16,0.0031224319245666,0.8063367605209351,0.9425479769706726,0.2931093275547027,0.0001046135512297,32,6717.0,6.27592679448109e+17,440218816,174199168,8,9.036739689557868e-07,439091200.0,6.27592679448109e+17,6717.0,2.016385992804512,2.0374936516558537,bin_1
config_358,1024,11,8,0.0140782734379172,0.909735381603241,0.916336178779602,0.110927052795887,0.0001113926264224,64,74966.0,1.4085636349231104e+19,9826048000,192802816,8,0.0001113926264224,1592524800.0,2.2868537737973453e+18,12171.0,1.7938221993016414,1.812692036120618,bin_3
config_358,1024,11,8,0.0140782734379172,0.909735381603241,0.916336178779602,0.110927052795887,0.0001113926264224,64,74966.0,1.4085636349231104e+19,9826048000,192802816,8,0.0001113926264224,3191603200.0,4.5737075475946906e+18,24342.0,1.6980758050816958,1.716483706138173,bin_3
config_358,1024,11,8,0.0140782734379172,0.909735381603241,0.916336178779602,0.110927052795887,0.0001113926264224,64,74966.0,1.4085636349231104e+19,9826048000,192802816,8,0.0001113926264224,4784128000.0,6.860749215055152e+18,36514.0,1.65518048356791,1.6714306299412838,bin_3
config_358,1024,11,8,0.0140782734379172,0.909735381603241,0.916336178779602,0.110927052795887,0.0001113926264224,64,74966.0,1.4085636349231104e+19,9826048000,192802816,8,0.0001113926264224,6383206400.0,9.147602988852496e+18,48685.0,1.6296161447782986,1.6454772575956875,bin_3
config_358,1024,11,8,0.0140782734379172,0.909735381603241,0.916336178779602,0.110927052795887,0.0001113926264224,64,74966.0,1.4085636349231104e+19,9826048000,192802816,8,0.0001113926264224,7975731200.0,1.1434456762649842e+19,60856.0,1.611845400235692,1.6279121177118332,bin_3
config_358,1024,11,8,0.0140782734379172,0.909735381603241,0.916336178779602,0.110927052795887,0.0001113926264224,64,74966.0,1.4085636349231104e+19,9826048000,192802816,8,2.566786196337082e-05,9574809600.0,1.372131053644719e+19,73027.0,1.564468386153706,1.5789564161417915,bin_3
config_358,1024,11,8,0.0140782734379172,0.909735381603241,0.916336178779602,0.110927052795887,0.0001113926264224,64,74966.0,1.4085636349231104e+19,9826048000,192802816,8,2.1434540261687626e-07,9823846400.0,1.4085636349231104e+19,74966.0,1.5560029460953884,1.570377010087498,bin_3
config_359,1024,20,8,0.0144238313660025,0.9737749099731444,0.931054949760437,0.0760165601968765,0.0037173093296587,32,5395.0,8.322678904537743e+17,353611072,308426752,8,0.0037173093296587,176947200.0,4.16056811965492e+17,2697.0,3.4651974841805755,3.4997087500525303,bin_1
config_359,1024,20,8,0.0144238313660025,0.9737749099731444,0.931054949760437,0.0760165601968765,0.0037173093296587,32,5395.0,8.322678904537743e+17,353611072,308426752,8,0.0004079973654503,350617600.0,8.322678904537743e+17,5395.0,3.352245126083249,3.386449763618532,bin_1
config_36,704,24,8,0.0051701162010431,0.9035282731056212,0.9945122003555298,0.0462554991245269,1.6447580492240377e-05,64,19477.0,3.92114824755875e+18,2552938752,186817664,8,1.6447580492240377e-05,1592524800.0,2.4502898455120164e+18,12171.0,2.1032628986092865,2.1252361592894693,bin_2
config_36,704,24,8,0.0051701162010431,0.9035282731056212,0.9945122003555298,0.0462554991245269,1.6447580492240377e-05,64,19477.0,3.92114824755875e+18,2552938752,186817664,8,4.93427414767211e-07,2549350400.0,3.92114824755875e+18,19477.0,1.951438476492147,1.9717565433510011,bin_2
config_361,576,19,24,0.0013895373558625,0.8222805857658386,0.9885231852531432,0.0977745503187179,0.0001611687039257,32,4881.0,2.8681203595548672e+17,319893280,104626944,8,0.0001611687039257,160563200.0,1.4337663751923533e+17,2440.0,2.3669531863634705,2.391003875322029,bin_0
config_361,576,19,24,0.0013895373558625,0.8222805857658386,0.9885231852531432,0.0977745503187179,0.0001611687039257,32,4881.0,2.8681203595548672e+17,319893280,104626944,8,1.0474276355764509e-05,317849600.0,2.8681203595548672e+17,4881.0,2.066828224893476,2.088337581372652,bin_0
config_363,1088,22,16,0.0037232432514429,0.8582589030265808,0.9044780135154724,0.2180307060480117,0.0003017889976035,64,20672.0,7.763005834702848e+18,2709561600,379513984,8,0.0003017889976035,1592524800.0,4.57060487684638e+18,12171.0,1.706887202047911,1.7242833776552169,bin_3
config_363,1088,22,16,0.0037232432514429,0.8582589030265808,0.9044780135154724,0.2180307060480117,0.0003017889976035,64,20672.0,7.763005834702848e+18,2709561600,379513984,8,1.473121355065202e-06,2706636800.0,7.763005834702848e+18,20672.0,1.58753064524932,1.6042427044618326,bin_3
config_364,1088,7,8,0.0015274054603651,0.829801619052887,0.9134795665740968,0.0946737229824066,0.0004570894816424,32,4554.0,3.389277415809024e+17,298514176,158051584,16,0.0004570894816424,150732800.0,1.694638707904512e+17,2277.0,2.1499132596860164,2.171363067353358,bin_0
config_364,1088,7,8,0.0015274054603651,0.829801619052887,0.9134795665740968,0.0946737229824066,0.0004570894816424,32,4554.0,3.389277415809024e+17,298514176,158051584,16,4.242129760022881e-06,298188800.0,3.389277415809024e+17,4554.0,1.9520625243030607,1.9724823880195617,bin_0
config_365,448,13,14,0.1336321681737899,0.807000994682312,0.9596014022827148,0.2200542241334915,0.0002485125150997,64,11028.0,6.867628435404227e+17,1445573632,55336960,16,0.0002485125150997,720896000.0,3.433814217702113e+17,5514.0,1.9710407901982792,1.991966930022005,bin_1
config_365,448,13,14,0.1336321681737899,0.807000994682312,0.9596014022827148,0.2200542241334915,0.0002485125150997,64,11028.0,6.867628435404227e+17,1445573632,55336960,16,2.868240075347135e-06,1441792000.0,6.867628435404227e+17,11028.0,1.8177972057608307,1.8375832141031985,bin_1
config_367,384,14,16,0.0063899182714521,0.9714251756668092,0.9154441952705384,0.0415639765560627,0.0041856756433844,64,58811.0,3.0571461358174863e+18,7708494848,44090112,16,0.0041856756433844,1592524800.0,6.326796962989002e+17,12171.0,1.874178051362272,1.8938441075653327,bin_2
config_367,384,14,16,0.0063899182714521,0.9714251756668092,0.9154441952705384,0.0415639765560627,0.0041856756433844,64,58811.0,3.0571461358174863e+18,7708494848,44090112,16,0.0041856756433844,3191603200.0,1.2653593925978004e+18,24342.0,1.8181095597783072,1.8370301914996787,bin_2
config_367,384,14,16,0.0063899182714521,0.9714251756668092,0.9154441952705384,0.0415639765560627,0.0041856756433844,64,58811.0,3.0571461358174863e+18,7708494848,44090112,16,0.0041856756433844,4784128000.0,1.8980910714532943e+18,36514.0,1.7951511129785758,1.8127548352616727,bin_2
config_367,384,14,16,0.0063899182714521,0.9714251756668092,0.9154441952705384,0.0415639765560627,0.0041856756433844,64,58811.0,3.0571461358174863e+18,7708494848,44090112,16,0.0041856756433844,6383206400.0,2.5307707677521946e+18,48685.0,1.782416305151142,1.799202470271314,bin_2
config_367,384,14,16,0.0063899182714521,0.9714251756668092,0.9154441952705384,0.0415639765560627,0.0041856756433844,64,58811.0,3.0571461358174863e+18,7708494848,44090112,16,1.883896566171397e-05,7707033600.0,3.0571461358174863e+18,58811.0,1.7112157707917883,1.7267738705384927,bin_2
config_37,384,12,24,0.0056938407942652,0.9702830910682678,0.9245150685310364,0.0677775666117668,6.283398397499695e-05,128,56744.0,5.302862166196224e+18,14875356160,40549632,16,6.283398397499695e-05,1599078400.0,5.687512185159703e+17,6086.0,2.3556441343026084,2.380109194458508,bin_3
config_37,384,12,24,0.0056938407942652,0.9702830910682678,0.9245150685310364,0.0677775666117668,6.283398397499695e-05,128,56744.0,5.302862166196224e+18,14875356160,40549632,16,6.283398397499695e-05,3185049600.0,1.1374089846463808e+18,12171.0,2.056575774130274,2.078491006444712,bin_3
config_37,384,12,24,0.0056938407942652,0.9702830910682678,0.9245150685310364,0.0677775666117668,6.283398397499695e-05,128,56744.0,5.302862166196224e+18,14875356160,40549632,16,6.283398397499695e-05,4784128000.0,1.7061602031623514e+18,18257.0,1.9567477979425525,1.977250277097108,bin_3
config_37,384,12,24,0.0056938407942652,0.9702830910682678,0.9245150685310364,0.0677775666117668,6.283398397499695e-05,128,56744.0,5.302862166196224e+18,14875356160,40549632,16,6.283398397499695e-05,6383206400.0,2.2748179692927616e+18,24342.0,1.9021786427497864,1.9222367122525077,bin_3
config_37,384,12,24,0.0056938407942652,0.9702830910682678,0.9245150685310364,0.0677775666117668,6.283398397499695e-05,128,56744.0,5.302862166196224e+18,14875356160,40549632,16,6.283398397499695e-05,7982284800.0,2.843569187808732e+18,30428.0,1.8685018016080388,1.887721116308306,bin_3
config_37,384,12,24,0.0056938407942652,0.9702830910682678,0.9245150685310364,0.0677775666117668,6.283398397499695e-05,128,56744.0,5.302862166196224e+18,14875356160,40549632,16,6.283398397499695e-05,9568256000.0,3.4123204063247027e+18,36514.0,1.842100884992568,1.8630956706453543,bin_3
config_37,384,12,24,0.0056938407942652,0.9702830910682678,0.9245150685310364,0.0677775666117668,6.283398397499695e-05,128,56744.0,5.302862166196224e+18,14875356160,40549632,16,6.283398397499695e-05,11167334400.0,3.980978172455113e+18,42599.0,1.8229101147808011,1.8438942707952903,bin_3
config_37,384,12,24,0.0056938407942652,0.9702830910682678,0.9245150685310364,0.0677775666117668,6.283398397499695e-05,128,56744.0,5.302862166196224e+18,14875356160,40549632,16,6.283398397499695e-05,12766412800.0,4.549729390971084e+18,48685.0,1.8080400588082488,1.8286847671524424,bin_3
config_37,384,12,24,0.0056938407942652,0.9702830910682678,0.9245150685310364,0.0677775666117668,6.283398397499695e-05,128,56744.0,5.302862166196224e+18,14875356160,40549632,16,3.258542627988139e-05,14352384000.0,5.118387157101494e+18,54770.0,1.7916469216737592,1.80639702624962,bin_3
config_37,384,12,24,0.0056938407942652,0.9702830910682678,0.9245150685310364,0.0677775666117668,6.283398397499695e-05,128,56744.0,5.302862166196224e+18,14875356160,40549632,16,7.190364876202485e-07,14863564800.0,5.302862166196224e+18,56744.0,1.780344376954876,1.794601475019924,bin_3
config_371,640,5,20,0.0060323416255414,0.8161618709564209,0.9732842445373536,0.025093013420701,0.0015700086951255,64,49768.0,2.766377832140636e+18,6523274752,57579520,16,0.0015700086951255,1592524800.0,6.765307947874876e+17,12171.0,1.823548848980763,1.8437352808967968,bin_2
config_371,640,5,20,0.0060323416255414,0.8161618709564209,0.9732842445373536,0.025093013420701,0.0015700086951255,64,49768.0,2.766377832140636e+18,6523274752,57579520,16,0.0015700086951255,3191603200.0,1.3530615895749752e+18,24342.0,1.7662876661879117,1.785805260783336,bin_2
config_371,640,5,20,0.0060323416255414,0.8161618709564209,0.9732842445373536,0.025093013420701,0.0015700086951255,64,49768.0,2.766377832140636e+18,6523274752,57579520,16,0.0015700086951255,4784128000.0,2.0296479698357007e+18,36514.0,1.7420738203799138,1.759952108860016,bin_2
config_371,640,5,20,0.0060323416255414,0.8161618709564209,0.9732842445373536,0.025093013420701,0.0015700086951255,64,49768.0,2.766377832140636e+18,6523274752,57579520,16,0.0013435651333286,6383206400.0,2.706178764623189e+18,48685.0,1.722058123721451,1.7397872413181867,bin_2
config_371,640,5,20,0.0060323416255414,0.8161618709564209,0.9732842445373536,0.025093013420701,0.0015700086951255,64,49768.0,2.766377832140636e+18,6523274752,57579520,16,2.264435617969603e-05,6520832000.0,2.766377832140636e+18,49768.0,1.687415955340276,1.704770498666607,bin_2
config_372,960,14,6,0.0011467898730188,0.8688241243362427,0.9794131517410278,0.2992032468318939,0.0006899771979078,64,21351.0,4.33454706498945e+18,2798522624,203122560,8,0.0006899771979078,1592524800.0,2.470880629852775e+18,12171.0,1.6976815549858282,1.7153593987128777,bin_2
config_372,960,14,6,0.0011467898730188,0.8688241243362427,0.9794131517410278,0.2992032468318939,0.0006899771979078,64,21351.0,4.33454706498945e+18,2798522624,203122560,8,1.0801145865809836e-07,2798387200.0,4.33454706498945e+18,21351.0,1.586358846074245,1.6028564175816833,bin_2
config_373,1152,21,16,0.0776055306196212,0.9824782013893129,0.9337735176086426,0.1923518925905227,0.0019745568279176,64,12626.0,4.879843611789165e+18,1654948096,392398848,8,0.0003871042216181,1592524800.0,4.703989909637725e+18,12171.0,3.2604379255263534,3.292591223873076,bin_3
config_373,1152,21,16,0.0776055306196212,0.9824782013893129,0.9337735176086426,0.1923518925905227,0.0019745568279176,64,12626.0,4.879843611789165e+18,1654948096,392398848,8,2.1144348239645738e-05,1651507200.0,4.879843611789165e+18,12626.0,3.2382813277010056,3.272881685514919,bin_3
config_375,1152,23,12,0.0770118832588195,0.9820305109024048,0.9313522577285768,0.2937497198581695,1.5161052033363376e-05,32,4222.0,8.845620261902254e+17,276740032,424253952,8,1.5161052033363376e-05,137625600.0,4.422810130951127e+17,2111.0,2.8749567795581505,2.904698075740064,bin_1
config_375,1152,23,12,0.0770118832588195,0.9820305109024048,0.9313522577285768,0.2937497198581695,1.5161052033363376e-05,32,4222.0,8.845620261902254e+17,276740032,424253952,8,2.689864070435433e-07,275251200.0,8.845620261902254e+17,4222.0,2.5885553559123493,2.615237816552647,bin_1
config_376,704,14,8,0.01592318713665,0.8408514261245728,0.9686583876609802,0.1768219172954559,0.0019815054256469,64,36284.0,4.681953639236764e+18,4755909632,123725184,8,0.0019815054256469,1592524800.0,1.5705009850939988e+18,12171.0,1.7340455464261475,1.7519669714521189,bin_3
config_376,704,14,8,0.01592318713665,0.8408514261245728,0.9686583876609802,0.1768219172954559,0.0019815054256469,64,36284.0,4.681953639236764e+18,4755909632,123725184,8,0.0019815054256469,3191603200.0,3.1410019701879977e+18,24342.0,1.6753764847653811,1.6930469070106255,bin_3
config_376,704,14,8,0.01592318713665,0.8408514261245728,0.9686583876609802,0.1768219172954559,0.0019815054256469,64,36284.0,4.681953639236764e+18,4755909632,123725184,8,1.05021331990641e-05,4751360000.0,4.681953639236764e+18,36284.0,1.5799302223080494,1.5936679493403825,bin_3
config_378,704,4,16,0.0026393479201942,0.9275038242340088,0.9654542207717896,0.2796150147914886,0.0002171796077163,64,23919.0,1.3574195704279204e+18,3135177216,60632704,16,0.0002171796077163,1592524800.0,6.907125545247803e+17,12171.0,1.868016107434132,1.888848949416739,bin_1
config_378,704,4,16,0.0026393479201942,0.9275038242340088,0.9654542207717896,0.2796150147914886,0.0002171796077163,64,23919.0,1.3574195704279204e+18,3135177216,60632704,16,6.169875219215449e-07,3132620800.0,1.3574195704279204e+18,23919.0,1.7611969078173404,1.780930122742887,bin_1
config_379,256,14,16,0.0020587611943483,0.9717686772346495,0.9814202189445496,0.1958454400300979,0.002732214750722,64,24202.0,7.514056146427576e+17,3172212224,24805888,16,0.002732214750722,1592524800.0,3.778761150242543e+17,12171.0,1.9076499097464517,1.928837727640496,bin_1
config_379,256,14,16,0.0020587611943483,0.9717686772346495,0.9814202189445496,0.1958454400300979,0.002732214750722,64,24202.0,7.514056146427576e+17,3172212224,24805888,16,1.1530764932360556e-06,3171942400.0,7.514056146427576e+17,24202.0,1.80536850202279,1.8253758126790407,bin_1
config_380,576,10,6,0.0018162111518904,0.8562465310096741,0.9674994945526124,0.2250396311283111,0.0021890364587306,128,41812.0,6.074423630818836e+18,10960829440,68784768,16,0.0021890364587306,1599078400.0,8.841706260681966e+17,6086.0,1.780694190713226,1.7998150423315704,bin_3
config_380,576,10,6,0.0018162111518904,0.8562465310096741,0.9674994945526124,0.2250396311283111,0.0021890364587306,128,41812.0,6.074423630818836e+18,10960829440,68784768,16,0.0021890364587306,3185049600.0,1.768195972703914e+18,12171.0,1.7097844102343576,1.7284116496805284,bin_3
config_380,576,10,6,0.0018162111518904,0.8562465310096741,0.9674994945526124,0.2250396311283111,0.0021890364587306,128,41812.0,6.074423630818836e+18,10960829440,68784768,16,0.0021890364587306,4784128000.0,2.652366598772111e+18,18257.0,1.6796985653971062,1.6963713096399775,bin_3
config_380,576,10,6,0.0018162111518904,0.8562465310096741,0.9674994945526124,0.2250396311283111,0.0021890364587306,128,41812.0,6.074423630818836e+18,10960829440,68784768,16,0.0021890364587306,6383206400.0,3.536391945407828e+18,24342.0,1.6614287761391189,1.6778207927453714,bin_3
config_380,576,10,6,0.0018162111518904,0.8562465310096741,0.9674994945526124,0.2250396311283111,0.0021890364587306,128,41812.0,6.074423630818836e+18,10960829440,68784768,16,0.0021890364587306,7982284800.0,4.420562571476025e+18,30428.0,1.6489612979185386,1.665276656932518,bin_3
config_380,576,10,6,0.0018162111518904,0.8562465310096741,0.9674994945526124,0.2250396311283111,0.0021890364587306,128,41812.0,6.074423630818836e+18,10960829440,68784768,16,0.0012358552097754,9568256000.0,5.304733197544222e+18,36514.0,1.6210470944154458,1.6362580819989814,bin_3
config_380,576,10,6,0.0018162111518904,0.8562465310096741,0.9674994945526124,0.2250396311283111,0.0021890364587306,128,41812.0,6.074423630818836e+18,10960829440,68784768,16,2.7918415883483078e-06,10957619200.0,6.074423630818836e+18,41812.0,1.5934467817916245,1.6082268873199088,bin_3
config_381,1152,8,6,0.1323904395103454,0.9490640163421632,0.966964602470398,0.1400066167116165,0.0008113985531963,64,21946.0,3.8500295487307776e+18,2876550400,185340672,8,0.0008113985531963,1592524800.0,2.135182249047767e+18,12171.0,1.7437385277083663,1.76183224525608,bin_2
config_381,1152,8,6,0.1323904395103454,0.9490640163421632,0.966964602470398,0.1400066167116165,0.0008113985531963,64,21946.0,3.8500295487307776e+18,2876550400,185340672,8,1.214984812728892e-05,2870476800.0,3.8500295487307776e+18,21946.0,1.6083064597356516,1.624738171471924,bin_2
config_382,704,6,4,0.0022339960560202,0.9472734928131104,0.9783576726913452,0.1955612301826477,1.104700641008094e-05,64,10166.0,7.23931492641325e+17,1332565888,73251200,16,1.104700641008094e-05,668467200.0,3.619657463206625e+17,5083.0,2.791023506883715,2.819369463295233,bin_1
config_382,704,6,4,0.0022339960560202,0.9472734928131104,0.9783576726913452,0.1955612301826477,1.104700641008094e-05,64,10166.0,7.23931492641325e+17,1332565888,73251200,16,8.890950833063115e-08,1330380800.0,7.23931492641325e+17,10166.0,2.495551422463089,2.520388652535736,bin_1
config_383,384,16,12,0.0056632542982697,0.983685314655304,0.9770740270614624,0.1369165331125259,0.0003763558634091,32,7810.0,2.2354427411022643e+17,511891488,47630592,16,0.0003763558634091,255590400.0,1.1177213705511322e+17,3905.0,2.337962607360277,2.360506519645941,bin_0
config_383,384,16,12,0.0056632542982697,0.983685314655304,0.9770740270614624,0.1369165331125259,0.0003763558634091,32,7810.0,2.2354427411022643e+17,511891488,47630592,16,3.5206348307681608e-06,511180800.0,2.2354427411022643e+17,7810.0,2.025662552802289,2.0455662414285003,bin_0
config_385,320,17,8,0.1015648394823074,0.8603706359863281,0.9792016744613647,0.2261504083871841,0.0001407812524121,64,74355.0,3.628143593847521e+18,9745881088,39774720,16,0.0001407812524121,1592524800.0,5.938825321863786e+17,12171.0,1.9465262105035,1.9672613154864704,bin_2
config_385,320,17,8,0.1015648394823074,0.8603706359863281,0.9792016744613647,0.2261504083871841,0.0001407812524121,64,74355.0,3.628143593847521e+18,9745881088,39774720,16,0.0001407812524121,3191603200.0,1.1877650643727572e+18,24342.0,1.834867643137447,1.8546728868562667,bin_2
config_385,320,17,8,0.1015648394823074,0.8603706359863281,0.9792016744613647,0.2261504083871841,0.0001407812524121,64,74355.0,3.628143593847521e+18,9745881088,39774720,16,0.0001407812524121,4784128000.0,1.7816963914430554e+18,36514.0,1.7959624728218453,1.8131083337987053,bin_2
config_385,320,17,8,0.1015648394823074,0.8603706359863281,0.9792016744613647,0.2261504083871841,0.0001407812524121,64,74355.0,3.628143593847521e+18,9745881088,39774720,16,0.0001407812524121,6383206400.0,2.3755789236294344e+18,48685.0,1.7712460582373573,1.7868638069121563,bin_2
config_385,320,17,8,0.1015648394823074,0.8603706359863281,0.9792016744613647,0.2261504083871841,0.0001407812524121,64,74355.0,3.628143593847521e+18,9745881088,39774720,16,0.0001130687370696,7975731200.0,2.9694614558158126e+18,60856.0,1.7489435022776243,1.7636650083104115,bin_2
config_385,320,17,8,0.1015648394823074,0.8603706359863281,0.9792016744613647,0.2261504083871841,0.0001407812524121,64,74355.0,3.628143593847521e+18,9745881088,39774720,16,1.0925931275517322e-05,9574809600.0,3.5633439880021914e+18,73027.0,1.7013828644987012,1.7186295163826864,bin_2
config_385,320,17,8,0.1015648394823074,0.8603706359863281,0.9792016744613647,0.2261504083871841,0.0001407812524121,64,74355.0,3.628143593847521e+18,9745881088,39774720,16,4.1861805653338345e-08,9745203200.0,3.628143593847521e+18,74355.0,1.6988574597483777,1.7160927033424378,bin_2
config_386,832,19,8,0.0267548281699419,0.8584039807319641,0.9332371354103088,0.28179731965065,0.0062275840900838,64,12983.0,2.741033021202039e+18,1701740032,203736832,8,0.0014181458575833,1592524800.0,2.569599699688055e+18,12171.0,2.9426325296183102,2.9729149440077483,bin_2
config_386,832,19,8,0.0267548281699419,0.8584039807319641,0.9332371354103088,0.28179731965065,0.0062275840900838,64,12983.0,2.741033021202039e+18,1701740032,203736832,8,5.618104837965161e-05,1697382400.0,2.741033021202039e+18,12983.0,2.8994077391898045,2.9297003928950573,bin_2
config_387,704,20,16,0.1090689003467559,0.81899493932724,0.981365203857422,0.1236629486083984,0.0005375139298848,64,23586.0,4.066379551548408e+18,3091502336,161580672,8,0.0005375139298848,1592524800.0,2.098359430250813e+18,12171.0,1.7321515076277687,1.7500913801935851,bin_2
config_387,704,20,16,0.1090689003467559,0.81899493932724,0.981365203857422,0.1236629486083984,0.0005375139298848,64,23586.0,4.066379551548408e+18,3091502336,161580672,8,6.635974443023186e-06,3086745600.0,4.066379551548408e+18,23586.0,1.5973780684783812,1.6142526320160413,bin_2
config_388,640,24,16,0.0036109511274844,0.8726160526275635,0.930816411972046,0.1340634226799011,0.0007127816206775,32,8272.0,7.058214741602304e+17,542133568,154105600,8,0.0007127816206775,271974400.0,3.529107370801152e+17,4136.0,2.0442668901896868,2.064358939655492,bin_1
config_388,640,24,16,0.0036109511274844,0.8726160526275635,0.930816411972046,0.1340634226799011,0.0007127816206775,32,8272.0,7.058214741602304e+17,542133568,154105600,8,1.415270365966268e-05,540672000.0,7.058214741602304e+17,8272.0,1.8491302801937357,1.868519348961408,bin_1
config_389,384,14,16,0.0436412505805492,0.8618155717849731,0.95359468460083,0.2383837550878524,0.0001543074322398,128,57649.0,5.993472525532398e+18,15112346624,44090112,16,0.0001543074322398,1599078400.0,6.327303819734977e+17,6086.0,2.035832475287015,2.057560030749587,bin_3
config_389,384,14,16,0.0436412505805492,0.8618155717849731,0.95359468460083,0.2383837550878524,0.0001543074322398,128,57649.0,5.993472525532398e+18,15112346624,44090112,16,0.0001543074322398,3185049600.0,1.2653567990469012e+18,12171.0,1.873189106339314,1.8938590432776776,bin_3
config_389,384,14,16,0.0436412505805492,0.8618155717849731,0.95359468460083,0.2383837550878524,0.0001543074322398,128,57649.0,5.993472525532398e+18,15112346624,44090112,16,0.0001543074322398,4784128000.0,1.8980871810203988e+18,18257.0,1.8175383489640036,1.836089192218468,bin_3
config_389,384,14,16,0.0436412505805492,0.8618155717849731,0.95359468460083,0.2383837550878524,0.0001543074322398,128,57649.0,5.993472525532398e+18,15112346624,44090112,16,0.0001543074322398,6383206400.0,2.5307135980938025e+18,24342.0,1.7860578469370232,1.8036153149995648,bin_3
config_389,384,14,16,0.0436412505805492,0.8618155717849731,0.95359468460083,0.2383837550878524,0.0001543074322398,128,57649.0,5.993472525532398e+18,15112346624,44090112,16,0.0001543074322398,7982284800.0,3.1634439800673004e+18,30428.0,1.7647843835002086,1.7823007169317029,bin_3
config_389,384,14,16,0.0436412505805492,0.8618155717849731,0.95359468460083,0.2383837550878524,0.0001543074322398,128,57649.0,5.993472525532398e+18,15112346624,44090112,16,0.0001543074322398,9568256000.0,3.7961743620407977e+18,36514.0,1.7483126715363049,1.765962769789774,bin_3
config_389,384,14,16,0.0436412505805492,0.8618155717849731,0.95359468460083,0.2383837550878524,0.0001543074322398,128,57649.0,5.993472525532398e+18,15112346624,44090112,16,0.0001543074322398,11167334400.0,4.4288007791142016e+18,42599.0,1.7370806040138496,1.7538566205931492,bin_3
config_389,384,14,16,0.0436412505805492,0.8618155717849731,0.95359468460083,0.2383837550878524,0.0001543074322398,128,57649.0,5.993472525532398e+18,15112346624,44090112,16,0.0001004873534503,12766412800.0,5.0615311610877e+18,48685.0,1.716002130703848,1.732321436092502,bin_3
config_389,384,14,16,0.0436412505805492,0.8618155717849731,0.95359468460083,0.2383837550878524,0.0001543074322398,128,57649.0,5.993472525532398e+18,15112346624,44090112,16,3.2552557565376094e-05,14352384000.0,5.694157578161103e+18,54770.0,1.6951662270749202,1.7098922172139903,bin_3
config_389,384,14,16,0.0436412505805492,0.8618155717849731,0.95359468460083,0.2383837550878524,0.0001543074322398,128,57649.0,5.993472525532398e+18,15112346624,44090112,16,5.502157022088477e-07,15099494400.0,5.993472525532398e+18,57649.0,1.6880984685850926,1.7024635094501932,bin_3
config_390,448,12,8,0.0263109542429447,0.8869538307189941,0.9259814023971558,0.0170515365898609,0.0001160037863883,64,16613.0,9.775738652955772e+17,2177559552,52812928,16,0.0001160037863883,1592524800.0,7.161892201596622e+17,12171.0,1.9198676258227865,1.9405072315794525,bin_1
config_390,448,12,8,0.0263109542429447,0.8869538307189941,0.9259814023971558,0.0170515365898609,0.0001160037863883,64,16613.0,9.775738652955772e+17,2177559552,52812928,16,5.328795841159535e-06,2175795200.0,9.775738652955772e+17,16613.0,1.852710446334276,1.8728315140380236,bin_1
config_391,448,21,4,0.023701412603259,0.91665118932724,0.9034250378608704,0.2078039199113845,3.076363282161765e-05,64,27262.0,2.445123810942812e+18,3573328128,75529216,8,3.076363282161765e-05,1592524800.0,1.0916147715862728e+18,12171.0,2.110551759336816,2.1326290762424467,bin_2
config_391,448,21,4,0.023701412603259,0.91665118932724,0.9034250378608704,0.2078039199113845,3.076363282161765e-05,64,27262.0,2.445123810942812e+18,3573328128,75529216,8,1.5813539060291365e-05,3191603200.0,2.1832295431725453e+18,24342.0,1.9248284826122344,1.9462478424877416,bin_2
config_391,448,21,4,0.023701412603259,0.91665118932724,0.9034250378608704,0.2078039199113845,3.076363282161765e-05,64,27262.0,2.445123810942812e+18,3573328128,75529216,8,6.51656829407627e-08,3571712000.0,2.445123810942812e+18,27262.0,1.904720094809767,1.9260093823808135,bin_2
config_392,1152,9,24,0.0483062416315078,0.9083746671676636,0.9305450916290284,0.1360324919223785,0.0001162314656539,32,13648.0,1.3079475493830328e+18,894456448,201268224,8,0.0001162314656539,445644800.0,6.539737746915164e+17,6824.0,1.9982123220748589,2.019502070536379,bin_1
config_392,1152,9,24,0.0483062416315078,0.9083746671676636,0.9305450916290284,0.1360324919223785,0.0001162314656539,32,13648.0,1.3079475493830328e+18,894456448,201268224,8,3.005986180706436e-06,891289600.0,1.3079475493830328e+18,13648.0,1.826220463045308,1.8457553779883464,bin_1
config_393,384,6,8,0.0010251259664073,0.8142458200454712,0.9021746516227722,0.0318898744881153,0.0009211389697156,64,18126.0,5.6109908363791565e+17,2375904512,29928192,16,0.0009211389697156,1592524800.0,3.767591827737544e+17,12171.0,1.938260395448716,1.9586815969670408,bin_1
config_393,384,6,8,0.0010251259664073,0.8142458200454712,0.9021746516227722,0.0318898744881153,0.0009211389697156,64,18126.0,5.6109908363791565e+17,2375904512,29928192,16,4.143531697683013e-05,2372403200.0,5.6109908363791565e+17,18126.0,1.860582616133768,1.8801725220289387,bin_1
config_394,256,16,8,0.0992780104279518,0.8141578435897827,0.9329516887664796,0.1726442128419876,0.0026363867800682,32,6761.0,1.1507344956014592e+17,443139520,26510848,16,0.0026363867800682,222822400.0,5.7528214689142616e+16,3380.0,2.2400168685444064,2.2629377185712096,bin_0
config_394,256,16,8,0.0992780104279518,0.8141578435897827,0.9329516887664796,0.1726442128419876,0.0026363867800682,32,6761.0,1.1507344956014592e+17,443139520,26510848,16,2.4850260994645476e-05,442368000.0,1.1507344956014592e+17,6761.0,2.021070953978867,2.041221890957629,bin_0
config_395,576,8,12,0.1427061557769775,0.9009849429130554,0.9885208606719972,0.157696858048439,0.000709387823008,32,7630.0,2.3909709610296115e+17,500091712,60819840,16,0.000709387823008,249036800.0,1.1954854805148058e+17,3815.0,2.038780429793186,2.058834307350096,bin_0
config_395,576,8,12,0.1427061557769775,0.9009849429130554,0.9885208606719972,0.157696858048439,0.000709387823008,32,7630.0,2.3909709610296115e+17,500091712,60819840,16,1.769046940169579e-05,498073600.0,2.3909709610296115e+17,7630.0,1.8580248895629508,1.876973150949009,bin_0
config_396,1024,22,16,0.0021180387120693,0.9880083799362184,0.9290487766265868,0.1968290656805038,1.2180064004496671e-05,128,47966.0,3.216610390177953e+19,12574229504,334120960,8,1.2180064004496671e-05,1599078400.0,4.081284833970524e+18,6086.0,2.325492331317214,2.349920399970696,bin_3
config_396,1024,22,16,0.0021180387120693,0.9880083799362184,0.9290487766265868,0.1968290656805038,1.2180064004496671e-05,128,47966.0,3.216610390177953e+19,12574229504,334120960,8,1.2180064004496671e-05,3185049600.0,8.161899065766556e+18,12171.0,2.003666157175283,2.025450942516327,bin_3
config_396,1024,22,16,0.0021180387120693,0.9880083799362184,0.9290487766265868,0.1968290656805038,1.2180064004496671e-05,128,47966.0,3.216610390177953e+19,12574229504,334120960,8,1.2180064004496671e-05,4784128000.0,1.224318389973708e+19,18257.0,1.8861423967509972,1.905751762194712,bin_3
config_396,1024,22,16,0.0021180387120693,0.9880083799362184,0.9290487766265868,0.1968290656805038,1.2180064004496671e-05,128,47966.0,3.216610390177953e+19,12574229504,334120960,8,1.2180064004496671e-05,6383206400.0,1.6323798131533111e+19,24342.0,1.8170119488434715,1.8357932598864448,bin_3
config_396,1024,22,16,0.0021180387120693,0.9880083799362184,0.9290487766265868,0.1968290656805038,1.2180064004496671e-05,128,47966.0,3.216610390177953e+19,12574229504,334120960,8,1.2180064004496671e-05,7982284800.0,2.0405082965503635e+19,30428.0,1.770130500715287,1.7884716422831426,bin_3
config_396,1024,22,16,0.0021180387120693,0.9880083799362184,0.9290487766265868,0.1968290656805038,1.2180064004496671e-05,128,47966.0,3.216610390177953e+19,12574229504,334120960,8,1.2180064004496671e-05,9568256000.0,2.448636779947416e+19,36514.0,1.733747499673093,1.7531593538698602,bin_3
config_396,1024,22,16,0.0021180387120693,0.9880083799362184,0.9290487766265868,0.1968290656805038,1.2180064004496671e-05,128,47966.0,3.216610390177953e+19,12574229504,334120960,8,6.922807271277316e-06,11167334400.0,2.856698203127019e+19,42599.0,1.701818498920222,1.719940667855935,bin_3
config_396,1024,22,16,0.0021180387120693,0.9880083799362184,0.9290487766265868,0.1968290656805038,1.2180064004496671e-05,128,47966.0,3.216610390177953e+19,12574229504,334120960,8,2.0641989627364293e-08,12569804800.0,3.216610390177953e+19,47966.0,1.6830712610385457,1.7008530793033665,bin_3
config_397,1088,22,16,0.1994882375001907,0.8678081035614014,0.979910373687744,0.0542008131742477,1.1180967703694478e-05,128,46705.0,3.5078567206097388e+19,12243651584,379513984,8,1.1180967703694478e-05,1599078400.0,4.5709915430105713e+18,6086.0,2.3964850756770275,2.421480805268053,bin_3
config_397,1088,22,16,0.1994882375001907,0.8678081035614014,0.979910373687744,0.0542008131742477,1.1180967703694478e-05,128,46705.0,3.5078567206097388e+19,12243651584,379513984,8,1.1180967703694478e-05,3185049600.0,9.141232019385746e+18,12171.0,2.052182354966148,2.074366055238442,bin_3
config_397,1088,22,16,0.1994882375001907,0.8678081035614014,0.979910373687744,0.0542008131742477,1.1180967703694478e-05,128,46705.0,3.5078567206097388e+19,12243651584,379513984,8,1.1180967703694478e-05,4784128000.0,1.3712223562396318e+19,18257.0,1.922893366598692,1.9421334690734988,bin_3
config_397,1088,22,16,0.1994882375001907,0.8678081035614014,0.979910373687744,0.0542008131742477,1.1180967703694478e-05,128,46705.0,3.5078567206097388e+19,12243651584,379513984,8,1.1180967703694478e-05,6383206400.0,1.8282464038771493e+19,24342.0,1.842552693886835,1.86137772796584,bin_3
config_397,1088,22,16,0.1994882375001907,0.8678081035614014,0.979910373687744,0.0542008131742477,1.1180967703694478e-05,128,46705.0,3.5078567206097388e+19,12243651584,379513984,8,1.1180967703694478e-05,7982284800.0,2.2853455581782065e+19,30428.0,1.7903387229169,1.8085070402504968,bin_3
config_397,1088,22,16,0.1994882375001907,0.8678081035614014,0.979910373687744,0.0542008131742477,1.1180967703694478e-05,128,46705.0,3.5078567206097388e+19,12243651584,379513984,8,1.1180967703694478e-05,9568256000.0,2.7424447124792635e+19,36514.0,1.7509577723995584,1.7692874494341553,bin_3
config_397,1088,22,16,0.1994882375001907,0.8678081035614014,0.979910373687744,0.0542008131742477,1.1180967703694478e-05,128,46705.0,3.5078567206097388e+19,12243651584,379513984,8,1.1180967703694478e-05,11167334400.0,3.199468760116781e+19,42599.0,1.721537744275859,1.7387293300863171,bin_3
config_397,1088,22,16,0.1994882375001907,0.8678081035614014,0.979910373687744,0.0542008131742477,1.1180967703694478e-05,128,46705.0,3.5078567206097388e+19,12243651584,379513984,8,2.208804366593064e-08,12242124800.0,3.5078567206097388e+19,46705.0,1.6904239973279296,1.7068932045874048,bin_3
config_398,1152,14,6,0.169340044260025,0.9828420877456664,0.9201869964599608,0.280400812625885,0.0096469977870583,32,3978.0,5.427223775067709e+17,260724016,280905984,8,0.0096469977870583,131072000.0,2.7136118875338547e+17,1989.0,3.88902149517028,3.9160722513277024,bin_1
config_398,1152,14,6,0.169340044260025,0.9828420877456664,0.9201869964599608,0.280400812625885,0.0096469977870583,32,3978.0,5.427223775067709e+17,260724016,280905984,8,0.0002422564466705,258867200.0,5.427223775067709e+17,3978.0,3.719356757812813,3.747397859448293,bin_1
config_4,832,23,8,0.0087910573929548,0.8677055239677429,0.9440151453018188,0.0205717030912637,0.0001162478729384,128,49046.0,2.43900638727399e+19,12857278464,237822208,8,0.0001162478729384,1599078400.0,3.026504276179404e+18,6086.0,1.8113468097074392,1.83015104156192,bin_3
config_4,832,23,8,0.0087910573929548,0.8677055239677429,0.9440151453018188,0.0205717030912637,0.0001162478729384,128,49046.0,2.43900638727399e+19,12857278464,237822208,8,0.0001162478729384,3185049600.0,6.052511262796504e+18,12171.0,1.685514965025881,1.7029283180058308,bin_3
config_4,832,23,8,0.0087910573929548,0.8677055239677429,0.9440151453018188,0.0205717030912637,0.0001162478729384,128,49046.0,2.43900638727399e+19,12857278464,237822208,8,0.0001162478729384,4784128000.0,9.079015538975908e+18,18257.0,1.632278892839165,1.647619770183425,bin_3
config_4,832,23,8,0.0087910573929548,0.8677055239677429,0.9440151453018188,0.0205717030912637,0.0001162478729384,128,49046.0,2.43900638727399e+19,12857278464,237822208,8,0.0001162478729384,6383206400.0,1.2105022525593008e+19,24342.0,1.5990354420597377,1.6140215415893049,bin_3
config_4,832,23,8,0.0087910573929548,0.8677055239677429,0.9440151453018188,0.0205717030912637,0.0001162478729384,128,49046.0,2.43900638727399e+19,12857278464,237822208,8,0.0001162478729384,7982284800.0,1.5131526801772413e+19,30428.0,1.576703424234212,1.5913187681107823,bin_3
config_4,832,23,8,0.0087910573929548,0.8677055239677429,0.9440151453018188,0.0205717030912637,0.0001162478729384,128,49046.0,2.43900638727399e+19,12857278464,237822208,8,0.0001162478729384,9568256000.0,1.8158031077951816e+19,36514.0,1.5594322153325506,1.5733325429237472,bin_3
config_4,832,23,8,0.0087910573929548,0.8677055239677429,0.9440151453018188,0.0205717030912637,0.0001162478729384,128,49046.0,2.43900638727399e+19,12857278464,237822208,8,0.0001162478729384,11167334400.0,2.118403806456892e+19,42599.0,1.5461216054600513,1.5597071448510254,bin_3
config_4,832,23,8,0.0087910573929548,0.8677055239677429,0.9440151453018188,0.0205717030912637,0.0001162478729384,128,49046.0,2.43900638727399e+19,12857278464,237822208,8,3.990254368718957e-05,12766412800.0,2.421054234074832e+19,48685.0,1.5185094036279954,1.5319705731778996,bin_3
config_4,832,23,8,0.0087910573929548,0.8677055239677429,0.9440151453018188,0.0205717030912637,0.0001162478729384,128,49046.0,2.43900638727399e+19,12857278464,237822208,8,5.304962455522319e-06,12845056000.0,2.43900638727399e+19,49046.0,1.511295383222381,1.5246791172419272,bin_3
config_40,576,5,24,0.0401831865310668,0.9290140867233276,0.9115337133407592,0.0972509682178497,0.0001781737373676,64,20181.0,9.627863131844444e+17,2645195008,48872448,16,0.0001781737373676,1592524800.0,5.806487397932646e+17,12171.0,1.922852147368134,1.944151065896769,bin_1
config_40,576,5,24,0.0401831865310668,0.9290140867233276,0.9115337133407592,0.0972509682178497,0.0001781737373676,64,20181.0,9.627863131844444e+17,2645195008,48872448,16,2.8151813753292854e-06,2641100800.0,9.627863131844444e+17,20181.0,1.826764790816385,1.846748716401272,bin_1
config_400,448,19,16,0.0068316608667373,0.8585625886917114,0.9467555284500122,0.1488325297832489,0.0074829282239079,128,58647.0,9.71606805088174e+18,15374182400,70481152,16,0.0074829282239079,1599078400.0,1.0082696498996756e+18,6086.0,1.7900658163477163,1.8087482103754264,bin_3
config_400,448,19,16,0.0068316608667373,0.8585625886917114,0.9467555284500122,0.1488325297832489,0.0074829282239079,128,58647.0,9.71606805088174e+18,15374182400,70481152,16,0.0074829282239079,3185049600.0,2.0163736294658156e+18,12171.0,1.7255051124682192,1.7434528919907868,bin_3
config_400,448,19,16,0.0068316608667373,0.8585625886917114,0.9467555284500122,0.1488325297832489,0.0074829282239079,128,58647.0,9.71606805088174e+18,15374182400,70481152,16,0.0074829282239079,4784128000.0,3.024643279365491e+18,18257.0,1.7013925774761889,1.7167623641842702,bin_3
config_400,448,19,16,0.0068316608667373,0.8585625886917114,0.9467555284500122,0.1488325297832489,0.0074829282239079,128,58647.0,9.71606805088174e+18,15374182400,70481152,16,0.0074829282239079,6383206400.0,4.032747258931631e+18,24342.0,1.6882153277709837,1.70348459536912,bin_3
config_400,448,19,16,0.0068316608667373,0.8585625886917114,0.9467555284500122,0.1488325297832489,0.0074829282239079,128,58647.0,9.71606805088174e+18,15374182400,70481152,16,0.0074829282239079,7982284800.0,5.041016908831306e+18,30428.0,1.6776972420489202,1.6935115213863186,bin_3
config_400,448,19,16,0.0068316608667373,0.8585625886917114,0.9467555284500122,0.1488325297832489,0.0074829282239079,128,58647.0,9.71606805088174e+18,15374182400,70481152,16,0.0074829282239079,9568256000.0,6.049286558730982e+18,36514.0,1.670326217119811,1.685984528221068,bin_3
config_400,448,19,16,0.0068316608667373,0.8585625886917114,0.9467555284500122,0.1488325297832489,0.0074829282239079,128,58647.0,9.71606805088174e+18,15374182400,70481152,16,0.0074829282239079,11167334400.0,7.057390538297122e+18,42599.0,1.6650073406735404,1.6809394028147713,bin_3
config_400,448,19,16,0.0068316608667373,0.8585625886917114,0.9467555284500122,0.1488325297832489,0.0074829282239079,128,58647.0,9.71606805088174e+18,15374182400,70481152,16,0.0074829282239079,12766412800.0,8.065660188196796e+18,48685.0,1.6615157619460683,1.6763088453793136,bin_3
config_400,448,19,16,0.0068316608667373,0.8585625886917114,0.9467555284500122,0.1488325297832489,0.0074829282239079,128,58647.0,9.71606805088174e+18,15374182400,70481152,16,0.0033410828699094,14352384000.0,9.073764167762936e+18,54770.0,1.6189945186161605,1.629675585129222,bin_3
config_400,448,19,16,0.0068316608667373,0.8585625886917114,0.9467555284500122,0.1488325297832489,0.0074829282239079,128,58647.0,9.71606805088174e+18,15374182400,70481152,16,4.029532842846854e-05,15361638400.0,9.71606805088174e+18,58647.0,1.5810834617692917,1.5915447822946016,bin_3
config_404,1088,21,16,0.0082495082169771,0.8845011591911316,0.9286541938781738,0.2855751514434814,0.0002972428046632,64,73038.0,2.632391293964334e+19,9573269504,364749824,8,0.0002972428046632,1592524800.0,4.386597995405119e+18,12171.0,1.7152079816724433,1.732339729363801,bin_3
config_404,1088,21,16,0.0082495082169771,0.8845011591911316,0.9286541938781738,0.2855751514434814,0.0002972428046632,64,73038.0,2.632391293964334e+19,9573269504,364749824,8,0.0002972428046632,3191603200.0,8.773195990810237e+18,24342.0,1.6245800940912278,1.6421358075884522,bin_3
config_404,1088,21,16,0.0082495082169771,0.8845011591911316,0.9286541938781738,0.2855751514434814,0.0002972428046632,64,73038.0,2.632391293964334e+19,9573269504,364749824,8,0.0002972428046632,4784128000.0,1.3160154400149742e+19,36514.0,1.5879305525490497,1.6028214389378908,bin_3
config_404,1088,21,16,0.0082495082169771,0.8845011591911316,0.9286541938781738,0.2855751514434814,0.0002972428046632,64,73038.0,2.632391293964334e+19,9573269504,364749824,8,0.0002972428046632,6383206400.0,1.7546752395554863e+19,48685.0,1.5652411451105213,1.5792220553022915,bin_3
config_404,1088,21,16,0.0082495082169771,0.8845011591911316,0.9286541938781738,0.2855751514434814,0.0002972428046632,64,73038.0,2.632391293964334e+19,9573269504,364749824,8,0.0001736968549281,7975731200.0,2.193335039095998e+19,60856.0,1.521700866935683,1.5345817049409525,bin_3
config_404,1088,21,16,0.0082495082169771,0.8845011591911316,0.9286541938781738,0.2855751514434814,0.0002972428046632,64,73038.0,2.632391293964334e+19,9573269504,364749824,8,5.415556684664337e-07,9568256000.0,2.63199483863651e+19,73027.0,1.4728051776084743,1.4871889263391496,bin_3
config_404,1088,21,16,0.0082495082169771,0.8845011591911316,0.9286541938781738,0.2855751514434814,0.0002972428046632,64,73038.0,2.632391293964334e+19,9573269504,364749824,8,5.415556684664337e-07,9568256000.0,2.632391293964334e+19,73038.0,1.4728070968096374,1.487189859835828,bin_3
config_405,448,24,4,0.0631351023912429,0.9440246820449828,0.935495913028717,0.0374105423688888,0.0001780481979949,32,14793.0,7.394687120520806e+17,969518720,83101312,8,0.0001780481979949,484966400.0,3.697093621535313e+17,7396.0,2.0027034385282487,2.022088323655676,bin_1
config_405,448,24,4,0.0631351023912429,0.9440246820449828,0.935495913028717,0.0374105423688888,0.0001780481979949,32,14793.0,7.394687120520806e+17,969518720,83101312,8,1.3844615757291916e-05,966656000.0,7.394687120520806e+17,14793.0,1.8430267206371809,1.862775960398502,bin_1
config_407,512,22,8,0.0113647188991308,0.873883843421936,0.9617615342140198,0.0306900683790445,4.2482690332690254e-05,32,3637.0,2.1005572928996966e+17,238397872,100738048,8,4.2482690332690254e-05,117964800.0,1.0499898703578909e+17,1818.0,2.8763517760644195,2.9064865497682915,bin_0
config_407,512,22,8,0.0113647188991308,0.873883843421936,0.9617615342140198,0.0306900683790445,4.2482690332690254e-05,32,3637.0,2.1005572928996966e+17,238397872,100738048,8,1.416089677756342e-05,235929600.0,2.1005572928996966e+17,3637.0,2.5974465077626903,2.624893508446021,bin_0
config_408,1088,8,8,0.0011940028052777,0.9483165740966796,0.9810276627540588,0.0197206735610961,0.0007761174347251,32,8002.0,6.559154338332672e+17,524441600,172815744,16,0.0007761174347251,262144000.0,3.279577169166336e+17,4001.0,2.0119718195962126,2.03224134644524,bin_1
config_408,1088,8,8,0.0011940028052777,0.9483165740966796,0.9810276627540588,0.0197206735610961,0.0007761174347251,32,8002.0,6.559154338332672e+17,524441600,172815744,16,9.886846302231384e-06,524288000.0,6.559154338332672e+17,8002.0,1.852990945323569,1.872244366856872,bin_1
config_41,832,5,8,0.0761127769947052,0.9640675783157348,0.9051052331924438,0.1276539266109466,0.0065104756504297,64,25536.0,2.0377421121872852e+18,3347094016,84438016,16,0.0065104756504297,1592524800.0,9.712311735366326e+17,12171.0,1.9582652777140257,1.976407569119188,bin_2
config_41,832,5,8,0.0761127769947052,0.9640675783157348,0.9051052331924438,0.1276539266109466,0.0065104756504297,64,25536.0,2.0377421121872852e+18,3347094016,84438016,16,0.0023692617739827,3191603200.0,1.942462347073265e+18,24342.0,1.8099393710152047,1.8290376859805624,bin_2
config_41,832,5,8,0.0761127769947052,0.9640675783157348,0.9051052331924438,0.1276539266109466,0.0065104756504297,64,25536.0,2.0377421121872852e+18,3347094016,84438016,16,7.191688352729993e-05,3342336000.0,2.0377421121872852e+18,25536.0,1.736280251995462,1.754306462592766,bin_2
config_410,1152,8,24,0.0138102946802973,0.8828459978103638,0.9570432305336,0.1718286871910095,0.0001075466716429,32,7519.0,6.595361079726735e+17,492772544,185340672,8,0.0001075466716429,245760000.0,3.297241960193217e+17,3759.0,2.1483570571219337,2.170164860662867,bin_1
config_410,1152,8,24,0.0138102946802973,0.8828459978103638,0.9570432305336,0.1718286871910095,0.0001075466716429,32,7519.0,6.595361079726735e+17,492772544,185340672,8,1.5827937732111006e-06,491520000.0,6.595361079726735e+17,7519.0,1.9478347022611584,1.9679294888308791,bin_1
config_414,960,24,16,0.0174011662602424,0.8200139999389648,0.9576188325881958,0.0054498733952641,0.0003051306703127,32,7260.0,1.164981908756091e+18,475823008,313733760,8,0.0003051306703127,239206400.0,5.824909543780454e+17,3630.0,2.0021923076520203,2.021804951663877,bin_1
config_414,960,24,16,0.0174011662602424,0.8200139999389648,0.9576188325881958,0.0054498733952641,0.0003051306703127,32,7260.0,1.164981908756091e+18,475823008,313733760,8,7.823863341353642e-05,475136000.0,1.164981908756091e+18,7260.0,1.849035474667784,1.8669468655742585,bin_1
config_415,1024,18,16,0.0411340445280075,0.8989241719245911,0.944077968597412,0.0371687673032283,6.249877333175391e-05,32,3371.0,4.748591897578045e+17,220951808,282732544,8,6.249877333175391e-05,111411200.0,2.3735916189317728e+17,1685.0,2.608536201695927,2.635804813689873,bin_0
config_415,1024,18,16,0.0411340445280075,0.8989241719245911,0.944077968597412,0.0371687673032283,6.249877333175391e-05,32,3371.0,4.748591897578045e+17,220951808,282732544,8,1.0499793919734656e-05,219545600.0,4.748591897578045e+17,3371.0,2.234488201199985,2.257107260383544,bin_0
config_416,256,23,16,0.0227594040334224,0.8725208044052124,0.929986834526062,0.0620394796133041,0.009905656799674,32,4150.0,9.235045996211405e+16,272018592,32478208,16,0.009905656799674,137625600.0,4.617522998105702e+16,2075.0,3.253946383194845,3.2883340159400563,bin_0
config_416,256,23,16,0.0227594040334224,0.8725208044052124,0.929986834526062,0.0620394796133041,0.009905656799674,32,4150.0,9.235045996211405e+16,272018592,32478208,16,0.0,271974400.0,9.235045996211405e+16,4150.0,3.1518783762415903,3.183938529061489,bin_0
config_417,320,13,4,0.0816669017076492,0.8451610207557678,0.9422065615653992,0.0388608276844024,1.5376646842923947e-05,64,27316.0,1.1006150284320768e+18,3580471040,34201600,16,1.5376646842923947e-05,1592524800.0,4.903933779120957e+17,12171.0,2.638237821704052,2.666193024291367,bin_1
config_417,320,13,4,0.0816669017076492,0.8451610207557678,0.9422065615653992,0.0388608276844024,1.5376646842923947e-05,64,27316.0,1.1006150284320768e+18,3580471040,34201600,16,1.5376646842923947e-05,3191603200.0,9.807867558241914e+17,24342.0,2.3090993721367883,2.333219664253172,bin_1
config_417,320,13,4,0.0816669017076492,0.8451610207557678,0.9422065615653992,0.0388608276844024,1.5376646842923947e-05,64,27316.0,1.1006150284320768e+18,3580471040,34201600,16,2.318815735030946e-07,3578265600.0,1.1006150284320768e+18,27316.0,2.2599982922585284,2.2836706435484966,bin_1
config_418,512,18,16,0.0235838219523429,0.9319478869438172,0.9860756397247314,0.2749770879745483,0.0002033618657151,128,39511.0,7.757872278357934e+18,10357729280,87102464,8,0.0002033618657151,1599078400.0,1.194968760246169e+18,6086.0,1.8563254638773496,1.8763398756746383,bin_3
config_418,512,18,16,0.0235838219523429,0.9319478869438172,0.9860756397247314,0.2749770879745483,0.0002033618657151,128,39511.0,7.757872278357934e+18,10357729280,87102464,8,0.0002033618657151,3185049600.0,2.38974117334146e+18,12171.0,1.7419190566461595,1.7609625711792805,bin_3
config_418,512,18,16,0.0235838219523429,0.9319478869438172,0.9860756397247314,0.2749770879745483,0.0002033618657151,128,39511.0,7.757872278357934e+18,10357729280,87102464,8,0.0002033618657151,4784128000.0,3.5847099335876285e+18,18257.0,1.6946878581555165,1.71219255644767,bin_3
config_418,512,18,16,0.0235838219523429,0.9319478869438172,0.9860756397247314,0.2749770879745483,0.0002033618657151,128,39511.0,7.757872278357934e+18,10357729280,87102464,8,0.0002033618657151,6383206400.0,4.77948234668292e+18,24342.0,1.6670032958515355,1.6837585639171913,bin_3
config_418,512,18,16,0.0235838219523429,0.9319478869438172,0.9860756397247314,0.2749770879745483,0.0002033618657151,128,39511.0,7.757872278357934e+18,10357729280,87102464,8,0.0001696117328097,7982284800.0,5.974451106929089e+18,30428.0,1.6409442506461849,1.657863133657174,bin_3
config_418,512,18,16,0.0235838219523429,0.9319478869438172,0.9860756397247314,0.2749770879745483,0.0002033618657151,128,39511.0,7.757872278357934e+18,10357729280,87102464,8,5.636253476327664e-05,9568256000.0,7.169419867175257e+18,36514.0,1.605042135500517,1.6214718172589286,bin_3
config_418,512,18,16,0.0235838219523429,0.9319478869438172,0.9860756397247314,0.2749770879745483,0.0002033618657151,128,39511.0,7.757872278357934e+18,10357729280,87102464,8,2.0590763281171147e-07,10354688000.0,7.757872278357934e+18,39511.0,1.5937532186703605,1.6098568325746254,bin_3
config_419,640,4,16,0.0229826606810092,0.8328509330749512,0.9956916570663452,0.220205932855606,0.0004896487225778,32,5960.0,1.475979080159232e+17,390599616,52499200,16,0.0004896487225778,196608000.0,7.37989540079616e+16,2980.0,2.1147721790876544,2.135776416747297,bin_0
config_419,640,4,16,0.0229826606810092,0.8328509330749512,0.9956916570663452,0.220205932855606,0.0004896487225778,32,5960.0,1.475979080159232e+17,390599616,52499200,16,3.732078678184733e-06,389939200.0,1.475979080159232e+17,5960.0,1.933217912736486,1.953790201046428,bin_0
config_42,576,20,12,0.0140387089923024,0.8388198614120483,0.9855701327323914,0.093000628054142,0.0054623712785542,64,61610.0,7.547468496072081e+18,8075352064,108609408,8,0.0054623712785542,1592524800.0,1.4909956024296916e+18,12171.0,1.761825115973832,1.7806792574632364,bin_3
config_42,576,20,12,0.0140387089923024,0.8388198614120483,0.9855701327323914,0.093000628054142,0.0054623712785542,64,61610.0,7.547468496072081e+18,8075352064,108609408,8,0.0054623712785542,3191603200.0,2.981991204859384e+18,24342.0,1.707303561441234,1.7248469640583288,bin_3
config_42,576,20,12,0.0140387089923024,0.8388198614120483,0.9855701327323914,0.093000628054142,0.0054623712785542,64,61610.0,7.547468496072081e+18,8075352064,108609408,8,0.0054623712785542,4784128000.0,4.473109311241292e+18,36514.0,1.6859510183138926,1.702585069351509,bin_3
config_42,576,20,12,0.0140387089923024,0.8388198614120483,0.9855701327323914,0.093000628054142,0.0054623712785542,64,61610.0,7.547468496072081e+18,8075352064,108609408,8,0.0054623712785542,6383206400.0,5.964104913670984e+18,48685.0,1.6746184211871664,1.6914987226196978,bin_3
config_42,576,20,12,0.0140387089923024,0.8388198614120483,0.9855701327323914,0.093000628054142,0.0054623712785542,64,61610.0,7.547468496072081e+18,8075352064,108609408,8,0.0007246294591902,7975731200.0,7.455100516100676e+18,60856.0,1.5787093348972132,1.5938773588274346,bin_3
config_42,576,20,12,0.0140387089923024,0.8388198614120483,0.9855701327323914,0.093000628054142,0.0054623712785542,64,61610.0,7.547468496072081e+18,8075352064,108609408,8,9.53459814724035e-06,8074035200.0,7.547468496072081e+18,61610.0,1.5698841026376504,1.5849556478320574,bin_3
config_420,576,18,18,0.0020551772322505,0.948917806148529,0.9349015355110168,0.1020556092262268,0.009232017211616,64,21396.0,2.407730340477174e+18,2804437760,100644480,8,0.009232017211616,1592524800.0,1.3696245080364406e+18,12171.0,3.24126265869766,3.2746708666301165,bin_2
config_420,576,18,18,0.0020551772322505,0.948917806148529,0.9349015355110168,0.1020556092262268,0.009232017211616,64,21396.0,2.407730340477174e+18,2804437760,100644480,8,0.0001945363223702,2798387200.0,2.407730340477174e+18,21396.0,3.3023003463666947,3.3358377784979147,bin_2
config_422,384,11,6,0.021287040784955,0.8086002469062805,0.9263935089111328,0.1494925618171692,1.787889596016612e-05,32,7235.0,1.5952417875615744e+17,474164160,38779392,16,1.787889596016612e-05,235929600.0,7.975106490131603e+16,3617.0,3.04433280210026,3.076323044417334,bin_0
config_422,384,11,6,0.021287040784955,0.8086002469062805,0.9263935089111328,0.1494925618171692,1.787889596016612e-05,32,7235.0,1.5952417875615744e+17,474164160,38779392,16,5.788726721607885e-07,471859200.0,1.5952417875615744e+17,7235.0,2.830089424164569,2.8598599919334786,bin_0
config_423,1088,9,16,0.0312167648226022,0.8522573113441467,0.928579032421112,0.1805836111307144,0.0001129858210333,64,14924.0,2.6721514699638866e+18,1956181888,187579904,8,0.0001129858210333,1592524800.0,2.1792251099524567e+18,12171.0,1.7836325243652844,1.802821245525704,bin_2
config_423,1088,9,16,0.0312167648226022,0.8522573113441467,0.928579032421112,0.1805836111307144,0.0001129858210333,64,14924.0,2.6721514699638866e+18,1956181888,187579904,8,1.0061817086458888e-06,1952972800.0,2.6721514699638866e+18,14924.0,1.7218396077390576,1.740031555930122,bin_2
config_425,1088,10,16,0.0767761170864105,0.9686793684959412,0.9796754717826844,0.2890152633190155,8.977491961559281e-05,64,7702.0,1.495427094623748e+18,1009527296,202344064,8,8.977491961559281e-05,504627200.0,7.47713547311874e+17,3851.0,1.9985621418327584,2.0199997021526586,bin_1
config_425,1088,10,16,0.0767761170864105,0.9686793684959412,0.9796754717826844,0.2890152633190155,8.977491961559281e-05,64,7702.0,1.495427094623748e+18,1009527296,202344064,8,8.069655695783727e-08,1009254400.0,1.495427094623748e+18,7702.0,1.8245844841394268,1.8441326447002224,bin_1
config_426,320,24,16,0.0070151519030332,0.8497564792633057,0.9525163173675536,0.2569499909877777,8.643505134386942e-05,32,12285.0,3.9115568402878464e+17,805152448,49527680,16,8.643505134386942e-05,403046400.0,1.955619219621323e+17,6142.0,2.3854093925288464,2.4095009547374286,bin_0
config_426,320,24,16,0.0070151519030332,0.8497564792633057,0.9525163173675536,0.2569499909877777,8.643505134386942e-05,32,12285.0,3.9115568402878464e+17,805152448,49527680,16,9.58563623902229e-07,802816000.0,3.9115568402878464e+17,12285.0,2.119871256585981,2.142334630411179,bin_0
config_428,960,7,8,0.1567834764719009,0.8057945966720581,0.94278222322464,0.2971674501895904,3.120499604847282e-05,64,48069.0,5.791721230915338e+18,6300604416,125694720,16,3.120499604847282e-05,1592524800.0,1.4664552851415795e+18,12171.0,2.00204220713162,2.02348533364593,bin_3
config_428,960,7,8,0.1567834764719009,0.8057945966720581,0.94278222322464,0.2971674501895904,3.120499604847282e-05,64,48069.0,5.791721230915338e+18,6300604416,125694720,16,3.120499604847282e-05,3191603200.0,2.932910570283159e+18,24342.0,1.8586431641656844,1.8786931519039345,bin_3
config_428,960,7,8,0.1567834764719009,0.8057945966720581,0.94278222322464,0.2971674501895904,3.120499604847282e-05,64,48069.0,5.791721230915338e+18,6300604416,125694720,16,2.5273774802911093e-05,4784128000.0,4.399486343082708e+18,36514.0,1.7921354151553794,1.8095752412373904,bin_3
config_428,960,7,8,0.1567834764719009,0.8057945966720581,0.94278222322464,0.2971674501895904,3.120499604847282e-05,64,48069.0,5.791721230915338e+18,6300604416,125694720,16,4.1507625659546836e-08,6298009600.0,5.791721230915338e+18,48069.0,1.74882676859371,1.7659244257113973,bin_3
config_429,1152,9,8,0.0092852693051099,0.897749125957489,0.960605800151825,0.2289566993713379,4.624730718205683e-05,64,21053.0,4.0352682545717576e+18,2759569152,201268224,8,4.624730718205683e-05,1592524800.0,2.332838546829092e+18,12171.0,1.8454618186638003,1.8655337188087528,bin_2
config_429,1152,9,8,0.0092852693051099,0.897749125957489,0.960605800151825,0.2289566993713379,4.624730718205683e-05,64,21053.0,4.0352682545717576e+18,2759569152,201268224,8,2.8784631026174474e-08,2759065600.0,4.0352682545717576e+18,21053.0,1.7417589816695354,1.7604599755123014,bin_2
config_431,448,15,8,0.0085530616343021,0.913076400756836,0.9170024394989014,0.056988701224327,1.3817887520417573e-05,32,7804.0,2.6974750052262298e+17,511488416,60385024,16,1.3817887520417573e-05,255590400.0,1.3487375026131149e+17,3902.0,3.0204749961759223,3.0527289752491185,bin_0
config_431,448,15,8,0.0085530616343021,0.913076400756836,0.9170024394989014,0.056988701224327,1.3817887520417573e-05,32,7804.0,2.6974750052262298e+17,511488416,60385024,16,1.2448547315691324e-07,511180800.0,2.6974750052262298e+17,7804.0,2.792013834343582,2.8214340019226074,bin_0
config_432,512,10,4,0.0059729753993451,0.895187258720398,0.9502788186073304,0.0016822636825963,1.3285276509122925e-05,64,76053.0,4.832233648451224e+18,9968457728,59831296,16,1.3285276509122925e-05,1592524800.0,7.733174987876855e+17,12171.0,2.510826638448434,2.536377303014036,bin_3
config_432,512,10,4,0.0059729753993451,0.895187258720398,0.9502788186073304,0.0016822636825963,1.3285276509122925e-05,64,76053.0,4.832233648451224e+18,9968457728,59831296,16,1.3285276509122925e-05,3191603200.0,1.546634997575371e+18,24342.0,2.200739927252785,2.223782154263043,bin_3
config_432,512,10,4,0.0059729753993451,0.895187258720398,0.9502788186073304,0.0016822636825963,1.3285276509122925e-05,64,76053.0,4.832233648451224e+18,9968457728,59831296,16,1.3285276509122925e-05,4784128000.0,2.3200160340755523e+18,36514.0,2.070834041892505,2.092578724876779,bin_3
config_432,512,10,4,0.0059729753993451,0.895187258720398,0.9502788186073304,0.0016822636825963,1.3285276509122925e-05,64,76053.0,4.832233648451224e+18,9968457728,59831296,16,1.3285276509122925e-05,6383206400.0,3.0933335328632376e+18,48685.0,1.9983667708615789,2.019393668526509,bin_3
config_432,512,10,4,0.0059729753993451,0.895187258720398,0.9502788186073304,0.0016822636825963,1.3285276509122925e-05,64,76053.0,4.832233648451224e+18,9968457728,59831296,16,1.3285276509122925e-05,7975731200.0,3.866651031650923e+18,60856.0,1.9509762661965169,1.9709524169124544,bin_3
config_432,512,10,4,0.0059729753993451,0.895187258720398,0.9502788186073304,0.0016822636825963,1.3285276509122925e-05,64,76053.0,4.832233648451224e+18,9968457728,59831296,16,1.3285276509122925e-05,9574809600.0,4.639968530438609e+18,73027.0,1.914108964576096,1.935270749389148,bin_3
config_432,512,10,4,0.0059729753993451,0.895187258720398,0.9502788186073304,0.0016822636825963,1.3285276509122925e-05,64,76053.0,4.832233648451224e+18,9968457728,59831296,16,3.1382542934936137e-07,9968025600.0,4.832233648451224e+18,76053.0,1.9001484348344024,1.9208569854595623,bin_3
config_433,896,5,16,0.0061138593591749,0.8220089673995972,0.9793564081192015,0.2192663550376892,0.0002885026042349,64,74549.0,6.675475322425836e+18,9771381760,95520768,16,0.0002885026042349,1592524800.0,1.0898497652449376e+18,12171.0,1.806679762699565,1.8257834908219637,bin_3
config_433,896,5,16,0.0061138593591749,0.8220089673995972,0.9793564081192015,0.2192663550376892,0.0002885026042349,64,74549.0,6.675475322425836e+18,9771381760,95520768,16,0.0002885026042349,3191603200.0,2.179699530489875e+18,24342.0,1.7258159137553857,1.7444138316248283,bin_3
config_433,896,5,16,0.0061138593591749,0.8220089673995972,0.9793564081192015,0.2192663550376892,0.0002885026042349,64,74549.0,6.675475322425836e+18,9771381760,95520768,16,0.0002885026042349,4784128000.0,3.2696388405351777e+18,36514.0,1.6921170013068152,1.708485879038201,bin_3
config_433,896,5,16,0.0061138593591749,0.8220089673995972,0.9793564081192015,0.2192663550376892,0.0002885026042349,64,74549.0,6.675475322425836e+18,9771381760,95520768,16,0.0002885026042349,6383206400.0,4.359488605780116e+18,48685.0,1.670461450248468,1.6864188832533165,bin_3
config_433,896,5,16,0.0061138593591749,0.8220089673995972,0.9793564081192015,0.2192663550376892,0.0002885026042349,64,74549.0,6.675475322425836e+18,9771381760,95520768,16,0.0002417837498724,7975731200.0,5.449338371025053e+18,60856.0,1.6498233457471505,1.665720256586544,bin_3
config_433,896,5,16,0.0061138593591749,0.8220089673995972,0.9793564081192015,0.2192663550376892,0.0002885026042349,64,74549.0,6.675475322425836e+18,9771381760,95520768,16,2.645695605947698e-05,9574809600.0,6.53918813626999e+18,73027.0,1.6028782619022932,1.6190242443710077,bin_3
config_433,896,5,16,0.0061138593591749,0.8220089673995972,0.9793564081192015,0.2192663550376892,0.0002885026042349,64,74549.0,6.675475322425836e+18,9771381760,95520768,16,8.648371226913673e-07,9764864000.0,6.675475322425836e+18,74549.0,1.60017113951386,1.6162567169939883,bin_3
config_434,1024,8,8,0.0015841940185055,0.804408073425293,0.99294114112854,0.1421934068202972,0.0009460877045057,64,7660.0,1.131441696565887e+18,1004127232,154261504,16,0.0009460877045057,504627200.0,5.657208482829435e+17,3830.0,1.8783090032124128,1.898996463564576,bin_1
config_434,1024,8,8,0.0015841940185055,0.804408073425293,0.99294114112854,0.1421934068202972,0.0009460877045057,64,7660.0,1.131441696565887e+18,1004127232,154261504,16,8.687674054231112e-06,1002700800.0,1.131441696565887e+18,7660.0,1.723050263123434,1.74200850873697,bin_1
config_435,832,14,8,0.0025725339073687,0.9239929914474488,0.9969072937965392,0.04215869307518,0.0005865066195838,64,33921.0,5.570648396716376e+18,4446213632,161130112,8,0.0005865066195838,1592524800.0,1.998772490092716e+18,12171.0,1.7064352437707244,1.7241175575725367,bin_3
config_435,832,14,8,0.0025725339073687,0.9239929914474488,0.9969072937965392,0.04215869307518,0.0005865066195838,64,33921.0,5.570648396716376e+18,4446213632,161130112,8,0.0005865066195838,3191603200.0,3.997544980185432e+18,24342.0,1.6294307422051664,1.6465155015812545,bin_3
config_435,832,14,8,0.0025725339073687,0.9239929914474488,0.9969072937965392,0.04215869307518,0.0005865066195838,64,33921.0,5.570648396716376e+18,4446213632,161130112,8,8.613034273608454e-06,4443340800.0,5.570648396716376e+18,33921.0,1.569304974303871,1.5841860440324564,bin_3
config_438,768,22,12,0.0256236288696527,0.8854967355728149,0.9660998582839966,0.0225114412605762,0.0083476500585675,128,57345.0,2.3769767859921617e+19,15032799232,194360832,8,0.0083476500585675,1599078400.0,2.5226751625334897e+18,6086.0,3.558343656571185,3.596630629867804,bin_3
config_438,768,22,12,0.0256236288696527,0.8854967355728149,0.9660998582839966,0.0225114412605762,0.0083476500585675,128,57345.0,2.3769767859921617e+19,15032799232,194360832,8,0.0083476500585675,3185049600.0,5.04493582043955e+18,12171.0,3.299288400743829,3.3333780183948454,bin_3
config_438,768,22,12,0.0256236288696527,0.8854967355728149,0.9660998582839966,0.0225114412605762,0.0083476500585675,128,57345.0,2.3769767859921617e+19,15032799232,194360832,8,0.0083476500585675,4784128000.0,7.56761098297304e+18,18257.0,3.3117684748524523,3.3458296987267797,bin_3
config_438,768,22,12,0.0256236288696527,0.8854967355728149,0.9660998582839966,0.0225114412605762,0.0083476500585675,128,57345.0,2.3769767859921617e+19,15032799232,194360832,8,0.0083476500585675,6383206400.0,1.00898716408791e+19,24342.0,3.384176790206159,3.414791780573423,bin_3
config_438,768,22,12,0.0256236288696527,0.8854967355728149,0.9660998582839966,0.0225114412605762,0.0083476500585675,128,57345.0,2.3769767859921617e+19,15032799232,194360832,8,0.0083476500585675,7982284800.0,1.261254680341259e+19,30428.0,3.409347984790802,3.4435360837764426,bin_3
config_438,768,22,12,0.0256236288696527,0.8854967355728149,0.9660998582839966,0.0225114412605762,0.0083476500585675,128,57345.0,2.3769767859921617e+19,15032799232,194360832,8,0.0083476500585675,9568256000.0,1.513522196594608e+19,36514.0,3.418052742950252,3.4535217108492,bin_3
config_438,768,22,12,0.0256236288696527,0.8854967355728149,0.9660998582839966,0.0225114412605762,0.0083476500585675,128,57345.0,2.3769767859921617e+19,15032799232,194360832,8,0.0083476500585675,11167334400.0,1.765748262385214e+19,42599.0,3.5921574633629594,3.629560983298255,bin_3
config_438,768,22,12,0.0256236288696527,0.8854967355728149,0.9660998582839966,0.0225114412605762,0.0083476500585675,128,57345.0,2.3769767859921617e+19,15032799232,194360832,8,0.0083476500585675,12766412800.0,2.018015778638563e+19,48685.0,3.5035039637127863,3.5393050409926743,bin_3
config_438,768,22,12,0.0256236288696527,0.8854967355728149,0.9660998582839966,0.0225114412605762,0.0083476500585675,128,57345.0,2.3769767859921617e+19,15032799232,194360832,8,0.0083476500585675,14352384000.0,2.270241844429169e+19,54770.0,3.463838373520335,3.496648489139119,bin_3
config_438,768,22,12,0.0256236288696527,0.8854967355728149,0.9660998582839966,0.0225114412605762,0.0083476500585675,128,57345.0,2.3769767859921617e+19,15032799232,194360832,8,0.0002911970950663,15020851200.0,2.3769767859921617e+19,57345.0,3.3528839068725462,3.387899815371779,bin_3
config_439,256,17,16,0.0056647234596312,0.8207029700279236,0.9441677927970886,0.0504670888185501,0.0005815839977003,32,3367.0,5.983097698615296e+16,220712576,27363328,16,0.0005815839977003,111411200.0,2.990660358410913e+16,1683.0,2.614146155842015,2.6410544961397764,bin_0
config_439,256,17,16,0.0056647234596312,0.8207029700279236,0.9441677927970886,0.0504670888185501,0.0005815839977003,32,3367.0,5.983097698615296e+16,220712576,27363328,16,5.85025323130543e-05,219545600.0,5.983097698615296e+16,3367.0,2.2453021138613343,2.2674181096671058,bin_0
config_44,512,10,8,0.1910098493099212,0.8299545645713806,0.9952585697174072,0.1549912691116333,0.0001025907331495,64,34857.0,2.2147854619870492e+18,4568900608,59831296,16,0.0001025907331495,1592524800.0,7.733354522146019e+17,12171.0,1.8916506469836,1.911455864828141,bin_2
config_44,512,10,8,0.1910098493099212,0.8299545645713806,0.9952585697174072,0.1549912691116333,0.0001025907331495,64,34857.0,2.2147854619870492e+18,4568900608,59831296,16,0.0001025907331495,3191603200.0,1.5466709044292037e+18,24342.0,1.790532519231077,1.8096817750618104,bin_2
config_44,512,10,8,0.1910098493099212,0.8299545645713806,0.9952585697174072,0.1549912691116333,0.0001025907331495,64,34857.0,2.2147854619870492e+18,4568900608,59831296,16,1.3293875084171466e-07,4567859200.0,2.2147854619870492e+18,34857.0,1.717010974415013,1.734441689780501,bin_2
config_440,256,16,4,0.0112751871347427,0.9399657845497132,0.979595959186554,0.2927257716655731,0.0009727148571982,64,43915.0,1.4947336029292462e+18,5756110848,26510848,16,0.0009727148571982,1592524800.0,4.142639799897952e+17,12171.0,1.8714832645947816,1.891488409863144,bin_1
config_440,256,16,4,0.0112751871347427,0.9399657845497132,0.979595959186554,0.2927257716655731,0.0009727148571982,64,43915.0,1.4947336029292462e+18,5756110848,26510848,16,0.0009727148571982,3191603200.0,8.285279599795904e+17,24342.0,1.8187818473675208,1.8384280407624167,bin_1
config_440,256,16,4,0.0112751871347427,0.9399657845497132,0.979595959186554,0.2927257716655731,0.0009727148571982,64,43915.0,1.4947336029292462e+18,5756110848,26510848,16,0.0005610797873298,4784128000.0,1.2428259769408742e+18,36514.0,1.7765043208247326,1.7942206747414635,bin_1
config_440,256,16,4,0.0112751871347427,0.9399657845497132,0.979595959186554,0.2927257716655731,0.0009727148571982,64,43915.0,1.4947336029292462e+18,5756110848,26510848,16,1.1350231705931383e-06,5754060800.0,1.4947336029292462e+18,43915.0,1.7400374913997338,1.757462731033075,bin_1
config_441,640,17,16,0.1444144994020462,0.9585089683532716,0.9383854269981384,0.0193174853920936,0.0021046076435595,64,37102.0,4.758619254602465e+18,4863114752,118543360,8,0.0021046076435595,1592524800.0,1.5610251454845184e+18,12171.0,1.8296284895451345,1.8488101248467557,bin_3
config_441,640,17,16,0.1444144994020462,0.9585089683532716,0.9383854269981384,0.0193174853920936,0.0021046076435595,64,37102.0,4.758619254602465e+18,4863114752,118543360,8,0.0021046076435595,3191603200.0,3.122050290969037e+18,24342.0,1.7957527724445843,1.8142868254419235,bin_3
config_441,640,17,16,0.1444144994020462,0.9585089683532716,0.9383854269981384,0.0193174853920936,0.0021046076435595,64,37102.0,4.758619254602465e+18,4863114752,118543360,8,0.0017695164824341,4784128000.0,4.683203694209326e+18,36514.0,1.7686000560346198,1.7859352575169234,bin_3
config_441,640,17,16,0.1444144994020462,0.9585089683532716,0.9383854269981384,0.0193174853920936,0.0021046076435595,64,37102.0,4.758619254602465e+18,4863114752,118543360,8,5.878792300445697e-06,4862771200.0,4.758619254602465e+18,37102.0,1.6776263434965102,1.6934940888647174,bin_3
config_442,768,7,16,0.0037212572060525,0.98037987947464,0.9561781883239746,0.0566612742841243,2.1857331375940703e-05,32,3922.0,1.6993071309562675e+17,257054704,88169472,16,2.1857331375940703e-05,127795200.0,8.496535654781338e+16,1961.0,3.0221958260458024,3.0538184394211068,bin_0
config_442,768,7,16,0.0037212572060525,0.98037987947464,0.9561781883239746,0.0566612742841243,2.1857331375940703e-05,32,3922.0,1.6993071309562675e+17,257054704,88169472,16,2.1660418480661968e-06,255590400.0,1.6993071309562675e+17,3922.0,2.734847493953392,2.763506905055437,bin_0
config_443,384,11,6,0.0024962285533547,0.8575440645217896,0.9386717677116394,0.1234442591667175,0.0060745133087038,64,11015.0,4.857620693999616e+17,1443862400,38779392,16,0.0060745133087038,720896000.0,2.428589846741342e+17,5507.0,1.96956570164102,1.990990282433932,bin_0
config_443,384,11,6,0.0024962285533547,0.8575440645217896,0.9386717677116394,0.1234442591667175,0.0060745133087038,64,11015.0,4.857620693999616e+17,1443862400,38779392,16,6.704760826383924e-05,1441792000.0,4.857620693999616e+17,11015.0,1.8291507487218888,1.8486140202303405,bin_0
config_444,960,7,20,0.0024611281696707,0.9126481413841248,0.9073897004127502,0.0365006998181343,0.000222373768338,64,15937.0,1.9202368034628403e+18,2088956288,125694720,16,0.000222373768338,1592524800.0,1.4664743762907845e+18,12171.0,1.7933573425011555,1.8127820077489636,bin_2
config_444,960,7,20,0.0024611281696707,0.9126481413841248,0.9073897004127502,0.0365006998181343,0.000222373768338,64,15937.0,1.9202368034628403e+18,2088956288,125694720,16,1.416149643460599e-05,2084044800.0,1.9202368034628403e+18,15937.0,1.7254911661148071,1.7442412585117777,bin_2
config_445,960,15,12,0.0025999851059168,0.8830950856208801,0.997972011566162,0.1923551112413406,4.298264320823364e-05,64,13221.0,2.839987652766843e+18,1732948864,214183680,8,1.810240301848928e-05,1592524800.0,2.6144383724245704e+18,12171.0,1.832885757196145,1.8522305407680448,bin_2
config_445,960,15,12,0.0025999851059168,0.8830950856208801,0.997972011566162,0.1923551112413406,4.298264320823364e-05,64,13221.0,2.839987652766843e+18,1732948864,214183680,8,3.549490787939114e-07,1730150400.0,2.839987652766843e+18,13221.0,1.8162159742292807,1.8356175408402424,bin_2
config_446,832,13,16,0.070756696164608,0.9360437393188475,0.9850977659225464,0.001352620194666,0.0043706325814127,32,3275.0,2.5362257099851776e+17,214692064,152608768,8,0.0043706325814127,108134400.0,1.26772564496053e+17,1637.0,3.5726286276442107,3.610134766062752,bin_0
config_446,832,13,16,0.070756696164608,0.9360437393188475,0.9850977659225464,0.001352620194666,0.0043706325814127,32,3275.0,2.5362257099851776e+17,214692064,152608768,8,0.0043706325814127,212992000.0,2.5362257099851776e+17,3275.0,3.52671032690611,3.558186828660183,bin_0
config_448,512,14,16,0.0090883681550621,0.8009518384933472,0.9694865942001344,0.1315535902976989,0.0006096421275287,64,17956.0,1.4519086780553626e+18,2353659136,73466880,16,0.0006096421275287,1592524800.0,9.841379216201724e+17,12171.0,1.7855185542731988,1.8048664075038472,bin_1
config_448,512,14,16,0.0090883681550621,0.8009518384933472,0.9694865942001344,0.1315535902976989,0.0006096421275287,64,17956.0,1.4519086780553626e+18,2353659136,73466880,16,1.5486252181086011e-06,2352742400.0,1.4519086780553626e+18,17956.0,1.6965861100446982,1.7149064143759305,bin_1
config_45,384,18,16,0.0693534761667251,0.8223691582679749,0.9257362484931946,0.1023211479187011,0.007423544768244,128,51426.0,6.42795403939047e+18,13481150464,51171072,16,0.007423544768244,1599078400.0,7.607149745990433e+17,6086.0,1.888257254577074,1.9082831543390868,bin_3
config_45,384,18,16,0.0693534761667251,0.8223691582679749,0.9257362484931946,0.1023211479187011,0.007423544768244,128,51426.0,6.42795403939047e+18,13481150464,51171072,16,0.007423544768244,3185049600.0,1.521304954953164e+18,12171.0,1.8535305427332396,1.8737235829087555,bin_3
config_45,384,18,16,0.0693534761667251,0.8223691582679749,0.9257362484931946,0.1023211479187011,0.007423544768244,128,51426.0,6.42795403939047e+18,13481150464,51171072,16,0.007423544768244,4784128000.0,2.2820199295522076e+18,18257.0,1.8539692312381304,1.869832251032845,bin_3
config_45,384,18,16,0.0693534761667251,0.8223691582679749,0.9257362484931946,0.1023211479187011,0.007423544768244,128,51426.0,6.42795403939047e+18,13481150464,51171072,16,0.007423544768244,6383206400.0,3.042609909906328e+18,24342.0,1.831669834129146,1.8508943015630128,bin_3
config_45,384,18,16,0.0693534761667251,0.8223691582679749,0.9257362484931946,0.1023211479187011,0.007423544768244,128,51426.0,6.42795403939047e+18,13481150464,51171072,16,0.007423544768244,7982284800.0,3.803324884505372e+18,30428.0,1.8285973522311352,1.8470992851648171,bin_3
config_45,384,18,16,0.0693534761667251,0.8223691582679749,0.9257362484931946,0.1023211479187011,0.007423544768244,128,51426.0,6.42795403939047e+18,13481150464,51171072,16,0.007423544768244,9568256000.0,4.564039859104415e+18,36514.0,1.8248287574189608,1.841795705967262,bin_3
config_45,384,18,16,0.0693534761667251,0.8223691582679749,0.9257362484931946,0.1023211479187011,0.007423544768244,128,51426.0,6.42795403939047e+18,13481150464,51171072,16,0.007423544768244,11167334400.0,5.324629839458535e+18,42599.0,1.818986253152128,1.836751489248432,bin_3
config_45,384,18,16,0.0693534761667251,0.8223691582679749,0.9257362484931946,0.1023211479187011,0.007423544768244,128,51426.0,6.42795403939047e+18,13481150464,51171072,16,0.0038465278536843,12766412800.0,6.085344814057578e+18,48685.0,1.751844217464572,1.7675090258629595,bin_3
config_45,384,18,16,0.0693534761667251,0.8223691582679749,0.9257362484931946,0.1023211479187011,0.007423544768244,128,51426.0,6.42795403939047e+18,13481150464,51171072,16,3.668735296984312e-05,13474201600.0,6.42795403939047e+18,51426.0,1.653594708481773,1.667213394329196,bin_3
config_450,576,23,12,0.0035565963480621,0.8183761835098267,0.9914408326148988,0.0851434171199798,4.383165287435986e-05,64,17173.0,2.360772572134441e+18,2251010560,120556800,8,4.383165287435986e-05,1592524800.0,1.6731475557822326e+18,12171.0,1.9468866995123568,1.9672285870255015,bin_2
config_450,576,23,12,0.0035565963480621,0.8183761835098267,0.9914408326148988,0.0851434171199798,4.383165287435986e-05,64,17173.0,2.360772572134441e+18,2251010560,120556800,8,6.895540465870579e-07,2247884800.0,2.360772572134441e+18,17173.0,1.849507224520699,1.8695020129055275,bin_2
config_451,960,8,10,0.0013068965636193,0.9212535619735718,0.9555465579032898,0.0001451253920095,0.0065238415263593,64,21299.0,2.817371601462067e+18,2791741184,136755840,16,0.0065238415263593,1592524800.0,1.6099455261465242e+18,12171.0,2.7408737265477416,2.7700227008882115,bin_2
config_451,960,8,10,0.0013068965636193,0.9212535619735718,0.9555465579032898,0.0001451253920095,0.0065238415263593,64,21299.0,2.817371601462067e+18,2791741184,136755840,16,0.0065238415263593,2785280000.0,2.817371601462067e+18,21299.0,2.6723512743340163,2.6938506775215023,bin_2
config_452,1088,11,16,0.0462528690695762,0.8532684445381165,0.9478209018707277,0.1955594718456268,0.0003090526734013,64,15970.0,3.3422335819836457e+18,2093311872,217108224,8,0.0003090526734013,1592524800.0,2.547171253996428e+18,12171.0,1.726427177777056,1.7437711201144046,bin_2
config_452,1088,11,16,0.0462528690695762,0.8532684445381165,0.9478209018707277,0.1955594718456268,0.0003090526734013,64,15970.0,3.3422335819836457e+18,2093311872,217108224,8,1.9792038002005e-06,2090598400.0,3.3422335819836457e+18,15970.0,1.6371117192409077,1.6541085589127462,bin_2
config_455,960,16,24,0.026420148089528,0.9178988337516784,0.9369154572486876,0.0720773637294769,0.0002415412600385,32,5807.0,6.580197074855117e+17,380629696,225244800,8,0.0002415412600385,190054400.0,3.2895319628559334e+17,2903.0,2.112329377952169,2.133462431978007,bin_1
config_455,960,16,24,0.026420148089528,0.9178988337516784,0.9369154572486876,0.0720773637294769,0.0002415412600385,32,5807.0,6.580197074855117e+17,380629696,225244800,8,4.0449493307883006e-06,380108800.0,6.580197074855117e+17,5807.0,1.9016467239426784,1.920796705308508,bin_1
config_457,704,22,8,0.0076647796668112,0.9031093120574952,0.9969581961631776,0.0358837209641933,8.931838237913325e-05,64,29629.0,5.536566375599407e+18,3883570944,174199168,8,8.931838237913325e-05,1592524800.0,2.274310619913611e+18,12171.0,1.7877275910533843,1.8061731438363184,bin_3
config_457,704,22,8,0.0076647796668112,0.9031093120574952,0.9969581961631776,0.0358837209641933,8.931838237913325e-05,64,29629.0,5.536566375599407e+18,3883570944,174199168,8,8.931838237913325e-05,3191603200.0,4.548621239827222e+18,24342.0,1.6825792588757686,1.7005746408954996,bin_3
config_457,704,22,8,0.0076647796668112,0.9031093120574952,0.9969581961631776,0.0358837209641933,8.931838237913325e-05,64,29629.0,5.536566375599407e+18,3883570944,174199168,8,2.4367197450563216e-06,3879731200.0,5.536566375599407e+18,29629.0,1.634290408482317,1.6516169949242323,bin_3
config_458,384,12,16,0.0198859944939613,0.8173035383224487,0.9750396013259888,0.030469162389636,0.0001936872431542,64,10031.0,4.687386172121088e+17,1314884992,40549632,16,0.0001936872431542,655360000.0,2.3434594410514662e+17,5015.0,2.0672313688622146,2.0888315693276827,bin_0
config_458,384,12,16,0.0198859944939613,0.8173035383224487,0.9750396013259888,0.030469162389636,0.0001936872431542,64,10031.0,4.687386172121088e+17,1314884992,40549632,16,1.968624438617196e-05,1310720000.0,4.687386172121088e+17,10031.0,1.900407739115543,1.9213923013796568,bin_0
config_459,256,20,16,0.0063249212689697,0.8187616467475891,0.9658255577087402,0.2439539581537246,0.0004558377258945,32,12549.0,2.510924701434839e+17,822469952,29920768,16,0.0004558377258945,409600000.0,1.2553623059050269e+17,6274.0,2.117706163320385,2.139740839160857,bin_0
config_459,256,20,16,0.0063249212689697,0.8187616467475891,0.9658255577087402,0.2439539581537246,0.0004558377258945,32,12549.0,2.510924701434839e+17,822469952,29920768,16,7.296977644178943e-06,819200000.0,2.510924701434839e+17,12549.0,1.9520492499382769,1.972177133677436,bin_0
config_46,832,22,16,0.0036375320050865,0.851310133934021,0.9188998341560364,0.0943441689014434,0.0005128267221152,32,5158.0,6.171372320481239e+17,338079648,229300864,8,0.0005128267221152,170393600.0,3.0856861602406195e+17,2579.0,2.1180388231746488,2.139109604280503,bin_1
config_46,832,22,16,0.0036375320050865,0.851310133934021,0.9188998341560364,0.0943441689014434,0.0005128267221152,32,5158.0,6.171372320481239e+17,338079648,229300864,8,8.441592133584769e-06,337510400.0,6.171372320481239e+17,5158.0,1.908745706140018,1.9291815391524891,bin_1
config_460,896,23,8,0.0010162896942347,0.8859100937843323,0.998332679271698,0.2034689038991928,1.3384660633164458e-05,128,39655.0,2.255338270162472e+19,10395551744,277218816,8,1.3384660633164458e-05,1599078400.0,3.4613513333019305e+18,6086.0,2.3172447941733187,2.340306963021638,bin_3
config_460,896,23,8,0.0010162896942347,0.8859100937843323,0.998332679271698,0.2034689038991928,1.3384660633164458e-05,128,39655.0,2.255338270162472e+19,10395551744,277218816,8,1.3384660633164458e-05,3185049600.0,6.922133926654255e+18,12171.0,2.021540182828903,2.041771965867184,bin_3
config_460,896,23,8,0.0010162896942347,0.8859100937843323,0.998332679271698,0.2034689038991928,1.3384660633164458e-05,128,39655.0,2.255338270162472e+19,10395551744,277218816,8,1.3384660633164458e-05,4784128000.0,1.0383485259956183e+19,18257.0,1.9026082047673525,1.919568847984564,bin_3
config_460,896,23,8,0.0010162896942347,0.8859100937843323,0.998332679271698,0.2034689038991928,1.3384660633164458e-05,128,39655.0,2.255338270162472e+19,10395551744,277218816,8,1.3384660633164458e-05,6383206400.0,1.384426785330851e+19,24342.0,1.830445682083974,1.8474186533005512,bin_3
config_460,896,23,8,0.0010162896942347,0.8859100937843323,0.998332679271698,0.2034689038991928,1.3384660633164458e-05,128,39655.0,2.255338270162472e+19,10395551744,277218816,8,1.3384660633164458e-05,7982284800.0,1.730561918661044e+19,30428.0,1.782291434045698,1.799137100137648,bin_3
config_460,896,23,8,0.0010162896942347,0.8859100937843323,0.998332679271698,0.2034689038991928,1.3384660633164458e-05,128,39655.0,2.255338270162472e+19,10395551744,277218816,8,5.234085807837614e-06,9568256000.0,2.076697051991237e+19,36514.0,1.736985084131116,1.7555781339621934,bin_3
config_460,896,23,8,0.0010162896942347,0.8859100937843323,0.998332679271698,0.2034689038991928,1.3384660633164458e-05,128,39655.0,2.255338270162472e+19,10395551744,277218816,8,8.294906193087446e-09,10394009600.0,2.255338270162472e+19,39655.0,1.7248547750418304,1.743324271596846,bin_3
config_461,896,24,14,0.0298680327832698,0.9059614539146424,0.932022213935852,0.1268952488899231,0.0033247990068048,128,45042.0,2.659216651712358e+19,11807731712,287313152,8,0.0033247990068048,1599078400.0,3.59308923722779e+18,6086.0,1.69465442815765,1.712189350597194,bin_3
config_461,896,24,14,0.0298680327832698,0.9059614539146424,0.932022213935852,0.1268952488899231,0.0033247990068048,128,45042.0,2.659216651712358e+19,11807731712,287313152,8,0.0033247990068048,3185049600.0,7.185588088448805e+18,12171.0,1.6266036646483375,1.6437254167189363,bin_3
config_461,896,24,14,0.0298680327832698,0.9059614539146424,0.932022213935852,0.1268952488899231,0.0033247990068048,128,45042.0,2.659216651712358e+19,11807731712,287313152,8,0.0033247990068048,4784128000.0,1.0778677325676595e+19,18257.0,1.5997198398777697,1.6150611351552555,bin_3
config_461,896,24,14,0.0298680327832698,0.9059614539146424,0.932022213935852,0.1268952488899231,0.0033247990068048,128,45042.0,2.659216651712358e+19,11807731712,287313152,8,0.0033247990068048,6383206400.0,1.437117617689761e+19,24342.0,1.5846688769879889,1.5996260958421429,bin_3
config_461,896,24,14,0.0298680327832698,0.9059614539146424,0.932022213935852,0.1268952488899231,0.0033247990068048,128,45042.0,2.659216651712358e+19,11807731712,287313152,8,0.0033247990068048,7982284800.0,1.7964265414125402e+19,30428.0,1.5740839757489375,1.589408503145468,bin_3
config_461,896,24,14,0.0298680327832698,0.9059614539146424,0.932022213935852,0.1268952488899231,0.0033247990068048,128,45042.0,2.659216651712358e+19,11807731712,287313152,8,0.0033247990068048,9568256000.0,2.155735465135319e+19,36514.0,1.5691228357885705,1.5823419805237504,bin_3
config_461,896,24,14,0.0298680327832698,0.9059614539146424,0.932022213935852,0.1268952488899231,0.0033247990068048,128,45042.0,2.659216651712358e+19,11807731712,287313152,8,0.0014206752711491,11167334400.0,2.5149853502574207e+19,42599.0,1.505099680785273,1.518054223871622,bin_3
config_461,896,24,14,0.0298680327832698,0.9059614539146424,0.932022213935852,0.1268952488899231,0.0033247990068048,128,45042.0,2.659216651712358e+19,11807731712,287313152,8,2.443421842271247e-05,11796480000.0,2.659216651712358e+19,45042.0,1.4608924294397478,1.472602878525609,bin_3
config_462,320,19,4,0.1991513073444366,0.9216235876083374,0.9048609733581544,0.1871036887168884,0.0005288657266646,64,10725.0,5.68934579884032e+17,1405766400,42561280,16,0.0005288657266646,701235200.0,2.8444076618537805e+17,5362.0,1.960786569704775,1.979331133404716,bin_1
config_462,320,19,4,0.1991513073444366,0.9216235876083374,0.9048609733581544,0.1871036887168884,0.0005288657266646,64,10725.0,5.68934579884032e+17,1405766400,42561280,16,6.591048437994303e-06,1402470400.0,5.68934579884032e+17,10725.0,1.8114496786867984,1.8293177496409807,bin_1
config_463,576,22,8,0.0062254699878394,0.9400070905685424,0.9493823647499084,0.1312830150127411,5.251553011476062e-05,64,40943.0,5.424060688360538e+18,5366544384,116574336,8,5.251553011476062e-05,1592524800.0,1.6123938802246075e+18,12171.0,1.9310518489313908,1.9516737382529208,bin_3
config_463,576,22,8,0.0062254699878394,0.9400070905685424,0.9493823647499084,0.1312830150127411,5.251553011476062e-05,64,40943.0,5.424060688360538e+18,5366544384,116574336,8,5.251553011476062e-05,3191603200.0,3.2247877604492155e+18,24342.0,1.7920329975690998,1.8111995997194383,bin_3
config_463,576,22,8,0.0062254699878394,0.9400070905685424,0.9493823647499084,0.1312830150127411,5.251553011476062e-05,64,40943.0,5.424060688360538e+18,5366544384,116574336,8,4.340958145114074e-05,4784128000.0,4.837314119014158e+18,36514.0,1.7300717148624485,1.7472454092541678,bin_3
config_463,576,22,8,0.0062254699878394,0.9400070905685424,0.9493823647499084,0.1312830150127411,5.251553011476062e-05,64,40943.0,5.424060688360538e+18,5366544384,116574336,8,4.2012424091809e-07,5360844800.0,5.424060688360538e+18,40943.0,1.6973001624521662,1.7141894650654714,bin_3
config_464,384,15,12,0.1077658832073211,0.8639999032020569,0.9298667311668396,0.255592405796051,5.705048170057125e-05,32,10425.0,2.846722188865536e+17,683243200,45860352,16,5.705048170057125e-05,340787200.0,1.4232245609944531e+17,5212.0,2.5609162816845004,2.5882506157921963,bin_0
config_464,384,15,12,0.1077658832073211,0.8639999032020569,0.9298667311668396,0.255592405796051,5.705048170057125e-05,32,10425.0,2.846722188865536e+17,683243200,45860352,16,5.353836495924422e-07,681574400.0,2.846722188865536e+17,10425.0,2.278974591474064,2.302696764508232,bin_0
config_465,1088,8,16,0.0015990562969818,0.8089659810066223,0.9602773189544678,0.0939427092671394,0.0001080675210687,64,13277.0,2.1766710238508485e+18,1740371968,172815744,16,9.766808038850224e-05,1592524800.0,1.9953500814407373e+18,12171.0,1.7872169706860526,1.8059772092006243,bin_2
config_465,1088,8,16,0.0015990562969818,0.8089659810066223,0.9602773189544678,0.0939427092671394,0.0001080675210687,64,13277.0,2.1766710238508485e+18,1740371968,172815744,16,2.339874153051965e-06,1736704000.0,2.1766710238508485e+18,13277.0,1.7468903861671197,1.765338520378363,bin_2
config_466,448,9,14,0.1274635195732116,0.8008636832237244,0.950128734111786,0.0987331047654151,0.0042574433609843,64,34423.0,1.6715980811536955e+18,4511926272,45240832,16,0.0042574433609843,1592524800.0,5.910298418418392e+17,12171.0,1.949971528834984,1.97066532861991,bin_2
config_466,448,9,14,0.1274635195732116,0.8008636832237244,0.950128734111786,0.0987331047654151,0.0042574433609843,64,34423.0,1.6715980811536955e+18,4511926272,45240832,16,0.0042574433609843,3191603200.0,1.1820596836836785e+18,24342.0,1.9243392003168824,1.94524344741321,bin_2
config_466,448,9,14,0.1274635195732116,0.8008636832237244,0.950128734111786,0.0987331047654151,0.0042574433609843,64,34423.0,1.6715980811536955e+18,4511926272,45240832,16,2.8817303502837004e-05,4508876800.0,1.6715980811536955e+18,34423.0,1.740628634085421,1.756951820225012,bin_2
config_467,896,10,14,0.0138049609959125,0.811149537563324,0.9756145477294922,0.0590475834906101,1.9745435565710068e-05,64,66493.0,9.5524669240899e+18,8715414528,145992448,16,1.9745435565710068e-05,1592524800.0,1.7485009690207718e+18,12171.0,2.116627652410601,2.1390428412937728,bin_3
config_467,896,10,14,0.0138049609959125,0.811149537563324,0.9756145477294922,0.0590475834906101,1.9745435565710068e-05,64,66493.0,9.5524669240899e+18,8715414528,145992448,16,1.9745435565710068e-05,3191603200.0,3.497001938041544e+18,24342.0,1.9152512974817244,1.936361032157648,bin_3
config_467,896,10,14,0.0138049609959125,0.811149537563324,0.9756145477294922,0.0590475834906101,1.9745435565710068e-05,64,66493.0,9.5524669240899e+18,8715414528,145992448,16,1.9745435565710068e-05,4784128000.0,5.245646568303711e+18,36514.0,1.8343415667189928,1.852779676679705,bin_3
config_467,896,10,14,0.0138049609959125,0.811149537563324,0.9756145477294922,0.0590475834906101,1.9745435565710068e-05,64,66493.0,9.5524669240899e+18,8715414528,145992448,16,1.9745435565710068e-05,6383206400.0,6.994147537324483e+18,48685.0,1.7852416679898246,1.8026097875344949,bin_3
config_467,896,10,14,0.0138049609959125,0.811149537563324,0.9756145477294922,0.0590475834906101,1.9745435565710068e-05,64,66493.0,9.5524669240899e+18,8715414528,145992448,16,1.9745435565710068e-05,7975731200.0,8.742648506345254e+18,60856.0,1.7506581927518376,1.768230068449114,bin_3
config_467,896,10,14,0.0138049609959125,0.811149537563324,0.9756145477294922,0.0590475834906101,1.9745435565710068e-05,64,66493.0,9.5524669240899e+18,8715414528,145992448,16,2.162643222938187e-07,8709734400.0,9.5524669240899e+18,66493.0,1.720104170001921,1.7394778941889275,bin_3
config_468,576,20,24,0.1477396190166473,0.9021043181419371,0.9312154650688172,0.2174163460731506,0.0002618669532239,32,8055.0,4.93416682715861e+17,527927136,108609408,8,0.0002618669532239,265420800.0,2.466777133825912e+17,4027.0,2.1364780712127684,2.157382745547373,bin_0
config_468,576,20,24,0.1477396190166473,0.9021043181419371,0.9312154650688172,0.2174163460731506,0.0002618669532239,32,8055.0,4.93416682715861e+17,527927136,108609408,8,7.477640012106012e-07,527564800.0,4.93416682715861e+17,8055.0,1.9175895812863208,1.9384237733434455,bin_0
config_47,896,22,16,0.0674669817090034,0.891569197177887,0.925190269947052,0.0611584968864917,2.1164072677493092e-05,128,52002.0,2.844969416633195e+19,13632206848,267124480,8,2.1164072677493092e-05,1599078400.0,3.329580375683556e+18,6086.0,2.239806238608282,2.2628969751615995,bin_3
config_47,896,22,16,0.0674669817090034,0.891569197177887,0.925190269947052,0.0611584968864917,2.1164072677493092e-05,128,52002.0,2.844969416633195e+19,13632206848,267124480,8,2.1164072677493092e-05,3185049600.0,6.658613662905776e+18,12171.0,1.949143372266019,1.970159493958364,bin_3
config_47,896,22,16,0.0674669817090034,0.891569197177887,0.925190269947052,0.0611584968864917,2.1164072677493092e-05,128,52002.0,2.844969416633195e+19,13632206848,267124480,8,2.1164072677493092e-05,4784128000.0,9.98819403858933e+18,18257.0,1.8411722032554811,1.8593831067788795,bin_3
config_47,896,22,16,0.0674669817090034,0.891569197177887,0.925190269947052,0.0611584968864917,2.1164072677493092e-05,128,52002.0,2.844969416633195e+19,13632206848,267124480,8,2.1164072677493092e-05,6383206400.0,1.3317227325811552e+19,24342.0,1.7796644830703736,1.7961939591071645,bin_3
config_47,896,22,16,0.0674669817090034,0.891569197177887,0.925190269947052,0.0611584968864917,2.1164072677493092e-05,128,52002.0,2.844969416633195e+19,13632206848,267124480,8,2.1164072677493092e-05,7982284800.0,1.6646807701495106e+19,30428.0,1.7369077321935873,1.753311961811097,bin_3
config_47,896,22,16,0.0674669817090034,0.891569197177887,0.925190269947052,0.0611584968864917,2.1164072677493092e-05,128,52002.0,2.844969416633195e+19,13632206848,267124480,8,2.1164072677493092e-05,9568256000.0,1.997638807717866e+19,36514.0,1.7029713825124209,1.72044480288615,bin_3
config_47,896,22,16,0.0674669817090034,0.891569197177887,0.925190269947052,0.0611584968864917,2.1164072677493092e-05,128,52002.0,2.844969416633195e+19,13632206848,267124480,8,2.1164072677493092e-05,11167334400.0,2.330542136440089e+19,42599.0,1.678341248426281,1.6950076645124157,bin_3
config_47,896,22,16,0.0674669817090034,0.891569197177887,0.925190269947052,0.0611584968864917,2.1164072677493092e-05,128,52002.0,2.844969416633195e+19,13632206848,267124480,8,2.1164072677493092e-05,12766412800.0,2.663500174008444e+19,48685.0,1.6587440309368195,1.6748967572509266,bin_3
config_47,896,22,16,0.0674669817090034,0.891569197177887,0.925190269947052,0.0611584968864917,2.1164072677493092e-05,128,52002.0,2.844969416633195e+19,13632206848,267124480,8,1.3310737533016476e-08,13631488000.0,2.844969416633195e+19,52002.0,1.633012287206337,1.647354616180795,bin_3
config_470,576,5,8,0.0011564474552869,0.853035569190979,0.9627637267112732,0.1491836309432983,0.0002036858204519,128,45839.0,4.373772867670376e+18,12016666624,48872448,16,0.0002036858204519,1599078400.0,5.807016224752266e+17,6086.0,1.9369686778647,1.957701027237001,bin_2
config_470,576,5,8,0.0011564474552869,0.853035569190979,0.9627637267112732,0.1491836309432983,0.0002036858204519,128,45839.0,4.373772867670376e+18,12016666624,48872448,16,0.0002036858204519,3185049600.0,1.1613078289756792e+18,12171.0,1.8374402625052653,1.8570089572765789,bin_2
config_470,576,5,8,0.0011564474552869,0.853035569190979,0.9627637267112732,0.1491836309432983,0.0002036858204519,128,45839.0,4.373772867670376e+18,12016666624,48872448,16,0.0002036858204519,4784128000.0,1.7420094514509056e+18,18257.0,1.797062643512351,1.8143407594180496,bin_2
config_470,576,5,8,0.0011564474552869,0.853035569190979,0.9627637267112732,0.1491836309432983,0.0002036858204519,128,45839.0,4.373772867670376e+18,12016666624,48872448,16,0.0002036858204519,6383206400.0,2.3226156579513585e+18,24342.0,1.771975118957582,1.788835928049244,bin_2
config_470,576,5,8,0.0011564474552869,0.853035569190979,0.9627637267112732,0.1491836309432983,0.0002036858204519,128,45839.0,4.373772867670376e+18,12016666624,48872448,16,0.0002036858204519,7982284800.0,2.903317280426585e+18,30428.0,1.7551967512974973,1.7722354772442677,bin_2
config_470,576,5,8,0.0011564474552869,0.853035569190979,0.9627637267112732,0.1491836309432983,0.0002036858204519,128,45839.0,4.373772867670376e+18,12016666624,48872448,16,0.0002036858204519,9568256000.0,3.484018902901811e+18,36514.0,1.7420371587550054,1.75911358888032,bin_2
config_470,576,5,8,0.0011564474552869,0.853035569190979,0.9627637267112732,0.1491836309432983,0.0002036858204519,128,45839.0,4.373772867670376e+18,12016666624,48872448,16,9.64811893015247e-05,11167334400.0,4.064625109402264e+18,42599.0,1.7151348722567323,1.7323062920961223,bin_2
config_470,576,5,8,0.0011564474552869,0.853035569190979,0.9627637267112732,0.1491836309432983,0.0002036858204519,128,45839.0,4.373772867670376e+18,12016666624,48872448,16,1.1617062002962234e-06,12006195200.0,4.373772867670376e+18,45839.0,1.6987229126789531,1.71562943067707,bin_2
config_471,1152,18,12,0.0369792580604553,0.93490332365036,0.9554860591888428,0.1531489193439483,0.0042035672813653,128,50758.0,3.4290499284094943e+19,13306108928,344616192,8,0.0042035672813653,1599078400.0,4.1115090949801375e+18,6086.0,1.698046536426075,1.7161805634420426,bin_3
config_471,1152,18,12,0.0369792580604553,0.93490332365036,0.9554860591888428,0.1531489193439483,0.0042035672813653,128,50758.0,3.4290499284094943e+19,13306108928,344616192,8,0.0042035672813653,3185049600.0,8.222342621591071e+18,12171.0,1.6298104798207518,1.646924443166764,bin_3
config_471,1152,18,12,0.0369792580604553,0.93490332365036,0.9554860591888428,0.1531489193439483,0.0042035672813653,128,50758.0,3.4290499284094943e+19,13306108928,344616192,8,0.0042035672813653,4784128000.0,1.2333851716571208e+19,18257.0,1.6060748075852629,1.6215055247799297,bin_3
config_471,1152,18,12,0.0369792580604553,0.93490332365036,0.9554860591888428,0.1531489193439483,0.0042035672813653,128,50758.0,3.4290499284094943e+19,13306108928,344616192,8,0.0042035672813653,6383206400.0,1.644468524318214e+19,24342.0,1.5921272992892344,1.607063262618956,bin_3
config_471,1152,18,12,0.0369792580604553,0.93490332365036,0.9554860591888428,0.1531489193439483,0.0042035672813653,128,50758.0,3.4290499284094943e+19,13306108928,344616192,8,0.0042035672813653,7982284800.0,2.055619433816228e+19,30428.0,1.5835822448574128,1.5982821748686618,bin_3
config_471,1152,18,12,0.0369792580604553,0.93490332365036,0.9554860591888428,0.1531489193439483,0.0042035672813653,128,50758.0,3.4290499284094943e+19,13306108928,344616192,8,0.0042035672813653,9568256000.0,2.466770343314241e+19,36514.0,1.577972357703037,1.592199520048548,bin_3
config_471,1152,18,12,0.0369792580604553,0.93490332365036,0.9554860591888428,0.1531489193439483,0.0042035672813653,128,50758.0,3.4290499284094943e+19,13306108928,344616192,8,0.0042035672813653,11167334400.0,2.8778536959753347e+19,42599.0,1.5711345009823314,1.585893497017563,bin_3
config_471,1152,18,12,0.0369792580604553,0.93490332365036,0.9554860591888428,0.1531489193439483,0.0042035672813653,128,50758.0,3.4290499284094943e+19,13306108928,344616192,8,0.0011129475704425,12766412800.0,3.289004605473349e+19,48685.0,1.4772339601497182,1.4900402207843593,bin_3
config_471,1152,18,12,0.0369792580604553,0.93490332365036,0.9554860591888428,0.1531489193439483,0.0042035672813653,128,50758.0,3.4290499284094943e+19,13306108928,344616192,8,4.326326804440957e-06,13303808000.0,3.4290499284094943e+19,50758.0,1.4428673833510914,1.4548607131496805,bin_3
config_472,896,7,4,0.0112031530588865,0.8318111300468445,0.9452764391899108,0.0528621412813663,0.0030265511013567,64,21255.0,2.363384513657438e+18,2785969664,115709440,16,0.0030265511013567,1592524800.0,1.353317003797915e+18,12171.0,1.7892197743400198,1.8073371451409137,bin_2
config_472,896,7,4,0.0112031530588865,0.8318111300468445,0.9452764391899108,0.0528621412813663,0.0030265511013567,64,21255.0,2.363384513657438e+18,2785969664,115709440,16,1.3475294307020366e-05,2785280000.0,2.363384513657438e+18,21255.0,1.6831315903976316,1.6998638974252294,bin_2
config_473,1152,6,24,0.004058004822582,0.9062162041664124,0.9243938326835632,0.2730266749858856,0.0001005287631414,64,20004.0,2.859832568840454e+18,2622032896,153485568,16,0.0001005287631414,1592524800.0,1.7400031091460293e+18,12171.0,1.8323549238971024,1.852047815361961,bin_2
config_473,1152,6,24,0.004058004822582,0.9062162041664124,0.9243938326835632,0.2730266749858856,0.0001005287631414,64,20004.0,2.859832568840454e+18,2622032896,153485568,16,7.363395945173165e-08,2621440000.0,2.859832568840454e+18,20004.0,1.734925443696194,1.753643023459638,bin_2
config_474,1088,19,16,0.1269980669021606,0.9784902930259703,0.9493076801300048,0.2620872259140014,0.0029329834505915,128,46642.0,3.080129974690657e+19,12227058688,335221504,8,0.0029329834505915,1599078400.0,4.019053862606093e+18,6086.0,1.743655315852556,1.7615204152318298,bin_3
config_474,1088,19,16,0.1269980669021606,0.9784902930259703,0.9493076801300048,0.2620872259140014,0.0029329834505915,128,46642.0,3.080129974690657e+19,12227058688,335221504,8,0.0029329834505915,3185049600.0,8.0374473483041e+18,12171.0,1.6932643464549644,1.7115382738973273,bin_3
config_474,1088,19,16,0.1269980669021606,0.9784902930259703,0.9493076801300048,0.2620872259140014,0.0029329834505915,128,46642.0,3.080129974690657e+19,12227058688,335221504,8,0.0029329834505915,4784128000.0,1.2056501210910194e+19,18257.0,1.6722423371916912,1.687386666946724,bin_3
config_474,1088,19,16,0.1269980669021606,0.9784902930259703,0.9493076801300048,0.2620872259140014,0.0029329834505915,128,46642.0,3.080129974690657e+19,12227058688,335221504,8,0.0029329834505915,6383206400.0,1.60748946966082e+19,24342.0,1.6606105063391514,1.6762679874115305,bin_3
config_474,1088,19,16,0.1269980669021606,0.9784902930259703,0.9493076801300048,0.2620872259140014,0.0029329834505915,128,46642.0,3.080129974690657e+19,12227058688,335221504,8,0.0029329834505915,7982284800.0,2.0093948559214297e+19,30428.0,1.6533502780609444,1.6689999044136925,bin_3
config_474,1088,19,16,0.1269980669021606,0.9784902930259703,0.9493076801300048,0.2620872259140014,0.0029329834505915,128,46642.0,3.080129974690657e+19,12227058688,335221504,8,0.0024334357130153,9568256000.0,2.4113002421820387e+19,36514.0,1.6278301822552916,1.642190993535714,bin_3
config_474,1088,19,16,0.1269980669021606,0.9784902930259703,0.9493076801300048,0.2620872259140014,0.0029329834505915,128,46642.0,3.080129974690657e+19,12227058688,335221504,8,0.0009698232254001,11167334400.0,2.81313959075184e+19,42599.0,1.5434098491316937,1.5571895113343095,bin_3
config_474,1088,19,16,0.1269980669021606,0.9784902930259703,0.9493076801300048,0.2620872259140014,0.0029329834505915,128,46642.0,3.080129974690657e+19,12227058688,335221504,8,1.0077331881941027e-05,12215910400.0,3.080129974690657e+19,46642.0,1.466255934013695,1.4782506108283997,bin_3
config_475,576,22,12,0.1206451654434204,0.982081413269043,0.910350501537323,0.0139491502195596,0.0024615789297968,128,56476.0,1.4963691382869197e+19,14805017600,116574336,8,0.0024615789297968,1599078400.0,1.6125261306774902e+18,6086.0,1.8812733420387644,1.8993940015894468,bin_3
config_475,576,22,12,0.1206451654434204,0.982081413269043,0.910350501537323,0.0139491502195596,0.0024615789297968,128,56476.0,1.4963691382869197e+19,14805017600,116574336,8,0.0024615789297968,3185049600.0,3.2247873047117537e+18,12171.0,1.9321809761250608,1.9508655431036088,bin_3
config_475,576,22,12,0.1206451654434204,0.982081413269043,0.910350501537323,0.0139491502195596,0.0024615789297968,128,56476.0,1.4963691382869197e+19,14805017600,116574336,8,0.0024615789297968,4784128000.0,4.837313435389243e+18,18257.0,3.8320452731945474,3.849111161701015,bin_3
config_475,576,22,12,0.1206451654434204,0.982081413269043,0.910350501537323,0.0139491502195596,0.0024615789297968,128,56476.0,1.4963691382869197e+19,14805017600,116574336,8,0.0024615789297968,6383206400.0,6.449574609423507e+18,24342.0,3.286019272608835,3.3194625354985723,bin_3
config_475,576,22,12,0.1206451654434204,0.982081413269043,0.910350501537323,0.0139491502195596,0.0024615789297968,128,56476.0,1.4963691382869197e+19,14805017600,116574336,8,0.0024615789297968,7982284800.0,8.062100740100997e+18,30428.0,3.720831046104431,3.755964452985857,bin_3
config_475,576,22,12,0.1206451654434204,0.982081413269043,0.910350501537323,0.0139491502195596,0.0024615789297968,128,56476.0,1.4963691382869197e+19,14805017600,116574336,8,0.0024615789297968,9568256000.0,9.674626870778489e+18,36514.0,3.413460569381714,3.4502899378635843,bin_3
config_475,576,22,12,0.1206451654434204,0.982081413269043,0.910350501537323,0.0139491502195596,0.0024615789297968,128,56476.0,1.4963691382869197e+19,14805017600,116574336,8,0.0024615789297968,11167334400.0,1.128688804481275e+19,42599.0,3.360232021417774,3.395604558968153,bin_3
config_475,576,22,12,0.1206451654434204,0.982081413269043,0.910350501537323,0.0139491502195596,0.0024615789297968,128,56476.0,1.4963691382869197e+19,14805017600,116574336,8,0.0024615789297968,12766412800.0,1.289941417549024e+19,48685.0,3.2470923862691787,3.2814683486594527,bin_3
config_475,576,22,12,0.1206451654434204,0.982081413269043,0.910350501537323,0.0139491502195596,0.0024615789297968,128,56476.0,1.4963691382869197e+19,14805017600,116574336,8,0.0024615789297968,14352384000.0,1.4511675349524505e+19,54770.0,3.292872046095426,3.316684245633297,bin_3
config_475,576,22,12,0.1206451654434204,0.982081413269043,0.910350501537323,0.0139491502195596,0.0024615789297968,128,56476.0,1.4963691382869197e+19,14805017600,116574336,8,8.132281089544757e-05,14798028800.0,1.4963691382869197e+19,56476.0,3.205776186184805,3.238619812941942,bin_3
config_476,448,13,16,0.001475044991821,0.859876811504364,0.9494199752807616,0.0224562231451272,6.164417573018e-05,32,11265.0,3.507581265726505e+17,738314112,55336960,16,6.164417573018e-05,370278400.0,1.753634947942448e+17,5632.0,2.435027078448749,2.460484919860715,bin_0
config_476,448,13,16,0.001475044991821,0.859876811504364,0.9494199752807616,0.0224562231451272,6.164417573018e-05,32,11265.0,3.507581265726505e+17,738314112,55336960,16,3.66929617441548e-06,737280000.0,3.507581265726505e+17,11265.0,2.1516845115286407,2.173322971140752,bin_0
config_477,832,14,16,0.0020638527348637,0.8298234939575195,0.984631359577179,0.135431483387947,0.0001018697657855,64,46616.0,7.655428202710499e+18,6110180864,161130112,8,0.0001018697657855,1592524800.0,1.9987604396599767e+18,12171.0,1.7988657680691265,1.8178743073588512,bin_3
config_477,832,14,16,0.0020638527348637,0.8298234939575195,0.984631359577179,0.135431483387947,0.0001018697657855,64,46616.0,7.655428202710499e+18,6110180864,161130112,8,0.0001018697657855,3191603200.0,3.9975208793199534e+18,24342.0,1.6951532232370532,1.7131383092872432,bin_3
config_477,832,14,16,0.0020638527348637,0.8298234939575195,0.984631359577179,0.135431483387947,0.0001018697657855,64,46616.0,7.655428202710499e+18,6110180864,161130112,8,0.0001018697657855,4784128000.0,5.996445542169452e+18,36514.0,1.648174665716828,1.6637377317225346,bin_3
config_477,832,14,16,0.0020638527348637,0.8298234939575195,0.984631359577179,0.135431483387947,0.0001018697657855,64,46616.0,7.655428202710499e+18,6110180864,161130112,8,2.581841046362093e-07,6107955200.0,7.655428202710499e+18,46616.0,1.5911193972142017,1.6060758398986257,bin_3
config_478,640,18,10,0.0014902690891176,0.8973298072814941,0.9800864458084106,0.061700090765953,3.989475226262584e-05,64,29097.0,3.908110876065792e+18,3813849600,123623680,8,3.989475226262584e-05,1592524800.0,1.634725829899878e+18,12171.0,1.952070954471338,1.973513015176429,bin_2
config_478,640,18,10,0.0014902690891176,0.8973298072814941,0.9800864458084106,0.061700090765953,3.989475226262584e-05,64,29097.0,3.908110876065792e+18,3813849600,123623680,8,3.989475226262584e-05,3191603200.0,3.2694516597997563e+18,24342.0,1.8095399715861336,1.8298512425579008,bin_2
config_478,640,18,10,0.0014902690891176,0.8973298072814941,0.9800864458084106,0.061700090765953,3.989475226262584e-05,64,29097.0,3.908110876065792e+18,3813849600,123623680,8,1.0445979701077478e-06,3807641600.0,3.908110876065792e+18,29097.0,1.7606145717667752,1.780467642506615,bin_2
config_479,960,14,20,0.0067977686412632,0.8826828598976135,0.9558453559875488,0.1384450197219848,0.0007258646073751,64,7903.0,1.604548976206971e+18,1035948288,203122560,8,0.0007258646073751,517734400.0,8.021729729208835e+17,3951.0,1.8480779598775456,1.8674534446098765,bin_1
config_479,960,14,20,0.0067977686412632,0.8826828598976135,0.9558453559875488,0.1384450197219848,0.0007258646073751,64,7903.0,1.604548976206971e+18,1035948288,203122560,8,1.9904879544107093e-06,1035468800.0,1.604548976206971e+18,7903.0,1.6886690253898746,1.7065916045962788,bin_1
config_48,832,19,8,0.0015813215868547,0.9412256479263306,0.9544350504875184,0.1884922683238983,0.0026103777345269,64,14346.0,3.0287450779806106e+18,1880362880,203736832,8,0.002119966532922,1592524800.0,2.569556416011572e+18,12171.0,1.736684694251076,1.754852896342512,bin_2
config_48,832,19,8,0.0015813215868547,0.9412256479263306,0.9544350504875184,0.1884922683238983,0.0026103777345269,64,14346.0,3.0287450779806106e+18,1880362880,203736832,8,4.440731353115438e-05,1874329600.0,3.0287450779806106e+18,14346.0,1.672864086119855,1.6904271220965463,bin_2
config_480,640,20,16,0.0188879147171974,0.8142209053039551,0.9528288245201112,0.0825691074132919,0.0005217669531702,128,59436.0,1.7405639807627428e+19,15580796928,133784320,8,0.0005217669531702,1599078400.0,1.7822653588602954e+18,6086.0,1.774747403195647,1.7931416960622444,bin_3
config_480,640,20,16,0.0188879147171974,0.8142209053039551,0.9528288245201112,0.0825691074132919,0.0005217669531702,128,59436.0,1.7405639807627428e+19,15580796928,133784320,8,0.0005217669531702,3185049600.0,3.564237870964288e+18,12171.0,1.6753714330274552,1.6932051514015822,bin_3
config_480,640,20,16,0.0188879147171974,0.8142209053039551,0.9528288245201112,0.0825691074132919,0.0005217669531702,128,59436.0,1.7405639807627428e+19,15580796928,133784320,8,0.0005217669531702,4784128000.0,5.346503229824584e+18,18257.0,1.6367848084012016,1.6529943405409329,bin_3
config_480,640,20,16,0.0188879147171974,0.8142209053039551,0.9528288245201112,0.0825691074132919,0.0005217669531702,128,59436.0,1.7405639807627428e+19,15580796928,133784320,8,0.0005217669531702,6383206400.0,7.128475741928576e+18,24342.0,1.6139727202595258,1.629684335091075,bin_3
config_480,640,20,16,0.0188879147171974,0.8142209053039551,0.9528288245201112,0.0825691074132919,0.0005217669531702,128,59436.0,1.7405639807627428e+19,15580796928,133784320,8,0.0005217669531702,7982284800.0,8.910741100788872e+18,30428.0,1.5985791944089482,1.6135372484902866,bin_3
config_480,640,20,16,0.0188879147171974,0.8142209053039551,0.9528288245201112,0.0825691074132919,0.0005217669531702,128,59436.0,1.7405639807627428e+19,15580796928,133784320,8,0.0005217669531702,9568256000.0,1.0693006459649167e+19,36514.0,1.5870312128692377,1.6018348441163048,bin_3
config_480,640,20,16,0.0188879147171974,0.8142209053039551,0.9528288245201112,0.0825691074132919,0.0005217669531702,128,59436.0,1.7405639807627428e+19,15580796928,133784320,8,0.0005217669531702,11167334400.0,1.247497897175316e+19,42599.0,1.5772380749612558,1.592015531942493,bin_3
config_480,640,20,16,0.0188879147171974,0.8142209053039551,0.9528288245201112,0.0825691074132919,0.0005217669531702,128,59436.0,1.7405639807627428e+19,15580796928,133784320,8,0.0005217669531702,12766412800.0,1.4257244330613457e+19,48685.0,1.5700472260694034,1.5848495207458246,bin_3
config_480,640,20,16,0.0188879147171974,0.8142209053039551,0.9528288245201112,0.0825691074132919,0.0005217669531702,128,59436.0,1.7405639807627428e+19,15580796928,133784320,8,0.0004982677690148,14352384000.0,1.6039216842717448e+19,54770.0,1.5670222626553207,1.577327839663771,bin_3
config_480,640,20,16,0.0188879147171974,0.8142209053039551,0.9528288245201112,0.0825691074132919,0.0005217669531702,128,59436.0,1.7405639807627428e+19,15580796928,133784320,8,3.827921400882542e-06,15571353600.0,1.7405639807627428e+19,59436.0,1.5195750491443227,1.5288305163090343,bin_3
config_481,1088,20,8,0.0058709871955215,0.9889749884605408,0.9005271792411804,0.1614757478237152,0.0025378183927387,32,12766.0,2.2040450432403704e+18,836633856,349985664,8,0.0025378183927387,419430400.0,1.1020225216201852e+18,6383.0,3.4998716495857862,3.529762824441566,bin_2
config_481,1088,20,8,0.0058709871955215,0.9889749884605408,0.9005271792411804,0.1614757478237152,0.0025378183927387,32,12766.0,2.2040450432403704e+18,836633856,349985664,8,1.97016469111206e-05,835584000.0,2.2040450432403704e+18,12766.0,3.440693393222621,3.468160229198268,bin_2
config_482,448,17,16,0.1264475286006927,0.8114882111549377,0.9503838419914246,0.0452058799564838,0.0001571544125908,64,10871.0,8.260173289205268e+17,1424965632,65433088,16,0.0001571544125908,714342400.0,4.129706726780483e+17,5435.0,2.034453519172356,2.055693057599615,bin_1
config_482,448,17,16,0.1264475286006927,0.8114882111549377,0.9503838419914246,0.0452058799564838,0.0001571544125908,64,10871.0,8.260173289205268e+17,1424965632,65433088,16,6.7214718216066654e-06,1422131200.0,8.260173289205268e+17,10871.0,1.859389841595634,1.8797825979404763,bin_1
config_483,256,10,4,0.0042962892912328,0.8026132583618164,0.93720942735672,0.0043204487301409,0.0058540408499538,64,35131.0,8.807063333791334e+17,4604805120,21395968,16,0.0058540408499538,1592524800.0,3.051173261096306e+17,12171.0,1.9431633896515017,1.96428463779512,bin_1
config_483,256,10,4,0.0042962892912328,0.8026132583618164,0.93720942735672,0.0043204487301409,0.0058540408499538,64,35131.0,8.807063333791334e+17,4604805120,21395968,16,0.0058540408499538,3191603200.0,6.102346522192612e+17,24342.0,1.904222750311992,1.924990382468114,bin_1
config_483,256,10,4,0.0042962892912328,0.8026132583618164,0.93720942735672,0.0043204487301409,0.0058540408499538,64,35131.0,8.807063333791334e+17,4604805120,21395968,16,0.0012018229559507,4600627200.0,8.807063333791334e+17,35131.0,1.850091259987628,1.868121572869723,bin_1
config_484,960,6,8,0.0313409604132175,0.869844377040863,0.954807698726654,0.261494517326355,0.0091756051406264,32,7133.0,3.876800653183795e+17,467487424,114633600,16,0.0091756051406264,232652800.0,1.9381285755297088e+17,3566.0,3.440029722901641,3.441024604781729,bin_0
config_484,960,6,8,0.0313409604132175,0.869844377040863,0.954807698726654,0.261494517326355,0.0091756051406264,32,7133.0,3.876800653183795e+17,467487424,114633600,16,0.0001623565520861,465305600.0,3.876800653183795e+17,7133.0,3.228801069337813,3.263242667463959,bin_0
config_485,704,14,16,0.0511975660920143,0.8246739506721497,0.966161012649536,0.0696039199829101,0.0012334220809862,64,55250.0,7.129193310190043e+18,7241805824,123725184,8,0.0012334220809862,1592524800.0,1.570487091010371e+18,12171.0,1.7602265456465425,1.778554433994606,bin_3
config_485,704,14,16,0.0511975660920143,0.8246739506721497,0.966161012649536,0.0696039199829101,0.0012334220809862,64,55250.0,7.129193310190043e+18,7241805824,123725184,8,0.0012334220809862,3191603200.0,3.1409741820207427e+18,24342.0,1.701891513163926,1.7201309135116514,bin_3
config_485,704,14,16,0.0511975660920143,0.8246739506721497,0.966161012649536,0.0696039199829101,0.0012334220809862,64,55250.0,7.129193310190043e+18,7241805824,123725184,8,0.0012334220809862,4784128000.0,4.71159030820415e+18,36514.0,1.6803009418190502,1.6964931391887978,bin_3
config_485,704,14,16,0.0511975660920143,0.8246739506721497,0.966161012649536,0.0696039199829101,0.0012334220809862,64,55250.0,7.129193310190043e+18,7241805824,123725184,8,0.0012334220809862,6383206400.0,6.28207739921452e+18,48685.0,1.6665801666603717,1.68287257802291,bin_3
config_485,704,14,16,0.0511975660920143,0.8246739506721497,0.966161012649536,0.0696039199829101,0.0012334220809862,64,55250.0,7.129193310190043e+18,7241805824,123725184,8,0.0,7241728000.0,7.129193310190043e+18,55250.0,1.573820300453999,1.5886200279876834,bin_3
config_486,640,16,10,0.074686087667942,0.8206585049629211,0.9659572839736938,0.0508006103336811,2.5044668291229755e-05,128,52798.0,1.2903922234388644e+19,13840809984,113463040,8,2.5044668291229755e-05,1599078400.0,1.4874288934900808e+18,6086.0,2.355259205728281,2.380010438453956,bin_3
config_486,640,16,10,0.074686087667942,0.8206585049629211,0.9659572839736938,0.0508006103336811,2.5044668291229755e-05,128,52798.0,1.2903922234388644e+19,13840809984,113463040,8,2.5044668291229755e-05,3185049600.0,2.97461338525596e+18,12171.0,2.033104066399277,2.054465698238279,bin_3
config_486,640,16,10,0.074686087667942,0.8206585049629211,0.9659572839736938,0.0508006103336811,2.5044668291229755e-05,128,52798.0,1.2903922234388644e+19,13840809984,113463040,8,2.5044668291229755e-05,4784128000.0,4.462042278746041e+18,18257.0,1.9142931113282189,1.9347018511373488,bin_3
config_486,640,16,10,0.074686087667942,0.8206585049629211,0.9659572839736938,0.0508006103336811,2.5044668291229755e-05,128,52798.0,1.2903922234388644e+19,13840809984,113463040,8,2.5044668291229755e-05,6383206400.0,5.94922677051192e+18,24342.0,1.848988098453303,1.8681333545387768,bin_3
config_486,640,16,10,0.074686087667942,0.8206585049629211,0.9659572839736938,0.0508006103336811,2.5044668291229755e-05,128,52798.0,1.2903922234388644e+19,13840809984,113463040,8,2.5044668291229755e-05,7982284800.0,7.436655664002001e+18,30428.0,1.8057409693178583,1.8247448806684523,bin_3
config_486,640,16,10,0.074686087667942,0.8206585049629211,0.9659572839736938,0.0508006103336811,2.5044668291229755e-05,128,52798.0,1.2903922234388644e+19,13840809984,113463040,8,2.5044668291229755e-05,9568256000.0,8.924084557492082e+18,36514.0,1.774961858323363,1.7929297973288865,bin_3
config_486,640,16,10,0.074686087667942,0.8206585049629211,0.9659572839736938,0.0508006103336811,2.5044668291229755e-05,128,52798.0,1.2903922234388644e+19,13840809984,113463040,8,2.5044668291229755e-05,11167334400.0,1.041126904925796e+19,42599.0,1.7505207647261072,1.768146917018734,bin_3
config_486,640,16,10,0.074686087667942,0.8206585049629211,0.9659572839736938,0.0508006103336811,2.5044668291229755e-05,128,52798.0,1.2903922234388644e+19,13840809984,113463040,8,2.5044668291229755e-05,12766412800.0,1.189869794274804e+19,48685.0,1.731493973477942,1.7486960010450394,bin_3
config_486,640,16,10,0.074686087667942,0.8206585049629211,0.9659572839736938,0.0508006103336811,2.5044668291229755e-05,128,52798.0,1.2903922234388644e+19,13840809984,113463040,8,4.482267255701079e-07,13828096000.0,1.2903922234388644e+19,52798.0,1.70543327440981,1.7218729799301895,bin_3
config_488,512,6,16,0.0230451170355081,0.8609876036643982,0.9257186055183412,0.0334363281726837,0.000126554412418,64,11906.0,5.503270168343347e+17,1560627840,46195712,16,0.000126554412418,779878400.0,2.7516350841716736e+17,5953.0,2.0888668302629814,2.11195318565994,bin_1
config_488,512,6,16,0.0230451170355081,0.8609876036643982,0.9257186055183412,0.0334363281726837,0.000126554412418,64,11906.0,5.503270168343347e+17,1560627840,46195712,16,1.9078554635886056e-06,1559756800.0,5.503270168343347e+17,11906.0,1.9287439281432357,1.9501519622568224,bin_1
config_49,448,17,16,0.0703160539269447,0.9858100414276124,0.9020612239837646,0.2340794652700424,9.315691568190232e-05,64,25754.0,1.956795672432771e+18,3375675648,65433088,16,9.315691568190232e-05,1592524800.0,9.247557711104782e+17,12171.0,2.239551203250885,2.2607940257963586,bin_2
config_49,448,17,16,0.0703160539269447,0.9858100414276124,0.9020612239837646,0.2340794652700424,9.315691568190232e-05,64,25754.0,1.956795672432771e+18,3375675648,65433088,16,2.169746344017765e-05,3191603200.0,1.8495115422209564e+18,24342.0,1.9553601142226675,1.9745403572770412,bin_2
config_49,448,17,16,0.0703160539269447,0.9858100414276124,0.9020612239837646,0.2340794652700424,9.315691568190232e-05,64,25754.0,1.956795672432771e+18,3375675648,65433088,16,6.181613515720229e-08,3375104000.0,1.956795672432771e+18,25754.0,1.946280138062649,1.9654092502593996,bin_2
config_490,704,14,8,0.0408889129757881,0.8500092029571533,0.9119710326194764,0.192073568701744,0.0003030409570783,64,58429.0,7.539370547422298e+18,7658462208,123725184,8,0.0003030409570783,1592524800.0,1.5704817630402163e+18,12171.0,1.787770841219386,1.80630782498688,bin_3
config_490,704,14,8,0.0408889129757881,0.8500092029571533,0.9119710326194764,0.192073568701744,0.0003030409570783,64,58429.0,7.539370547422298e+18,7658462208,123725184,8,0.0003030409570783,3191603200.0,3.1409635260804326e+18,24342.0,1.7173309164164496,1.7358986596396713,bin_3
config_490,704,14,8,0.0408889129757881,0.8500092029571533,0.9119710326194764,0.192073568701744,0.0003030409570783,64,58429.0,7.539370547422298e+18,7658462208,123725184,8,0.0003030409570783,4784128000.0,4.711574323855924e+18,36514.0,1.690400010640504,1.707164431419529,bin_3
config_490,704,14,8,0.0408889129757881,0.8500092029571533,0.9119710326194764,0.192073568701744,0.0003030409570783,64,58429.0,7.539370547422298e+18,7658462208,123725184,8,0.0002627237098035,6383206400.0,6.28205608689614e+18,48685.0,1.6643497916127814,1.6801496545994867,bin_3
config_490,704,14,8,0.0408889129757881,0.8500092029571533,0.9119710326194764,0.192073568701744,0.0003030409570783,64,58429.0,7.539370547422298e+18,7658462208,123725184,8,7.831213469320915e-07,7654604800.0,7.539370547422298e+18,58429.0,1.592723259105057,1.6070506878954465,bin_3
config_491,448,14,16,0.0089975884184241,0.8511417508125305,0.9142993092536926,0.240860566496849,0.0022270602639764,64,13773.0,9.049016597745009e+17,1805366912,57860992,16,0.001089695148759,1592524800.0,7.996484499466674e+17,12171.0,1.799797480614459,1.8186275546277155,bin_1
config_491,448,14,16,0.0089975884184241,0.8511417508125305,0.9142993092536926,0.240860566496849,0.0022270602639764,64,13773.0,9.049016597745009e+17,1805366912,57860992,16,1.544238350059072e-05,1802240000.0,9.049016597745009e+17,13773.0,1.7548488994113731,1.7732083356575887,bin_1
config_492,1152,15,8,0.0083908224478363,0.8502747416496277,0.9859278202056884,0.2702932059764862,0.0003547737433109,128,42498.0,2.457051560743168e+19,11140765696,296833536,8,0.0003547737433109,1599078400.0,3.518663419145117e+18,6086.0,1.7208105137504517,1.7387049066238716,bin_3
config_492,1152,15,8,0.0083908224478363,0.8502747416496277,0.9859278202056884,0.2702932059764862,0.0003547737433109,128,42498.0,2.457051560743168e+19,11140765696,296833536,8,0.0003547737433109,3185049600.0,7.036748681303848e+18,12171.0,1.6128435168891655,1.6299843203239754,bin_3
config_492,1152,15,8,0.0083908224478363,0.8502747416496277,0.9859278202056884,0.2702932059764862,0.0003547737433109,128,42498.0,2.457051560743168e+19,11140765696,296833536,8,0.0003547737433109,4784128000.0,1.0555412100448965e+19,18257.0,1.5675706923007966,1.5826486359072514,bin_3
config_492,1152,15,8,0.0083908224478363,0.8502747416496277,0.9859278202056884,0.2702932059764862,0.0003547737433109,128,42498.0,2.457051560743168e+19,11140765696,296833536,8,0.0003547737433109,6383206400.0,1.4073497362607696e+19,24342.0,1.539754900893227,1.5546717037920093,bin_3
config_492,1152,15,8,0.0083908224478363,0.8502747416496277,0.9859278202056884,0.2702932059764862,0.0003547737433109,128,42498.0,2.457051560743168e+19,11140765696,296833536,8,0.0003547737433109,7982284800.0,1.7592160781752812e+19,30428.0,1.5213847371203,1.535811935076948,bin_3
config_492,1152,15,8,0.0083908224478363,0.8502747416496277,0.9859278202056884,0.2702932059764862,0.0003547737433109,128,42498.0,2.457051560743168e+19,11140765696,296833536,8,0.0001852631823418,9568256000.0,2.111082420089793e+19,36514.0,1.4841994752551688,1.4981917762951773,bin_3
config_492,1152,15,8,0.0083908224478363,0.8502747416496277,0.9859278202056884,0.2702932059764862,0.0003547737433109,128,42498.0,2.457051560743168e+19,11140765696,296833536,8,1.4825996586213938e-06,11128012800.0,2.457051560743168e+19,42498.0,1.4559645061219324,1.469533454424045,bin_3
config_493,320,12,20,0.0129365064203739,0.8381062150001526,0.9216985702514648,0.1351104080677032,1.6150541341630742e-05,64,61006.0,2.3282803212956467e+18,7996188672,32808320,16,1.6150541341630742e-05,1592524800.0,4.645034880255928e+17,12171.0,2.73175723896652,2.7604349704648627,bin_2
config_493,320,12,20,0.0129365064203739,0.8381062150001526,0.9216985702514648,0.1351104080677032,1.6150541341630742e-05,64,61006.0,2.3282803212956467e+18,7996188672,32808320,16,1.6150541341630742e-05,3191603200.0,9.290069760511857e+17,24342.0,2.4821691857791337,2.509938088088739,bin_2
config_493,320,12,20,0.0129365064203739,0.8381062150001526,0.9216985702514648,0.1351104080677032,1.6150541341630742e-05,64,61006.0,2.3282803212956467e+18,7996188672,32808320,16,1.6150541341630742e-05,4784128000.0,1.3935486288527237e+18,36514.0,2.3075227910182514,2.331236727941232,bin_2
config_493,320,12,20,0.0129365064203739,0.8381062150001526,0.9216985702514648,0.1351104080677032,1.6150541341630742e-05,64,61006.0,2.3282803212956467e+18,7996188672,32808320,16,1.6150541341630742e-05,6383206400.0,1.8580521168783163e+18,48685.0,2.20600386986967,2.2275874313760977,bin_2
config_493,320,12,20,0.0129365064203739,0.8381062150001526,0.9216985702514648,0.1351104080677032,1.6150541341630742e-05,64,61006.0,2.3282803212956467e+18,7996188672,32808320,16,3.05688479652315e-07,7975731200.0,2.322555604903909e+18,60856.0,2.145367926535059,2.1664203088009946,bin_2
config_493,320,12,20,0.0129365064203739,0.8381062150001526,0.9216985702514648,0.1351104080677032,1.6150541341630742e-05,64,61006.0,2.3282803212956467e+18,7996188672,32808320,16,1.1757249217395951e-08,7995392000.0,2.3282803212956467e+18,61006.0,2.14526290139214,2.16627573826274,bin_2
config_495,256,9,16,0.0281912609934806,0.9464691281318665,0.9952691793441772,0.1372711509466171,0.0005507500027306,128,55876.0,2.634464179321307e+18,14647724032,20543488,16,0.0005507500027306,1599078400.0,2.869451821059037e+17,6086.0,1.9898072450669089,2.011709176360584,bin_2
config_495,256,9,16,0.0281912609934806,0.9464691281318665,0.9952691793441772,0.1372711509466171,0.0005507500027306,128,55876.0,2.634464179321307e+18,14647724032,20543488,16,0.0005507500027306,3185049600.0,5.738432158085696e+17,12171.0,1.9026268542399167,1.923901093201559,bin_2
config_495,256,9,16,0.0281912609934806,0.9464691281318665,0.9952691793441772,0.1372711509466171,0.0005507500027306,128,55876.0,2.634464179321307e+18,14647724032,20543488,16,0.0005507500027306,4784128000.0,8.607883979144732e+17,18257.0,1.8697218763632848,1.8892389339697169,bin_2
config_495,256,9,16,0.0281912609934806,0.9464691281318665,0.9952691793441772,0.1372711509466171,0.0005507500027306,128,55876.0,2.634464179321307e+18,14647724032,20543488,16,0.0005507500027306,6383206400.0,1.1476864316171392e+18,24342.0,1.851556950944369,1.8704593415729336,bin_2
config_495,256,9,16,0.0281912609934806,0.9464691281318665,0.9952691793441772,0.1372711509466171,0.0005507500027306,128,55876.0,2.634464179321307e+18,14647724032,20543488,16,0.0005507500027306,7982284800.0,1.4346316137230428e+18,30428.0,1.840179210334528,1.8593869733419572,bin_2
config_495,256,9,16,0.0281912609934806,0.9464691281318665,0.9952691793441772,0.1372711509466171,0.0005507500027306,128,55876.0,2.634464179321307e+18,14647724032,20543488,16,0.0005507500027306,9568256000.0,1.7215767958289464e+18,36514.0,1.8305931103424948,1.84945632043432,bin_2
config_495,256,9,16,0.0281912609934806,0.9464691281318665,0.9952691793441772,0.1372711509466171,0.0005507500027306,128,55876.0,2.634464179321307e+18,14647724032,20543488,16,0.0005507500027306,11167334400.0,2.0084748295316124e+18,42599.0,1.8229709974273307,1.8416104432012212,bin_2
config_495,256,9,16,0.0281912609934806,0.9464691281318665,0.9952691793441772,0.1372711509466171,0.0005507500027306,128,55876.0,2.634464179321307e+18,14647724032,20543488,16,0.0005152779686564,12766412800.0,2.295420011637516e+18,48685.0,1.8166524712765804,1.8346958391783668,bin_2
config_495,256,9,16,0.0281912609934806,0.9464691281318665,0.9952691793441772,0.1372711509466171,0.0005507500027306,128,55876.0,2.634464179321307e+18,14647724032,20543488,16,8.085325985328535e-05,14352384000.0,2.582318045340181e+18,54770.0,1.7834515131887845,1.8002434627345352,bin_2
config_495,256,9,16,0.0281912609934806,0.9464691281318665,0.9952691793441772,0.1372711509466171,0.0005507500027306,128,55876.0,2.634464179321307e+18,14647724032,20543488,16,1.8669491617988529e-06,14640742400.0,2.634464179321307e+18,55876.0,1.779369758308911,1.7959128530299078,bin_2
config_496,576,20,8,0.0018646048847585,0.9377455711364746,0.9597693085670472,0.0149675132706761,0.0014300198527052,128,57301.0,1.4039340380269314e+19,15021277184,108609408,8,0.0014300198527052,1599078400.0,1.4911332359700362e+18,6086.0,1.75216063649928,1.7689977104742018,bin_3
config_496,576,20,8,0.0018646048847585,0.9377455711364746,0.9597693085670472,0.0149675132706761,0.0014300198527052,128,57301.0,1.4039340380269314e+19,15021277184,108609408,8,0.0014300198527052,3185049600.0,2.982021461549673e+18,12171.0,1.666016931748781,1.683783166916644,bin_3
config_496,576,20,8,0.0018646048847585,0.9377455711364746,0.9597693085670472,0.0149675132706761,0.0014300198527052,128,57301.0,1.4039340380269314e+19,15021277184,108609408,8,0.0014300198527052,4784128000.0,4.473154697519709e+18,18257.0,1.6313543470179448,1.6466334971834402,bin_3
config_496,576,20,8,0.0018646048847585,0.9377455711364746,0.9597693085670472,0.0149675132706761,0.0014300198527052,128,57301.0,1.4039340380269314e+19,15021277184,108609408,8,0.0014300198527052,6383206400.0,5.964042923099347e+18,24342.0,1.6110002323252255,1.6260122518070408,bin_3
config_496,576,20,8,0.0018646048847585,0.9377455711364746,0.9597693085670472,0.0149675132706761,0.0014300198527052,128,57301.0,1.4039340380269314e+19,15021277184,108609408,8,0.0014300198527052,7982284800.0,7.455176159069383e+18,30428.0,1.5963004940455077,1.6113016770706805,bin_3
config_496,576,20,8,0.0018646048847585,0.9377455711364746,0.9597693085670472,0.0149675132706761,0.0014300198527052,128,57301.0,1.4039340380269314e+19,15021277184,108609408,8,0.0014300198527052,9568256000.0,8.946309395039418e+18,36514.0,1.584725351372703,1.599619845914059,bin_3
config_496,576,20,8,0.0018646048847585,0.9377455711364746,0.9597693085670472,0.0149675132706761,0.0014300198527052,128,57301.0,1.4039340380269314e+19,15021277184,108609408,8,0.0014300198527052,11167334400.0,1.0437197620619055e+19,42599.0,1.576887117819708,1.5911794853405874,bin_3
config_496,576,20,8,0.0018646048847585,0.9377455711364746,0.9597693085670472,0.0149675132706761,0.0014300198527052,128,57301.0,1.4039340380269314e+19,15021277184,108609408,8,0.0014300198527052,12766412800.0,1.192833085658909e+19,48685.0,1.5706780976154766,1.5842275694354635,bin_3
config_496,576,20,8,0.0018646048847585,0.9377455711364746,0.9597693085670472,0.0149675132706761,0.0014300198527052,128,57301.0,1.4039340380269314e+19,15021277184,108609408,8,0.0014300198527052,14352384000.0,1.341921908216873e+19,54770.0,1.5655382694963549,1.578547028185891,bin_3
config_496,576,20,8,0.0018646048847585,0.9377455711364746,0.9597693085670472,0.0149675132706761,0.0014300198527052,128,57301.0,1.4039340380269314e+19,15021277184,108609408,8,1.6686346005897676e-06,15020851200.0,1.4039340380269314e+19,57301.0,1.5371409955571909,1.549702092760899,bin_3
config_497,256,14,16,0.0012291338061913,0.9117496609687804,0.9832018613815308,0.2638459503650665,0.0016050561098381,64,56440.0,1.7523065920967148e+18,7397720064,24805888,16,0.0016050561098381,1592524800.0,3.778760370731594e+17,12171.0,1.9015482701629889,1.9222659667593531,bin_2
config_497,256,14,16,0.0012291338061913,0.9117496609687804,0.9832018613815308,0.2638459503650665,0.0016050561098381,64,56440.0,1.7523065920967148e+18,7397720064,24805888,16,0.0016050561098381,3191603200.0,7.557520741463188e+17,24342.0,1.8456092569476268,1.865950454414868,bin_2
config_497,256,14,16,0.0012291338061913,0.9117496609687804,0.9832018613815308,0.2638459503650665,0.0016050561098381,64,56440.0,1.7523065920967148e+18,7397720064,24805888,16,0.0016050561098381,4784128000.0,1.1336591584659716e+18,36514.0,1.8215040581343604,1.8413883990537925,bin_2
config_497,256,14,16,0.0012291338061913,0.9117496609687804,0.9832018613815308,0.2638459503650665,0.0016050561098381,64,56440.0,1.7523065920967148e+18,7397720064,24805888,16,0.0008342713242997,6383206400.0,1.5115351955391311e+18,48685.0,1.7859647557383678,1.8049699927939744,bin_2
config_497,256,14,16,0.0012291338061913,0.9117496609687804,0.9832018613815308,0.2638459503650665,0.0016050561098381,64,56440.0,1.7523065920967148e+18,7397720064,24805888,16,4.311479712143388e-06,7392460800.0,1.7523065920967148e+18,56440.0,1.7592938626789656,1.7777659591690438,bin_2
config_499,896,20,8,0.0474343113601207,0.9318466782569884,0.9346397519111632,0.2197601050138473,0.0006206760881468,128,45317.0,2.2830459505450942e+19,11879749632,246935808,8,0.0006206760881468,1599078400.0,3.066093884197419e+18,6086.0,1.7072629201998475,1.7250852210209018,bin_3
config_499,896,20,8,0.0474343113601207,0.9318466782569884,0.9346397519111632,0.2197601050138473,0.0006206760881468,128,45317.0,2.2830459505450942e+19,11879749632,246935808,8,0.0006206760881468,3185049600.0,6.131683973803284e+18,12171.0,1.6213273284278933,1.638483774896528,bin_3
config_499,896,20,8,0.0474343113601207,0.9318466782569884,0.9346397519111632,0.2197601050138473,0.0006206760881468,128,45317.0,2.2830459505450942e+19,11879749632,246935808,8,0.0006206760881468,4784128000.0,9.197777858000703e+18,18257.0,1.584805068559334,1.600316024393332,bin_3
config_499,896,20,8,0.0474343113601207,0.9318466782569884,0.9346397519111632,0.2197601050138473,0.0006206760881468,128,45317.0,2.2830459505450942e+19,11879749632,246935808,8,0.0006206760881468,6383206400.0,1.2263367947606569e+19,24342.0,1.564969138356506,1.5794240231982997,bin_3
config_499,896,20,8,0.0474343113601207,0.9318466782569884,0.9346397519111632,0.2197601050138473,0.0006206760881468,128,45317.0,2.2830459505450942e+19,11879749632,246935808,8,0.0006206760881468,7982284800.0,1.5329461831803988e+19,30428.0,1.5505720563403895,1.5647567049401705,bin_3
config_499,896,20,8,0.0474343113601207,0.9318466782569884,0.9346397519111632,0.2197601050138473,0.0006206760881468,128,45317.0,2.2830459505450942e+19,11879749632,246935808,8,0.0005495582515757,9568256000.0,1.8395555716001407e+19,36514.0,1.5323633347573828,1.5466368417075422,bin_3
config_499,896,20,8,0.0474343113601207,0.9318466782569884,0.9346397519111632,0.2197601050138473,0.0006206760881468,128,45317.0,2.2830459505450942e+19,11879749632,246935808,8,0.0001693489587763,11167334400.0,2.1461145805607272e+19,42599.0,1.479324735911166,1.492659659258655,bin_3
config_499,896,20,8,0.0474343113601207,0.9318466782569884,0.9346397519111632,0.2197601050138473,0.0006206760881468,128,45317.0,2.2830459505450942e+19,11879749632,246935808,8,1.0595996684571209e-06,11875123200.0,2.2830459505450942e+19,45317.0,1.4608764797253686,1.4737850703567754,bin_3
config_5,1088,6,16,0.0046641048975288,0.882346510887146,0.917036771774292,0.2977033853530884,0.0046755392104387,32,5346.0,3.5743704595664486e+17,350403808,143287424,16,0.0046755392104387,173670400.0,1.7871852297832243e+17,2673.0,3.2733402851534605,3.304737489298737,bin_0
config_5,1088,6,16,0.0046641048975288,0.882346510887146,0.917036771774292,0.2977033853530884,0.0046755392104387,32,5346.0,3.5743704595664486e+17,350403808,143287424,16,0.0001351821519045,347340800.0,3.5743704595664486e+17,5346.0,3.094616769717565,3.1255770746955336,bin_0
config_500,384,20,24,0.0013248142786324,0.8208386301994324,0.9900239706039428,0.0253468584269285,1.0995965567417444e-05,64,34730.0,2.35312509160312e+18,4552216576,54711552,16,1.0995965567417444e-05,1592524800.0,8.246439818572294e+17,12171.0,2.741060628500141,2.7696691439581698,bin_2
config_500,384,20,24,0.0013248142786324,0.8208386301994324,0.9900239706039428,0.0253468584269285,1.0995965567417444e-05,64,34730.0,2.35312509160312e+18,4552216576,54711552,16,1.0995965567417444e-05,3191603200.0,1.649287963714459e+18,24342.0,2.4802871537990256,2.507848753616458,bin_2
config_500,384,20,24,0.0013248142786324,0.8208386301994324,0.9900239706039428,0.0253468584269285,1.0995965567417444e-05,64,34730.0,2.35312509160312e+18,4552216576,54711552,16,3.74862462525595e-07,4548198400.0,2.35312509160312e+18,34730.0,2.3000625974623885,2.324859883941588,bin_2
config_501,1088,21,16,0.1493234634399414,0.8486040234565735,0.956749677658081,0.2494333833456039,2.0085284631932158e-05,32,3790.0,6.83159634506539e+17,248446016,364749824,8,2.0085284631932158e-05,124518400.0,3.415798172532695e+17,1895.0,2.812348345928505,2.84183452043377,bin_1
config_501,1088,21,16,0.1493234634399414,0.8486040234565735,0.956749677658081,0.2494333833456039,2.0085284631932158e-05,32,3790.0,6.83159634506539e+17,248446016,364749824,8,8.501707780712029e-07,245760000.0,6.83159634506539e+17,3790.0,2.5705614512670234,2.5973380567792987,bin_1
config_504,640,24,20,0.0013615739298984,0.924587607383728,0.902468740940094,0.18942691385746,0.0011440513189882,32,5434.0,4.63720549920768e+17,356178560,154105600,8,0.0011440513189882,176947200.0,2.31860274960384e+17,2717.0,2.2233802199949984,2.2449217378116044,bin_0
config_504,640,24,20,0.0013615739298984,0.924587607383728,0.902468740940094,0.18942691385746,0.0011440513189882,32,5434.0,4.63720549920768e+17,356178560,154105600,8,3.780150130767643e-05,353894400.0,4.63720549920768e+17,5434.0,1.9820915942113908,2.002840389189173,bin_0
config_505,960,16,16,0.0558501966297626,0.868812084197998,0.9611580967903136,0.2147871255874633,5.991202124278061e-05,64,23967.0,5.430967598975386e+18,3141528320,225244800,8,5.991202124278061e-05,1592524800.0,2.757971654655544e+18,12171.0,1.8212604682758209,1.8405459558768351,bin_3
config_505,960,16,16,0.0558501966297626,0.868812084197998,0.9611580967903136,0.2147871255874633,5.991202124278061e-05,64,23967.0,5.430967598975386e+18,3141528320,225244800,8,1.978831088259736e-07,3139174400.0,5.430967598975386e+18,23967.0,1.6882149705925926,1.70644366971782,bin_3
config_508,512,19,8,0.0050425971858203,0.9701493382453918,0.909663736820221,0.0640771389007568,0.0026841617655009,128,41335.0,8.473930719433851e+18,10835900416,90511360,8,0.0026841617655009,1599078400.0,1.2476676511061914e+18,6086.0,1.789823573339181,1.809120088307584,bin_3
config_508,512,19,8,0.0050425971858203,0.9701493382453918,0.909663736820221,0.0640771389007568,0.0026841617655009,128,41335.0,8.473930719433851e+18,10835900416,90511360,8,0.0026841617655009,3185049600.0,2.495130296025872e+18,12171.0,1.7119309345620577,1.7299330883143378,bin_3
config_508,512,19,8,0.0050425971858203,0.9701493382453918,0.909663736820221,0.0640771389007568,0.0026841617655009,128,41335.0,8.473930719433851e+18,10835900416,90511360,8,0.0026841617655009,4784128000.0,3.742797947132063e+18,18257.0,1.6793369417698656,1.694946941567249,bin_3
config_508,512,19,8,0.0050425971858203,0.9701493382453918,0.909663736820221,0.0640771389007568,0.0026841617655009,128,41335.0,8.473930719433851e+18,10835900416,90511360,8,0.0026841617655009,6383206400.0,4.990260592051744e+18,24342.0,1.659240809620404,1.675047235508434,bin_3
config_508,512,19,8,0.0050425971858203,0.9701493382453918,0.909663736820221,0.0640771389007568,0.0026841617655009,128,41335.0,8.473930719433851e+18,10835900416,90511360,8,0.0026841617655009,7982284800.0,6.237928243157934e+18,30428.0,1.6444355260544137,1.6602005188191524,bin_3
config_508,512,19,8,0.0050425971858203,0.9701493382453918,0.909663736820221,0.0640771389007568,0.0026841617655009,128,41335.0,8.473930719433851e+18,10835900416,90511360,8,0.0026841617655009,9568256000.0,7.485595894264125e+18,36514.0,1.6350626703168525,1.649357650827189,bin_3
config_508,512,19,8,0.0050425971858203,0.9701493382453918,0.909663736820221,0.0640771389007568,0.0026841617655009,128,41335.0,8.473930719433851e+18,10835900416,90511360,8,3.547796895488368e-05,10826547200.0,8.473930719433851e+18,41335.0,1.5835713394938922,1.5973091006474416,bin_3
config_51,320,21,4,0.1319144815206527,0.9003822207450867,0.9714474081993104,0.2767691612243652,0.0013687526807188,64,22977.0,1.3165813090566144e+18,3011702272,45347840,16,0.0013687526807188,1592524800.0,6.973978810344282e+17,12171.0,1.8847076229970965,1.9028431496072988,bin_1
config_51,320,21,4,0.1319144815206527,0.9003822207450867,0.9714474081993104,0.2767691612243652,0.0013687526807188,64,22977.0,1.3165813090566144e+18,3011702272,45347840,16,5.811656294922151e-06,3008102400.0,1.3165813090566144e+18,22977.0,1.7191335973974131,1.7372388998797683,bin_1
config_510,640,16,16,0.0136814201250672,0.8966094255447388,0.9930834174156188,0.1668714880943298,0.0001326794881606,64,34967.0,4.272975696296018e+18,4583214592,113463040,8,0.0001326794881606,1592524800.0,1.48729908770037e+18,12171.0,1.8016316777760863,1.8208294603277424,bin_2
config_510,640,16,16,0.0136814201250672,0.8966094255447388,0.9930834174156188,0.1668714880943298,0.0001326794881606,64,34967.0,4.272975696296018e+18,4583214592,113463040,8,0.0001326794881606,3191603200.0,2.97459817540074e+18,24342.0,1.7033569419970278,1.7216940632804496,bin_2
config_510,640,16,16,0.0136814201250672,0.8966094255447388,0.9930834174156188,0.1668714880943298,0.0001326794881606,64,34967.0,4.272975696296018e+18,4583214592,113463040,8,3.86621751582273e-07,4580966400.0,4.272975696296018e+18,34967.0,1.6325126871320068,1.6489210149499236,bin_2
config_511,704,15,8,0.0600347109138965,0.9757289886474608,0.9846251606941224,0.2302553355693817,0.0001168762682937,64,65917.0,8.98211787163435e+18,8639989760,130034432,8,0.0001168762682937,1592524800.0,1.6584698426151324e+18,12171.0,1.8003875576668098,1.819506286480388,bin_3
config_511,704,15,8,0.0600347109138965,0.9757289886474608,0.9846251606941224,0.2302553355693817,0.0001168762682937,64,65917.0,8.98211787163435e+18,8639989760,130034432,8,0.0001168762682937,3191603200.0,3.316939685230265e+18,24342.0,1.699244529419258,1.717311203675192,bin_3
config_511,704,15,8,0.0600347109138965,0.9757289886474608,0.9846251606941224,0.2302553355693817,0.0001168762682937,64,65917.0,8.98211787163435e+18,8639989760,130034432,8,0.0001168762682937,4784128000.0,4.975545791902797e+18,36514.0,1.6546696744785934,1.6706580667222133,bin_3
config_511,704,15,8,0.0600347109138965,0.9757289886474608,0.9846251606941224,0.2302553355693817,0.0001168762682937,64,65917.0,8.98211787163435e+18,8639989760,130034432,8,0.0001168762682937,6383206400.0,6.634015634517929e+18,48685.0,1.627723063406397,1.642933189829842,bin_3
config_511,704,15,8,0.0600347109138965,0.9757289886474608,0.9846251606941224,0.2302553355693817,0.0001168762682937,64,65917.0,8.98211787163435e+18,8639989760,130034432,8,3.902036314450954e-05,7975731200.0,8.292485477133062e+18,60856.0,1.5787693967584704,1.5940651186372412,bin_3
config_511,704,15,8,0.0600347109138965,0.9757289886474608,0.9846251606941224,0.2302553355693817,0.0001168762682937,64,65917.0,8.98211787163435e+18,8639989760,130034432,8,1.3091497403920258e-07,8637644800.0,8.98211787163435e+18,65917.0,1.5615358593229387,1.5780556607637248,bin_3
config_512,1024,18,16,0.006664571352303,0.9015079140663148,0.9228784441947936,0.1720050871372223,0.0008505224832333,64,40814.0,1.1497086190551564e+19,5349590016,282732544,8,0.0008505224832333,1592524800.0,3.4285058074485e+18,12171.0,1.7059159534876465,1.7235952979033111,bin_3
config_512,1024,18,16,0.006664571352303,0.9015079140663148,0.9228784441947936,0.1720050871372223,0.0008505224832333,64,40814.0,1.1497086190551564e+19,5349590016,282732544,8,0.0008505224832333,3191603200.0,6.857011614897e+18,24342.0,1.6329949209533754,1.6495494346149633,bin_3
config_512,1024,18,16,0.006664571352303,0.9015079140663148,0.9228784441947936,0.1720050871372223,0.0008505224832333,64,40814.0,1.1497086190551564e+19,5349590016,282732544,8,0.0005226715089271,4784128000.0,1.0285799117013764e+19,36514.0,1.5726666249408097,1.587588035239548,bin_3
config_512,1024,18,16,0.006664571352303,0.9015079140663148,0.9228784441947936,0.1720050871372223,0.0008505224832333,64,40814.0,1.1497086190551564e+19,5349590016,282732544,8,1.6961986845109335e-06,5347737600.0,1.1497086190551564e+19,40814.0,1.5261241042223133,1.5404235301056846,bin_3
config_513,1152,11,18,0.021796291694045,0.969523549079895,0.9008085131645204,0.0923496559262275,8.231047831941396e-05,32,13146.0,1.4733275168296305e+18,861590976,233123328,8,8.231047831941396e-05,429260800.0,7.366637584148152e+17,6573.0,1.9892329224797547,2.0093229629563503,bin_1
config_513,1152,11,18,0.021796291694045,0.969523549079895,0.9008085131645204,0.0923496559262275,8.231047831941396e-05,32,13146.0,1.4733275168296305e+18,861590976,233123328,8,3.1188484371441963e-06,858521600.0,1.4733275168296305e+18,13146.0,1.812428330749762,1.8319088876638256,bin_1
config_514,256,8,16,0.0012891307706013,0.8309714198112488,0.9680466055870056,0.1736661791801452,0.0050509767606854,32,4680.0,5.167381979539046e+16,306757696,19691008,16,0.0050509767606854,154009600.0,2.583690989769523e+16,2340.0,2.360697144445826,2.3844275431554824,bin_0
config_514,256,8,16,0.0012891307706013,0.8309714198112488,0.9680466055870056,0.1736661791801452,0.0050509767606854,32,4680.0,5.167381979539046e+16,306757696,19691008,16,0.0001866124418972,304742400.0,5.167381979539046e+16,4680.0,2.116307212602897,2.1378224779738755,bin_0
config_516,384,4,8,0.0129207363352179,0.8981428742408752,0.9680227041244508,0.2702667117118835,0.0039954590611159,32,10996.0,1.4128544144469197e+17,720644544,26387712,16,0.0039954590611159,360448000.0,7.064272072234598e+16,5498.0,2.1194784481408164,2.139887363676165,bin_0
config_516,384,4,8,0.0129207363352179,0.8981428742408752,0.9680227041244508,0.2702667117118835,0.0039954590611159,32,10996.0,1.4128544144469197e+17,720644544,26387712,16,6.186170205699573e-05,717619200.0,1.4128544144469197e+17,10996.0,1.9616957662144645,1.9813222605673992,bin_0
config_517,640,19,20,0.0386167988181114,0.8629231452941895,0.9456698894500732,0.2195897996425628,5.999744462314993e-05,64,20985.0,2.945616541340467e+18,2750551808,128704000,8,5.999744462314993e-05,1592524800.0,1.7084154836623695e+18,12171.0,1.9183474194026384,1.9386684395446152,bin_2
config_517,640,19,20,0.0386167988181114,0.8629231452941895,0.9456698894500732,0.2195897996425628,5.999744462314993e-05,64,20985.0,2.945616541340467e+18,2750551808,128704000,8,4.557097573372956e-07,2745958400.0,2.945616541340467e+18,20985.0,1.7925056142494329,1.8120944773955423,bin_2
config_519,1152,18,18,0.0324112400412559,0.8759667873382568,0.997452974319458,0.1324141919612884,3.013485184055753e-05,64,39627.0,1.3385494797305903e+19,5194116608,344616192,8,3.013485184055753e-05,1592524800.0,4.111208448229999e+18,12171.0,1.8707707072281448,1.8903418321101395,bin_3
config_519,1152,18,18,0.0324112400412559,0.8759667873382568,0.997452974319458,0.1324141919612884,3.013485184055753e-05,64,39627.0,1.3385494797305903e+19,5194116608,344616192,8,3.013485184055753e-05,3191603200.0,8.222416896459998e+18,24342.0,1.7291772857064107,1.7484139828603775,bin_3
config_519,1152,18,18,0.0324112400412559,0.8759667873382568,0.997452974319458,0.1324141919612884,3.013485184055753e-05,64,39627.0,1.3385494797305903e+19,5194116608,344616192,8,1.7959154127200954e-05,4784128000.0,1.2333963131925903e+19,36514.0,1.6541003427935428,1.6706730360867548,bin_3
config_519,1152,18,18,0.0324112400412559,0.8759667873382568,0.997452974319458,0.1324141919612884,3.013485184055753e-05,64,39627.0,1.3385494797305903e+19,5194116608,344616192,8,1.55067848236145e-07,5190451200.0,1.3385494797305903e+19,39627.0,1.6325785058639088,1.6489557510125832,bin_3
config_52,832,10,16,0.0011477335356175,0.8643050193786621,0.9115625619888306,0.1769309937953949,0.0090134851634502,64,32087.0,4.065471779085091e+18,4205794304,127044736,16,0.0090134851634502,1592524800.0,1.542084240447678e+18,12171.0,3.180823878694753,3.2136086459238022,bin_2
config_52,832,10,16,0.0011477335356175,0.8643050193786621,0.9115625619888306,0.1769309937953949,0.0090134851634502,64,32087.0,4.065471779085091e+18,4205794304,127044736,16,0.0090134851634502,3191603200.0,3.084168480895356e+18,24342.0,2.893516005922536,2.9161645245161214,bin_2
config_52,832,10,16,0.0011477335356175,0.8643050193786621,0.9115625619888306,0.1769309937953949,0.0090134851634502,64,32087.0,4.065471779085091e+18,4205794304,127044736,16,5.874563168005269e-05,4200857600.0,4.065471779085091e+18,32087.0,2.6520143782506223,2.680109145367732,bin_2
config_520,384,4,12,0.0021800042595714,0.9720236659049988,0.9543788433074952,0.2211609035730362,0.0003733811026904,128,58746.0,3.019249139311706e+18,15400068096,26387712,16,0.0003733811026904,1599078400.0,3.1278981142292314e+17,6086.0,1.9923512807439585,2.0140781754353005,bin_2
config_520,384,4,12,0.0021800042595714,0.9720236659049988,0.9543788433074952,0.2211609035730362,0.0003733811026904,128,58746.0,3.019249139311706e+18,15400068096,26387712,16,0.0003733811026904,3185049600.0,6.255282278719023e+17,12171.0,1.904076623955711,1.9254308072465365,bin_2
config_520,384,4,12,0.0021800042595714,0.9720236659049988,0.9543788433074952,0.2211609035730362,0.0003733811026904,128,58746.0,3.019249139311706e+18,15400068096,26387712,16,0.0003733811026904,4784128000.0,9.383180392948256e+17,18257.0,1.8704688402472949,1.8897500130387603,bin_2
config_520,384,4,12,0.0021800042595714,0.9720236659049988,0.9543788433074952,0.2211609035730362,0.0003733811026904,128,58746.0,3.019249139311706e+18,15400068096,26387712,16,0.0003733811026904,6383206400.0,1.251056455743805e+18,24342.0,1.8522369138530044,1.8707474207096413,bin_2
config_520,384,4,12,0.0021800042595714,0.9720236659049988,0.9543788433074952,0.2211609035730362,0.0003733811026904,128,58746.0,3.019249139311706e+18,15400068096,26387712,16,0.0003733811026904,7982284800.0,1.563846267166728e+18,30428.0,1.838822542761193,1.8576468690496977,bin_2
config_520,384,4,12,0.0021800042595714,0.9720236659049988,0.9543788433074952,0.2211609035730362,0.0003733811026904,128,58746.0,3.019249139311706e+18,15400068096,26387712,16,0.0003733811026904,9568256000.0,1.8766360785896512e+18,36514.0,1.8270147531149816,1.8481156613787664,bin_2
config_520,384,4,12,0.0021800042595714,0.9720236659049988,0.9543788433074952,0.2211609035730362,0.0003733811026904,128,58746.0,3.019249139311706e+18,15400068096,26387712,16,0.0003733811026904,11167334400.0,2.18937449503863e+18,42599.0,1.8193231921508664,1.8404002918180875,bin_2
config_520,384,4,12,0.0021800042595714,0.9720236659049988,0.9543788433074952,0.2211609035730362,0.0003733811026904,128,58746.0,3.019249139311706e+18,15400068096,26387712,16,0.0002887150983396,12766412800.0,2.502164306461553e+18,48685.0,1.8067306562720755,1.827577048911423,bin_2
config_520,384,4,12,0.0021800042595714,0.9720236659049988,0.9543788433074952,0.2211609035730362,0.0003733811026904,128,58746.0,3.019249139311706e+18,15400068096,26387712,16,0.0001148422788139,14352384000.0,2.8149027229105326e+18,54770.0,1.7961369012222916,1.806888711217974,bin_2
config_520,384,4,12,0.0021800042595714,0.9720236659049988,0.9543788433074952,0.2211609035730362,0.0003733811026904,128,58746.0,3.019249139311706e+18,15400068096,26387712,16,1.322008214575286e-06,15387852800.0,3.019249139311706e+18,58746.0,1.7851514480543915,1.7963666548885282,bin_2
config_521,1088,6,16,0.0011802942026406,0.8977829813957214,0.9270787835121156,0.0066539887338876,0.0002433377521811,64,22898.0,3.0615649871625585e+18,3001323008,143287424,16,0.0002433377521811,1592524800.0,1.6273171219650406e+18,12171.0,1.7833197805529737,1.8025431236282723,bin_2
config_521,1088,6,16,0.0011802942026406,0.8977829813957214,0.9270787835121156,0.0066539887338876,0.0002433377521811,64,22898.0,3.0615649871625585e+18,3001323008,143287424,16,7.684350068877012e-05,2994995200.0,3.0615649871625585e+18,22898.0,1.694541229537276,1.7124047375116191,bin_2
config_522,1024,20,16,0.1187035143375396,0.9263126850128174,0.909536600112915,0.1029413118958473,4.130613160668872e-05,64,8357.0,2.578369847987012e+18,1095488768,308426752,8,4.130613160668872e-05,550502400.0,1.2890306599126164e+18,4178.0,2.11323205277568,2.135352039669381,bin_2
config_522,1024,20,16,0.1187035143375396,0.9263126850128174,0.909536600112915,0.1029413118958473,4.130613160668872e-05,64,8357.0,2.578369847987012e+18,1095488768,308426752,8,3.362126991242147e-07,1094451200.0,2.578369847987012e+18,8357.0,1.905545990564784,1.92593402575274,bin_2
config_523,256,19,8,0.054744079709053,0.926685631275177,0.9812597632408142,0.1486766338348388,0.0003829843190032,64,9669.0,3.724574850318336e+17,1267347200,29068288,16,0.0003829843190032,635699200.0,1.8620948212264803e+17,4834.0,2.027618043930804,2.048288140101511,bin_0
config_523,256,19,8,0.054744079709053,0.926685631275177,0.9812597632408142,0.1486766338348388,0.0003829843190032,64,9669.0,3.724574850318336e+17,1267347200,29068288,16,5.063814934629573e-06,1264844800.0,3.724574850318336e+17,9669.0,1.875389557275616,1.8950833924871977,bin_0
config_524,1024,17,16,0.0870832055807113,0.8135992884635925,0.9210616946220398,0.0444895699620246,5.0453916628612205e-05,64,51842.0,1.3909077780039991e+19,6795136512,269885440,8,5.0453916628612205e-05,1592524800.0,3.265448587262581e+18,12171.0,1.859682795981892,1.879376890542077,bin_3
config_524,1024,17,16,0.0870832055807113,0.8135992884635925,0.9210616946220398,0.0444895699620246,5.0453916628612205e-05,64,51842.0,1.3909077780039991e+19,6795136512,269885440,8,5.0453916628612205e-05,3191603200.0,6.530897174525162e+18,24342.0,1.7343798512318096,1.7531869256301005,bin_3
config_524,1024,17,16,0.0870832055807113,0.8135992884635925,0.9210616946220398,0.0444895699620246,5.0453916628612205e-05,64,51842.0,1.3909077780039991e+19,6795136512,269885440,8,5.0453916628612205e-05,4784128000.0,9.79661405926431e+18,36514.0,1.6767921600576308,1.6930257690929975,bin_3
config_524,1024,17,16,0.0870832055807113,0.8135992884635925,0.9210616946220398,0.0444895699620246,5.0453916628612205e-05,64,51842.0,1.3909077780039991e+19,6795136512,269885440,8,5.0453916628612205e-05,6383206400.0,1.306206264652689e+19,48685.0,1.6411887636536455,1.65628883678405,bin_3
config_524,1024,17,16,0.0870832055807113,0.8135992884635925,0.9210616946220398,0.0444895699620246,5.0453916628612205e-05,64,51842.0,1.3909077780039991e+19,6795136512,269885440,8,9.189351684309208e-07,6789529600.0,1.3909077780039991e+19,51842.0,1.6056494974699176,1.6207000162171536,bin_3
config_525,832,5,8,0.0139867914840579,0.8149358034133911,0.9973348379135132,0.187633991241455,7.431998528772965e-05,64,14767.0,1.178452979582681e+18,1935668352,84438016,16,7.021494638916552e-05,1592524800.0,9.71284026173279e+17,12171.0,1.882846730302592,1.903569682699735,bin_1
config_525,832,5,8,0.0139867914840579,0.8149358034133911,0.9973348379135132,0.187633991241455,7.431998528772965e-05,64,14767.0,1.178452979582681e+18,1935668352,84438016,16,4.561154331737859e-07,1933312000.0,1.178452979582681e+18,14767.0,1.8372029729749333,1.8575089197471493,bin_1
config_526,1152,6,6,0.0029606858734041,0.8050237894058228,0.9015265703201294,0.0254907682538032,0.0006367419264279,32,9499.0,6.790068112823747e+17,622546304,153485568,16,0.0006367419264279,311296000.0,3.394676646783869e+17,4749.0,2.0316792642874795,2.053228224027352,bin_1
config_526,1152,6,6,0.0029606858734041,0.8050237894058228,0.9015265703201294,0.0254907682538032,0.0006367419264279,32,9499.0,6.790068112823747e+17,622546304,153485568,16,0.0001289270842767,619315200.0,6.790068112823747e+17,9499.0,1.884040434086909,1.9040924757425903,bin_1
config_527,512,22,16,0.0015504432376474,0.9185720682144164,0.9741712808609008,0.1314922571182251,2.356519325985573e-05,64,21682.0,2.504042057697067e+18,2841904384,100738048,8,2.356519325985573e-05,1592524800.0,1.405621985251868e+18,12171.0,2.2036102933180137,2.227075411081314,bin_2
config_527,512,22,16,0.0015504432376474,0.9185720682144164,0.9741712808609008,0.1314922571182251,2.356519325985573e-05,64,21682.0,2.504042057697067e+18,2841904384,100738048,8,2.644988370099574e-07,2837708800.0,2.504042057697067e+18,21682.0,1.9925903581595807,2.0143409157581016,bin_2
config_529,896,14,14,0.0354368835687637,0.912324607372284,0.9951472282409668,0.1012118011713028,9.96192466118373e-05,64,8404.0,1.5711899239492485e+18,1101550336,186369792,8,9.96192466118373e-05,550502400.0,7.855949619746243e+17,4202.0,1.95958343861533,1.9799552798271176,bin_1
config_529,896,14,14,0.0354368835687637,0.912324607372284,0.9951472282409668,0.1012118011713028,9.96192466118373e-05,64,8404.0,1.5711899239492485e+18,1101550336,186369792,8,4.6879645464393193e-07,1101004800.0,1.5711899239492485e+18,8404.0,1.7878265922968506,1.8073555061856252,bin_1
config_53,448,10,8,0.0153968902304768,0.8785185217857361,0.9309005737304688,0.0467038415372371,0.0077679315581917,32,14803.0,3.847898370160804e+17,970140224,47764864,16,0.0077679315581917,484966400.0,1.9238192148591578e+17,7401.0,2.993467843180797,3.0228305368736144,bin_0
config_53,448,10,8,0.0153968902304768,0.8785185217857361,0.9309005737304688,0.0467038415372371,0.0077679315581917,32,14803.0,3.847898370160804e+17,970140224,47764864,16,3.372473903701188e-05,969932800.0,3.847898370160804e+17,14803.0,2.675273383015492,2.704319943756354,bin_0
config_531,448,11,4,0.0270210187882184,0.863174319267273,0.9720531105995178,0.1728066354990005,0.0001456454483559,128,56690.0,6.282991197178429e+18,14861063168,50288896,16,0.0001456454483559,1599078400.0,6.74515512895183e+17,6086.0,1.9629437486460952,1.9845846753433103,bin_3
config_531,448,11,4,0.0270210187882184,0.863174319267273,0.9720531105995178,0.1728066354990005,0.0001456454483559,128,56690.0,6.282991197178429e+18,14861063168,50288896,16,0.0001456454483559,3185049600.0,1.3489201951112837e+18,12171.0,1.827850424969783,1.8478640973763387,bin_3
config_531,448,11,4,0.0270210187882184,0.863174319267273,0.9720531105995178,0.1728066354990005,0.0001456454483559,128,56690.0,6.282991197178429e+18,14861063168,50288896,16,0.0001456454483559,4784128000.0,2.0234357080064663e+18,18257.0,1.7783271055143388,1.7965421833757491,bin_3
config_531,448,11,4,0.0270210187882184,0.863174319267273,0.9720531105995178,0.1728066354990005,0.0001456454483559,128,56690.0,6.282991197178429e+18,14861063168,50288896,16,0.0001456454483559,6383206400.0,2.6978403902225674e+18,24342.0,1.7487937212381206,1.7666035463770882,bin_3
config_531,448,11,4,0.0270210187882184,0.863174319267273,0.9720531105995178,0.1728066354990005,0.0001456454483559,128,56690.0,6.282991197178429e+18,14861063168,50288896,16,0.0001456454483559,7982284800.0,3.3723559031177503e+18,30428.0,1.7298020508250251,1.7474125867202634,bin_3
config_531,448,11,4,0.0270210187882184,0.863174319267273,0.9720531105995178,0.1728066354990005,0.0001456454483559,128,56690.0,6.282991197178429e+18,14861063168,50288896,16,0.0001456454483559,9568256000.0,4.046871416012933e+18,36514.0,1.7148858637887925,1.7324831866436317,bin_3
config_531,448,11,4,0.0270210187882184,0.863174319267273,0.9720531105995178,0.1728066354990005,0.0001456454483559,128,56690.0,6.282991197178429e+18,14861063168,50288896,16,0.0001456454483559,11167334400.0,4.721276098229033e+18,42599.0,1.7040177204960685,1.7211602094916048,bin_3
config_531,448,11,4,0.0270210187882184,0.863174319267273,0.9720531105995178,0.1728066354990005,0.0001456454483559,128,56690.0,6.282991197178429e+18,14861063168,50288896,16,0.0001187941131445,12766412800.0,5.395791611124217e+18,48685.0,1.690168071418512,1.7069078453251574,bin_3
config_531,448,11,4,0.0270210187882184,0.863174319267273,0.9720531105995178,0.1728066354990005,0.0001456454483559,128,56690.0,6.282991197178429e+18,14861063168,50288896,16,2.8843626971265305e-05,14352384000.0,6.070196293340318e+18,54770.0,1.664847394013014,1.6808308873411084,bin_3
config_531,448,11,4,0.0270210187882184,0.863174319267273,0.9720531105995178,0.1728066354990005,0.0001456454483559,128,56690.0,6.282991197178429e+18,14861063168,50288896,16,5.947139581704175e-07,14850457600.0,6.282991197178429e+18,56690.0,1.6593694556736556,1.6751393066468787,bin_3
config_532,384,22,16,0.0017820738721638,0.8639664053916931,0.9635403752326964,0.1379625350236892,0.0013503121444955,32,8003.0,2.9217358545924096e+17,524523616,58252032,16,0.0013503121444955,262144000.0,1.460685387257807e+17,4001.0,2.097411081087394,2.117702898979187,bin_0
config_532,384,22,16,0.0017820738721638,0.8639664053916931,0.9635403752326964,0.1379625350236892,0.0013503121444955,32,8003.0,2.9217358545924096e+17,524523616,58252032,16,3.669326479607436e-06,524288000.0,2.9217358545924096e+17,8003.0,1.9068969106674196,1.9260444165839523,bin_0
config_533,640,21,20,0.0062043196521699,0.9438592195510864,0.927529752254486,0.0299133192747831,1.9243918359279636e-05,128,60847.0,1.8556024719546778e+19,15950863360,138864640,8,1.9243918359279636e-05,1599078400.0,1.85599892259539e+18,6086.0,2.533036838476775,2.56012952216336,bin_3
config_533,640,21,20,0.0062043196521699,0.9438592195510864,0.927529752254486,0.0299133192747831,1.9243918359279636e-05,128,60847.0,1.8556024719546778e+19,15950863360,138864640,8,1.9243918359279636e-05,3185049600.0,3.7116928831594624e+18,12171.0,2.131523608516474,2.153288271055847,bin_3
config_533,640,21,20,0.0062043196521699,0.9438592195510864,0.927529752254486,0.0299133192747831,1.9243918359279636e-05,128,60847.0,1.8556024719546778e+19,15950863360,138864640,8,1.9243918359279636e-05,4784128000.0,5.567691805754853e+18,18257.0,1.986261518607374,2.005426670527849,bin_3
config_533,640,21,20,0.0062043196521699,0.9438592195510864,0.927529752254486,0.0299133192747831,1.9243918359279636e-05,128,60847.0,1.8556024719546778e+19,15950863360,138864640,8,1.9243918359279636e-05,6383206400.0,7.423385766318925e+18,24342.0,1.901899183793146,1.921064866136332,bin_3
config_533,640,21,20,0.0062043196521699,0.9438592195510864,0.927529752254486,0.0299133192747831,1.9243918359279636e-05,128,60847.0,1.8556024719546778e+19,15950863360,138864640,8,1.9243918359279636e-05,7982284800.0,9.279384688914315e+18,30428.0,1.850253347314772,1.8688123676034272,bin_3
config_533,640,21,20,0.0062043196521699,0.9438592195510864,0.927529752254486,0.0299133192747831,1.9243918359279636e-05,128,60847.0,1.8556024719546778e+19,15950863360,138864640,8,1.9243918359279636e-05,9568256000.0,1.1135383611509709e+19,36514.0,1.8126663781189527,1.831070063563644,bin_3
config_533,640,21,20,0.0062043196521699,0.9438592195510864,0.927529752254486,0.0299133192747831,1.9243918359279636e-05,128,60847.0,1.8556024719546778e+19,15950863360,138864640,8,1.9243918359279636e-05,11167334400.0,1.299107757207378e+19,42599.0,1.7834731592897508,1.801653111606348,bin_3
config_533,640,21,20,0.0062043196521699,0.9438592195510864,0.927529752254486,0.0299133192747831,1.9243918359279636e-05,128,60847.0,1.8556024719546778e+19,15950863360,138864640,8,1.9243918359279636e-05,12766412800.0,1.4847076494669169e+19,48685.0,1.762289110988867,1.7795337921674137,bin_3
config_533,640,21,20,0.0062043196521699,0.9438592195510864,0.927529752254486,0.0299133192747831,1.9243918359279636e-05,128,60847.0,1.8556024719546778e+19,15950863360,138864640,8,1.9243918359279636e-05,14352384000.0,1.670277045523324e+19,54770.0,1.7459751015022154,1.7613551162305423,bin_3
config_533,640,21,20,0.0062043196521699,0.9438592195510864,0.927529752254486,0.0299133192747831,1.9243918359279636e-05,128,60847.0,1.8556024719546778e+19,15950863360,138864640,8,4.969583312561243e-07,15938355200.0,1.8556024719546778e+19,60847.0,1.7148023218209627,1.730376313983417,bin_3
config_534,640,14,20,0.0073418808169662,0.8177918791770935,0.9802511930465698,0.1192711889743805,8.134889503708109e-05,64,41682.0,4.5887839236096e+18,5463462400,103302400,16,8.134889503708109e-05,1592524800.0,1.3399090526906683e+18,12171.0,1.8826645360227487,1.9036632592169964,bin_3
config_534,640,14,20,0.0073418808169662,0.8177918791770935,0.9802511930465698,0.1192711889743805,8.134889503708109e-05,64,41682.0,4.5887839236096e+18,5463462400,103302400,16,8.134889503708109e-05,3191603200.0,2.679818105381337e+18,24342.0,1.7644766905268685,1.783679781194593,bin_3
config_534,640,14,20,0.0073418808169662,0.8177918791770935,0.9802511930465698,0.1192711889743805,8.134889503708109e-05,64,41682.0,4.5887839236096e+18,5463462400,103302400,16,8.134889503708109e-05,4784128000.0,4.019837248372941e+18,36514.0,1.7140788722819968,1.731364119248312,bin_3
config_534,640,14,20,0.0073418808169662,0.8177918791770935,0.9802511930465698,0.1192711889743805,8.134889503708109e-05,64,41682.0,4.5887839236096e+18,5463462400,103302400,16,5.236702154871479e-07,5459148800.0,4.5887839236096e+18,41682.0,1.67238162185325,1.688924623551916,bin_3
config_535,1088,23,16,0.090029053390026,0.8304455876350403,0.9610896110534668,0.0097373314201831,8.915405487641692e-05,128,60778.0,4.748472161885631e+19,15932589056,394278144,8,8.915405487641692e-05,1599078400.0,4.754878669458678e+18,6086.0,1.822083607658011,1.840595855537008,bin_3
config_535,1088,23,16,0.090029053390026,0.8304455876350403,0.9610896110534668,0.0097373314201831,8.915405487641692e-05,128,60778.0,4.748472161885631e+19,15932589056,394278144,8,8.915405487641692e-05,3185049600.0,9.50897605750601e+18,12171.0,1.6719099082125992,1.6899920932777592,bin_3
config_535,1088,23,16,0.090029053390026,0.8304455876350403,0.9610896110534668,0.0097373314201831,8.915405487641692e-05,128,60778.0,4.748472161885631e+19,15932589056,394278144,8,8.915405487641692e-05,4784128000.0,1.4263854726964689e+19,18257.0,1.6101212566602423,1.6260147205532574,bin_3
config_535,1088,23,16,0.090029053390026,0.8304455876350403,0.9610896110534668,0.0097373314201831,8.915405487641692e-05,128,60778.0,4.748472161885631e+19,15932589056,394278144,8,8.915405487641692e-05,6383206400.0,1.901795211501202e+19,24342.0,1.5719216693620213,1.587491099404507,bin_3
config_535,1088,23,16,0.090029053390026,0.8304455876350403,0.9610896110534668,0.0097373314201831,8.915405487641692e-05,128,60778.0,4.748472161885631e+19,15932589056,394278144,8,8.915405487641692e-05,7982284800.0,2.3772830784470696e+19,30428.0,1.5463028308016356,1.5613693572849523,bin_3
config_535,1088,23,16,0.090029053390026,0.8304455876350403,0.9610896110534668,0.0097373314201831,8.915405487641692e-05,128,60778.0,4.748472161885631e+19,15932589056,394278144,8,8.915405487641692e-05,9568256000.0,2.8527709453929374e+19,36514.0,1.5261118923249792,1.540480308395917,bin_3
config_535,1088,23,16,0.090029053390026,0.8304455876350403,0.9610896110534668,0.0097373314201831,8.915405487641692e-05,128,60778.0,4.748472161885631e+19,15932589056,394278144,8,8.915405487641692e-05,11167334400.0,3.32818068419767e+19,42599.0,1.5111169911212607,1.5248996552092131,bin_3
config_535,1088,23,16,0.090029053390026,0.8304455876350403,0.9610896110534668,0.0097373314201831,8.915405487641692e-05,128,60778.0,4.748472161885631e+19,15932589056,394278144,8,8.915405487641692e-05,12766412800.0,3.803668551143538e+19,48685.0,1.4983331134084796,1.512166438952821,bin_3
config_535,1088,23,16,0.090029053390026,0.8304455876350403,0.9610896110534668,0.0097373314201831,8.915405487641692e-05,128,60778.0,4.748472161885631e+19,15932589056,394278144,8,8.915405487641692e-05,14352384000.0,4.279078289948272e+19,54770.0,1.4890900842772157,1.5021205123917,bin_3
config_535,1088,23,16,0.090029053390026,0.8304455876350403,0.9610896110534668,0.0097373314201831,8.915405487641692e-05,128,60778.0,4.748472161885631e+19,15932589056,394278144,8,4.223880772486754e-06,15925248000.0,4.748472161885631e+19,60778.0,1.458887232815633,1.4719785804826706,bin_3
config_536,512,9,16,0.0051707420498132,0.8613818287849426,0.9828129410743712,0.2085537165403366,0.0024074912071228,64,75530.0,4.472015599372861e+18,9899923456,56422400,16,0.0024074912071228,1592524800.0,7.206262658541916e+17,12171.0,1.7964320874995872,1.8156390438705197,bin_2
config_536,512,9,16,0.0051707420498132,0.8613818287849426,0.9828129410743712,0.2085537165403366,0.0024074912071228,64,75530.0,4.472015599372861e+18,9899923456,56422400,16,0.0024074912071228,3191603200.0,1.4412525317083832e+18,24342.0,1.7372074842453002,1.7552618958520108,bin_2
config_536,512,9,16,0.0051707420498132,0.8613818287849426,0.9828129410743712,0.2085537165403366,0.0024074912071228,64,75530.0,4.472015599372861e+18,9899923456,56422400,16,0.0024074912071228,4784128000.0,2.161938006030725e+18,36514.0,1.7131082904534265,1.7294076225405834,bin_2
config_536,512,9,16,0.0051707420498132,0.8613818287849426,0.9828129410743712,0.2085537165403366,0.0024074912071228,64,75530.0,4.472015599372861e+18,9899923456,56422400,16,0.0024074912071228,6383206400.0,2.8825642718849167e+18,48685.0,1.6975625532963237,1.7134040276730649,bin_2
config_536,512,9,16,0.0051707420498132,0.8613818287849426,0.9828129410743712,0.2085537165403366,0.0024074912071228,64,75530.0,4.472015599372861e+18,9899923456,56422400,16,0.0022436497537177,7975731200.0,3.603190537739109e+18,60856.0,1.686131067862276,1.7016363967051271,bin_2
config_536,512,9,16,0.0051707420498132,0.8613818287849426,0.9828129410743712,0.2085537165403366,0.0024074912071228,64,75530.0,4.472015599372861e+18,9899923456,56422400,16,0.0003790361981757,9574809600.0,4.3238168035933e+18,73027.0,1.632569787658629,1.6469911932554402,bin_2
config_536,512,9,16,0.0051707420498132,0.8613818287849426,0.9828129410743712,0.2085537165403366,0.0024074912071228,64,75530.0,4.472015599372861e+18,9899923456,56422400,16,4.585115300513153e-06,9895936000.0,4.472015599372861e+18,75530.0,1.6248149978528257,1.639262125374841,bin_2
config_539,1152,11,12,0.0050892131403088,0.8077093958854675,0.9000211954116821,0.0262959320098161,0.0003256532363593,64,9298.0,2.084079250112643e+18,1218754048,233123328,8,0.0003256532363593,609484800.0,1.0420396250563215e+18,4649.0,1.8651169239693,1.883380444694738,bin_2
config_539,1152,11,12,0.0050892131403088,0.8077093958854675,0.9000211954116821,0.0262959320098161,0.0003256532363593,64,9298.0,2.084079250112643e+18,1218754048,233123328,8,6.406293174282448e-05,1212416000.0,2.084079250112643e+18,9298.0,1.7259963471967663,1.7438414571128908,bin_2
config_540,896,14,4,0.0594098567962646,0.8597028851509094,0.988943874835968,0.1891155242919922,8.245614299084991e-05,64,34766.0,6.499805478932054e+18,4556968448,186369792,8,8.245614299084991e-05,1592524800.0,2.2754740977990572e+18,12171.0,1.783740564311137,1.8021373710085131,bin_3
config_540,896,14,4,0.0594098567962646,0.8597028851509094,0.988943874835968,0.1891155242919922,8.245614299084991e-05,64,34766.0,6.499805478932054e+18,4556968448,186369792,8,8.245614299084991e-05,3191603200.0,4.550948195598115e+18,24342.0,1.6870278070598352,1.7051241088304363,bin_3
config_540,896,14,4,0.0594098567962646,0.8597028851509094,0.988943874835968,0.1891155242919922,8.245614299084991e-05,64,34766.0,6.499805478932054e+18,4556968448,186369792,8,2.006842543129917e-07,4554752000.0,6.499805478932054e+18,34766.0,1.6141238326322838,1.6307793956897298,bin_3
config_542,960,5,12,0.0745801776647567,0.9723525047302246,0.9781431555747986,0.2694425582885742,3.703452239278704e-05,32,9828.0,4.762159162406093e+17,644112704,103572480,16,3.703452239278704e-05,321126400.0,2.3810795812030464e+17,4914.0,2.356734642239868,2.3800008366928727,bin_0
config_542,960,5,12,0.0745801776647567,0.9723525047302246,0.9781431555747986,0.2694425582885742,3.703452239278704e-05,32,9828.0,4.762159162406093e+17,644112704,103572480,16,3.916037111019737e-07,642252800.0,4.762159162406093e+17,9828.0,2.130299350042812,2.151743703670189,bin_0
config_543,704,12,8,0.0336865782737731,0.9599584937095642,0.9285777807235718,0.2352309226989746,0.0001739056460792,64,12076.0,1.3836845597499556e+18,1582886784,111106688,16,0.0001739056460792,792985600.0,6.918422798749778e+17,6038.0,1.8823677245906143,1.902141679818513,bin_1
config_543,704,12,8,0.0336865782737731,0.9599584937095642,0.9285777807235718,0.2352309226989746,0.0001739056460792,64,12076.0,1.3836845597499556e+18,1582886784,111106688,16,1.59209394297877e-06,1579417600.0,1.3836845597499556e+18,12076.0,1.7423516937552903,1.7608002766624826,bin_1
config_544,640,11,16,0.0135884601622819,0.9044287204742432,0.9328563809394836,0.13579723238945,1.7222686437889934e-05,32,3434.0,1.5784146677471232e+17,225071312,88061440,16,1.7222686437889934e-05,111411200.0,7.892073338735616e+16,1717.0,3.1212973158476784,3.1541532654058737,bin_0
config_544,640,11,16,0.0135884601622819,0.9044287204742432,0.9328563809394836,0.13579723238945,1.7222686437889934e-05,32,3434.0,1.5784146677471232e+17,225071312,88061440,16,1.2565908559833853e-06,222822400.0,1.5784146677471232e+17,3434.0,2.8921326655247173,2.922405312334905,bin_0
config_545,704,5,4,0.0057585355825722,0.9879997372627258,0.9012895226478576,0.2537324130535126,0.0003537924203556,64,26660.0,1.7057078654111908e+18,3494495488,66941952,16,0.0003537924203556,1592524800.0,7.787010663885823e+17,12171.0,2.9788976366011823,3.0092442892418534,bin_2
config_545,704,5,4,0.0057585355825722,0.9879997372627258,0.9012895226478576,0.2537324130535126,0.0003537924203556,64,26660.0,1.7057078654111908e+18,3494495488,66941952,16,0.0001208250282408,3191603200.0,1.5574021327771643e+18,24342.0,4.66978069633734,4.664564535422404,bin_2
config_545,704,5,4,0.0057585355825722,0.9879997372627258,0.9012895226478576,0.2537324130535126,0.0003537924203556,64,26660.0,1.7057078654111908e+18,3494495488,66941952,16,5.230520703068827e-07,3493068800.0,1.7057078654111908e+18,26660.0,4.342342909437711,4.3552831573173645,bin_2
config_546,576,21,18,0.0337359756231308,0.8424671292304993,0.9280006885528564,0.0687674954533577,0.0007750855875201,64,45403.0,5.788533456912384e+18,5951155200,112591872,8,0.0007750855875201,1592524800.0,1.5517089334202724e+18,12171.0,1.787747031919292,1.8053659584678587,bin_3
config_546,576,21,18,0.0337359756231308,0.8424671292304993,0.9280006885528564,0.0687674954533577,0.0007750855875201,64,45403.0,5.788533456912384e+18,5951155200,112591872,8,0.0007750855875201,3191603200.0,3.103417866840545e+18,24342.0,1.7272902708952544,1.7450672013446933,bin_3
config_546,576,21,18,0.0337359756231308,0.8424671292304993,0.9280006885528564,0.0687674954533577,0.0007750855875201,64,45403.0,5.788533456912384e+18,5951155200,112591872,8,0.0007750855875201,4784128000.0,4.655254292573151e+18,36514.0,1.7016220261034418,1.7181193149089813,bin_3
config_546,576,21,18,0.0337359756231308,0.8424671292304993,0.9280006885528564,0.0687674954533577,0.0007750855875201,64,45403.0,5.788533456912384e+18,5951155200,112591872,8,7.447971693019285e-07,5950668800.0,5.788533456912384e+18,45403.0,1.6131272508081842,1.628642087295407,bin_3
config_547,768,13,24,0.0187355801463127,0.9003478288650513,0.969220757484436,0.0454691834747791,0.0008537071989849,32,4319.0,2.9132137285853184e+17,283078560,130646016,8,0.0008537071989849,140902400.0,1.4562696087093546e+17,2159.0,2.1480845549458363,2.169435164869809,bin_0
config_547,768,13,24,0.0187355801463127,0.9003478288650513,0.969220757484436,0.0454691834747791,0.0008537071989849,32,4319.0,2.9132137285853184e+17,283078560,130646016,8,8.275733051384441e-05,281804800.0,2.9132137285853184e+17,4319.0,1.9382335433412767,1.9580449608310324,bin_0
config_548,256,8,16,0.0016087478725239,0.9556512832641602,0.9124953746795654,0.2993775308132171,8.889654418453574e-05,32,3078.0,3.398561377436467e+16,201753008,19691008,16,8.889654418453574e-05,101580800.0,1.6992806887182336e+16,1539.0,3.26491660024299,3.298996106288472,bin_0
config_548,256,8,16,0.0016087478725239,0.9556512832641602,0.9124953746795654,0.2993775308132171,8.889654418453574e-05,32,3078.0,3.398561377436467e+16,201753008,19691008,16,2.7026093780314902e-06,199884800.0,3.398561377436467e+16,3078.0,2.996230657530613,3.0283059008395083,bin_0
config_549,576,17,12,0.0212197378277778,0.8939684629440308,0.9714889526367188,0.1606993377208709,0.0001172821357613,32,3374.0,1.814284832076288e+17,221119600,96662016,8,0.0001172821357613,111411200.0,9.07142416038144e+16,1687.0,2.608616105181272,2.636245480736748,bin_0
config_549,576,17,12,0.0212197378277778,0.8939684629440308,0.9714889526367188,0.1606993377208709,0.0001172821357613,32,3374.0,1.814284832076288e+17,221119600,96662016,8,5.193304904561319e-06,219545600.0,1.814284832076288e+17,3374.0,2.235590824748649,2.258325902184502,bin_0
config_55,832,17,16,0.0913548916578292,0.8025023341178894,0.937713384628296,0.051903948187828,0.0001684664166532,64,68819.0,1.3238146885321753e+19,9020311552,186694144,8,0.0001684664166532,1592524800.0,2.341235498063777e+18,12171.0,1.7729961825198814,1.7911942507399887,bin_3
config_55,832,17,16,0.0913548916578292,0.8025023341178894,0.937713384628296,0.051903948187828,0.0001684664166532,64,68819.0,1.3238146885321753e+19,9020311552,186694144,8,0.0001684664166532,3191603200.0,4.682470996127554e+18,24342.0,1.6810155636951571,1.6987601955210576,bin_3
config_55,832,17,16,0.0913548916578292,0.8025023341178894,0.937713384628296,0.051903948187828,0.0001684664166532,64,68819.0,1.3238146885321753e+19,9020311552,186694144,8,0.0001684664166532,4784128000.0,7.023898855993817e+18,36514.0,1.6445418697497884,1.659682903680645,bin_3
config_55,832,17,16,0.0913548916578292,0.8025023341178894,0.937713384628296,0.051903948187828,0.0001684664166532,64,68819.0,1.3238146885321753e+19,9020311552,186694144,8,0.0001684664166532,6383206400.0,9.365134354057593e+18,48685.0,1.6234500632129731,1.6381734294774102,bin_3
config_55,832,17,16,0.0913548916578292,0.8025023341178894,0.937713384628296,0.051903948187828,0.0001684664166532,64,68819.0,1.3238146885321753e+19,9020311552,186694144,8,0.0001684664166532,7975731200.0,1.170636985212137e+19,60856.0,1.6104018333700836,1.6242700788818425,bin_3
config_55,832,17,16,0.0913548916578292,0.8025023341178894,0.937713384628296,0.051903948187828,0.0001684664166532,64,68819.0,1.3238146885321753e+19,9020311552,186694144,8,8.963488984630851e-07,9017753600.0,1.3238146885321753e+19,68819.0,1.5440654580808078,1.561072927166204,bin_3
config_551,512,5,16,0.0025389841757714,0.8631035089492798,0.984102725982666,0.1035406067967414,0.0067458520643413,64,10223.0,4.282631615840256e+17,1339990400,42786816,16,0.0067458520643413,668467200.0,2.1411063473109213e+17,5111.0,3.0536222340630705,3.086076955482608,bin_0
config_551,512,5,16,0.0025389841757714,0.8631035089492798,0.984102725982666,0.1035406067967414,0.0067458520643413,64,10223.0,4.282631615840256e+17,1339990400,42786816,16,0.0001466489579204,1336934400.0,4.282631615840256e+17,10223.0,2.8957133286116554,2.926596856977119,bin_0
config_552,448,4,8,0.0024217499885708,0.9200093746185304,0.9134805202484132,0.2251429706811905,0.0003273439942859,64,34051.0,1.0700011438634436e+18,4463172608,32620672,16,0.0003273439942859,1592524800.0,3.824552559972386e+17,12171.0,1.9439932412397667,1.9652048652680196,bin_1
config_552,448,4,8,0.0024217499885708,0.9200093746185304,0.9134805202484132,0.2251429706811905,0.0003273439942859,64,34051.0,1.0700011438634436e+18,4463172608,32620672,16,0.0003273439942859,3191603200.0,7.649105119944772e+17,24342.0,1.8916792120699024,1.9127334973069487,bin_1
config_552,448,4,8,0.0024217499885708,0.9200093746185304,0.9134805202484132,0.2251429706811905,0.0003273439942859,64,34051.0,1.0700011438634436e+18,4463172608,32620672,16,4.270075584214463e-08,4463001600.0,1.0700011438634436e+18,34051.0,1.8243466236161403,1.842739344542144,bin_1
config_553,256,12,4,0.0390718691051006,0.8511517643928528,0.9481709003448486,0.2404150366783142,0.0016127225244417,64,22455.0,6.30043268530176e+17,2943238400,23100928,16,0.0016127225244417,1592524800.0,3.4149439417861376e+17,12171.0,1.9342628713904837,1.9548322299269376,bin_1
config_553,256,12,4,0.0390718691051006,0.8511517643928528,0.9481709003448486,0.2404150366783142,0.0016127225244417,64,22455.0,6.30043268530176e+17,2943238400,23100928,16,1.4938148614688628e-06,2942566400.0,6.30043268530176e+17,22455.0,1.8178464087892752,1.837333905931379,bin_1
config_554,896,12,16,0.0361963361501693,0.9114911556243896,0.9548929929733276,0.0853696390986442,0.0001572812616359,32,7804.0,6.45069829060952e+17,511475712,166181120,8,0.0001572812616359,255590400.0,3.22534914530476e+17,3902.0,2.0896101480233864,2.111021226683601,bin_1
config_554,896,12,16,0.0361963361501693,0.9114911556243896,0.9548929929733276,0.0853696390986442,0.0001572812616359,32,7804.0,6.45069829060952e+17,511475712,166181120,8,9.446322020176884e-07,511180800.0,6.45069829060952e+17,7804.0,1.8901412748313344,1.9106378127903236,bin_1
config_555,768,18,16,0.0237780660390853,0.8432180285453796,0.985576868057251,0.0072029652073979,1.451543630537344e-05,32,12567.0,1.100233493736358e+18,823634752,166043136,8,1.451543630537344e-05,412876800.0,5.500729721608608e+17,6283.0,2.656454029513187,2.6839229684970416,bin_1
config_555,768,18,16,0.0237780660390853,0.8432180285453796,0.985576868057251,0.0072029652073979,1.451543630537344e-05,32,12567.0,1.100233493736358e+18,823634752,166043136,8,2.7418046354594287e-06,822476800.0,1.100233493736358e+18,12567.0,2.339746394997737,2.3642866943312475,bin_1
config_556,256,21,16,0.0402980595827102,0.8564178347587585,0.904316246509552,0.147310122847557,1.0677696991479024e-05,128,55549.0,4.611710219358044e+18,14562037760,30773248,16,1.0677696991479024e-05,1599078400.0,5.052632521739916e+17,6086.0,3.1613300230464,3.1949775319021256,bin_3
config_556,256,21,16,0.0402980595827102,0.8564178347587585,0.904316246509552,0.147310122847557,1.0677696991479024e-05,128,55549.0,4.611710219358044e+18,14562037760,30773248,16,1.0677696991479024e-05,3185049600.0,1.010443483767606e+18,12171.0,2.8560577545791377,2.8861789603311507,bin_3
config_556,256,21,16,0.0402980595827102,0.8564178347587585,0.904316246509552,0.147310122847557,1.0677696991479024e-05,128,55549.0,4.611710219358044e+18,14562037760,30773248,16,1.0677696991479024e-05,4784128000.0,1.515706735941598e+18,18257.0,2.707606297477347,2.73626781401087,bin_3
config_556,256,21,16,0.0402980595827102,0.8564178347587585,0.904316246509552,0.147310122847557,1.0677696991479024e-05,128,55549.0,4.611710219358044e+18,14562037760,30773248,16,1.0677696991479024e-05,6383206400.0,2.0208869675352123e+18,24342.0,2.597867910705629,2.625281195875074,bin_3
config_556,256,21,16,0.0402980595827102,0.8564178347587585,0.904316246509552,0.147310122847557,1.0677696991479024e-05,128,55549.0,4.611710219358044e+18,14562037760,30773248,16,1.0677696991479024e-05,7982284800.0,2.5261502197092035e+18,30428.0,2.5124390775258423,2.5391914022945965,bin_3
config_556,256,21,16,0.0402980595827102,0.8564178347587585,0.904316246509552,0.147310122847557,1.0677696991479024e-05,128,55549.0,4.611710219358044e+18,14562037760,30773248,16,1.0677696991479024e-05,9568256000.0,3.031413471883196e+18,36514.0,2.435570949296482,2.4625719959227763,bin_3
config_556,256,21,16,0.0402980595827102,0.8564178347587585,0.904316246509552,0.147310122847557,1.0677696991479024e-05,128,55549.0,4.611710219358044e+18,14562037760,30773248,16,1.0677696991479024e-05,11167334400.0,3.53659370347681e+18,42599.0,2.362591319514103,2.3884172101880683,bin_3
config_556,256,21,16,0.0402980595827102,0.8564178347587585,0.904316246509552,0.147310122847557,1.0677696991479024e-05,128,55549.0,4.611710219358044e+18,14562037760,30773248,16,8.938101527088712e-06,12766412800.0,4.0418569556508017e+18,48685.0,2.298089050191348,2.3228153386272368,bin_3
config_556,256,21,16,0.0402980595827102,0.8564178347587585,0.904316246509552,0.147310122847557,1.0677696991479024e-05,128,55549.0,4.611710219358044e+18,14562037760,30773248,16,1.0427132603509838e-06,14352384000.0,4.547037187244417e+18,54770.0,2.2656330852821225,2.288415129849168,bin_3
config_556,256,21,16,0.0402980595827102,0.8564178347587585,0.904316246509552,0.147310122847557,1.0677696991479024e-05,128,55549.0,4.611710219358044e+18,14562037760,30773248,16,6.394611984630581e-08,14548992000.0,4.611710219358044e+18,55549.0,2.26448864635874,2.287192174762976,bin_3
config_558,1088,19,16,0.0333790853619575,0.987553596496582,0.9805797338485718,0.0831183344125747,7.688154437346384e-05,32,6890.0,1.1376397672214076e+18,451603936,335221504,8,7.688154437346384e-05,226099200.0,5.688198836107039e+17,3445.0,2.325166472509259,2.3488927318815325,bin_1
config_558,1088,19,16,0.0333790853619575,0.987553596496582,0.9805797338485718,0.0831183344125747,7.688154437346384e-05,32,6890.0,1.1376397672214076e+18,451603936,335221504,8,5.376331774368108e-06,448921600.0,1.1376397672214076e+18,6890.0,1.9755604377535525,1.9950504944168157,bin_1
config_559,832,16,8,0.0033777125645428,0.9824081659317015,0.9580312967300416,0.0200356543064117,3.480388841126114e-05,64,75233.0,1.3766187281200054e+19,9860969472,178172800,8,3.480388841126114e-05,1592524800.0,2.2270581446903068e+18,12171.0,1.930781255823667,1.950432440746026,bin_3
config_559,832,16,8,0.0033777125645428,0.9824081659317015,0.9580312967300416,0.0200356543064117,3.480388841126114e-05,64,75233.0,1.3766187281200054e+19,9860969472,178172800,8,3.480388841126114e-05,3191603200.0,4.4541162893806136e+18,24342.0,1.77585151560971,1.795152188148655,bin_3
config_559,832,16,8,0.0033777125645428,0.9824081659317015,0.9580312967300416,0.0200356543064117,3.480388841126114e-05,64,75233.0,1.3766187281200054e+19,9860969472,178172800,8,3.480388841126114e-05,4784128000.0,6.681357414774618e+18,36514.0,1.7127732605035189,1.729787682275303,bin_3
config_559,832,16,8,0.0033777125645428,0.9824081659317015,0.9580312967300416,0.0200356543064117,3.480388841126114e-05,64,75233.0,1.3766187281200054e+19,9860969472,178172800,8,3.480388841126114e-05,6383206400.0,8.908415559464924e+18,48685.0,1.6742973011243538,1.6906991817325845,bin_3
config_559,832,16,8,0.0033777125645428,0.9824081659317015,0.9580312967300416,0.0200356543064117,3.480388841126114e-05,64,75233.0,1.3766187281200054e+19,9860969472,178172800,8,3.480388841126114e-05,7975731200.0,1.1135473704155232e+19,60856.0,1.6467494279634758,1.6628393862286552,bin_3
config_559,832,16,8,0.0033777125645428,0.9824081659317015,0.9580312967300416,0.0200356543064117,3.480388841126114e-05,64,75233.0,1.3766187281200054e+19,9860969472,178172800,8,3.480388841126114e-05,9574809600.0,1.3362531848845535e+19,73027.0,1.625962325881739,1.641344734234888,bin_3
config_559,832,16,8,0.0033777125645428,0.9824081659317015,0.9580312967300416,0.0200356543064117,3.480388841126114e-05,64,75233.0,1.3766187281200054e+19,9860969472,178172800,8,7.621289433122828e-07,9856614400.0,1.3766187281200054e+19,75233.0,1.605347765879553,1.6205273881896598,bin_3
config_56,512,19,8,0.0167514309287071,0.9526915550231934,0.9388031959533693,0.2194300591945648,0.0004948822315782,32,4139.0,2.12127364104192e+17,271254400,90511360,8,0.0004948822315782,134348800.0,1.0603805661550451e+17,2069.0,2.3194150284470103,2.3435745152489083,bin_0
config_56,512,19,8,0.0167514309287071,0.9526915550231934,0.9388031959533693,0.2194300591945648,0.0004948822315782,32,4139.0,2.12127364104192e+17,271254400,90511360,8,2.1255954880562776e-05,268697600.0,2.12127364104192e+17,4139.0,2.040741389481748,2.061778025158116,bin_0
config_560,1024,10,8,0.0284035708755254,0.9472997784614564,0.976985514163971,0.1711904257535934,7.679024565732107e-05,128,40598.0,1.4168108801829372e+19,10642603008,179955712,8,7.679024565732107e-05,1599078400.0,2.1239250743370007e+18,6086.0,1.872990580425888,1.891896522025593,bin_3
config_560,1024,10,8,0.0284035708755254,0.9472997784614564,0.976985514163971,0.1711904257535934,7.679024565732107e-05,128,40598.0,1.4168108801829372e+19,10642603008,179955712,8,7.679024565732107e-05,3185049600.0,4.2475011632855137e+18,12171.0,1.7384649728947,1.7567685132339352,bin_3
config_560,1024,10,8,0.0284035708755254,0.9472997784614564,0.976985514163971,0.1711904257535934,7.679024565732107e-05,128,40598.0,1.4168108801829372e+19,10642603008,179955712,8,7.679024565732107e-05,4784128000.0,6.371426237622515e+18,18257.0,1.682162012663044,1.698714745533271,bin_3
config_560,1024,10,8,0.0284035708755254,0.9472997784614564,0.976985514163971,0.1711904257535934,7.679024565732107e-05,128,40598.0,1.4168108801829372e+19,10642603008,179955712,8,7.679024565732107e-05,6383206400.0,8.495002326571027e+18,24342.0,1.6471434753058387,1.6630239189843663,bin_3
config_560,1024,10,8,0.0284035708755254,0.9472997784614564,0.976985514163971,0.1711904257535934,7.679024565732107e-05,128,40598.0,1.4168108801829372e+19,10642603008,179955712,8,7.679024565732107e-05,7982284800.0,1.0618927400908028e+19,30428.0,1.6222607767777364,1.6378849735611776,bin_3
config_560,1024,10,8,0.0284035708755254,0.9472997784614564,0.976985514163971,0.1711904257535934,7.679024565732107e-05,128,40598.0,1.4168108801829372e+19,10642603008,179955712,8,4.528513839454623e-05,9568256000.0,1.274285247524503e+19,36514.0,1.5905858566526507,1.6057568540924885,bin_3
config_560,1024,10,8,0.0284035708755254,0.9472997784614564,0.976985514163971,0.1711904257535934,7.679024565732107e-05,128,40598.0,1.4168108801829372e+19,10642603008,179955712,8,5.304262183841371e-07,10629939200.0,1.4168108801829372e+19,40598.0,1.568235685561524,1.5826089474021412,bin_3
config_561,704,17,22,0.0233295951038599,0.9751349091529846,0.9973720908164978,0.2383238971233368,7.444753282470629e-05,32,14736.0,1.1105197901464044e+18,965757312,142652928,8,7.444753282470629e-05,481689600.0,5.552598950732022e+17,7368.0,2.040222237540073,2.061473248454391,bin_1
config_561,704,17,22,0.0233295951038599,0.9751349091529846,0.9973720908164978,0.2383238971233368,7.444753282470629e-05,32,14736.0,1.1105197901464044e+18,965757312,142652928,8,7.633469614609515e-07,963379200.0,1.1105197901464044e+18,14736.0,1.8564156781454555,1.8758708575319072,bin_1
config_562,320,4,20,0.109624296426773,0.9183616042137146,0.937969446182251,0.1824943125247955,0.0022128480486571,64,10775.0,2.279641109778432e+17,1412307840,21662080,16,0.0022128480486571,707788800.0,1.1397147710790174e+17,5387.0,2.0717408957246874,2.0937834963642183,bin_0
config_562,320,4,20,0.109624296426773,0.9183616042137146,0.937969446182251,0.1824943125247955,0.0022128480486571,64,10775.0,2.279641109778432e+17,1412307840,21662080,16,2.813896297885511e-05,1409024000.0,2.279641109778432e+17,10775.0,1.9208462502917305,1.9420370409527763,bin_0
config_563,1024,11,16,0.0021812457125633,0.9771543741226196,0.9166333079338074,0.1419489830732345,0.0012113230768591,64,42554.0,7.995668922784285e+18,5577726464,192802816,8,0.0012113230768591,1592524800.0,2.286865781341532e+18,12171.0,1.715898605878236,1.7340581250190734,bin_3
config_563,1024,11,16,0.0021812457125633,0.9771543741226196,0.9166333079338074,0.1419489830732345,0.0012113230768591,64,42554.0,7.995668922784285e+18,5577726464,192802816,8,0.0012113230768591,3191603200.0,4.5737315626830633e+18,24342.0,1.6418614975350805,1.6591689737116704,bin_3
config_563,1024,11,16,0.0021812457125633,0.9771543741226196,0.9166333079338074,0.1419489830732345,0.0012113230768591,64,42554.0,7.995668922784285e+18,5577726464,192802816,8,0.0012113230768591,4784128000.0,6.860785238674281e+18,36514.0,1.6088668849429146,1.6245427371830237,bin_3
config_563,1024,11,16,0.0021812457125633,0.9771543741226196,0.9166333079338074,0.1419489830732345,0.0012113230768591,64,42554.0,7.995668922784285e+18,5577726464,192802816,8,8.02200713151879e-07,5577113600.0,7.995668922784285e+18,42554.0,1.5465061033260628,1.5615295540504768,bin_3
config_564,576,21,12,0.0027806148864328,0.8113366961479187,0.933566153049469,0.1756224483251571,1.061269358615391e-05,64,25565.0,3.2594087047775846e+18,3350977792,112591872,8,1.061269358615391e-05,1592524800.0,1.5517411830959508e+18,12171.0,2.53655056312436,2.5639208249185907,bin_2
config_564,576,21,12,0.0027806148864328,0.8113366961479187,0.933566153049469,0.1756224483251571,1.061269358615391e-05,64,25565.0,3.2594087047775846e+18,3350977792,112591872,8,2.8724488097966143e-06,3191603200.0,3.1034823661919017e+18,24342.0,2.2067074268958606,2.229900417327881,bin_2
config_564,576,21,12,0.0027806148864328,0.8113366961479187,0.933566153049469,0.1756224483251571,1.061269358615391e-05,64,25565.0,3.2594087047775846e+18,3350977792,112591872,8,3.5462330985143644e-08,3348889600.0,3.2594087047775846e+18,25565.0,2.199051720060286,2.2221244459660325,bin_2
config_565,1024,4,8,0.0030066547915339,0.8205553293228149,0.9262250065803528,0.1680163294076919,0.0002023865527007,64,26166.0,2.4620297304444764e+18,3429743872,102873088,16,0.0002023865527007,1592524800.0,1.1452023178643936e+18,12171.0,1.8477138769822044,1.8682346110656611,bin_2
config_565,1024,4,8,0.0030066547915339,0.8205553293228149,0.9262250065803528,0.1680163294076919,0.0002023865527007,64,26166.0,2.4620297304444764e+18,3429743872,102873088,16,8.360645580177513e-05,3191603200.0,2.290404635728787e+18,24342.0,1.7476829838752748,1.76725150393658,bin_2
config_565,1024,4,8,0.0030066547915339,0.8205553293228149,0.9262250065803528,0.1680163294076919,0.0002023865527007,64,26166.0,2.4620297304444764e+18,3429743872,102873088,16,7.366207559627604e-07,3427532800.0,2.4620297304444764e+18,26166.0,1.7259538911991432,1.745290927926048,bin_2
config_566,320,16,10,0.0303500033915042,0.8595975637435913,0.9823294281959534,0.2661530971527099,0.0001448235561838,64,39641.0,1.8500124493873152e+18,5195870208,38381440,16,0.0001448235561838,1592524800.0,5.680104316614872e+17,12171.0,1.9313938810786264,1.9524789837149323,bin_2
config_566,320,16,10,0.0303500033915042,0.8595975637435913,0.9823294281959534,0.2661530971527099,0.0001448235561838,64,39641.0,1.8500124493873152e+18,5195870208,38381440,16,0.0001448235561838,3191603200.0,1.1360208633229745e+18,24342.0,1.8309304007936695,1.8511785129640923,bin_2
config_566,320,16,10,0.0303500033915042,0.8595975637435913,0.9823294281959534,0.2661530971527099,0.0001448235561838,64,39641.0,1.8500124493873152e+18,5195870208,38381440,16,4.3117610424022094e-05,4784128000.0,1.7040779641514703e+18,36514.0,1.7667180557329147,1.7859590092252513,bin_2
config_566,320,16,10,0.0303500033915042,0.8595975637435913,0.9823294281959534,0.2661530971527099,0.0001448235561838,64,39641.0,1.8500124493873152e+18,5195870208,38381440,16,5.628214031788855e-07,5190451200.0,1.8500124493873152e+18,39641.0,1.7548750803900546,1.7737841581516578,bin_2
config_567,512,21,16,0.0132428193464875,0.8406775593757629,0.9730409979820251,0.2373949587345123,1.1994316992058884e-05,64,66815.0,7.427214244347642e+18,8757640192,97329152,8,1.1994316992058884e-05,1592524800.0,1.3529390790684e+18,12171.0,2.591323456783764,2.6193133122803736,bin_3
config_567,512,21,16,0.0132428193464875,0.8406775593757629,0.9730409979820251,0.2373949587345123,1.1994316992058884e-05,64,66815.0,7.427214244347642e+18,8757640192,97329152,8,1.1994316992058884e-05,3191603200.0,2.7058781581368e+18,24342.0,2.234190399216824,2.257697029055142,bin_3
config_567,512,21,16,0.0132428193464875,0.8406775593757629,0.9730409979820251,0.2373949587345123,1.1994316992058884e-05,64,66815.0,7.427214244347642e+18,8757640192,97329152,8,1.1994316992058884e-05,4784128000.0,4.0589283980859054e+18,36514.0,2.0833130667053283,2.1039791099947007,bin_3
config_567,512,21,16,0.0132428193464875,0.8406775593757629,0.9730409979820251,0.2373949587345123,1.1994316992058884e-05,64,66815.0,7.427214244347642e+18,8757640192,97329152,8,1.1994316992058884e-05,6383206400.0,5.411867477154306e+18,48685.0,1.9923718097952543,2.0124574173669347,bin_3
config_567,512,21,16,0.0132428193464875,0.8406775593757629,0.9730409979820251,0.2373949587345123,1.1994316992058884e-05,64,66815.0,7.427214244347642e+18,8757640192,97329152,8,4.510819044047112e-06,7975731200.0,6.764806556222706e+18,60856.0,1.9335405913728183,1.9530698213616355,bin_3
config_567,512,21,16,0.0132428193464875,0.8406775593757629,0.9730409979820251,0.2373949587345123,1.1994316992058884e-05,64,66815.0,7.427214244347642e+18,8757640192,97329152,8,1.1343216372289892e-08,8755609600.0,7.427214244347642e+18,66815.0,1.919005558647093,1.9398169547026276,bin_3
config_568,448,13,16,0.0505226179957389,0.8974802494049072,0.9220789670944214,0.0325861051678657,1.5806368537596427e-05,32,3433.0,1.0689421101069312e+17,225002640,55336960,16,1.5806368537596427e-05,111411200.0,5.343153687572077e+16,1716.0,3.314403329364589,3.349678914820561,bin_0
config_568,448,13,16,0.0505226179957389,0.8974802494049072,0.9220789670944214,0.0325861051678657,1.5806368537596427e-05,32,3433.0,1.0689421101069312e+17,225002640,55336960,16,4.699190646312451e-06,222822400.0,1.0689421101069312e+17,3433.0,3.04430082336801,3.076060287053468,bin_0
config_569,640,8,16,0.014832966029644,0.8600969314575195,0.99638032913208,0.1074435412883758,4.9993435823125765e-05,128,57963.0,8.549835035458929e+18,15194662912,72820480,16,4.9993435823125765e-05,1599078400.0,8.9771571564279e+17,6086.0,2.159195372941064,2.1815790548871776,bin_3
config_569,640,8,16,0.014832966029644,0.8600969314575195,0.99638032913208,0.1074435412883758,4.9993435823125765e-05,128,57963.0,8.549835035458929e+18,15194662912,72820480,16,4.9993435823125765e-05,3185049600.0,1.7952839262386458e+18,12171.0,1.9413505714447767,1.962588546549688,bin_3
config_569,640,8,16,0.014832966029644,0.8600969314575195,0.99638032913208,0.1074435412883758,4.9993435823125765e-05,128,57963.0,8.549835035458929e+18,15194662912,72820480,16,4.9993435823125765e-05,4784128000.0,2.692999641881436e+18,18257.0,1.859603892349806,1.8789534642266448,bin_3
config_569,640,8,16,0.014832966029644,0.8600969314575195,0.99638032913208,0.1074435412883758,4.9993435823125765e-05,128,57963.0,8.549835035458929e+18,15194662912,72820480,16,4.9993435823125765e-05,6383206400.0,3.5905678524772915e+18,24342.0,1.8120596454964308,1.8310535715837948,bin_3
config_569,640,8,16,0.014832966029644,0.8600969314575195,0.99638032913208,0.1074435412883758,4.9993435823125765e-05,128,57963.0,8.549835035458929e+18,15194662912,72820480,16,4.9993435823125765e-05,7982284800.0,4.488283568120082e+18,30428.0,1.779878112996211,1.7985875373981035,bin_3
config_569,640,8,16,0.014832966029644,0.8600969314575195,0.99638032913208,0.1074435412883758,4.9993435823125765e-05,128,57963.0,8.549835035458929e+18,15194662912,72820480,16,4.9993435823125765e-05,9568256000.0,5.385999283762871e+18,36514.0,1.755316198419352,1.773322883433983,bin_3
config_569,640,8,16,0.014832966029644,0.8600969314575195,0.99638032913208,0.1074435412883758,4.9993435823125765e-05,128,57963.0,8.549835035458929e+18,15194662912,72820480,16,4.9993435823125765e-05,11167334400.0,6.283567494358727e+18,42599.0,1.736981732219946,1.7542351426062035,bin_3
config_569,640,8,16,0.014832966029644,0.8600969314575195,0.99638032913208,0.1074435412883758,4.9993435823125765e-05,128,57963.0,8.549835035458929e+18,15194662912,72820480,16,4.9993435823125765e-05,12766412800.0,7.181283210001518e+18,48685.0,1.7224478025123722,1.7390217996816166,bin_3
config_569,640,8,16,0.014832966029644,0.8600969314575195,0.99638032913208,0.1074435412883758,4.9993435823125765e-05,128,57963.0,8.549835035458929e+18,15194662912,72820480,16,2.579555312344678e-05,14352384000.0,8.078851420597373e+18,54770.0,1.7012326710341408,1.7171332383546674,bin_3
config_569,640,8,16,0.014832966029644,0.8600969314575195,0.99638032913208,0.1074435412883758,4.9993435823125765e-05,128,57963.0,8.549835035458929e+18,15194662912,72820480,16,1.043704296933799e-07,15191244800.0,8.549835035458929e+18,57963.0,1.68902388986994,1.7046953796558693,bin_3
config_57,576,21,8,0.1570431143045425,0.9747588634490968,0.9676585793495178,0.2478415071964264,0.0034987910185009,64,29936.0,3.816606625067336e+18,3923829504,112591872,8,0.0034987910185009,1592524800.0,1.5517076173735483e+18,12171.0,1.8891164442945696,1.908540875853085,bin_2
config_57,576,21,8,0.1570431143045425,0.9747588634490968,0.9676585793495178,0.2478415071964264,0.0034987910185009,64,29936.0,3.816606625067336e+18,3923829504,112591872,8,0.0026343505363723,3191603200.0,3.1034152347470966e+18,24342.0,1.824904698719744,1.8435872445341015,bin_2
config_57,576,21,8,0.1570431143045425,0.9747588634490968,0.9676585793495178,0.2478415071964264,0.0034987910185009,64,29936.0,3.816606625067336e+18,3923829504,112591872,8,1.6977554477157816e-05,3919052800.0,3.816606625067336e+18,29936.0,1.6491901605246495,1.666332339869171,bin_2
config_570,1024,22,16,0.0164758954197168,0.9564697742462158,0.9476053714752196,0.1442816853523254,0.0009751581237651,32,7117.0,1.1931898686255268e+18,466436448,334120960,8,0.0009751581237651,232652800.0,5.965111075691476e+17,3558.0,2.1152515390857323,2.13724505381506,bin_1
config_570,1024,22,16,0.0164758954197168,0.9564697742462158,0.9476053714752196,0.1442816853523254,0.0009751581237651,32,7117.0,1.1931898686255268e+18,466436448,334120960,8,1.61575907446466e-05,465305600.0,1.1931898686255268e+18,7117.0,1.8929488508623156,1.913809894479689,bin_1
config_571,768,21,24,0.0482745207846164,0.8041978478431702,0.998424768447876,0.2594394385814667,6.55403928249143e-05,128,58943.0,2.348426063141772e+19,15451675648,187281408,8,6.55403928249143e-05,1599078400.0,2.424803796936163e+18,6086.0,1.9502119102048088,1.9707711515270296,bin_3
config_571,768,21,24,0.0482745207846164,0.8041978478431702,0.998424768447876,0.2594394385814667,6.55403928249143e-05,128,58943.0,2.348426063141772e+19,15451675648,187281408,8,6.55403928249143e-05,3185049600.0,4.849209170639177e+18,12171.0,1.77626254626962,1.7957596177546704,bin_3
config_571,768,21,24,0.0482745207846164,0.8041978478431702,0.998424768447876,0.2594394385814667,6.55403928249143e-05,128,58943.0,2.348426063141772e+19,15451675648,187281408,8,6.55403928249143e-05,4784128000.0,7.27401296757534e+18,18257.0,1.706941975882796,1.724240553613569,bin_3
config_571,768,21,24,0.0482745207846164,0.8041978478431702,0.998424768447876,0.2594394385814667,6.55403928249143e-05,128,58943.0,2.348426063141772e+19,15451675648,187281408,8,6.55403928249143e-05,6383206400.0,9.698418341278351e+18,24342.0,1.663465230464935,1.6801522585993909,bin_3
config_571,768,21,24,0.0482745207846164,0.8041978478431702,0.998424768447876,0.2594394385814667,6.55403928249143e-05,128,58943.0,2.348426063141772e+19,15451675648,187281408,8,6.55403928249143e-05,7982284800.0,1.2123222138214517e+19,30428.0,1.633683081533088,1.6500138016997792,bin_3
config_571,768,21,24,0.0482745207846164,0.8041978478431702,0.998424768447876,0.2594394385814667,6.55403928249143e-05,128,58943.0,2.348426063141772e+19,15451675648,187281408,8,6.55403928249143e-05,9568256000.0,1.454802593515068e+19,36514.0,1.610704057333899,1.6265257337640544,bin_3
config_571,768,21,24,0.0482745207846164,0.8041978478431702,0.998424768447876,0.2594394385814667,6.55403928249143e-05,128,58943.0,2.348426063141772e+19,15451675648,187281408,8,6.55403928249143e-05,11167334400.0,1.6972431308853694e+19,42599.0,1.593249926527993,1.608623617770242,bin_3
config_571,768,21,24,0.0482745207846164,0.8041978478431702,0.998424768447876,0.2594394385814667,6.55403928249143e-05,128,58943.0,2.348426063141772e+19,15451675648,187281408,8,4.3900748345906174e-05,12766412800.0,1.9397235105789858e+19,48685.0,1.5698030704748436,1.5844100360987616,bin_3
config_571,768,21,24,0.0482745207846164,0.8041978478431702,0.998424768447876,0.2594394385814667,6.55403928249143e-05,128,58943.0,2.348426063141772e+19,15451675648,187281408,8,1.7970891127051117e-05,14352384000.0,2.1821640479492874e+19,54770.0,1.549420689500746,1.5627433427630877,bin_3
config_571,768,21,24,0.0482745207846164,0.8041978478431702,0.998424768447876,0.2594394385814667,6.55403928249143e-05,128,58943.0,2.348426063141772e+19,15451675648,187281408,8,1.842948529604579e-07,15440281600.0,2.348426063141772e+19,58943.0,1.5399849892053448,1.5530912894889957,bin_3
config_572,896,13,16,0.0061977170407772,0.9103610515594482,0.993830144405365,0.1999456584453582,0.0039911954663693,64,8021.0,1.4128674463697633e+18,1051421504,176275456,8,0.0039911954663693,524288000.0,7.063456501611708e+17,4010.0,3.398303502075008,3.432767000081109,bin_1
config_572,896,13,16,0.0061977170407772,0.9103610515594482,0.993830144405365,0.1999456584453582,0.0039911954663693,64,8021.0,1.4128674463697633e+18,1051421504,176275456,8,5.228640348955548e-05,1048576000.0,1.4128674463697633e+18,8021.0,3.1980990360994808,3.2319621814665247,bin_1
config_577,256,11,16,0.001548814587295,0.9092930555343628,0.9043208956718444,0.0018160165054723,0.0020044059492647,64,26549.0,7.052351290107494e+17,3479869440,22248448,16,0.0020044059492647,1592524800.0,3.2330471035405594e+17,12171.0,1.9670729566402123,1.988111204319313,bin_1
config_577,256,11,16,0.001548814587295,0.9092930555343628,0.9043208956718444,0.0018160165054723,0.0020044059492647,64,26549.0,7.052351290107494e+17,3479869440,22248448,16,0.0020044059492647,3191603200.0,6.466094207081119e+17,24342.0,1.9209810276500516,1.9413449905739453,bin_1
config_577,256,11,16,0.001548814587295,0.9092930555343628,0.9043208956718444,0.0018160165054723,0.0020044059492647,64,26549.0,7.052351290107494e+17,3479869440,22248448,16,0.0020044059492647,3473408000.0,7.052351290107494e+17,26549.0,1.897407554876609,1.9175238550686449,bin_1
config_578,768,4,16,0.024618336930871,0.9404509663581848,0.9415837526321412,0.2352568954229354,0.0004334999248385,64,61261.0,3.830479634379571e+18,8029628416,66931200,16,0.0004334999248385,1592524800.0,7.610187171289036e+17,12171.0,1.8568680412652063,1.87677624378048,bin_2
config_578,768,4,16,0.024618336930871,0.9404509663581848,0.9415837526321412,0.2352568954229354,0.0004334999248385,64,61261.0,3.830479634379571e+18,8029628416,66931200,16,0.0004334999248385,3191603200.0,1.522037434257807e+18,24342.0,1.7935335112008892,1.812658748978474,bin_2
config_578,768,4,16,0.024618336930871,0.9404509663581848,0.9415837526321412,0.2352568954229354,0.0004334999248385,64,61261.0,3.830479634379571e+18,8029628416,66931200,16,0.0004334999248385,4784128000.0,2.283118678600344e+18,36514.0,1.768627122386557,1.7852383261430458,bin_2
config_578,768,4,16,0.024618336930871,0.9404509663581848,0.9415837526321412,0.2352568954229354,0.0004334999248385,64,61261.0,3.830479634379571e+18,8029628416,66931200,16,0.0003778235190047,6383206400.0,3.044137395729248e+18,48685.0,1.7436975826982593,1.760839066544517,bin_2
config_578,768,4,16,0.024618336930871,0.9404509663581848,0.9415837526321412,0.2352568954229354,0.0004334999248385,64,61261.0,3.830479634379571e+18,8029628416,66931200,16,1.236250826454631e-05,7975731200.0,3.805156112858151e+18,60856.0,1.6799405276189086,1.696017960798545,bin_2
config_578,768,4,16,0.024618336930871,0.9404509663581848,0.9415837526321412,0.2352568954229354,0.0004334999248385,64,61261.0,3.830479634379571e+18,8029628416,66931200,16,3.30870050875955e-07,8028160000.0,3.830479634379571e+18,61261.0,1.6792246159178312,1.6952832747678288,bin_2
config_579,512,5,16,0.1567452847957611,0.8537575006484985,0.9360372424125672,0.2746214568614959,3.0333601898746565e-05,32,4008.0,8.39520702148608e+16,262677200,42786816,16,3.0333601898746565e-05,131072000.0,4.19760351074304e+16,2004.0,3.0242201322805684,3.0558098435792767,bin_0
config_579,512,5,16,0.1567452847957611,0.8537575006484985,0.9360372424125672,0.2746214568614959,3.0333601898746565e-05,32,4008.0,8.39520702148608e+16,262677200,42786816,16,2.2060801380906745e-07,262144000.0,8.39520702148608e+16,4008.0,2.8296588039398194,2.85917962668372,bin_0
config_58,384,8,24,0.0846504420042038,0.90314918756485,0.944480836391449,0.0648185163736343,0.0005973482038825,64,16350.0,5.920750720100598e+17,2143100416,33468672,16,0.0005973482038825,1592524800.0,4.407428563568464e+17,12171.0,1.909253300643358,1.9297370805115,bin_1
config_58,384,8,24,0.0846504420042038,0.90314918756485,0.944480836391449,0.0648185163736343,0.0005973482038825,64,16350.0,5.920750720100598e+17,2143100416,33468672,16,0.0,2143027200.0,5.920750720100598e+17,16350.0,1.827770896974157,1.84735671074664,bin_1
config_580,576,15,18,0.0262810606509447,0.8472017049789429,0.9300700426101683,0.2924958169460296,9.766355651663616e-05,64,41028.0,4.003180634400031e+18,5377640960,88697088,16,9.766355651663616e-05,1592524800.0,1.187547808844759e+18,12171.0,1.899528078173028,1.9198497563502828,bin_2
config_580,576,15,18,0.0262810606509447,0.8472017049789429,0.9300700426101683,0.2924958169460296,9.766355651663616e-05,64,41028.0,4.003180634400031e+18,5377640960,88697088,16,9.766355651663616e-05,3191603200.0,2.375095617689518e+18,24342.0,1.7901410421777944,1.8094355362360597,bin_2
config_580,576,15,18,0.0262810606509447,0.8472017049789429,0.9300700426101683,0.2924958169460296,9.766355651663616e-05,64,41028.0,4.003180634400031e+18,5377640960,88697088,16,3.685171532561071e-05,4784128000.0,3.5627409984518554e+18,36514.0,1.72010776812913,1.738163170071899,bin_2
config_580,576,15,18,0.0262810606509447,0.8472017049789429,0.9300700426101683,0.2924958169460296,9.766355651663616e-05,64,41028.0,4.003180634400031e+18,5377640960,88697088,16,2.278816318721449e-07,5373952000.0,4.003180634400031e+18,41028.0,1.702179320249401,1.7198572875241764,bin_2
config_581,384,20,24,0.0021029114723205,0.8069424629211426,0.9627206325531006,0.0755791068077087,0.0009261413360945,64,16271.0,1.102422765695828e+18,2132681856,54711552,16,0.0009261413360945,1592524800.0,8.246320128623884e+17,12171.0,1.848573472968868,1.8685123603070368,bin_1
config_581,384,20,24,0.0021029114723205,0.8069424629211426,0.9627206325531006,0.0755791068077087,0.0009261413360945,64,16271.0,1.102422765695828e+18,2132681856,54711552,16,1.5825035034976675e-05,2129920000.0,1.102422765695828e+18,16271.0,1.7679026720172069,1.7867701466747972,bin_1
config_582,896,22,14,0.0020173157099634,0.8690100908279419,0.9420214295387268,0.2820554673671722,0.0021592881530523,32,3449.0,4.7182474078529126e+17,226083712,267124480,8,0.0021592881530523,111411200.0,2.358439701692787e+17,1724.0,3.218887950905034,3.2522322517535724,bin_0
config_582,896,22,14,0.0020173157099634,0.8690100908279419,0.9420214295387268,0.2820554673671722,0.0021592881530523,32,3449.0,4.7182474078529126e+17,226083712,267124480,8,0.0001088530036003,222822400.0,4.7182474078529126e+17,3449.0,3.1042301143974558,3.1367482622725062,bin_0
config_583,704,16,8,0.0192495044320821,0.8384490609169006,0.9091221690177916,0.2962200343608856,0.0008558075060136,64,14235.0,2.0427042543884695e+18,1865914880,136343680,8,0.000423234973918,1592524800.0,1.746522899906011e+18,12171.0,1.7308987241690277,1.7488608784753767,bin_2
config_583,704,16,8,0.0192495044320821,0.8384490609169006,0.9091221690177916,0.2962200343608856,0.0008558075060136,64,14235.0,2.0427042543884695e+18,1865914880,136343680,8,7.104663830758556e-06,1861222400.0,2.0427042543884695e+18,14235.0,1.6828580186992397,1.7004696183321906,bin_2
config_584,832,5,16,0.0620119646191597,0.8550779819488525,0.990144908428192,0.1801085919141769,0.0030684508383274,64,32454.0,2.5897857222785434e+18,4253853440,84438016,16,0.0030684508383274,1592524800.0,9.712294948496996e+17,12171.0,1.8218960305510972,1.841788610434923,bin_2
config_584,832,5,16,0.0620119646191597,0.8550779819488525,0.990144908428192,0.1801085919141769,0.0030684508383274,64,32454.0,2.5897857222785434e+18,4253853440,84438016,16,0.0030684508383274,3191603200.0,1.9424589896993997e+18,24342.0,1.7833462641669102,1.8025279212779688,bin_2
config_584,832,5,16,0.0620119646191597,0.8550779819488525,0.990144908428192,0.1801085919141769,0.0030684508383274,64,32454.0,2.5897857222785434e+18,4253853440,84438016,16,2.0998808132268072e-06,4253286400.0,2.5897857222785434e+18,32454.0,1.649126989020676,1.6669402860813454,bin_2
config_585,832,15,8,0.0573441982269287,0.8907828330993652,0.9428888559341432,0.1179441586136818,3.553934584488161e-05,32,7179.0,6.232216801123123e+17,470546880,169651456,8,3.553934584488161e-05,235929600.0,3.115674341723205e+17,3589.0,2.476609130921911,2.502703524808415,bin_1
config_585,832,15,8,0.0573441982269287,0.8907828330993652,0.9428888559341432,0.1179441586136818,3.553934584488161e-05,32,7179.0,6.232216801123123e+17,470546880,169651456,8,1.2182518079214728e-06,468582400.0,6.232216801123123e+17,7179.0,2.1679123601170835,2.190323962735348,bin_1
config_586,1088,5,16,0.0016122865490615,0.9127430319786072,0.94182687997818,0.1785632371902465,7.563173858216032e-05,128,55481.0,1.315909356798306e+19,14544272384,128523264,16,7.563173858216032e-05,1599078400.0,1.443489545155006e+18,6086.0,1.967716223841808,1.9891911511343037,bin_3
config_586,1088,5,16,0.0016122865490615,0.9127430319786072,0.94182687997818,0.1785632371902465,7.563173858216032e-05,128,55481.0,1.315909356798306e+19,14544272384,128523264,16,7.563173858216032e-05,3185049600.0,2.8867419083275684e+18,12171.0,1.8203689092495403,1.8403546653810092,bin_3
config_586,1088,5,16,0.0016122865490615,0.9127430319786072,0.94182687997818,0.1785632371902465,7.563173858216032e-05,128,55481.0,1.315909356798306e+19,14544272384,128523264,16,7.563173858216032e-05,4784128000.0,4.3302314534825743e+18,18257.0,1.7598494610239248,1.7781864316346216,bin_3
config_586,1088,5,16,0.0016122865490615,0.9127430319786072,0.94182687997818,0.1785632371902465,7.563173858216032e-05,128,55481.0,1.315909356798306e+19,14544272384,128523264,16,7.563173858216032e-05,6383206400.0,5.773483816655137e+18,24342.0,1.7237134490247632,1.7417392722114189,bin_3
config_586,1088,5,16,0.0016122865490615,0.9127430319786072,0.94182687997818,0.1785632371902465,7.563173858216032e-05,128,55481.0,1.315909356798306e+19,14544272384,128523264,16,7.563173858216032e-05,7982284800.0,7.216973361810142e+18,30428.0,1.698431242997529,1.7161569616833672,bin_3
config_586,1088,5,16,0.0016122865490615,0.9127430319786072,0.94182687997818,0.1785632371902465,7.563173858216032e-05,128,55481.0,1.315909356798306e+19,14544272384,128523264,16,7.563173858216032e-05,9568256000.0,8.660462906965149e+18,36514.0,1.679060302796911,1.6969397686348586,bin_3
config_586,1088,5,16,0.0016122865490615,0.9127430319786072,0.94182687997818,0.1785632371902465,7.563173858216032e-05,128,55481.0,1.315909356798306e+19,14544272384,128523264,16,7.563173858216032e-05,11167334400.0,1.010371527013771e+19,42599.0,1.664010832309723,1.681130227065477,bin_3
config_586,1088,5,16,0.0016122865490615,0.9127430319786072,0.94182687997818,0.1785632371902465,7.563173858216032e-05,128,55481.0,1.315909356798306e+19,14544272384,128523264,16,5.177254384470312e-05,12766412800.0,1.1547204815292715e+19,48685.0,1.6440350286296157,1.6601858649879206,bin_3
config_586,1088,5,16,0.0016122865490615,0.9127430319786072,0.94182687997818,0.1785632371902465,7.563173858216032e-05,128,55481.0,1.315909356798306e+19,14544272384,128523264,16,5.581142832985985e-06,14352384000.0,1.2990457178465278e+19,54770.0,1.6220187610876364,1.635350474920429,bin_3
config_586,1088,5,16,0.0016122865490615,0.9127430319786072,0.94182687997818,0.1785632371902465,7.563173858216032e-05,128,55481.0,1.315909356798306e+19,14544272384,128523264,16,2.3668321179557146e-07,14535884800.0,1.315909356798306e+19,55481.0,1.62088579416275,1.6340380129266958,bin_3
config_587,1152,23,16,0.0118777733296155,0.9765505790710448,0.9751272797584534,0.2411236464977264,1.428163523087278e-05,32,4855.0,1.0170901531900476e+18,318202176,424253952,8,1.428163523087278e-05,160563200.0,5.0844032992631226e+17,2427.0,2.825913798672254,2.854988132734768,bin_1
config_587,1152,23,16,0.0118777733296155,0.9765505790710448,0.9751272797584534,0.2411236464977264,1.428163523087278e-05,32,4855.0,1.0170901531900476e+18,318202176,424253952,8,6.103262919176277e-08,317849600.0,1.0170901531900476e+18,4855.0,2.5561548714755014,2.5822552423399,bin_1
config_589,1088,12,8,0.0214336887001991,0.9423906803131104,0.9775222539901732,0.2049128264188766,0.0001045537137542,64,46887.0,1.0520982141811753e+19,6145665536,231872384,8,0.0001045537137542,1592524800.0,2.7310528216348e+18,12171.0,1.7564799727377345,1.7747934863411012,bin_3
config_589,1088,12,8,0.0214336887001991,0.9423906803131104,0.9775222539901732,0.2049128264188766,0.0001045537137542,64,46887.0,1.0520982141811753e+19,6145665536,231872384,8,0.0001045537137542,3191603200.0,5.462105643269599e+18,24342.0,1.6612281302741316,1.6784950362072617,bin_3
config_589,1088,12,8,0.0214336887001991,0.9423906803131104,0.9775222539901732,0.2049128264188766,0.0001045537137542,64,46887.0,1.0520982141811753e+19,6145665536,231872384,8,0.0001045537137542,4784128000.0,8.19338285507954e+18,36514.0,1.6157097849884972,1.6311669027609903,bin_3
config_589,1088,12,8,0.0214336887001991,0.9423906803131104,0.9775222539901732,0.2049128264188766,0.0001045537137542,64,46887.0,1.0520982141811753e+19,6145665536,231872384,8,4.0267382209935494e-07,6140723200.0,1.0520982141811753e+19,46887.0,1.555087369426352,1.5700086706192766,bin_3
config_59,1152,15,12,0.0020194409880787,0.9488442540168762,0.9065175652503968,0.2515814304351806,0.0001486756373196,128,49228.0,2.846111851570633e+19,12904843264,296833536,8,0.0001486756373196,1599078400.0,3.518614757588948e+18,6086.0,1.7567071648503914,1.774987923727661,bin_3
config_59,1152,15,12,0.0020194409880787,0.9488442540168762,0.9065175652503968,0.2515814304351806,0.0001486756373196,128,49228.0,2.846111851570633e+19,12904843264,296833536,8,0.0001486756373196,3185049600.0,7.036651366187165e+18,12171.0,1.6474104026301963,1.6651031737249409,bin_3
config_59,1152,15,12,0.0020194409880787,0.9488442540168762,0.9065175652503968,0.2515814304351806,0.0001486756373196,128,49228.0,2.846111851570633e+19,12904843264,296833536,8,0.0001486756373196,4784128000.0,1.0555266123776113e+19,18257.0,1.5992769494408468,1.614811124352158,bin_3
config_59,1152,15,12,0.0020194409880787,0.9488442540168762,0.9065175652503968,0.2515814304351806,0.0001486756373196,128,49228.0,2.846111851570633e+19,12904843264,296833536,8,0.0001486756373196,6383206400.0,1.407330273237433e+19,24342.0,1.5690215926678457,1.5842045879950288,bin_3
config_59,1152,15,12,0.0020194409880787,0.9488442540168762,0.9065175652503968,0.2515814304351806,0.0001486756373196,128,49228.0,2.846111851570633e+19,12904843264,296833536,8,0.0001486756373196,7982284800.0,1.7591917489963278e+19,30428.0,1.5487553982167948,1.563484039130758,bin_3
config_59,1152,15,12,0.0020194409880787,0.9488442540168762,0.9065175652503968,0.2515814304351806,0.0001486756373196,128,49228.0,2.846111851570633e+19,12904843264,296833536,8,0.0001486756373196,9568256000.0,2.1110532247552225e+19,36514.0,1.532932927071071,1.547179321246069,bin_3
config_59,1152,15,12,0.0020194409880787,0.9488442540168762,0.9065175652503968,0.2515814304351806,0.0001486756373196,128,49228.0,2.846111851570633e+19,12904843264,296833536,8,7.957219994790582e-05,11167334400.0,2.462856885615044e+19,42599.0,1.5001160874718524,1.514276813561799,bin_3
config_59,1152,15,12,0.0020194409880787,0.9488442540168762,0.9065175652503968,0.2515814304351806,0.0001486756373196,128,49228.0,2.846111851570633e+19,12904843264,296833536,8,6.338883761691967e-06,12766412800.0,2.8147183613739397e+19,48685.0,1.47342781296519,1.4870795822827545,bin_3
config_59,1152,15,12,0.0020194409880787,0.9488442540168762,0.9065175652503968,0.2515814304351806,0.0001486756373196,128,49228.0,2.846111851570633e+19,12904843264,296833536,8,3.3615292675638684e-07,12897484800.0,2.846111851570633e+19,49228.0,1.472458775971757,1.486236734517285,bin_3
config_592,576,19,8,0.002674781018868,0.9547093510627748,0.91329026222229,0.2824147045612335,0.0003567366220522,64,37289.0,4.382223001764102e+18,4887673856,104626944,8,0.0003567366220522,1592524800.0,1.430342357115259e+18,12171.0,1.7694536007623205,1.7883488068619713,bin_2
config_592,576,19,8,0.002674781018868,0.9547093510627748,0.91329026222229,0.2824147045612335,0.0003567366220522,64,37289.0,4.382223001764102e+18,4887673856,104626944,8,0.0003567366220522,3191603200.0,2.860684714230518e+18,24342.0,1.7020846624843409,1.7201502608666654,bin_2
config_592,576,19,8,0.002674781018868,0.9547093510627748,0.91329026222229,0.2824147045612335,0.0003567366220522,64,37289.0,4.382223001764102e+18,4887673856,104626944,8,2.6729838062605825e-05,4784128000.0,4.291144591874666e+18,36514.0,1.6161673402395405,1.6313624190697904,bin_2
config_592,576,19,8,0.002674781018868,0.9547093510627748,0.91329026222229,0.2824147045612335,0.0003567366220522,64,37289.0,4.382223001764102e+18,4887673856,104626944,8,1.3212467483417396e-06,4882432000.0,4.382223001764102e+18,37289.0,1.613520999228368,1.6285980527518225,bin_2
config_593,1024,13,8,0.0426379740238189,0.8519279956817627,0.9967116117477416,0.1725050508975982,0.0018105431227013,64,15000.0,3.220462759160316e+18,1966128128,218497024,8,0.0018105431227013,1592524800.0,2.6130834827826806e+18,12171.0,3.1197227050437304,3.15431003097628,bin_2
config_593,1024,13,8,0.0426379740238189,0.8519279956817627,0.9967116117477416,0.1725050508975982,0.0018105431227013,64,15000.0,3.220462759160316e+18,1966128128,218497024,8,0.0,1966080000.0,3.220462759160316e+18,15000.0,2.988015450141469,3.020373537540436,bin_2
config_594,704,24,16,0.0011866728309541,0.8018476963043213,0.9348432421684264,0.0454221367835998,4.22266821260564e-05,64,30655.0,6.171409463637344e+18,4018014464,186817664,8,4.22266821260564e-05,1592524800.0,2.450243829128368e+18,12171.0,1.93905743552036,1.9592685040294149,bin_3
config_594,704,24,16,0.0011866728309541,0.8018476963043213,0.9348432421684264,0.0454221367835998,4.22266821260564e-05,64,30655.0,6.171409463637344e+18,4018014464,186817664,8,4.22266821260564e-05,3191603200.0,4.900487658256736e+18,24342.0,1.7951298957379138,1.8141285626810104,bin_3
config_594,704,24,16,0.0011866728309541,0.8018476963043213,0.9348432421684264,0.0454221367835998,4.22266821260564e-05,64,30655.0,6.171409463637344e+18,4018014464,186817664,8,1.516763007401473e-07,4017356800.0,6.171409463637344e+18,30655.0,1.7351931349957574,1.753670683356582,bin_3
config_595,1088,6,16,0.0232332572340965,0.8377818465232849,0.9764181971549988,0.2977855503559112,1.0734086572483648e-05,64,8543.0,1.1422549319664108e+18,1119778944,143287424,16,1.0734086572483648e-05,557056000.0,5.710606127155028e+17,4271.0,2.738973993707876,2.76735939377644,bin_1
config_595,1088,6,16,0.0232332572340965,0.8377818465232849,0.9764181971549988,0.2977855503559112,1.0734086572483648e-05,64,8543.0,1.1422549319664108e+18,1119778944,143287424,16,1.8150441314069866e-07,1114112000.0,1.1422549319664108e+18,8543.0,2.5013277972721664,2.5275988879750986,bin_1
config_596,704,19,16,0.0198181737214326,0.9293049573898317,0.9649824500083924,0.1885184943675995,4.0413437091046944e-05,128,48151.0,1.5906965278774397e+19,12622648320,155271424,8,4.0413437091046944e-05,1599078400.0,2.0105457973172096e+18,6086.0,2.1116117523537308,2.1342398980015616,bin_3
config_596,704,19,16,0.0198181737214326,0.9293049573898317,0.9649824500083924,0.1885184943675995,4.0413437091046944e-05,128,48151.0,1.5906965278774397e+19,12622648320,155271424,8,4.0413437091046944e-05,3185049600.0,4.020761238768938e+18,12171.0,1.877284927583132,1.897882692188513,bin_3
config_596,704,19,16,0.0198181737214326,0.9293049573898317,0.9649824500083924,0.1885184943675995,4.0413437091046944e-05,128,48151.0,1.5906965278774397e+19,12622648320,155271424,8,4.0413437091046944e-05,4784128000.0,6.031307036086148e+18,18257.0,1.7896216969802732,1.808233811425381,bin_3
config_596,704,19,16,0.0198181737214326,0.9293049573898317,0.9649824500083924,0.1885184943675995,4.0413437091046944e-05,128,48151.0,1.5906965278774397e+19,12622648320,155271424,8,4.0413437091046944e-05,6383206400.0,8.041522477537876e+18,24342.0,1.7392451651565364,1.7568118577120737,bin_3
config_596,704,19,16,0.0198181737214326,0.9293049573898317,0.9649824500083924,0.1885184943675995,4.0413437091046944e-05,128,48151.0,1.5906965278774397e+19,12622648320,155271424,8,4.0413437091046944e-05,7982284800.0,1.0052068274855088e+19,30428.0,1.705446839156698,1.7225495140474352,bin_3
config_596,704,19,16,0.0198181737214326,0.9293049573898317,0.9649824500083924,0.1885184943675995,4.0413437091046944e-05,128,48151.0,1.5906965278774397e+19,12622648320,155271424,8,4.0413437091046944e-05,9568256000.0,1.2062614072172296e+19,36514.0,1.6795508460920363,1.697070581092209,bin_3
config_596,704,19,16,0.0198181737214326,0.9293049573898317,0.9649824500083924,0.1885184943675995,4.0413437091046944e-05,128,48151.0,1.5906965278774397e+19,12622648320,155271424,8,2.471466225541496e-05,11167334400.0,1.4072829513624023e+19,42599.0,1.65016728930786,1.6671030769973505,bin_3
config_596,704,19,16,0.0198181737214326,0.9293049573898317,0.9649824500083924,0.1885184943675995,4.0413437091046944e-05,128,48151.0,1.5906965278774397e+19,12622648320,155271424,8,4.452290083846162e-09,12622233600.0,1.5906965278774397e+19,48151.0,1.628197544422306,1.6445842065772072,bin_3
config_597,1152,15,18,0.0026473163161426,0.850172758102417,0.9165214896202089,0.0646920800209045,0.0043902755714952,64,19619.0,5.671567440315482e+18,2571602688,296833536,8,0.0043902755714952,1592524800.0,3.518459009943408e+18,12171.0,3.0925058969904167,3.1241682177293497,bin_3
config_597,1152,15,18,0.0026473163161426,0.850172758102417,0.9165214896202089,0.0646920800209045,0.0043902755714952,64,19619.0,5.671567440315482e+18,2571602688,296833536,8,6.57330463817267e-05,2569011200.0,5.671567440315482e+18,19619.0,2.8198084020223773,2.849349868102152,bin_3
config_599,1024,7,8,0.0066798268817365,0.9321144223213196,0.959773063659668,0.1864256858825683,0.0009543098858557,32,6893.0,4.628607734250209e+17,451767616,141414400,16,0.0009543098858557,226099200.0,2.3139681201546816e+17,3446.0,2.043139742397871,2.063407093735992,bin_0
config_599,1024,7,8,0.0066798268817365,0.9321144223213196,0.959773063659668,0.1864256858825683,0.0009543098858557,32,6893.0,4.628607734250209e+17,451767616,141414400,16,3.193410512980369e-05,448921600.0,4.628607734250209e+17,6893.0,1.8551865780939825,1.8734815132813376,bin_0
config_6,320,19,16,0.0046177962794899,0.8086081743240356,0.9544946551322936,0.264844536781311,1.14577369458857e-05,64,13314.0,7.063091856285696e+17,1745201920,42561280,16,3.782417982135835e-06,1592524800.0,6.456729080881268e+17,12171.0,2.7983403310521964,2.8274363597735537,bin_1
config_6,320,19,16,0.0046177962794899,0.8086081743240356,0.9544946551322936,0.264844536781311,1.14577369458857e-05,64,13314.0,7.063091856285696e+17,1745201920,42561280,16,4.5492999785138925e-08,1743257600.0,7.063091856285696e+17,13314.0,2.7888104967746634,2.8178597478224514,bin_1
config_60,896,17,8,0.0049654087051749,0.8443569540977478,0.9319012761116028,0.0809705629944801,6.851112993899733e-05,32,8514.0,9.341741751154606e+17,558025664,216652800,8,6.851112993899733e-05,278528000.0,4.670870875577303e+17,4257.0,2.17072746444921,2.1925406280892794,bin_1
config_60,896,17,8,0.0049654087051749,0.8443569540977478,0.9319012761116028,0.0809705629944801,6.851112993899733e-05,32,8514.0,9.341741751154606e+17,558025664,216652800,8,1.392098431271356e-06,557056000.0,9.341741751154606e+17,8514.0,1.9607977910315404,1.9815321856444,bin_1
config_600,896,16,14,0.1452754884958267,0.9571967124938964,0.9981171488761902,0.219929352402687,0.0025116461329162,128,43406.0,1.8109405993742109e+19,11378865152,206558464,8,0.0025116461329162,1599078400.0,2.5391384803463685e+18,6086.0,1.751333004333934,1.769503531123771,bin_3
config_600,896,16,14,0.1452754884958267,0.9571967124938964,0.9981171488761902,0.219929352402687,0.0025116461329162,128,43406.0,1.8109405993742109e+19,11378865152,206558464,8,0.0025116461329162,3185049600.0,5.077859750952292e+18,12171.0,1.694474754568006,1.7118739082774177,bin_3
config_600,896,16,14,0.1452754884958267,0.9571967124938964,0.9981171488761902,0.219929352402687,0.0025116461329162,128,43406.0,1.8109405993742109e+19,11378865152,206558464,8,0.0025116461329162,4784128000.0,7.61699823129866e+18,18257.0,1.6781008810293478,1.6930889355550047,bin_3
config_600,896,16,14,0.1452754884958267,0.9571967124938964,0.9981171488761902,0.219929352402687,0.0025116461329162,128,43406.0,1.8109405993742109e+19,11378865152,206558464,8,0.0025116461329162,6383206400.0,1.0155719501904585e+19,24342.0,1.6694021603123086,1.6838362157344815,bin_3
config_600,896,16,14,0.1452754884958267,0.9571967124938964,0.9981171488761902,0.219929352402687,0.0025116461329162,128,43406.0,1.8109405993742109e+19,11378865152,206558464,8,0.0025116461329162,7982284800.0,1.2694857982250953e+19,30428.0,1.6607537148428746,1.6768725920700636,bin_3
config_600,896,16,14,0.1452754884958267,0.9571967124938964,0.9981171488761902,0.219929352402687,0.0025116461329162,128,43406.0,1.8109405993742109e+19,11378865152,206558464,8,0.001817036265862,9568256000.0,1.523399646259732e+19,36514.0,1.620425487131369,1.6356084921711782,bin_3
config_600,896,16,14,0.1452754884958267,0.9571967124938964,0.9981171488761902,0.219929352402687,0.0025116461329162,128,43406.0,1.8109405993742109e+19,11378865152,206558464,8,0.00021206649729,11167334400.0,1.7772717733203243e+19,42599.0,1.4983577664172063,1.5120669402548523,bin_3
config_600,896,16,14,0.1452754884958267,0.9571967124938964,0.9981171488761902,0.219929352402687,0.0025116461329162,128,43406.0,1.8109405993742109e+19,11378865152,206558464,8,1.5786587887595648e-06,11377049600.0,1.8109405993742109e+19,43406.0,1.485417664754586,1.498938660738898,bin_3
config_601,576,19,18,0.0332305096089839,0.8555945158004761,0.9611414074897766,0.2335353344678878,4.3819491111207753e-05,64,7964.0,9.35995063362822e+17,1043953856,104626944,8,4.3819491111207753e-05,524288000.0,4.679975316814111e+17,3982.0,2.4269182325972887,2.451776665234175,bin_1
config_601,576,19,18,0.0332305096089839,0.8555945158004761,0.9611414074897766,0.2335353344678878,4.3819491111207753e-05,64,7964.0,9.35995063362822e+17,1043953856,104626944,8,3.300015468299709e-07,1042022400.0,9.35995063362822e+17,7964.0,2.1328869672290613,2.155672966574059,bin_1
config_602,320,6,4,0.069398432970047,0.8000057935714722,0.975033700466156,0.1030577346682548,0.0002574343816377,32,8455.0,1.074216960479232e+17,554140544,24448640,16,0.0002574343816377,278528000.0,5.370449546949395e+16,4227.0,2.198863871292989,2.2214231632185766,bin_0
config_602,320,6,4,0.069398432970047,0.8000057935714722,0.975033700466156,0.1030577346682548,0.0002574343816377,32,8455.0,1.074216960479232e+17,554140544,24448640,16,1.4778093090569446e-06,553779200.0,1.074216960479232e+17,8455.0,2.0257766498503136,2.0475550633571187,bin_0
config_603,832,20,16,0.0169115234166383,0.9518827199935912,0.9852215051651,0.0336577743291854,0.0007785512134432,64,14138.0,3.117462548854358e+18,1853107584,212258176,8,0.0007785512134432,1592524800.0,2.6837343812495683e+18,12171.0,1.6819237830404374,1.6999285776497888,bin_2
config_603,832,20,16,0.0169115234166383,0.9518827199935912,0.9852215051651,0.0336577743291854,0.0007785512134432,64,14138.0,3.117462548854358e+18,1853107584,212258176,8,6.228409707546238e-05,1848115200.0,3.117462548854358e+18,14138.0,1.6301229472043084,1.6473916285350674,bin_2
config_604,896,12,16,0.0051371227018535,0.9812216758728028,0.9013312458992004,0.2400801628828048,2.4993250917759724e-05,32,11948.0,9.876144961735556e+17,783079296,166181120,8,2.4993250917759724e-05,389939200.0,4.9380724808677786e+17,5974.0,2.3243346434343057,2.347557189230059,bin_1
config_604,896,12,16,0.0051371227018535,0.9812216758728028,0.9013312458992004,0.2400801628828048,2.4993250917759724e-05,32,11948.0,9.876144961735556e+17,783079296,166181120,8,4.182970864897016e-07,779878400.0,9.876144961735556e+17,11948.0,2.062693083813933,2.084165007540437,bin_1
config_605,896,14,16,0.001452799886465,0.8172444701194763,0.9710742235183716,0.1843582838773727,1.49333482113434e-05,64,18459.0,3.45098723743472e+18,2419463168,186369792,8,1.49333482113434e-05,1592524800.0,2.2754193437790769e+18,12171.0,2.154290624817864,2.176959010753475,bin_2
config_605,896,14,16,0.001452799886465,0.8172444701194763,0.9710742235183716,0.1843582838773727,1.49333482113434e-05,64,18459.0,3.45098723743472e+18,2419463168,186369792,8,3.9494602968582926e-08,2418278400.0,3.45098723743472e+18,18459.0,2.022896764356582,2.0446041911742725,bin_2
config_606,768,15,16,0.1905363500118255,0.8383827209472656,0.9186953902244568,0.2007235288619995,0.0002450779138598,64,15942.0,2.4067936587078697e+18,2089590016,144804864,8,0.0002450779138598,1592524800.0,1.8374787115878487e+18,12171.0,1.7708627598598354,1.7899880339864824,bin_2
config_606,768,15,16,0.1905363500118255,0.8383827209472656,0.9186953902244568,0.2007235288619995,0.0002450779138598,64,15942.0,2.4067936587078697e+18,2089590016,144804864,8,3.217653136015669e-06,2084044800.0,2.4067936587078697e+18,15942.0,1.677921781618087,1.6960728419217908,bin_2
config_607,576,12,16,0.0015668452251702,0.8789205551147461,0.9684170484542848,0.088450975716114,3.877836570609361e-05,32,13491.0,5.572664627688161e+17,884155456,76749696,16,3.877836570609361e-05,442368000.0,2.78612578116942e+17,6745.0,2.385218038050855,2.4101290482380358,bin_1
config_607,576,12,16,0.0015668452251702,0.8789205551147461,0.9684170484542848,0.088450975716114,3.877836570609361e-05,32,13491.0,5.572664627688161e+17,884155456,76749696,16,1.3327015875522484e-06,881459200.0,5.572664627688161e+17,13491.0,2.111947524469407,2.133591545761609,bin_1
config_608,896,17,14,0.0898615270853042,0.9723424911499025,0.9164202213287354,0.0593973584473133,0.0006501119351014,128,54065.0,2.372661285758514e+19,14173008896,216652800,8,0.0006501119351014,1599078400.0,2.670862218649092e+18,6086.0,1.7269804673898417,1.7446119123794994,bin_3
config_608,896,17,14,0.0898615270853042,0.9723424911499025,0.9164202213287354,0.0593973584473133,0.0006501119351014,128,54065.0,2.372661285758514e+19,14173008896,216652800,8,0.0006501119351014,3185049600.0,5.341285583828146e+18,12171.0,1.635809251968978,1.6529813043015902,bin_3
config_608,896,17,14,0.0898615270853042,0.9723424911499025,0.9164202213287354,0.0593973584473133,0.0006501119351014,128,54065.0,2.372661285758514e+19,14173008896,216652800,8,0.0006501119351014,4784128000.0,8.012147802477238e+18,18257.0,1.6025719218762196,1.6172359942217345,bin_3
config_608,896,17,14,0.0898615270853042,0.9723424911499025,0.9164202213287354,0.0593973584473133,0.0006501119351014,128,54065.0,2.372661285758514e+19,14173008896,216652800,8,0.0006501119351014,6383206400.0,1.0682571167656292e+19,24342.0,1.583293154415537,1.5978033207869922,bin_3
config_608,896,17,14,0.0898615270853042,0.9723424911499025,0.9164202213287354,0.0593973584473133,0.0006501119351014,128,54065.0,2.372661285758514e+19,14173008896,216652800,8,0.0006501119351014,7982284800.0,1.3353433386305384e+19,30428.0,1.570203363113716,1.5853820949108874,bin_3
config_608,896,17,14,0.0898615270853042,0.9723424911499025,0.9164202213287354,0.0593973584473133,0.0006501119351014,128,54065.0,2.372661285758514e+19,14173008896,216652800,8,0.0006501119351014,9568256000.0,1.6024295604954477e+19,36514.0,1.5596428129614377,1.5758973660625395,bin_3
config_608,896,17,14,0.0898615270853042,0.9723424911499025,0.9164202213287354,0.0593973584473133,0.0006501119351014,128,54065.0,2.372661285758514e+19,14173008896,216652800,8,0.0006501119351014,11167334400.0,1.8694718970133533e+19,42599.0,1.5531742926210654,1.568382998665825,bin_3
config_608,896,17,14,0.0898615270853042,0.9723424911499025,0.9164202213287354,0.0593973584473133,0.0006501119351014,128,54065.0,2.372661285758514e+19,14173008896,216652800,8,0.0006501119351014,12766412800.0,2.1365581188782625e+19,48685.0,1.5487087271057192,1.5636907854822817,bin_3
config_608,896,17,14,0.0898615270853042,0.9723424911499025,0.9164202213287354,0.0593973584473133,0.0006501119351014,128,54065.0,2.372661285758514e+19,14173008896,216652800,8,3.036960145288677e-06,14168883200.0,2.372661285758514e+19,54065.0,1.4760436382938604,1.488834285892424,bin_3
config_609,512,22,8,0.0292354170233011,0.92827707529068,0.9658415913581848,0.2121502608060836,1.989567135751713e-05,32,12969.0,7.489443448087511e+17,849996992,100738048,8,1.989567135751713e-05,425984000.0,3.744432979982992e+17,6484.0,2.65309078351396,2.68106059582507,bin_1
config_609,512,22,8,0.0292354170233011,0.92827707529068,0.9658415913581848,0.2121502608060836,1.989567135751713e-05,32,12969.0,7.489443448087511e+17,849996992,100738048,8,1.374110344575881e-07,848691200.0,7.489443448087511e+17,12969.0,2.339150069228938,2.3633731634304174,bin_1
config_61,320,18,16,0.0417447797954082,0.8730454444885254,0.9468849897384644,0.2623434662818908,0.0001950511505128,64,16872.0,8.591515107980083e+17,2211488256,41168000,16,0.0001950511505128,1592524800.0,6.197684351542532e+17,12171.0,1.9217023993711,1.943181827810944,bin_1
config_61,320,18,16,0.0417447797954082,0.8730454444885254,0.9468849897384644,0.2623434662818908,0.0001950511505128,64,16872.0,8.591515107980083e+17,2211488256,41168000,16,9.695267309722854e-07,2208563200.0,8.591515107980083e+17,16872.0,1.8463253681776957,1.8666505828841788,bin_1
config_611,512,10,8,0.006843140348792,0.9415168762207032,0.9788856506347656,0.2549175024032593,8.646366040920839e-05,32,3482.0,1.106407838245847e+17,228241856,59831296,16,8.646366040920839e-05,114688000.0,5.532039191229235e+16,1741.0,2.731605085779409,2.760036570986764,bin_0
config_611,512,10,8,0.006843140348792,0.9415168762207032,0.9788856506347656,0.2549175024032593,8.646366040920839e-05,32,3482.0,1.106407838245847e+17,228241856,59831296,16,3.1193203304336688e-06,226099200.0,1.106407838245847e+17,3482.0,2.396422698106922,2.4201048633700517,bin_0
config_614,832,20,16,0.1780615448951721,0.8936485052108765,0.9615750312805176,0.0308149885386228,0.0040709082968533,32,6537.0,7.207946857212641e+17,428460672,212258176,8,0.0040709082968533,212992000.0,3.6034221094341306e+17,3268.0,3.464345653096184,3.500722109255244,bin_1
config_614,832,20,16,0.1780615448951721,0.8936485052108765,0.9615750312805176,0.0308149885386228,0.0040709082968533,32,6537.0,7.207946857212641e+17,428460672,212258176,8,0.0007493711790227,425984000.0,7.207946857212641e+17,6537.0,3.4691696881466223,3.505521344825869,bin_1
config_617,960,7,16,0.0030505852773785,0.805935263633728,0.9671975374221802,0.1192327961325645,0.008216269314289,32,8521.0,5.1338310486921216e+17,558490944,125694720,16,0.008216269314289,278528000.0,2.5666142785387206e+17,4260.0,3.4056032762371125,3.4402467414199327,bin_0
config_617,960,7,16,0.0030505852773785,0.805935263633728,0.9671975374221802,0.1192327961325645,0.008216269314289,32,8521.0,5.1338310486921216e+17,558490944,125694720,16,0.0001699917789163,557056000.0,5.1338310486921216e+17,8521.0,3.219729720412708,3.252337935009941,bin_0
config_618,1152,22,6,0.0939474403858184,0.9318059682846068,0.94411438703537,0.0365425422787666,0.0009154941653832,128,52211.0,4.205316153108647e+19,13686945792,408326400,8,0.0009154941653832,1599078400.0,4.901946736859901e+18,6086.0,1.693634760672929,1.7104734015464782,bin_3
config_618,1152,22,6,0.0939474403858184,0.9318059682846068,0.94411438703537,0.0365425422787666,0.0009154941653832,128,52211.0,4.205316153108647e+19,13686945792,408326400,8,0.0009154941653832,3185049600.0,9.803088027328598e+18,12171.0,1.6101161305239944,1.6268723114787556,bin_3
config_618,1152,22,6,0.0939474403858184,0.9318059682846068,0.94411438703537,0.0365425422787666,0.0009154941653832,128,52211.0,4.205316153108647e+19,13686945792,408326400,8,0.0009154941653832,4784128000.0,1.4705034764188498e+19,18257.0,1.578839194520575,1.5937209254405538,bin_3
config_618,1152,22,6,0.0939474403858184,0.9318059682846068,0.94411438703537,0.0365425422787666,0.0009154941653832,128,52211.0,4.205316153108647e+19,13686945792,408326400,8,0.0009154941653832,6383206400.0,1.96061760546572e+19,24342.0,1.560651087790239,1.5751072213688837,bin_3
config_618,1152,22,6,0.0939474403858184,0.9318059682846068,0.94411438703537,0.0365425422787666,0.0009154941653832,128,52211.0,4.205316153108647e+19,13686945792,408326400,8,0.0009154941653832,7982284800.0,2.45081227915171e+19,30428.0,1.548794197195866,1.5631845513719027,bin_3
config_618,1152,22,6,0.0939474403858184,0.9318059682846068,0.94411438703537,0.0365425422787666,0.0009154941653832,128,52211.0,4.205316153108647e+19,13686945792,408326400,8,0.0009154941653832,9568256000.0,2.9410069528377e+19,36514.0,1.5399692657150206,1.554736692436406,bin_3
config_618,1152,22,6,0.0939474403858184,0.9318059682846068,0.94411438703537,0.0365425422787666,0.0009154941653832,128,52211.0,4.205316153108647e+19,13686945792,408326400,8,0.0009154941653832,11167334400.0,3.431121081884569e+19,42599.0,1.5339260648606254,1.5478865713174226,bin_3
config_618,1152,22,6,0.0939474403858184,0.9318059682846068,0.94411438703537,0.0365425422787666,0.0009154941653832,128,52211.0,4.205316153108647e+19,13686945792,408326400,8,0.0009154941653832,12766412800.0,3.921315755570559e+19,48685.0,1.5288627814074032,1.5420808729773663,bin_3
config_618,1152,22,6,0.0939474403858184,0.9318059682846068,0.94411438703537,0.0365425422787666,0.0009154941653832,128,52211.0,4.205316153108647e+19,13686945792,408326400,8,5.280773895761036e-06,13683916800.0,4.205316153108647e+19,52211.0,1.4521915773094678,1.4623349576113651,bin_3
config_619,832,21,16,0.1663405895233154,0.94354510307312,0.9594632387161256,0.0099263554438948,5.140410576132126e-05,128,44257.0,2.034784781672959e+19,11601788928,220779520,8,5.140410576132126e-05,1599078400.0,2.798133669535131e+18,6086.0,1.9588601486409296,1.9782722856763932,bin_3
config_619,832,21,16,0.1663405895233154,0.94354510307312,0.9594632387161256,0.0099263554438948,5.140410576132126e-05,128,44257.0,2.034784781672959e+19,11601788928,220779520,8,5.140410576132126e-05,3185049600.0,5.595807573432809e+18,12171.0,1.779410869117643,1.7983606875919904,bin_3
config_619,832,21,16,0.1663405895233154,0.94354510307312,0.9594632387161256,0.0099263554438948,5.140410576132126e-05,128,44257.0,2.034784781672959e+19,11601788928,220779520,8,5.140410576132126e-05,4784128000.0,8.393941242967941e+18,18257.0,1.7070150936626998,1.7232136974569228,bin_3
config_619,832,21,16,0.1663405895233154,0.94354510307312,0.9594632387161256,0.0099263554438948,5.140410576132126e-05,128,44257.0,2.034784781672959e+19,11601788928,220779520,8,5.140410576132126e-05,6383206400.0,1.119161514686562e+19,24342.0,1.663728843986011,1.6789081709502174,bin_3
config_619,832,21,16,0.1663405895233154,0.94354510307312,0.9594632387161256,0.0099263554438948,5.140410576132126e-05,128,44257.0,2.034784781672959e+19,11601788928,220779520,8,5.140410576132126e-05,7982284800.0,1.3989748816400753e+19,30428.0,1.632645860109173,1.6480645894027146,bin_3
config_619,832,21,16,0.1663405895233154,0.94354510307312,0.9594632387161256,0.0099263554438948,5.140410576132126e-05,128,44257.0,2.034784781672959e+19,11601788928,220779520,8,5.140410576132126e-05,9568256000.0,1.6787882485935882e+19,36514.0,1.606898078723032,1.6240946391176003,bin_3
config_619,832,21,16,0.1663405895233154,0.94354510307312,0.9594632387161256,0.0099263554438948,5.140410576132126e-05,128,44257.0,2.034784781672959e+19,11601788928,220779520,8,5.140410576132126e-05,11167334400.0,1.958555638983356e+19,42599.0,1.5905265371916724,1.6060109823258195,bin_3
config_619,832,21,16,0.1663405895233154,0.94354510307312,0.9594632387161256,0.0099263554438948,5.140410576132126e-05,128,44257.0,2.034784781672959e+19,11601788928,220779520,8,8.196554449413438e-07,11599872000.0,2.034784781672959e+19,44257.0,1.5690342362005203,1.584046590504099,bin_3
config_62,576,14,12,0.0210950225591659,0.9314248561859132,0.9198376536369324,0.2632162272930145,0.0091721760109066,32,10014.0,4.636184354568438e+17,656340864,84714624,16,0.0091721760109066,327680000.0,2.318092177284219e+17,5007.0,3.3934789093205184,3.4272702356244698,bin_0
config_62,576,14,12,0.0210950225591659,0.9314248561859132,0.9198376536369324,0.2632162272930145,0.0091721760109066,32,10014.0,4.636184354568438e+17,656340864,84714624,16,4.8732623966867006e-05,655360000.0,4.636184354568438e+17,10014.0,3.1965081245391094,3.230177930065843,bin_0
config_620,256,11,16,0.0016196569195017,0.8043187260627747,0.9155735373497008,0.0402724221348762,8.645978959975764e-05,64,11504.0,3.0559478149821235e+17,1507908352,22248448,16,8.645978959975764e-05,753664000.0,1.5279739074910618e+17,5752.0,2.461377956632708,2.486943621948117,bin_0
config_620,256,11,16,0.0016196569195017,0.8043187260627747,0.9155735373497008,0.0402724221348762,8.645978959975764e-05,64,11504.0,3.0559478149821235e+17,1507908352,22248448,16,7.469528259158333e-07,1507328000.0,3.0559478149821235e+17,11504.0,2.191972140601424,2.215317226472448,bin_0
config_621,960,19,10,0.0039040432311594,0.8572428226470947,0.9803773164749146,0.2053119391202926,0.0001620289549464,64,17396.0,4.55714571475796e+18,2280156928,258428160,8,0.0001620289549464,1592524800.0,3.1883778164129183e+18,12171.0,1.7142299565135457,1.7322624980817076,bin_3
config_621,960,19,10,0.0039040432311594,0.8572428226470947,0.9803773164749146,0.2053119391202926,0.0001620289549464,64,17396.0,4.55714571475796e+18,2280156928,258428160,8,2.0871834017183004e-06,2274099200.0,4.55714571475796e+18,17396.0,1.629097722123881,1.6464239166212864,bin_3
config_622,1088,9,8,0.0038298324216157,0.902288854122162,0.9120587110519408,0.1924310177564621,0.0001266862673219,32,10654.0,9.538359349107916e+17,698267520,187579904,8,0.0001266862673219,350617600.0,4.7691796745539584e+17,5327.0,2.033356778699844,2.0552459957951403,bin_1
config_622,1088,9,8,0.0038298324216157,0.902288854122162,0.9120587110519408,0.1924310177564621,0.0001266862673219,32,10654.0,9.538359349107916e+17,698267520,187579904,8,2.471927167257016e-07,697958400.0,9.538359349107916e+17,10654.0,1.8645187821153733,1.884098029801103,bin_1
config_623,832,15,8,0.0269491542130708,0.8720285892486572,0.9842405915260316,0.0588726475834846,0.0029694915283471,64,33654.0,5.842335908739613e+18,4411099648,169651456,8,0.0029694915283471,1592524800.0,2.112886145637066e+18,12171.0,3.1689080635055165,3.200864945943238,bin_3
config_623,832,15,8,0.0269491542130708,0.8720285892486572,0.9842405915260316,0.0588726475834846,0.0029694915283471,64,33654.0,5.842335908739613e+18,4411099648,169651456,8,0.0029694915283471,3191603200.0,4.225772291274132e+18,24342.0,3.020711660736897,3.053363782265148,bin_3
config_623,832,15,8,0.0269491542130708,0.8720285892486572,0.9842405915260316,0.0588726475834846,0.0029694915283471,64,33654.0,5.842335908739613e+18,4411099648,169651456,8,5.995944529726526e-06,4410572800.0,5.842335908739613e+18,33654.0,2.7912300344177936,2.8215925245206863,bin_3
config_624,704,22,8,0.0019217941444367,0.9323139786720276,0.9310545325279236,0.1496846973896026,0.0029872069135308,32,6451.0,6.028067421938074e+17,422832960,174199168,8,0.0029872069135308,209715200.0,3.013566491357974e+17,3225.0,3.300589232562018,3.335072013002927,bin_1
config_624,704,22,8,0.0019217941444367,0.9323139786720276,0.9310545325279236,0.1496846973896026,0.0029872069135308,32,6451.0,6.028067421938074e+17,422832960,174199168,8,3.0955512057315e-06,422707200.0,6.028067421938074e+17,6451.0,3.166452007059191,3.1993364864099223,bin_1
config_625,960,14,20,0.0019072396680712,0.92179137468338,0.956865131855011,0.1328595131635666,0.0008087163441814,32,13409.0,1.3611917490477466e+18,878829056,203122560,8,0.0008087163441814,439091200.0,6.805451178772536e+17,6704.0,1.9036156397178523,1.923096192332565,bin_1
config_625,960,14,20,0.0019072396680712,0.92179137468338,0.956865131855011,0.1328595131635666,0.0008087163441814,32,13409.0,1.3611917490477466e+18,878829056,203122560,8,4.086719313662604e-06,878182400.0,1.3611917490477466e+18,13409.0,1.7330854596075465,1.7508777485714584,bin_1
config_626,640,11,16,0.0020218717399984,0.9577905535697936,0.9531345963478088,0.0093220174312591,0.0013054895680397,64,57522.0,5.287506514030756e+18,7539628544,88061440,16,0.0013054895680397,1592524800.0,1.1187761514249908e+18,12171.0,1.7650026321020282,1.7833440076327716,bin_3
config_626,640,11,16,0.0020218717399984,0.9577905535697936,0.9531345963478088,0.0093220174312591,0.0013054895680397,64,57522.0,5.287506514030756e+18,7539628544,88061440,16,0.0013054895680397,3191603200.0,2.2375523028499817e+18,24342.0,1.6995468514473713,1.717209279654456,bin_3
config_626,640,11,16,0.0020218717399984,0.9577905535697936,0.9531345963478088,0.0093220174312591,0.0013054895680397,64,57522.0,5.287506514030756e+18,7539628544,88061440,16,0.0013054895680397,4784128000.0,3.356420375740048e+18,36514.0,1.6707726749044949,1.686192819759494,bin_3
config_626,640,11,16,0.0020218717399984,0.9577905535697936,0.9531345963478088,0.0093220174312591,0.0013054895680397,64,57522.0,5.287506514030756e+18,7539628544,88061440,16,0.0013054895680397,6383206400.0,4.475196527165039e+18,48685.0,1.6531742099074067,1.6683958958797769,bin_3
config_626,640,11,16,0.0020218717399984,0.9577905535697936,0.9531345963478088,0.0093220174312591,0.0013054895680397,64,57522.0,5.287506514030756e+18,7539628544,88061440,16,5.3583527046408745e-05,7536640000.0,5.287506514030756e+18,57522.0,1.6151971956550095,1.6302359768601715,bin_3
config_627,896,14,16,0.0319534018635749,0.9215885400772096,0.9507226943969728,0.2292302101850509,5.875921488041058e-05,128,48439.0,1.8112047727434009e+19,12698230784,186369792,8,5.875921488041058e-05,1599078400.0,2.2756440568377416e+18,6086.0,1.943999002136168,1.964472953550151,bin_3
config_627,896,14,16,0.0319534018635749,0.9215885400772096,0.9507226943969728,0.2292302101850509,5.875921488041058e-05,128,48439.0,1.8112047727434009e+19,12698230784,186369792,8,5.875921488041058e-05,3185049600.0,4.5509141991081416e+18,12171.0,1.777543790008201,1.7973346422539382,bin_3
config_627,896,14,16,0.0319534018635749,0.9215885400772096,0.9507226943969728,0.2292302101850509,5.875921488041058e-05,128,48439.0,1.8112047727434009e+19,12698230784,186369792,8,5.875921488041058e-05,4784128000.0,6.826558255945884e+18,18257.0,1.711504372045642,1.7283203785732144,bin_3
config_627,896,14,16,0.0319534018635749,0.9215885400772096,0.9507226943969728,0.2292302101850509,5.875921488041058e-05,128,48439.0,1.8112047727434009e+19,12698230784,186369792,8,5.875921488041058e-05,6383206400.0,9.101828398216284e+18,24342.0,1.6699856246494855,1.6867420841826768,bin_3
config_627,896,14,16,0.0319534018635749,0.9215885400772096,0.9507226943969728,0.2292302101850509,5.875921488041058e-05,128,48439.0,1.8112047727434009e+19,12698230784,186369792,8,5.875921488041058e-05,7982284800.0,1.1377472455054025e+19,30428.0,1.6417686259355702,1.6577826584948867,bin_3
config_627,896,14,16,0.0319534018635749,0.9215885400772096,0.9507226943969728,0.2292302101850509,5.875921488041058e-05,128,48439.0,1.8112047727434009e+19,12698230784,186369792,8,5.875921488041058e-05,9568256000.0,1.3653116511891767e+19,36514.0,1.6195322590773222,1.635736900861146,bin_3
config_627,896,14,16,0.0319534018635749,0.9215885400772096,0.9507226943969728,0.2292302101850509,5.875921488041058e-05,128,48439.0,1.8112047727434009e+19,12698230784,186369792,8,3.090111282416621e-05,11167334400.0,1.5928386654162168e+19,42599.0,1.5896485797108195,1.6050902530404387,bin_3
config_627,896,14,16,0.0319534018635749,0.9215885400772096,0.9507226943969728,0.2292302101850509,5.875921488041058e-05,128,48439.0,1.8112047727434009e+19,12698230784,186369792,8,2.063955129547011e-07,12687769600.0,1.8112047727434009e+19,48439.0,1.5687577863599431,1.5837386432827496,bin_3
config_628,1152,24,24,0.0010883131762966,0.8658360838890076,0.927198588848114,0.2408034652471542,0.0024963845498859,64,11847.0,5.155711865837421e+18,1552818816,440181504,8,0.0024963845498859,773324800.0,2.577638337246142e+18,5923.0,3.1612352820539384,3.19310138985892,bin_3
config_628,1152,24,24,0.0010883131762966,0.8658360838890076,0.927198588848114,0.2408034652471542,0.0024963845498859,64,11847.0,5.155711865837421e+18,1552818816,440181504,8,4.113957708437631e-05,1546649600.0,5.155711865837421e+18,11847.0,2.864325723787984,2.895379014478708,bin_3
config_629,1088,20,8,0.0094318417832255,0.8747395873069763,0.9542895555496216,0.2751357555389404,0.0009889703942462,64,24806.0,8.565748236467896e+18,3251473920,349985664,8,0.0009889703942462,1592524800.0,4.202762306943916e+18,12171.0,1.676462506603022,1.693986415315847,bin_3
config_629,1088,20,8,0.0094318417832255,0.8747395873069763,0.9542895555496216,0.2751357555389404,0.0009889703942462,64,24806.0,8.565748236467896e+18,3251473920,349985664,8,6.607626370348774e-05,3191603200.0,8.405524613887831e+18,24342.0,1.543421890540201,1.5591859389719416,bin_3
config_629,1088,20,8,0.0094318417832255,0.8747395873069763,0.9542895555496216,0.2751357555389404,0.0009889703942462,64,24806.0,8.565748236467896e+18,3251473920,349985664,8,8.694245224143138e-07,3250585600.0,8.565748236467896e+18,24806.0,1.5407252597808838,1.556431462725655,bin_3
config_63,640,9,16,0.0154457325115799,0.977095663547516,0.9156192541122437,0.1500952094793319,1.6280939235002734e-05,64,10220.0,8.157023331950592e+17,1339655552,77900800,16,1.6280939235002734e-05,668467200.0,4.078511665975296e+17,5110.0,2.687679119344617,2.7159836167194804,bin_1
config_63,640,9,16,0.0154457325115799,0.977095663547516,0.9156192541122437,0.1500952094793319,1.6280939235002734e-05,64,10220.0,8.157023331950592e+17,1339655552,77900800,16,2.1240625225052618e-07,1336934400.0,8.157023331950592e+17,10220.0,2.374517433643341,2.399479414986782,bin_1
config_631,256,15,16,0.0056168516166508,0.8155454993247986,0.9293661117553712,0.0418831594288349,0.0007412059931084,64,67632.0,2.2008891384193352e+18,8864743424,25658368,16,0.0007412059931084,1592524800.0,3.9607022864475e+17,12171.0,1.9655936303685924,1.9875834934047008,bin_2
config_631,256,15,16,0.0056168516166508,0.8155454993247986,0.9293661117553712,0.0418831594288349,0.0007412059931084,64,67632.0,2.2008891384193352e+18,8864743424,25658368,16,0.0007412059931084,3191603200.0,7.921404572894999e+17,24342.0,1.9082869176004755,1.9293757100574305,bin_2
config_631,256,15,16,0.0056168516166508,0.8155454993247986,0.9293661117553712,0.0418831594288349,0.0007412059931084,64,67632.0,2.2008891384193352e+18,8864743424,25658368,16,0.0007412059931084,4784128000.0,1.188243228061326e+18,36514.0,1.887576826244104,1.9065257781060017,bin_2
config_631,256,15,16,0.0056168516166508,0.8155454993247986,0.9293661117553712,0.0418831594288349,0.0007412059931084,64,67632.0,2.2008891384193352e+18,8864743424,25658368,16,0.0007412059931084,6383206400.0,1.584313456706076e+18,48685.0,1.8709507418851383,1.8894572003943024,bin_2
config_631,256,15,16,0.0056168516166508,0.8155454993247986,0.9293661117553712,0.0418831594288349,0.0007412059931084,64,67632.0,2.2008891384193352e+18,8864743424,25658368,16,0.0007412059931084,7975731200.0,1.980383685350826e+18,60856.0,1.860991503410652,1.8796152993499256,bin_2
config_631,256,15,16,0.0056168516166508,0.8155454993247986,0.9293661117553712,0.0418831594288349,0.0007412059931084,64,67632.0,2.2008891384193352e+18,8864743424,25658368,16,8.375208961677524e-06,8860467200.0,2.2008891384193352e+18,67632.0,1.798830171960299,1.8165424298849264,bin_2
config_632,832,17,8,0.001197550445795,0.9229767918586732,0.9622541666030884,0.2180172353982925,0.0002916329249273,32,6943.0,6.678683645597983e+17,455077344,186694144,8,0.0002916329249273,226099200.0,3.338860857535734e+17,3471.0,2.032534523694242,2.052456535706755,bin_1
config_632,832,17,8,0.001197550445795,0.9229767918586732,0.9622541666030884,0.2180172353982925,0.0002916329249273,32,6943.0,6.678683645597983e+17,455077344,186694144,8,8.28831181221289e-06,452198400.0,6.678683645597983e+17,6943.0,1.841143889759408,1.8601160648611723,bin_1
config_633,512,9,16,0.1185832321643829,0.8993059396743774,0.9804521203041076,0.2732408940792084,3.650280268630013e-05,32,4431.0,1.311832463450112e+17,290406880,56422400,16,3.650280268630013e-05,144179200.0,6.557682027853754e+16,2215.0,2.913220492034662,2.9436882604536465,bin_0
config_633,512,9,16,0.1185832321643829,0.8993059396743774,0.9804521203041076,0.2732408940792084,3.650280268630013e-05,32,4431.0,1.311832463450112e+17,290406880,56422400,16,9.351957713019036e-07,288358400.0,1.311832463450112e+17,4431.0,2.699639414021226,2.7280996614206035,bin_0
config_634,448,12,4,0.0013247202150523,0.802402675151825,0.9436036348342896,0.0657769069075584,0.0001104300972656,32,10852.0,3.192898008891064e+17,711222528,52812928,16,0.0001104300972656,357171200.0,1.596449004445532e+17,5426.0,2.1991919805964484,2.2211763869738967,bin_0
config_634,448,12,4,0.0013247202150523,0.802402675151825,0.9436036348342896,0.0657769069075584,0.0001104300972656,32,10852.0,3.192898008891064e+17,711222528,52812928,16,3.097618436623609e-07,711065600.0,3.192898008891064e+17,10852.0,2.004978843634246,2.0247130176669264,bin_0
config_635,832,11,4,0.0701439902186393,0.9631476402282716,0.9876906275749208,0.1646698266267776,0.0021615379955619,32,5113.0,3.479153137956987e+17,335113568,135566080,16,0.0021615379955619,167116800.0,1.7392363427768547e+17,2556.0,3.2037112294650467,3.2374752538712297,bin_0
config_635,832,11,4,0.0701439902186393,0.9631476402282716,0.9876906275749208,0.1646698266267776,0.0021615379955619,32,5113.0,3.479153137956987e+17,335113568,135566080,16,3.341259683984016e-05,334233600.0,3.479153137956987e+17,5113.0,3.073430575933613,3.104602736019697,bin_0
config_636,320,23,8,0.0389161482453346,0.9228765964508056,0.987999141216278,0.1896567195653915,6.647727423114702e-05,32,5963.0,1.8351621613154304e+17,390796352,48134400,16,6.647727423114702e-05,196608000.0,9.174272015564813e+16,2981.0,2.7327785173009653,2.761562782271964,bin_0
config_636,320,23,8,0.0389161482453346,0.9228765964508056,0.987999141216278,0.1896567195653915,6.647727423114702e-05,32,5963.0,1.8351621613154304e+17,390796352,48134400,16,7.647828008893034e-07,389939200.0,1.8351621613154304e+17,5963.0,2.37656085604527,2.401137720326908,bin_0
config_638,448,10,16,0.0063012931495904,0.9530404806137084,0.9527627825737,0.0158292185515165,0.001463733613491,64,62886.0,3.2693102438187663e+18,8242653696,47764864,16,0.001463733613491,1592524800.0,6.327445691810292e+17,12171.0,1.8279032926090428,1.8471304866134144,bin_2
config_638,448,10,16,0.0063012931495904,0.9530404806137084,0.9527627825737,0.0158292185515165,0.001463733613491,64,62886.0,3.2693102438187663e+18,8242653696,47764864,16,0.001463733613491,3191603200.0,1.2654891383620585e+18,24342.0,1.7714119823252568,1.7903630209750816,bin_2
config_638,448,10,16,0.0063012931495904,0.9530404806137084,0.9527627825737,0.0158292185515165,0.001463733613491,64,62886.0,3.2693102438187663e+18,8242653696,47764864,16,0.001463733613491,4784128000.0,1.8982856954298e+18,36514.0,1.7481592223292493,1.7653349041938782,bin_2
config_638,448,10,16,0.0063012931495904,0.9530404806137084,0.9527627825737,0.0158292185515165,0.001463733613491,64,62886.0,3.2693102438187663e+18,8242653696,47764864,16,0.001463733613491,6383206400.0,2.53103026461083e+18,48685.0,1.7342870829535313,1.7507293663259411,bin_2
config_638,448,10,16,0.0063012931495904,0.9530404806137084,0.9527627825737,0.0158292185515165,0.001463733613491,64,62886.0,3.2693102438187663e+18,8242653696,47764864,16,0.001463733613491,7975731200.0,3.163774833791859e+18,60856.0,1.7247631553352856,1.7407096694727413,bin_2
config_638,448,10,16,0.0063012931495904,0.9530404806137084,0.9527627825737,0.0158292185515165,0.001463733613491,64,62886.0,3.2693102438187663e+18,8242653696,47764864,16,5.295920611625947e-05,8237875200.0,3.2693102438187663e+18,62886.0,1.6840501262320846,1.6998554046427616,bin_2
config_639,448,17,16,0.0119686778634786,0.947599470615387,0.903523087501526,0.055996373295784,0.00019859985332,128,52865.0,8.033388447463637e+18,13858428928,65433088,16,0.00019859985332,1599078400.0,9.248312133030112e+17,6086.0,1.9144761958669445,1.9343094421996443,bin_3
config_639,448,17,16,0.0119686778634786,0.947599470615387,0.903523087501526,0.055996373295784,0.00019859985332,128,52865.0,8.033388447463637e+18,13858428928,65433088,16,0.00019859985332,3185049600.0,1.8495104661700544e+18,12171.0,1.78883234438349,1.8084003472328185,bin_3
config_639,448,17,16,0.0119686778634786,0.947599470615387,0.903523087501526,0.055996373295784,0.00019859985332,128,52865.0,8.033388447463637e+18,13858428928,65433088,16,0.00019859985332,4784128000.0,2.774341679473065e+18,18257.0,1.742088677375043,1.7600243360097292,bin_3
config_639,448,17,16,0.0119686778634786,0.947599470615387,0.903523087501526,0.055996373295784,0.00019859985332,128,52865.0,8.033388447463637e+18,13858428928,65433088,16,0.00019859985332,6383206400.0,3.699020932340109e+18,24342.0,1.7146343147559244,1.7319585877559225,bin_3
config_639,448,17,16,0.0119686778634786,0.947599470615387,0.903523087501526,0.055996373295784,0.00019859985332,128,52865.0,8.033388447463637e+18,13858428928,65433088,16,0.00019859985332,7982284800.0,4.623852145643121e+18,30428.0,1.6975533307184938,1.714538908630121,bin_3
config_639,448,17,16,0.0119686778634786,0.947599470615387,0.903523087501526,0.055996373295784,0.00019859985332,128,52865.0,8.033388447463637e+18,13858428928,65433088,16,0.00019859985332,9568256000.0,5.548683358946131e+18,36514.0,1.6840517529503245,1.7010065503980292,bin_3
config_639,448,17,16,0.0119686778634786,0.947599470615387,0.903523087501526,0.055996373295784,0.00019859985332,128,52865.0,8.033388447463637e+18,13858428928,65433088,16,0.00019859985332,11167334400.0,6.473362611813175e+18,42599.0,1.674204014090241,1.6909085340187198,bin_3
config_639,448,17,16,0.0119686778634786,0.947599470615387,0.903523087501526,0.055996373295784,0.00019859985332,128,52865.0,8.033388447463637e+18,13858428928,65433088,16,0.00019859985332,12766412800.0,7.398193825116186e+18,48685.0,1.6671243082890743,1.683422480958407,bin_3
config_639,448,17,16,0.0119686778634786,0.947599470615387,0.903523087501526,0.055996373295784,0.00019859985332,128,52865.0,8.033388447463637e+18,13858428928,65433088,16,1.006418175608355e-06,13854310400.0,8.033388447463637e+18,52865.0,1.6301359065243457,1.6441948377890665,bin_3
config_64,704,19,8,0.0095071587711572,0.9157174825668336,0.9921717047691344,0.2740767300128937,9.062713797902688e-05,64,20907.0,3.4534220147499663e+18,2740392704,155271424,8,9.062713797902688e-05,1592524800.0,2.0104079658258885e+18,12171.0,1.7957035634165903,1.8146834787970685,bin_2
config_64,704,19,8,0.0095071587711572,0.9157174825668336,0.9921717047691344,0.2740767300128937,9.062713797902688e-05,64,20907.0,3.4534220147499663e+18,2740392704,155271424,8,1.1071378112620237e-07,2739404800.0,3.4534220147499663e+18,20907.0,1.691450278309525,1.7092915802119208,bin_2
config_640,320,6,8,0.0595837086439132,0.9456387758255004,0.967432141304016,0.298259824514389,0.0007268794579431,64,14505.0,3.685586255732736e+17,1901229312,24448640,16,0.0003957006757873,1592524800.0,3.092538456981946e+17,12171.0,1.8855808147446051,1.906455674796808,bin_0
config_640,320,6,8,0.0595837086439132,0.9456387758255004,0.967432141304016,0.298259824514389,0.0007268794579431,64,14505.0,3.685586255732736e+17,1901229312,24448640,16,8.401288233277635e-07,1900544000.0,3.685586255732736e+17,14505.0,1.843978007347857,1.864483244809948,bin_0
config_641,384,24,16,0.003957328852266,0.8589186668395996,0.9690735340118408,0.0783124268054962,1.0924939488177188e-05,64,10888.0,8.522200183501947e+17,1427182464,61792512,16,1.0924939488177188e-05,714342400.0,4.261100091750973e+17,5444.0,2.9847652726095237,3.015822556214254,bin_1
config_641,384,24,16,0.003957328852266,0.8589186668395996,0.9690735340118408,0.0783124268054962,1.0924939488177188e-05,64,10888.0,8.522200183501947e+17,1427182464,61792512,16,4.872625593318461e-07,1422131200.0,8.522200183501947e+17,10888.0,2.7402445697784423,2.768934296858115,bin_1
config_642,512,16,8,0.001346914214082,0.8875948786735535,0.949960231781006,0.291630208492279,2.020335523411632e-05,64,8348.0,7.472971606488515e+17,1094246272,80284672,16,2.020335523411632e-05,543948800.0,3.736485803244257e+17,4174.0,2.7195628348334893,2.747769652820024,bin_1
config_642,512,16,8,0.001346914214082,0.8875948786735535,0.949960231781006,0.291630208492279,2.020335523411632e-05,64,8348.0,7.472971606488515e+17,1094246272,80284672,16,3.984227819382006e-07,1087897600.0,7.472971606488515e+17,8348.0,2.42907300374547,2.454659061979075,bin_1
config_644,960,15,24,0.0290421470999717,0.95586359500885,0.930825173854828,0.0298686698079109,0.0086695356294512,32,11968.0,1.2854286777172378e+18,784363328,214183680,8,0.0086695356294512,393216000.0,6.427143388586189e+17,5984.0,3.508109820397174,3.5431118519579776,bin_1
config_644,960,15,24,0.0290421470999717,0.95586359500885,0.930825173854828,0.0298686698079109,0.0086695356294512,32,11968.0,1.2854286777172378e+18,784363328,214183680,8,0.0004371194435017,783155200.0,1.2854286777172378e+18,11968.0,3.603256464825302,3.6396478699074417,bin_1
config_645,576,11,18,0.0741793662309646,0.8428144454956055,0.9296664595603944,0.0848031193017959,0.0066611180081963,64,72280.0,5.61081437272277e+18,9473927168,72767232,16,0.0066611180081963,1592524800.0,9.447872403210962e+17,12171.0,1.9147775530424276,1.934213243468863,bin_3
config_645,576,11,18,0.0741793662309646,0.8428144454956055,0.9296664595603944,0.0848031193017959,0.0066611180081963,64,72280.0,5.61081437272277e+18,9473927168,72767232,16,0.0066611180081963,3191603200.0,1.8895744806421924e+18,24342.0,1.890173432670656,1.9100759141953263,bin_3
config_645,576,11,18,0.0741793662309646,0.8428144454956055,0.9296664595603944,0.0848031193017959,0.0066611180081963,64,72280.0,5.61081437272277e+18,9473927168,72767232,16,0.0066611180081963,4784128000.0,2.834439347061417e+18,36514.0,1.883347466460994,1.9012621927261355,bin_3
config_645,576,11,18,0.0741793662309646,0.8428144454956055,0.9296664595603944,0.0848031193017959,0.0066611180081963,64,72280.0,5.61081437272277e+18,9473927168,72767232,16,0.0066611180081963,6383206400.0,3.779226587382513e+18,48685.0,1.8790839187825312,1.897495574091301,bin_3
config_645,576,11,18,0.0741793662309646,0.8428144454956055,0.9296664595603944,0.0848031193017959,0.0066611180081963,64,72280.0,5.61081437272277e+18,9473927168,72767232,16,0.0066611180081963,7975731200.0,4.724013827703609e+18,60856.0,1.875577646044434,1.8933062613987528,bin_3
config_645,576,11,18,0.0741793662309646,0.8428144454956055,0.9296664595603944,0.0848031193017959,0.0066611180081963,64,72280.0,5.61081437272277e+18,9473927168,72767232,16,3.260459132744132e-05,9469952000.0,5.61081437272277e+18,72280.0,1.670387394389168,1.6854564873898616,bin_3
config_646,896,7,14,0.0013611954636871,0.8639132976531982,0.9327144622802734,0.2647346258163452,0.0049737426452338,64,16732.0,1.8604489669051023e+18,2193106688,115709440,16,0.0049737426452338,1592524800.0,1.3533065010878556e+18,12171.0,2.7051568777834785,2.7352813419748525,bin_2
config_646,896,7,14,0.0013611954636871,0.8639132976531982,0.9327144622802734,0.2647346258163452,0.0049737426452338,64,16732.0,1.8604489669051023e+18,2193106688,115709440,16,3.593582403420281e-05,2188902400.0,1.8604489669051023e+18,16732.0,2.490592381367918,2.51848985398402,bin_2
config_647,320,12,8,0.0743722468614578,0.8410512804985046,0.9384770393371582,0.0886981338262558,0.0055660395883023,32,11676.0,2.2281096901312512e+17,765216512,32808320,16,0.0055660395883023,383385600.0,1.1140548450656256e+17,5838.0,2.830947740820588,2.861862727462268,bin_0
config_647,320,12,8,0.0743722468614578,0.8410512804985046,0.9384770393371582,0.0886981338262558,0.0055660395883023,32,11676.0,2.2281096901312512e+17,765216512,32808320,16,0.0001398232167109,763494400.0,2.2281096901312512e+17,11676.0,2.541666011849388,2.568517187696989,bin_0
config_648,256,21,16,0.0318324156105518,0.9697639346122742,0.9594765901565552,0.2001558691263198,0.0004356670833658,32,4145.0,8.603860939599053e+16,271677408,30773248,16,0.0004356670833658,134348800.0,4.300892609613809e+16,2072.0,2.792966296086546,2.8230913434263134,bin_0
config_648,256,21,16,0.0318324156105518,0.9697639346122742,0.9594765901565552,0.2001558691263198,0.0004356670833658,32,4145.0,8.603860939599053e+16,271677408,30773248,16,2.3648997287651307e-05,268697600.0,8.603860939599053e+16,4145.0,2.3995933001158667,2.423186225265753,bin_0
config_65,832,13,16,0.0094582019373774,0.8123701810836792,0.9615921974182128,0.0611293874680995,0.0063479235395789,64,14405.0,2.230503002606961e+18,1888125696,152608768,8,0.0063479235395789,1592524800.0,1.884585355413351e+18,12171.0,3.164226143008373,3.197676006536015,bin_2
config_65,832,13,16,0.0094582019373774,0.8123701810836792,0.9615921974182128,0.0611293874680995,0.0063479235395789,64,14405.0,2.230503002606961e+18,1888125696,152608768,8,3.606774738397142e-05,1887436800.0,2.230503002606961e+18,14405.0,3.033392683795241,3.066536859019858,bin_2
config_650,576,18,12,0.0059471018612384,0.8149183988571167,0.959528923034668,0.2505551278591156,0.000247110845521,64,21224.0,2.388382710490792e+18,2781902336,100644480,8,0.000247110845521,1592524800.0,1.3696290034575685e+18,12171.0,1.7820328544006974,1.8001494042990638,bin_2
config_650,576,18,12,0.0059471018612384,0.8149183988571167,0.959528923034668,0.2505551278591156,0.000247110845521,64,21224.0,2.388382710490792e+18,2781902336,100644480,8,1.115414762555239e-06,2778726400.0,2.388382710490792e+18,21224.0,1.6744235517353308,1.6923535211750718,bin_2
config_651,448,22,4,0.0018611849518492,0.8748365044593811,0.907974123954773,0.1487135142087936,1.0368047696829308e-05,64,37841.0,3.523685137723097e+18,4960005632,78053248,8,1.0368047696829308e-05,1592524800.0,1.1333413971942552e+18,12171.0,2.556800454307775,2.583725805087168,bin_2
config_651,448,22,4,0.0018611849518492,0.8748365044593811,0.907974123954773,0.1487135142087936,1.0368047696829308e-05,64,37841.0,3.523685137723097e+18,4960005632,78053248,8,1.0368047696829308e-05,3191603200.0,2.2666827943885105e+18,24342.0,2.2455829801129514,2.269471602615763,bin_2
config_651,448,22,4,0.0018611849518492,0.8748365044593811,0.907974123954773,0.1487135142087936,1.0368047696829308e-05,64,37841.0,3.523685137723097e+18,4960005632,78053248,8,2.4708640414871336e-06,4784128000.0,3.4001173097651005e+18,36514.0,2.10978628725302,2.1324685737734934,bin_2
config_651,448,22,4,0.0018611849518492,0.8748365044593811,0.907974123954773,0.1487135142087936,1.0368047696829308e-05,64,37841.0,3.523685137723097e+18,4960005632,78053248,8,7.554468732361948e-08,4954521600.0,3.523685137723097e+18,37841.0,2.1048648042561577,2.1275263458392657,bin_2
config_653,704,6,8,0.0053194756619632,0.840510368347168,0.9097306728363036,0.2725782990455627,1.291704575123731e-05,32,5833.0,2.0770517564658893e+17,382330144,73251200,16,1.291704575123731e-05,190054400.0,1.0383478350513514e+17,2916.0,3.004848853877333,3.0359916231280466,bin_0
config_653,704,6,8,0.0053194756619632,0.840510368347168,0.9097306728363036,0.2725782990455627,1.291704575123731e-05,32,5833.0,2.0770517564658893e+17,382330144,73251200,16,2.68258344739354e-07,380108800.0,2.0770517564658893e+17,5833.0,2.824165383088784,2.8528442941728187,bin_0
config_654,832,16,16,0.0013725375756621,0.8204009532928467,0.9345871210098268,0.1308972239494323,1.2184083061583806e-05,64,32551.0,5.956204818256822e+18,4266537472,178172800,8,1.2184083061583806e-05,1592524800.0,2.2270581193512883e+18,12171.0,2.295409867372669,2.319512979124413,bin_3
config_654,832,16,16,0.0013725375756621,0.8204009532928467,0.9345871210098268,0.1308972239494323,1.2184083061583806e-05,64,32551.0,5.956204818256822e+18,4266537472,178172800,8,1.2184083061583806e-05,3191603200.0,4.4541162387025766e+18,24342.0,2.0369484347202738,2.058339236271186,bin_3
config_654,832,16,16,0.0013725375756621,0.8204009532928467,0.9345871210098268,0.1308972239494323,1.2184083061583806e-05,64,32551.0,5.956204818256822e+18,4266537472,178172800,8,2.8601133947385823e-09,4266393600.0,5.956204818256822e+18,32551.0,1.9532616393487965,1.9742889460188444,bin_3
config_655,320,12,16,0.0082526952028274,0.8132720589637756,0.9028299450874328,0.0931857377290725,0.0005270569236017,64,9224.0,3.5206394215071744e+17,1209119744,32808320,16,0.0005270569236017,602931200.0,1.7603197107535872e+17,4612.0,2.0441512026161446,2.0660700276249746,bin_0
config_655,320,12,16,0.0082526952028274,0.8132720589637756,0.9028299450874328,0.0931857377290725,0.0005270569236017,64,9224.0,3.5206394215071744e+17,1209119744,32808320,16,1.4725688203076389e-05,1205862400.0,3.5206394215071744e+17,9224.0,1.9003087762535595,1.9208090869325107,bin_0
config_656,704,22,22,0.1272299140691757,0.8294371962547302,0.9085408449172974,0.0695957839488983,8.781161886872724e-05,32,10172.0,9.503816700545924e+17,666636032,174199168,8,8.781161886872724e-05,334233600.0,4.7519083502729626e+17,5086.0,2.1871117439230936,2.209417603504462,bin_1
config_656,704,22,22,0.1272299140691757,0.8294371962547302,0.9085408449172974,0.0695957839488983,8.781161886872724e-05,32,10172.0,9.503816700545924e+17,666636032,174199168,8,2.732469045420085e-06,665190400.0,9.503816700545924e+17,10172.0,1.9677079382880789,1.988066473104915,bin_1
config_657,512,16,16,0.1183145567774772,0.9257889986038208,0.9449554681777954,0.2476976811885833,0.007004024926573,64,15829.0,1.4169392382647992e+18,2074784384,80284672,16,0.006573420332873,1592524800.0,1.0894919116129176e+18,12171.0,1.979002453538238,1.9989731575621932,bin_1
config_657,512,16,16,0.1183145567774772,0.9257889986038208,0.9449554681777954,0.2476976811885833,0.007004024926573,64,15829.0,1.4169392382647992e+18,2074784384,80284672,16,5.181549052821893e-05,2070937600.0,1.4169392382647992e+18,15829.0,1.7607582121598917,1.7790209440715978,bin_1
config_658,576,8,18,0.0023173857480287,0.8783503770828247,0.9491342306137084,0.2933639883995056,0.0008478823583573,64,9885.0,6.194613359896658e+17,1295655552,60819840,16,0.0008478823583573,648806400.0,3.0969933459392294e+17,4942.0,1.90462849957044,1.925696871710605,bin_1
config_658,576,8,18,0.0023173857480287,0.8783503770828247,0.9491342306137084,0.2933639883995056,0.0008478823583573,64,9885.0,6.194613359896658e+17,1295655552,60819840,16,1.0236592805279638e-05,1291059200.0,6.194613359896658e+17,9885.0,1.7648329584715796,1.784083577453113,bin_1
config_659,320,20,10,0.0101775284856557,0.860991358757019,0.9937641620635986,0.0249290242791175,0.000221233422053,32,8035.0,2.216828458561536e+17,526643840,43954560,16,0.000221233422053,262144000.0,1.1082762810257235e+17,4017.0,2.190507543946876,2.2128945076661037,bin_0
config_659,320,20,10,0.0101775284856557,0.860991358757019,0.9937641620635986,0.0249290242791175,0.000221233422053,32,8035.0,2.216828458561536e+17,526643840,43954560,16,3.871584885928312e-05,524288000.0,2.216828458561536e+17,8035.0,1.9819195404209076,2.001924257239357,bin_0
config_661,384,11,12,0.0018677122425287,0.9892368316650392,0.9524800181388856,0.2656666338443756,2.3377995603368618e-05,64,13223.0,5.831090865366958e+17,1733213312,38779392,16,7.142536811621447e-06,1592524800.0,5.367178924781158e+17,12171.0,2.773241264546504,2.8027578289782413,bin_1
config_661,384,11,12,0.0018677122425287,0.9892368316650392,0.9524800181388856,0.2656666338443756,2.3377995603368618e-05,64,13223.0,5.831090865366958e+17,1733213312,38779392,16,1.531019074252475e-07,1730150400.0,5.831090865366958e+17,13223.0,2.762252323822897,2.7918262476999254,bin_1
config_662,576,24,18,0.0010115425102412,0.9740352034568788,0.9937158823013306,0.274935245513916,0.00136142980773,64,19428.0,2.7675907020380897e+18,2546538752,124539264,8,0.00136142980773,1592524800.0,1.733804119544245e+18,12171.0,1.7506705181715918,1.7692118272625033,bin_2
config_662,576,24,18,0.0010115425102412,0.9740352034568788,0.9937158823013306,0.274935245513916,0.00136142980773,64,19428.0,2.7675907020380897e+18,2546538752,124539264,8,7.137246698453491e-06,2542796800.0,2.7675907020380897e+18,19428.0,1.6546696084249215,1.6721323391844014,bin_2
config_663,1152,16,6,0.1269046664237976,0.8144844174385071,0.9830544590950012,0.078771561384201,5.876375507796183e-05,32,3125.0,4.7704547900554445e+17,204800032,312761088,8,5.876375507796183e-05,101580800.0,2.3844641222613133e+17,1562.0,2.474933880606636,2.499893071534204,bin_0
config_663,1152,16,6,0.1269046664237976,0.8144844174385071,0.9830544590950012,0.078771561384201,5.876375507796183e-05,32,3125.0,4.7704547900554445e+17,204800032,312761088,8,5.971926329061167e-06,203161600.0,4.7704547900554445e+17,3125.0,2.1558407413373226,2.176822580861264,bin_0
config_664,320,8,20,0.0019385144114494,0.8655336499214172,0.9507524371147156,0.2685021460056305,1.7326507077086717e-05,64,10867.0,3.223510953018163e+17,1424484736,27235200,16,1.7326507077086717e-05,714342400.0,1.6116071600025472e+17,5433.0,2.9572300866392798,2.988276342016752,bin_0
config_664,320,8,20,0.0019385144114494,0.8655336499214172,0.9507524371147156,0.2685021460056305,1.7326507077086717e-05,64,10867.0,3.223510953018163e+17,1424484736,27235200,16,1.0097724385000953e-07,1422131200.0,3.223510953018163e+17,10867.0,2.7644580963009693,2.7937999726123497,bin_0
config_665,1152,12,24,0.0024506263434886,0.8686057329177856,0.9449254274368286,0.275324285030365,0.0001266427861992,64,21347.0,5.131268294754042e+18,2798052864,249050880,8,0.0001266427861992,1592524800.0,2.925594529228999e+18,12171.0,1.7583748567299764,1.7767324105442548,bin_3
config_665,1152,12,24,0.0024506263434886,0.8686057329177856,0.9449254274368286,0.275324285030365,0.0001266427861992,64,21347.0,5.131268294754042e+18,2798052864,249050880,8,1.0127975074636288e-06,2791833600.0,5.131268294754042e+18,21347.0,1.6454759089282305,1.6632420678998605,bin_3
config_666,384,7,8,0.0521544851362705,0.8063266277313232,0.950849950313568,0.2110768407583236,0.0001276146358577,64,31137.0,1.0456908704464896e+18,4081281280,31698432,16,0.0001276146358577,1592524800.0,4.087453378361507e+17,12171.0,1.9909128123814943,2.012810582411094,bin_1
config_666,384,7,8,0.0521544851362705,0.8063266277313232,0.950849950313568,0.2110768407583236,0.0001276146358577,64,31137.0,1.0456908704464896e+18,4081281280,31698432,16,0.0001276146358577,3191603200.0,8.174906756723014e+17,24342.0,1.8958405923452533,1.9165173262064572,bin_1
config_666,384,7,8,0.0521544851362705,0.8063266277313232,0.950849950313568,0.2110768407583236,0.0001276146358577,64,31137.0,1.0456908704464896e+18,4081281280,31698432,16,7.184634094243615e-07,4076339200.0,1.0456908704464896e+18,31137.0,1.8471915775439776,1.8669723074553444,bin_1
config_667,960,6,24,0.0049448050558567,0.935039520263672,0.915516436100006,0.2556680142879486,0.0003126205410808,64,25147.0,2.733441806084014e+18,3296144896,114633600,16,0.0003126205410808,1592524800.0,1.322969746762975e+18,12171.0,1.798857856539429,1.8177007087332304,bin_2
config_667,960,6,24,0.0049448050558567,0.935039520263672,0.915516436100006,0.2556680142879486,0.0003126205410808,64,25147.0,2.733441806084014e+18,3296144896,114633600,16,3.875541627646969e-05,3191603200.0,2.64593949352595e+18,24342.0,1.6762032354464296,1.693876287155464,bin_2
config_667,960,6,24,0.0049448050558567,0.935039520263672,0.915516436100006,0.2556680142879486,0.0003126205410808,64,25147.0,2.733441806084014e+18,3296144896,114633600,16,2.285451148047776e-06,3289907200.0,2.733441806084014e+18,25147.0,1.6706196208078352,1.6881077579592094,bin_2
config_668,512,18,8,0.0172912161797285,0.8929434418678284,0.9924066662788392,0.0518920198082923,0.0004652105853892,64,39987.0,3.925646491897037e+18,5241228800,87102464,8,0.0004652105853892,1592524800.0,1.1948644172575795e+18,12171.0,1.7667508575173676,1.7859298371096126,bin_2
config_668,512,18,8,0.0172912161797285,0.8929434418678284,0.9924066662788392,0.0518920198082923,0.0004652105853892,64,39987.0,3.925646491897037e+18,5241228800,87102464,8,0.0004652105853892,3191603200.0,2.389728834515159e+18,24342.0,1.6859390186872638,1.7041274840519076,bin_2
config_668,512,18,8,0.0172912161797285,0.8929434418678284,0.9924066662788392,0.0518920198082923,0.0004652105853892,64,39987.0,3.925646491897037e+18,5241228800,87102464,8,0.0004652105853892,4784128000.0,3.584691424841284e+18,36514.0,1.6550434062129162,1.670976488648868,bin_2
config_668,512,18,8,0.0172912161797285,0.8929434418678284,0.9924066662788392,0.0518920198082923,0.0004652105853892,64,39987.0,3.925646491897037e+18,5241228800,87102464,8,8.29532128164025e-06,5236326400.0,3.925646491897037e+18,39987.0,1.6121608224657715,1.627199007761283,bin_2
config_67,512,18,4,0.1484922170639038,0.8368839025497437,0.9812061190605164,0.1541435569524765,4.523794268607162e-05,64,45606.0,4.477255472430711e+18,5977695744,87102464,8,4.523794268607162e-05,1592524800.0,1.1948576142383498e+18,12171.0,1.9844255575000265,2.0047313600290018,bin_2
config_67,512,18,4,0.1484922170639038,0.8368839025497437,0.9812061190605164,0.1541435569524765,4.523794268607162e-05,64,45606.0,4.477255472430711e+18,5977695744,87102464,8,4.523794268607162e-05,3191603200.0,2.3897152284767e+18,24342.0,1.8321544896383757,1.851896471175991,bin_2
config_67,512,18,4,0.1484922170639038,0.8368839025497437,0.9812061190605164,0.1541435569524765,4.523794268607162e-05,64,45606.0,4.477255472430711e+18,5977695744,87102464,8,4.523794268607162e-05,4784128000.0,3.584671015224641e+18,36514.0,1.7684855212539925,1.785834301143396,bin_2
config_67,512,18,4,0.1484922170639038,0.8368839025497437,0.9812061190605164,0.1541435569524765,4.523794268607162e-05,64,45606.0,4.477255472430711e+18,5977695744,87102464,8,3.8615401353881264e-08,5976883200.0,4.477255472430711e+18,45606.0,1.717734799560953,1.7343072088429186,bin_2
config_670,960,14,20,0.0951692909002304,0.9320728778839112,0.9563791155815125,0.0308738369494676,7.64464566600509e-05,64,8092.0,1.6429068225500774e+18,1060713344,203122560,8,7.64464566600509e-05,530841600.0,8.214534112750387e+17,4046.0,2.040048800179216,2.0610492699263525,bin_2
config_670,960,14,20,0.0951692909002304,0.9320728778839112,0.9563791155815125,0.0308738369494676,7.64464566600509e-05,64,8092.0,1.6429068225500774e+18,1060713344,203122560,8,1.2894583051092924e-05,1055129600.0,1.6429068225500774e+18,8092.0,1.84717578993469,1.8665022515664336,bin_2
config_671,896,24,16,0.0679471641778945,0.9182204008102416,0.9314806461334229,0.1388522237539291,0.0043886993080377,64,35887.0,1.0593624714939337e+19,4703891968,287313152,8,0.0043886993080377,1592524800.0,3.592805372572983e+18,12171.0,3.322469521819568,3.3564854554660983,bin_3
config_671,896,24,16,0.0679471641778945,0.9182204008102416,0.9314806461334229,0.1388522237539291,0.0043886993080377,64,35887.0,1.0593624714939337e+19,4703891968,287313152,8,0.0043886993080377,3191603200.0,7.185610745145966e+18,24342.0,3.399825798058119,3.4354549891831443,bin_3
config_671,896,24,16,0.0679471641778945,0.9182204008102416,0.9314806461334229,0.1388522237539291,0.0043886993080377,64,35887.0,1.0593624714939337e+19,4703891968,287313152,8,3.259371224355583e-05,4698931200.0,1.0593624714939337e+19,35887.0,3.337201936792155,3.3730228963836293,bin_3
config_672,768,14,16,0.1891667544841766,0.8782299160957336,0.9247434735298156,0.0675132274627685,0.0011522030690684,64,46941.0,6.709251789123748e+18,6152679424,137725440,8,0.0011522030690684,1592524800.0,1.739594459543366e+18,12171.0,1.8202740891448788,1.838593806927321,bin_3
config_672,768,14,16,0.1891667544841766,0.8782299160957336,0.9247434735298156,0.0675132274627685,0.0011522030690684,64,46941.0,6.709251789123748e+18,6152679424,137725440,8,0.0011522030690684,3191603200.0,3.479188919086732e+18,24342.0,1.777829882551412,1.7969696970454982,bin_3
config_672,768,14,16,0.1891667544841766,0.8782299160957336,0.9247434735298156,0.0675132274627685,0.0011522030690684,64,46941.0,6.709251789123748e+18,6152679424,137725440,8,0.0011522030690684,4784128000.0,5.218926308090252e+18,36514.0,1.7631517872067748,1.7793951372435834,bin_3
config_672,768,14,16,0.1891667544841766,0.8782299160957336,0.9247434735298156,0.0675132274627685,0.0011522030690684,64,46941.0,6.709251789123748e+18,6152679424,137725440,8,1.4907013515875036e-05,6147276800.0,6.709251789123748e+18,46941.0,1.614872930890224,1.628817659010653,bin_3
config_674,640,15,10,0.0090897809714078,0.9825397729873656,0.9432373046875,0.2807127237319946,0.0040009841322898,64,28126.0,3.2667367656023654e+18,3686617088,108382720,8,0.0040009841322898,1592524800.0,1.4136191841764342e+18,12171.0,1.8047015123484564,1.8237965481789389,bin_2
config_674,640,15,10,0.0090897809714078,0.9825397729873656,0.9432373046875,0.2807127237319946,0.0040009841322898,64,28126.0,3.2667367656023654e+18,3686617088,108382720,8,0.0019135802512383,3191603200.0,2.8272383683528684e+18,24342.0,1.6955922114262816,1.713960282998007,bin_2
config_674,640,15,10,0.0090897809714078,0.9825397729873656,0.9432373046875,0.2807127237319946,0.0040009841322898,64,28126.0,3.2667367656023654e+18,3686617088,108382720,8,1.31761352045014e-05,3683123200.0,3.2667367656023654e+18,28126.0,1.6532442590447722,1.6708737234991105,bin_2
config_675,320,10,16,0.0016044478397816,0.8150126338005066,0.9679356217384338,0.2336708754301071,0.0020939209498465,32,3842.0,6.515449082569728e+16,251820912,30021760,16,0.0020939209498465,124518400.0,3.257724541284864e+16,1921.0,2.328812710496246,2.35249091214821,bin_0
config_675,320,10,16,0.0016044478397816,0.8150126338005066,0.9679356217384338,0.2336708754301071,0.0020939209498465,32,3842.0,6.515449082569728e+16,251820912,30021760,16,9.804312139749528e-05,249036800.0,6.515449082569728e+16,3842.0,2.0804343339263416,2.1022114665000164,bin_0
config_676,1088,5,8,0.0267410911619663,0.9208921790122986,0.9709389805793762,0.1288028806447982,1.647532008064445e-05,32,13795.0,8.179925018633994e+17,904097664,128523264,16,1.647532008064445e-05,452198400.0,4.08966602780128e+17,6897.0,2.451308599847262,2.4758615852574835,bin_1
config_676,1088,5,8,0.0267410911619663,0.9208921790122986,0.9709389805793762,0.1288028806447982,1.647532008064445e-05,32,13795.0,8.179925018633994e+17,904097664,128523264,16,4.174489885298435e-07,901120000.0,8.179925018633994e+17,13795.0,2.184643489259188,2.20651890133248,bin_1
config_677,448,14,16,0.004386241082102,0.8608471155166626,0.946341037750244,0.2926788032054901,2.2182359316502694e-05,64,52622.0,3.4571252732335227e+18,6897301504,57860992,16,2.2182359316502694e-05,1592524800.0,7.996022899267456e+17,12171.0,2.4130551762268198,2.4387166963639806,bin_2
config_677,448,14,16,0.004386241082102,0.8608471155166626,0.946341037750244,0.2926788032054901,2.2182359316502694e-05,64,52622.0,3.4571252732335227e+18,6897301504,57860992,16,2.2182359316502694e-05,3191603200.0,1.5992045798534912e+18,24342.0,2.1163566694103304,2.1390239481456943,bin_2
config_677,448,14,16,0.004386241082102,0.8608471155166626,0.946341037750244,0.2926788032054901,2.2182359316502694e-05,64,52622.0,3.4571252732335227e+18,6897301504,57860992,16,2.2182359316502694e-05,4784128000.0,2.398872567117344e+18,36514.0,2.00099972611568,2.023028105829583,bin_2
config_677,448,14,16,0.004386241082102,0.8608471155166626,0.946341037750244,0.2926788032054901,2.2182359316502694e-05,64,52622.0,3.4571252732335227e+18,6897301504,57860992,16,5.648932747180286e-06,6383206400.0,3.1984748570440893e+18,48685.0,1.9389517239664424,1.9601750831916684,bin_2
config_677,448,14,16,0.004386241082102,0.8608471155166626,0.946341037750244,0.2926788032054901,2.2182359316502694e-05,64,52622.0,3.4571252732335227e+18,6897301504,57860992,16,3.1687027138694554e-08,6894387200.0,3.4571252732335227e+18,52622.0,1.9311731845433595,1.9523333585457725,bin_2
config_678,576,13,18,0.0028486056253314,0.8919584155082703,0.9926815629005432,0.2985275089740753,0.0020951165352016,64,8256.0,7.232358361299517e+17,1082162304,80732160,16,0.0020951165352016,543948800.0,3.616179180649759e+17,4128.0,1.9116204659665217,1.93198038644478,bin_1
config_678,576,13,18,0.0028486056253314,0.8919584155082703,0.9926815629005432,0.2985275089740753,0.0020951165352016,64,8256.0,7.232358361299517e+17,1082162304,80732160,16,5.101744809744239e-06,1081344000.0,7.232358361299517e+17,8256.0,1.7580681945065983,1.7769072681176858,bin_1
config_680,768,14,8,0.092214897274971,0.8034257888793945,0.9774534702301024,0.2704801559448242,6.69809669489041e-05,64,35812.0,5.118587748313989e+18,4693970432,137725440,8,6.69809669489041e-05,1592524800.0,1.7395937530640443e+18,12171.0,1.852138222123756,1.8713990638490583,bin_3
config_680,768,14,8,0.092214897274971,0.8034257888793945,0.9774534702301024,0.2704801559448242,6.69809669489041e-05,64,35812.0,5.118587748313989e+18,4693970432,137725440,8,6.69809669489041e-05,3191603200.0,3.4791875061280886e+18,24342.0,1.7379240000247955,1.7562253209606546,bin_3
config_680,768,14,8,0.092214897274971,0.8034257888793945,0.9774534702301024,0.2704801559448242,6.69809669489041e-05,64,35812.0,5.118587748313989e+18,4693970432,137725440,8,8.298282091543491e-08,4692377600.0,5.118587748313989e+18,35812.0,1.664158012866974,1.680915577313939,bin_3
config_681,576,5,18,0.1447630226612091,0.8404940366744995,0.90774005651474,0.202007383108139,0.0009597998578101,32,6592.0,1.572440074947625e+17,432018048,48872448,16,0.0009597998578101,216268800.0,7.862200374738125e+16,3296.0,2.16770449024732,2.1901814425187034,bin_0
config_681,576,5,18,0.1447630226612091,0.8404940366744995,0.90774005651474,0.202007383108139,0.0009597998578101,32,6592.0,1.572440074947625e+17,432018048,48872448,16,3.028669724119157e-05,429260800.0,1.572440074947625e+17,6592.0,1.9710812884080608,1.9924548118231729,bin_0
config_683,576,20,18,0.0010329867945984,0.8104372024536133,0.9746691584587096,0.0999374166131019,0.0072088558226823,64,16950.0,2.076545687000187e+18,2221783040,108609408,8,0.0072088558226823,1592524800.0,1.4910700623291607e+18,12171.0,3.1833814232857502,3.2157198003081024,bin_2
config_683,576,20,18,0.0010329867945984,0.8104372024536133,0.9746691584587096,0.0999374166131019,0.0072088558226823,64,16950.0,2.076545687000187e+18,2221783040,108609408,8,0.0,2221670400.0,2.076545687000187e+18,16950.0,3.041413923912361,3.073777238267367,bin_2
config_684,576,18,16,0.022196052595973,0.8223684430122375,0.9954942464828492,0.0391060560941696,1.0143279723706655e-05,64,35917.0,4.04186054585765e+18,4707813888,100644480,8,1.0143279723706655e-05,1592524800.0,1.3696434753357317e+18,12171.0,2.564904675425076,2.5928700686869077,bin_2
config_684,576,18,16,0.022196052595973,0.8223684430122375,0.9954942464828492,0.0391060560941696,1.0143279723706655e-05,64,35917.0,4.04186054585765e+18,4707813888,100644480,8,1.0143279723706655e-05,3191603200.0,2.739286950671463e+18,24342.0,2.202722716956842,2.2264257910017107,bin_2
config_684,576,18,16,0.022196052595973,0.8223684430122375,0.9954942464828492,0.0391060560941696,1.0143279723706655e-05,64,35917.0,4.04186054585765e+18,4707813888,100644480,8,1.2281748953205965e-07,4705484800.0,4.04186054585765e+18,35917.0,2.055682418991308,2.077672165788588,bin_2
config_686,960,23,10,0.1036543399095535,0.8769903779029846,0.9619134068489076,0.0387625880539417,0.0009234416647814,32,9506.0,1.4692770429585408e+18,622996544,302672640,8,0.0009234416647814,311296000.0,7.346385214792704e+17,4753.0,1.9894799597341504,2.009402135180645,bin_1
config_686,960,23,10,0.1036543399095535,0.8769903779029846,0.9619134068489076,0.0387625880539417,0.0009234416647814,32,9506.0,1.4692770429585408e+18,622996544,302672640,8,1.5056114099696975e-05,622592000.0,1.4692770429585408e+18,9506.0,1.803801021263248,1.8227473722129568,bin_1
config_687,512,20,16,0.0613085329532623,0.9384379386901855,0.9360055923461914,0.1619830429553985,2.1792495317640714e-05,64,45839.0,4.897019061073871e+18,6008215552,93920256,8,2.1792495317640714e-05,1592524800.0,1.300238203109363e+18,12171.0,2.2620288540300777,2.2852179388921767,bin_3
config_687,512,20,16,0.0613085329532623,0.9384379386901855,0.9360055923461914,0.1619830429553985,2.1792495317640714e-05,64,45839.0,4.897019061073871e+18,6008215552,93920256,8,2.1792495317640714e-05,3191603200.0,2.600476406218726e+18,24342.0,2.0088857944480707,2.030074965641147,bin_3
config_687,512,20,16,0.0613085329532623,0.9384379386901855,0.9360055923461914,0.1619830429553985,2.1792495317640714e-05,64,45839.0,4.897019061073871e+18,6008215552,93920256,8,2.1792495317640714e-05,4784128000.0,3.900821440172153e+18,36514.0,1.9101317494423664,1.929598892008672,bin_3
config_687,512,20,16,0.0613085329532623,0.9384379386901855,0.9360055923461914,0.1619830429553985,2.1792495317640714e-05,64,45839.0,4.897019061073871e+18,6008215552,93920256,8,1.1446563197144587e-07,6003097600.0,4.897019061073871e+18,45839.0,1.855837686022774,1.8749400384895136,bin_3
config_688,576,20,8,0.0937859937548637,0.8414503335952759,0.9687420725822448,0.1424410790205001,0.0003788138565141,64,42237.0,5.174201235440665e+18,5536094208,108609408,8,0.0003788138565141,1592524800.0,1.4909961227489718e+18,12171.0,1.764228776380664,1.7818673970269374,bin_3
config_688,576,20,8,0.0937859937548637,0.8414503335952759,0.9687420725822448,0.1424410790205001,0.0003788138565141,64,42237.0,5.174201235440665e+18,5536094208,108609408,8,0.0003788138565141,3191603200.0,2.981992245497944e+18,24342.0,1.6977009304820514,1.7156558270337152,bin_3
config_688,576,20,8,0.0937859937548637,0.8414503335952759,0.9687420725822448,0.1424410790205001,0.0003788138565141,64,42237.0,5.174201235440665e+18,5536094208,108609408,8,0.0003612458601764,4784128000.0,4.473110872241884e+18,36514.0,1.6698134853409938,1.6861958359108598,bin_3
config_688,576,20,8,0.0937859937548637,0.8414503335952759,0.9687420725822448,0.1424410790205001,0.0003788138565141,64,42237.0,5.174201235440665e+18,5536094208,108609408,8,2.3298059659282444e-06,5531238400.0,5.174201235440665e+18,42237.0,1.5912363004879873,1.60681036280804,bin_3
config_689,384,20,16,0.005698004271835,0.8837832808494568,0.9649093747138976,0.0501873530447483,0.0015757936052978,128,52495.0,7.113532059813151e+18,13761418240,54711552,16,0.0015757936052978,1599078400.0,8.247062789984348e+17,6086.0,1.824905174521149,1.8440330002737828,bin_3
config_689,384,20,16,0.005698004271835,0.8837832808494568,0.9649093747138976,0.0501873530447483,0.0015757936052978,128,52495.0,7.113532059813151e+18,13761418240,54711552,16,0.0015757936052978,3185049600.0,1.6492770492425157e+18,12171.0,1.747587923651836,1.7664544535855775,bin_3
config_689,384,20,16,0.005698004271835,0.8837832808494568,0.9649093747138976,0.0501873530447483,0.0015757936052978,128,52495.0,7.113532059813151e+18,13761418240,54711552,16,0.0015757936052978,4784128000.0,2.4739833282409503e+18,18257.0,1.7177277352379972,1.733960100080146,bin_3
config_689,384,20,16,0.005698004271835,0.8837832808494568,0.9649093747138976,0.0501873530447483,0.0015757936052978,128,52495.0,7.113532059813151e+18,13761418240,54711552,16,0.0015757936052978,6383206400.0,3.298554098485031e+18,24342.0,1.698928623707568,1.714814598052228,bin_3
config_689,384,20,16,0.005698004271835,0.8837832808494568,0.9649093747138976,0.0501873530447483,0.0015757936052978,128,52495.0,7.113532059813151e+18,13761418240,54711552,16,0.0015757936052978,7982284800.0,4.123260377483466e+18,30428.0,1.686128195074738,1.7018991140459403,bin_3
config_689,384,20,16,0.005698004271835,0.8837832808494568,0.9649093747138976,0.0501873530447483,0.0015757936052978,128,52495.0,7.113532059813151e+18,13761418240,54711552,16,0.0015757936052978,9568256000.0,4.947966656481901e+18,36514.0,1.6743173837270893,1.6914293041776438,bin_3
config_689,384,20,16,0.005698004271835,0.8837832808494568,0.9649093747138976,0.0501873530447483,0.0015757936052978,128,52495.0,7.113532059813151e+18,13761418240,54711552,16,0.0015757936052978,11167334400.0,5.772537426725981e+18,42599.0,1.6673555041532049,1.6840516752493186,bin_3
config_689,384,20,16,0.005698004271835,0.8837832808494568,0.9649093747138976,0.0501873530447483,0.0015757936052978,128,52495.0,7.113532059813151e+18,13761418240,54711552,16,0.0015757936052978,12766412800.0,6.597243705724417e+18,48685.0,1.6608671159822432,1.677323968488662,bin_3
config_689,384,20,16,0.005698004271835,0.8837832808494568,0.9649093747138976,0.0501873530447483,0.0015757936052978,128,52495.0,7.113532059813151e+18,13761418240,54711552,16,2.69213030517849e-05,13749452800.0,7.113532059813151e+18,52495.0,1.621747130565956,1.635498716088592,bin_3
config_69,704,4,8,0.0020221639424562,0.9063819646835328,0.935690701007843,0.0581231862306594,0.0011461600661277,64,31705.0,1.7992425888223396e+18,4155638016,60632704,16,0.0011461600661277,1592524800.0,6.90698046003996e+17,12171.0,1.84597195148468,1.866401221791252,bin_2
config_69,704,4,8,0.0020221639424562,0.9063819646835328,0.935690701007843,0.0581231862306594,0.0011461600661277,64,31705.0,1.7992425888223396e+18,4155638016,60632704,16,0.0011461600661277,3191603200.0,1.381396092007992e+18,24342.0,1.7926637561594854,1.813029037577207,bin_2
config_69,704,4,8,0.0020221639424562,0.9063819646835328,0.935690701007843,0.0581231862306594,0.0011461600661277,64,31705.0,1.7992425888223396e+18,4155638016,60632704,16,3.111183675699736e-06,4154982400.0,1.7992425888223396e+18,31705.0,1.7264940023813091,1.7461831500491158,bin_2
config_690,640,11,10,0.013579967431724,0.9660028219223022,0.9002856612205505,0.0294365473091602,0.000351758004399,128,56960.0,1.0471549678100152e+19,14931725312,88061440,16,0.000351758004399,1599078400.0,1.1188527271930746e+18,6086.0,1.805549214316196,1.825260079493288,bin_3
config_690,640,11,10,0.013579967431724,0.9660028219223022,0.9002856612205505,0.0294365473091602,0.000351758004399,128,56960.0,1.0471549678100152e+19,14931725312,88061440,16,0.000351758004399,3185049600.0,2.2375216139774748e+18,12171.0,1.7140100906716018,1.7327426891248734,bin_3
config_690,640,11,10,0.013579967431724,0.9660028219223022,0.9002856612205505,0.0294365473091602,0.000351758004399,128,56960.0,1.0471549678100152e+19,14931725312,88061440,16,0.000351758004399,4784128000.0,3.356374341170549e+18,18257.0,1.676879569233441,1.6936760454881388,bin_3
config_690,640,11,10,0.013579967431724,0.9660028219223022,0.9002856612205505,0.0294365473091602,0.000351758004399,128,56960.0,1.0471549678100152e+19,14931725312,88061440,16,0.000351758004399,6383206400.0,4.4750432279549496e+18,24342.0,1.6547233475231733,1.6713993404341525,bin_3
config_690,640,11,10,0.013579967431724,0.9660028219223022,0.9002856612205505,0.0294365473091602,0.000351758004399,128,56960.0,1.0471549678100152e+19,14931725312,88061440,16,0.000351758004399,7982284800.0,5.593895955148025e+18,30428.0,1.6397416463445444,1.655972167351207,bin_3
config_690,640,11,10,0.013579967431724,0.9660028219223022,0.9002856612205505,0.0294365473091602,0.000351758004399,128,56960.0,1.0471549678100152e+19,14931725312,88061440,16,0.000351758004399,9568256000.0,6.712748682341098e+18,36514.0,1.6281106647507089,1.644438844665152,bin_3
config_690,640,11,10,0.013579967431724,0.9660028219223022,0.9002856612205505,0.0294365473091602,0.000351758004399,128,56960.0,1.0471549678100152e+19,14931725312,88061440,16,0.000351758004399,11167334400.0,7.831417569125499e+18,42599.0,1.6190769458207928,1.6352773567105905,bin_3
config_690,640,11,10,0.013579967431724,0.9660028219223022,0.9002856612205505,0.0294365473091602,0.000351758004399,128,56960.0,1.0471549678100152e+19,14931725312,88061440,16,0.000351758004399,12766412800.0,8.950270296318574e+18,48685.0,1.6122542720153683,1.6283118917121262,bin_3
config_690,640,11,10,0.013579967431724,0.9660028219223022,0.9002856612205505,0.0294365473091602,0.000351758004399,128,56960.0,1.0471549678100152e+19,14931725312,88061440,16,0.000351758004399,14352384000.0,1.0068939183102972e+19,54770.0,1.6076635117608993,1.6226179739686308,bin_3
config_690,640,11,10,0.013579967431724,0.9660028219223022,0.9002856612205505,0.0294365473091602,0.000351758004399,128,56960.0,1.0471549678100152e+19,14931725312,88061440,16,2.0987947756504225e-06,14929100800.0,1.0471549678100152e+19,56960.0,1.572019637334542,1.5865303524986645,bin_3
config_691,576,9,16,0.0195221118628978,0.9801703691482544,0.9013912677764891,0.1138575971126556,0.0006094177369959,32,5335.0,1.8048810909332275e+17,349681408,64802304,16,0.0006094177369959,173670400.0,9.022713907251955e+16,2667.0,2.6415775064562186,2.6698997282591024,bin_0
config_691,576,9,16,0.0195221118628978,0.9801703691482544,0.9013912677764891,0.1138575971126556,0.0006094177369959,32,5335.0,1.8048810909332275e+17,349681408,64802304,16,3.513940822876232e-05,347340800.0,1.8048810909332275e+17,5335.0,2.198951729829194,2.220967485005738,bin_0
config_693,1152,11,24,0.0128307789564132,0.8462530970573425,0.9636000394821168,0.1737161576747894,0.0060589089989662,32,9548.0,1.070055740533801e+18,625760640,233123328,8,0.0060589089989662,311296000.0,5.350278702669005e+17,4774.0,3.3331104645572727,3.3674383874408536,bin_1
config_693,1152,11,24,0.0128307789564132,0.8462530970573425,0.9636000394821168,0.1737161576747894,0.0060589089989662,32,9548.0,1.070055740533801e+18,625760640,233123328,8,0.0001754087044332,622592000.0,1.070055740533801e+18,9548.0,3.1834920990271645,3.216541107013577,bin_1
config_694,576,20,6,0.0084877712652087,0.8075336813926697,0.943446397781372,0.2573681771755218,0.0003130973491352,64,17705.0,2.1690241372864512e+18,2320729600,108609408,8,0.0003130973491352,1592524800.0,1.491058614793188e+18,12171.0,1.769400327049318,1.7877028918070872,bin_2
config_694,576,20,6,0.0084877712652087,0.8075336813926697,0.943446397781372,0.2573681771755218,0.0003130973491352,64,17705.0,2.1690241372864512e+18,2320729600,108609408,8,3.436099090597055e-07,2319974400.0,2.1690241372864512e+18,17705.0,1.6811008127595557,1.69867919867156,bin_2
config_695,1152,12,12,0.0745404660701751,0.8159363269805908,0.9223309755325316,0.0964366495609283,5.912655979045667e-05,64,14769.0,3.550246995966788e+18,1935930496,249050880,8,5.912655979045667e-05,1592524800.0,2.925726602201352e+18,12171.0,1.819123984516644,1.8385673698440927,bin_2
config_695,1152,12,12,0.0745404660701751,0.8159363269805908,0.9223309755325316,0.0964366495609283,5.912655979045667e-05,64,14769.0,3.550246995966788e+18,1935930496,249050880,8,7.889077500131169e-07,1933312000.0,3.550246995966788e+18,14769.0,1.7605928768486274,1.779795453997909,bin_2
config_7,320,16,20,0.0042003933340311,0.8607771992683411,0.9496286511421204,0.0021670283749699,1.0181046491197776e-05,64,73058.0,3.409547584123699e+18,9575917568,38381440,16,1.0181046491197776e-05,1592524800.0,5.6800902907784966e+17,12171.0,2.8736275540855662,2.9027033083061844,bin_2
config_7,320,16,20,0.0042003933340311,0.8607771992683411,0.9496286511421204,0.0021670283749699,1.0181046491197776e-05,64,73058.0,3.409547584123699e+18,9575917568,38381440,16,1.0181046491197776e-05,3191603200.0,1.1360180581556992e+18,24342.0,2.609118189741676,2.6363857286677623,bin_2
config_7,320,16,20,0.0042003933340311,0.8607771992683411,0.9496286511421204,0.0021670283749699,1.0181046491197776e-05,64,73058.0,3.409547584123699e+18,9575917568,38381440,16,1.0181046491197776e-05,4784128000.0,1.704073756285318e+18,36514.0,2.438173023220349,2.4630524970932943,bin_2
config_7,320,16,20,0.0042003933340311,0.8607771992683411,0.9496286511421204,0.0021670283749699,1.0181046491197776e-05,64,73058.0,3.409547584123699e+18,9575917568,38381440,16,1.0181046491197776e-05,6383206400.0,2.2720827853631675e+18,48685.0,2.301544771289499,2.3248468582904485,bin_2
config_7,320,16,20,0.0042003933340311,0.8607771992683411,0.9496286511421204,0.0021670283749699,1.0181046491197776e-05,64,73058.0,3.409547584123699e+18,9575917568,38381440,16,1.0181046491197776e-05,7975731200.0,2.8400918144410173e+18,60856.0,2.217088041675701,2.239444002057716,bin_2
config_7,320,16,20,0.0042003933340311,0.8607771992683411,0.9496286511421204,0.0021670283749699,1.0181046491197776e-05,64,73058.0,3.409547584123699e+18,9575917568,38381440,16,5.15496024870774e-07,9574809600.0,3.408100843518867e+18,73027.0,2.150204041834539,2.172695986276528,bin_2
config_7,320,16,20,0.0042003933340311,0.8607771992683411,0.9496286511421204,0.0021670283749699,1.0181046491197776e-05,64,73058.0,3.409547584123699e+18,9575917568,38381440,16,5.15496024870774e-07,9574809600.0,3.409547584123699e+18,73058.0,2.149051837307194,2.171583775795312,bin_2
config_70,576,9,12,0.0021633733995258,0.8554425835609436,0.9366718530654908,0.1451856791973114,0.0005860120872966,64,25460.0,1.7224506081088635e+18,3337111552,64802304,16,0.0005860120872966,1592524800.0,8.234071622660242e+17,12171.0,1.8263028264827412,1.8448403816144971,bin_2
config_70,576,9,12,0.0021633733995258,0.8554425835609436,0.9366718530654908,0.1451856791973114,0.0005860120872966,64,25460.0,1.7224506081088635e+18,3337111552,64802304,16,0.0001759938898537,3191603200.0,1.6468143245320484e+18,24342.0,1.7225061620649744,1.740602788886086,bin_2
config_70,576,9,12,0.0021633733995258,0.8554425835609436,0.9366718530654908,0.1451856791973114,0.0005860120872966,64,25460.0,1.7224506081088635e+18,3337111552,64802304,16,1.5855305392225997e-06,3335782400.0,1.7224506081088635e+18,25460.0,1.70574701043426,1.7237104440907962,bin_2
config_700,512,17,4,0.031878150999546,0.8824419975280762,0.951210618019104,0.0107985557988286,5.1830746087944135e-05,32,8177.0,3.8367767941595136e+17,535890080,83693568,16,5.1830746087944135e-05,268697600.0,1.918153789228824e+17,4088.0,2.4149626454759816,2.439776329212501,bin_0
config_700,512,17,4,0.031878150999546,0.8824419975280762,0.951210618019104,0.0107985557988286,5.1830746087944135e-05,32,8177.0,3.8367767941595136e+17,535890080,83693568,16,1.5902615276982864e-05,534118400.0,3.8367767941595136e+17,8177.0,2.150533881304694,2.172389146148181,bin_0
config_701,1024,22,16,0.0216421913355588,0.91529780626297,0.9060887098312378,0.157991886138916,0.0002591554657556,32,13766.0,2.307847865866912e+18,902173568,334120960,8,0.0002591554657556,452198400.0,1.153923932933456e+18,6883.0,1.916225657209021,1.935670260738154,bin_2
config_701,1024,22,16,0.0216421913355588,0.91529780626297,0.9060887098312378,0.157991886138916,0.0002591554657556,32,13766.0,2.307847865866912e+18,902173568,334120960,8,1.9073079356438831e-06,901120000.0,2.307847865866912e+18,13766.0,1.740945142859318,1.759203578546399,bin_2
config_702,768,5,8,0.0147751374170184,0.903531014919281,0.9961085915565492,0.1365995705127716,0.000254164537182,32,8229.0,2.9035678035551846e+17,539310784,74010624,16,0.000254164537182,268697600.0,1.4516074788948874e+17,4114.0,2.058619131260231,2.0788799879199167,bin_0
config_702,768,5,8,0.0147751374170184,0.903531014919281,0.9961085915565492,0.1365995705127716,0.000254164537182,32,8229.0,2.9035678035551846e+17,539310784,74010624,16,6.557625959324059e-06,537395200.0,2.9035678035551846e+17,8229.0,1.8936286715601311,1.9128744841403649,bin_0
config_704,832,21,8,0.0099479407072067,0.9398114085197448,0.9389932155609132,0.0110499504953622,1.768649963196367e-05,64,24390.0,5.606827951175074e+18,3196860672,220779520,8,1.768649963196367e-05,1592524800.0,2.797896801711842e+18,12171.0,2.051601984266375,2.072316433210842,bin_3
config_704,832,21,8,0.0099479407072067,0.9398114085197448,0.9389932155609132,0.0110499504953622,1.768649963196367e-05,64,24390.0,5.606827951175074e+18,3196860672,220779520,8,2.62996277055222e-06,3191603200.0,5.595793603423684e+18,24342.0,1.8616035344561592,1.8814226063939392,bin_3
config_704,832,21,8,0.0099479407072067,0.9398114085197448,0.9389932155609132,0.0110499504953622,1.768649963196367e-05,64,24390.0,5.606827951175074e+18,3196860672,220779520,8,2.62996277055222e-06,3191603200.0,5.606827951175074e+18,24390.0,1.8599287782731604,1.8796909107731992,bin_3
config_705,576,8,12,0.0044562770053744,0.8449442982673645,0.9204265475273132,0.0408580563962459,0.0005829436122439,32,6628.0,2.0768005272655872e+17,434380320,60819840,16,0.0005829436122439,216268800.0,1.0384002636327936e+17,3314.0,2.1238772070994143,2.1455889346951342,bin_0
config_705,576,8,12,0.0044562770053744,0.8449442982673645,0.9204265475273132,0.0408580563962459,0.0005829436122439,32,6628.0,2.0768005272655872e+17,434380320,60819840,16,6.045341164011655e-05,432537600.0,2.0768005272655872e+17,6628.0,1.956785273708281,1.9769467038404749,bin_0
config_706,384,7,16,0.0044598863460123,0.9571568369865416,0.971009373664856,0.0153508549556136,3.8843842048663646e-05,128,45983.0,3.0885295475943014e+18,12054382592,31698432,16,3.8843842048663646e-05,1599078400.0,4.087769572811456e+17,6086.0,2.550922170975169,2.5783812823061085,bin_2
config_706,384,7,16,0.0044598863460123,0.9571568369865416,0.971009373664856,0.0153508549556136,3.8843842048663646e-05,128,45983.0,3.0885295475943014e+18,12054382592,31698432,16,3.8843842048663646e-05,3185049600.0,8.174867477931027e+17,12171.0,2.195319543744697,2.2184194311939303,bin_2
config_706,384,7,16,0.0044598863460123,0.9571568369865416,0.971009373664856,0.0153508549556136,3.8843842048663646e-05,128,45983.0,3.0885295475943014e+18,12054382592,31698432,16,3.8843842048663646e-05,4784128000.0,1.2262637050742482e+18,18257.0,2.077565835772968,2.099287287368149,bin_2
config_706,384,7,16,0.0044598863460123,0.9571568369865416,0.971009373664856,0.0153508549556136,3.8843842048663646e-05,128,45983.0,3.0885295475943014e+18,12054382592,31698432,16,3.8843842048663646e-05,6383206400.0,1.6349734955862054e+18,24342.0,2.0102603040757727,2.032305224762588,bin_2
config_706,384,7,16,0.0044598863460123,0.9571568369865416,0.971009373664856,0.0153508549556136,3.8843842048663646e-05,128,45983.0,3.0885295475943014e+18,12054382592,31698432,16,3.8843842048663646e-05,7982284800.0,2.043750452867351e+18,30428.0,1.9681352041979303,1.989617705853259,bin_2
config_706,384,7,16,0.0044598863460123,0.9571568369865416,0.971009373664856,0.0153508549556136,3.8843842048663646e-05,128,45983.0,3.0885295475943014e+18,12054382592,31698432,16,3.8843842048663646e-05,9568256000.0,2.4525274101484964e+18,36514.0,1.9368628847794456,1.9583278095526773,bin_2
config_706,384,7,16,0.0044598863460123,0.9571568369865416,0.971009373664856,0.0153508549556136,3.8843842048663646e-05,128,45983.0,3.0885295475943014e+18,12054382592,31698432,16,3.8843842048663646e-05,11167334400.0,2.861237200660454e+18,42599.0,1.914563777016812,1.9358285780422024,bin_2
config_706,384,7,16,0.0044598863460123,0.9571568369865416,0.971009373664856,0.0153508549556136,3.8843842048663646e-05,128,45983.0,3.0885295475943014e+18,12054382592,31698432,16,1.818222393767236e-06,12045516800.0,3.0885295475943014e+18,45983.0,1.89354165065484,1.9141804270275304,bin_2
config_707,320,20,10,0.0055963681079447,0.8101410865783691,0.92073255777359,0.0857290178537368,0.0002304161171196,64,24082.0,1.3286746514497536e+18,3156483840,43954560,16,0.0002304161171196,1592524800.0,6.715098074410327e+17,12171.0,1.8976891710719124,1.9177727419821944,bin_1
config_707,320,20,10,0.0055963681079447,0.8101410865783691,0.92073255777359,0.0857290178537368,0.0002304161171196,64,24082.0,1.3286746514497536e+18,3156483840,43954560,16,3.5723429010791397e-06,3152281600.0,1.3286746514497536e+18,24082.0,1.787178539604437,1.8062763968842928,bin_1
config_708,512,20,16,0.0669433251023292,0.9135338664054872,0.9364457726478576,0.1880503445863723,0.0084221689030528,32,8308.0,4.4380058901774336e+17,544504640,93920256,8,0.0084221689030528,271974400.0,2.2190029450887168e+17,4154.0,3.6056559292214816,3.642090456642088,bin_0
config_708,512,20,16,0.0669433251023292,0.9135338664054872,0.9364457726478576,0.1880503445863723,0.0084221689030528,32,8308.0,4.4380058901774336e+17,544504640,93920256,8,4.313530808221743e-05,543948800.0,4.4380058901774336e+17,8308.0,3.5218758460732755,3.5590499274457086,bin_0
config_71,1088,10,8,0.0101549969986081,0.9835765957832336,0.971740424633026,0.2814498841762543,0.0009788949973881,32,3646.0,3.53985785371349e+17,238967392,202344064,8,0.0009788949973881,117964800.0,1.769928926856745e+17,1823.0,2.837910463145522,2.8679487388251257,bin_0
config_71,1088,10,8,0.0101549969986081,0.9835765957832336,0.971740424633026,0.2814498841762543,0.0009788949973881,32,3646.0,3.53985785371349e+17,238967392,202344064,8,4.388807980492576e-05,235929600.0,3.53985785371349e+17,3646.0,2.6737999731204547,2.7027616814707147,bin_0
config_710,512,16,8,0.059191420674324,0.9725216627120972,0.9076849222183228,0.1265088021755218,2.7772171961260028e-05,32,3850.0,1.7234301298286592e+17,252357040,80284672,16,2.7772171961260028e-05,124518400.0,8.617150649143296e+16,1925.0,3.129682186236147,3.163216794983285,bin_0
config_710,512,16,8,0.059191420674324,0.9725216627120972,0.9076849222183228,0.1265088021755218,2.7772171961260028e-05,32,3850.0,1.7234301298286592e+17,252357040,80284672,16,0.0,252313600.0,1.7234301298286592e+17,3850.0,2.7860275344379613,2.8149666364857406,bin_0
config_711,1152,15,12,0.0500970818102359,0.9347087144851683,0.9950228333473206,0.0278175119310617,4.6555611334042624e-05,32,11703.0,1.6915702069767537e+18,766991936,296833536,8,4.6555611334042624e-05,383385600.0,8.457128326942652e+17,5851.0,2.046927785717073,2.067684012026083,bin_2
config_711,1152,15,12,0.0500970818102359,0.9347087144851683,0.9950228333473206,0.0278175119310617,4.6555611334042624e-05,32,11703.0,1.6915702069767537e+18,766991936,296833536,8,4.297441046219325e-07,766771200.0,1.6915702069767537e+18,11703.0,1.862396409648364,1.8823104484354864,bin_2
config_712,832,9,16,0.0215689614415168,0.8526833653450012,0.980858564376831,0.0783860087394714,2.852044053724967e-05,64,20672.0,2.4252165969043784e+18,2709525504,118523392,16,2.852044053724967e-05,1592524800.0,1.4278885062366093e+18,12171.0,2.028351825182555,2.0494614540162632,bin_2
config_712,832,9,16,0.0215689614415168,0.8526833653450012,0.980858564376831,0.0783860087394714,2.852044053724967e-05,64,20672.0,2.4252165969043784e+18,2709525504,118523392,16,3.873146245799306e-07,2706636800.0,2.4252165969043784e+18,20672.0,1.890206143582453,1.9105725452548168,bin_2
config_713,1152,19,18,0.1039065718650817,0.8378977179527283,0.9988051056861876,0.07396150380373,0.0001299929281231,32,11530.0,2.0409514869490972e+18,755652608,360543744,8,0.0001299929281231,376832000.0,1.0204757434745487e+18,5765.0,1.9218478775415264,1.9411296618571048,bin_2
config_713,1152,19,18,0.1039065718650817,0.8378977179527283,0.9988051056861876,0.07396150380373,0.0001299929281231,32,11530.0,2.0409514869490972e+18,755652608,360543744,8,4.577215778982458e-06,753664000.0,2.0409514869490972e+18,11530.0,1.7488713451291693,1.7673332493422462,bin_2
config_714,256,20,16,0.0297300238162279,0.9161108136177064,0.932673156261444,0.0263557266443967,0.0010201428085565,64,7885.0,3.155255438640415e+17,1033524736,29920768,16,0.0010201428085565,517734400.0,1.5774276397109088e+17,3942.0,2.059251238127224,2.08100729117628,bin_0
config_714,256,20,16,0.0297300238162279,0.9161108136177064,0.932673156261444,0.0263557266443967,0.0010201428085565,64,7885.0,3.155255438640415e+17,1033524736,29920768,16,0.0001724879144902,1028915200.0,3.155255438640415e+17,7885.0,1.9156088141926,1.936377657984124,bin_0
config_715,640,10,20,0.074920043349266,0.8924638628959656,0.978118896484375,0.0565723516047,0.001683086506091,32,5354.0,2.2989130004348928e+17,350929536,82981120,16,0.001683086506091,176947200.0,1.1494565002174464e+17,2677.0,2.1551480142405777,2.176574291557562,bin_0
config_715,640,10,20,0.074920043349266,0.8924638628959656,0.978118896484375,0.0565723516047,0.001683086506091,32,5354.0,2.2989130004348928e+17,350929536,82981120,16,2.2292536504517173e-05,350617600.0,2.2989130004348928e+17,5354.0,1.946691695510364,1.9663011634545249,bin_0
config_717,960,11,6,0.0019363710889592,0.9342352151870728,0.9715167880058287,0.1124250814318656,3.577261304599233e-05,64,44149.0,7.40149377762263e+18,5786823680,169939200,8,3.577261304599233e-05,1592524800.0,2.040444421559832e+18,12171.0,1.906560129904356,1.9269576973016145,bin_3
config_717,960,11,6,0.0019363710889592,0.9342352151870728,0.9715167880058287,0.1124250814318656,3.577261304599233e-05,64,44149.0,7.40149377762263e+18,5786823680,169939200,8,3.577261304599233e-05,3191603200.0,4.080888843119664e+18,24342.0,1.778670276286172,1.7976516247968204,bin_3
config_717,960,11,6,0.0019363710889592,0.9342352151870728,0.9715167880058287,0.1124250814318656,3.577261304599233e-05,64,44149.0,7.40149377762263e+18,5786823680,169939200,8,3.577261304599233e-05,4784128000.0,6.121500912729908e+18,36514.0,1.722588537696932,1.7393308023937413,bin_3
config_717,960,11,6,0.0019363710889592,0.9342352151870728,0.9715167880058287,0.1124250814318656,3.577261304599233e-05,64,44149.0,7.40149377762263e+18,5786823680,169939200,8,3.531851781691801e-07,5780275200.0,7.40149377762263e+18,44149.0,1.6780891796018256,1.6946731598064548,bin_3
config_718,640,9,16,0.1031805351376533,0.9012197852134703,0.9247916340827942,0.0952487140893936,0.0075379791669547,64,20615.0,1.6452737101430784e+18,2702088704,77900800,16,0.0075379791669547,1592524800.0,9.71361936752433e+17,12171.0,1.982640450587038,2.0028821530107592,bin_2
config_718,640,9,16,0.1031805351376533,0.9012197852134703,0.9247916340827942,0.0952487140893936,0.0075379791669547,64,20615.0,1.6452737101430784e+18,2702088704,77900800,16,5.76004521163128e-05,2700083200.0,1.6452737101430784e+18,20615.0,1.7670868077043629,1.7846655887853904,bin_2
config_719,384,19,16,0.0024190053809434,0.9286954402923584,0.9727170467376708,0.0029817940667271,0.0016147185815498,32,6446.0,2.0991525543110246e+17,422479872,52941312,16,0.0016147185815498,209715200.0,1.0495762771555123e+17,3223.0,2.160577913307753,2.18138626716176,bin_0
config_719,384,19,16,0.0024190053809434,0.9286954402923584,0.9727170467376708,0.0029817940667271,0.0016147185815498,32,6446.0,2.0991525543110246e+17,422479872,52941312,16,0.0016147185815498,419430400.0,2.0991525543110246e+17,6446.0,2.002367161141067,2.0229295711830013,bin_0
config_72,768,24,24,0.0739679336547851,0.981333315372467,0.9444111585617064,0.2869427800178528,0.0028710118494927,32,4261.0,4.7585967445868544e+17,279280512,208519680,8,0.0028710118494927,140902400.0,2.378739982626144e+17,2130.0,3.247559042367779,3.281864040523279,bin_0
config_72,768,24,24,0.0739679336547851,0.981333315372467,0.9444111585617064,0.2869427800178528,0.0028710118494927,32,4261.0,4.7585967445868544e+17,279280512,208519680,8,2.584380551916548e-05,278528000.0,4.7585967445868544e+17,4261.0,3.24265510449644,3.2773202362607736,bin_0
config_720,768,11,16,0.0038147738669067,0.9701622128486632,0.907460629940033,0.0235442537814378,1.2918905667902436e-05,32,4852.0,2.88247020032213e+17,318000736,116487168,16,1.2918905667902436e-05,160563200.0,1.441235100161065e+17,2426.0,3.0312974547558142,3.063275932483986,bin_0
config_720,768,11,16,0.0038147738669067,0.9701622128486632,0.907460629940033,0.0235442537814378,1.2918905667902436e-05,32,4852.0,2.88247020032213e+17,318000736,116487168,16,2.2664746785793765e-07,317849600.0,2.88247020032213e+17,4852.0,2.7620362678903048,2.7910011687825937,bin_0
config_722,768,20,16,0.1428120136260986,0.8037372827529907,0.907921016216278,0.090318851172924,5.695795698557049e-05,64,73023.0,1.3959970428121252e+19,9571389440,180201984,8,5.695795698557049e-05,1592524800.0,2.326757324139843e+18,12171.0,1.9202596656220856,1.940441324319996,bin_3
config_722,768,20,16,0.1428120136260986,0.8037372827529907,0.907921016216278,0.090318851172924,5.695795698557049e-05,64,73023.0,1.3959970428121252e+19,9571389440,180201984,8,5.695795698557049e-05,3191603200.0,4.653514648279686e+18,24342.0,1.779337019568584,1.7987016796088608,bin_3
config_722,768,20,16,0.1428120136260986,0.8037372827529907,0.907921016216278,0.090318851172924,5.695795698557049e-05,64,73023.0,1.3959970428121252e+19,9571389440,180201984,8,5.695795698557049e-05,4784128000.0,6.980463144658798e+18,36514.0,1.7177619123654286,1.7353178459894465,bin_3
config_722,768,20,16,0.1428120136260986,0.8037372827529907,0.907921016216278,0.090318851172924,5.695795698557049e-05,64,73023.0,1.3959970428121252e+19,9571389440,180201984,8,5.695795698557049e-05,6383206400.0,9.307220468798642e+18,48685.0,1.6798968931495166,1.696095013110364,bin_3
config_722,768,20,16,0.1428120136260986,0.8037372827529907,0.907921016216278,0.090318851172924,5.695795698557049e-05,64,73023.0,1.3959970428121252e+19,9571389440,180201984,8,5.695795698557049e-05,7975731200.0,1.1633977792938484e+19,60856.0,1.6539541749680629,1.6701369884756745,bin_3
config_722,768,20,16,0.1428120136260986,0.8037372827529907,0.907921016216278,0.090318851172924,5.695795698557049e-05,64,73023.0,1.3959970428121252e+19,9571389440,180201984,8,1.9864033520365762e-07,9568256000.0,1.3959970428121252e+19,73023.0,1.5997598964073618,1.615275839313132,bin_3
config_723,640,14,4,0.0015027116751298,0.8542921543121338,0.9095690250396729,0.1191113963723182,0.0048051225021481,32,14559.0,8.01402854393856e+17,954160064,103302400,16,0.0048051225021481,478412800.0,4.0067390460422266e+17,7279.0,2.8453261336342237,2.8750127747019785,bin_1
config_723,640,14,4,0.0015027116751298,0.8542921543121338,0.9095690250396729,0.1191113963723182,0.0048051225021481,32,14559.0,8.01402854393856e+17,954160064,103302400,16,2.4940082191079668e-05,953548800.0,8.01402854393856e+17,14559.0,2.6275461350112663,2.6562064874367635,bin_1
config_724,960,14,20,0.0066998023539781,0.8289960026741028,0.9017101526260376,0.0476975291967392,6.795619265176356e-05,64,52824.0,1.0723994757539758e+19,6923755008,203122560,8,6.795619265176356e-05,1592524800.0,2.470879528131463e+18,12171.0,1.8623559884946852,1.8824236619081651,bin_3
config_724,960,14,20,0.0066998023539781,0.8289960026741028,0.9017101526260376,0.0476975291967392,6.795619265176356e-05,64,52824.0,1.0723994757539758e+19,6923755008,203122560,8,6.795619265176356e-05,3191603200.0,4.941759056262926e+18,24342.0,1.7459795331564103,1.764875459416968,bin_3
config_724,960,14,20,0.0066998023539781,0.8289960026741028,0.9017101526260376,0.0476975291967392,6.795619265176356e-05,64,52824.0,1.0723994757539758e+19,6923755008,203122560,8,6.795619265176356e-05,4784128000.0,7.412841598076759e+18,36514.0,1.6944615046899827,1.711203182368982,bin_3
config_724,960,14,20,0.0066998023539781,0.8289960026741028,0.9017101526260376,0.0476975291967392,6.795619265176356e-05,64,52824.0,1.0723994757539758e+19,6923755008,203122560,8,6.795619265176356e-05,6383206400.0,9.88372112620822e+18,48685.0,1.6618520217840789,1.677941078768402,bin_3
config_724,960,14,20,0.0066998023539781,0.8289960026741028,0.9017101526260376,0.0476975291967392,6.795619265176356e-05,64,52824.0,1.0723994757539758e+19,6923755008,203122560,8,6.474587628591992e-07,6920601600.0,1.0723994757539758e+19,52824.0,1.6249408413152229,1.640488788260788,bin_3
config_725,576,15,24,0.0012891965452581,0.8000158071517944,0.9252943992614746,0.2600564360618591,0.0009289702284149,64,10854.0,1.0590754981712856e+18,1422700672,88697088,16,0.0009289702284149,714342400.0,5.295377490856428e+17,5427.0,1.8916294267138496,1.9116402363386311,bin_1
config_725,576,15,24,0.0012891965452581,0.8000158071517944,0.9252943992614746,0.2600564360618591,0.0009289702284149,64,10854.0,1.0590754981712856e+18,1422700672,88697088,16,1.3167543988872304e-06,1422131200.0,1.0590754981712856e+18,10854.0,1.740567157034014,1.7591032878688124,bin_1
config_726,320,6,20,0.033319029957056,0.9182000160217284,0.9102291464805604,0.2732366323471069,1.3794885489915032e-05,64,9385.0,2.384650226294784e+17,1230134528,24448640,16,1.3794885489915032e-05,616038400.0,1.1921980673175414e+17,4692.0,3.100542257183888,3.1333871792183547,bin_0
config_726,320,6,20,0.033319029957056,0.9182000160217284,0.9102291464805604,0.2732366323471069,1.3794885489915032e-05,64,9385.0,2.384650226294784e+17,1230134528,24448640,16,1.8830771924610977e-07,1225523200.0,2.384650226294784e+17,9385.0,2.8979005243739144,2.928740560265838,bin_0
config_727,960,7,20,0.0245003271847963,0.8457738161087036,0.9439943432807922,0.1057042330503463,0.0057361288927495,32,4006.0,2.4133944076010496e+17,262544464,125694720,16,0.0057361288927495,131072000.0,1.2066972038005248e+17,2003.0,3.3962968071953195,3.4310292569144827,bin_0
config_727,960,7,20,0.0245003271847963,0.8457738161087036,0.9439943432807922,0.1057042330503463,0.0057361288927495,32,4006.0,2.4133944076010496e+17,262544464,125694720,16,8.13635303936102e-05,262144000.0,2.4133944076010496e+17,4006.0,3.223700412922218,3.257168532043207,bin_0
config_728,384,17,24,0.0643305853009224,0.8541787266731262,0.9624219536781312,0.2206505984067917,2.635051896504592e-05,128,39667.0,4.749612585910272e+18,10398566400,49400832,16,2.635051896504592e-05,1599078400.0,7.287201501966348e+17,6086.0,2.655797779442834,2.6842247189850106,bin_3
config_728,384,17,24,0.0643305853009224,0.8541787266731262,0.9624219536781312,0.2206505984067917,2.635051896504592e-05,128,39667.0,4.749612585910272e+18,10398566400,49400832,16,2.635051896504592e-05,3185049600.0,1.457320563267046e+18,12171.0,2.342348248997673,2.3676018530814376,bin_3
config_728,384,17,24,0.0643305853009224,0.8541787266731262,0.9624219536781312,0.2206505984067917,2.635051896504592e-05,128,39667.0,4.749612585910272e+18,10398566400,49400832,16,2.635051896504592e-05,4784128000.0,2.186040713463681e+18,18257.0,2.163113318193154,2.185278701664972,bin_3
config_728,384,17,24,0.0643305853009224,0.8541787266731262,0.9624219536781312,0.2206505984067917,2.635051896504592e-05,128,39667.0,4.749612585910272e+18,10398566400,49400832,16,2.635051896504592e-05,6383206400.0,2.9146411265340923e+18,24342.0,2.065810175762802,2.087512396163628,bin_3
config_728,384,17,24,0.0643305853009224,0.8541787266731262,0.9624219536781312,0.2206505984067917,2.635051896504592e-05,128,39667.0,4.749612585910272e+18,10398566400,49400832,16,2.635051896504592e-05,7982284800.0,3.643361276730728e+18,30428.0,2.005394931269474,2.0264923181690158,bin_3
config_728,384,17,24,0.0643305853009224,0.8541787266731262,0.9624219536781312,0.2206505984067917,2.635051896504592e-05,128,39667.0,4.749612585910272e+18,10398566400,49400832,16,9.535202646515133e-06,9568256000.0,4.372081426927362e+18,36514.0,1.9581329759613413,1.9795563686871136,bin_3
config_728,384,17,24,0.0643305853009224,0.8541787266731262,0.9624219536781312,0.2206505984067917,2.635051896504592e-05,128,39667.0,4.749612585910272e+18,10398566400,49400832,16,5.118359488183078e-08,10394009600.0,4.749612585910272e+18,39667.0,1.946817138507718,1.968125725378756,bin_3
config_729,768,14,6,0.1448873281478881,0.9514679312705994,0.96370667219162,0.0040422142483294,0.0067138229496777,64,56862.0,8.127304745181512e+18,7453096448,137725440,8,0.0067138229496777,1592524800.0,1.7396051150786847e+18,12171.0,1.945927330685444,1.9653709412402796,bin_3
config_729,768,14,6,0.1448873281478881,0.9514679312705994,0.96370667219162,0.0040422142483294,0.0067138229496777,64,56862.0,8.127304745181512e+18,7453096448,137725440,8,0.0067138229496777,3191603200.0,3.4792102301573693e+18,24342.0,2.094222758148537,2.115370166008589,bin_3
config_729,768,14,6,0.1448873281478881,0.9514679312705994,0.96370667219162,0.0040422142483294,0.0067138229496777,64,56862.0,8.127304745181512e+18,7453096448,137725440,8,0.0067138229496777,4784128000.0,5.218958275571695e+18,36514.0,2.017882832093317,2.0352737512158567,bin_3
config_729,768,14,6,0.1448873281478881,0.9514679312705994,0.96370667219162,0.0040422142483294,0.0067138229496777,64,56862.0,8.127304745181512e+18,7453096448,137725440,8,0.0067138229496777,6383206400.0,6.958563390650379e+18,48685.0,1.9638548259461512,1.9817433521004972,bin_3
config_729,768,14,6,0.1448873281478881,0.9514679312705994,0.96370667219162,0.0040422142483294,0.0067138229496777,64,56862.0,8.127304745181512e+18,7453096448,137725440,8,0.0003518160497647,7451443200.0,8.127304745181512e+18,56862.0,2.065194794604036,2.0843002676182105,bin_3
config_73,576,17,6,0.0035822440404444,0.9715679883956908,0.9843760132789612,0.0545642152428627,0.0021072516683489,64,11018.0,1.184952579139879e+18,1444184704,96662016,8,0.0021072516683489,720896000.0,5.924762895699395e+17,5509.0,1.9096374611776383,1.930212268067188,bin_1
config_73,576,17,6,0.0035822440404444,0.9715679883956908,0.9843760132789612,0.0545642152428627,0.0021072516683489,64,11018.0,1.184952579139879e+18,1444184704,96662016,8,6.31123627791684e-05,1441792000.0,1.184952579139879e+18,11018.0,1.7682098959703914,1.7869386297757508,bin_1
config_730,320,18,16,0.0782708674669265,0.8912646770477295,0.9391283988952636,0.0140838511288166,9.120537288254128e-05,32,11322.0,2.8828018843951104e+17,742044032,41168000,16,9.120537288254128e-05,370278400.0,1.4414009421975552e+17,5661.0,2.430460773296044,2.455300140068179,bin_0
config_730,320,18,16,0.0782708674669265,0.8912646770477295,0.9391283988952636,0.0140838511288166,9.120537288254128e-05,32,11322.0,2.8828018843951104e+17,742044032,41168000,16,1.2619611342238413e-05,740556800.0,2.8828018843951104e+17,11322.0,2.150197539290444,2.172876899007891,bin_0
config_731,768,21,12,0.0046827639453113,0.954605519771576,0.9774730205535888,0.0249472633004188,0.0002105057210428,128,38251.0,1.524016611381687e+19,10027401216,187281408,8,0.0002105057210428,1599078400.0,2.424816369995281e+18,6086.0,1.761228141823753,1.7799480793319764,bin_3
config_731,768,21,12,0.0046827639453113,0.954605519771576,0.9774730205535888,0.0249472633004188,0.0002105057210428,128,38251.0,1.524016611381687e+19,10027401216,187281408,8,0.0002105057210428,3185049600.0,4.849234314691515e+18,12171.0,1.657533850064043,1.6754611837668496,bin_3
config_731,768,21,12,0.0046827639453113,0.954605519771576,0.9774730205535888,0.0249472633004188,0.0002105057210428,128,38251.0,1.524016611381687e+19,10027401216,187281408,8,0.0002105057210428,4784128000.0,7.274050684686796e+18,18257.0,1.6117782992808545,1.6270320384815091,bin_3
config_731,768,21,12,0.0046827639453113,0.954605519771576,0.9774730205535888,0.0249472633004188,0.0002105057210428,128,38251.0,1.524016611381687e+19,10027401216,187281408,8,0.0002105057210428,6383206400.0,9.69846862938303e+18,24342.0,1.5834482879521417,1.5983146921337628,bin_3
config_731,768,21,12,0.0046827639453113,0.954605519771576,0.9774730205535888,0.0249472633004188,0.0002105057210428,128,38251.0,1.524016611381687e+19,10027401216,187281408,8,0.0002105057210428,7982284800.0,1.2123284999378311e+19,30428.0,1.5639388691499585,1.5780094199102432,bin_3
config_731,768,21,12,0.0046827639453113,0.954605519771576,0.9774730205535888,0.0249472633004188,0.0002105057210428,128,38251.0,1.524016611381687e+19,10027401216,187281408,8,0.0002105057210428,9568256000.0,1.4548101369373592e+19,36514.0,1.548431492252428,1.562238313233266,bin_3
config_731,768,21,12,0.0046827639453113,0.954605519771576,0.9774730205535888,0.0249472633004188,0.0002105057210428,128,38251.0,1.524016611381687e+19,10027401216,187281408,8,2.206558920784911e-07,10027008000.0,1.524016611381687e+19,38251.0,1.5196992706470802,1.5332679402828218,bin_3
config_732,576,10,8,0.0016130479052662,0.9299361705780028,0.934737503528595,0.2004774510860443,2.993580528709572e-05,32,4646.0,1.6876488469417574e+17,304523232,68784768,16,2.993580528709572e-05,150732800.0,8.438244234708787e+16,2323.0,2.8821673342439,2.912410966841901,bin_0
config_732,576,10,8,0.0016130479052662,0.9299361705780028,0.934737503528595,0.2004774510860443,2.993580528709572e-05,32,4646.0,1.6876488469417574e+17,304523232,68784768,16,1.479105309566491e-06,301465600.0,1.6876488469417574e+17,4646.0,2.643669430623289,2.671018982324444,bin_0
config_733,768,18,16,0.0224868543446064,0.8689357042312622,0.9081039428710938,0.2223656475543975,0.0005827107233926,32,4407.0,3.858965088492257e+17,288882112,166043136,8,0.0005827107233926,144179200.0,1.92904472202143e+17,2203.0,2.1928459174320345,2.215398611103902,bin_0
config_733,768,18,16,0.0224868543446064,0.8689357042312622,0.9081039428710938,0.2223656475543975,0.0005827107233926,32,4407.0,3.858965088492257e+17,288882112,166043136,8,4.166470953777929e-06,288358400.0,3.858965088492257e+17,4407.0,1.959302816840469,1.9801670085797545,bin_0
config_735,1152,16,12,0.0069817840121686,0.8890353441238403,0.9904550313949584,0.2444171160459518,0.0001175290235551,64,8882.0,2.7117914354978e+18,1164197120,312761088,8,0.0001175290235551,583270400.0,1.3558957177488998e+18,4441.0,1.8846682788700355,1.9027157576944007,bin_2
config_735,1152,16,12,0.0069817840121686,0.8890353441238403,0.9904550313949584,0.2444171160459518,0.0001175290235551,64,8882.0,2.7117914354978e+18,1164197120,312761088,8,1.7331468911352334e-06,1159987200.0,2.7117914354978e+18,8882.0,1.7224816265067115,1.74056767922933,bin_2
config_736,256,21,16,0.0010148882865905,0.8423331379890442,0.9781225919723512,0.2218004614114761,0.0006266343407332,64,9562.0,3.969168564861665e+17,1253313408,30773248,16,0.0006266343407332,629145600.0,1.9845842824308326e+17,4781.0,2.040649155515139,2.063026941838812,bin_0
config_736,256,21,16,0.0010148882865905,0.8423331379890442,0.9781225919723512,0.2218004614114761,0.0006266343407332,64,9562.0,3.969168564861665e+17,1253313408,30773248,16,3.546986834339393e-06,1251737600.0,3.969168564861665e+17,9562.0,1.88662181690091,1.9071411801557072,bin_0
config_737,320,4,8,0.0040349373593926,0.9426829814910888,0.9430006146430968,0.164415031671524,4.1469145799055696e-05,64,40547.0,8.578451525301043e+17,5314614784,21662080,16,4.1469145799055696e-05,1592524800.0,2.574995277441956e+17,12171.0,2.339587366307368,2.363661074364772,bin_1
config_737,320,4,8,0.0040349373593926,0.9426829814910888,0.9430006146430968,0.164415031671524,4.1469145799055696e-05,64,40547.0,8.578451525301043e+17,5314614784,21662080,16,4.1469145799055696e-05,3191603200.0,5.149990554883912e+17,24342.0,2.137082763929836,2.159753380994328,bin_1
config_737,320,4,8,0.0040349373593926,0.9426829814910888,0.9430006146430968,0.164415031671524,4.1469145799055696e-05,64,40547.0,8.578451525301043e+17,5314614784,21662080,16,2.517636259357612e-05,4784128000.0,7.72519740042031e+17,36514.0,2.0601677222720918,2.0815101947549914,bin_1
config_737,320,4,8,0.0040349373593926,0.9426829814910888,0.9430006146430968,0.164415031671524,4.1469145799055696e-05,64,40547.0,8.578451525301043e+17,5314614784,21662080,16,2.9238671655500186e-07,5308416000.0,8.578451525301043e+17,40547.0,2.045592502414203,2.066988355253564,bin_1
config_738,256,9,16,0.0069168820045888,0.8410594463348389,0.975665271282196,0.2649116814136505,0.0011384793324396,32,12853.0,1.5150739879172506e+17,842387072,20543488,16,0.0011384793324396,422707200.0,7.57478055423345e+16,6426.0,2.109337016480868,2.131710953204358,bin_0
config_738,256,9,16,0.0069168820045888,0.8410594463348389,0.975665271282196,0.2649116814136505,0.0011384793324396,32,12853.0,1.5150739879172506e+17,842387072,20543488,16,1.0033601637246536e-06,842137600.0,1.5150739879172506e+17,12853.0,1.95741017982608,1.977282882479371,bin_0
config_739,1024,22,16,0.0021330807358026,0.8460180163383484,0.9524922370910645,0.1537852138280868,0.0001702956215012,32,8582.0,1.4388033196641485e+18,562450560,334120960,8,0.0001702956215012,281804800.0,7.194016598320742e+17,4291.0,2.015423182112272,2.035145222534899,bin_1
config_739,1024,22,16,0.0021330807358026,0.8460180163383484,0.9524922370910645,0.1537852138280868,0.0001702956215012,32,8582.0,1.4388033196641485e+18,562450560,334120960,8,4.131508633844588e-06,560332800.0,1.4388033196641485e+18,8582.0,1.8167426198427796,1.8351374996490168,bin_1
config_74,448,9,14,0.0041324258781969,0.9229406714439392,0.9746575951576232,0.2482709437608719,0.0002434874768368,128,42199.0,4.098461270603858e+18,11062440960,45240832,16,0.0002434874768368,1599078400.0,5.910859331475884e+17,6086.0,1.913181327757288,1.934589638983617,bin_2
config_74,448,9,14,0.0041324258781969,0.9229406714439392,0.9746575951576232,0.2482709437608719,0.0002434874768368,128,42199.0,4.098461270603858e+18,11062440960,45240832,16,0.0002434874768368,3185049600.0,1.1820747440583795e+18,12171.0,1.8112982275056055,1.831900939276961,bin_2
config_74,448,9,14,0.0041324258781969,0.9229406714439392,0.9746575951576232,0.2482709437608719,0.0002434874768368,128,42199.0,4.098461270603858e+18,11062440960,45240832,16,0.0002434874768368,4784128000.0,1.773160677205968e+18,18257.0,1.770981544236668,1.7896857237815855,bin_2
config_74,448,9,14,0.0041324258781969,0.9229406714439392,0.9746575951576232,0.2482709437608719,0.0002434874768368,128,42199.0,4.098461270603858e+18,11062440960,45240832,16,0.0002434874768368,6383206400.0,2.364149488116759e+18,24342.0,1.7475156386953885,1.7656467182909856,bin_2
config_74,448,9,14,0.0041324258781969,0.9229406714439392,0.9746575951576232,0.2482709437608719,0.0002434874768368,128,42199.0,4.098461270603858e+18,11062440960,45240832,16,0.0002434874768368,7982284800.0,2.955235421264347e+18,30428.0,1.7311117960195073,1.7491473088108125,bin_2
config_74,448,9,14,0.0041324258781969,0.9229406714439392,0.9746575951576232,0.2482709437608719,0.0002434874768368,128,42199.0,4.098461270603858e+18,11062440960,45240832,16,0.0001324584889741,9568256000.0,3.546321354411936e+18,36514.0,1.702190499305725,1.720493907928467,bin_2
config_74,448,9,14,0.0041324258781969,0.9229406714439392,0.9746575951576232,0.2482709437608719,0.0002434874768368,128,42199.0,4.098461270603858e+18,11062440960,45240832,16,1.138878041715102e-06,11049369600.0,4.098461270603858e+18,42199.0,1.6793299348237083,1.697022867906289,bin_2
config_740,768,14,12,0.1944297552108764,0.9586019515991212,0.9060513973236084,0.0550382174551487,0.0021414314396679,64,10339.0,1.477832645028741e+18,1355237632,137725440,8,0.0021414314396679,675020800.0,7.388448536757484e+17,5169.0,1.9527980826721816,1.9732988540070957,bin_1
config_740,768,14,12,0.1944297552108764,0.9586019515991212,0.9060513973236084,0.0550382174551487,0.0021414314396679,64,10339.0,1.477832645028741e+18,1355237632,137725440,8,0.0001467764958647,1350041600.0,1.477832645028741e+18,10339.0,1.7750391864581183,1.793099001919637,bin_1
config_741,576,21,16,0.190570518374443,0.9724090099334716,0.9500474333763124,0.2698352038860321,0.0009347703307867,64,22130.0,2.8214072578606694e+18,2900671232,112591872,8,0.0009347703307867,1592524800.0,1.5517102456132943e+18,12171.0,1.8017128069869808,1.8206757868899677,bin_2
config_741,576,21,16,0.190570518374443,0.9724090099334716,0.9500474333763124,0.2698352038860321,0.0009347703307867,64,22130.0,2.8214072578606694e+18,2900671232,112591872,8,4.696551653592487e-06,2896691200.0,2.8214072578606694e+18,22130.0,1.6359593354287694,1.6528915897158325,bin_2
config_743,768,6,16,0.1868115812540054,0.9556628465652466,0.9064823389053344,0.1891055107116699,4.734258618555032e-05,32,4318.0,1.6971924787583386e+17,282994368,81090048,16,4.734258618555032e-05,140902400.0,8.485962393791693e+16,2159.0,2.723487266477991,2.7520615042233074,bin_0
config_743,768,6,16,0.1868115812540054,0.9556628465652466,0.9064823389053344,0.1891055107116699,4.734258618555032e-05,32,4318.0,1.6971924787583386e+17,282994368,81090048,16,1.0443217540930195e-06,281804800.0,1.6971924787583386e+17,4318.0,2.428751284411696,2.4532056103378044,bin_0
config_745,1088,16,16,0.00249008461833,0.8470131754875183,0.9325708150863647,0.1713699549436569,0.0014596554683521,128,38262.0,2.179731114077376e+19,10030155776,290929024,8,0.0014596554683521,1599078400.0,3.467106675101905e+18,6086.0,1.6789468900102085,1.6963569885199188,bin_3
config_745,1088,16,16,0.00249008461833,0.8470131754875183,0.9325708150863647,0.1713699549436569,0.0014596554683521,128,38262.0,2.179731114077376e+19,10030155776,290929024,8,0.0014596554683521,3185049600.0,6.93364366458516e+18,12171.0,1.5971686403477778,1.6140700659986402,bin_3
config_745,1088,16,16,0.00249008461833,0.8470131754875183,0.9325708150863647,0.1713699549436569,0.0014596554683521,128,38262.0,2.179731114077376e+19,10030155776,290929024,8,0.0014596554683521,4784128000.0,1.0400750339687064e+19,18257.0,1.5597101310432937,1.5748044185560257,bin_3
config_745,1088,16,16,0.00249008461833,0.8470131754875183,0.9325708150863647,0.1713699549436569,0.0014596554683521,128,38262.0,2.179731114077376e+19,10030155776,290929024,8,0.0014596554683521,6383206400.0,1.386728732917032e+19,24342.0,1.5373405177866826,1.5515679084472969,bin_3
config_745,1088,16,16,0.00249008461833,0.8470131754875183,0.9325708150863647,0.1713699549436569,0.0014596554683521,128,38262.0,2.179731114077376e+19,10030155776,290929024,8,0.0014596554683521,7982284800.0,1.7334394004272224e+19,30428.0,1.5214359866986509,1.5356586316179055,bin_3
config_745,1088,16,16,0.00249008461833,0.8470131754875183,0.9325708150863647,0.1713699549436569,0.0014596554683521,128,38262.0,2.179731114077376e+19,10030155776,290929024,8,0.0003922991054357,9568256000.0,2.0801500679374127e+19,36514.0,1.4714277713416053,1.4847670875807275,bin_3
config_745,1088,16,16,0.00249008461833,0.8470131754875183,0.9325708150863647,0.1713699549436569,0.0014596554683521,128,38262.0,2.179731114077376e+19,10030155776,290929024,8,2.6717305705041463e-06,10027008000.0,2.179731114077376e+19,38262.0,1.458914072689463,1.4720355749618812,bin_3
config_746,768,13,16,0.0193640198558568,0.8517617583274841,0.9336842894554138,0.2511405944824219,7.895290036685765e-05,32,8367.0,5.643465672213136e+17,548378624,130646016,8,7.895290036685765e-05,275251200.0,2.8213955906379283e+17,4183.0,2.2482198737097567,2.271058443667459,bin_1
config_746,768,13,16,0.0193640198558568,0.8517617583274841,0.9336842894554138,0.2511405944824219,7.895290036685765e-05,32,8367.0,5.643465672213136e+17,548378624,130646016,8,6.38838318056442e-07,547225600.0,5.643465672213136e+17,8367.0,2.02579304941365,2.048159452168668,bin_1
config_747,320,19,8,0.1254696100950241,0.8514379262924194,0.9711863994598388,0.0062883319333195,0.0011499938555061,64,43634.0,2.31468419432448e+18,5719296000,42561280,16,0.0011499938555061,1592524800.0,6.45643794497943e+17,12171.0,1.874499900731884,1.8944414800894065,bin_2
config_747,320,19,8,0.1254696100950241,0.8514379262924194,0.9711863994598388,0.0062883319333195,0.0011499938555061,64,43634.0,2.31468419432448e+18,5719296000,42561280,16,0.0011499938555061,3191603200.0,1.291287588995886e+18,24342.0,1.832703137515021,1.851870104836636,bin_2
config_747,320,19,8,0.1254696100950241,0.8514379262924194,0.9711863994598388,0.0062883319333195,0.0011499938555061,64,43634.0,2.31468419432448e+18,5719296000,42561280,16,0.0011499938555061,4784128000.0,1.9369844312133676e+18,36514.0,1.818700813191836,1.835925151324663,bin_2
config_747,320,19,8,0.1254696100950241,0.8514379262924194,0.9711863994598388,0.0062883319333195,0.0011499938555061,64,43634.0,2.31468419432448e+18,5719296000,42561280,16,0.0001426999674715,5714739200.0,2.31468419432448e+18,43634.0,1.7503754861628422,1.767959466723145,bin_2
config_748,1152,22,8,0.0033552646636962,0.8477159142494202,0.9187544584274292,0.169462114572525,0.0044556246139109,64,7856.0,3.164031176324088e+18,1029789952,408326400,8,0.0044556246139109,517734400.0,1.582015588162044e+18,3928.0,3.2771562217884376,3.3112073862357216,bin_2
config_748,1152,22,8,0.0033552646636962,0.8477159142494202,0.9187544584274292,0.169462114572525,0.0044556246139109,64,7856.0,3.164031176324088e+18,1029789952,408326400,8,2.0085460318156403e-05,1028915200.0,3.164031176324088e+18,7856.0,3.0058811229565103,3.036939509813903,bin_2
config_749,832,7,8,0.064362958073616,0.9657579660415648,0.9305720329284668,0.1261874735355377,0.0006654600147157,64,12156.0,1.1980755517839114e+18,1593312768,101480704,16,0.0006654600147157,799539200.0,5.990377758919557e+17,6078.0,1.8534377306406613,1.87328473141936,bin_1
config_749,832,7,8,0.064362958073616,0.9657579660415648,0.9305720329284668,0.1261874735355377,0.0006654600147157,64,12156.0,1.1980755517839114e+18,1593312768,101480704,16,2.6045401750128105e-06,1592524800.0,1.1980755517839114e+18,12156.0,1.71384855981733,1.732100788257161,bin_1
config_75,1152,17,8,0.0018994017736986,0.8657504320144653,0.9110482931137084,0.0464258044958114,2.1190589905017987e-05,64,8579.0,2.758619852644221e+18,1124504832,328688640,8,2.1190589905017987e-05,563609600.0,1.379149148850806e+18,4289.0,2.2669054807209577,2.290551075466344,bin_2
config_75,1152,17,8,0.0018994017736986,0.8657504320144653,0.9110482931137084,0.0464258044958114,2.1190589905017987e-05,64,8579.0,2.758619852644221e+18,1124504832,328688640,8,1.5440379579033211e-06,1120665600.0,2.758619852644221e+18,8579.0,2.0172860706829634,2.0381590703471764,bin_2
config_750,576,18,18,0.0027840377297252,0.8507624864578247,0.9677154421806335,0.2203635275363922,1.1314437870169058e-05,64,51154.0,5.756499389378986e+18,6704963584,100644480,8,1.1314437870169058e-05,1592524800.0,1.369635885133746e+18,12171.0,2.559697146865188,2.5873137289774224,bin_3
config_750,576,18,18,0.0027840377297252,0.8507624864578247,0.9677154421806335,0.2203635275363922,1.1314437870169058e-05,64,51154.0,5.756499389378986e+18,6704963584,100644480,8,1.1314437870169058e-05,3191603200.0,2.739271770267492e+18,24342.0,2.2086137417691654,2.231954000953768,bin_3
config_750,576,18,18,0.0027840377297252,0.8507624864578247,0.9677154421806335,0.2203635275363922,1.1314437870169058e-05,64,51154.0,5.756499389378986e+18,6704963584,100644480,8,1.1314437870169058e-05,4784128000.0,4.1090201881335634e+18,36514.0,2.0685708044786923,2.089430608690762,bin_3
config_750,576,18,18,0.0027840377297252,0.8507624864578247,0.9677154421806335,0.2203635275363922,1.1314437870169058e-05,64,51154.0,5.756499389378986e+18,6704963584,100644480,8,2.463239046610617e-06,6383206400.0,5.47865607326731e+18,48685.0,1.990186750439347,2.009451353237277,bin_3
config_750,576,18,18,0.0027840377297252,0.8507624864578247,0.9677154421806335,0.2203635275363922,1.1314437870169058e-05,64,51154.0,5.756499389378986e+18,6704963584,100644480,8,4.0150595706782595e-09,6704332800.0,5.756499389378986e+18,51154.0,1.984371445042188,2.00379444757446,bin_3
config_751,256,10,16,0.0020595104433596,0.8509556651115417,0.9088932275772096,0.129275843501091,9.2725531430915e-05,128,52124.0,2.613399021051445e+18,13664251904,21395968,16,9.2725531430915e-05,1599078400.0,3.051405579410463e+17,6086.0,2.411403643576825,2.436598976479202,bin_2
config_751,256,10,16,0.0020595104433596,0.8509556651115417,0.9088932275772096,0.129275843501091,9.2725531430915e-05,128,52124.0,2.613399021051445e+18,13664251904,21395968,16,9.2725531430915e-05,3185049600.0,6.102309777687273e+17,12171.0,2.124451159297443,2.147829818842841,bin_2
config_751,256,10,16,0.0020595104433596,0.8509556651115417,0.9088932275772096,0.129275843501091,9.2725531430915e-05,128,52124.0,2.613399021051445e+18,13664251904,21395968,16,9.2725531430915e-05,4784128000.0,9.153715357097736e+17,18257.0,2.031739574025889,2.0539893174171446,bin_2
config_751,256,10,16,0.0020595104433596,0.8509556651115417,0.9088932275772096,0.129275843501091,9.2725531430915e-05,128,52124.0,2.613399021051445e+18,13664251904,21395968,16,9.2725531430915e-05,6383206400.0,1.2204619555374546e+18,24342.0,1.9833535787316616,2.005692904073684,bin_2
config_751,256,10,16,0.0020595104433596,0.8509556651115417,0.9088932275772096,0.129275843501091,9.2725531430915e-05,128,52124.0,2.613399021051445e+18,13664251904,21395968,16,9.2725531430915e-05,7982284800.0,1.5256025134785006e+18,30428.0,1.9546056430457068,1.9763312100973285,bin_2
config_751,256,10,16,0.0020595104433596,0.8509556651115417,0.9088932275772096,0.129275843501091,9.2725531430915e-05,128,52124.0,2.613399021051445e+18,13664251904,21395968,16,9.2725531430915e-05,9568256000.0,1.8307430714195471e+18,36514.0,1.9337342232563457,1.9550434085580168,bin_2
config_751,256,10,16,0.0020595104433596,0.8509556651115417,0.9088932275772096,0.129275843501091,9.2725531430915e-05,128,52124.0,2.613399021051445e+18,13664251904,21395968,16,9.2725531430915e-05,11167334400.0,2.135833491247228e+18,42599.0,1.91810623688776,1.939132251035972,bin_2
config_751,256,10,16,0.0020595104433596,0.8509556651115417,0.9088932275772096,0.129275843501091,9.2725531430915e-05,128,52124.0,2.613399021051445e+18,13664251904,21395968,16,4.711965265946171e-05,12766412800.0,2.440974049188274e+18,48685.0,1.8961166825841684,1.9170483864330852,bin_2
config_751,256,10,16,0.0020595104433596,0.8509556651115417,0.9088932275772096,0.129275843501091,9.2725531430915e-05,128,52124.0,2.613399021051445e+18,13664251904,21395968,16,3.302779392018376e-07,13657702400.0,2.613399021051445e+18,52124.0,1.883740447818256,1.903549620909769,bin_2
config_752,448,21,16,0.1020573005080223,0.8242319226264954,0.9807158708572388,0.026914769783616,2.3565913579659536e-05,64,15380.0,1.3794688383101338e+18,2015969408,75529216,16,2.3565913579659536e-05,1592524800.0,1.091645983814866e+18,12171.0,2.2628282127614883,2.286725933121853,bin_1
config_752,448,21,16,0.1020573005080223,0.8242319226264954,0.9807158708572388,0.026914769783616,2.3565913579659536e-05,64,15380.0,1.3794688383101338e+18,2015969408,75529216,16,1.7118097031229684e-06,2011955200.0,1.3794688383101338e+18,15380.0,2.1587722155696056,2.181857527709398,bin_1
config_753,1152,21,12,0.0315340086817741,0.927095592021942,0.903426706790924,0.0973085835576057,0.0015728696016594,32,9086.0,1.755807488188711e+18,595463808,392398848,8,0.0015728696016594,298188800.0,8.779037440943555e+17,4543.0,3.3403660689025627,3.37493397622812,bin_2
config_753,1152,21,12,0.0315340086817741,0.927095592021942,0.903426706790924,0.0973085835576057,0.0015728696016594,32,9086.0,1.755807488188711e+18,595463808,392398848,8,6.405351318975231e-05,593100800.0,1.755807488188711e+18,9086.0,3.104843692623201,3.137073602520052,bin_2
config_754,256,5,16,0.0221895445138216,0.9530310034751892,0.9193756580352784,0.2345913499593734,0.0003279883530922,64,15127.0,2.6616955620753408e+17,1982762240,17133568,16,0.0002752033052862,1592524800.0,2.1415678380392e+17,12171.0,2.03060194273464,2.0532440627989224,bin_0
config_754,256,5,16,0.0221895445138216,0.9530310034751892,0.9193756580352784,0.2345913499593734,0.0003279883530922,64,15127.0,2.6616955620753408e+17,1982762240,17133568,16,2.49596548294531e-06,1979187200.0,2.6616955620753408e+17,15127.0,1.9788240059868236,2.001106194160024,bin_0
config_755,1152,17,18,0.0261438582092523,0.8056340217590332,0.9145852327346802,0.0817004293203353,0.0009862644365057,64,62142.0,1.998145098329083e+19,8145101312,328688640,8,0.0009862644365057,1592524800.0,3.913524507058555e+18,12171.0,1.718147763463317,1.7354025069025696,bin_3
config_755,1152,17,18,0.0261438582092523,0.8056340217590332,0.9145852327346802,0.0817004293203353,0.0009862644365057,64,62142.0,1.998145098329083e+19,8145101312,328688640,8,0.0009862644365057,3191603200.0,7.82704901411711e+18,24342.0,1.6467524871083556,1.663857467057275,bin_3
config_755,1152,17,18,0.0261438582092523,0.8056340217590332,0.9145852327346802,0.0817004293203353,0.0009862644365057,64,62142.0,1.998145098329083e+19,8145101312,328688640,8,0.0009862644365057,4784128000.0,1.1740895066201303e+19,36514.0,1.6159176174929886,1.631642168643045,bin_3
config_755,1152,17,18,0.0261438582092523,0.8056340217590332,0.9145852327346802,0.0817004293203353,0.0009862644365057,64,62142.0,1.998145098329083e+19,8145101312,328688640,8,0.0009862644365057,6383206400.0,1.5654419573259858e+19,48685.0,1.5970635179613455,1.6122788984267438,bin_3
config_755,1152,17,18,0.0261438582092523,0.8056340217590332,0.9145852327346802,0.0817004293203353,0.0009862644365057,64,62142.0,1.998145098329083e+19,8145101312,328688640,8,0.0002509855528787,7975731200.0,1.956794408031841e+19,60856.0,1.5206225823085815,1.5348716749715023,bin_3
config_755,1152,17,18,0.0261438582092523,0.8056340217590332,0.9145852327346802,0.0817004293203353,0.0009862644365057,64,62142.0,1.998145098329083e+19,8145101312,328688640,8,8.15897308119773e-06,8139571200.0,1.998145098329083e+19,62142.0,1.5034300102757625,1.5169949337693511,bin_3
config_756,704,22,22,0.0161959901452064,0.9280139207839966,0.9185270667076112,0.1931466311216354,2.5706256565172225e-05,64,67791.0,1.2667575067413185e+19,8885548032,174199168,8,2.5706256565172225e-05,1592524800.0,2.274299776452418e+18,12171.0,2.103583583284597,2.12571818799269,bin_3
config_756,704,22,22,0.0161959901452064,0.9280139207839966,0.9185270667076112,0.1931466311216354,2.5706256565172225e-05,64,67791.0,1.2667575067413185e+19,8885548032,174199168,8,2.5706256565172225e-05,3191603200.0,4.548599552904836e+18,24342.0,1.8980945001664709,1.919312125131732,bin_3
config_756,704,22,22,0.0161959901452064,0.9280139207839966,0.9185270667076112,0.1931466311216354,2.5706256565172225e-05,64,67791.0,1.2667575067413185e+19,8885548032,174199168,8,2.5706256565172225e-05,4784128000.0,6.823086191552345e+18,36514.0,1.8149750056032277,1.8335643473804972,bin_3
config_756,704,22,22,0.0161959901452064,0.9280139207839966,0.9185270667076112,0.1931466311216354,2.5706256565172225e-05,64,67791.0,1.2667575067413185e+19,8885548032,174199168,8,2.5706256565172225e-05,6383206400.0,9.097385968004764e+18,48685.0,1.7646357022738848,1.7827622006955697,bin_3
config_756,704,22,22,0.0161959901452064,0.9280139207839966,0.9185270667076112,0.1931466311216354,2.5706256565172225e-05,64,67791.0,1.2667575067413185e+19,8885548032,174199168,8,1.3627673323062736e-05,7975731200.0,1.137168574445718e+19,60856.0,1.718985719055426,1.7364316325109512,bin_3
config_756,704,22,22,0.0161959901452064,0.9280139207839966,0.9185270667076112,0.1931466311216354,2.5706256565172225e-05,64,67791.0,1.2667575067413185e+19,8885548032,174199168,8,8.049771016360259e-08,8880128000.0,1.2667575067413185e+19,67791.0,1.696580507188547,1.715223727519395,bin_3
config_757,960,6,6,0.0400218442082405,0.8117691874504089,0.9142698049545288,0.2402243912220001,3.105373980361037e-05,64,64999.0,7.065170038988145e+18,8519597568,114633600,16,3.105373980361037e-05,1592524800.0,1.3229462690891354e+18,12171.0,2.0362117857620365,2.057308261199076,bin_3
config_757,960,6,6,0.0400218442082405,0.8117691874504089,0.9142698049545288,0.2402243912220001,3.105373980361037e-05,64,64999.0,7.065170038988145e+18,8519597568,114633600,16,3.105373980361037e-05,3191603200.0,2.6458925381782707e+18,24342.0,1.891496576559348,1.911922815588654,bin_3
config_757,960,6,6,0.0400218442082405,0.8117691874504089,0.9142698049545288,0.2402243912220001,3.105373980361037e-05,64,64999.0,7.065170038988145e+18,8519597568,114633600,16,3.105373980361037e-05,4784128000.0,3.9689475038633385e+18,36514.0,1.8288438839208885,1.8483085042531373,bin_3
config_757,960,6,6,0.0400218442082405,0.8117691874504089,0.9142698049545288,0.2402243912220001,3.105373980361037e-05,64,64999.0,7.065170038988145e+18,8519597568,114633600,16,3.105373980361037e-05,6383206400.0,5.291893772952474e+18,48685.0,1.7891621391499628,1.8081290699224004,bin_3
config_757,960,6,6,0.0400218442082405,0.8117691874504089,0.9142698049545288,0.2402243912220001,3.105373980361037e-05,64,64999.0,7.065170038988145e+18,8519597568,114633600,16,8.25169504580373e-06,7975731200.0,6.614840042041609e+18,60856.0,1.7500961757487938,1.7679239515398368,bin_3
config_757,960,6,6,0.0400218442082405,0.8117691874504089,0.9142698049545288,0.2402243912220001,3.105373980361037e-05,64,64999.0,7.065170038988145e+18,8519597568,114633600,16,9.74531350311821e-08,8513126400.0,7.065170038988145e+18,64999.0,1.7424440541423736,1.760047209731868,bin_3
config_758,384,9,12,0.1597993820905685,0.9719820618629456,0.9281602501869202,0.1783487498760223,1.190273633255856e-05,64,51521.0,2.0010982051581788e+18,6753067008,35238912,16,1.190273633255856e-05,1592524800.0,4.727269706523591e+17,12171.0,2.7290409897976238,2.758224011874589,bin_2
config_758,384,9,12,0.1597993820905685,0.9719820618629456,0.9281602501869202,0.1783487498760223,1.190273633255856e-05,64,51521.0,2.0010982051581788e+18,6753067008,35238912,16,1.190273633255856e-05,3191603200.0,9.454539413047182e+17,24342.0,2.401553000348513,2.4267569342597586,bin_2
config_758,384,9,12,0.1597993820905685,0.9719820618629456,0.9281602501869202,0.1783487498760223,1.190273633255856e-05,64,51521.0,2.0010982051581788e+18,6753067008,35238912,16,1.190273633255856e-05,4784128000.0,1.4182197523950572e+18,36514.0,2.2341224086480063,2.2568761460507503,bin_2
config_758,384,9,12,0.1597993820905685,0.9719820618629456,0.9281602501869202,0.1783487498760223,1.190273633255856e-05,64,51521.0,2.0010982051581788e+18,6753067008,35238912,16,3.654507966276416e-06,6383206400.0,1.8909467230474163e+18,48685.0,2.147899211899179,2.170086967984184,bin_2
config_758,384,9,12,0.1597993820905685,0.9719820618629456,0.9281602501869202,0.1783487498760223,1.190273633255856e-05,64,51521.0,2.0010982051581788e+18,6753067008,35238912,16,2.720477394250604e-08,6750208000.0,2.0010982051581788e+18,51521.0,2.1412758738486493,2.1635060811433635,bin_2
config_759,576,19,24,0.0270142164081335,0.906076729297638,0.917616605758667,0.1471125930547714,2.2460260879597627e-05,32,8748.0,5.140307563639603e+17,573319680,104626944,8,2.2460260879597627e-05,285081600.0,2.5701537818198016e+17,4374.0,2.7656557790764045,2.793468610966792,bin_0
config_759,576,19,24,0.0270142164081335,0.906076729297638,0.917616605758667,0.1471125930547714,2.2460260879597627e-05,32,8748.0,5.140307563639603e+17,573319680,104626944,8,8.383301105915156e-07,570163200.0,5.140307563639603e+17,8748.0,2.5261399655850205,2.553408271484688,bin_0
config_760,832,14,16,0.0015796424122527,0.9651939868927002,0.9597629904747008,0.2262949049472808,0.0066237971186637,32,3630.0,2.98073373598421e+17,237907296,161130112,8,0.0066237971186637,117964800.0,1.490366867992105e+17,1815.0,3.4424203798419137,3.470821858273178,bin_0
config_760,832,14,16,0.0015796424122527,0.9651939868927002,0.9597629904747008,0.2262949049472808,0.0066237971186637,32,3630.0,2.98073373598421e+17,237907296,161130112,8,0.0002420388715711,235929600.0,2.98073373598421e+17,3630.0,3.331073441661772,3.3653752966005293,bin_0
config_761,832,23,16,0.0148246996104717,0.9648487567901612,0.9356499910354614,0.2435070723295211,0.0016510498244315,64,14272.0,3.548697595425915e+18,1870704128,237822208,8,0.0010082094179694,1592524800.0,3.026289127937837e+18,12171.0,1.7128738726357944,1.730898772184966,bin_2
config_761,832,23,16,0.0148246996104717,0.9648487567901612,0.9356499910354614,0.2435070723295211,0.0016510498244315,64,14272.0,3.548697595425915e+18,1870704128,237822208,8,1.0452689535969542e-05,1867776000.0,3.548697595425915e+18,14272.0,1.6567925896996358,1.6741927417575335,bin_2
config_762,960,15,6,0.0061247167177498,0.8517707586288452,0.9735087156295776,0.1723206341266632,0.00718459719792,64,16867.0,3.623182774782198e+18,2210851328,214183680,8,0.00718459719792,1592524800.0,2.614439885686496e+18,12171.0,3.2048408254639047,3.237282905656784,bin_2
config_762,960,15,6,0.0061247167177498,0.8517707586288452,0.9735087156295776,0.1723206341266632,0.00718459719792,64,16867.0,3.623182774782198e+18,2210851328,214183680,8,4.202964637461948e-05,2208563200.0,3.623182774782198e+18,16867.0,3.069374756969389,3.101711404831683,bin_2
config_763,768,18,24,0.0533718094229698,0.9208446741104126,0.9455596804618835,0.0973999872803688,0.0001557146169943,64,8774.0,1.5364029198874706e+18,1150151168,166043136,8,0.0001557146169943,576716800.0,7.682014599437353e+17,4387.0,1.9581685997032727,1.9781543794616323,bin_1
config_763,768,18,24,0.0533718094229698,0.9208446741104126,0.9455596804618835,0.0973999872803688,0.0001557146169943,64,8774.0,1.5364029198874706e+18,1150151168,166043136,8,4.3760548101463305e-06,1146880000.0,1.5364029198874706e+18,8774.0,1.7821553419652532,1.8014825798253544,bin_1
config_764,512,8,16,0.0709550902247428,0.9519060850143432,0.9798232316970824,0.200247660279274,0.0011275170836597,32,5677.0,1.5577888939514266e+17,372060736,53013504,16,0.0011275170836597,186777600.0,7.787572452059448e+16,2838.0,2.15559118247423,2.1770669770240785,bin_0
config_764,512,8,16,0.0709550902247428,0.9519060850143432,0.9798232316970824,0.200247660279274,0.0011275170836597,32,5677.0,1.5577888939514266e+17,372060736,53013504,16,2.6798381389800787e-05,370278400.0,1.5577888939514266e+17,5677.0,1.9385080799509269,1.9578424246584785,bin_0
config_765,832,17,8,0.0025467916857451,0.8963652849197388,0.9789242148399352,0.2165414243936538,0.0001972500613192,64,16842.0,3.23991166316082e+18,2207636224,186694144,8,0.0001972500613192,1592524800.0,2.341346921525373e+18,12171.0,1.729369425363228,1.7468174593175043,bin_2
config_765,832,17,8,0.0025467916857451,0.8963652849197388,0.9789242148399352,0.2165414243936538,0.0001972500613192,64,16842.0,3.23991166316082e+18,2207636224,186694144,8,2.272216833627762e-06,2202009600.0,3.23991166316082e+18,16842.0,1.645659920700261,1.6631010420009738,bin_2
config_766,256,23,16,0.0707924738526344,0.9818114042282104,0.97754567861557,0.1878903657197952,0.0001318474969593,32,6754.0,1.5027574945092403e+17,442637728,32478208,16,0.0001318474969593,222822400.0,7.513787472546202e+16,3377.0,2.904934410892549,2.9356732451329464,bin_0
config_766,256,23,16,0.0707924738526344,0.9818114042282104,0.97754567861557,0.1878903657197952,0.0001318474969593,32,6754.0,1.5027574945092403e+17,442637728,32478208,16,4.155949470744909e-07,442368000.0,1.5027574945092403e+17,6754.0,2.526918798079256,2.5538394092340937,bin_0
config_767,512,13,16,0.0464259274303913,0.814947247505188,0.9186774492263794,0.1437496542930603,0.0003020331496372,64,23599.0,1.805970772370129e+18,3093248256,70057984,16,0.0003020331496372,1592524800.0,9.314153256712928e+17,12171.0,1.8384697962588952,1.8585822339917792,bin_2
config_767,512,13,16,0.0464259274303913,0.814947247505188,0.9186774492263794,0.1437496542930603,0.0003020331496372,64,23599.0,1.805970772370129e+18,3093248256,70057984,16,4.363096796057456e-06,3086745600.0,1.805970772370129e+18,23599.0,1.719575065784767,1.738434793323767,bin_2
config_769,896,18,14,0.0011259589809924,0.8521500825881958,0.9042542576789856,0.1443623006343841,0.0001820899778977,32,3748.0,4.314992570291773e+17,245638192,226747136,8,0.0001820899778977,121241600.0,2.1574962851458867e+17,1874.0,2.341712574607036,2.365562816897377,bin_0
config_769,896,18,14,0.0011259589809924,0.8521500825881958,0.9042542576789856,0.1443623006343841,0.0001820899778977,32,3748.0,4.314992570291773e+17,245638192,226747136,8,1.615585755839147e-05,242483200.0,4.314992570291773e+17,3748.0,2.051987370506662,2.072440740319549,bin_0
config_77,576,11,12,0.0014019997324794,0.8952630162239075,0.9969131350517272,0.1869204193353653,0.0006785303703509,32,3561.0,1.38232245710592e+17,233406800,72767232,16,0.0006785303703509,117964800.0,6.909671366606396e+16,1780.0,2.2183366871270978,2.240187538139156,bin_0
config_77,576,11,12,0.0014019997324794,0.8952630162239075,0.9969131350517272,0.1869204193353653,0.0006785303703509,32,3561.0,1.38232245710592e+17,233406800,72767232,16,1.12238106373837e-05,232652800.0,1.38232245710592e+17,3561.0,1.9891332758840967,2.009364939126812,bin_0
config_770,384,8,16,0.0021063506137579,0.8635945916175842,0.9389774203300476,0.1890006810426712,3.7903155316598713e-05,32,7306.0,1.3229690833118822e+17,478867584,33468672,16,3.7903155316598713e-05,239206400.0,6.614845416559411e+16,3653.0,2.869292115461631,2.8991144105254625,bin_0
config_770,384,8,16,0.0021063506137579,0.8635945916175842,0.9389774203300476,0.1890006810426712,3.7903155316598713e-05,32,7306.0,1.3229690833118822e+17,478867584,33468672,16,1.647963274634706e-07,478412800.0,1.3229690833118822e+17,7306.0,2.651718895318078,2.6799715222687017,bin_0
config_771,704,20,22,0.013642462901771,0.8213260173797607,0.9629472494125366,0.2983619272708893,5.651082392432727e-05,32,3862.0,3.3294117919538995e+17,253121584,161580672,8,5.651082392432727e-05,127795200.0,1.6647058959769498e+17,1931.0,2.6983926942309395,2.727190990760678,bin_0
config_771,704,20,22,0.013642462901771,0.8213260173797607,0.9629472494125366,0.2983619272708893,5.651082392432727e-05,32,3862.0,3.3294117919538995e+17,253121584,161580672,8,5.886544158784091e-07,252313600.0,3.3294117919538995e+17,3862.0,2.4097064945932294,2.4344703799193024,bin_0
config_772,320,20,16,0.0020191087387502,0.9114524722099304,0.9087376594543456,0.081053227186203,0.0024484221357852,64,55569.0,3.065951282975539e+18,7283668480,43954560,16,0.0024484221357852,1592524800.0,6.71519967339619e+17,12171.0,1.878109676095306,1.8980989289283752,bin_2
config_772,320,20,16,0.0020191087387502,0.9114524722099304,0.9087376594543456,0.081053227186203,0.0024484221357852,64,55569.0,3.065951282975539e+18,7283668480,43954560,16,0.0024484221357852,3191603200.0,1.343039934679238e+18,24342.0,1.8217398416800576,1.8411771116491225,bin_2
config_772,320,20,16,0.0020191087387502,0.9114524722099304,0.9087376594543456,0.081053227186203,0.0024484221357852,64,55569.0,3.065951282975539e+18,7283668480,43954560,16,0.0024484221357852,4784128000.0,2.014615075789898e+18,36514.0,1.798298801203243,1.815511513889813,bin_2
config_772,320,20,16,0.0020191087387502,0.9114524722099304,0.9087376594543456,0.081053227186203,0.0024484221357852,64,55569.0,3.065951282975539e+18,7283668480,43954560,16,0.0024484221357852,6383206400.0,2.6861350431295165e+18,48685.0,1.7823323410065448,1.7995618160435412,bin_2
config_772,320,20,16,0.0020191087387502,0.9114524722099304,0.9087376594543456,0.081053227186203,0.0024484221357852,64,55569.0,3.065951282975539e+18,7283668480,43954560,16,1.032860137209577e-05,7281049600.0,3.065951282975539e+18,55569.0,1.7116042246193182,1.727915301791957,bin_2
config_773,576,23,18,0.0019880016334354,0.842632532119751,0.9597398042678832,0.0524972155690193,6.889369979035109e-05,128,38847.0,1.0680104713335863e+19,10183542784,120556800,8,6.889369979035109e-05,1599078400.0,1.6732081572672814e+18,6086.0,2.0197602671873374,2.041609910550665,bin_3
config_773,576,23,18,0.0019880016334354,0.842632532119751,0.9597398042678832,0.0524972155690193,6.889369979035109e-05,128,38847.0,1.0680104713335863e+19,10183542784,120556800,8,6.889369979035109e-05,3185049600.0,3.34614138713442e+18,12171.0,1.827874924589376,1.8483973912919156,bin_3
config_773,576,23,18,0.0019880016334354,0.842632532119751,0.9597398042678832,0.0524972155690193,6.889369979035109e-05,128,38847.0,1.0680104713335863e+19,10183542784,120556800,8,6.889369979035109e-05,4784128000.0,5.019349544401701e+18,18257.0,1.7555412292675894,1.7743506463433876,bin_3
config_773,576,23,18,0.0019880016334354,0.842632532119751,0.9597398042678832,0.0524972155690193,6.889369979035109e-05,128,38847.0,1.0680104713335863e+19,10183542784,120556800,8,6.889369979035109e-05,6383206400.0,6.69228277426884e+18,24342.0,1.713127455945875,1.7307946541465695,bin_3
config_773,576,23,18,0.0019880016334354,0.842632532119751,0.9597398042678832,0.0524972155690193,6.889369979035109e-05,128,38847.0,1.0680104713335863e+19,10183542784,120556800,8,6.889369979035109e-05,7982284800.0,8.365490931536121e+18,30428.0,1.684655474189852,1.7022547357004196,bin_3
config_773,576,23,18,0.0019880016334354,0.842632532119751,0.9597398042678832,0.0524972155690193,6.889369979035109e-05,128,38847.0,1.0680104713335863e+19,10183542784,120556800,8,6.889369979035109e-05,9568256000.0,1.0038699088803402e+19,36514.0,1.663200188015328,1.6796596874174523,bin_3
config_773,576,23,18,0.0019880016334354,0.842632532119751,0.9597398042678832,0.0524972155690193,6.889369979035109e-05,128,38847.0,1.0680104713335863e+19,10183542784,120556800,8,1.588035257551001e-06,10171187200.0,1.0680104713335863e+19,38847.0,1.6349692291705336,1.650788376585382,bin_3
config_774,256,17,16,0.0101596275344491,0.8297298550605774,0.9675235748291016,0.2030788511037826,7.439764158334583e-05,128,42958.0,3.052753638575309e+18,11261409280,27363328,16,7.439764158334583e-05,1599078400.0,4.3249356684131776e+17,6086.0,2.437367866547381,2.463669047981012,bin_2
config_774,256,17,16,0.0101596275344491,0.8297298550605774,0.9675235748291016,0.2030788511037826,7.439764158334583e-05,128,42958.0,3.052753638575309e+18,11261409280,27363328,16,7.439764158334583e-05,3185049600.0,8.64916070000933e+17,12171.0,2.116100563573056,2.138560773310114,bin_2
config_774,256,17,16,0.0101596275344491,0.8297298550605774,0.9675235748291016,0.2030788511037826,7.439764158334583e-05,128,42958.0,3.052753638575309e+18,11261409280,27363328,16,7.439764158334583e-05,4784128000.0,1.2974096368422508e+18,18257.0,2.006534360549489,2.027276939368639,bin_2
config_774,256,17,16,0.0101596275344491,0.8297298550605774,0.9675235748291016,0.2030788511037826,7.439764158334583e-05,128,42958.0,3.052753638575309e+18,11261409280,27363328,16,7.439764158334583e-05,6383206400.0,1.729832140001866e+18,24342.0,1.9523712331740584,1.970432885318506,bin_2
config_774,256,17,16,0.0101596275344491,0.8297298550605774,0.9675235748291016,0.2030788511037826,7.439764158334583e-05,128,42958.0,3.052753638575309e+18,11261409280,27363328,16,7.439764158334583e-05,7982284800.0,2.162325706843184e+18,30428.0,1.9186884853488109,1.9354956396681364,bin_2
config_774,256,17,16,0.0101596275344491,0.8297298550605774,0.9675235748291016,0.2030788511037826,7.439764158334583e-05,128,42958.0,3.052753638575309e+18,11261409280,27363328,16,5.507967090969247e-05,9568256000.0,2.594819273684501e+18,36514.0,1.8856472478147408,1.905733292650004,bin_2
config_774,256,17,16,0.0101596275344491,0.8297298550605774,0.9675235748291016,0.2030788511037826,7.439764158334583e-05,128,42958.0,3.052753638575309e+18,11261409280,27363328,16,3.0533481241359493e-06,11167334400.0,3.027241776844117e+18,42599.0,1.8598209626166544,1.8792303713032457,bin_2
config_774,256,17,16,0.0101596275344491,0.8297298550605774,0.9675235748291016,0.2030788511037826,7.439764158334583e-05,128,42958.0,3.052753638575309e+18,11261409280,27363328,16,6.823124299744746e-08,11259084800.0,3.052753638575309e+18,42958.0,1.859218119910506,1.8786078668031536,bin_2
config_775,896,8,16,0.0010783732868731,0.9022493958473206,0.937137007713318,0.2671664655208587,0.0001092425809474,64,14111.0,1.721785528254726e+18,1849608192,125803776,16,5.683860473281539e-05,1592524800.0,1.4850720476499377e+18,12171.0,1.80295247374988,1.822805000914902,bin_2
config_775,896,8,16,0.0010783732868731,0.9022493958473206,0.937137007713318,0.2671664655208587,0.0001092425809474,64,14111.0,1.721785528254726e+18,1849608192,125803776,16,3.188295013059606e-07,1848115200.0,1.721785528254726e+18,14111.0,1.7733700473191307,1.7928105341411027,bin_2
config_776,256,24,4,0.0210985839366912,0.8096269965171814,0.9473833441734314,0.2539562880992889,0.0022666198201477,32,14226.0,3.271540543706235e+17,932318336,33330688,16,0.0022666198201477,465305600.0,1.6357702718531174e+17,7113.0,2.0727089192046493,2.093056700385985,bin_0
config_776,256,24,4,0.0210985839366912,0.8096269965171814,0.9473833441734314,0.2539562880992889,0.0022666198201477,32,14226.0,3.271540543706235e+17,932318336,33330688,16,1.631564654591385e-05,930611200.0,3.271540543706235e+17,14226.0,1.9004879758397089,1.9190353499475072,bin_0
config_777,768,11,8,0.0581560730934143,0.8172925710678101,0.9667165875434875,0.1334295868873596,0.0015146059449762,64,10882.0,1.2928860798985175e+18,1426341632,116487168,16,0.0015146059449762,714342400.0,6.464430399492588e+17,5441.0,1.8423848069691269,1.8617183121306,bin_1
config_777,768,11,8,0.0581560730934143,0.8172925710678101,0.9667165875434875,0.1334295868873596,0.0015146059449762,64,10882.0,1.2928860798985175e+18,1426341632,116487168,16,3.340274999258353e-05,1422131200.0,1.2928860798985175e+18,10882.0,1.692772801469584,1.7109134919135296,bin_1
config_78,1088,20,8,0.0090747708454728,0.8438695073127747,0.9205968379974364,0.1442849487066269,0.0005630479427054,64,27855.0,9.618522192251191e+18,3651096576,349985664,8,0.0005630479427054,1592524800.0,4.202729621320741e+18,12171.0,1.7036786501720302,1.72131334799235,bin_3
config_78,1088,20,8,0.0090747708454728,0.8438695073127747,0.9205968379974364,0.1442849487066269,0.0005630479427054,64,27855.0,9.618522192251191e+18,3651096576,349985664,8,0.0004910383277388,3191603200.0,8.405459242641482e+18,24342.0,1.622187678188574,1.639178828802265,bin_3
config_78,1088,20,8,0.0090747708454728,0.8438695073127747,0.9205968379974364,0.1442849487066269,0.0005630479427054,64,27855.0,9.618522192251191e+18,3651096576,349985664,8,7.00482635861469e-07,3650355200.0,9.618522192251191e+18,27855.0,1.5538458513236435,1.5699827402341562,bin_3
config_780,384,24,16,0.0285761132836341,0.8788357973098755,0.9237896203994752,0.2161082178354263,1.298620190937072e-05,32,14200.0,5.557265086862131e+17,930655360,61792512,16,1.298620190937072e-05,465305600.0,2.7786325434310656e+17,7100.0,2.919266899296495,2.9496621170981987,bin_1
config_780,384,24,16,0.0285761132836341,0.8788357973098755,0.9237896203994752,0.2161082178354263,1.298620190937072e-05,32,14200.0,5.557265086862131e+17,930655360,61792512,16,0.0,930611200.0,5.557265086862131e+17,14200.0,2.7043797423409632,2.732648225768668,bin_1
config_781,576,22,8,0.0459881201386451,0.933683693408966,0.978369414806366,0.2348031848669052,0.0008960287668742,64,24194.0,3.205146928881107e+18,3171159808,116574336,8,0.0008960287668742,1592524800.0,1.612376757518887e+18,12171.0,1.7394129001312568,1.7574942020705488,bin_2
config_781,576,22,8,0.0459881201386451,0.933683693408966,0.978369414806366,0.2348031848669052,0.0008960287668742,64,24194.0,3.205146928881107e+18,3171159808,116574336,8,6.941067912405951e-06,3165388800.0,3.205146928881107e+18,24194.0,1.6089773215035923,1.6260580089639445,bin_2
config_783,896,6,4,0.0088888499885797,0.9492620229721068,0.9128844738006592,0.1202849522233009,0.0001552041649119,64,9119.0,9.15341043397165e+17,1195365888,105615104,16,0.0001552041649119,596377600.0,4.576203330241996e+17,4559.0,1.952913776264816,1.9734775875435504,bin_1
config_783,896,6,4,0.0088888499885797,0.9492620229721068,0.9128844738006592,0.1202849522233009,0.0001552041649119,64,9119.0,9.15341043397165e+17,1195365888,105615104,16,2.690583150846584e-06,1192755200.0,9.15341043397165e+17,9119.0,1.812903136034481,1.8323967427113017,bin_1
config_784,704,22,16,0.1195189952850341,0.8475511074066162,0.9378842711448668,0.2744840383529663,0.000865239650011,64,23941.0,4.473730378842735e+18,3138054912,174199168,8,0.000865239650011,1592524800.0,2.2743315835134252e+18,12171.0,1.766154253346021,1.7832213002150177,bin_2
config_784,704,22,16,0.1195189952850341,0.8475511074066162,0.9378842711448668,0.2744840383529663,0.000865239650011,64,23941.0,4.473730378842735e+18,3138054912,174199168,8,5.398695122577004e-06,3132620800.0,4.473730378842735e+18,23941.0,1.597676154023311,1.6144365229372115,bin_2
config_787,256,6,8,0.0073365368880331,0.9516593217849731,0.9878206849098206,0.2007330060005188,1.3966562619316392e-05,64,42959.0,8.200870517122007e+17,5630723584,17986048,16,1.3966562619316392e-05,1592524800.0,2.3234431682276576e+17,12171.0,2.8626164019694094,2.892931216896557,bin_1
config_787,256,6,8,0.0073365368880331,0.9516593217849731,0.9878206849098206,0.2007330060005188,1.3966562619316392e-05,64,42959.0,8.200870517122007e+17,5630723584,17986048,16,1.3966562619316392e-05,3191603200.0,4.646886336455315e+17,24342.0,2.6162347563759227,2.644591982325569,bin_1
config_787,256,6,8,0.0073365368880331,0.9516593217849731,0.9878206849098206,0.2007330060005188,1.3966562619316392e-05,64,42959.0,8.200870517122007e+17,5630723584,17986048,16,1.046155954518898e-05,4784128000.0,6.970520404622849e+17,36514.0,2.436552834549888,2.4616083786917518,bin_1
config_787,256,6,8,0.0073365368880331,0.9516593217849731,0.9878206849098206,0.2007330060005188,1.3966562619316392e-05,64,42959.0,8.200870517122007e+17,5630723584,17986048,16,1.4577184689068151e-08,5629542400.0,8.200870517122007e+17,42959.0,2.3965771650095453,2.4211570200372914,bin_1
config_788,704,20,16,0.0010160242673009,0.9537416100502014,0.9362081289291382,0.0048941732384264,4.9837348342407495e-05,32,6536.0,5.634944948279624e+17,428401856,161580672,8,4.9837348342407495e-05,212992000.0,2.817472474139812e+17,3268.0,2.495053271582869,2.52104258619371,bin_1
config_788,704,20,16,0.0010160242673009,0.9537416100502014,0.9362081289291382,0.0048941732384264,4.9837348342407495e-05,32,6536.0,5.634944948279624e+17,428401856,161580672,8,4.9837348342407495e-05,425984000.0,5.634944948279624e+17,6536.0,2.1676436593884327,2.190468460360512,bin_1
config_789,768,5,12,0.0314971171319484,0.944067656993866,0.9308843016624452,0.2047320008277893,0.0015087507199496,64,15244.0,1.0757878468629628e+18,1998176128,74010624,16,0.0014961777972833,1592524800.0,8.589224536977906e+17,12171.0,1.8156266565791896,1.8358623061414625,bin_1
config_789,768,5,12,0.0314971171319484,0.944067656993866,0.9308843016624452,0.2047320008277893,0.0015087507199496,64,15244.0,1.0757878468629628e+18,1998176128,74010624,16,2.1277253742879023e-05,1992294400.0,1.0757878468629628e+18,15244.0,1.7240269025036543,1.743407714523253,bin_1
config_79,832,14,16,0.0432093925774097,0.8657392263412476,0.9106143116950988,0.2066121399402618,9.625749953556806e-05,32,9331.0,7.662289989647155e+17,611565760,161130112,8,9.625749953556806e-05,304742400.0,3.830734412357087e+17,4665.0,2.149182719031318,2.171770482610484,bin_1
config_79,832,14,16,0.0432093925774097,0.8657392263412476,0.9106143116950988,0.2066121399402618,9.625749953556806e-05,32,9331.0,7.662289989647155e+17,611565760,161130112,8,1.5485119281798663e-06,609484800.0,7.662289989647155e+17,9331.0,1.9467891628038687,1.9680193596003488,bin_1
config_790,448,11,14,0.0029223652090877,0.8479397892951965,0.944105863571167,0.0525210164487361,0.0003669055586215,32,7547.0,2.0913205784819712e+17,494656864,50288896,16,0.0003669055586215,245760000.0,1.0455217361352163e+17,3773.0,2.136255352340761,2.1571624297783023,bin_0
config_790,448,11,14,0.0029223652090877,0.8479397892951965,0.944105863571167,0.0525210164487361,0.0003669055586215,32,7547.0,2.0913205784819712e+17,494656864,50288896,16,4.354687185659348e-05,491520000.0,2.0913205784819712e+17,7547.0,1.957378002463794,1.976752621893023,bin_0
config_791,384,22,16,0.0194434467703104,0.9364713430404664,0.9259013533592224,0.1921719163656234,3.944508353015408e-05,64,31557.0,2.304052791952343e+18,4136342784,58252032,16,3.944508353015408e-05,1592524800.0,8.886341075150353e+17,12171.0,2.1657840264820662,2.188597726431049,bin_2
config_791,384,22,16,0.0194434467703104,0.9364713430404664,0.9259013533592224,0.1921719163656234,3.944508353015408e-05,64,31557.0,2.304052791952343e+18,4136342784,58252032,16,3.944508353015408e-05,3191603200.0,1.7772682150300703e+18,24342.0,1.9672332200847689,1.988690870042707,bin_2
config_791,384,22,16,0.0194434467703104,0.9364713430404664,0.9259013533592224,0.1921719163656234,3.944508353015408e-05,64,31557.0,2.304052791952343e+18,4136342784,58252032,16,4.5533572676626063e-08,4135321600.0,2.304052791952343e+18,31557.0,1.9041319772845409,1.925756708598528,bin_2
config_792,1088,12,8,0.0410772897303104,0.8530546426773071,0.90278160572052,0.2834625542163849,0.0009826133027672,32,5141.0,5.768011482513408e+17,336929280,231872384,8,0.0009826133027672,167116800.0,2.883444759785929e+17,2570.0,2.2159391749882307,2.238438363935127,bin_1
config_792,1088,12,8,0.0410772897303104,0.8530546426773071,0.90278160572052,0.2834625542163849,0.0009826133027672,32,5141.0,5.768011482513408e+17,336929280,231872384,8,2.76507518280428e-05,334233600.0,5.768011482513408e+17,5141.0,1.9803681223705167,2.00195451812666,bin_1
config_793,640,18,20,0.0016934552695602,0.9003567099571228,0.9365323781967164,0.2425736337900161,2.92265358439181e-05,64,25550.0,3.4317430925819904e+18,3348971520,123623680,8,2.92265358439181e-05,1592524800.0,1.6347454082119534e+18,12171.0,2.100494421798675,2.1229816624961915,bin_2
config_793,640,18,20,0.0016934552695602,0.9003567099571228,0.9365323781967164,0.2425736337900161,2.92265358439181e-05,64,25550.0,3.4317430925819904e+18,3348971520,123623680,8,5.659487334629937e-06,3191603200.0,3.269490816423907e+18,24342.0,1.8995412065552884,1.920633808648,bin_2
config_793,640,18,20,0.0016934552695602,0.9003567099571228,0.9365323781967164,0.2425736337900161,2.92265358439181e-05,64,25550.0,3.4317430925819904e+18,3348971520,123623680,8,0.0,3348889600.0,3.4317430925819904e+18,25550.0,1.8936527960417704,1.9145405361886885,bin_2
config_795,256,9,4,0.0036670686677098,0.951662540435791,0.9086677432060242,0.2303676754236221,3.003254278155509e-05,32,7978.0,9.404599642280755e+16,522899424,20543488,16,3.003254278155509e-05,262144000.0,4.702299821140378e+16,3989.0,3.0029612501332017,3.0351761077661985,bin_0
config_795,256,9,4,0.0036670686677098,0.951662540435791,0.9086677432060242,0.2303676754236221,3.003254278155509e-05,32,7978.0,9.404599642280755e+16,522899424,20543488,16,4.577633085920222e-07,521011200.0,9.404599642280755e+16,7978.0,2.7676337332021994,2.797099173186256,bin_0
config_796,1152,5,18,0.0326415598392486,0.9402592182159424,0.988722562789917,0.1145984902977943,3.6890349292662e-05,32,8731.0,5.532780041436856e+17,572259968,137558016,16,3.6890349292662e-05,285081600.0,2.7660731738485715e+17,4365.0,2.342839949287352,2.366233422912535,bin_1
config_796,1152,5,18,0.0326415598392486,0.9402592182159424,0.988722562789917,0.1145984902977943,3.6890349292662e-05,32,8731.0,5.532780041436856e+17,572259968,137558016,16,1.1436008280725217e-06,570163200.0,5.532780041436856e+17,8731.0,2.0897217936593977,2.1105449231335376,bin_1
config_797,768,13,6,0.0026751803234219,0.965923309326172,0.9239662885665894,0.2390543222427368,5.911618791287765e-05,32,9453.0,6.375715238527304e+17,619531712,130646016,8,5.911618791287765e-05,311296000.0,3.187520386890938e+17,4726.0,2.183001354600562,2.2053687520887038,bin_1
config_797,768,13,6,0.0026751803234219,0.965923309326172,0.9239662885665894,0.2390543222427368,5.911618791287765e-05,32,9453.0,6.375715238527304e+17,619531712,130646016,8,7.850755366916615e-08,619315200.0,6.375715238527304e+17,9453.0,1.9779253539491872,1.9985469691870643,bin_1
config_798,1088,24,8,0.0019967856351286,0.8185062408447266,0.956879496574402,0.2033477276563644,8.510197949362919e-05,32,6791.0,1.377828445270192e+18,445083552,409042304,8,8.510197949362919e-05,222822400.0,6.888127774543222e+17,3395.0,2.118960060916963,2.140500514096901,bin_1
config_798,1088,24,8,0.0019967856351286,0.8185062408447266,0.956879496574402,0.2033477276563644,8.510197949362919e-05,32,6791.0,1.377828445270192e+18,445083552,409042304,8,2.5283921443759315e-06,442368000.0,1.377828445270192e+18,6791.0,1.903556453595396,1.92394506346984,bin_1
config_799,576,16,18,0.001515396288596,0.957454800605774,0.9805163741111756,0.0052500846795737,0.001310943509452,32,10845.0,5.5614886555262976e+17,710773632,92679552,16,0.001310943509452,353894400.0,2.7804879198030048e+17,5422.0,1.992743724056932,2.012989167268159,bin_1
config_799,576,16,18,0.001515396288596,0.957454800605774,0.9805163741111756,0.0052500846795737,0.001310943509452,32,10845.0,5.5614886555262976e+17,710773632,92679552,16,0.0010534367486668,707788800.0,5.5614886555262976e+17,10845.0,1.8622064482970315,1.8814497951210525,bin_1
config_800,1088,21,16,0.0027792588807642,0.895333468914032,0.9379719495773317,0.0376054495573043,0.0002115823008352,64,8464.0,3.050581318319849e+18,1109410944,364749824,8,0.0002115823008352,557056000.0,1.5252906591599247e+18,4232.0,1.8633440868385505,1.881855239711824,bin_2
config_800,1088,21,16,0.0027792588807642,0.895333468914032,0.9379719495773317,0.0376054495573043,0.0002115823008352,64,8464.0,3.050581318319849e+18,1109410944,364749824,8,9.314944061930938e-06,1107558400.0,3.050581318319849e+18,8464.0,1.7086203904034662,1.7264679233167992,bin_2
config_801,704,11,4,0.0039491723291575,0.816459596157074,0.9689831733703612,0.1036526635289192,0.0014008216094225,64,18805.0,2.018787438244921e+18,2464929792,104797440,16,0.0014008216094225,1592524800.0,1.3066026009507543e+18,12171.0,1.7567191983441837,1.7753605039784166,bin_2
config_801,704,11,4,0.0039491723291575,0.816459596157074,0.9689831733703612,0.1036526635289192,0.0014008216094225,64,18805.0,2.018787438244921e+18,2464929792,104797440,16,3.5936932001605533e-06,2464153600.0,2.018787438244921e+18,18805.0,1.6643470514797774,1.6818164041003243,bin_2
config_802,704,22,16,0.0120765576139092,0.8215843439102173,0.9284685850143432,0.1703574359416961,1.948569479282014e-05,64,11836.0,2.2118203106829435e+18,1551459968,174199168,8,1.948569479282014e-05,773324800.0,1.1059101553414716e+18,5918.0,2.4846125372316017,2.512019502549875,bin_2
config_802,704,22,16,0.0120765576139092,0.8215843439102173,0.9284685850143432,0.1703574359416961,1.948569479282014e-05,64,11836.0,2.2118203106829435e+18,1551459968,174199168,8,3.47958835586072e-07,1546649600.0,2.2118203106829435e+18,11836.0,2.1704042515793787,2.1933181789663974,bin_2
config_803,704,22,4,0.0089789098128676,0.881318986415863,0.9843334555625916,0.2436027228832245,2.4019802367547527e-05,32,7297.0,6.818160572446925e+17,478253280,174199168,8,2.4019802367547527e-05,239206400.0,3.408613096928379e+17,3648.0,2.6046084756147665,2.632153410032147,bin_1
config_803,704,22,4,0.0089789098128676,0.881318986415863,0.9843334555625916,0.2436027228832245,2.4019802367547527e-05,32,7297.0,6.818160572446925e+17,478253280,174199168,8,6.35301469484938e-07,475136000.0,6.818160572446925e+17,7297.0,2.28935291343048,2.3129470141598434,bin_1
config_805,320,23,10,0.0183222070336341,0.8609092831611633,0.9392439126968384,0.245130181312561,4.010658449260518e-05,64,31123.0,1.915707124797604e+18,4079483392,48134400,16,4.010658449260518e-05,1592524800.0,7.491588669444346e+17,12171.0,2.2224669760954185,2.2458576970022235,bin_2
config_805,320,23,10,0.0183222070336341,0.8609092831611633,0.9392439126968384,0.245130181312561,4.010658449260518e-05,64,31123.0,1.915707124797604e+18,4079483392,48134400,16,3.560648797593589e-05,3191603200.0,1.498317733888869e+18,24342.0,2.0000435800239686,2.0226903417853057,bin_2
config_805,320,23,10,0.0183222070336341,0.8609092831611633,0.9392439126968384,0.245130181312561,4.010658449260518e-05,64,31123.0,1.915707124797604e+18,4079483392,48134400,16,1.2091380827499273e-07,4076339200.0,1.915707124797604e+18,31123.0,1.946492784492305,1.96864741587248,bin_2
config_806,576,23,18,0.004852969199419,0.8105490207672119,0.9299166202545166,0.2766675949096679,3.0294369935290888e-05,64,22344.0,3.071554931052085e+18,2928745728,120556800,8,3.0294369935290888e-05,1592524800.0,1.6731066535013844e+18,12171.0,2.10878690723513,2.1309722103251785,bin_2
config_806,576,23,18,0.004852969199419,0.8105490207672119,0.9299166202545166,0.2766675949096679,3.0294369935290888e-05,64,22344.0,3.071554931052085e+18,2928745728,120556800,8,2.156531754008723e-07,2922905600.0,3.071554931052085e+18,22344.0,1.9332790064225431,1.954800051470272,bin_2
config_808,512,8,16,0.0718510448932647,0.8495674729347229,0.9487031698226928,0.0891523733735084,1.6396712453570217e-05,32,3865.0,1.0605684492125798e+17,253305104,53013504,16,1.6396712453570217e-05,127795200.0,5.3014702299578376e+16,1932.0,3.21128984568549,3.2451098918133097,bin_0
config_808,512,8,16,0.0718510448932647,0.8495674729347229,0.9487031698226928,0.0891523733735084,1.6396712453570217e-05,32,3865.0,1.0605684492125798e+17,253305104,53013504,16,7.149729267545151e-07,252313600.0,1.0605684492125798e+17,3865.0,2.979079816224145,3.010562801204744,bin_0
config_809,640,18,20,0.0205130018293857,0.957073986530304,0.9193385243415833,0.2906400561332702,0.000108226246084,128,51514.0,1.3837946208335954e+19,13504183296,123623680,8,0.000108226246084,1599078400.0,1.6348515087924178e+18,6086.0,1.9103351252196263,1.9312822606719908,bin_3
config_809,640,18,20,0.0205130018293857,0.957073986530304,0.9193385243415833,0.2906400561332702,0.000108226246084,128,51514.0,1.3837946208335954e+19,13504183296,123623680,8,0.000108226246084,3185049600.0,3.269434392624469e+18,12171.0,1.7630019451946508,1.7826172215039613,bin_3
config_809,640,18,20,0.0205130018293857,0.957073986530304,0.9193385243415833,0.2906400561332702,0.000108226246084,128,51514.0,1.3837946208335954e+19,13504183296,123623680,8,0.000108226246084,4784128000.0,4.904285901416886e+18,18257.0,1.7048967701098958,1.721935127875844,bin_3
config_809,640,18,20,0.0205130018293857,0.957073986530304,0.9193385243415833,0.2906400561332702,0.000108226246084,128,51514.0,1.3837946208335954e+19,13504183296,123623680,8,0.000108226246084,6383206400.0,6.538868785248938e+18,24342.0,1.6701134146236982,1.6862876363660468,bin_3
config_809,640,18,20,0.0205130018293857,0.957073986530304,0.9193385243415833,0.2906400561332702,0.000108226246084,128,51514.0,1.3837946208335954e+19,13504183296,123623680,8,0.000108226246084,7982284800.0,8.173720294041356e+18,30428.0,1.6459964347471956,1.6621417928132856,bin_3
config_809,640,18,20,0.0205130018293857,0.957073986530304,0.9193385243415833,0.2906400561332702,0.000108226246084,128,51514.0,1.3837946208335954e+19,13504183296,123623680,8,0.000108226246084,9568256000.0,9.808571802833773e+18,36514.0,1.6287690980903438,1.6437452775728507,bin_3
config_809,640,18,20,0.0205130018293857,0.957073986530304,0.9193385243415833,0.2906400561332702,0.000108226246084,128,51514.0,1.3837946208335954e+19,13504183296,123623680,8,6.443553016253993e-05,11167334400.0,1.1443154686665824e+19,42599.0,1.600598560200363,1.6155586218833924,bin_3
config_809,640,18,20,0.0205130018293857,0.957073986530304,0.9193385243415833,0.2906400561332702,0.000108226246084,128,51514.0,1.3837946208335954e+19,13504183296,123623680,8,2.0341214031566895e-05,12766412800.0,1.3078006195458245e+19,48685.0,1.577975579177747,1.5923576017481382,bin_3
config_809,640,18,20,0.0205130018293857,0.957073986530304,0.9193385243415833,0.2906400561332702,0.000108226246084,128,51514.0,1.3837946208335954e+19,13504183296,123623680,8,1.0120006980878785e-07,13500416000.0,1.3837946208335954e+19,51514.0,1.5711380803780477,1.5855765011662342,bin_3
config_810,512,23,4,0.1391545087099075,0.910499393939972,0.9720612168312072,0.2741803228855133,7.927174010546878e-05,64,9201.0,1.1025178820939612e+18,1206065536,104146944,8,7.927174010546878e-05,602931200.0,5.5119902810914266e+17,4600.0,2.0911582684712333,2.112065375398417,bin_1
config_810,512,23,4,0.1391545087099075,0.910499393939972,0.9720612168312072,0.2741803228855133,7.927174010546878e-05,64,9201.0,1.1025178820939612e+18,1206065536,104146944,8,3.143209361834557e-08,1205862400.0,1.1025178820939612e+18,9201.0,1.8963907506622253,1.9161508842179036,bin_1
config_811,256,24,8,0.001409217598848,0.8570031523704529,0.9476889967918396,0.1867288649082183,0.0006193539011292,32,5365.0,1.233825511845888e+17,351613600,33330688,16,0.0006193539011292,176947200.0,6.167977675248222e+16,2682.0,2.368346522323421,2.390806709899277,bin_0
config_811,256,24,8,0.001409217598848,0.8570031523704529,0.9476889967918396,0.1867288649082183,0.0006193539011292,32,5365.0,1.233825511845888e+17,351613600,33330688,16,9.28102748944874e-06,350617600.0,1.233825511845888e+17,5365.0,2.098540482716482,2.1196860916888127,bin_0
config_812,320,18,8,0.0229967292398214,0.8856288194656372,0.9314915537834167,0.0170178115367889,3.151191776851192e-05,64,19711.0,1.0037164006844006e+18,2583603712,41168000,16,3.151191776851192e-05,1592524800.0,6.197672524341656e+17,12171.0,2.296987717464322,2.321070984895112,bin_1
config_812,320,18,8,0.0229967292398214,0.8856288194656372,0.9314915537834167,0.0170178115367889,3.151191776851192e-05,64,19711.0,1.0037164006844006e+18,2583603712,41168000,16,1.034719687921285e-06,2582118400.0,1.0037164006844006e+18,19711.0,2.1129610025296444,2.135758322027863,bin_1
config_813,960,23,10,0.1700346916913986,0.8750517964363098,0.905539333820343,0.279208093881607,0.000886476074811,64,20874.0,6.45276443179991e+18,2736073472,302672640,8,0.000886476074811,1592524800.0,3.7624123742184873e+18,12171.0,1.757794599904389,1.775953537675201,bin_3
config_813,960,23,10,0.1700346916913986,0.8750517964363098,0.905539333820343,0.279208093881607,0.000886476074811,64,20874.0,6.45276443179991e+18,2736073472,302672640,8,3.6505534995650902e-06,2732851200.0,6.45276443179991e+18,20874.0,1.584445027073876,1.600982408347677,bin_3
config_814,1088,21,8,0.134509727358818,0.9362145066261292,0.9350354671478271,0.0705396309494972,0.0001361849135719,64,39032.0,1.406770033615523e+19,5116028416,364749824,8,0.0001361849135719,1592524800.0,4.3866053697311263e+18,12171.0,1.716284991932697,1.7341442672737308,bin_3
config_814,1088,21,8,0.134509727358818,0.9362145066261292,0.9350354671478271,0.0705396309494972,0.0001361849135719,64,39032.0,1.406770033615523e+19,5116028416,364749824,8,0.0001361849135719,3191603200.0,8.773210739462253e+18,24342.0,1.628339343344579,1.6455501094607057,bin_3
config_814,1088,21,8,0.134509727358818,0.9362145066261292,0.9350354671478271,0.0705396309494972,0.0001361849135719,64,39032.0,1.406770033615523e+19,5116028416,364749824,8,0.0001252525249415,4784128000.0,1.3160176523733658e+19,36514.0,1.586674811097442,1.601756935666819,bin_3
config_814,1088,21,8,0.134509727358818,0.9362145066261292,0.9350354671478271,0.0705396309494972,0.0001361849135719,64,39032.0,1.406770033615523e+19,5116028416,364749824,8,1.58297029941937e-06,5111808000.0,1.406770033615523e+19,39032.0,1.5341765837200352,1.5485858619603954,bin_3
config_815,768,8,6,0.0681371614336967,0.8362150192260742,0.9428708553314208,0.0020836652256548,0.0043482943437993,128,59570.0,1.1281235682404598e+19,15616112640,95248896,16,0.0043482943437993,1599078400.0,1.1525533047358464e+18,6086.0,1.807688376043664,1.8270075808587625,bin_3
config_815,768,8,6,0.0681371614336967,0.8362150192260742,0.9428708553314208,0.0020836652256548,0.0043482943437993,128,59570.0,1.1281235682404598e+19,15616112640,95248896,16,0.0043482943437993,3185049600.0,2.3049172316694036e+18,12171.0,1.7617924409616188,1.7810014976438928,bin_3
config_815,768,8,6,0.0681371614336967,0.8362150192260742,0.9428708553314208,0.0020836652256548,0.0043482943437993,128,59570.0,1.1281235682404598e+19,15616112640,95248896,16,0.0043482943437993,4784128000.0,3.45747053640525e+18,18257.0,1.7475367087614342,1.764733834735683,bin_3
config_815,768,8,6,0.0681371614336967,0.8362150192260742,0.9428708553314208,0.0020836652256548,0.0043482943437993,128,59570.0,1.1281235682404598e+19,15616112640,95248896,16,0.0043482943437993,6383206400.0,4.609834463338807e+18,24342.0,1.7375323449197362,1.7547788872875152,bin_3
config_815,768,8,6,0.0681371614336967,0.8362150192260742,0.9428708553314208,0.0020836652256548,0.0043482943437993,128,59570.0,1.1281235682404598e+19,15616112640,95248896,16,0.0043482943437993,7982284800.0,5.762387768074653e+18,30428.0,1.7335363208270465,1.7506035104345103,bin_3
config_815,768,8,6,0.0681371614336967,0.8362150192260742,0.9428708553314208,0.0020836652256548,0.0043482943437993,128,59570.0,1.1281235682404598e+19,15616112640,95248896,16,0.0043482943437993,9568256000.0,6.9149410728105e+18,36514.0,1.7275644131566656,1.7445871795200911,bin_3
config_815,768,8,6,0.0681371614336967,0.8362150192260742,0.9428708553314208,0.0020836652256548,0.0043482943437993,128,59570.0,1.1281235682404598e+19,15616112640,95248896,16,0.0043482943437993,11167334400.0,8.067304999744057e+18,42599.0,1.7209211809908758,1.7382492303457415,bin_3
config_815,768,8,6,0.0681371614336967,0.8362150192260742,0.9428708553314208,0.0020836652256548,0.0043482943437993,128,59570.0,1.1281235682404598e+19,15616112640,95248896,16,0.0043482943437993,12766412800.0,9.219858304479904e+18,48685.0,1.720028898989568,1.736785312871464,bin_3
config_815,768,8,6,0.0681371614336967,0.8362150192260742,0.9428708553314208,0.0020836652256548,0.0043482943437993,128,59570.0,1.1281235682404598e+19,15616112640,95248896,16,0.0043482943437993,14352384000.0,1.037222223141346e+19,54770.0,1.7218524718675456,1.734943709256219,bin_3
config_815,768,8,6,0.0681371614336967,0.8362150192260742,0.9428708553314208,0.0020836652256548,0.0043482943437993,128,59570.0,1.1281235682404598e+19,15616112640,95248896,16,0.0007013377973869,15610675200.0,1.1281235682404598e+19,59570.0,1.6639703099844885,1.6761778271393697,bin_3
config_816,1088,23,16,0.0049761552363634,0.8059919476509094,0.9338050484657288,0.0092958034947514,0.000346931250533,32,6211.0,1.2132020609808998e+18,407066720,394278144,8,0.000346931250533,203161600.0,6.065033648922386e+17,3105.0,2.043002222268308,2.063666218382413,bin_1
config_816,1088,23,16,0.0049761552363634,0.8059919476509094,0.9338050484657288,0.0092958034947514,0.000346931250533,32,6211.0,1.2132020609808998e+18,407066720,394278144,8,6.695164483971894e-05,406323200.0,1.2132020609808998e+18,6211.0,1.8739473191050235,1.89353866682678,bin_1
config_818,256,21,8,0.0028228198643773,0.8362492918968201,0.9356076717376708,0.2885521948337555,0.0010025925002992,128,43622.0,3.621485517484327e+18,11435282432,30773248,16,0.0010025925002992,1599078400.0,5.052579170925132e+17,6086.0,1.8988817862995333,1.919353952837772,bin_2
config_818,256,21,8,0.0028228198643773,0.8362492918968201,0.9356076717376708,0.2885521948337555,0.0010025925002992,128,43622.0,3.621485517484327e+18,11435282432,30773248,16,0.0010025925002992,3185049600.0,1.010432814481265e+18,12171.0,1.830091775362609,1.8497824660676423,bin_2
config_818,256,21,8,0.0028228198643773,0.8362492918968201,0.9356076717376708,0.2885521948337555,0.0010025925002992,128,43622.0,3.621485517484327e+18,11435282432,30773248,16,0.0010025925002992,4784128000.0,1.5156907315737784e+18,18257.0,1.8034099701584363,1.8199899197406453,bin_2
config_818,256,21,8,0.0028228198643773,0.8362492918968201,0.9356076717376708,0.2885521948337555,0.0010025925002992,128,43622.0,3.621485517484327e+18,11435282432,30773248,16,0.0010025925002992,6383206400.0,2.02086562896253e+18,24342.0,1.7867497278041526,1.803304113872716,bin_2
config_818,256,21,8,0.0028228198643773,0.8362492918968201,0.9356076717376708,0.2885521948337555,0.0010025925002992,128,43622.0,3.621485517484327e+18,11435282432,30773248,16,0.0010025925002992,7982284800.0,2.526123546055043e+18,30428.0,1.7752287634474333,1.791725263517411,bin_2
config_818,256,21,8,0.0028228198643773,0.8362492918968201,0.9356076717376708,0.2885521948337555,0.0010025925002992,128,43622.0,3.621485517484327e+18,11435282432,30773248,16,0.0005672887731096,9568256000.0,3.031381463147557e+18,36514.0,1.7459024470751403,1.7616141398226628,bin_2
config_818,256,21,8,0.0028228198643773,0.8362492918968201,0.9356076717376708,0.2885521948337555,0.0010025925002992,128,43622.0,3.621485517484327e+18,11435282432,30773248,16,8.140538137012764e-05,11167334400.0,3.536556360536308e+18,42599.0,1.7165432386710997,1.7315071442088144,bin_2
config_818,256,21,8,0.0028228198643773,0.8362492918968201,0.9356076717376708,0.2885521948337555,0.0010025925002992,128,43622.0,3.621485517484327e+18,11435282432,30773248,16,1.752366330863694e-06,11429478400.0,3.621485517484327e+18,43622.0,1.7131268881578914,1.7281800569862615,bin_2
config_819,640,11,4,0.0026054186746478,0.800910472869873,0.953665018081665,0.1349585056304931,0.004564297851175,32,10536.0,4.8425079701078016e+17,690509056,88061440,16,0.004564297851175,344064000.0,2.4212539850539008e+17,5268.0,3.065154145584732,3.0961430345597813,bin_0
config_819,640,11,4,0.0026054186746478,0.800910472869873,0.953665018081665,0.1349585056304931,0.004564297851175,32,10536.0,4.8425079701078016e+17,690509056,88061440,16,0.0001156331616061,688128000.0,4.8425079701078016e+17,10536.0,2.7925168089006767,2.8221656460058493,bin_0
config_82,1088,22,16,0.1696269363164901,0.8053778409957886,0.9304310083389282,0.2562511563301086,0.0005962852737866,64,15810.0,5.937102649980518e+18,2072257280,379513984,8,0.0005387321900911,1592524800.0,4.570555114036236e+18,12171.0,1.700450352723481,1.7180886204711727,bin_3
config_82,1088,22,16,0.1696269363164901,0.8053778409957886,0.9304310083389282,0.2562511563301086,0.0005962852737866,64,15810.0,5.937102649980518e+18,2072257280,379513984,8,1.4719458745658055e-06,2070937600.0,5.937102649980518e+18,15810.0,1.581710277580824,1.5981184005737306,bin_3
config_820,1088,22,16,0.0075764432549476,0.9349201321601868,0.9618345499038696,0.0701014846563339,2.6744990464067087e-05,64,43045.0,1.616484271315157e+19,5642097664,379513984,8,2.6744990464067087e-05,1592524800.0,4.570619134899936e+18,12171.0,1.894837005744215,1.914444114360653,bin_3
config_820,1088,22,16,0.0075764432549476,0.9349201321601868,0.9618345499038696,0.0701014846563339,2.6744990464067087e-05,64,43045.0,1.616484271315157e+19,5642097664,379513984,8,2.6744990464067087e-05,3191603200.0,9.141238269799873e+18,24342.0,1.7459115304516963,1.7647675332280457,bin_3
config_820,1088,22,16,0.0075764432549476,0.9349201321601868,0.9618345499038696,0.0701014846563339,2.6744990464067087e-05,64,43045.0,1.616484271315157e+19,5642097664,379513984,8,2.6744990464067087e-05,4784128000.0,1.371223293827428e+19,36514.0,1.68007144892802,1.6969489089582788,bin_3
config_820,1088,22,16,0.0075764432549476,0.9349201321601868,0.9618345499038696,0.0701014846563339,2.6744990464067087e-05,64,43045.0,1.616484271315157e+19,5642097664,379513984,8,3.989143423543311e-07,5636096000.0,1.616484271315157e+19,43045.0,1.634546158724144,1.6511017910574304,bin_3
config_821,960,20,16,0.0102004464715719,0.8224140405654907,0.977712333202362,0.0923461318016052,1.2624827832041774e-05,64,24192.0,6.622824646827049e+18,3171002368,269489280,8,1.2624827832041774e-05,1592524800.0,3.331944393871197e+18,12171.0,2.1586273196290757,2.180752823352813,bin_3
config_821,960,20,16,0.0102004464715719,0.8224140405654907,0.977712333202362,0.0923461318016052,1.2624827832041774e-05,64,24192.0,6.622824646827049e+18,3171002368,269489280,8,2.373512842192269e-07,3165388800.0,6.622824646827049e+18,24192.0,1.9296587989760228,1.9499783549934135,bin_3
config_822,896,23,14,0.0019574109464883,0.9072592258453368,0.95185649394989,0.2894245982170105,5.48382340639364e-05,128,48852.0,2.778370986861763e+19,12806371328,277218816,8,5.48382340639364e-05,1599078400.0,3.461304721616452e+18,6086.0,1.9217234420580944,1.9421317013756172,bin_3
config_822,896,23,14,0.0019574109464883,0.9072592258453368,0.95185649394989,0.2894245982170105,5.48382340639364e-05,128,48852.0,2.778370986861763e+19,12806371328,277218816,8,5.48382340639364e-05,3185049600.0,6.922040710942135e+18,12171.0,1.750594355825518,1.7697355755626178,bin_3
config_822,896,23,14,0.0019574109464883,0.9072592258453368,0.95185649394989,0.2894245982170105,5.48382340639364e-05,128,48852.0,2.778370986861763e+19,12806371328,277218816,8,5.48382340639364e-05,4784128000.0,1.0383345432558586e+19,18257.0,1.6820114642283956,1.6984452389107376,bin_3
config_822,896,23,14,0.0019574109464883,0.9072592258453368,0.95185649394989,0.2894245982170105,5.48382340639364e-05,128,48852.0,2.778370986861763e+19,12806371328,277218816,8,5.48382340639364e-05,6383206400.0,1.384408142188427e+19,24342.0,1.64038409215505,1.6557557642655294,bin_3
config_822,896,23,14,0.0019574109464883,0.9072592258453368,0.95185649394989,0.2894245982170105,5.48382340639364e-05,128,48852.0,2.778370986861763e+19,12806371328,277218816,8,5.48382340639364e-05,7982284800.0,1.730538614350072e+19,30428.0,1.611227483573507,1.62615514661445,bin_3
config_822,896,23,14,0.0019574109464883,0.9072592258453368,0.95185649394989,0.2894245982170105,5.48382340639364e-05,128,48852.0,2.778370986861763e+19,12806371328,277218816,8,4.791072762468117e-05,9568256000.0,2.076669086511717e+19,36514.0,1.584154584153754,1.599687608890846,bin_3
config_822,896,23,14,0.0019574109464883,0.9072592258453368,0.95185649394989,0.2894245982170105,5.48382340639364e-05,128,48852.0,2.778370986861763e+19,12806371328,277218816,8,2.4250151320394e-05,11167334400.0,2.4227426854442856e+19,42599.0,1.5559609700617243,1.5707156161597515,bin_3
config_822,896,23,14,0.0019574109464883,0.9072592258453368,0.95185649394989,0.2894245982170105,5.48382340639364e-05,128,48852.0,2.778370986861763e+19,12806371328,277218816,8,5.895750161068297e-07,12766412800.0,2.768873157605931e+19,48685.0,1.537703583631359,1.5519681451946008,bin_3
config_822,896,23,14,0.0019574109464883,0.9072592258453368,0.95185649394989,0.2894245982170105,5.48382340639364e-05,128,48852.0,2.778370986861763e+19,12806371328,277218816,8,7.757566001407527e-09,12805734400.0,2.778370986861763e+19,48852.0,1.537608477678455,1.5518796510970003,bin_3
config_823,832,18,16,0.1077295020222663,0.8407419919967651,0.9271214604377748,0.0161154102534055,0.0015960815362632,64,23537.0,4.748402071631462e+18,3085063936,195215488,8,0.0015960815362632,1592524800.0,2.455402201377683e+18,12171.0,1.7743626760263913,1.792051426543564,bin_3
config_823,832,18,16,0.1077295020222663,0.8407419919967651,0.9271214604377748,0.0161154102534055,0.0015960815362632,64,23537.0,4.748402071631462e+18,3085063936,195215488,8,0.0001558179863898,3080192000.0,4.748402071631462e+18,23537.0,1.654894813181924,1.6722302787225751,bin_3
config_824,1088,21,8,0.0160215962678194,0.9519205093383788,0.9732155203819276,0.2996519804000854,0.0030576279386878,32,3591.0,6.471505252829123e+17,235350512,364749824,8,0.0030576279386878,117964800.0,3.2348515535584166e+17,1795.0,3.5977465780054936,3.6251700524033095,bin_1
config_824,1088,21,8,0.0160215962678194,0.9519205093383788,0.9732155203819276,0.2996519804000854,0.0030576279386878,32,3591.0,6.471505252829123e+17,235350512,364749824,8,0.0001165081277752,232652800.0,6.471505252829123e+17,3591.0,3.3198462643779694,3.3523078726158766,bin_1
config_825,448,5,14,0.1255468726158142,0.9168097972869872,0.9209222793579102,0.0926535874605178,3.110418765572831e-05,64,18013.0,6.277712219379794e+17,2361028352,35144704,16,3.110418765572831e-05,1592524800.0,4.241716283910036e+17,12171.0,2.294022578958605,2.317702616394543,bin_1
config_825,448,5,14,0.1255468726158142,0.9168097972869872,0.9209222793579102,0.0926535874605178,3.110418765572831e-05,64,18013.0,6.277712219379794e+17,2361028352,35144704,16,2.424187287316965e-07,2359296000.0,6.277712219379794e+17,18013.0,2.172465057724812,2.1953257273064284,bin_1
config_826,320,17,16,0.0011291558621451,0.903867483139038,0.93341326713562,0.2536405920982361,0.000354524992872,64,60232.0,2.939051637280604e+18,7894849536,39774720,16,0.000354524992872,1592524800.0,5.938902489929312e+17,12171.0,1.8974417333915583,1.9184407984233292,bin_2
config_826,320,17,16,0.0011291558621451,0.903867483139038,0.93341326713562,0.2536405920982361,0.000354524992872,64,60232.0,2.939051637280604e+18,7894849536,39774720,16,0.000354524992872,3191603200.0,1.1877804979858624e+18,24342.0,1.8281035381457844,1.8484335806721544,bin_2
config_826,320,17,16,0.0011291558621451,0.903867483139038,0.93341326713562,0.2536405920982361,0.000354524992872,64,60232.0,2.939051637280604e+18,7894849536,39774720,16,0.000354524992872,4784128000.0,1.7817195424967455e+18,36514.0,1.8019919695228828,1.820620403680645,bin_2
config_826,320,17,16,0.0011291558621451,0.903867483139038,0.93341326713562,0.2536405920982361,0.000354524992872,64,60232.0,2.939051637280604e+18,7894849536,39774720,16,0.0002676168238397,6383206400.0,2.375609791489677e+18,48685.0,1.7721890940431688,1.790375512076206,bin_2
config_826,320,17,16,0.0011291558621451,0.903867483139038,0.93341326713562,0.2536405920982361,0.000354524992872,64,60232.0,2.939051637280604e+18,7894849536,39774720,16,7.426065177655638e-07,7890534400.0,2.939051637280604e+18,60232.0,1.7229588563324976,1.740506926012821,bin_2
config_827,256,17,16,0.0039818827062845,0.8070783615112305,0.912441611289978,0.1767237186431884,1.9762203010031957e-05,32,13702.0,2.4344046966915072e+17,898036032,27363328,16,1.9762203010031957e-05,448921600.0,1.2172023483457536e+17,6851.0,2.9736459202844587,3.0052525994035064,bin_0
config_827,256,17,16,0.0039818827062845,0.8070783615112305,0.912441611289978,0.1767237186431884,1.9762203010031957e-05,32,13702.0,2.4344046966915072e+17,898036032,27363328,16,1.6325653044221842e-08,897843200.0,2.4344046966915072e+17,13702.0,2.7613025365892003,2.790354748553917,bin_0
config_828,256,13,16,0.1670511215925216,0.8317388296127319,0.9187300205230712,0.2056170403957367,7.726515468675643e-05,32,7020.0,1.0373900196082483e+17,460105408,23953408,16,7.726515468675643e-05,229376000.0,5.186950098041242e+16,3510.0,2.819536486062847,2.8486337184124304,bin_0
config_828,256,13,16,0.1670511215925216,0.8317388296127319,0.9187300205230712,0.2056170403957367,7.726515468675643e-05,32,7020.0,1.0373900196082483e+17,460105408,23953408,16,1.0708961148545634e-06,458752000.0,1.0373900196082483e+17,7020.0,2.5826925311323072,2.6103313237330954,bin_0
config_829,512,13,8,0.0044736028648912,0.91437828540802,0.9500446915626526,0.2890263497829437,4.615275611286052e-05,64,7699.0,5.891793448509112e+17,1009140352,70057984,16,4.615275611286052e-05,504627200.0,2.945514090571707e+17,3849.0,2.4014335712839348,2.426217152759677,bin_1
config_829,512,13,8,0.0044736028648912,0.91437828540802,0.9500446915626526,0.2890263497829437,4.615275611286052e-05,64,7699.0,5.891793448509112e+17,1009140352,70057984,16,1.0163977750697373e-06,1002700800.0,5.891793448509112e+17,7699.0,2.157762383828397,2.180471919872722,bin_1
config_83,512,5,16,0.0590814463794231,0.9042879939079284,0.9319843649864196,0.290659636259079,0.0019917532335966,32,11867.0,2.4856130157930086e+17,777722176,42786816,16,0.0019917532335966,389939200.0,1.2427017799528035e+17,5933.0,2.0707073937869462,2.092938620770564,bin_0
config_83,512,5,16,0.0590814463794231,0.9042879939079284,0.9319843649864196,0.290659636259079,0.0019917532335966,32,11867.0,2.4856130157930086e+17,777722176,42786816,16,9.817281812451051e-06,776601600.0,2.4856130157930086e+17,11867.0,1.886267758353812,1.906753520809236,bin_0
config_830,960,21,16,0.0847128704190254,0.8358458280563354,0.952652871608734,0.2655577957630157,0.0012281835079193,64,13599.0,3.883085548650824e+18,1782452736,280550400,8,0.0004928379681459,1592524800.0,3.4753315841333315e+18,12171.0,1.6579914377165623,1.6754107610905755,bin_2
config_830,960,21,16,0.0847128704190254,0.8358458280563354,0.952652871608734,0.2655577957630157,0.0012281835079193,64,13599.0,3.883085548650824e+18,1782452736,280550400,8,1.666601824648205e-05,1776025600.0,3.883085548650824e+18,13599.0,1.6134055800516098,1.6302525562731949,bin_2
config_831,640,23,10,0.0346257872879505,0.8711721301078796,0.9109623432159424,0.2973773777484894,0.0001877725153462,64,16328.0,2.687544115969229e+18,2140224640,149025280,8,0.0001615887886955,1592524800.0,2.0033132922257157e+18,12171.0,1.76596634473957,1.784930486405482,bin_2
config_831,640,23,10,0.0346257872879505,0.8711721301078796,0.9109623432159424,0.2973773777484894,0.0001877725153462,64,16328.0,2.687544115969229e+18,2140224640,149025280,8,1.082931087476068e-06,2136473600.0,2.687544115969229e+18,16328.0,1.6961279193299716,1.7144314275608687,bin_2
config_832,1152,21,16,0.0027200384065508,0.9778120517730712,0.9764432311058044,0.0981924757361412,0.0083369454368948,32,4746.0,9.171700784353198e+17,311048672,392398848,8,0.0083369454368948,154009600.0,4.585850392176599e+17,2373.0,3.5420607866615548,3.575210847346509,bin_1
config_832,1152,21,16,0.0027200384065508,0.9778120517730712,0.9764432311058044,0.0981924757361412,0.0083369454368948,32,4746.0,9.171700784353198e+17,311048672,392398848,8,0.0008229602791784,308019200.0,9.171700784353198e+17,4746.0,3.358053698031629,3.3925827294099524,bin_1
config_833,960,8,6,0.0750849843025207,0.9121943712234496,0.9117282032966614,0.0657769441604614,0.0049976115114986,32,13238.0,8.75538781175808e+17,867573760,136755840,16,0.0049976115114986,432537600.0,4.37769390587904e+17,6619.0,3.311763063493322,3.3466214843656195,bin_1
config_833,960,8,6,0.0750849843025207,0.9121943712234496,0.9117282032966614,0.0657769441604614,0.0049976115114986,32,13238.0,8.75538781175808e+17,867573760,136755840,16,0.0002182864798125,865075200.0,8.75538781175808e+17,13238.0,3.2876676048997973,3.321860240326553,bin_1
config_836,896,23,16,0.1070315092802047,0.8290570378303528,0.934297263622284,0.1654037535190582,0.0002067174791591,32,5565.0,7.913686789657313e+17,364766304,277218816,8,0.0002067174791591,183500800.0,3.9561323717568096e+17,2782.0,2.155032302277987,2.1759407066712613,bin_1
config_836,896,23,16,0.1070315092802047,0.8290570378303528,0.934297263622284,0.1654037535190582,0.0002067174791591,32,5565.0,7.913686789657313e+17,364766304,277218816,8,3.37039368194226e-06,363724800.0,7.913686789657313e+17,5565.0,1.9178684820112637,1.9374603270311823,bin_1
config_84,896,6,14,0.0275354739278554,0.8049829006195068,0.9204747676849364,0.2789964377880096,0.0005907823215238,32,5432.0,2.726028289082327e+17,355998592,105615104,16,0.0005907823215238,176947200.0,1.3630141445411635e+17,2716.0,2.1264096426182104,2.148420081568546,bin_0
config_84,896,6,14,0.0275354739278554,0.8049829006195068,0.9204747676849364,0.2789964377880096,0.0005907823215238,32,5432.0,2.726028289082327e+17,355998592,105615104,16,1.2478570487633057e-05,353894400.0,2.726028289082327e+17,5432.0,1.9308803870248008,1.9504199302782776,bin_0
config_840,1088,22,4,0.0020387859549373,0.97098046541214,0.940375566482544,0.0034932375419884,0.0006626968388445,64,57708.0,2.167108936200585e+19,7563971072,379513984,8,0.0006626968388445,1592524800.0,4.570576499358377e+18,12171.0,1.681501296074664,1.6977049079879385,bin_3
config_840,1088,22,4,0.0020387859549373,0.97098046541214,0.940375566482544,0.0034932375419884,0.0006626968388445,64,57708.0,2.167108936200585e+19,7563971072,379513984,8,0.0006626968388445,3191603200.0,9.141152998716754e+18,24342.0,1.6001621038405622,1.6158474723628309,bin_3
config_840,1088,22,4,0.0020387859549373,0.97098046541214,0.940375566482544,0.0034932375419884,0.0006626968388445,64,57708.0,2.167108936200585e+19,7563971072,379513984,8,0.0006626968388445,4784128000.0,1.371210502814656e+19,36514.0,1.564195280915401,1.577101191849005,bin_3
config_840,1088,22,4,0.0020387859549373,0.97098046541214,0.940375566482544,0.0034932375419884,0.0006626968388445,64,57708.0,2.167108936200585e+19,7563971072,379513984,8,0.0006626968388445,6383206400.0,1.8282681527504937e+19,48685.0,1.539100362863697,1.5514459384855677,bin_3
config_840,1088,22,4,0.0020387859549373,0.97098046541214,0.940375566482544,0.0034932375419884,0.0006626968388445,64,57708.0,2.167108936200585e+19,7563971072,379513984,8,2.637599358585338e-05,7562854400.0,2.167108936200585e+19,57708.0,1.509401080412943,1.5214134978466347,bin_3
config_841,512,11,16,0.0013286373578011,0.9725388884544371,0.903359353542328,0.143650621175766,0.0009350774926133,64,30888.0,2.0962831090510725e+18,4048578304,63240192,16,0.0009350774926133,1592524800.0,8.260120992055363e+17,12171.0,1.809113170123491,1.828966956646716,bin_2
config_841,512,11,16,0.0013286373578011,0.9725388884544371,0.903359353542328,0.143650621175766,0.0009350774926133,64,30888.0,2.0962831090510725e+18,4048578304,63240192,16,0.0009350774926133,3191603200.0,1.6520241984110725e+18,24342.0,1.7442792171728416,1.763597405582178,bin_2
config_841,512,11,16,0.0013286373578011,0.9725388884544371,0.903359353542328,0.143650621175766,0.0009350774926133,64,30888.0,2.0962831090510725e+18,4048578304,63240192,16,8.00832650874625e-06,4043571200.0,2.0962831090510725e+18,30888.0,1.6728197023516795,1.6910298590972774,bin_2
config_842,384,9,16,0.0203765053302049,0.9526320099830629,0.9050393104553224,0.2097041606903076,6.883643072796986e-05,64,9954.0,3.86613557087404e+17,1304697216,35238912,16,6.883643072796986e-05,655360000.0,1.93306778543702e+17,4977.0,2.362728654791097,2.386754527365575,bin_0
config_842,384,9,16,0.0203765053302049,0.9526320099830629,0.9050393104553224,0.2097041606903076,6.883643072796986e-05,64,9954.0,3.86613557087404e+17,1304697216,35238912,16,1.3193374360895196e-07,1304166400.0,3.86613557087404e+17,9954.0,2.1275057616390165,2.149924394693531,bin_0
config_844,320,10,10,0.0021625608205795,0.9166408181190492,0.9787253141403198,0.1275638937950134,3.080590977333486e-05,128,44323.0,3.006262868781957e+18,11619150848,30021760,16,3.080590977333486e-05,1599078400.0,4.12790556131286e+17,6086.0,2.6676439649550643,2.6962801783983825,bin_2
config_844,320,10,10,0.0021625608205795,0.9166408181190492,0.9787253141403198,0.1275638937950134,3.080590977333486e-05,128,44323.0,3.006262868781957e+18,11619150848,30021760,16,3.080590977333486e-05,3185049600.0,8.255132860127969e+17,12171.0,2.3000497946973706,2.324454918923925,bin_2
config_844,320,10,10,0.0021625608205795,0.9166408181190492,0.9787253141403198,0.1275638937950134,3.080590977333486e-05,128,44323.0,3.006262868781957e+18,11619150848,30021760,16,3.080590977333486e-05,4784128000.0,1.238303842144083e+18,18257.0,2.148243959888083,2.170715235960288,bin_2
config_844,320,10,10,0.0021625608205795,0.9166408181190492,0.9787253141403198,0.1275638937950134,3.080590977333486e-05,128,44323.0,3.006262868781957e+18,11619150848,30021760,16,3.080590977333486e-05,6383206400.0,1.651026572025594e+18,24342.0,2.064403253422409,2.086420733186065,bin_2
config_844,320,10,10,0.0021625608205795,0.9166408181190492,0.9787253141403198,0.1275638937950134,3.080590977333486e-05,128,44323.0,3.006262868781957e+18,11619150848,30021760,16,3.080590977333486e-05,7982284800.0,2.06381712815688e+18,30428.0,2.0105689582277515,2.0322196003648103,bin_2
config_844,320,10,10,0.0021625608205795,0.9166408181190492,0.9787253141403198,0.1275638937950134,3.080590977333486e-05,128,44323.0,3.006262868781957e+18,11619150848,30021760,16,3.080590977333486e-05,9568256000.0,2.476607684288166e+18,36514.0,1.972979064534922,1.9944681398985813,bin_2
config_844,320,10,10,0.0021625608205795,0.9166408181190492,0.9787253141403198,0.1275638937950134,3.080590977333486e-05,128,44323.0,3.006262868781957e+18,11619150848,30021760,16,9.387793162266707e-06,11167334400.0,2.889330414169677e+18,42599.0,1.941030752971524,1.9617801222254017,bin_2
config_844,320,10,10,0.0021625608205795,0.9166408181190492,0.9787253141403198,0.1275638937950134,3.080590977333486e-05,128,44323.0,3.006262868781957e+18,11619150848,30021760,16,1.2531586925835117e-07,11612979200.0,3.006262868781957e+18,44323.0,1.9355745994458435,1.9561212363790288,bin_2
config_845,320,12,16,0.0012124730274081,0.8600640892982483,0.9920790195465088,0.2238373756408691,7.517202902818099e-05,32,3347.0,6.388208803971072e+16,219395072,32808320,16,7.517202902818099e-05,108134400.0,3.1931500833712588e+16,1673.0,2.945536753857722,2.976247857984949,bin_0
config_845,320,12,16,0.0012124730274081,0.8600640892982483,0.9920790195465088,0.2238373756408691,7.517202902818099e-05,32,3347.0,6.388208803971072e+16,219395072,32808320,16,4.717069912315767e-06,216268800.0,6.388208803971072e+16,3347.0,2.70083833616288,2.729209412199552,bin_0
config_846,448,16,14,0.0079101072624325,0.9721585512161256,0.9414173364639282,0.0422329902648925,0.0001702709269011,32,4258.0,1.544877303610368e+17,279097312,62909056,16,0.0001702709269011,140902400.0,7.72438651805184e+16,2129.0,2.718725380350332,2.747791077426222,bin_0
config_846,448,16,14,0.0079101072624325,0.9721585512161256,0.9414173364639282,0.0422329902648925,0.0001702709269011,32,4258.0,1.544877303610368e+17,279097312,62909056,16,7.609873827983877e-06,278528000.0,1.544877303610368e+17,4258.0,2.2712292974894166,2.2934438182096013,bin_0
config_847,960,9,16,0.0333090536296367,0.8141725063323975,0.9224276542663574,0.1226493939757347,0.0002434099296806,64,36254.0,5.222962898719212e+18,4751910912,147816960,16,0.0002434099296806,1592524800.0,1.7534253169391386e+18,12171.0,1.7826173232813352,1.8007710957136311,bin_3
config_847,960,9,16,0.0333090536296367,0.8141725063323975,0.9224276542663574,0.1226493939757347,0.0002434099296806,64,36254.0,5.222962898719212e+18,4751910912,147816960,16,0.0002434099296806,3191603200.0,3.506850633878277e+18,24342.0,1.7071402077987543,1.7247822002504694,bin_3
config_847,960,9,16,0.0333090536296367,0.8141725063323975,0.9224276542663574,0.1226493939757347,0.0002434099296806,64,36254.0,5.222962898719212e+18,4751910912,147816960,16,2.189922894113008e-07,4751360000.0,5.222962898719212e+18,36254.0,1.620474799148372,1.6357186545309472,bin_3
config_849,768,16,16,0.0510908588767051,0.8278485536575317,0.9185489416122437,0.0603499375283718,0.0038360538892447,64,15367.0,2.443599380668023e+18,2014270592,151884288,8,0.0038360538892447,1592524800.0,1.935384138876196e+18,12171.0,3.1284728974983342,3.156971046690081,bin_2
config_849,768,16,16,0.0510908588767051,0.8278485536575317,0.9185489416122437,0.0603499375283718,0.0038360538892447,64,15367.0,2.443599380668023e+18,2014270592,151884288,8,7.034834532595666e-05,2011955200.0,2.443599380668023e+18,15367.0,2.8538008470613447,2.883936746589473,bin_2
config_85,1088,19,16,0.0023166886530816,0.9207138419151306,0.9767449498176576,0.0402879975736141,0.0001373999693896,32,12054.0,1.9900842552113723e+18,789995136,335221504,8,0.0001373999693896,396492800.0,9.950421276056864e+17,6027.0,1.9325506562873969,1.9522464806330009,bin_2
config_85,1088,19,16,0.0023166886530816,0.9207138419151306,0.9767449498176576,0.0402879975736141,0.0001373999693896,32,12054.0,1.9900842552113723e+18,789995136,335221504,8,1.1331956238322686e-06,789708800.0,1.9900842552113723e+18,12054.0,1.7644974028673328,1.783175219649174,bin_2
config_851,384,9,12,0.0109363188967108,0.9020748138427734,0.9194850325584412,0.1008998602628707,0.0089497957378625,128,55614.0,4.32009340271906e+18,14578934784,35238912,16,0.0089497957378625,1599078400.0,4.727602482998561e+17,6086.0,1.8596488424989044,1.879346848589475,bin_2
config_851,384,9,12,0.0109363188967108,0.9020748138427734,0.9194850325584412,0.1008998602628707,0.0089497957378625,128,55614.0,4.32009340271906e+18,14578934784,35238912,16,0.0089497957378625,3185049600.0,9.454428166377832e+17,12171.0,1.8147904084940425,1.8339329810220688,bin_2
config_851,384,9,12,0.0109363188967108,0.9020748138427734,0.9194850325584412,0.1008998602628707,0.0089497957378625,128,55614.0,4.32009340271906e+18,14578934784,35238912,16,0.0089497957378625,4784128000.0,1.4182030649376394e+18,18257.0,1.7998666407241195,1.817714366834672,bin_2
config_851,384,9,12,0.0109363188967108,0.9020748138427734,0.9194850325584412,0.1008998602628707,0.0089497957378625,128,55614.0,4.32009340271906e+18,14578934784,35238912,16,0.0089497957378625,6383206400.0,1.8908856332755663e+18,24342.0,1.79145833273403,1.8091127394457327,bin_2
config_851,384,9,12,0.0109363188967108,0.9020748138427734,0.9194850325584412,0.1008998602628707,0.0089497957378625,128,55614.0,4.32009340271906e+18,14578934784,35238912,16,0.0089497957378625,7982284800.0,2.363645881575423e+18,30428.0,1.7869716160414648,1.8043168137894303,bin_2
config_851,384,9,12,0.0109363188967108,0.9020748138427734,0.9194850325584412,0.1008998602628707,0.0089497957378625,128,55614.0,4.32009340271906e+18,14578934784,35238912,16,0.0089497957378625,9568256000.0,2.836406129875279e+18,36514.0,1.7818972421474144,1.7992292982632996,bin_2
config_851,384,9,12,0.0109363188967108,0.9020748138427734,0.9194850325584412,0.1008998602628707,0.0089497957378625,128,55614.0,4.32009340271906e+18,14578934784,35238912,16,0.0089497957378625,11167334400.0,3.309088698213206e+18,42599.0,1.7777570371158788,1.7952196696156362,bin_2
config_851,384,9,12,0.0109363188967108,0.9020748138427734,0.9194850325584412,0.1008998602628707,0.0089497957378625,128,55614.0,4.32009340271906e+18,14578934784,35238912,16,0.0089497957378625,12766412800.0,3.781848946513062e+18,48685.0,1.775135968005071,1.7924007577192589,bin_2
config_851,384,9,12,0.0109363188967108,0.9020748138427734,0.9194850325584412,0.1008998602628707,0.0089497957378625,128,55614.0,4.32009340271906e+18,14578934784,35238912,16,0.0013781186094302,14352384000.0,4.254531514850989e+18,54770.0,1.6984163565323,1.7137736626922109,bin_2
config_851,384,9,12,0.0109363188967108,0.9020748138427734,0.9194850325584412,0.1008998602628707,0.0089497957378625,128,55614.0,4.32009340271906e+18,14578934784,35238912,16,2.2330625615768485e-05,14575206400.0,4.32009340271906e+18,55614.0,1.6862250605567557,1.700853389403859,bin_2
config_852,1088,24,16,0.0212449170649051,0.9648943543434144,0.9210118651390076,0.1633742451667785,0.0034211166203022,32,14243.0,2.889629633331192e+18,933444672,409042304,8,0.0034211166203022,465305600.0,1.4447133763218012e+18,7121.0,3.372034552644511,3.4067160887796373,bin_2
config_852,1088,24,16,0.0212449170649051,0.9648943543434144,0.9210118651390076,0.1633742451667785,0.0034211166203022,32,14243.0,2.889629633331192e+18,933444672,409042304,8,6.324506219819231e-05,930611200.0,2.889629633331192e+18,14243.0,3.2309147040961217,3.26389797699256,bin_2
config_853,640,16,20,0.0465304031968116,0.8444250226020813,0.9500477910041808,0.297003298997879,0.0001615055080037,32,13540.0,8.273514907417805e+17,887421248,113463040,8,0.0001615055080037,442368000.0,4.1367574537089024e+17,6770.0,2.0185077202124675,2.0403173824411924,bin_1
config_853,640,16,20,0.0465304031968116,0.8444250226020813,0.9500477910041808,0.297003298997879,0.0001615055080037,32,13540.0,8.273514907417805e+17,887421248,113463040,8,1.6066203233400288e-06,884736000.0,8.273514907417805e+17,13540.0,1.8480777530982848,1.8683971668266857,bin_1
config_854,704,10,16,0.0731623247265815,0.9298010468482972,0.973181962966919,0.2365819960832595,0.0013975796755403,64,17934.0,1.7956244521357148e+18,2350738432,98488192,16,0.0013975796755403,1592524800.0,1.218609635716727e+18,12171.0,1.7665959458272966,1.785467174561297,bin_2
config_854,704,10,16,0.0731623247265815,0.9298010468482972,0.973181962966919,0.2365819960832595,0.0013975796755403,64,17934.0,1.7956244521357148e+18,2350738432,98488192,16,1.1201723000558907e-05,2346188800.0,1.7956244521357148e+18,17934.0,1.6464904118365928,1.6640594385881893,bin_2
config_855,1024,6,8,0.1707313656806945,0.9028749465942384,0.9145928025245668,0.0693457648158073,0.0038594743236899,128,50221.0,1.2142644675490089e+19,13165343744,128567296,16,0.0038594743236899,1599078400.0,1.471498685709816e+18,6086.0,1.8349905352514295,1.854117420110546,bin_3
config_855,1024,6,8,0.1707313656806945,0.9028749465942384,0.9145928025245668,0.0693457648158073,0.0038594743236899,128,50221.0,1.2142644675490089e+19,13165343744,128567296,16,0.0038594743236899,3185049600.0,2.942755587212318e+18,12171.0,1.805781132432281,1.8250471230803944,bin_3
config_855,1024,6,8,0.1707313656806945,0.9028749465942384,0.9145928025245668,0.0693457648158073,0.0038594743236899,128,50221.0,1.2142644675490089e+19,13165343744,128567296,16,0.0038594743236899,4784128000.0,4.414254272922135e+18,18257.0,1.7966798345769035,1.81382527667968,bin_3
config_855,1024,6,8,0.1707313656806945,0.9028749465942384,0.9145928025245668,0.0693457648158073,0.0038594743236899,128,50221.0,1.2142644675490089e+19,13165343744,128567296,16,0.0038594743236899,6383206400.0,5.885511174424636e+18,24342.0,1.789865830999906,1.8074516285442916,bin_3
config_855,1024,6,8,0.1707313656806945,0.9028749465942384,0.9145928025245668,0.0693457648158073,0.0038594743236899,128,50221.0,1.2142644675490089e+19,13165343744,128567296,16,0.0038594743236899,7982284800.0,7.357009860134452e+18,30428.0,1.7868192192374683,1.8046425767413905,bin_3
config_855,1024,6,8,0.1707313656806945,0.9028749465942384,0.9145928025245668,0.0693457648158073,0.0038594743236899,128,50221.0,1.2142644675490089e+19,13165343744,128567296,16,0.0038594743236899,9568256000.0,8.828508545844269e+18,36514.0,1.7839894178265432,1.8011287762297958,bin_3
config_855,1024,6,8,0.1707313656806945,0.9028749465942384,0.9145928025245668,0.0693457648158073,0.0038594743236899,128,50221.0,1.2142644675490089e+19,13165343744,128567296,16,0.0038594743236899,11167334400.0,1.029976544734677e+19,42599.0,1.7816151476297222,1.79835373831577,bin_3
config_855,1024,6,8,0.1707313656806945,0.9028749465942384,0.9145928025245668,0.0693457648158073,0.0038594743236899,128,50221.0,1.2142644675490089e+19,13165343744,128567296,16,0.0016858875492051,12766412800.0,1.1771264133056588e+19,48685.0,1.690622513411475,1.7061784857609232,bin_3
config_855,1024,6,8,0.1707313656806945,0.9028749465942384,0.9145928025245668,0.0693457648158073,0.0038594743236899,128,50221.0,1.2142644675490089e+19,13165343744,128567296,16,2.327655393379903e-05,13159628800.0,1.2142644675490089e+19,50221.0,1.6020807963511985,1.6159022484841894,bin_3
config_857,576,4,6,0.0086079770699143,0.9116896390914916,0.9387863874435424,0.1329070925712585,0.0034279897809028,64,15997.0,6.834415093151662e+17,2096884352,44889984,16,0.0034279897809028,1592524800.0,5.199829099127892e+17,12171.0,1.8731394336262688,1.8931034593894835,bin_1
config_857,576,4,6,0.0086079770699143,0.9116896390914916,0.9387863874435424,0.1329070925712585,0.0034279897809028,64,15997.0,6.834415093151662e+17,2096884352,44889984,16,7.578340531629079e-05,2090598400.0,6.834415093151662e+17,15997.0,1.790793927497551,1.8102237840167807,bin_1
config_858,640,6,20,0.004815568216145,0.8438918590545654,0.9528566002845764,0.176015630364418,0.0001760332961566,64,28809.0,1.775866142443438e+18,3776181248,62659840,16,0.0001760332961566,1592524800.0,7.502539768710849e+17,12171.0,1.873371368040804,1.8941335182111767,bin_2
config_858,640,6,20,0.004815568216145,0.8438918590545654,0.9528566002845764,0.176015630364418,0.0001760332961566,64,28809.0,1.775866142443438e+18,3776181248,62659840,16,0.0001548190271326,3191603200.0,1.50050795374217e+18,24342.0,1.7896507229179632,1.809467797318443,bin_2
config_858,640,6,20,0.004815568216145,0.8438918590545654,0.9528566002845764,0.176015630364418,0.0001760332961566,64,28809.0,1.775866142443438e+18,3776181248,62659840,16,3.124851411065476e-07,3774873600.0,1.775866142443438e+18,28809.0,1.7422788196313577,1.7614387094779094,bin_2
config_859,1088,7,8,0.0023740928154438,0.951324999332428,0.903632879257202,0.2893902063369751,0.0033874597866088,32,5697.0,4.239195614659584e+17,373371616,158051584,16,0.0033874597866088,186777600.0,2.1192257522468835e+17,2848.0,3.285622643095548,3.3193125198708207,bin_0
config_859,1088,7,8,0.0023740928154438,0.951324999332428,0.903632879257202,0.2893902063369751,0.0033874597866088,32,5697.0,4.239195614659584e+17,373371616,158051584,16,9.660837983653784e-05,370278400.0,4.239195614659584e+17,5697.0,3.1184864208346506,3.151349335498497,bin_0
config_86,576,16,24,0.0019819978624582,0.8605764508247375,0.942360818386078,0.1421839296817779,0.0001457703765481,64,19297.0,1.979096174226801e+18,2529339648,92679552,16,0.0001457703765481,1592524800.0,1.2482551451787528e+18,12171.0,1.8461316648858488,1.8666096053748835,bin_2
config_86,576,16,24,0.0019819978624582,0.8605764508247375,0.942360818386078,0.1421839296817779,0.0001457703765481,64,19297.0,1.979096174226801e+18,2529339648,92679552,16,2.497706050952987e-06,2523136000.0,1.979096174226801e+18,19297.0,1.7489200839058296,1.7681808529134655,bin_2
config_860,576,8,8,0.0093509536236524,0.8292416334152222,0.9053974151611328,0.287584900856018,0.0038485508412122,64,18686.0,1.1710440950617866e+18,2449337344,60819840,16,0.0038485508412122,1592524800.0,7.627516686822758e+17,12171.0,1.8461330823038444,1.8647057134597027,bin_1
config_860,576,8,8,0.0093509536236524,0.8292416334152222,0.9053974151611328,0.287584900856018,0.0038485508412122,64,18686.0,1.1710440950617866e+18,2449337344,60819840,16,2.5785935284504315e-05,2444492800.0,1.1710440950617866e+18,18686.0,1.734342155964648,1.7517716950666709,bin_1
config_863,1024,16,8,0.034051775932312,0.9240468144416808,0.9804033041000366,0.0850769579410553,0.0005104945739731,32,4803.0,6.12209674642391e+17,314812480,257038336,8,0.0005104945739731,157286400.0,3.060411053125923e+17,2401.0,2.0955118236189985,2.1159403812885285,bin_1
config_863,1024,16,8,0.034051775932312,0.9240468144416808,0.9804033041000366,0.0850769579410553,0.0005104945739731,32,4803.0,6.12209674642391e+17,314812480,257038336,8,3.7536365733318094e-06,314572800.0,6.12209674642391e+17,4803.0,1.8798423813796437,1.899519485958287,bin_1
config_864,576,23,18,0.0098810363560915,0.91548353433609,0.9719234704971312,0.066335804760456,0.0001367154618492,64,9264.0,1.27356071596322e+18,1214347648,120556800,8,0.0001367154618492,609484800.0,6.3678035798161e+17,4632.0,1.994807494800599,2.0155262253909814,bin_1
config_864,576,23,18,0.0098810363560915,0.91548353433609,0.9719234704971312,0.066335804760456,0.0001367154618492,64,9264.0,1.27356071596322e+18,1214347648,120556800,8,3.117290661057469e-06,1212416000.0,1.27356071596322e+18,9264.0,1.81885901881046,1.83776166007167,bin_1
config_865,448,20,16,0.018082171678543,0.8735572099685669,0.9880908131599426,0.1393782943487167,2.6283081751898862e-05,32,6520.0,2.8124775389456797e+17,427349056,73005184,16,2.6283081751898862e-05,212992000.0,1.4062387694728397e+17,3260.0,2.8980579065104,2.928208221529351,bin_0
config_865,448,20,16,0.018082171678543,0.8735572099685669,0.9880908131599426,0.1393782943487167,2.6283081751898862e-05,32,6520.0,2.8124775389456797e+17,427349056,73005184,16,5.789225055484355e-07,425984000.0,2.8124775389456797e+17,6520.0,2.648440812923869,2.676682050501714,bin_0
config_866,1152,4,18,0.0060122343711555,0.951362133026123,0.9612060189247132,0.0362669713795185,0.0003250472655054,32,6647.0,3.672418108543304e+17,435653952,121630464,16,0.0003250472655054,216268800.0,1.8359328079869712e+17,3323.0,2.0728251033532814,2.0933111973668708,bin_0
config_866,1152,4,18,0.0060122343711555,0.951362133026123,0.9612060189247132,0.0362669713795185,0.0003250472655054,32,6647.0,3.672418108543304e+17,435653952,121630464,16,6.33909604927579e-05,432537600.0,3.672418108543304e+17,6647.0,1.904088991157344,1.9244107339812109,bin_0
config_867,384,6,6,0.01390993129462,0.8789227604866028,0.9746220707893372,0.2909203767776489,1.8881230062106624e-05,64,76075.0,2.354860983967285e+18,9971366912,29928192,16,1.8881230062106624e-05,1592524800.0,3.767468029689889e+17,12171.0,2.6109782158742187,2.638325306001257,bin_2
config_867,384,6,6,0.01390993129462,0.8789227604866028,0.9746220707893372,0.2909203767776489,1.8881230062106624e-05,64,76075.0,2.354860983967285e+18,9971366912,29928192,16,1.8881230062106624e-05,3191603200.0,7.534936059379779e+17,24342.0,2.26678789295134,2.290247398673511,bin_2
config_867,384,6,6,0.01390993129462,0.8789227604866028,0.9746220707893372,0.2909203767776489,1.8881230062106624e-05,64,76075.0,2.354860983967285e+18,9971366912,29928192,16,1.8881230062106624e-05,4784128000.0,1.1302713633727434e+18,36514.0,2.1371015708172907,2.159279797546199,bin_2
config_867,384,6,6,0.01390993129462,0.8789227604866028,0.9746220707893372,0.2909203767776489,1.8881230062106624e-05,64,76075.0,2.354860983967285e+18,9971366912,29928192,16,1.8881230062106624e-05,6383206400.0,1.507018166341732e+18,48685.0,2.0666144324130697,2.088297186992208,bin_2
config_867,384,6,6,0.01390993129462,0.8789227604866028,0.9746220707893372,0.2909203767776489,1.8881230062106624e-05,64,76075.0,2.354860983967285e+18,9971366912,29928192,16,1.2989323920996492e-05,7975731200.0,1.883764969310721e+18,60856.0,2.019604576689298,2.0408367755764822,bin_2
config_867,384,6,6,0.01390993129462,0.8789227604866028,0.9746220707893372,0.2909203767776489,1.8881230062106624e-05,64,76075.0,2.354860983967285e+18,9971366912,29928192,16,2.5808016329073484e-06,9574809600.0,2.26051177227971e+18,73027.0,1.9953464013240376,2.017391355350369,bin_2
config_867,384,6,6,0.01390993129462,0.8789227604866028,0.9746220707893372,0.2909203767776489,1.8881230062106624e-05,64,76075.0,2.354860983967285e+18,9971366912,29928192,16,2.1328939114934915e-08,9968025600.0,2.354860983967285e+18,76075.0,1.9931190266765533,2.015173761297445,bin_2
config_868,768,7,8,0.0144213484600186,0.8548960089683533,0.952092707157135,0.0550985820591449,3.700056186062284e-05,64,8749.0,7.581547441149051e+17,1146862976,88169472,16,3.700056186062284e-05,570163200.0,3.7903404397743686e+17,4374.0,2.309312054172891,2.3329243511450097,bin_1
config_868,768,7,8,0.0144213484600186,0.8548960089683533,0.952092707157135,0.0550985820591449,3.700056186062284e-05,64,8749.0,7.581547441149051e+17,1146862976,88169472,16,3.761467906992781e-06,1140326400.0,7.581547441149051e+17,8749.0,2.072852340721693,2.09452044514359,bin_1
config_869,1024,21,8,0.0781054496765136,0.956398069858551,0.940690577030182,0.0893575847148895,0.0029948272276669,32,6968.0,1.1215616543385846e+18,456687712,321273856,8,0.0029948272276669,229376000.0,5.607808271692923e+17,3484.0,3.5299308286338555,3.5626504411853728,bin_1
config_869,1024,21,8,0.0781054496765136,0.956398069858551,0.940690577030182,0.0893575847148895,0.0029948272276669,32,6968.0,1.1215616543385846e+18,456687712,321273856,8,8.666702588103767e-05,455475200.0,1.1215616543385846e+18,6968.0,3.233012682492616,3.26657555111119,bin_1
config_87,896,16,4,0.1519194096326828,0.8228392601013184,0.9976667761802672,0.0490393675863742,2.182521166105289e-05,64,18193.0,3.795271987369476e+18,2384721408,206558464,8,2.182521166105289e-05,1592524800.0,2.5390125519855933e+18,12171.0,1.96740908765402,1.987179820908875,bin_2
config_87,896,16,4,0.1519194096326828,0.8228392601013184,0.9976667761802672,0.0490393675863742,2.182521166105289e-05,64,18193.0,3.795271987369476e+18,2384721408,206558464,8,1.0521122213287833e-06,2378956800.0,3.795271987369476e+18,18193.0,1.8570299332649984,1.876404748783737,bin_2
config_870,640,21,20,0.0102093312889337,0.9492047429084778,0.9986361861228944,0.0057712197303771,1.9489523765514605e-05,64,73484.0,1.1204827394451702e+19,9631732736,138864640,8,1.9489523765514605e-05,1592524800.0,1.855831939168685e+18,12171.0,2.17531255208078,2.1981965128124736,bin_3
config_870,640,21,20,0.0102093312889337,0.9492047429084778,0.9986361861228944,0.0057712197303771,1.9489523765514605e-05,64,73484.0,1.1204827394451702e+19,9631732736,138864640,8,1.9489523765514605e-05,3191603200.0,3.71166387833737e+18,24342.0,1.9469506983288,1.967866008828898,bin_3
config_870,640,21,20,0.0102093312889337,0.9492047429084778,0.9986361861228944,0.0057712197303771,1.9489523765514605e-05,64,73484.0,1.1204827394451702e+19,9631732736,138864640,8,1.9489523765514605e-05,4784128000.0,5.56764829733016e+18,36514.0,1.853147211876072,1.87274674755628,bin_3
config_870,640,21,20,0.0102093312889337,0.9492047429084778,0.9986361861228944,0.0057712197303771,1.9489523765514605e-05,64,73484.0,1.1204827394451702e+19,9631732736,138864640,8,1.9489523765514605e-05,6383206400.0,7.423480236498845e+18,48685.0,1.7985466021006224,1.8173573385301185,bin_3
config_870,640,21,20,0.0102093312889337,0.9492047429084778,0.9986361861228944,0.0057712197303771,1.9489523765514605e-05,64,73484.0,1.1204827394451702e+19,9631732736,138864640,8,1.9489523765514605e-05,7975731200.0,9.27931217566753e+18,60856.0,1.760831914944727,1.7793802714934115,bin_3
config_870,640,21,20,0.0102093312889337,0.9492047429084778,0.9986361861228944,0.0057712197303771,1.9489523765514605e-05,64,73484.0,1.1204827394451702e+19,9631732736,138864640,8,1.9489523765514605e-05,9574809600.0,1.1135144114836214e+19,73027.0,1.731879443868262,1.7494020221858728,bin_3
config_870,640,21,20,0.0102093312889337,0.9492047429084778,0.9986361861228944,0.0057712197303771,1.9489523765514605e-05,64,73484.0,1.1204827394451702e+19,9631732736,138864640,8,1.562839169876169e-06,9627238400.0,1.1204827394451702e+19,73484.0,1.7192374762746154,1.7366047855087967,bin_3
config_871,512,21,8,0.0308371651917696,0.8271836042404175,0.940177857875824,0.2600078582763672,2.304151166754309e-05,64,40369.0,4.487450063863284e+18,5291280384,97329152,8,2.304151166754309e-05,1592524800.0,1.352938014993684e+18,12171.0,2.223827899889868,2.246884577977853,bin_2
config_871,512,21,8,0.0308371651917696,0.8271836042404175,0.940177857875824,0.2600078582763672,2.304151166754309e-05,64,40369.0,4.487450063863284e+18,5291280384,97329152,8,2.304151166754309e-05,3191603200.0,2.705876029987368e+18,24342.0,1.9878043300206545,2.0098218246952437,bin_2
config_871,512,21,8,0.0308371651917696,0.8271836042404175,0.940177857875824,0.2600078582763672,2.304151166754309e-05,64,40369.0,4.487450063863284e+18,5291280384,97329152,8,8.493484055042324e-06,4784128000.0,4.05892520577433e+18,36514.0,1.8872321701831505,1.9071502988064877,bin_2
config_871,512,21,8,0.0308371651917696,0.8271836042404175,0.940177857875824,0.2600078582763672,2.304151166754309e-05,64,40369.0,4.487450063863284e+18,5291280384,97329152,8,4.171005351403793e-08,5288755200.0,4.487450063863284e+18,40369.0,1.8729227754522544,1.892756980012675,bin_2
config_872,448,9,16,0.0010718533303588,0.8219834566116333,0.9898051619529724,0.2496910989284515,2.368013338127639e-05,32,8259.0,2.005488110997504e+17,541315200,45240832,16,2.368013338127639e-05,271974400.0,1.0026226432145168e+17,4129.0,2.887700446394623,2.9180761159834314,bin_0
config_872,448,9,16,0.0010718533303588,0.8219834566116333,0.9898051619529724,0.2496910989284515,2.368013338127639e-05,32,8259.0,2.005488110997504e+17,541315200,45240832,16,1.033565472509646e-07,540672000.0,2.005488110997504e+17,8259.0,2.6724695232266287,2.7008704869473568,bin_0
config_873,768,15,8,0.1918045282363891,0.8933539986610413,0.90575510263443,0.2202924937009811,0.0001419166655978,64,39020.0,5.890931393940947e+18,5114535424,144804864,8,0.0001419166655978,1592524800.0,1.8374814453012623e+18,12171.0,1.796321293506466,1.81574296343522,bin_3
config_873,768,15,8,0.1918045282363891,0.8933539986610413,0.90575510263443,0.2202924937009811,0.0001419166655978,64,39020.0,5.890931393940947e+18,5114535424,144804864,8,0.0001419166655978,3191603200.0,3.674962890602525e+18,24342.0,1.7126885413732684,1.7315133869843404,bin_3
config_873,768,15,8,0.1918045282363891,0.8933539986610413,0.90575510263443,0.2202924937009811,0.0001419166655978,64,39020.0,5.890931393940947e+18,5114535424,144804864,8,4.1609074730250526e-05,4784128000.0,5.512595308005119e+18,36514.0,1.6322818504396033,1.6483516812715373,bin_3
config_873,768,15,8,0.1918045282363891,0.8933539986610413,0.90575510263443,0.2202924937009811,0.0001419166655978,64,39020.0,5.890931393940947e+18,5114535424,144804864,8,3.30230751827387e-07,5111808000.0,5.890931393940947e+18,39020.0,1.6136334458335502,1.6297224962515908,bin_3
config_874,768,20,8,0.0011348294792696,0.8252977132797241,0.9951355457305908,0.2292419970035553,0.0005273807328194,32,6970.0,6.662323996496364e+17,456789632,180201984,8,0.0005273807328194,229376000.0,3.331161998248182e+17,3485.0,2.003794597934504,2.0240664048273054,bin_1
config_874,768,20,8,0.0011348294792696,0.8252977132797241,0.9951355457305908,0.2292419970035553,0.0005273807328194,32,6970.0,6.662323996496364e+17,456789632,180201984,8,6.604642865615999e-06,455475200.0,6.662323996496364e+17,6970.0,1.8075695155292264,1.8266618093897085,bin_1
config_875,576,22,8,0.038614559918642,0.8510879874229431,0.9668638110160828,0.297942578792572,0.0098574915900826,32,3582.0,2.3732410173399245e+17,234807536,116574336,8,0.0098574915900826,117964800.0,1.1866205086699622e+17,1791.0,3.5175009538306563,3.548914903304616,bin_0
config_875,576,22,8,0.038614559918642,0.8510879874229431,0.9668638110160828,0.297942578792572,0.0098574915900826,32,3582.0,2.3732410173399245e+17,234807536,116574336,8,0.0002956323625891,232652800.0,2.3732410173399245e+17,3582.0,3.397214334441013,3.4318876271951395,bin_0
config_876,1024,18,8,0.0215088278055191,0.8779408931732178,0.9353488683700562,0.1661483198404312,0.0002625170745886,32,3142.0,4.426039485138862e+17,205943456,282732544,8,0.0002625170745886,101580800.0,2.213019742569431e+17,1571.0,2.2496442484269377,2.272674504323084,bin_0
config_876,1024,18,8,0.0215088278055191,0.8779408931732178,0.9353488683700562,0.1661483198404312,0.0002625170745886,32,3142.0,4.426039485138862e+17,205943456,282732544,8,2.1122063472652907e-05,203161600.0,4.426039485138862e+17,3142.0,1.998281978368759,2.018467049755034,bin_0
config_878,704,12,22,0.0025232422631233,0.8510705232620239,0.979032039642334,0.2733150124549866,9.028147906064989e-05,64,9238.0,1.0584883885419232e+18,1210873728,111106688,16,9.028147906064989e-05,602931200.0,5.2924419427096166e+17,4619.0,2.075907240969236,2.0973884222937413,bin_1
config_878,704,12,22,0.0025232422631233,0.8510705232620239,0.979032039642334,0.2733150124549866,9.028147906064989e-05,64,9238.0,1.0584883885419232e+18,1210873728,111106688,16,1.3592298749226164e-06,1205862400.0,1.0584883885419232e+18,9238.0,1.8895889309195224,1.9101619222125068,bin_1
config_879,896,22,14,0.0025994658935815,0.8356790542602539,0.9844968318939208,0.0861042961478233,0.0001617789675947,64,69756.0,1.908114099776756e+19,9143088128,267124480,8,0.0001617789675947,1592524800.0,3.329270128502623e+18,12171.0,1.7391747313835582,1.7567620001855444,bin_3
config_879,896,22,14,0.0025994658935815,0.8356790542602539,0.9844968318939208,0.0861042961478233,0.0001617789675947,64,69756.0,1.908114099776756e+19,9143088128,267124480,8,0.0001617789675947,3191603200.0,6.658540257005246e+18,24342.0,1.6292066630574524,1.6468252686008078,bin_3
config_879,896,22,14,0.0025994658935815,0.8356790542602539,0.9844968318939208,0.0861042961478233,0.0001617789675947,64,69756.0,1.908114099776756e+19,9143088128,267124480,8,0.0001617789675947,4784128000.0,9.98808392672293e+18,36514.0,1.5831402017835712,1.598594731131538,bin_3
config_879,896,22,14,0.0025994658935815,0.8356790542602539,0.9844968318939208,0.0861042961478233,0.0001617789675947,64,69756.0,1.908114099776756e+19,9143088128,267124480,8,0.0001617789675947,6383206400.0,1.3317354055225557e+19,48685.0,1.5540803126819798,1.5692783733274116,bin_3
config_879,896,22,14,0.0025994658935815,0.8356790542602539,0.9844968318939208,0.0861042961478233,0.0001617789675947,64,69756.0,1.908114099776756e+19,9143088128,267124480,8,0.0001617789675947,7975731200.0,1.6646624183728175e+19,60856.0,1.5343159588438566,1.549187949739519,bin_3
config_879,896,22,14,0.0025994658935815,0.8356790542602539,0.9844968318939208,0.0861042961478233,0.0001617789675947,64,69756.0,1.908114099776756e+19,9143088128,267124480,8,1.616173502444799e-07,9142272000.0,1.908114099776756e+19,69756.0,1.4859555034266143,1.501834123173698,bin_3
config_88,512,10,16,0.0227896273136138,0.9267362356185912,0.9543328285217284,0.0474278777837753,0.0012014850508421,64,15425.0,9.801057209352192e+17,2021868800,59831296,16,0.0012014850508421,1592524800.0,7.733463033713162e+17,12171.0,1.7994191931114822,1.8184206856274212,bin_1
config_88,512,10,16,0.0227896273136138,0.9267362356185912,0.9543328285217284,0.0474278777837753,0.0012014850508421,64,15425.0,9.801057209352192e+17,2021868800,59831296,16,4.109046001512205e-05,2018508800.0,9.801057209352192e+17,15425.0,1.7292814887156251,1.7474100816445273,bin_1
config_880,704,6,16,0.0063744946382939,0.8609716296195984,0.9564546942710876,0.1879262775182724,1.858719224401284e-05,32,8773.0,3.123559925269217e+17,574964544,73251200,16,1.858719224401284e-05,288358400.0,1.5616019414374544e+17,4386.0,2.793790587206356,2.822655415534973,bin_0
config_880,704,6,16,0.0063744946382939,0.8609716296195984,0.9564546942710876,0.1879262775182724,1.858719224401284e-05,32,8773.0,3.123559925269217e+17,574964544,73251200,16,2.594086296191136e-07,573440000.0,3.123559925269217e+17,8773.0,2.5748035041621478,2.602045215465983,bin_0
config_881,576,11,12,0.0033680771011859,0.8331535458564758,0.933527946472168,0.1520596593618393,0.0009258997743017,32,3287.0,1.2761662175566848e+17,215482192,72767232,16,0.0009258997743017,108134400.0,6.37888985532593e+16,1643.0,2.286698211646471,2.3091262033337454,bin_0
config_881,576,11,12,0.0033680771011859,0.8331535458564758,0.933527946472168,0.1520596593618393,0.0009258997743017,32,3287.0,1.2761662175566848e+17,215482192,72767232,16,6.865389108049401e-05,212992000.0,1.2761662175566848e+17,3287.0,2.044455485578444,2.0641739854265437,bin_0
config_883,320,5,10,0.0977244079113006,0.8068435192108154,0.9849778413772584,0.1445946991443634,1.6844946003402583e-05,32,14087.0,1.6399855898062848e+17,923245632,23055360,16,1.6844946003402583e-05,462028800.0,8.199345857177301e+16,7043.0,2.9622000555132257,2.993657096409407,bin_0
config_883,320,5,10,0.0977244079113006,0.8068435192108154,0.9849778413772584,0.1445946991443634,1.6844946003402583e-05,32,14087.0,1.6399855898062848e+17,923245632,23055360,16,3.061213173506357e-07,920780800.0,1.6399855898062848e+17,14087.0,2.750947909980524,2.780282435573515,bin_0
config_885,512,9,4,0.0037863254547119,0.8964377641677856,0.9922852516174316,0.2600913643836975,0.0001835050061345,32,11709.0,3.466629797835571e+17,767425088,56422400,16,0.0001835050061345,383385600.0,1.7331668662165373e+17,5854.0,2.0233297326134854,2.0448805078522105,bin_0
config_885,512,9,4,0.0037863254547119,0.8964377641677856,0.9922852516174316,0.2600913643836975,0.0001835050061345,32,11709.0,3.466629797835571e+17,767425088,56422400,16,5.423793284763947e-07,766771200.0,3.466629797835571e+17,11709.0,1.870740536705392,1.8908758013365696,bin_0
config_886,832,19,16,0.0095499046146869,0.8624489903450012,0.9503028988838196,0.1648828685283661,0.0063321818597614,64,57962.0,1.2237008946516195e+19,7597211648,203736832,8,0.0063321818597614,1592524800.0,2.5695565351100483e+18,12171.0,3.243419421774442,3.276323723832115,bin_3
config_886,832,19,16,0.0095499046146869,0.8624489903450012,0.9503028988838196,0.1648828685283661,0.0063321818597614,64,57962.0,1.2237008946516195e+19,7597211648,203736832,8,0.0063321818597614,3191603200.0,5.139113070220097e+18,24342.0,3.134268642605328,3.166933398012255,bin_3
config_886,832,19,16,0.0095499046146869,0.8624489903450012,0.9503028988838196,0.1648828685283661,0.0063321818597614,64,57962.0,1.2237008946516195e+19,7597211648,203736832,8,0.0063321818597614,4784128000.0,7.708880726563826e+18,36514.0,2.9240782650572354,2.938495206754716,bin_3
config_886,832,19,16,0.0095499046146869,0.8624489903450012,0.9503028988838196,0.1648828685283661,0.0063321818597614,64,57962.0,1.2237008946516195e+19,7597211648,203736832,8,0.0061373658837495,6383206400.0,1.0278437261673871e+19,48685.0,2.921227369933832,2.95096663111546,bin_3
config_886,832,19,16,0.0095499046146869,0.8624489903450012,0.9503028988838196,0.1648828685283661,0.0063321818597614,64,57962.0,1.2237008946516195e+19,7597211648,203736832,8,7.951672490282176e-06,7595622400.0,1.2237008946516195e+19,57962.0,2.8010892816449777,2.830318548835692,bin_3
config_887,768,16,12,0.0019073141738772,0.8979390263557434,0.945609986782074,0.0197198875248432,0.0004492909065447,64,25651.0,4.078886608700965e+18,3362245632,151884288,8,0.0004492909065447,1592524800.0,1.9353681694475635e+18,12171.0,1.7390078600312844,1.7575393587643984,bin_2
config_887,768,16,12,0.0019073141738772,0.8979390263557434,0.945609986782074,0.0197198875248432,0.0004492909065447,64,25651.0,4.078886608700965e+18,3362245632,151884288,8,0.0004492909065447,3191603200.0,3.870736338895127e+18,24342.0,1.669800805185662,1.6874107076496374,bin_2
config_887,768,16,12,0.0019073141738772,0.8979390263557434,0.945609986782074,0.0197198875248432,0.0004492909065447,64,25651.0,4.078886608700965e+18,3362245632,151884288,8,8.896849634549989e-07,3361996800.0,4.078886608700965e+18,25651.0,1.6277535736951672,1.6451380940538938,bin_2
config_888,1152,16,18,0.0952246263623237,0.8552141189575195,0.9756662249565125,0.1590922176837921,0.0004420794430188,64,55926.0,1.707480387176222e+19,7330371072,312761088,8,0.0004420794430188,1592524800.0,3.715936021228373e+18,12171.0,1.7032030440940231,1.7200664273441817,bin_3
config_888,1152,16,18,0.0952246263623237,0.8552141189575195,0.9756662249565125,0.1590922176837921,0.0004420794430188,64,55926.0,1.707480387176222e+19,7330371072,312761088,8,0.0004420794430188,3191603200.0,7.431872042456745e+18,24342.0,1.629379487741189,1.6457780509698587,bin_3
config_888,1152,16,18,0.0952246263623237,0.8552141189575195,0.9756662249565125,0.1590922176837921,0.0004420794430188,64,55926.0,1.707480387176222e+19,7330371072,312761088,8,0.0004420794430188,4784128000.0,1.114811337434334e+19,36514.0,1.5950416994290273,1.6106824964968884,bin_3
config_888,1152,16,18,0.0952246263623237,0.8552141189575195,0.9756662249565125,0.1590922176837921,0.0004420794430188,64,55926.0,1.707480387176222e+19,7330371072,312761088,8,0.0003590497982751,6383206400.0,1.4864049395571712e+19,48685.0,1.5632499290978323,1.5779645675713898,bin_3
config_888,1152,16,18,0.0952246263623237,0.8552141189575195,0.9756662249565125,0.1590922176837921,0.0004420794430188,64,55926.0,1.707480387176222e+19,7330371072,312761088,8,1.2919035088783891e-06,7326924800.0,1.707480387176222e+19,55926.0,1.484080533355963,1.4980069301558323,bin_3
config_89,320,20,16,0.0380267202854156,0.97506183385849,0.9559102654457092,0.1020795851945877,3.930078310077079e-05,64,32585.0,1.7978098112018842e+18,4270991104,43954560,16,3.930078310077079e-05,1592524800.0,6.715096888794884e+17,12171.0,2.258102673350788,2.281855803005031,bin_2
config_89,320,20,16,0.0380267202854156,0.97506183385849,0.9559102654457092,0.1020795851945877,3.930078310077079e-05,64,32585.0,1.7978098112018842e+18,4270991104,43954560,16,3.930078310077079e-05,3191603200.0,1.3430193777589768e+18,24342.0,2.026325845952894,2.048493106638799,bin_2
config_89,320,20,16,0.0380267202854156,0.97506183385849,0.9559102654457092,0.1020795851945877,3.930078310077079e-05,64,32585.0,1.7978098112018842e+18,4270991104,43954560,16,4.1356807231719093e-07,4266393600.0,1.7978098112018842e+18,32585.0,1.9456750555116624,1.967809603566029,bin_2
config_891,384,20,8,0.1881317347288131,0.8032315969467163,0.9453505277633668,0.2703138887882232,0.0041462779045104,32,7653.0,2.5927698775781376e+17,501581920,54711552,16,0.0041462779045104,252313600.0,1.2962155431352352e+17,3826.0,3.0233333228846067,3.055594073358129,bin_0
config_891,384,20,8,0.1881317347288131,0.8032315969467163,0.9453505277633668,0.2703138887882232,0.0041462779045104,32,7653.0,2.5927698775781376e+17,501581920,54711552,16,6.014909919502959e-06,501350400.0,2.5927698775781376e+17,7653.0,2.4127844684241246,2.437510890257163,bin_0
config_892,384,23,16,0.1119474843144416,0.9232041835784912,0.9377447366714478,0.1761948019266128,1.8673237718758173e-05,64,30429.0,2.301687631700951e+18,3988503040,60022272,16,1.8673237718758173e-05,1592524800.0,9.206296679296814e+17,12171.0,2.517537763705019,2.545474052976389,bin_2
config_892,384,23,16,0.1119474843144416,0.9232041835784912,0.9377447366714478,0.1761948019266128,1.8673237718758173e-05,64,30429.0,2.301687631700951e+18,3988503040,60022272,16,1.8673237718758173e-05,3191603200.0,1.8412593358593628e+18,24342.0,2.189960247688606,2.21375756498243,bin_2
config_892,384,23,16,0.1119474843144416,0.9232041835784912,0.9377447366714478,0.1761948019266128,1.8673237718758173e-05,64,30429.0,2.301687631700951e+18,3988503040,60022272,16,1.0101173173736153e-07,3984588800.0,2.301687631700951e+18,30429.0,2.117508944996068,2.140596796762748,bin_2
config_894,576,15,12,0.0775407627224922,0.9708697199821472,0.9532808065414428,0.0708292573690414,0.0001747626956785,64,51220.0,4.997647647556043e+18,6713550336,88697088,16,0.0001747626956785,1592524800.0,1.1875511424913042e+18,12171.0,1.805604642883676,1.825113730391518,bin_3
config_894,576,15,12,0.0775407627224922,0.9708697199821472,0.9532808065414428,0.0708292573690414,0.0001747626956785,64,51220.0,4.997647647556043e+18,6713550336,88697088,16,0.0001747626956785,3191603200.0,2.3751022849826084e+18,24342.0,1.7205069400443405,1.7390776522042322,bin_3
config_894,576,15,12,0.0775407627224922,0.9708697199821472,0.9532808065414428,0.0708292573690414,0.0001747626956785,64,51220.0,4.997647647556043e+18,6713550336,88697088,16,0.0001747626956785,4784128000.0,3.562750999665391e+18,36514.0,1.6857908085135165,1.702351956953768,bin_3
config_894,576,15,12,0.0775407627224922,0.9708697199821472,0.9532808065414428,0.0708292573690414,0.0001747626956785,64,51220.0,4.997647647556043e+18,6713550336,88697088,16,0.0001214232128783,6383206400.0,4.750302142156696e+18,48685.0,1.6511949547392424,1.6672227925159893,bin_3
config_894,576,15,12,0.0775407627224922,0.9708697199821472,0.9532808065414428,0.0708292573690414,0.0001747626956785,64,51220.0,4.997647647556043e+18,6713550336,88697088,16,9.636762926854654e-07,6710886400.0,4.997647647556043e+18,51220.0,1.616491024298746,1.6321419929676368,bin_3
config_895,448,23,4,0.0513821765780448,0.8010730147361755,0.9732292294502258,0.131829172372818,1.976421845029108e-05,64,49754.0,4.803473174533964e+18,6521421312,80577280,8,1.976421845029108e-05,1592524800.0,1.1750426499829737e+18,12171.0,2.262585550546646,2.285538657610534,bin_3
config_895,448,23,4,0.0513821765780448,0.8010730147361755,0.9732292294502258,0.131829172372818,1.976421845029108e-05,64,49754.0,4.803473174533964e+18,6521421312,80577280,8,1.976421845029108e-05,3191603200.0,2.3500852999659474e+18,24342.0,2.018487823087661,2.039961115825372,bin_3
config_895,448,23,4,0.0513821765780448,0.8010730147361755,0.9732292294502258,0.131829172372818,1.976421845029108e-05,64,49754.0,4.803473174533964e+18,6521421312,80577280,8,1.976421845029108e-05,4784128000.0,3.525224494411166e+18,36514.0,1.9179271946578729,1.936413292318094,bin_3
config_895,448,23,4,0.0513821765780448,0.8010730147361755,0.9732292294502258,0.131829172372818,1.976421845029108e-05,64,49754.0,4.803473174533964e+18,6521421312,80577280,8,3.176015588749321e-06,6383206400.0,4.70026714439414e+18,48685.0,1.8493476756674343,1.8662274507616388,bin_3
config_895,448,23,4,0.0513821765780448,0.8010730147361755,0.9732292294502258,0.131829172372818,1.976421845029108e-05,64,49754.0,4.803473174533964e+18,6521421312,80577280,8,1.2053190090132018e-08,6520832000.0,4.803473174533964e+18,49754.0,1.846420170811356,1.863188413342492,bin_3
config_896,704,8,22,0.0010731528745964,0.818682074546814,0.9423227906227112,0.0285742711275815,0.0025099257472902,64,19149.0,1.6403883341193216e+18,2509933824,85869696,16,0.0025099257472902,1592524800.0,1.0426218817988544e+18,12171.0,1.7796224931810722,1.7973544983394811,bin_2
config_896,704,8,22,0.0010731528745964,0.818682074546814,0.9423227906227112,0.0285742711275815,0.0025099257472902,64,19149.0,1.6403883341193216e+18,2509933824,85869696,16,0.0002248379554245,2503475200.0,1.6403883341193216e+18,19149.0,1.695469688001226,1.712501901993986,bin_2
config_897,1152,11,18,0.0747360736131668,0.8535987138748169,0.9735894203186036,0.2486249655485153,0.0001963504910236,32,3097.0,3.4712531680219546e+17,202996304,233123328,8,0.0001963504910236,101580800.0,1.7350661621239862e+17,1548.0,2.2936021598636125,2.317046211371656,bin_0
config_897,1152,11,18,0.0747360736131668,0.8535987138748169,0.9735894203186036,0.2486249655485153,0.0001963504910236,32,3097.0,3.4712531680219546e+17,202996304,233123328,8,1.200061518609916e-05,199884800.0,3.4712531680219546e+17,3097.0,2.01564563964234,2.0362677251120083,bin_0
config_9,1088,12,8,0.1977607160806656,0.8288569450378418,0.9649189114570618,0.0246883407235145,0.0019361430313438,64,9360.0,2.1003631393989427e+18,1226893952,231872384,8,0.0019361430313438,616038400.0,1.0501815696994714e+18,4680.0,2.0101042736628343,2.030849442734342,bin_2
config_9,1088,12,8,0.1977607160806656,0.8288569450378418,0.9649189114570618,0.0246883407235145,0.0019361430313438,64,9360.0,2.1003631393989427e+18,1226893952,231872384,8,8.381571564258935e-05,1225523200.0,2.1003631393989427e+18,9360.0,1.7958203892767584,1.813974328056425,bin_2
config_90,576,8,8,0.0523914918303489,0.822571337223053,0.9742922782897948,0.0195385888218879,0.0036483854055404,64,18412.0,1.1538413184552468e+18,2413356288,60819840,16,0.0036483854055404,1592524800.0,7.627309736540739e+17,12171.0,1.8457933295750224,1.8654448289949384,bin_1
config_90,576,8,8,0.0523914918303489,0.822571337223053,0.9742922782897948,0.0195385888218879,0.0036483854055404,64,18412.0,1.1538413184552468e+18,2413356288,60819840,16,0.0001219516012994,2411724800.0,1.1538413184552468e+18,18412.0,1.7538933363898856,1.7724709248542785,bin_1
config_900,320,19,10,0.0619152598083019,0.8146842122077942,0.9600401520729064,0.0437133908271789,0.0003112645936198,64,10946.0,5.806639812081254e+17,1434748288,42561280,16,0.0003112645936198,714342400.0,2.903319906040627e+17,5473.0,1.984627054480256,2.005952078748922,bin_1
config_900,320,19,10,0.0619152598083019,0.8146842122077942,0.9600401520729064,0.0437133908271789,0.0003112645936198,64,10946.0,5.806639812081254e+17,1434748288,42561280,16,2.99543332772244e-05,1428684800.0,5.806639812081254e+17,10946.0,1.840361138406347,1.8602676543642265,bin_1
config_901,1088,21,16,0.0039676246233284,0.9124966859817504,0.9928290843963624,0.2626529335975647,0.0007292329100891,64,24646.0,8.882732830239425e+18,3230401024,364749824,8,0.0007292329100891,1592524800.0,4.386583675924857e+18,12171.0,1.649804850484504,1.6670907652964355,bin_3
config_901,1088,21,16,0.0039676246233284,0.9124966859817504,0.9928290843963624,0.2626529335975647,0.0007292329100891,64,24646.0,8.882732830239425e+18,3230401024,364749824,8,3.33466617312532e-05,3191603200.0,8.773167351849715e+18,24342.0,1.523234447182202,1.5390817703966235,bin_3
config_901,1088,21,16,0.0039676246233284,0.9124966859817504,0.9928290843963624,0.2626529335975647,0.0007292329100891,64,24646.0,8.882732830239425e+18,3230401024,364749824,8,5.182251485262362e-06,3224371200.0,8.882732830239425e+18,24646.0,1.5222552247125594,1.538087841956342,bin_3
config_902,384,15,12,0.0602959245443344,0.8119219541549683,0.9831368327140808,0.0626044273376464,0.0003531480615492,32,5771.0,1.5758380271178547e+17,378217664,45860352,16,0.0003531480615492,190054400.0,7.877824827993434e+16,2885.0,2.202515504242944,2.2242844000800712,bin_0
config_902,384,15,12,0.0602959245443344,0.8119219541549683,0.9831368327140808,0.0626044273376464,0.0003531480615492,32,5771.0,1.5758380271178547e+17,378217664,45860352,16,2.0543239037493395e-05,376832000.0,1.5758380271178547e+17,5771.0,1.9819174364746597,2.001511428668851,bin_0
config_903,704,5,22,0.0689216032624244,0.970841646194458,0.925786018371582,0.1555619090795517,0.0098203206434845,32,8581.0,2.7452674153945498e+17,562424832,66941952,16,0.0098203206434845,281804800.0,1.372473745722249e+17,4290.0,3.454865348534506,3.489476914796673,bin_0
config_903,704,5,22,0.0689216032624244,0.970841646194458,0.925786018371582,0.1555619090795517,0.0098203206434845,32,8581.0,2.7452674153945498e+17,562424832,66941952,16,0.0002282083507856,560332800.0,2.7452674153945498e+17,8581.0,3.4292514923752333,3.4651135185116626,bin_0
config_904,512,16,8,0.0024229753762483,0.8716394305229187,0.967993438243866,0.0954430326819419,1.289624378841836e-05,32,12130.0,5.4290186124322406e+17,794955968,80284672,16,1.289624378841836e-05,396492800.0,2.7145093062161203e+17,6065.0,2.8372801290574623,2.8668020013121307,bin_1
config_904,512,16,8,0.0024229753762483,0.8716394305229187,0.967993438243866,0.0954430326819419,1.289624378841836e-05,32,12130.0,5.4290186124322406e+17,794955968,80284672,16,3.343883436927835e-07,792985600.0,5.4290186124322406e+17,12130.0,2.579488611690333,2.606988779208699,bin_1
config_905,640,23,20,0.0159497242420911,0.9595053791999816,0.9198235869407654,0.1815916001796722,0.000242795314989,128,46860.0,1.5425565394320753e+19,12284142592,149025280,8,0.000242795314989,1599078400.0,2.003414233671278e+18,6086.0,1.7903292377659532,1.8101046884841607,bin_3
config_905,640,23,20,0.0159497242420911,0.9595053791999816,0.9198235869407654,0.1815916001796722,0.000242795314989,128,46860.0,1.5425565394320753e+19,12284142592,149025280,8,0.000242795314989,3185049600.0,4.006499283275243e+18,12171.0,1.6842310730355683,1.7022385029519191,bin_3
config_905,640,23,20,0.0159497242420911,0.9595053791999816,0.9198235869407654,0.1815916001796722,0.000242795314989,128,46860.0,1.5425565394320753e+19,12284142592,149025280,8,0.000242795314989,4784128000.0,6.009913516946521e+18,18257.0,1.640338954651942,1.6559286141590994,bin_3
config_905,640,23,20,0.0159497242420911,0.9595053791999816,0.9198235869407654,0.1815916001796722,0.000242795314989,128,46860.0,1.5425565394320753e+19,12284142592,149025280,8,0.000242795314989,6383206400.0,8.012998566550486e+18,24342.0,1.613560147695854,1.6284547558182576,bin_3
config_905,640,23,20,0.0159497242420911,0.9595053791999816,0.9198235869407654,0.1815916001796722,0.000242795314989,128,46860.0,1.5425565394320753e+19,12284142592,149025280,8,0.000242795314989,7982284800.0,1.0016412800221766e+19,30428.0,1.5950918022921827,1.6100862842114243,bin_3
config_905,640,23,20,0.0159497242420911,0.9595053791999816,0.9198235869407654,0.1815916001796722,0.000242795314989,128,46860.0,1.5425565394320753e+19,12284142592,149025280,8,0.000242795314989,9568256000.0,1.2019827033893042e+19,36514.0,1.5810195248635088,1.5957842757467364,bin_3
config_905,640,23,20,0.0159497242420911,0.9595053791999816,0.9198235869407654,0.1815916001796722,0.000242795314989,128,46860.0,1.5425565394320753e+19,12284142592,149025280,8,0.0001215545941771,11167334400.0,1.4022912083497007e+19,42599.0,1.547544958630546,1.5617281037862183,bin_3
config_905,640,23,20,0.0159497242420911,0.9595053791999816,0.9198235869407654,0.1815916001796722,0.000242795314989,128,46860.0,1.5425565394320753e+19,12284142592,149025280,8,2.853394229510508e-07,12281446400.0,1.5425565394320753e+19,46860.0,1.523298187588082,1.5367641090369617,bin_3
config_906,832,9,16,0.0265969093888998,0.8514686822891235,0.9224408268928528,0.2924539744853973,0.0004402289341669,64,10715.0,1.2571831003563786e+18,1404563072,118523392,16,0.0004402289341669,701235200.0,6.285328855444817e+17,5357.0,1.8793121239787245,1.8987480147158515,bin_1
config_906,832,9,16,0.0265969093888998,0.8514686822891235,0.9224408268928528,0.2924539744853973,0.0004402289341669,64,10715.0,1.2571831003563786e+18,1404563072,118523392,16,2.1077031639017783e-06,1402470400.0,1.2571831003563786e+18,10715.0,1.7274274860444616,1.7454068113545902,bin_1
config_907,320,23,16,0.0097256647422909,0.9081318378448486,0.9386274814605712,0.2082128822803497,0.0039371796883642,64,10314.0,6.348592420002202e+17,1351927808,48134400,16,0.0039371796883642,675020800.0,3.174296210001101e+17,5157.0,1.978496525053118,2.000366626802038,bin_1
config_907,320,23,16,0.0097256647422909,0.9081318378448486,0.9386274814605712,0.2082128822803497,0.0039371796883642,64,10314.0,6.348592420002202e+17,1351927808,48134400,16,2.567327230419171e-05,1350041600.0,6.348592420002202e+17,10314.0,1.823615324966243,1.843172103225208,bin_1
config_908,768,18,24,0.0453994162380695,0.9123947024345398,0.9740358591079712,0.2172693610191345,0.0041754334233701,64,58575.0,1.0255993847207166e+19,7677636608,166043136,8,0.0041754334233701,1592524800.0,2.1310405653326236e+18,12171.0,1.7720646140223644,1.790694810386564,bin_3
config_908,768,18,24,0.0453994162380695,0.9123947024345398,0.9740358591079712,0.2172693610191345,0.0041754334233701,64,58575.0,1.0255993847207166e+19,7677636608,166043136,8,0.0041754334233701,3191603200.0,4.262081130665247e+18,24342.0,1.7305689203152892,1.7486863000861934,bin_3
config_908,768,18,24,0.0453994162380695,0.9123947024345398,0.9740358591079712,0.2172693610191345,0.0041754334233701,64,58575.0,1.0255993847207166e+19,7677636608,166043136,8,0.0041754334233701,4784128000.0,6.393296787655526e+18,36514.0,1.7126563397978174,1.7297083233419013,bin_3
config_908,768,18,24,0.0453994162380695,0.9123947024345398,0.9740358591079712,0.2172693610191345,0.0041754334233701,64,58575.0,1.0255993847207166e+19,7677636608,166043136,8,0.0032400129699654,6383206400.0,8.52433735298815e+18,48685.0,1.6752529293201008,1.69147569437496,bin_3
config_908,768,18,24,0.0453994162380695,0.9123947024345398,0.9740358591079712,0.2172693610191345,0.0041754334233701,64,58575.0,1.0255993847207166e+19,7677636608,166043136,8,8.202564480925233e-06,7674265600.0,1.0255993847207166e+19,58575.0,1.5368483758754417,1.5508252640630378,bin_3
config_909,704,23,16,0.0089489771053195,0.8035682439804077,0.9762145280838012,0.2080814242362976,0.0009990376420319,32,4210.0,4.0858630403272704e+17,275925184,180508416,8,0.0009990376420319,137625600.0,2.0429315201636352e+17,2105.0,2.171069276547823,2.194128928673072,bin_0
config_909,704,23,16,0.0089489771053195,0.8035682439804077,0.9762145280838012,0.2080814242362976,0.0009990376420319,32,4210.0,4.0858630403272704e+17,275925184,180508416,8,1.1404539292601691e-05,275251200.0,4.0858630403272704e+17,4210.0,1.9313720324391224,1.9518927791470384,bin_0
config_910,256,15,16,0.0037310416810214,0.9141076803207396,0.9783654808998108,0.2286978214979171,0.0009572403505444,64,13555.0,4.411124009710387e+17,1776712960,25658368,16,0.0004339860253355,1592524800.0,3.960737021186656e+17,12171.0,1.8784463365351567,1.898431047572464,bin_0
config_910,256,15,16,0.0037310416810214,0.9141076803207396,0.9783654808998108,0.2286978214979171,0.0009572403505444,64,13555.0,4.411124009710387e+17,1776712960,25658368,16,1.5444342538633617e-06,1776025600.0,4.411124009710387e+17,13555.0,1.8493832620245512,1.869099298031604,bin_0
config_912,384,11,16,0.0351026207208633,0.8047528862953186,0.9364473819732666,0.2826704680919647,0.0008135490934364,32,7361.0,1.6230696441738854e+17,482435616,38779392,16,0.0008135490934364,242483200.0,8.114245741828418e+16,3680.0,2.143975178022853,2.164930452362436,bin_0
config_912,384,11,16,0.0351026207208633,0.8047528862953186,0.9364473819732666,0.2826704680919647,0.0008135490934364,32,7361.0,1.6230696441738854e+17,482435616,38779392,16,4.302423090288905e-06,481689600.0,1.6230696441738854e+17,7361.0,1.9582558698732344,1.9781804751959,bin_0
config_913,384,21,16,0.0284976325929164,0.9427454471588136,0.9698325991630554,0.1457437574863433,0.0007241757703013,64,7827.0,5.509265788667658e+17,1025986496,56481792,16,0.0007241757703013,511180800.0,2.7542809545236422e+17,3913.0,1.9707172211271815,1.9917167089415375,bin_1
config_913,384,21,16,0.0284976325929164,0.9427454471588136,0.9698325991630554,0.1457437574863433,0.0007241757703013,64,7827.0,5.509265788667658e+17,1025986496,56481792,16,1.7151531401874624e-05,1022361600.0,5.509265788667658e+17,7827.0,1.803630271700562,1.8229179582439483,bin_1
config_914,576,16,12,0.0711459368467331,0.9285281896591188,0.9474552273750304,0.2731716334819793,3.684003968373872e-05,32,12133.0,6.221969886025728e+17,795184960,92679552,16,3.684003968373872e-05,396492800.0,3.1107285361107776e+17,6066.0,2.415879484903617,2.441150486664694,bin_1
config_914,576,16,12,0.0711459368467331,0.9285281896591188,0.9474552273750304,0.2731716334819793,3.684003968373872e-05,32,12133.0,6.221969886025728e+17,795184960,92679552,16,3.668440885827988e-07,792985600.0,6.221969886025728e+17,12133.0,2.157021729164436,2.17949727973,bin_1
config_916,832,18,16,0.0390662997961044,0.9717226028442384,0.912940800189972,0.2510578036308288,0.0034470250830054,32,5325.0,5.37168990518784e+17,349001760,195215488,8,0.0034470250830054,173670400.0,2.685340568565264e+17,2662.0,3.479729455768085,3.5114024648510043,bin_0
config_916,832,18,16,0.0390662997961044,0.9717226028442384,0.912940800189972,0.2510578036308288,0.0034470250830054,32,5325.0,5.37168990518784e+17,349001760,195215488,8,6.450271487659859e-05,347340800.0,5.37168990518784e+17,5325.0,3.326939323261136,3.362643587472009,bin_0
config_917,640,11,20,0.0020622315350919,0.8433573842048645,0.9570168852806092,0.1839313805103302,1.4362096408149227e-05,64,15651.0,1.438672085753856e+18,2051449600,88061440,16,1.4362096408149227e-05,1592524800.0,1.1187833336981778e+18,12171.0,2.3590254679273386,2.3835344655005657,bin_1
config_917,640,11,20,0.0020622315350919,0.8433573842048645,0.9570168852806092,0.1839313805103302,1.4362096408149227e-05,64,15651.0,1.438672085753856e+18,2051449600,88061440,16,4.990304519855815e-09,2051276800.0,1.438672085753856e+18,15651.0,2.275866238562787,2.299902768330496,bin_1
config_918,1152,10,24,0.0104153845459222,0.8295677304267883,0.9764506816864014,0.1681028604507446,0.0002709760738071,64,37576.0,7.81209669919703e+18,4925209600,217195776,8,0.0002709760738071,1592524800.0,2.5303658964745334e+18,12171.0,1.7326172168137597,1.7505610047598354,bin_3
config_918,1152,10,24,0.0104153845459222,0.8295677304267883,0.9764506816864014,0.1681028604507446,0.0002709760738071,64,37576.0,7.81209669919703e+18,4925209600,217195776,8,0.0002709760738071,3191603200.0,5.060731792949067e+18,24342.0,1.641720351996969,1.6592796899647009,bin_3
config_918,1152,10,24,0.0104153845459222,0.8295677304267883,0.9764506816864014,0.1681028604507446,0.0002709760738071,64,37576.0,7.81209669919703e+18,4925209600,217195776,8,4.616375164921555e-05,4784128000.0,7.591305590655747e+18,36514.0,1.5614197733558592,1.5762100801897831,bin_3
config_918,1152,10,24,0.0104153845459222,0.8295677304267883,0.9764506816864014,0.1681028604507446,0.0002709760738071,64,37576.0,7.81209669919703e+18,4925209600,217195776,8,1.1154809878063249e-06,4921753600.0,7.81209669919703e+18,37576.0,1.5550535518614972,1.5699451029105265,bin_3
config_919,384,14,12,0.0232007578015327,0.8974153399467468,0.9186419248580932,0.0643006712198257,0.000231892656302,64,9588.0,4.984565327582331e+17,1256841984,44090112,16,0.000231892656302,629145600.0,2.492282663791165e+17,4794.0,2.0446906450537385,2.065339032040268,bin_0
config_919,384,14,12,0.0232007578015327,0.8974153399467468,0.9186419248580932,0.0643006712198257,0.000231892656302,64,9588.0,4.984565327582331e+17,1256841984,44090112,16,1.4305066460193215e-05,1251737600.0,4.984565327582331e+17,9588.0,1.886378397277144,1.906711630391293,bin_0
config_920,512,4,16,0.0017767241224646,0.9794244170188904,0.906497359275818,0.2044852375984192,0.000137936687679,128,39645.0,2.978307857197302e+18,10392895488,39377920,16,0.000137936687679,1599078400.0,4.5720725485944704e+17,6086.0,2.046617790089279,2.068700529317387,bin_2
config_920,512,4,16,0.0017767241224646,0.9794244170188904,0.906497359275818,0.2044852375984192,0.000137936687679,128,39645.0,2.978307857197302e+18,10392895488,39377920,16,0.000137936687679,3185049600.0,9.14339385293186e+17,12171.0,1.9063788894747125,1.9276820965282253,bin_2
config_920,512,4,16,0.0017767241224646,0.9794244170188904,0.906497359275818,0.2044852375984192,0.000137936687679,128,39645.0,2.978307857197302e+18,10392895488,39377920,16,0.000137936687679,4784128000.0,1.371546640152633e+18,18257.0,1.856328025294132,1.8765901554998805,bin_2
config_920,512,4,16,0.0017767241224646,0.9794244170188904,0.906497359275818,0.2044852375984192,0.000137936687679,128,39645.0,2.978307857197302e+18,10392895488,39377920,16,0.000137936687679,6383206400.0,1.828678770586372e+18,24342.0,1.8272932629897949,1.8471426793395496,bin_2
config_920,512,4,16,0.0017767241224646,0.9794244170188904,0.906497359275818,0.2044852375984192,0.000137936687679,128,39645.0,2.978307857197302e+18,10392895488,39377920,16,0.000137936687679,7982284800.0,2.2858860254458191e+18,30428.0,1.807838528586216,1.827887375862872,bin_2
config_920,512,4,16,0.0017767241224646,0.9794244170188904,0.906497359275818,0.2044852375984192,0.000137936687679,128,39645.0,2.978307857197302e+18,10392895488,39377920,16,5.351725669264118e-05,9568256000.0,2.743093280305266e+18,36514.0,1.7766420856069345,1.7974071974441654,bin_2
config_920,512,4,16,0.0017767241224646,0.9794244170188904,0.906497359275818,0.2044852375984192,0.000137936687679,128,39645.0,2.978307857197302e+18,10392895488,39377920,16,7.657477110235053e-07,10380902400.0,2.978307857197302e+18,39645.0,1.7644396843675707,1.7848915903685525,bin_2
config_921,768,12,12,0.0025205111596733,0.9157546162605286,0.9385696053504944,0.1850803196430206,0.0085158245638012,32,4955.0,3.142812471902208e+17,324745600,123566592,16,0.0085158245638012,163840000.0,1.571089100484716e+17,2477.0,3.4828223612269418,3.5193925876304752,bin_0
config_921,768,12,12,0.0025205111596733,0.9157546162605286,0.9385696053504944,0.1850803196430206,0.0085158245638012,32,4955.0,3.142812471902208e+17,324745600,123566592,16,4.643306741440242e-05,324403200.0,3.142812471902208e+17,4955.0,3.2948981192072884,3.326861701949698,bin_0
config_922,256,5,16,0.0042797313071787,0.807597815990448,0.9194815158843994,0.0186186265200376,3.944282434531488e-05,32,7234.0,6.364985431130112e+16,474143360,17133568,16,3.944282434531488e-05,235929600.0,3.182492715565056e+16,3617.0,3.04068868809059,3.072733374658178,bin_0
config_922,256,5,16,0.0042797313071787,0.807597815990448,0.9194815158843994,0.0186186265200376,3.944282434531488e-05,32,7234.0,6.364985431130112e+16,474143360,17133568,16,1.0007880804035115e-05,471859200.0,6.364985431130112e+16,7234.0,2.80896415061638,2.8382363517167137,bin_0
config_923,768,13,16,0.0935446321964263,0.8270385265350342,0.9589401483535768,0.1524664610624313,2.0690809833467935e-05,64,50676.0,6.835647611050131e+18,6642235904,130646016,8,2.0690809833467935e-05,1592524800.0,1.6417370564782372e+18,12171.0,2.1482097218075737,2.1702086496548576,bin_3
config_923,768,13,16,0.0935446321964263,0.8270385265350342,0.9589401483535768,0.1524664610624313,2.0690809833467935e-05,64,50676.0,6.835647611050131e+18,6642235904,130646016,8,2.0690809833467935e-05,3191603200.0,3.2834741129564744e+18,24342.0,1.9425035182960697,1.9632553520163551,bin_3
config_923,768,13,16,0.0935446321964263,0.8270385265350342,0.9589401483535768,0.1524664610624313,2.0690809833467935e-05,64,50676.0,6.835647611050131e+18,6642235904,130646016,8,2.0690809833467935e-05,4784128000.0,4.925346058684278e+18,36514.0,1.8583176699427308,1.87708334084417,bin_3
config_923,768,13,16,0.0935446321964263,0.8270385265350342,0.9589401483535768,0.1524664610624313,2.0690809833467935e-05,64,50676.0,6.835647611050131e+18,6642235904,130646016,8,5.291876809595216e-06,6383206400.0,6.567083115162516e+18,48685.0,1.7966634878955905,1.813464036437332,bin_3
config_923,768,13,16,0.0935446321964263,0.8270385265350342,0.9589401483535768,0.1524664610624313,2.0690809833467935e-05,64,50676.0,6.835647611050131e+18,6642235904,130646016,8,6.962995802098839e-08,6638796800.0,6.835647611050131e+18,50676.0,1.7901909921403791,1.807096321719592,bin_3
config_925,960,4,12,0.0129958419129252,0.8705670237541199,0.9198662042617798,0.1787852942943573,0.0010649096220731,32,6056.0,2.5777495220852736e+17,396950496,92511360,16,0.0010649096220731,199884800.0,1.2888747610426368e+17,3028.0,2.1251779764988386,2.147139263270331,bin_0
config_925,960,4,12,0.0129958419129252,0.8705670237541199,0.9198662042617798,0.1787852942943573,0.0010649096220731,32,6056.0,2.5777495220852736e+17,396950496,92511360,16,5.905228957891985e-06,396492800.0,2.5777495220852736e+17,6056.0,1.928566180526233,1.9489948545127616,bin_0
config_926,896,10,16,0.0016419847961515,0.9791000485420228,0.9374293684959412,0.1111643016338348,0.0004249741905368,64,66306.0,9.52557547132787e+18,8690879488,145992448,16,0.0004249741905368,1592524800.0,1.7484960495510438e+18,12171.0,1.7399443509148769,1.7583648766845954,bin_3
config_926,896,10,16,0.0016419847961515,0.9791000485420228,0.9374293684959412,0.1111643016338348,0.0004249741905368,64,66306.0,9.52557547132787e+18,8690879488,145992448,16,0.0004249741905368,3191603200.0,3.496992099102088e+18,24342.0,1.6615702200717613,1.6792381210014469,bin_3
config_926,896,10,16,0.0016419847961515,0.9791000485420228,0.9374293684959412,0.1111643016338348,0.0004249741905368,64,66306.0,9.52557547132787e+18,8690879488,145992448,16,0.0004249741905368,4784128000.0,5.245631809490331e+18,36514.0,1.6286003700240714,1.6435399944665,bin_3
config_926,896,10,16,0.0016419847961515,0.9791000485420228,0.9374293684959412,0.1111643016338348,0.0004249741905368,64,66306.0,9.52557547132787e+18,8690879488,145992448,16,0.0004249741905368,6383206400.0,6.994127859041374e+18,48685.0,1.607521834959749,1.6217231998678114,bin_3
config_926,896,10,16,0.0016419847961515,0.9791000485420228,0.9374293684959412,0.1111643016338348,0.0004249741905368,64,66306.0,9.52557547132787e+18,8690879488,145992448,16,0.0003146077589646,7975731200.0,8.742623908592418e+18,60856.0,1.5801914595385067,1.5940258168001644,bin_3
config_926,896,10,16,0.0016419847961515,0.9791000485420228,0.9374293684959412,0.1111643016338348,0.0004249741905368,64,66306.0,9.52557547132787e+18,8690879488,145992448,16,3.45976274521197e-07,8690073600.0,9.52557547132787e+18,66306.0,1.5389956602112191,1.5553181431723422,bin_3
config_927,832,17,16,0.0146056618541479,0.878537118434906,0.9482313990592957,0.2072706967592239,8.880994573701173e-05,64,10960.0,2.1083392521450452e+18,1436596608,186694144,8,8.880994573701173e-05,720896000.0,1.0541696260725228e+18,5480.0,1.9613085924601945,1.9824468254652177,bin_2
config_927,832,17,16,0.0146056618541479,0.878537118434906,0.9482313990592957,0.2072706967592239,8.880994573701173e-05,64,10960.0,2.1083392521450452e+18,1436596608,186694144,8,3.910609675782117e-07,1435238400.0,2.1083392521450452e+18,10960.0,1.792216110952565,1.811475041948381,bin_2
config_928,1152,22,6,0.040966048836708,0.8933812975883484,0.9452843070030212,0.0898672565817833,0.0011832199525088,128,53568.0,4.314610606352656e+19,14042663936,408326400,8,0.0011832199525088,1599078400.0,4.90194148563737e+18,6086.0,1.6814990166757928,1.6996976032608846,bin_3
config_928,1152,22,6,0.040966048836708,0.8933812975883484,0.9452843070030212,0.0898672565817833,0.0011832199525088,128,53568.0,4.314610606352656e+19,14042663936,408326400,8,0.0011832199525088,3185049600.0,9.803077525746373e+18,12171.0,1.5979365394349958,1.6142527679928014,bin_3
config_928,1152,22,6,0.040966048836708,0.8933812975883484,0.9452843070030212,0.0898672565817833,0.0011832199525088,128,53568.0,4.314610606352656e+19,14042663936,408326400,8,0.0011832199525088,4784128000.0,1.4705019011383745e+19,18257.0,1.562964804524281,1.5772770914093392,bin_3
config_928,1152,22,6,0.040966048836708,0.8933812975883484,0.9452843070030212,0.0898672565817833,0.0011832199525088,128,53568.0,4.314610606352656e+19,14042663936,408326400,8,0.0011832199525088,6383206400.0,1.9606155051492745e+19,24342.0,1.5423852987758448,1.5565357163108764,bin_3
config_928,1152,22,6,0.040966048836708,0.8933812975883484,0.9452843070030212,0.0898672565817833,0.0011832199525088,128,53568.0,4.314610606352656e+19,14042663936,408326400,8,0.0011832199525088,7982284800.0,2.4508096537130115e+19,30428.0,1.5295996126483695,1.5432255810010629,bin_3
config_928,1152,22,6,0.040966048836708,0.8933812975883484,0.9452843070030212,0.0898672565817833,0.0011832199525088,128,53568.0,4.314610606352656e+19,14042663936,408326400,8,0.0011832199525088,9568256000.0,2.941003802276749e+19,36514.0,1.519593997822433,1.5328025695535004,bin_3
config_928,1152,22,6,0.040966048836708,0.8933812975883484,0.9452843070030212,0.0898672565817833,0.0011832199525088,128,53568.0,4.314610606352656e+19,14042663936,408326400,8,0.0011832199525088,11167334400.0,3.431117406287649e+19,42599.0,1.5124772730225422,1.5249740794447602,bin_3
config_928,1152,22,6,0.040966048836708,0.8933812975883484,0.9452843070030212,0.0898672565817833,0.0011832199525088,128,53568.0,4.314610606352656e+19,14042663936,408326400,8,0.0011832199525088,12766412800.0,3.921311554851386e+19,48685.0,1.5053661729468677,1.5192105637710602,bin_3
config_928,1152,22,6,0.040966048836708,0.8933812975883484,0.9452843070030212,0.0898672565817833,0.0011832199525088,128,53568.0,4.314610606352656e+19,14042663936,408326400,8,4.424170989854271e-06,14037811200.0,4.314610606352656e+19,53568.0,1.42780724052523,1.4393920409093135,bin_3
config_929,256,17,16,0.0420360825955867,0.8865866661071777,0.9066233038902284,0.1935167014598846,0.0056492346338927,32,3783.0,6.721731725021184e+16,247960304,27363328,16,0.0056492346338927,124518400.0,3.359977449647121e+16,1891.0,2.7510907378743905,2.7802428352637367,bin_0
config_929,256,17,16,0.0420360825955867,0.8865866661071777,0.9066233038902284,0.1935167014598846,0.0056492346338927,32,3783.0,6.721731725021184e+16,247960304,27363328,16,0.0002546786105443,245760000.0,6.721731725021184e+16,3783.0,2.369067018970114,2.393351616820351,bin_0
config_93,384,19,8,0.0055541303008794,0.8296937942504883,0.9508715271949768,0.2014370411634445,1.4202274542185478e-05,32,3713.0,1.2090755093866906e+17,243341088,52941312,16,1.4202274542185478e-05,121241600.0,6.04374938169054e+16,1856.0,3.3552332674870726,3.3915366945892083,bin_0
config_93,384,19,8,0.0055541303008794,0.8296937942504883,0.9508715271949768,0.2014370411634445,1.4202274542185478e-05,32,3713.0,1.2090755093866906e+17,243341088,52941312,16,2.471614043486076e-07,242483200.0,1.2090755093866906e+17,3713.0,3.1108293229243795,3.1434428533960563,bin_0
config_930,1152,9,18,0.0281097628176212,0.9671726822853088,0.9874879717826844,0.037679299712181,0.0003100031754001,32,8863.0,8.493835932564849e+17,580861696,201268224,8,0.0003100031754001,291635200.0,4.246438792417335e+17,4431.0,1.960355741762724,1.9802793250904709,bin_1
config_930,1152,9,18,0.0281097628176212,0.9671726822853088,0.9874879717826844,0.037679299712181,0.0003100031754001,32,8863.0,8.493835932564849e+17,580861696,201268224,8,1.2102226066674388e-05,579993600.0,8.493835932564849e+17,8863.0,1.792697706750182,1.811841677427292,bin_1
config_932,576,6,24,0.0050445646047592,0.8467416763305664,0.9169852137565612,0.158636525273323,0.0007132766186259,128,44127.0,4.650435428637082e+18,11567694848,52854912,16,0.0007132766186259,1599078400.0,6.413884927297409e+17,6086.0,1.872373182421825,1.8923619453242568,bin_3
config_932,576,6,24,0.0050445646047592,0.8467416763305664,0.9169852137565612,0.158636525273323,0.0007132766186259,128,44127.0,4.650435428637082e+18,11567694848,52854912,16,0.0007132766186259,3185049600.0,1.282671597931922e+18,12171.0,1.7978683157827031,1.816993893638986,bin_3
config_932,576,6,24,0.0050445646047592,0.8467416763305664,0.9169852137565612,0.158636525273323,0.0007132766186259,128,44127.0,4.650435428637082e+18,11567694848,52854912,16,0.0007132766186259,4784128000.0,1.9240600906616627e+18,18257.0,1.7681466282391158,1.7852243648591588,bin_3
config_932,576,6,24,0.0050445646047592,0.8467416763305664,0.9169852137565612,0.158636525273323,0.0007132766186259,128,44127.0,4.650435428637082e+18,11567694848,52854912,16,0.0007132766186259,6383206400.0,2.565343195863844e+18,24342.0,1.7497664228032848,1.7669600956948075,bin_3
config_932,576,6,24,0.0050445646047592,0.8467416763305664,0.9169852137565612,0.158636525273323,0.0007132766186259,128,44127.0,4.650435428637082e+18,11567694848,52854912,16,0.0007132766186259,7982284800.0,3.2067316885935846e+18,30428.0,1.73674054184898,1.7539406687705243,bin_3
config_932,576,6,24,0.0050445646047592,0.8467416763305664,0.9169852137565612,0.158636525273323,0.0007132766186259,128,44127.0,4.650435428637082e+18,11567694848,52854912,16,0.0007132766186259,9568256000.0,3.848120181323325e+18,36514.0,1.727239164446221,1.7445272279958255,bin_3
config_932,576,6,24,0.0050445646047592,0.8467416763305664,0.9169852137565612,0.158636525273323,0.0007132766186259,128,44127.0,4.650435428637082e+18,11567694848,52854912,16,0.0001555961995202,11167334400.0,4.489403286525507e+18,42599.0,1.681161635195623,1.69771540153222,bin_3
config_932,576,6,24,0.0050445646047592,0.8467416763305664,0.9169852137565612,0.158636525273323,0.0007132766186259,128,44127.0,4.650435428637082e+18,11567694848,52854912,16,2.751209814700174e-06,11560550400.0,4.650435428637082e+18,44127.0,1.671347634792328,1.687846996197935,bin_3
config_933,320,22,16,0.0389739871025085,0.8672309517860413,0.9578651785850524,0.0846775770187377,0.0004463092191144,32,5527.0,1.642444004772864e+17,362270240,46741120,16,0.0004463092191144,180224000.0,8.210734187058845e+16,2763.0,2.2817637944221496,2.3039691891044867,bin_0
config_933,320,22,16,0.0389739871025085,0.8672309517860413,0.9578651785850524,0.0846775770187377,0.0004463092191144,32,5527.0,1.642444004772864e+17,362270240,46741120,16,2.5748608795066305e-05,360448000.0,1.642444004772864e+17,5527.0,2.0358568236085235,2.055793950205944,bin_0
config_934,832,21,16,0.0064679570496082,0.9427167773246764,0.9213820695877076,0.1144028678536415,0.0006442559533752,64,33161.0,7.623213347268919e+18,4346548736,220779520,8,0.0006442559533752,1592524800.0,2.7979291833663043e+18,12171.0,1.718580218319033,1.7358123620611725,bin_3
config_934,832,21,16,0.0064679570496082,0.9427167773246764,0.9213820695877076,0.1144028678536415,0.0006442559533752,64,33161.0,7.623213347268919e+18,4346548736,220779520,8,0.0006442559533752,3191603200.0,5.595858366732609e+18,24342.0,1.6465527847751242,1.6633982859087773,bin_3
config_934,832,21,16,0.0064679570496082,0.9427167773246764,0.9213820695877076,0.1144028678536415,0.0006442559533752,64,33161.0,7.623213347268919e+18,4346548736,220779520,8,1.868393220966994e-06,4345036800.0,7.623213347268919e+18,33161.0,1.558918613723067,1.5758339536190034,bin_3
config_936,640,16,20,0.0453273095190525,0.8921410441398621,0.946416437625885,0.1225025504827499,0.0005639160517603,64,32242.0,3.940077923749724e+18,4226146816,113463040,8,0.0005639160517603,1592524800.0,1.4873360340536532e+18,12171.0,1.7678716472914962,1.786648404637321,bin_2
config_936,640,16,20,0.0453273095190525,0.8921410441398621,0.946416437625885,0.1225025504827499,0.0005639160517603,64,32242.0,3.940077923749724e+18,4226146816,113463040,8,0.0005639160517603,3191603200.0,2.9746720681073065e+18,24342.0,1.7056532847685892,1.7239031671500598,bin_2
config_936,640,16,20,0.0453273095190525,0.8921410441398621,0.946416437625885,0.1225025504827499,0.0005639160517603,64,32242.0,3.940077923749724e+18,4226146816,113463040,8,5.997587787777425e-06,4220518400.0,3.940077923749724e+18,32242.0,1.615393767669553,1.6329561908127832,bin_2
config_937,512,16,16,0.0219347365200519,0.8255900740623474,0.9345985651016236,0.1536719501018524,0.0011180402943864,64,50421.0,4.513402292424671e+18,6608848384,80284672,16,0.0011180402943864,1592524800.0,1.0894789730687744e+18,12171.0,1.811145176105812,1.829394513270894,bin_3
config_937,512,16,16,0.0219347365200519,0.8255900740623474,0.9345985651016236,0.1536719501018524,0.0011180402943864,64,50421.0,4.513402292424671e+18,6608848384,80284672,16,0.0011180402943864,3191603200.0,2.1789579461375488e+18,24342.0,1.746941291543304,1.7659646789363173,bin_3
config_937,512,16,16,0.0219347365200519,0.8255900740623474,0.9345985651016236,0.1536719501018524,0.0011180402943864,64,50421.0,4.513402292424671e+18,6608848384,80284672,16,0.0011180402943864,4784128000.0,3.2685264335414697e+18,36514.0,1.7223098453146513,1.7391875707907756,bin_3
config_937,512,16,16,0.0219347365200519,0.8255900740623474,0.9345985651016236,0.1536719501018524,0.0011180402943864,64,50421.0,4.513402292424671e+18,6608848384,80284672,16,0.0002483411650282,6383206400.0,4.358005406610244e+18,48685.0,1.6444979106402788,1.659874602067666,bin_3
config_937,512,16,16,0.0219347365200519,0.8255900740623474,0.9345985651016236,0.1536719501018524,0.0011180402943864,64,50421.0,4.513402292424671e+18,6608848384,80284672,16,3.0303105552549094e-06,6606028800.0,4.513402292424671e+18,50421.0,1.6280990519289111,1.643065017246809,bin_3
config_938,960,6,16,0.00899522844702,0.8901885747909546,0.9084866046905518,0.0991379171609878,5.875293936696835e-05,64,19009.0,2.06620880146219e+18,2491556096,114633600,16,5.875293936696835e-05,1592524800.0,1.3229432017779113e+18,12171.0,1.9195937661264764,1.940425581463048,bin_2
config_938,960,6,16,0.00899522844702,0.8901885747909546,0.9084866046905518,0.0991379171609878,5.875293936696835e-05,64,19009.0,2.06620880146219e+18,2491556096,114633600,16,2.806669078039961e-07,2490368000.0,2.06620880146219e+18,19009.0,1.8257005925647547,1.8458382142176395,bin_2
config_939,1088,20,16,0.0057392450980842,0.8282347917556763,0.9159026741981506,0.1805349886417389,0.0094487043097615,64,12686.0,4.3806675014609633e+18,1662858368,349985664,8,0.0022115744585293,1592524800.0,4.202830219161389e+18,12171.0,3.0518972477756563,3.082818910098467,bin_2
config_939,1088,20,16,0.0057392450980842,0.8282347917556763,0.9159026741981506,0.1805349886417389,0.0094487043097615,64,12686.0,4.3806675014609633e+18,1662858368,349985664,8,0.0001485385830355,1658060800.0,4.3806675014609633e+18,12686.0,3.0242964272030064,3.0548573477541816,bin_2
config_94,896,7,8,0.0011437655193731,0.8389226794242859,0.9393162727355956,0.1194719225168228,0.003972927108407,128,49528.0,1.1014142775148413e+19,12983527424,115709440,16,0.003972927108407,1599078400.0,1.3534177218856655e+18,6086.0,1.7410359890343714,1.7584748922410558,bin_3
config_94,896,7,8,0.0011437655193731,0.8389226794242859,0.9393162727355956,0.1194719225168228,0.003972927108407,128,49528.0,1.1014142775148413e+19,12983527424,115709440,16,0.003972927108407,3185049600.0,2.706613061628399e+18,12171.0,1.6723905694289285,1.6891318650714686,bin_3
config_94,896,7,8,0.0011437655193731,0.8389226794242859,0.9393162727355956,0.1194719225168228,0.003972927108407,128,49528.0,1.1014142775148413e+19,12983527424,115709440,16,0.003972927108407,4784128000.0,4.060030783514064e+18,18257.0,1.6446527346235806,1.6587099303573858,bin_3
config_94,896,7,8,0.0011437655193731,0.8389226794242859,0.9393162727355956,0.1194719225168228,0.003972927108407,128,49528.0,1.1014142775148413e+19,12983527424,115709440,16,0.003972927108407,6383206400.0,5.413226123256798e+18,24342.0,1.627098391564166,1.6411776130316686,bin_3
config_94,896,7,8,0.0011437655193731,0.8389226794242859,0.9393162727355956,0.1194719225168228,0.003972927108407,128,49528.0,1.1014142775148413e+19,12983527424,115709440,16,0.003972927108407,7982284800.0,6.766643845142463e+18,30428.0,1.616110245477958,1.6289917887234298,bin_3
config_94,896,7,8,0.0011437655193731,0.8389226794242859,0.9393162727355956,0.1194719225168228,0.003972927108407,128,49528.0,1.1014142775148413e+19,12983527424,115709440,16,0.003972927108407,9568256000.0,8.120061567028129e+18,36514.0,1.605949707070335,1.6187318025260675,bin_3
config_94,896,7,8,0.0011437655193731,0.8389226794242859,0.9393162727355956,0.1194719225168228,0.003972927108407,128,49528.0,1.1014142775148413e+19,12983527424,115709440,16,0.003972927108407,11167334400.0,9.473256906770862e+18,42599.0,1.5983574373995673,1.611129092662061,bin_3
config_94,896,7,8,0.0011437655193731,0.8389226794242859,0.9393162727355956,0.1194719225168228,0.003972927108407,128,49528.0,1.1014142775148413e+19,12983527424,115709440,16,0.000555954646909,12766412800.0,1.0826674628656527e+19,48685.0,1.5523533597148833,1.5643753007591747,bin_3
config_94,896,7,8,0.0011437655193731,0.8389226794242859,0.9393162727355956,0.1194719225168228,0.003972927108407,128,49528.0,1.1014142775148413e+19,12983527424,115709440,16,1.880039868774625e-05,12976128000.0,1.1014142775148413e+19,49528.0,1.543992280999168,1.558912298952947,bin_3
config_941,704,8,4,0.0133236655965447,0.957314133644104,0.9395254850387572,0.247000977396965,0.0001589890016475,64,26951.0,2.30877818062848e+18,3532627200,85869696,16,0.0001589890016475,1592524800.0,1.042638092702654e+18,12171.0,1.818319330449964,1.8387253459164357,bin_2
config_941,704,8,4,0.0133236655965447,0.957314133644104,0.9395254850387572,0.247000977396965,0.0001589890016475,64,26951.0,2.30877818062848e+18,3532627200,85869696,16,6.212896533733887e-05,3191603200.0,2.085276185405308e+18,24342.0,1.7172327409415948,1.7360736881709489,bin_2
config_941,704,8,4,0.0133236655965447,0.957314133644104,0.9395254850387572,0.247000977396965,0.0001589890016475,64,26951.0,2.30877818062848e+18,3532627200,85869696,16,2.388656875713848e-08,3532390400.0,2.30877818062848e+18,26951.0,1.6972081336818758,1.715933524546076,bin_2
config_942,576,23,12,0.1370530575513839,0.8752363920211792,0.9468250870704652,0.2361691445112228,0.0004518312343861,32,6537.0,4.493366586008248e+17,428445152,120556800,8,0.0004518312343861,212992000.0,2.2463396057939357e+17,3268.0,2.107958846932552,2.129165856349664,bin_0
config_942,576,23,12,0.1370530575513839,0.8752363920211792,0.9468250870704652,0.2361691445112228,0.0004518312343861,32,6537.0,4.493366586008248e+17,428445152,120556800,8,1.0834579178411595e-05,425984000.0,4.493366586008248e+17,6537.0,1.893990654730406,1.9137392613145168,bin_0
config_943,1024,21,8,0.005132052116096,0.8877931237220764,0.9553965926170348,0.040259975939989,2.884045352402609e-05,64,27272.0,8.778962880909804e+18,3574698240,321273856,8,2.884045352402609e-05,1592524800.0,3.9178922419900713e+18,12171.0,1.8931950983844816,1.913097032953481,bin_3
config_943,1024,21,8,0.005132052116096,0.8877931237220764,0.9553965926170348,0.040259975939989,2.884045352402609e-05,64,27272.0,8.778962880909804e+18,3574698240,321273856,8,2.884045352402609e-05,3191603200.0,7.835784483980143e+18,24342.0,1.7549617172655512,1.7742666839771584,bin_3
config_943,1024,21,8,0.005132052116096,0.8877931237220764,0.9553965926170348,0.040259975939989,2.884045352402609e-05,64,27272.0,8.778962880909804e+18,3574698240,321273856,8,5.783864881755463e-07,3571712000.0,8.778962880909804e+18,27272.0,1.7155249575708733,1.7342234633985112,bin_3
config_944,512,14,16,0.0326683819293975,0.9036071300506592,0.9280173182487488,0.0802240520715713,0.0001326314231846,32,13557.0,5.481084236444467e+17,888527232,73466880,16,0.0001326314231846,445644800.0,2.740339968622896e+17,6778.0,2.106354288155915,2.1279503586644037,bin_1
config_944,512,14,16,0.0326683819293975,0.9036071300506592,0.9280173182487488,0.0802240520715713,0.0001326314231846,32,13557.0,5.481084236444467e+17,888527232,73466880,16,8.541122008210919e-07,888012800.0,5.481084236444467e+17,13557.0,1.9235299789710123,1.944019037191985,bin_1
config_945,640,18,20,0.1838158220052719,0.9017532467842102,0.9940812587738036,0.1336964666843414,0.000443983473815,64,9408.0,1.2636480934939853e+18,1233169664,123623680,8,0.000443983473815,616038400.0,6.318240467469926e+17,4704.0,1.8727684866404923,1.891559231378993,bin_1
config_945,640,18,20,0.1838158220052719,0.9017532467842102,0.9940812587738036,0.1336964666843414,0.000443983473815,64,9408.0,1.2636480934939853e+18,1233169664,123623680,8,2.825670477740846e-06,1232076800.0,1.2636480934939853e+18,9408.0,1.7099756661399466,1.7280345119609208,bin_1
config_946,512,11,16,0.0299524795264005,0.8208543062210083,0.9324527978897096,0.2667144536972046,0.0013698934344574,128,57223.0,7.767155459830579e+18,15000806400,63240192,16,0.0013698934344574,1599078400.0,8.260823118069466e+17,6086.0,1.8299839362550956,1.8495915693142373,bin_3
config_946,512,11,16,0.0299524795264005,0.8208543062210083,0.9324527978897096,0.2667144536972046,0.0013698934344574,128,57223.0,7.767155459830579e+18,15000806400,63240192,16,0.0013698934344574,3185049600.0,1.6520288887614766e+18,12171.0,1.754802475092841,1.7735691743600563,bin_3
config_946,512,11,16,0.0299524795264005,0.8208543062210083,0.9324527978897096,0.2667144536972046,0.0013698934344574,128,57223.0,7.767155459830579e+18,15000806400,63240192,16,0.0013698934344574,4784128000.0,2.4781112005684234e+18,18257.0,1.726692352334007,1.7431604028920658,bin_3
config_946,512,11,16,0.0299524795264005,0.8208543062210083,0.9324527978897096,0.2667144536972046,0.0013698934344574,128,57223.0,7.767155459830579e+18,15000806400,63240192,16,0.0013698934344574,6383206400.0,3.304057777522953e+18,24342.0,1.7097812847231255,1.726012372892411,bin_3
config_946,512,11,16,0.0299524795264005,0.8208543062210083,0.9324527978897096,0.2667144536972046,0.0013698934344574,128,57223.0,7.767155459830579e+18,15000806400,63240192,16,0.0013698934344574,7982284800.0,4.1301400893299e+18,30428.0,1.6987887132754091,1.715179985781185,bin_3
config_946,512,11,16,0.0299524795264005,0.8208543062210083,0.9324527978897096,0.2667144536972046,0.0013698934344574,128,57223.0,7.767155459830579e+18,15000806400,63240192,16,0.0013698934344574,9568256000.0,4.956222401136847e+18,36514.0,1.6909396327909876,1.7069824540028806,bin_3
config_946,512,11,16,0.0299524795264005,0.8208543062210083,0.9324527978897096,0.2667144536972046,0.0013698934344574,128,57223.0,7.767155459830579e+18,15000806400,63240192,16,0.0013125377861402,11167334400.0,5.782168978091377e+18,42599.0,1.6811475923022283,1.6969376981844668,bin_3
config_946,512,11,16,0.0299524795264005,0.8208543062210083,0.9324527978897096,0.2667144536972046,0.0013698934344574,128,57223.0,7.767155459830579e+18,15000806400,63240192,16,0.0007650112529079,12766412800.0,6.608251289898323e+18,48685.0,1.6487278087803574,1.6638833174549166,bin_3
config_946,512,11,16,0.0299524795264005,0.8208543062210083,0.9324527978897096,0.2667144536972046,0.0013698934344574,128,57223.0,7.767155459830579e+18,15000806400,63240192,16,0.0002219726420792,14352384000.0,7.434197866852853e+18,54770.0,1.615448395541457,1.6279202166541678,bin_3
config_946,512,11,16,0.0299524795264005,0.8208543062210083,0.9324527978897096,0.2667144536972046,0.0013698934344574,128,57223.0,7.767155459830579e+18,15000806400,63240192,16,2.064444305629803e-06,14994636800.0,7.767155459830579e+18,57223.0,1.602681632589121,1.61495935545593,bin_3
config_947,320,23,16,0.0010431179543957,0.8281490802764893,0.9483137130737304,0.0885433703660965,0.0004640633706003,64,45647.0,2.8096703308047974e+18,5983171072,48134400,16,0.0004640633706003,1592524800.0,7.49151041606791e+17,12171.0,1.871279827024116,1.8913418460673972,bin_2
config_947,320,23,16,0.0010431179543957,0.8281490802764893,0.9483137130737304,0.0885433703660965,0.0004640633706003,64,45647.0,2.8096703308047974e+18,5983171072,48134400,16,0.0004640633706003,3191603200.0,1.498302083213582e+18,24342.0,1.8129309812920995,1.832188186020148,bin_2
config_947,320,23,16,0.0010431179543957,0.8281490802764893,0.9483137130737304,0.0885433703660965,0.0004640633706003,64,45647.0,2.8096703308047974e+18,5983171072,48134400,16,0.0004640633706003,4784128000.0,2.2475146769559089e+18,36514.0,1.7826257121758382,1.800808105351495,bin_2
config_947,320,23,16,0.0010431179543957,0.8281490802764893,0.9483137130737304,0.0885433703660965,0.0004640633706003,64,45647.0,2.8096703308047974e+18,5983171072,48134400,16,5.397421038905268e-06,5976883200.0,2.8096703308047974e+18,45647.0,1.7182026873260248,1.7347458732714418,bin_2
config_948,896,14,16,0.0107027320191264,0.9317212104797364,0.9229614734649658,0.1344399005174636,0.0022926207166165,64,15499.0,2.8976374417569546e+18,2031513472,186369792,8,0.0022926207166165,1592524800.0,2.2754465000079936e+18,12171.0,1.767197030645902,1.7861547498038557,bin_2
config_948,896,14,16,0.0107027320191264,0.9317212104797364,0.9229614734649658,0.1344399005174636,0.0022926207166165,64,15499.0,2.8976374417569546e+18,2031513472,186369792,8,5.3931068225736376e-05,2025062400.0,2.8976374417569546e+18,15499.0,1.66497139649313,1.6826541313577872,bin_2
config_949,512,18,16,0.0052215522155165,0.80809485912323,0.9188672304153442,0.0149613628163933,2.550324279582128e-05,64,9564.0,9.39010200109056e+17,1253696000,87102464,8,2.550324279582128e-05,629145600.0,4.69505100054528e+17,4782.0,2.6389704064072155,2.667051781572279,bin_1
config_949,512,18,16,0.0052215522155165,0.80809485912323,0.9188672304153442,0.0149613628163933,2.550324279582128e-05,64,9564.0,9.39010200109056e+17,1253696000,87102464,8,2.496820973017468e-06,1251737600.0,9.39010200109056e+17,9564.0,2.30874102637416,2.332895346000546,bin_1
config_951,832,5,16,0.0149114271625876,0.9243727922439576,0.9936639666557312,0.0261721033602952,0.000240560126258,64,32543.0,2.596873860558422e+18,4265496064,84438016,16,0.000240560126258,1592524800.0,9.712242803938344e+17,12171.0,1.8052866065697597,1.825211445816228,bin_2
config_951,832,5,16,0.0149114271625876,0.9243727922439576,0.9936639666557312,0.0261721033602952,0.000240560126258,64,32543.0,2.596873860558422e+18,4265496064,84438016,16,0.000240560126258,3191603200.0,1.942448560787669e+18,24342.0,1.72876246346802,1.7479455569533051,bin_2
config_951,832,5,16,0.0149114271625876,0.9243727922439576,0.9936639666557312,0.0261721033602952,0.000240560126258,64,32543.0,2.596873860558422e+18,4265496064,84438016,16,1.215521202009001e-05,4259840000.0,2.596873860558422e+18,32543.0,1.6760835941111456,1.6948044904333646,bin_2
config_952,576,5,6,0.0010198529344052,0.9815547466278076,0.9330384135246276,0.0596671551465988,0.0086375931277871,32,12172.0,2.903684441733366e+17,797769088,48872448,16,0.0086375931277871,399769600.0,1.451842220866683e+17,6086.0,3.358345095056002,3.3902259841512463,bin_0
config_952,576,5,6,0.0010198529344052,0.9815547466278076,0.9330384135246276,0.0596671551465988,0.0086375931277871,32,12172.0,2.903684441733366e+17,797769088,48872448,16,0.0002617452462965,796262400.0,2.903684441733366e+17,12172.0,3.187227532980872,3.220056616126514,bin_0
config_953,640,19,10,0.0117741171270608,0.821344256401062,0.9208922386169434,0.0336659103631973,0.0006893135723657,64,16520.0,2.3189481293512704e+18,2165382656,128704000,8,0.0006893135723657,1592524800.0,1.7084695933616412e+18,12171.0,1.763964070120796,1.782395808051844,bin_2
config_953,640,19,10,0.0117741171270608,0.821344256401062,0.9208922386169434,0.0336659103631973,0.0006893135723657,64,16520.0,2.3189481293512704e+18,2165382656,128704000,8,2.47954522433737e-05,2162688000.0,2.3189481293512704e+18,16520.0,1.683840131701016,1.7012669675858294,bin_2
config_954,320,12,16,0.0181798748672008,0.8288114666938782,0.9608216881752014,0.0354443378746509,3.6209894460625947e-05,64,32249.0,1.230789564102574e+18,4226993408,32808320,16,3.6209894460625947e-05,1592524800.0,4.645086602589981e+17,12171.0,2.3936880164459104,2.419398130119824,bin_1
config_954,320,12,16,0.0181798748672008,0.8288114666938782,0.9608216881752014,0.0354443378746509,3.6209894460625947e-05,64,32249.0,1.230789564102574e+18,4226993408,32808320,16,3.6209894460625947e-05,3191603200.0,9.290173205179962e+17,24342.0,2.1059921908378603,2.128909263415415,bin_1
config_954,320,12,16,0.0181798748672008,0.8288114666938782,0.9608216881752014,0.0354443378746509,3.6209894460625947e-05,64,32249.0,1.230789564102574e+18,4226993408,32808320,16,1.552305186850978e-06,4220518400.0,1.230789564102574e+18,32249.0,2.0192887657587644,2.041880977231948,bin_1
config_955,640,5,16,0.0059268493205308,0.913568675518036,0.9000012874603271,0.245637834072113,0.0003065312339458,64,34010.0,1.8904751050928947e+18,4457846784,57579520,16,0.0003065312339458,1592524800.0,6.76535504383582e+17,12171.0,1.8769004883140812,1.8978548545524725,bin_2
config_955,640,5,16,0.0059268493205308,0.913568675518036,0.9000012874603271,0.245637834072113,0.0003065312339458,64,34010.0,1.8904751050928947e+18,4457846784,57579520,16,0.0003065312339458,3191603200.0,1.353071008767164e+18,24342.0,1.8168086977864877,1.837032647523724,bin_2
config_955,640,5,16,0.0059268493205308,0.913568675518036,0.9000012874603271,0.245637834072113,0.0003065312339458,64,34010.0,1.8904751050928947e+18,4457846784,57579520,16,3.669275005337494e-07,4456448000.0,1.8904751050928947e+18,34010.0,1.739224971122429,1.758123614084525,bin_2
config_957,768,20,16,0.1195246949791908,0.923972487449646,0.9018105268478394,0.0572270415723323,0.000139100360684,32,9626.0,9.201102765616004e+17,630856192,180201984,8,0.000139100360684,314572800.0,4.6005513828080026e+17,4813.0,2.076912997140259,2.0986958438060324,bin_1
config_957,768,20,16,0.1195246949791908,0.923972487449646,0.9018105268478394,0.0572270415723323,0.000139100360684,32,9626.0,9.201102765616004e+17,630856192,180201984,8,6.575653414157292e-06,629145600.0,9.201102765616004e+17,9626.0,1.8802285673970085,1.900333981513977,bin_1
config_959,1088,22,8,0.1274840086698532,0.8903167843818665,0.9378591775894164,0.1212211325764656,4.417045784066431e-05,64,60793.0,2.2829454247763317e+19,7968281088,379513984,8,4.417045784066431e-05,1592524800.0,4.5705473927841577e+18,12171.0,1.821215460437243,1.8405319407533427,bin_3
config_959,1088,22,8,0.1274840086698532,0.8903167843818665,0.9378591775894164,0.1212211325764656,4.417045784066431e-05,64,60793.0,2.2829454247763317e+19,7968281088,379513984,8,4.417045784066431e-05,3191603200.0,9.141094785568316e+18,24342.0,1.6969911207722836,1.7153970162594905,bin_3
config_959,1088,22,8,0.1274840086698532,0.8903167843818665,0.9378591775894164,0.1212211325764656,4.417045784066431e-05,64,60793.0,2.2829454247763317e+19,7968281088,379513984,8,4.417045784066431e-05,4784128000.0,1.3712017706032431e+19,36514.0,1.6396940199078107,1.656280960567662,bin_3
config_959,1088,22,8,0.1274840086698532,0.8903167843818665,0.9378591775894164,0.1212211325764656,4.417045784066431e-05,64,60793.0,2.2829454247763317e+19,7968281088,379513984,8,4.417045784066431e-05,6383206400.0,1.8282565098816588e+19,48685.0,1.6032816833550814,1.6192183275300949,bin_3
config_959,1088,22,8,0.1274840086698532,0.8903167843818665,0.9378591775894164,0.1212211325764656,4.417045784066431e-05,64,60793.0,2.2829454247763317e+19,7968281088,379513984,8,2.577459203621335e-07,7962624000.0,2.2829454247763317e+19,60793.0,1.5470228783908435,1.5619814793203697,bin_3
config_96,1024,9,16,0.09421207010746,0.8357014656066895,0.9289611577987672,0.1336427181959152,6.733372720191255e-05,64,26162.0,4.214549522024497e+18,3429174784,167108608,8,6.733372720191255e-05,1592524800.0,1.9606789325189263e+18,12171.0,1.8537957928610629,1.873941319262395,bin_2
config_96,1024,9,16,0.09421207010746,0.8357014656066895,0.9289611577987672,0.1336427181959152,6.733372720191255e-05,64,26162.0,4.214549522024497e+18,3429174784,167108608,8,3.489951764584255e-05,3191603200.0,3.9213578650378527e+18,24342.0,1.730770191130091,1.7495083825119206,bin_2
config_96,1024,9,16,0.09421207010746,0.8357014656066895,0.9289611577987672,0.1336427181959152,6.733372720191255e-05,64,26162.0,4.214549522024497e+18,3429174784,167108608,8,2.3112263341617655e-07,3427532800.0,4.214549522024497e+18,26162.0,1.7092756077305216,1.727665924986855,bin_2
config_960,896,22,8,0.0218796171247959,0.8039240837097168,0.971621036529541,0.1976185590028762,2.2486665329779495e-05,32,3101.0,4.2422635318133146e+17,203276048,267124480,8,2.2486665329779495e-05,101580800.0,2.120447750503269e+17,1550.0,2.8905769064582763,2.920676271954521,bin_0
config_960,896,22,8,0.0218796171247959,0.8039240837097168,0.971621036529541,0.1976185590028762,2.2486665329779495e-05,32,3101.0,4.2422635318133146e+17,203276048,267124480,8,3.6742917205524654e-08,203161600.0,4.2422635318133146e+17,3101.0,2.649491174064699,2.677394719905541,bin_0
config_961,448,13,16,0.0166311562061309,0.8606749773025513,0.9889025688171388,0.0862841606140136,0.0056399167515337,64,14344.0,8.932474570051092e+17,1880205056,55336960,16,0.0056399167515337,1592524800.0,7.579276909655037e+17,12171.0,2.620396303544279,2.649191762267566,bin_1
config_961,448,13,16,0.0166311562061309,0.8606749773025513,0.9889025688171388,0.0862841606140136,0.0056399167515337,64,14344.0,8.932474570051092e+17,1880205056,55336960,16,0.0002006114285104,1874329600.0,8.932474570051092e+17,14344.0,2.469191106694644,2.4961243029891467,bin_1
config_962,384,5,16,0.1872196495532989,0.8258960247039795,0.9223802089691162,0.0974951162934303,8.686401270097122e-05,64,72349.0,2.0493555174958692e+18,9483002880,28157952,16,8.686401270097122e-05,1592524800.0,3.44755366396802e+17,12171.0,2.149726040832332,2.172440836116916,bin_2
config_962,384,5,16,0.1872196495532989,0.8258960247039795,0.9223802089691162,0.0974951162934303,8.686401270097122e-05,64,72349.0,2.0493555174958692e+18,9483002880,28157952,16,8.686401270097122e-05,3191603200.0,6.89510732793604e+17,24342.0,2.0008409024457463,2.023080961274319,bin_2
config_962,384,5,16,0.1872196495532989,0.8258960247039795,0.9223802089691162,0.0974951162934303,8.686401270097122e-05,64,72349.0,2.0493555174958692e+18,9483002880,28157952,16,8.686401270097122e-05,4784128000.0,1.0342944251592168e+18,36514.0,1.9466706219266672,1.968135030465048,bin_2
config_962,384,5,16,0.1872196495532989,0.8258960247039795,0.9223802089691162,0.0974951162934303,8.686401270097122e-05,64,72349.0,2.0493555174958692e+18,9483002880,28157952,16,8.686401270097122e-05,6383206400.0,1.3790497915560187e+18,48685.0,1.9173589904972763,1.937898464320136,bin_2
config_962,384,5,16,0.1872196495532989,0.8258960247039795,0.9223802089691162,0.0974951162934303,8.686401270097122e-05,64,72349.0,2.0493555174958692e+18,9483002880,28157952,16,8.686401270097122e-05,7975731200.0,1.7238051579528207e+18,60856.0,1.898546847828099,1.91896247852044,bin_2
config_962,384,5,16,0.1872196495532989,0.8258960247039795,0.9223802089691162,0.0974951162934303,8.686401270097122e-05,64,72349.0,2.0493555174958692e+18,9483002880,28157952,16,6.034788915848017e-07,9476505600.0,2.0493555174958692e+18,72349.0,1.8521696529232088,1.8723798628322412,bin_2
config_963,576,19,8,0.001504338462837,0.873844563961029,0.9840560555458068,0.1229050606489181,0.0041102427057921,64,13080.0,1.5372196579070116e+18,1714524416,104626944,8,0.0023786718832524,1592524800.0,1.430389943148795e+18,12171.0,2.916474903450637,2.946978220978721,bin_1
config_963,576,19,8,0.001504338462837,0.873844563961029,0.9840560555458068,0.1229050606489181,0.0041102427057921,64,13080.0,1.5372196579070116e+18,1714524416,104626944,8,7.673135107266055e-05,1710489600.0,1.5372196579070116e+18,13080.0,2.856853804627403,2.88643737046445,bin_1
config_964,256,23,8,0.0036767984274774,0.9327013492584229,0.9101734161376952,0.0909989327192306,0.0027576265856623,128,54176.0,4.821610844006646e+18,14202071040,32478208,16,0.0027576265856623,1599078400.0,5.416480285850644e+17,6086.0,1.8801872273742173,1.8998041335481115,bin_3
config_964,256,23,8,0.0036767984274774,0.9327013492584229,0.9101734161376952,0.0909989327192306,0.0027576265856623,128,54176.0,4.821610844006646e+18,14202071040,32478208,16,0.0027576265856623,3185049600.0,1.0832070581513012e+18,12171.0,1.8129153601458816,1.831888731190416,bin_3
config_964,256,23,8,0.0036767984274774,0.9327013492584229,0.9101734161376952,0.0909989327192306,0.0027576265856623,128,54176.0,4.821610844006646e+18,14202071040,32478208,16,0.0027576265856623,4784128000.0,1.6248550867363656e+18,18257.0,1.7867021626722617,1.8035119413547829,bin_3
config_964,256,23,8,0.0036767984274774,0.9327013492584229,0.9101734161376952,0.0909989327192306,0.0027576265856623,128,54176.0,4.821610844006646e+18,14202071040,32478208,16,0.0027576265856623,6383206400.0,2.1664141163026025e+18,24342.0,1.7714168677564528,1.787750331300204,bin_3
config_964,256,23,8,0.0036767984274774,0.9327013492584229,0.9101734161376952,0.0909989327192306,0.0027576265856623,128,54176.0,4.821610844006646e+18,14202071040,32478208,16,0.0027576265856623,7982284800.0,2.708062144887666e+18,30428.0,1.760664421495844,1.7774068051478902,bin_3
config_964,256,23,8,0.0036767984274774,0.9327013492584229,0.9101734161376952,0.0909989327192306,0.0027576265856623,128,54176.0,4.821610844006646e+18,14202071040,32478208,16,0.0027576265856623,9568256000.0,3.249710173472731e+18,36514.0,1.7535035862688158,1.7695175034100892,bin_3
config_964,256,23,8,0.0036767984274774,0.9327013492584229,0.9101734161376952,0.0909989327192306,0.0027576265856623,128,54176.0,4.821610844006646e+18,14202071040,32478208,16,0.0027576265856623,11167334400.0,3.7912692030389673e+18,42599.0,1.7471052422679838,1.763373068160698,bin_3
config_964,256,23,8,0.0036767984274774,0.9327013492584229,0.9101734161376952,0.0909989327192306,0.0027576265856623,128,54176.0,4.821610844006646e+18,14202071040,32478208,16,0.0027576265856623,12766412800.0,4.332917231624032e+18,48685.0,1.7424294104732452,1.7582686022070588,bin_3
config_964,256,23,8,0.0036767984274774,0.9327013492584229,0.9101734161376952,0.0909989327192306,0.0027576265856623,128,54176.0,4.821610844006646e+18,14202071040,32478208,16,1.454621449121932e-05,14195097600.0,4.821610844006646e+18,54176.0,1.691837733651771,1.7037509859194522,bin_3
config_965,768,9,6,0.0010940824868157,0.8894278407096863,0.9024598002433776,0.2743559777736664,0.0001117236097343,64,10270.0,1.055020149793751e+18,1346115328,102328320,16,0.0001117236097343,675020800.0,5.275100748968755e+17,5135.0,1.9904705016730264,2.011374006388617,bin_1
config_965,768,9,6,0.0010940824868157,0.8894278407096863,0.9024598002433776,0.2743559777736664,0.0001117236097343,64,10270.0,1.055020149793751e+18,1346115328,102328320,16,7.932098667683905e-07,1343488000.0,1.055020149793751e+18,10270.0,1.8462096724744703,1.865660092127128,bin_1
config_967,1088,12,16,0.0019751153886318,0.9347426295280457,0.9050107598304749,0.1360038518905639,0.0003970832331106,32,6486.0,7.277333677509427e+17,425093952,231872384,8,0.0003970832331106,212992000.0,3.6386668387547136e+17,3243.0,2.0615954397936336,2.0817782657068284,bin_1
config_967,1088,12,16,0.0019751153886318,0.9347426295280457,0.9050107598304749,0.1360038518905639,0.0003970832331106,32,6486.0,7.277333677509427e+17,425093952,231872384,8,1.6207478902473737e-05,422707200.0,7.277333677509427e+17,6486.0,1.8613315967067343,1.880312985865796,bin_1
config_969,512,8,16,0.0017774045700207,0.9450258016586304,0.9842374324798584,0.2373764365911483,3.071608080063015e-05,32,6204.0,1.7024166663163085e+17,406603488,53013504,16,3.071608080063015e-05,203161600.0,8.512083331581542e+16,3102.0,2.8592123712477138,2.8887902038605486,bin_0
config_969,512,8,16,0.0017774045700207,0.9450258016586304,0.9842374324798584,0.2373764365911483,3.071608080063015e-05,32,6204.0,1.7024166663163085e+17,406603488,53013504,16,8.346761087127436e-08,406323200.0,1.7024166663163085e+17,6204.0,2.626539627450412,2.6544701645804234,bin_0
config_97,576,5,24,0.0035539634991437,0.8424938321113586,0.918358027935028,0.135920450091362,3.684882540255785e-05,32,5939.0,1.41678211567104e+17,389252000,48872448,16,3.684882540255785e-05,193331200.0,7.082717800012322e+16,2969.0,2.83113118468738,2.860892834585221,bin_0
config_97,576,5,24,0.0035539634991437,0.8424938321113586,0.918358027935028,0.135920450091362,3.684882540255785e-05,32,5939.0,1.41678211567104e+17,389252000,48872448,16,1.780798253655213e-06,386662400.0,1.41678211567104e+17,5939.0,2.615843042076611,2.643720206823505,bin_0
config_970,832,17,16,0.010089436545968,0.8973526954650879,0.9742259979248048,0.2036994397640228,1.5862831787671894e-05,64,48479.0,9.325470262614884e+18,6354261504,186694144,8,1.5862831787671894e-05,1592524800.0,2.341226068324135e+18,12171.0,2.1742425729212216,2.19703835528405,bin_3
config_970,832,17,16,0.010089436545968,0.8973526954650879,0.9742259979248048,0.2036994397640228,1.5862831787671894e-05,64,48479.0,9.325470262614884e+18,6354261504,186694144,8,1.5862831787671894e-05,3191603200.0,4.68245213664827e+18,24342.0,1.936210013471666,1.95679187172749,bin_3
config_970,832,17,16,0.010089436545968,0.8973526954650879,0.9742259979248048,0.2036994397640228,1.5862831787671894e-05,64,48479.0,9.325470262614884e+18,6354261504,186694144,8,1.5862831787671894e-05,4784128000.0,7.023870566000121e+18,36514.0,1.843376757277817,1.861289355442172,bin_3
config_970,832,17,16,0.010089436545968,0.8973526954650879,0.9742259979248048,0.2036994397640228,1.5862831787671894e-05,64,48479.0,9.325470262614884e+18,6354261504,186694144,8,4.65845186675912e-08,6350438400.0,9.325470262614884e+18,48479.0,1.7827540452558486,1.799974465233381,bin_3
config_971,832,5,16,0.0045982119627296,0.8599691987037659,0.9132108688354492,0.1208895966410636,0.0001913301530294,32,3819.0,1.5239635623222067e+17,250318688,84438016,16,0.0001913301530294,124518400.0,7.617822572592544e+16,1909.0,2.3749944321835628,2.3992717953197293,bin_0
config_971,832,5,16,0.0045982119627296,0.8599691987037659,0.9132108688354492,0.1208895966410636,0.0001913301530294,32,3819.0,1.5239635623222067e+17,250318688,84438016,16,7.885624528327175e-06,249036800.0,1.5239635623222067e+17,3819.0,2.126728089637444,2.1472425437364424,bin_0
config_972,1088,24,8,0.0060667004436254,0.8997802734375,0.966655433177948,0.0756280496716499,0.0002210157981608,64,61675.0,2.502504134533782e+19,8083905024,409042304,8,0.0002210157981608,1592524800.0,4.938464178583001e+18,12171.0,1.6899651656385328,1.707521607993079,bin_3
config_972,1088,24,8,0.0060667004436254,0.8997802734375,0.966655433177948,0.0756280496716499,0.0002210157981608,64,61675.0,2.502504134533782e+19,8083905024,409042304,8,0.0002210157981608,3191603200.0,9.876928357166002e+18,24342.0,1.5977331592411292,1.6144868767261504,bin_3
config_972,1088,24,8,0.0060667004436254,0.8997802734375,0.966655433177948,0.0756280496716499,0.0002210157981608,64,61675.0,2.502504134533782e+19,8083905024,409042304,8,0.0002210157981608,4784128000.0,1.48157982923983e+19,36514.0,1.5569696533484536,1.5713209718172667,bin_3
config_972,1088,24,8,0.0060667004436254,0.8997802734375,0.966655433177948,0.0756280496716499,0.0002210157981608,64,61675.0,2.502504134533782e+19,8083905024,409042304,8,0.0002210157981608,6383206400.0,1.97542624709813e+19,48685.0,1.5310144576772315,1.5451124248934571,bin_3
config_972,1088,24,8,0.0060667004436254,0.8997802734375,0.966655433177948,0.0756280496716499,0.0002210157981608,64,61675.0,2.502504134533782e+19,8083905024,409042304,8,3.909477561806716e-05,7975731200.0,2.46927266495643e+19,60856.0,1.4754589142174015,1.4886328646784923,bin_3
config_972,1088,24,8,0.0060667004436254,0.8997802734375,0.966655433177948,0.0756280496716499,0.0002210157981608,64,61675.0,2.502504134533782e+19,8083905024,409042304,8,1.1846901702444626e-06,8080588800.0,2.502504134533782e+19,61675.0,1.4704396287535058,1.4835531978138157,bin_3
config_973,320,14,20,0.0139355575665831,0.8114351630210876,0.987652599811554,0.2538731098175049,0.0001000051342998,32,12769.0,2.708234588012544e+17,836871680,35594880,16,0.0001000051342998,419430400.0,1.354011246759502e+17,6384.0,2.3602749677955126,2.385366877845076,bin_0
config_973,320,14,20,0.0139355575665831,0.8114351630210876,0.987652599811554,0.2538731098175049,0.0001000051342998,32,12769.0,2.708234588012544e+17,836871680,35594880,16,5.862689144391759e-07,835584000.0,2.708234588012544e+17,12769.0,2.098550042637059,2.120165874684443,bin_0
config_975,960,17,16,0.0193163137882947,0.9164415001869202,0.9301259517669678,0.0015402854187414,0.0015484727919101,64,15339.0,3.656666926529004e+18,2010578048,236305920,8,0.0015484727919101,1592524800.0,2.901446845477835e+18,12171.0,1.7282939159674722,1.74580916021691,bin_2
config_975,960,17,16,0.0193163137882947,0.9164415001869202,0.9301259517669678,0.0015402854187414,0.0015484727919101,64,15339.0,3.656666926529004e+18,2010578048,236305920,8,0.0015484727919101,2005401600.0,3.656666926529004e+18,15339.0,1.6944894996041158,1.7114380769846869,bin_2
config_976,640,18,20,0.0088098747655749,0.8203990459442139,0.9784173369407654,0.0165969915688037,7.366479985648766e-05,64,17296.0,2.323123275568251e+18,2267090944,123623680,8,7.366479985648766e-05,1592524800.0,1.6347556306048325e+18,12171.0,1.870563402625381,1.8906282074725045,bin_2
config_976,640,18,20,0.0088098747655749,0.8203990459442139,0.9784173369407654,0.0165969915688037,7.366479985648766e-05,64,17296.0,2.323123275568251e+18,2267090944,123623680,8,1.1806901719158314e-05,2260992000.0,2.323123275568251e+18,17296.0,1.7862910821203326,1.8057384744433107,bin_2
config_977,896,7,16,0.0064735542982816,0.9222034811973572,0.9383334517478944,0.2639292478561401,0.0063503636047244,64,15992.0,1.7781841295047066e+18,2096132480,115709440,16,0.0057815395661969,1592524800.0,1.3533190995623926e+18,12171.0,2.38632233815115,2.410028266515888,bin_2
config_977,896,7,16,0.0064735542982816,0.9222034811973572,0.9383334517478944,0.2639292478561401,0.0063503636047244,64,15992.0,1.7781841295047066e+18,2096132480,115709440,16,6.32026709474938e-05,2090598400.0,1.7781841295047066e+18,15992.0,2.191248059194596,2.213164903062289,bin_2
config_978,1024,6,8,0.0111644053831696,0.8381044864654541,0.9935385584831238,0.2131605744361877,0.0054207001812756,32,7981.0,4.824446836170424e+17,523077984,128567296,16,0.0054207001812756,262144000.0,2.411921172324269e+17,3990.0,3.3796794750651373,3.414411578569256,bin_0
config_978,1024,6,8,0.0111644053831696,0.8381044864654541,0.9935385584831238,0.2131605744361877,0.0054207001812756,32,7981.0,4.824446836170424e+17,523077984,128567296,16,9.878995039361729e-05,521011200.0,4.824446836170424e+17,7981.0,3.202027548258422,3.2358378894211817,bin_0
config_979,1088,14,8,0.0025034353602677,0.9344386458396912,0.9595401287078856,0.2989751100540161,0.0020021419040858,64,70821.0,1.80321980389357e+19,9282714624,261400704,8,0.0020021419040858,1592524800.0,3.098937918581867e+18,12171.0,1.679696047501486,1.6963663792805594,bin_3
config_979,1088,14,8,0.0025034353602677,0.9344386458396912,0.9595401287078856,0.2989751100540161,0.0020021419040858,64,70821.0,1.80321980389357e+19,9282714624,261400704,8,0.0020021419040858,3191603200.0,6.197875837163734e+18,24342.0,1.6057618158371725,1.6226127324534243,bin_3
config_979,1088,14,8,0.0025034353602677,0.9344386458396912,0.9595401287078856,0.2989751100540161,0.0020021419040858,64,70821.0,1.80321980389357e+19,9282714624,261400704,8,0.0020021419040858,4784128000.0,9.29706837228644e+18,36514.0,1.573156636875184,1.5879262309191655,bin_3
config_979,1088,14,8,0.0025034353602677,0.9344386458396912,0.9595401287078856,0.2989751100540161,0.0020021419040858,64,70821.0,1.80321980389357e+19,9282714624,261400704,8,0.0020021419040858,6383206400.0,1.2396006290868308e+19,48685.0,1.553185666320754,1.5674451674985104,bin_3
config_979,1088,14,8,0.0025034353602677,0.9344386458396912,0.9595401287078856,0.2989751100540161,0.0020021419040858,64,70821.0,1.80321980389357e+19,9282714624,261400704,8,0.0009428686027317,7975731200.0,1.5494944209450177e+19,60856.0,1.5094746158259813,1.523073065339542,bin_3
config_979,1088,14,8,0.0025034353602677,0.9344386458396912,0.9595401287078856,0.2989751100540161,0.0020021419040858,64,70821.0,1.80321980389357e+19,9282714624,261400704,8,1.9857828359613403e-06,9279897600.0,1.80321980389357e+19,70821.0,1.4739572096359534,1.4885198702089122,bin_3
config_98,448,18,8,0.0129954637959599,0.965359389781952,0.9380303621292114,0.0186958387494087,0.003698862157762,128,55493.0,8.813170688714736e+18,14547407872,67957120,16,0.003698862157762,1599078400.0,9.665535619180416e+17,6086.0,1.787888644601478,1.8071803622558469,bin_3
config_98,448,18,8,0.0129954637959599,0.965359389781952,0.9380303621292114,0.0186958387494087,0.003698862157762,128,55493.0,8.813170688714736e+18,14547407872,67957120,16,0.003698862157762,3185049600.0,1.932948307936984e+18,12171.0,1.7179589660050438,1.736746922829112,bin_3
config_98,448,18,8,0.0129954637959599,0.965359389781952,0.9380303621292114,0.0186958387494087,0.003698862157762,128,55493.0,8.813170688714736e+18,14547407872,67957120,16,0.003698862157762,4784128000.0,2.8995018698550257e+18,18257.0,1.692357092802642,1.7084370699085174,bin_3
config_98,448,18,8,0.0129954637959599,0.965359389781952,0.9380303621292114,0.0186958387494087,0.003698862157762,128,55493.0,8.813170688714736e+18,14547407872,67957120,16,0.003698862157762,6383206400.0,3.865896615873968e+18,24342.0,1.6770975751955002,1.6931710045845785,bin_3
config_98,448,18,8,0.0129954637959599,0.965359389781952,0.9380303621292114,0.0186958387494087,0.003698862157762,128,55493.0,8.813170688714736e+18,14547407872,67957120,16,0.003698862157762,7982284800.0,4.83245017779201e+18,30428.0,1.6664980153568456,1.682489958903829,bin_3
config_98,448,18,8,0.0129954637959599,0.965359389781952,0.9380303621292114,0.0186958387494087,0.003698862157762,128,55493.0,8.813170688714736e+18,14547407872,67957120,16,0.003698862157762,9568256000.0,5.799003739710051e+18,36514.0,1.6592260522920577,1.6748813288719928,bin_3
config_98,448,18,8,0.0129954637959599,0.965359389781952,0.9380303621292114,0.0186958387494087,0.003698862157762,128,55493.0,8.813170688714736e+18,14547407872,67957120,16,0.003698862157762,11167334400.0,6.765398485728993e+18,42599.0,1.6532395522711707,1.6692866213204431,bin_3
config_98,448,18,8,0.0129954637959599,0.965359389781952,0.9380303621292114,0.0186958387494087,0.003698862157762,128,55493.0,8.813170688714736e+18,14547407872,67957120,16,0.003698862157762,12766412800.0,7.731952047647034e+18,48685.0,1.6493925032459322,1.6648466702758289,bin_3
config_98,448,18,8,0.0129954637959599,0.965359389781952,0.9380303621292114,0.0186958387494087,0.003698862157762,128,55493.0,8.813170688714736e+18,14547407872,67957120,16,0.0026501972837195,14352384000.0,8.698346793665977e+18,54770.0,1.6338865194164338,1.6464771490018877,bin_3
config_98,448,18,8,0.0129954637959599,0.965359389781952,0.9380303621292114,0.0186958387494087,0.003698862157762,128,55493.0,8.813170688714736e+18,14547407872,67957120,16,0.000153376155047,14535884800.0,8.813170688714736e+18,55493.0,1.5978267994865043,1.609956305066093,bin_3
config_980,1088,9,16,0.0519159138202667,0.9029125571250916,0.9705094695091248,0.0564652755856514,0.0008452572510577,64,44816.0,8.024130082382414e+18,5874164736,187579904,8,0.0008452572510577,1592524800.0,2.179170100693421e+18,12171.0,1.7233734674141057,1.7414271377540025,bin_3
config_980,1088,9,16,0.0519159138202667,0.9029125571250916,0.9705094695091248,0.0564652755856514,0.0008452572510577,64,44816.0,8.024130082382414e+18,5874164736,187579904,8,0.0008452572510577,3191603200.0,4.358340201386842e+18,24342.0,1.6594294005339263,1.677379041929714,bin_3
config_980,1088,9,16,0.0519159138202667,0.9029125571250916,0.9705094695091248,0.0564652755856514,0.0008452572510577,64,44816.0,8.024130082382414e+18,5874164736,187579904,8,0.0008452572510577,4784128000.0,6.537689348181709e+18,36514.0,1.633510467810709,1.6500915070049098,bin_3
config_980,1088,9,16,0.0519159138202667,0.9029125571250916,0.9705094695091248,0.0564652755856514,0.0008452572510577,64,44816.0,8.024130082382414e+18,5874164736,187579904,8,5.345500401946358e-06,5872025600.0,8.024130082382414e+18,44816.0,1.5550655262001225,1.5701777988183694,bin_3
config_982,320,9,10,0.0014104673173278,0.9856706857681274,0.9463449120521544,0.1173138171434402,0.0001117541905841,64,47114.0,1.4976121479531725e+18,6175382016,28628480,16,0.0001117541905841,1592524800.0,3.868794297393145e+17,12171.0,2.067555389443382,2.08853942062034,bin_1
config_982,320,9,10,0.0014104673173278,0.9856706857681274,0.9463449120521544,0.1173138171434402,0.0001117541905841,64,47114.0,1.4976121479531725e+18,6175382016,28628480,16,0.0001117541905841,3191603200.0,7.73758859478629e+17,24342.0,1.916276128722019,1.9367417570411185,bin_1
config_982,320,9,10,0.0014104673173278,0.9856706857681274,0.9463449120521544,0.1173138171434402,0.0001117541905841,64,47114.0,1.4976121479531725e+18,6175382016,28628480,16,0.0001117541905841,4784128000.0,1.160670076205844e+18,36514.0,1.864561505513113,1.8832078085180188,bin_1
config_982,320,9,10,0.0014104673173278,0.9856706857681274,0.9463449120521544,0.1173138171434402,0.0001117541905841,64,47114.0,1.4976121479531725e+18,6175382016,28628480,16,2.83075568695233e-07,6173491200.0,1.4976121479531725e+18,47114.0,1.8155155109577488,1.8339516819891384,bin_1
config_983,704,20,8,0.0852379575371742,0.8519636988639832,0.9215052723884584,0.2484911233186721,0.0020802628714591,32,14170.0,1.221519195923964e+18,928671168,161580672,8,0.0020802628714591,465305600.0,6.10759597961982e+17,7085.0,2.080459001846001,2.102446780439283,bin_1
config_983,704,20,8,0.0852379575371742,0.8519636988639832,0.9215052723884584,0.2484911233186721,0.0020802628714591,32,14170.0,1.221519195923964e+18,928671168,161580672,8,1.1816318497353488e-05,927334400.0,1.221519195923964e+18,14170.0,1.829808086235015,1.8496256169530207,bin_1
config_985,512,15,16,0.0014714102726429,0.8445362448692322,0.9038357734680176,0.0544733442366123,0.0008719900506548,128,41928.0,7.143354918223479e+18,10991415296,76875776,16,0.0008719900506548,1599078400.0,1.0368836584694738e+18,6086.0,1.8093929178597496,1.82880791449156,bin_3
config_985,512,15,16,0.0014714102726429,0.8445362448692322,0.9038357734680176,0.0544733442366123,0.0008719900506548,128,41928.0,7.143354918223479e+18,10991415296,76875776,16,0.0008719900506548,3185049600.0,2.0735969449937505e+18,12171.0,1.73417307169711,1.7529000179494014,bin_3
config_985,512,15,16,0.0014714102726429,0.8445362448692322,0.9038357734680176,0.0544733442366123,0.0008719900506548,128,41928.0,7.143354918223479e+18,10991415296,76875776,16,0.0008719900506548,4784128000.0,3.110480603463224e+18,18257.0,1.7026100038309566,1.7196421207365442,bin_3
config_985,512,15,16,0.0014714102726429,0.8445362448692322,0.9038357734680176,0.0544733442366123,0.0008719900506548,128,41928.0,7.143354918223479e+18,10991415296,76875776,16,0.0008719900506548,6383206400.0,4.147193889987501e+18,24342.0,1.6824317682375671,1.698757688608326,bin_3
config_985,512,15,16,0.0014714102726429,0.8445362448692322,0.9038357734680176,0.0544733442366123,0.0008719900506548,128,41928.0,7.143354918223479e+18,10991415296,76875776,16,0.0008719900506548,7982284800.0,5.184077548456974e+18,30428.0,1.6692590108074126,1.685238302183933,bin_3
config_985,512,15,16,0.0014714102726429,0.8445362448692322,0.9038357734680176,0.0544733442366123,0.0008719900506548,128,41928.0,7.143354918223479e+18,10991415296,76875776,16,0.0008719900506548,9568256000.0,6.220961206926448e+18,36514.0,1.6585954724765215,1.6745673115136193,bin_3
config_985,512,15,16,0.0014714102726429,0.8445362448692322,0.9038357734680176,0.0544733442366123,0.0008719900506548,128,41928.0,7.143354918223479e+18,10991415296,76875776,16,1.0694577931816122e-05,10983833600.0,7.143354918223479e+18,41928.0,1.607342387770043,1.6222568827378945,bin_3
config_986,896,21,8,0.0740860477089881,0.8252427577972412,0.9238795638084412,0.2966546416282654,0.0085204876959323,64,14048.0,3.6907858023022254e+18,1841367936,257030144,8,0.0038809420798847,1592524800.0,3.197647636661475e+18,12171.0,3.5798282972711037,3.6178683848459214,bin_2
config_986,896,21,8,0.0740860477089881,0.8252427577972412,0.9238795638084412,0.2966546416282654,0.0085204876959323,64,14048.0,3.6907858023022254e+18,1841367936,257030144,8,9.814816640382752e-05,1835008000.0,3.6907858023022254e+18,14048.0,3.528231454560014,3.565468698525038,bin_2
config_987,832,5,16,0.0439998731017112,0.8300049304962158,0.9467779397964478,0.0239667538553476,0.0002807617129292,32,9902.0,3.950885869006602e+17,648952896,84438016,16,0.0002807617129292,324403200.0,1.975442934503301e+17,4951.0,2.0565233303288943,2.076615792337011,bin_0
config_987,832,5,16,0.0439998731017112,0.8300049304962158,0.9467779397964478,0.0239667538553476,0.0002807617129292,32,9902.0,3.950885869006602e+17,648952896,84438016,16,2.369297155520951e-06,648806400.0,3.950885869006602e+17,9902.0,1.9008728363865712,1.9205185173769463,bin_0
config_988,640,22,10,0.0112422825768589,0.9444506764411926,0.9090839624404908,0.2849893271923065,0.0010379831073805,32,7695.0,6.100081840649011e+17,504336128,143944960,8,0.0010379831073805,252313600.0,3.0496445537331706e+17,3847.0,2.1127847873187457,2.1335878570548825,bin_1
config_988,640,22,10,0.0112422825768589,0.9444506764411926,0.9090839624404908,0.2849893271923065,0.0010379831073805,32,7695.0,6.100081840649011e+17,504336128,143944960,8,2.130895977742945e-05,501350400.0,6.100081840649011e+17,7695.0,1.89074113306452,1.9104150578428487,bin_1
config_989,256,22,8,0.012510017491877,0.9668425917625428,0.9277886152267456,0.1942853480577469,0.0006462965393438,64,72854.0,3.1330777592286413e+18,9549234176,31625728,16,0.0006462965393438,1592524800.0,5.234124331892799e+17,12171.0,1.8939913441314071,1.9139057754297728,bin_2
config_989,256,22,8,0.012510017491877,0.9668425917625428,0.9277886152267456,0.1942853480577469,0.0006462965393438,64,72854.0,3.1330777592286413e+18,9549234176,31625728,16,0.0006462965393438,3191603200.0,1.0468248663785596e+18,24342.0,1.836139509091612,1.8553928365863737,bin_2
config_989,256,22,8,0.012510017491877,0.9668425917625428,0.9277886152267456,0.1942853480577469,0.0006462965393438,64,72854.0,3.1330777592286413e+18,9549234176,31625728,16,0.0006462965393438,4784128000.0,1.57028030445102e+18,36514.0,1.8115223485524536,1.8292211267987235,bin_2
config_989,256,22,8,0.012510017491877,0.9668425917625428,0.9277886152267456,0.1942853480577469,0.0006462965393438,64,72854.0,3.1330777592286413e+18,9549234176,31625728,16,0.0006462965393438,6383206400.0,2.0936927376403e+18,48685.0,1.796804521631022,1.8143555972615224,bin_2
config_989,256,22,8,0.012510017491877,0.9668425917625428,0.9277886152267456,0.1942853480577469,0.0006462965393438,64,72854.0,3.1330777592286413e+18,9549234176,31625728,16,0.0005481237571205,7975731200.0,2.61710517082958e+18,60856.0,1.777953990052958,1.7951922182567783,bin_2
config_989,256,22,8,0.012510017491877,0.9668425917625428,0.9277886152267456,0.1942853480577469,0.0006462965393438,64,72854.0,3.1330777592286413e+18,9549234176,31625728,16,1.826470366945608e-07,9548595200.0,3.1330777592286413e+18,72854.0,1.7159178461012292,1.732748880777203,bin_2
config_990,704,13,16,0.0177435874938964,0.9853432178497314,0.9188015460968018,0.0542804040014743,0.0026331504341214,64,46362.0,5.64717847342252e+18,6076801536,117415936,16,0.0026331504341214,1592524800.0,1.4825031103064036e+18,12171.0,3.6094405905145113,3.643939180843166,bin_3
config_990,704,13,16,0.0177435874938964,0.9853432178497314,0.9188015460968018,0.0542804040014743,0.0026331504341214,64,46362.0,5.64717847342252e+18,6076801536,117415936,16,0.0026331504341214,3191603200.0,2.965006220612807e+18,24342.0,3.642462703048206,3.679387385024399,bin_3
config_990,704,13,16,0.0177435874938964,0.9853432178497314,0.9188015460968018,0.0542804040014743,0.0026331504341214,64,46362.0,5.64717847342252e+18,6076801536,117415936,16,0.0026331504341214,4784128000.0,4.447631137106896e+18,36514.0,3.564979013536797,3.5903052765424133,bin_3
config_990,704,13,16,0.0177435874938964,0.9853432178497314,0.9188015460968018,0.0542804040014743,0.0026331504341214,64,46362.0,5.64717847342252e+18,6076801536,117415936,16,1.2558746108687608e-05,6075187200.0,5.64717847342252e+18,46362.0,3.4271459014298484,3.461943151364561,bin_3
config_992,1088,19,8,0.0384127683937549,0.9715422987937928,0.9716871380805968,0.1220858097076416,0.0002464149729348,32,6168.0,1.018341190032298e+18,404246496,335221504,8,0.0002464149729348,203161600.0,5.09170595016149e+17,3084.0,2.0751656237782026,2.095341039466076,bin_1
config_992,1088,19,8,0.0384127683937549,0.9715422987937928,0.9716871380805968,0.1220858097076416,0.0002464149729348,32,6168.0,1.018341190032298e+18,404246496,335221504,8,5.890397759399351e-06,403046400.0,1.018341190032298e+18,6168.0,1.8504421347281967,1.8690302607270537,bin_1
config_993,256,4,16,0.001084235147573,0.8189805746078491,0.915785551071167,0.2115098387002945,0.0064638904295861,64,13858.0,2.231339809147453e+17,1816482048,16281088,16,0.0037667433823722,1592524800.0,1.9597082419637507e+17,12171.0,2.0243814333149643,2.0470961212330177,bin_0
config_993,256,4,16,0.001084235147573,0.8189805746078491,0.915785551071167,0.2115098387002945,0.0064638904295861,64,13858.0,2.231339809147453e+17,1816482048,16281088,16,1.7642826146943395e-05,1815347200.0,2.231339809147453e+17,13858.0,1.9771884812292504,1.999423508683189,bin_0
config_996,832,19,8,0.0019753254018723,0.8552501797676086,0.901537835597992,0.1173550710082054,1.4371056749951094e-05,32,4568.0,4.822750592869048e+17,299415136,203736832,8,1.4371056749951094e-05,150732800.0,2.411375296434524e+17,2284.0,2.925444133828898,2.955814925373577,bin_0
config_996,832,19,8,0.0019753254018723,0.8552501797676086,0.901537835597992,0.1173550710082054,1.4371056749951094e-05,32,4568.0,4.822750592869048e+17,299415136,203736832,8,4.826101147371638e-07,298188800.0,4.822750592869048e+17,4568.0,2.696798707149068,2.7250698683691805,bin_0
config_997,384,10,12,0.1678781658411026,0.9638478755950928,0.9783593416213988,0.2234866917133331,0.0006034533726051,64,27416.0,1.1369373842376622e+18,3593600256,37009152,16,0.0006034533726051,1592524800.0,5.047295339785741e+17,12171.0,1.8668520139866187,1.8868994089032785,bin_1
config_997,384,10,12,0.1678781658411026,0.9638478755950928,0.9783593416213988,0.2234866917133331,0.0006034533726051,64,27416.0,1.1369373842376622e+18,3593600256,37009152,16,0.0003019729134009,3191603200.0,1.0094590679571482e+18,24342.0,1.779404456146428,1.7983136082477258,bin_1
config_997,384,10,12,0.1678781658411026,0.9638478755950928,0.9783593416213988,0.2234866917133331,0.0006034533726051,64,27416.0,1.1369373842376622e+18,3593600256,37009152,16,1.5758534293589454e-06,3591372800.0,1.1369373842376622e+18,27416.0,1.7304978315947486,1.7488396877538963,bin_1
config_998,960,4,24,0.0865956619381904,0.9087481498718262,0.9491114616394044,0.0529725737869739,0.0001744240289554,32,9610.0,4.0899521962192896e+17,629816256,92511360,16,0.0001744240289554,314572800.0,2.0449760981096448e+17,4805.0,2.110109515815485,2.130993254458318,bin_0
config_998,960,4,24,0.0865956619381904,0.9087481498718262,0.9491114616394044,0.0529725737869739,0.0001744240289554,32,9610.0,4.0899521962192896e+17,629816256,92511360,16,3.426798211304512e-06,629145600.0,4.0899521962192896e+17,9610.0,1.932119369975856,1.9524851538314196,bin_0
config_999,1024,5,4,0.045400496572256,0.9839205145835876,0.9742733240127563,0.1779716610908508,4.160497701377608e-05,64,14641.0,1.57378155875559e+18,1919052288,115720192,16,3.978426016941121e-05,1592524800.0,1.308277805588026e+18,12171.0,1.9381530119161137,1.958930082672932,bin_1
config_999,1024,5,4,0.045400496572256,0.9839205145835876,0.9742733240127563,0.1779716610908508,4.160497701377608e-05,64,14641.0,1.57378155875559e+18,1919052288,115720192,16,6.548192159557843e-07,1913651200.0,1.57378155875559e+18,14641.0,1.895631537320184,1.916079898271404,bin_1
