config_id,d_model,n_layers,n_heads,weight_decay,beta1,beta2,cooldown_steps,lr,global_batch_size,final_step,total_compute,n_data,n_param,micro_batch_size,current_lr,tokens_so_far,flops_so_far,eval_step,valid_loss,test_loss,flops_bin
config_1,320,12,16,0.0132792294025421,0.9559746980667114,0.9189565181732178,0.2744268774986267,0.0004101854865439,32,14725.0,2.8099033743458304e+17,965026304,32808320,16,0.0004101854865439,481689600.0,1.4048562744946691e+17,7362.0,2.07233168390438,2.0928174570601064,bin_0
config_1,320,12,16,0.0132792294025421,0.9559746980667114,0.9189565181732178,0.2744268774986267,0.0004101854865439,32,14725.0,2.8099033743458304e+17,965026304,32808320,16,2.538276525643104e-06,963379200.0,2.8099033743458304e+17,14725.0,1.913160704754214,1.9317844720361477,bin_0
config_100,1152,12,24,0.0042233127169311,0.9851252436637878,0.9088492393493652,0.1137933507561683,3.8907313864910975e-05,32,7995.0,9.609680002264842e+17,524010656,249050880,8,3.8907313864910975e-05,262144000.0,4.804239020519397e+17,3997.0,2.426504022488829,2.450970768733103,bin_1
config_100,1152,12,24,0.0042233127169311,0.9851252436637878,0.9088492393493652,0.1137933507561683,3.8907313864910975e-05,32,7995.0,9.609680002264842e+17,524010656,249050880,8,1.9261046467777696e-06,521011200.0,9.609680002264842e+17,7995.0,2.065101157759057,2.085876265705609,bin_1
config_1000,704,16,8,0.0019037378951907,0.8819778561592102,0.9847095608711244,0.1628177165985107,0.0012314933119341,32,8672.0,6.222046588633498e+17,568354880,136343680,8,0.0012314933119341,285081600.0,3.111023294316749e+17,4336.0,1.9888474745046896,2.0089491661650234,bin_1
config_1000,704,16,8,0.0019037378951907,0.8819778561592102,0.9847095608711244,0.1628177165985107,0.0012314933119341,32,8672.0,6.222046588633498e+17,568354880,136343680,8,1.920117141215568e-05,566886400.0,6.222046588633498e+17,8672.0,1.8093905598218325,1.8281533119717583,bin_1
config_101,448,6,16,0.0169699434190988,0.9789988994598388,0.9388537406921388,0.1072206497192382,0.0005221497267484,64,54092.0,2.0705484286358323e+18,7090002432,37668736,16,0.0005221497267484,1592524800.0,4.658848799254366e+17,12171.0,1.875778960695905,1.8956656883569505,bin_2
config_101,448,6,16,0.0169699434190988,0.9789988994598388,0.9388537406921388,0.1072206497192382,0.0005221497267484,64,54092.0,2.0705484286358323e+18,7090002432,37668736,16,0.0005221497267484,3191603200.0,9.317697598508732e+17,24342.0,1.8164531844256728,1.835650774277236,bin_2
config_101,448,6,16,0.0169699434190988,0.9789988994598388,0.9388537406921388,0.1072206497192382,0.0005221497267484,64,54092.0,2.0705484286358323e+18,7090002432,37668736,16,0.0005221497267484,4784128000.0,1.3976929180508908e+18,36514.0,1.7917469716746055,1.8096628246036317,bin_2
config_101,448,6,16,0.0169699434190988,0.9789988994598388,0.9388537406921388,0.1072206497192382,0.0005221497267484,64,54092.0,2.0705484286358323e+18,7090002432,37668736,16,0.0004855029016429,6383206400.0,1.8635777979763277e+18,48685.0,1.7759741803025662,1.7930301795706065,bin_2
config_101,448,6,16,0.0169699434190988,0.9789988994598388,0.9388537406921388,0.1072206497192382,0.0005221497267484,64,54092.0,2.0705484286358323e+18,7090002432,37668736,16,3.781736251670209e-06,7084441600.0,2.0705484286358323e+18,54092.0,1.723590162780149,1.74018399499706,bin_2
config_102,960,11,20,0.0013601216487586,0.9374064803123474,0.9187837839126588,0.0700860694050788,0.0051341792568564,32,10042.0,8.417644777739059e+17,658129664,169939200,8,0.0051341792568564,327680000.0,4.2088223888695296e+17,5021.0,3.233158091253772,3.2653875197611195,bin_1
config_102,960,11,20,0.0013601216487586,0.9374064803123474,0.9187837839126588,0.0700860694050788,0.0051341792568564,32,10042.0,8.417644777739059e+17,658129664,169939200,8,0.0003067361718178,655360000.0,8.417644777739059e+17,10042.0,3.052902620543453,3.083511560924946,bin_1
config_103,1152,24,16,0.1009353175759315,0.842544674873352,0.9827691316604614,0.1769083738327026,0.002076867269352,32,13385.0,2.912552297940271e+18,877214656,440181504,8,0.002076867269352,439091200.0,1.4561673498555318e+18,6692.0,3.3757873026660232,3.4109810581754467,bin_2
config_103,1152,24,16,0.1009353175759315,0.842544674873352,0.9827691316604614,0.1769083738327026,0.002076867269352,32,13385.0,2.912552297940271e+18,877214656,440181504,8,3.070990892578042e-05,874905600.0,2.912552297940271e+18,13385.0,3.174262734671108,3.208777855028872,bin_2
config_104,512,18,16,0.0038574652280658,0.8251498341560364,0.9780817031860352,0.2090599685907364,0.0070676342584192,64,18365.0,1.802936398739669e+18,2407145472,87102464,8,0.0070676342584192,1592524800.0,1.1948564611522194e+18,12171.0,3.155054211572092,3.186785405679518,bin_2
config_104,512,18,16,0.0038574652280658,0.8251498341560364,0.9780817031860352,0.2090599685907364,0.0070676342584192,64,18365.0,1.802936398739669e+18,2407145472,87102464,8,2.761513776407612e-05,2405171200.0,1.802936398739669e+18,18365.0,3.0411088133032025,3.0719627091536217,bin_2
config_106,640,5,16,0.0536591298878192,0.8733065724372864,0.9073991775512696,0.2389845848083496,0.0057292403653264,64,51481.0,2.861589101421527e+18,6747788288,57579520,16,0.0057292403653264,1592524800.0,6.765292234688799e+17,12171.0,1.91879154505478,1.9379396118000427,bin_2
config_106,640,5,16,0.0536591298878192,0.8733065724372864,0.9073991775512696,0.2389845848083496,0.0057292403653264,64,51481.0,2.861589101421527e+18,6747788288,57579520,16,0.0057292403653264,3191603200.0,1.3530584469377595e+18,24342.0,1.895491816304203,1.91457894536518,bin_2
config_106,640,5,16,0.0536591298878192,0.8733065724372864,0.9073991775512696,0.2389845848083496,0.0057292403653264,64,51481.0,2.861589101421527e+18,6747788288,57579520,16,0.0057292403653264,4784128000.0,2.0296432557507748e+18,36514.0,1.892415537173093,1.9112133301085923,bin_2
config_106,640,5,16,0.0536591298878192,0.8733065724372864,0.9073991775512696,0.2389845848083496,0.0057292403653264,64,51481.0,2.861589101421527e+18,6747788288,57579520,16,0.0012950514066465,6383206400.0,2.7061724792196547e+18,48685.0,1.760820791602477,1.7789356956565894,bin_2
config_106,640,5,16,0.0536591298878192,0.8733065724372864,0.9073991775512696,0.2389845848083496,0.0057292403653264,64,51481.0,2.861589101421527e+18,6747788288,57579520,16,1.4436027905804888e-05,6743654400.0,2.861589101421527e+18,51481.0,1.701676914713579,1.7191515603861098,bin_2
config_107,832,13,16,0.0902814045548439,0.8629905581474304,0.9867217540740968,0.2638017833232879,0.008754183538258,64,8077.0,1.2507597518088192e+18,1058770880,152608768,8,0.008754183538258,530841600.0,6.253024486571762e+17,4038.0,3.78672948507788,3.824311209367264,bin_1
config_107,832,13,16,0.0902814045548439,0.8629905581474304,0.9867217540740968,0.2638017833232879,0.008754183538258,64,8077.0,1.2507597518088192e+18,1058770880,152608768,8,0.0001109685237243,1055129600.0,1.2507597518088192e+18,8077.0,3.486915605641975,3.5227669512043365,bin_1
config_109,640,17,20,0.0551836527884006,0.8369714021682739,0.9658657312393188,0.283180832862854,0.0002706914383452,32,13809.0,8.855437939809485e+17,904989632,118543360,8,0.0002706914383452,452198400.0,4.427398329817125e+17,6904.0,1.957276040832434,1.9773448484861944,bin_1
config_109,640,17,20,0.0551836527884006,0.8369714021682739,0.9658657312393188,0.283180832862854,0.0002706914383452,32,13809.0,8.855437939809485e+17,904989632,118543360,8,6.23074922022251e-07,904396800.0,8.855437939809485e+17,13809.0,1.7878152372322005,1.8064261387879248,bin_1
config_11,832,16,16,0.0067849024198949,0.8052833676338196,0.9033308625221252,0.2222540229558944,0.0002103319420712,32,10867.0,9.942470508529828e+17,712197184,178172800,8,0.0002103319420712,357171200.0,4.970777792660583e+17,5433.0,2.027002039252609,2.04807790577645,bin_1
config_11,832,16,16,0.0067849024198949,0.8052833676338196,0.9033308625221252,0.2222540229558944,0.0002103319420712,32,10867.0,9.942470508529828e+17,712197184,178172800,8,1.4805975218263082e-06,711065600.0,9.942470508529828e+17,10867.0,1.852486517004949,1.87133599249425,bin_1
config_110,256,12,16,0.1361991614103317,0.8975043296813965,0.9504519701004028,0.2623507082462311,5.9642545238602906e-05,64,8527.0,2.3925880826560512e+17,1117694208,23100928,16,5.9642545238602906e-05,557056000.0,1.196153746494986e+17,4263.0,2.716040456687288,2.744123595725958,bin_0
config_110,256,12,16,0.1361991614103317,0.8975043296813965,0.9504519701004028,0.2623507082462311,5.9642545238602906e-05,64,8527.0,2.3925880826560512e+17,1117694208,23100928,16,7.198697905419228e-07,1114112000.0,2.3925880826560512e+17,8527.0,2.444515079556053,2.469305005432916,bin_0
config_112,896,23,16,0.0061714705079793,0.9794992208480836,0.931119441986084,0.2892825305461883,0.0001902689546113,64,71354.0,2.0290701184668795e+19,9352611840,277218816,8,0.0001902689546113,1592524800.0,3.4610270499005507e+18,12171.0,1.7156449012287327,1.7339094505739994,bin_3
config_112,896,23,16,0.0061714705079793,0.9794992208480836,0.931119441986084,0.2892825305461883,0.0001902689546113,64,71354.0,2.0290701184668795e+19,9352611840,277218816,8,0.0001902689546113,3191603200.0,6.922054099801101e+18,24342.0,1.6229025831769723,1.6404080678009596,bin_3
config_112,896,23,16,0.0061714705079793,0.9794992208480836,0.931119441986084,0.2892825305461883,0.0001902689546113,64,71354.0,2.0290701184668795e+19,9352611840,277218816,8,0.0001902689546113,4784128000.0,1.0383365516397068e+19,36514.0,1.582056878238428,1.5973401530453415,bin_3
config_112,896,23,16,0.0061714705079793,0.9794992208480836,0.931119441986084,0.2892825305461883,0.0001902689546113,64,71354.0,2.0290701184668795e+19,9352611840,277218816,8,0.0001902689546113,6383206400.0,1.3844392566297618e+19,48685.0,1.5573625213005504,1.572449242912355,bin_3
config_112,896,23,16,0.0061714705079793,0.9794992208480836,0.931119441986084,0.2892825305461883,0.0001902689546113,64,71354.0,2.0290701184668795e+19,9352611840,277218816,8,9.682598223138272e-05,7975731200.0,1.7305419616198169e+19,60856.0,1.512642250207604,1.5270905033095938,bin_3
config_112,896,23,16,0.0061714705079793,0.9794992208480836,0.931119441986084,0.2892825305461883,0.0001902689546113,64,71354.0,2.0290701184668795e+19,9352611840,277218816,8,3.687204197692982e-08,9351987200.0,2.0290701184668795e+19,71354.0,1.4777667775701304,1.4933820006397904,bin_3
config_113,512,18,16,0.1424849778413772,0.8090534806251526,0.9306409358978271,0.2011738568544387,0.0004382849729154,64,37865.0,3.71731574942702e+18,4963081216,87102464,8,0.0004382849729154,1592524800.0,1.1948620094091182e+18,12171.0,1.8214172514096167,1.8412737565319164,bin_2
config_113,512,18,16,0.1424849778413772,0.8090534806251526,0.9306409358978271,0.2011738568544387,0.0004382849729154,64,37865.0,3.71731574942702e+18,4963081216,87102464,8,0.0004382849729154,3191603200.0,2.3897240188182364e+18,24342.0,1.7735998742473664,1.7921342752923,bin_2
config_113,512,18,16,0.1424849778413772,0.8090534806251526,0.9306409358978271,0.2011738568544387,0.0004382849729154,64,37865.0,3.71731574942702e+18,4963081216,87102464,8,7.854260050276434e-05,4784128000.0,3.5846842010980644e+18,36514.0,1.6618701692368043,1.6769419797038665,bin_2
config_113,512,18,16,0.1424849778413772,0.8090534806251526,0.9306409358978271,0.2011738568544387,0.0004382849729154,64,37865.0,3.71731574942702e+18,4963081216,87102464,8,8.631055000303512e-07,4961075200.0,3.71731574942702e+18,37865.0,1.6472754156178828,1.661956813537074,bin_2
config_114,1024,24,16,0.181996688246727,0.812188446521759,0.984758734703064,0.0859238505363464,0.0007057221373543,32,6606.0,1.196055049949872e+18,432950176,359815168,8,0.0007057221373543,216268800.0,5.98027524974936e+17,3303.0,2.0267838057729066,2.047617524490982,bin_1
config_114,1024,24,16,0.181996688246727,0.812188446521759,0.984758734703064,0.0859238505363464,0.0007057221373543,32,6606.0,1.196055049949872e+18,432950176,359815168,8,7.467959125442413e-06,432537600.0,1.196055049949872e+18,6606.0,1.818085566895907,1.8374467540764416,bin_1
config_115,320,18,16,0.025479856878519,0.8448149561882019,0.9132958054542542,0.0742518603801727,3.692114842124283e-05,32,14724.0,3.7490406826143744e+17,965017152,41168000,16,3.692114842124283e-05,481689600.0,1.8745203413071872e+17,7362.0,2.6685453272118584,2.6958440624211666,bin_0
config_115,320,18,16,0.025479856878519,0.8448149561882019,0.9132958054542542,0.0742518603801727,3.692114842124283e-05,32,14724.0,3.7490406826143744e+17,965017152,41168000,16,8.10711401747326e-07,963379200.0,3.7490406826143744e+17,14724.0,2.3583214858105874,2.382129545209193,bin_0
config_116,640,8,10,0.0024595244321972,0.8885137438774109,0.983272135257721,0.2443785518407821,9.258812497137114e-05,64,10309.0,7.603607794709299e+17,1351303936,72820480,16,9.258812497137114e-05,675020800.0,3.801435112419413e+17,5154.0,2.054582577932613,2.076336073706484,bin_1
config_116,640,8,10,0.0024595244321972,0.8885137438774109,0.983272135257721,0.2443785518407821,9.258812497137114e-05,64,10309.0,7.603607794709299e+17,1351303936,72820480,16,3.3080314598743813e-07,1350041600.0,7.603607794709299e+17,10309.0,1.891634681291694,1.9116127483323,bin_1
config_117,320,21,10,0.0014648116193711,0.819384753704071,0.9335467219352722,0.029724420979619,0.0001138764273491,64,61953.0,3.549837203958989e+18,8120313344,45347840,16,0.0001138764273491,1592524800.0,6.973846078379555e+17,12171.0,1.9921140818126863,2.0135044174897865,bin_2
config_117,320,21,10,0.0014648116193711,0.819384753704071,0.9335467219352722,0.029724420979619,0.0001138764273491,64,61953.0,3.549837203958989e+18,8120313344,45347840,16,0.0001138764273491,3191603200.0,1.394769215675911e+18,24342.0,1.865535426296172,1.886129791150328,bin_2
config_117,320,21,10,0.0014648116193711,0.819384753704071,0.9335467219352722,0.029724420979619,0.0001138764273491,64,61953.0,3.549837203958989e+18,8120313344,45347840,16,0.0001138764273491,4784128000.0,2.092211122388884e+18,36514.0,1.817157352869628,1.83586888387555,bin_2
config_117,320,21,10,0.0014648116193711,0.819384753704071,0.9335467219352722,0.029724420979619,0.0001138764273491,64,61953.0,3.549837203958989e+18,8120313344,45347840,16,0.0001138764273491,6383206400.0,2.78959573022684e+18,48685.0,1.7897042277601898,1.808354703129315,bin_2
config_117,320,21,10,0.0014648116193711,0.819384753704071,0.9335467219352722,0.029724420979619,0.0001138764273491,64,61953.0,3.549837203958989e+18,8120313344,45347840,16,6.822688721680239e-05,7975731200.0,3.4869803380647946e+18,60856.0,1.760445638250132,1.778742823209919,bin_2
config_117,320,21,10,0.0014648116193711,0.819384753704071,0.9335467219352722,0.029724420979619,0.0001138764273491,64,61953.0,3.549837203958989e+18,8120313344,45347840,16,1.8556723631043897e-07,8119910400.0,3.549837203958989e+18,61953.0,1.74453233492179,1.7625845413129837,bin_2
config_118,832,7,16,0.0014208995271474,0.8293660283088684,0.9295414686203004,0.0032023966778069,0.0001637390523683,64,51538.0,5.079586490405487e+18,6755308544,101480704,16,0.0001637390523683,1592524800.0,1.1995740458443318e+18,12171.0,1.838350818118111,1.857685860297719,bin_3
config_118,832,7,16,0.0014208995271474,0.8293660283088684,0.9295414686203004,0.0032023966778069,0.0001637390523683,64,51538.0,5.079586490405487e+18,6755308544,101480704,16,0.0001637390523683,3191603200.0,2.399148091688664e+18,24342.0,1.7530896832513028,1.771694794795552,bin_3
config_118,832,7,16,0.0014208995271474,0.8293660283088684,0.9295414686203004,0.0032023966778069,0.0001637390523683,64,51538.0,5.079586490405487e+18,6755308544,101480704,16,0.0001637390523683,4784128000.0,3.598820697556481e+18,36514.0,1.7181169880804468,1.7343603850974412,bin_3
config_118,832,7,16,0.0014208995271474,0.8293660283088684,0.9295414686203004,0.0032023966778069,0.0001637390523683,64,51538.0,5.079586490405487e+18,6755308544,101480704,16,0.0001637390523683,6383206400.0,4.798394743400814e+18,48685.0,1.696336958955546,1.7120654771757908,bin_3
config_118,832,7,16,0.0014208995271474,0.8293660283088684,0.9295414686203004,0.0032023966778069,0.0001637390523683,64,51538.0,5.079586490405487e+18,6755308544,101480704,16,3.770959993937249e-05,6750208000.0,5.079586490405487e+18,51538.0,1.6730748413429886,1.6886628956872909,bin_3
config_119,576,23,18,0.0114337289705872,0.8591312170028687,0.9470757842063904,0.2235157638788223,0.0036880786065012,32,9836.0,6.760682619869676e+17,644635072,120556800,8,0.0036880786065012,321126400.0,3.380341309934838e+17,4918.0,3.264186933048451,3.2932319727498323,bin_1
config_119,576,23,18,0.0114337289705872,0.8591312170028687,0.9470757842063904,0.2235157638788223,0.0036880786065012,32,9836.0,6.760682619869676e+17,644635072,120556800,8,6.0405291098291226e-05,642252800.0,6.760682619869676e+17,9836.0,3.078154691715016,3.108567746895175,bin_1
config_120,896,4,8,0.0435597114264965,0.9696089029312134,0.9930973052978516,0.1635321974754333,2.475456494721584e-05,128,49289.0,7.760142440107868e+18,12920852480,85426432,16,2.475456494721584e-05,1599078400.0,9.581899996043028e+17,6086.0,2.3525477990166084,2.376198119413657,bin_3
config_120,896,4,8,0.0435597114264965,0.9696089029312134,0.9930973052978516,0.1635321974754333,2.475456494721584e-05,128,49289.0,7.760142440107868e+18,12920852480,85426432,16,2.475456494721584e-05,3185049600.0,1.9162225575392653e+18,12171.0,2.0845198523411987,2.106130856646866,bin_3
config_120,896,4,8,0.0435597114264965,0.9696089029312134,0.9930973052978516,0.1635321974754333,2.475456494721584e-05,128,49289.0,7.760142440107868e+18,12920852480,85426432,16,2.475456494721584e-05,4784128000.0,2.8744125571435684e+18,18257.0,1.9863225803609756,2.005621640799476,bin_3
config_120,896,4,8,0.0435597114264965,0.9696089029312134,0.9930973052978516,0.1635321974754333,2.475456494721584e-05,128,49289.0,7.760142440107868e+18,12920852480,85426432,16,2.475456494721584e-05,6383206400.0,3.832445115078531e+18,24342.0,1.9292031107574208,1.9475961504607904,bin_3
config_120,896,4,8,0.0435597114264965,0.9696089029312134,0.9930973052978516,0.1635321974754333,2.475456494721584e-05,128,49289.0,7.760142440107868e+18,12920852480,85426432,16,2.475456494721584e-05,7982284800.0,4.790635114682834e+18,30428.0,1.8898209526499763,1.908435824699089,bin_3
config_120,896,4,8,0.0435597114264965,0.9696089029312134,0.9930973052978516,0.1635321974754333,2.475456494721584e-05,128,49289.0,7.760142440107868e+18,12920852480,85426432,16,2.475456494721584e-05,9568256000.0,5.748825114287137e+18,36514.0,1.858050893681948,1.8791544621108007,bin_3
config_120,896,4,8,0.0435597114264965,0.9696089029312134,0.9930973052978516,0.1635321974754333,2.475456494721584e-05,128,49289.0,7.760142440107868e+18,12920852480,85426432,16,2.054383187741027e-05,11167334400.0,6.706857672222099e+18,42599.0,1.8328643327072016,1.8534586184923767,bin_3
config_120,896,4,8,0.0435597114264965,0.9696089029312134,0.9930973052978516,0.1635321974754333,2.475456494721584e-05,128,49289.0,7.760142440107868e+18,12920852480,85426432,16,1.8089874384503864e-06,12766412800.0,7.665047671826403e+18,48685.0,1.811053668514627,1.8312398970713384,bin_3
config_120,896,4,8,0.0435597114264965,0.9696089029312134,0.9930973052978516,0.1635321974754333,2.475456494721584e-05,128,49289.0,7.760142440107868e+18,12920852480,85426432,16,1.1978015297040001e-07,12910592000.0,7.760142440107868e+18,49289.0,1.810273855748724,1.8302090729650904,bin_3
config_122,512,6,8,0.0621223002672195,0.8897701501846313,0.9660729765892028,0.0235373154282569,1.528522261651233e-05,64,51604.0,2.3851691410383176e+18,6763908096,46195712,16,1.528522261651233e-05,1592524800.0,5.625512288887947e+17,12171.0,2.492538533591445,2.517580976136919,bin_2
config_122,512,6,8,0.0621223002672195,0.8897701501846313,0.9660729765892028,0.0235373154282569,1.528522261651233e-05,64,51604.0,2.3851691410383176e+18,6763908096,46195712,16,1.528522261651233e-05,3191603200.0,1.1251024577775894e+18,24342.0,2.2082448086039865,2.231058431438729,bin_2
config_122,512,6,8,0.0621223002672195,0.8897701501846313,0.9660729765892028,0.0235373154282569,1.528522261651233e-05,64,51604.0,2.3851691410383176e+18,6763908096,46195712,16,1.528522261651233e-05,4784128000.0,1.6876999072915497e+18,36514.0,2.090248083037591,2.111358367209136,bin_2
config_122,512,6,8,0.0621223002672195,0.8897701501846313,0.9660729765892028,0.0235373154282569,1.528522261651233e-05,64,51604.0,2.3851691410383176e+18,6763908096,46195712,16,1.528522261651233e-05,6383206400.0,2.2502511361803443e+18,48685.0,2.0219884916297537,2.042721308668113,bin_2
config_122,512,6,8,0.0621223002672195,0.8897701501846313,0.9660729765892028,0.0235373154282569,1.528522261651233e-05,64,51604.0,2.3851691410383176e+18,6763908096,46195712,16,5.036317171832788e-08,6763315200.0,2.3851691410383176e+18,51604.0,2.003034903463832,2.0233573575830643,bin_2
config_124,512,6,16,0.0200212094932794,0.9471274614334106,0.9536486864089966,0.2233599871397018,0.000214345214772,64,12898.0,5.961734850139914e+17,1690640128,46195712,16,5.567021550329323e-05,1592524800.0,5.625699710114196e+17,12171.0,1.845245260100272,1.864960854593643,bin_1
config_124,512,6,16,0.0200212094932794,0.9471274614334106,0.9536486864089966,0.2233599871397018,0.000214345214772,64,12898.0,5.961734850139914e+17,1690640128,46195712,16,3.5724202462006306e-06,1684275200.0,5.961734850139914e+17,12898.0,1.8344413564431847,1.8540224748591332,bin_1
config_125,512,12,16,0.0832136124372482,0.8749970197677612,0.913178563117981,0.1931610256433487,0.0008339219493791,64,45823.0,3.308246406268453e+18,6006118912,66649088,16,0.0008339219493791,1592524800.0,8.786999325817459e+17,12171.0,1.8493124157973555,1.8685528171247163,bin_2
config_125,512,12,16,0.0832136124372482,0.8749970197677612,0.913178563117981,0.1931610256433487,0.0008339219493791,64,45823.0,3.308246406268453e+18,6006118912,66649088,16,0.0008339219493791,3191603200.0,1.7573998651634918e+18,24342.0,1.799897125161947,1.8183557164983688,bin_2
config_125,512,12,16,0.0832136124372482,0.8749970197677612,0.913178563117981,0.1931610256433487,0.0008339219493791,64,45823.0,3.308246406268453e+18,6006118912,66649088,16,0.0008339219493791,4784128000.0,2.63617199394379e+18,36514.0,1.7784071386834548,1.7960332427935009,bin_2
config_125,512,12,16,0.0832136124372482,0.8749970197677612,0.913178563117981,0.1931610256433487,0.0008339219493791,64,45823.0,3.308246406268453e+18,6006118912,66649088,16,2.1670099238187872e-06,6003097600.0,3.308246406268453e+18,45823.0,1.6607525390062758,1.6771030747189692,bin_2
config_127,384,23,16,0.1042278259992599,0.9660692811012268,0.9556037187576294,0.1303469985723495,2.730642518145032e-05,128,60406.0,9.138144085543748e+18,15835126784,60022272,16,2.730642518145032e-05,1599078400.0,9.206824637390202e+17,6086.0,2.6342620747988343,2.662195416044016,bin_3
config_127,384,23,16,0.1042278259992599,0.9660692811012268,0.9556037187576294,0.1303469985723495,2.730642518145032e-05,128,60406.0,9.138144085543748e+18,15835126784,60022272,16,2.730642518145032e-05,3185049600.0,1.84121364872948e+18,12171.0,2.228059762931261,2.251878819621977,bin_3
config_127,384,23,16,0.1042278259992599,0.9660692811012268,0.9556037187576294,0.1303469985723495,2.730642518145032e-05,128,60406.0,9.138144085543748e+18,15835126784,60022272,16,2.730642518145032e-05,4784128000.0,2.7618961124685e+18,18257.0,2.068496063380945,2.090230957054701,bin_3
config_127,384,23,16,0.1042278259992599,0.9660692811012268,0.9556037187576294,0.1303469985723495,2.730642518145032e-05,128,60406.0,9.138144085543748e+18,15835126784,60022272,16,2.730642518145032e-05,6383206400.0,3.68242729745896e+18,24342.0,1.9816731423237284,2.0030620458086985,bin_3
config_127,384,23,16,0.1042278259992599,0.9660692811012268,0.9556037187576294,0.1303469985723495,2.730642518145032e-05,128,60406.0,9.138144085543748e+18,15835126784,60022272,16,2.730642518145032e-05,7982284800.0,4.60310976119798e+18,30428.0,1.927087037602409,1.9479846500959552,bin_3
config_127,384,23,16,0.1042278259992599,0.9660692811012268,0.9556037187576294,0.1303469985723495,2.730642518145032e-05,128,60406.0,9.138144085543748e+18,15835126784,60022272,16,2.730642518145032e-05,9568256000.0,5.523792224937e+18,36514.0,1.8877130694076665,1.909473298260423,bin_3
config_127,384,23,16,0.1042278259992599,0.9660692811012268,0.9556037187576294,0.1303469985723495,2.730642518145032e-05,128,60406.0,9.138144085543748e+18,15835126784,60022272,16,2.730642518145032e-05,11167334400.0,6.44432340992746e+18,42599.0,1.8584144206906927,1.879505172127583,bin_3
config_127,384,23,16,0.1042278259992599,0.9660692811012268,0.9556037187576294,0.1303469985723495,2.730642518145032e-05,128,60406.0,9.138144085543748e+18,15835126784,60022272,16,2.730642518145032e-05,12766412800.0,7.365005873666479e+18,48685.0,1.8363411312415951,1.8564751496862195,bin_3
config_127,384,23,16,0.1042278259992599,0.9660692811012268,0.9556037187576294,0.1303469985723495,2.730642518145032e-05,128,60406.0,9.138144085543748e+18,15835126784,60022272,16,1.9617063486127656e-05,14352384000.0,8.285537058656939e+18,54770.0,1.8133135678729075,1.8322218207062269,bin_3
config_127,384,23,16,0.1042278259992599,0.9660692811012268,0.9556037187576294,0.1303469985723495,2.730642518145032e-05,128,60406.0,9.138144085543748e+18,15835126784,60022272,16,2.081018050154764e-08,15833497600.0,9.138144085543748e+18,60406.0,1.7918420689614092,1.8103465785354864,bin_3
config_128,1024,19,16,0.0302694085985422,0.8174729347229004,0.9236218929290771,0.2408254295587539,0.0002982383302878,64,29732.0,8.773933395442926e+18,3897120256,295579648,8,0.0002982383302878,1592524800.0,3.591670367144351e+18,12171.0,1.7227639848091565,1.7410496790291834,bin_3
config_128,1024,19,16,0.0302694085985422,0.8174729347229004,0.9236218929290771,0.2408254295587539,0.0002982383302878,64,29732.0,8.773933395442926e+18,3897120256,295579648,8,0.0002241785884929,3191603200.0,7.183340734288702e+18,24342.0,1.6302842591629654,1.6476397669510765,bin_3
config_128,1024,19,16,0.0302694085985422,0.8174729347229004,0.9236218929290771,0.2408254295587539,0.0002982383302878,64,29732.0,8.773933395442926e+18,3897120256,295579648,8,1.3329087387167022e-06,3892838400.0,8.773933395442926e+18,29732.0,1.5660907311419971,1.582336216754601,bin_3
config_129,896,23,8,0.0045051523484289,0.9197020530700684,0.9563891887664796,0.136887639760971,0.0002345518587389,64,11066.0,3.1469122125100155e+18,1450509184,277218816,8,0.0002345518587389,727449600.0,1.5734561062550075e+18,5533.0,1.8152002261197069,1.834440807261995,bin_2
config_129,896,23,8,0.0045051523484289,0.9197020530700684,0.9563891887664796,0.136887639760971,0.0002345518587389,64,11066.0,3.1469122125100155e+18,1450509184,277218816,8,2.478751479408146e-06,1448345600.0,3.1469122125100155e+18,11066.0,1.6667980675063734,1.6842986214261435,bin_2
config_13,512,17,16,0.0077903103083372,0.8364718556404114,0.9210257530212402,0.1558320522308349,0.0003470052033662,64,51561.0,4.838694406987973e+18,6758298624,83693568,16,0.0003470052033662,1592524800.0,1.1421762500232852e+18,12171.0,1.8199601849876736,1.8385526601721456,bin_3
config_13,512,17,16,0.0077903103083372,0.8364718556404114,0.9210257530212402,0.1558320522308349,0.0003470052033662,64,51561.0,4.838694406987973e+18,6758298624,83693568,16,0.0003470052033662,3191603200.0,2.2843525000465705e+18,24342.0,1.75041654402581,1.7685464756227154,bin_3
config_13,512,17,16,0.0077903103083372,0.8364718556404114,0.9210257530212402,0.1558320522308349,0.0003470052033662,64,51561.0,4.838694406987973e+18,6758298624,83693568,16,0.0003470052033662,4784128000.0,3.4266225941459405e+18,36514.0,1.7238349309487289,1.7402544025293465,bin_3
config_13,512,17,16,0.0077903103083372,0.8364718556404114,0.9210257530212402,0.1558320522308349,0.0003470052033662,64,51561.0,4.838694406987973e+18,6758298624,83693568,16,0.0001235725525057,6383206400.0,4.5687988441692257e+18,48685.0,1.665062126009182,1.680607610504989,bin_3
config_13,512,17,16,0.0077903103083372,0.8364718556404114,0.9210257530212402,0.1558320522308349,0.0003470052033662,64,51561.0,4.838694406987973e+18,6758298624,83693568,16,4.751129246986698e-07,6756761600.0,4.838694406987973e+18,51561.0,1.6436853906116695,1.6590502277493635,bin_3
config_130,256,4,4,0.0314527750015258,0.9241002202033995,0.9116182923316956,0.2847696542739868,8.906439325073734e-05,64,72640.0,1.1695644223309087e+18,9521153024,16281088,16,8.906439325073734e-05,1592524800.0,1.95963223901287e+17,12171.0,2.2192750176671536,2.2425036636383893,bin_1
config_130,256,4,4,0.0314527750015258,0.9241002202033995,0.9116182923316956,0.2847696542739868,8.906439325073734e-05,64,72640.0,1.1695644223309087e+18,9521153024,16281088,16,8.906439325073734e-05,3191603200.0,3.91926447802574e+17,24342.0,2.088634954673294,2.111204022045261,bin_1
config_130,256,4,4,0.0314527750015258,0.9241002202033995,0.9116182923316956,0.2847696542739868,8.906439325073734e-05,64,72640.0,1.1695644223309087e+18,9521153024,16281088,16,8.906439325073734e-05,4784128000.0,5.879057725356663e+17,36514.0,2.0431553355711034,2.064273001121138,bin_1
config_130,256,4,4,0.0314527750015258,0.9241002202033995,0.9116182923316956,0.2847696542739868,8.906439325073734e-05,64,72640.0,1.1695644223309087e+18,9521153024,16281088,16,8.906439325073734e-05,6383206400.0,7.838689964369532e+17,48685.0,2.0183807840050845,2.0392222916251748,bin_1
config_130,256,4,4,0.0314527750015258,0.9241002202033995,0.9116182923316956,0.2847696542739868,8.906439325073734e-05,64,72640.0,1.1695644223309087e+18,9521153024,16281088,16,5.076476656641011e-05,7975731200.0,9.798322203382404e+17,60856.0,1.9943154813498,2.014842378118892,bin_1
config_130,256,4,4,0.0314527750015258,0.9241002202033995,0.9116182923316956,0.2847696542739868,8.906439325073734e-05,64,72640.0,1.1695644223309087e+18,9521153024,16281088,16,1.7222991201496106e-07,9515827200.0,1.1695644223309087e+18,72640.0,1.975528776586424,1.9967008007901428,bin_1
config_131,896,16,8,0.1204774156212806,0.9701463580131532,0.9962975978851318,0.157887578010559,4.5667682570638135e-05,64,7924.0,1.653042323649282e+18,1038672704,206558464,8,4.5667682570638135e-05,517734400.0,8.26521161824641e+17,3962.0,2.118742009814569,2.140476282788076,bin_2
config_131,896,16,8,0.1204774156212806,0.9701463580131532,0.9962975978851318,0.157887578010559,4.5667682570638135e-05,64,7924.0,1.653042323649282e+18,1038672704,206558464,8,8.761186104678725e-07,1035468800.0,1.653042323649282e+18,7924.0,1.9094116517455693,1.9292131064237643,bin_2
config_132,704,14,22,0.0050299628637731,0.8600471615791321,0.9746368527412416,0.2417212277650833,0.0002583976020105,128,53984.0,1.3931685170234524e+19,14151749632,123725184,8,0.0002583976020105,1599078400.0,1.5706178857818486e+18,6086.0,1.8127073079445324,1.832515418881276,bin_3
config_132,704,14,22,0.0050299628637731,0.8600471615791321,0.9746368527412416,0.2417212277650833,0.0002583976020105,128,53984.0,1.3931685170234524e+19,14151749632,123725184,8,0.0002583976020105,3185049600.0,3.1409777009285043e+18,12171.0,1.7023793584987763,1.7212556504616972,bin_3
config_132,704,14,22,0.0050299628637731,0.8600471615791321,0.9746368527412416,0.2417212277650833,0.0002583976020105,128,53984.0,1.3931685170234524e+19,14151749632,123725184,8,0.0002583976020105,4784128000.0,4.711595586710353e+18,18257.0,1.6554804337220117,1.672429141724696,bin_3
config_132,704,14,22,0.0050299628637731,0.8600471615791321,0.9746368527412416,0.2417212277650833,0.0002583976020105,128,53984.0,1.3931685170234524e+19,14151749632,123725184,8,0.0002583976020105,6383206400.0,6.281955401857009e+18,24342.0,1.6281776416888003,1.6444623390768396,bin_3
config_132,704,14,22,0.0050299628637731,0.8600471615791321,0.9746368527412416,0.2417212277650833,0.0002583976020105,128,53984.0,1.3931685170234524e+19,14151749632,123725184,8,0.0002583976020105,7982284800.0,7.852573287638858e+18,30428.0,1.6095311366534624,1.6257288812809303,bin_3
config_132,704,14,22,0.0050299628637731,0.8600471615791321,0.9746368527412416,0.2417212277650833,0.0002583976020105,128,53984.0,1.3931685170234524e+19,14151749632,123725184,8,0.0002583976020105,9568256000.0,9.423191173420706e+18,36514.0,1.594645571513254,1.6104873232177046,bin_3
config_132,704,14,22,0.0050299628637731,0.8600471615791321,0.9746368527412416,0.2417212277650833,0.0002583976020105,128,53984.0,1.3931685170234524e+19,14151749632,123725184,8,0.000225427105624,11167334400.0,1.0993550988567362e+19,42599.0,1.5787521721691382,1.5941730846537918,bin_3
config_132,704,14,22,0.0050299628637731,0.8600471615791321,0.9746368527412416,0.2417212277650833,0.0002583976020105,128,53984.0,1.3931685170234524e+19,14151749632,123725184,8,0.0001046342960398,12766412800.0,1.2564168874349212e+19,48685.0,1.5511572661165332,1.5662433183193207,bin_3
config_132,704,14,22,0.0050299628637731,0.8600471615791321,0.9746368527412416,0.2417212277650833,0.0002583976020105,128,53984.0,1.3931685170234524e+19,14151749632,123725184,8,6.732713976824022e-07,14142668800.0,1.3931685170234524e+19,53984.0,1.5338315724544838,1.547806964878176,bin_3
config_134,1024,5,16,0.0203004758805036,0.92259681224823,0.9090343713760376,0.1144875958561897,0.0013346225023269,32,12810.0,6.884882572439716e+17,839535168,115720192,16,0.0013346225023269,419430400.0,3.442441286219858e+17,6405.0,2.023989027520714,2.0453282567773927,bin_1
config_134,1024,5,16,0.0203004758805036,0.92259681224823,0.9090343713760376,0.1144875958561897,0.0013346225023269,32,12810.0,6.884882572439716e+17,839535168,115720192,16,9.10383698722356e-06,838860800.0,6.884882572439716e+17,12810.0,1.8432305422035629,1.8614612691130747,bin_1
config_135,896,11,16,0.0449550673365592,0.9500080943107604,0.9579784870147704,0.2993337213993072,0.000137306182296,64,35254.0,5.446325124812243e+18,4620941312,156086784,8,0.000137306182296,1592524800.0,1.8802752338483525e+18,12171.0,1.7782362795358846,1.7967542866791464,bin_3
config_135,896,11,16,0.0449550673365592,0.9500080943107604,0.9579784870147704,0.2993337213993072,0.000137306182296,64,35254.0,5.446325124812243e+18,4620941312,156086784,8,0.000137306182296,3191603200.0,3.760550467696705e+18,24342.0,1.6880732429654108,1.7055959822796614,bin_3
config_135,896,11,16,0.0449550673365592,0.9500080943107604,0.9579784870147704,0.2993337213993072,0.000137306182296,64,35254.0,5.446325124812243e+18,4620941312,156086784,8,5.204934886126602e-08,4620288000.0,5.446325124812243e+18,35254.0,1.610162923906704,1.626078359093668,bin_3
config_136,704,13,16,0.0011003592517226,0.8739659786224365,0.9722180366516112,0.1181619316339492,0.0006436887779273,128,54820.0,1.3354950531931177e+19,14370961408,117415936,16,0.0006436887779273,1599078400.0,1.4826382513194662e+18,6086.0,1.765093429909378,1.784022029736003,bin_3
config_136,704,13,16,0.0011003592517226,0.8739659786224365,0.9722180366516112,0.1181619316339492,0.0006436887779273,128,54820.0,1.3354950531931177e+19,14370961408,117415936,16,0.0006436887779273,3185049600.0,2.965032888072498e+18,12171.0,1.6713867038195251,1.6896066600377442,bin_3
config_136,704,13,16,0.0011003592517226,0.8739659786224365,0.9722180366516112,0.1181619316339492,0.0006436887779273,128,54820.0,1.3354950531931177e+19,14370961408,117415936,16,0.0006436887779273,4784128000.0,4.4476711393919647e+18,18257.0,1.6335750664648463,1.650053487879331,bin_3
config_136,704,13,16,0.0011003592517226,0.8739659786224365,0.9722180366516112,0.1181619316339492,0.0006436887779273,128,54820.0,1.3354950531931177e+19,14370961408,117415936,16,0.0006436887779273,6383206400.0,5.930065776144996e+18,24342.0,1.611157715359672,1.627302480603828,bin_3
config_136,704,13,16,0.0011003592517226,0.8739659786224365,0.9722180366516112,0.1181619316339492,0.0006436887779273,128,54820.0,1.3354950531931177e+19,14370961408,117415936,16,0.0006436887779273,7982284800.0,7.412704027464462e+18,30428.0,1.5955152169993667,1.6112919261416452,bin_3
config_136,704,13,16,0.0011003592517226,0.8739659786224365,0.9722180366516112,0.1181619316339492,0.0006436887779273,128,54820.0,1.3354950531931177e+19,14370961408,117415936,16,0.0006436887779273,9568256000.0,8.895342278783929e+18,36514.0,1.5819116853495112,1.5985176490173965,bin_3
config_136,704,13,16,0.0011003592517226,0.8739659786224365,0.9722180366516112,0.1181619316339492,0.0006436887779273,128,54820.0,1.3354950531931177e+19,14370961408,117415936,16,0.0006436887779273,11167334400.0,1.0377736915536962e+19,42599.0,1.573309591559113,1.589213499241188,bin_3
config_136,704,13,16,0.0011003592517226,0.8739659786224365,0.9722180366516112,0.1181619316339492,0.0006436887779273,128,54820.0,1.3354950531931177e+19,14370961408,117415936,16,0.0006082098689076,12766412800.0,1.1860375166856428e+19,48685.0,1.5645090236820158,1.5799574065990136,bin_3
config_136,704,13,16,0.0011003592517226,0.8739659786224365,0.9722180366516112,0.1181619316339492,0.0006436887779273,128,54820.0,1.3354950531931177e+19,14370961408,117415936,16,6.956648827375527e-06,14352384000.0,1.334276980360946e+19,54770.0,1.5254868767300591,1.5386184761172434,bin_3
config_136,704,13,16,0.0011003592517226,0.8739659786224365,0.9722180366516112,0.1181619316339492,0.0006436887779273,128,54820.0,1.3354950531931177e+19,14370961408,117415936,16,1.98761395067866e-06,14365491200.0,1.3354950531931177e+19,54820.0,1.5254588417147026,1.5385831894640063,bin_3
config_137,640,11,20,0.0377118177711963,0.9578600525856018,0.9398182034492492,0.1110697239637374,1.040064944390906e-05,32,5331.0,2.4504339312218112e+17,349415392,88061440,16,1.040064944390906e-05,173670400.0,1.2249871368797837e+17,2665.0,3.1524161513592035,3.184636499530784,bin_0
config_137,640,11,20,0.0377118177711963,0.9578600525856018,0.9398182034492492,0.1110697239637374,1.040064944390906e-05,32,5331.0,2.4504339312218112e+17,349415392,88061440,16,5.446286026371298e-07,347340800.0,2.4504339312218112e+17,5331.0,2.9061325230889103,2.93544430258938,bin_0
config_139,1152,13,24,0.0069242739118635,0.838340163230896,0.9293854832649232,0.212120771408081,4.95075510116294e-05,128,47354.0,2.4302744578512912e+19,12413710336,264978432,8,4.95075510116294e-05,1599078400.0,3.123421537881268e+18,6086.0,1.944879301805965,1.9658408160287824,bin_3
config_139,1152,13,24,0.0069242739118635,0.838340163230896,0.9293854832649232,0.212120771408081,4.95075510116294e-05,128,47354.0,2.4302744578512912e+19,12413710336,264978432,8,4.95075510116294e-05,3185049600.0,6.246329861576227e+18,12171.0,1.7795610802095445,1.798833862269511,bin_3
config_139,1152,13,24,0.0069242739118635,0.838340163230896,0.9293854832649232,0.212120771408081,4.95075510116294e-05,128,47354.0,2.4302744578512912e+19,12413710336,264978432,8,4.95075510116294e-05,4784128000.0,9.369751399457495e+18,18257.0,1.7098906335478925,1.726576503867009,bin_3
config_139,1152,13,24,0.0069242739118635,0.838340163230896,0.9293854832649232,0.212120771408081,4.95075510116294e-05,128,47354.0,2.4302744578512912e+19,12413710336,264978432,8,4.95075510116294e-05,6383206400.0,1.2492659723152454e+19,24342.0,1.6673390282177534,1.683613126258381,bin_3
config_139,1152,13,24,0.0069242739118635,0.838340163230896,0.9293854832649232,0.212120771408081,4.95075510116294e-05,128,47354.0,2.4302744578512912e+19,12413710336,264978432,8,4.95075510116294e-05,7982284800.0,1.5616081261033724e+19,30428.0,1.63741195913221,1.6532812279951377,bin_3
config_139,1152,13,24,0.0069242739118635,0.838340163230896,0.9293854832649232,0.212120771408081,4.95075510116294e-05,128,47354.0,2.4302744578512912e+19,12413710336,264978432,8,4.95075510116294e-05,9568256000.0,1.8739502798914994e+19,36514.0,1.6146379796012502,1.6299076342191852,bin_3
config_139,1152,13,24,0.0069242739118635,0.838340163230896,0.9293854832649232,0.212120771408081,4.95075510116294e-05,128,47354.0,2.4302744578512912e+19,12413710336,264978432,8,2.343278549475171e-05,11167334400.0,2.186241112260995e+19,42599.0,1.5825374441654956,1.5972921692152493,bin_3
config_139,1152,13,24,0.0069242739118635,0.838340163230896,0.9293854832649232,0.212120771408081,4.95075510116294e-05,128,47354.0,2.4302744578512912e+19,12413710336,264978432,8,1.97162688218364e-08,12412518400.0,2.4302744578512912e+19,47354.0,1.5648159172886709,1.5794747086626584,bin_3
config_14,256,16,16,0.0269946958869695,0.860435962677002,0.9427583813667296,0.0423292107880115,0.0002349194401176,64,19182.0,6.528936458508042e+17,2514246144,26510848,16,0.0002349194401176,1592524800.0,4.142617330648597e+17,12171.0,1.973507345973287,1.9946140247446933,bin_1
config_14,256,16,16,0.0269946958869695,0.860435962677002,0.9427583813667296,0.0423292107880115,0.0002349194401176,64,19182.0,6.528936458508042e+17,2514246144,26510848,16,9.269324394285152e-06,2510028800.0,6.528936458508042e+17,19182.0,1.88754202012802,1.9076201205052403,bin_1
config_140,704,18,16,0.0034730962943285,0.9060853123664856,0.9462706446647644,0.2942233085632324,3.637058398453519e-05,128,40908.0,1.2922899703387914e+19,10724007936,148962176,8,3.637058398453519e-05,1599078400.0,1.92257669880754e+18,6086.0,2.126814425538798,2.149145905697932,bin_3
config_140,704,18,16,0.0034730962943285,0.9060853123664856,0.9462706446647644,0.2942233085632324,3.637058398453519e-05,128,40908.0,1.2922899703387914e+19,10724007936,148962176,8,3.637058398453519e-05,3185049600.0,3.844837496087179e+18,12171.0,1.9017973970585185,1.922469544430248,bin_3
config_140,704,18,16,0.0034730962943285,0.9060853123664856,0.9462706446647644,0.2942233085632324,3.637058398453519e-05,128,40908.0,1.2922899703387914e+19,10724007936,148962176,8,3.637058398453519e-05,4784128000.0,5.767414194894718e+18,18257.0,1.8139428348033155,1.8308606950376856,bin_3
config_140,704,18,16,0.0034730962943285,0.9060853123664856,0.9462706446647644,0.2942233085632324,3.637058398453519e-05,128,40908.0,1.2922899703387914e+19,10724007936,148962176,8,3.637058398453519e-05,6383206400.0,7.689674992174358e+18,24342.0,1.761539320261752,1.778338288557334,bin_3
config_140,704,18,16,0.0034730962943285,0.9060853123664856,0.9462706446647644,0.2942233085632324,3.637058398453519e-05,128,40908.0,1.2922899703387914e+19,10724007936,148962176,8,3.160215747011208e-05,7982284800.0,9.612251690981898e+18,30428.0,1.7233305050896817,1.7400381396051312,bin_3
config_140,704,18,16,0.0034730962943285,0.9060853123664856,0.9462706446647644,0.2942233085632324,3.637058398453519e-05,128,40908.0,1.2922899703387914e+19,10724007936,148962176,8,1.3320167348274437e-05,9568256000.0,1.1534828389789436e+19,36514.0,1.6879053039042675,1.7053670027216927,bin_3
config_140,704,18,16,0.0034730962943285,0.9060853123664856,0.9462706446647644,0.2942233085632324,3.637058398453519e-05,128,40908.0,1.2922899703387914e+19,10724007936,148962176,8,2.4174532392517678e-08,10721689600.0,1.2922899703387914e+19,40908.0,1.6743395567526582,1.6915172454177356,bin_3
config_142,640,22,10,0.004982475657016,0.947515904903412,0.9088433384895324,0.2068767696619033,0.0004552711907308,32,4789.0,3.7961248055808e+17,313852000,143944960,8,0.0004552711907308,157286400.0,1.8976660648487024e+17,2394.0,2.2457389866621944,2.268742862573029,bin_0
config_142,640,22,10,0.004982475657016,0.947515904903412,0.9088433384895324,0.2068767696619033,0.0004552711907308,32,4789.0,3.7961248055808e+17,313852000,143944960,8,1.7934925695457945e-05,311296000.0,3.7961248055808e+17,4789.0,1.9853039980921905,2.005757874111056,bin_0
config_143,832,7,16,0.0075609101913869,0.955179750919342,0.9478598833084106,0.2773872911930084,0.0002514373336452,64,27633.0,2.7235260828544205e+18,3621999360,101480704,16,0.0002514373336452,1592524800.0,1.1995815132059912e+18,12171.0,1.7884189288622236,1.806713539613892,bin_2
config_143,832,7,16,0.0075609101913869,0.955179750919342,0.9478598833084106,0.2773872911930084,0.0002514373336452,64,27633.0,2.7235260828544205e+18,3621999360,101480704,16,0.0001076932506663,3191603200.0,2.3991630264119823e+18,24342.0,1.6850830688019522,1.7021589232262555,bin_2
config_143,832,7,16,0.0075609101913869,0.955179750919342,0.9478598833084106,0.2773872911930084,0.0002514373336452,64,27633.0,2.7235260828544205e+18,3621999360,101480704,16,1.0825090685316469e-06,3617587200.0,2.7235260828544205e+18,27633.0,1.6585222212729362,1.6753502478773532,bin_2
config_144,832,9,16,0.0013798149302601,0.9733240008354188,0.9633411169052124,0.2119512259960174,0.000199927992071,32,12052.0,7.069976145102275e+17,789879168,118523392,16,0.000199927992071,396492800.0,3.534988072551137e+17,6026.0,1.972375163156868,1.992547358415108,bin_1
config_144,832,9,16,0.0013798149302601,0.9733240008354188,0.9633411169052124,0.2119512259960174,0.000199927992071,32,12052.0,7.069976145102275e+17,789879168,118523392,16,1.565606829060447e-07,789708800.0,7.069976145102275e+17,12052.0,1.8040425251188683,1.821838771319083,bin_1
config_145,512,13,8,0.0012072670506313,0.9570940732955932,0.9803966283798218,0.2242175787687301,0.0001036573958117,32,14001.0,5.357544576671416e+17,917634752,70057984,16,0.0001036573958117,458752000.0,2.678580961124199e+17,7000.0,2.065957723461855,2.087378431078716,bin_0
config_145,512,13,8,0.0012072670506313,0.9570940732955932,0.9803966283798218,0.2242175787687301,0.0001036573958117,32,14001.0,5.357544576671416e+17,917634752,70057984,16,3.30224261904259e-08,917504000.0,5.357544576671416e+17,14001.0,1.894562973525678,1.913933694551668,bin_0
config_146,512,6,16,0.0957846716046333,0.806829571723938,0.9084144830703736,0.1919735223054886,5.182906534173526e-05,32,4260.0,9.84715465728983e+16,279247488,46195712,16,5.182906534173526e-05,140902400.0,4.923577328644915e+16,2130.0,2.853143442441897,2.881890873548112,bin_0
config_146,512,6,16,0.0957846716046333,0.806829571723938,0.9084144830703736,0.1919735223054886,5.182906534173526e-05,32,4260.0,9.84715465728983e+16,279247488,46195712,16,6.343826847213558e-07,278528000.0,9.84715465728983e+16,4260.0,2.6448628621590538,2.671808368295253,bin_0
config_147,768,15,24,0.0042094280943274,0.8424946069717407,0.9508960247039796,0.0239343177527189,0.0025765285827219,128,39883.0,1.2042325546660528e+19,10455205888,144804864,8,0.0025765285827219,1599078400.0,1.8376148553763756e+18,6086.0,1.7187773814357694,1.7364965199642497,bin_3
config_147,768,15,24,0.0042094280943274,0.8424946069717407,0.9508960247039796,0.0239343177527189,0.0025765285827219,128,39883.0,1.2042325546660528e+19,10455205888,144804864,8,0.0025765285827219,3185049600.0,3.674927769435732e+18,12171.0,1.6444205824273532,1.6624751709523748,bin_3
config_147,768,15,24,0.0042094280943274,0.8424946069717407,0.9508960247039796,0.0239343177527189,0.0025765285827219,128,39883.0,1.2042325546660528e+19,10455205888,144804864,8,0.0025765285827219,4784128000.0,5.512542624812107e+18,18257.0,1.6140280790602577,1.629235442075573,bin_3
config_147,768,15,24,0.0042094280943274,0.8424946069717407,0.9508960247039796,0.0239343177527189,0.0025765285827219,128,39883.0,1.2042325546660528e+19,10455205888,144804864,8,0.0025765285827219,6383206400.0,7.349855538871464e+18,24342.0,1.594505631630538,1.6095000765362724,bin_3
config_147,768,15,24,0.0042094280943274,0.8424946069717407,0.9508960247039796,0.0239343177527189,0.0025765285827219,128,39883.0,1.2042325546660528e+19,10455205888,144804864,8,0.0025765285827219,7982284800.0,9.18747039424784e+18,30428.0,1.5805524077767232,1.595803098717674,bin_3
config_147,768,15,24,0.0042094280943274,0.8424946069717407,0.9508960247039796,0.0239343177527189,0.0025765285827219,128,39883.0,1.2042325546660528e+19,10455205888,144804864,8,0.0025765285827219,9568256000.0,1.1025085249624214e+19,36514.0,1.5710721037231508,1.5852235733876463,bin_3
config_147,768,15,24,0.0042094280943274,0.8424946069717407,0.9508960247039796,0.0239343177527189,0.0025765285827219,128,39883.0,1.2042325546660528e+19,10455205888,144804864,8,8.912520254698549e-05,10446438400.0,1.2042325546660528e+19,39883.0,1.530611944882596,1.5444577621631934,bin_3
config_148,768,24,6,0.0010892336722463,0.8342776894569397,0.9559993147850036,0.124794878065586,0.0006141236517578,32,12737.0,1.4222894254586266e+18,834737088,208519680,8,0.0006141236517578,416153600.0,7.110888797456649e+17,6368.0,1.9211985856485492,1.94005333285871,bin_1
config_148,768,24,6,0.0010892336722463,0.8342776894569397,0.9559993147850036,0.124794878065586,0.0006141236517578,32,12737.0,1.4222894254586266e+18,834737088,208519680,8,1.4299921406570135e-05,832307200.0,1.4222894254586266e+18,12737.0,1.748129496251649,1.765124737554077,bin_1
config_15,1152,16,16,0.1281783431768417,0.8709485530853271,0.9239434599876404,0.1199620142579078,0.0001739525905577,64,8572.0,2.617362384757162e+18,1123657856,312761088,8,0.0001739525905577,563609600.0,1.308681192378581e+18,4286.0,1.8890113858496316,1.909072817005198,bin_2
config_15,1152,16,16,0.1281783431768417,0.8709485530853271,0.9239434599876404,0.1199620142579078,0.0001739525905577,64,8572.0,2.617362384757162e+18,1123657856,312761088,8,3.722720809601598e-06,1120665600.0,2.617362384757162e+18,8572.0,1.7237630352350743,1.742096397006362,bin_2
config_150,768,9,12,0.0257197842001914,0.8373668789863586,0.9811001420021056,0.098066858947277,9.669139399193229e-05,32,8614.0,4.4245995090886656e+17,564540992,102328320,16,9.669139399193229e-05,281804800.0,2.2122997545443328e+17,4307.0,2.157970175586763,2.17968015995182,bin_0
config_150,768,9,12,0.0257197842001914,0.8373668789863586,0.9811001420021056,0.098066858947277,9.669139399193229e-05,32,8614.0,4.4245995090886656e+17,564540992,102328320,16,1.6038856823306357e-06,563609600.0,4.4245995090886656e+17,8614.0,1.9505544801618235,1.97101288115392,bin_0
config_151,704,9,8,0.0990390032529831,0.9255010485649108,0.9917033314704896,0.1366190612316131,0.0006168645923025,64,7977.0,7.410789989838766e+17,1045677632,92178944,16,0.0006168645923025,524288000.0,3.704930485079228e+17,3988.0,1.889807921198548,1.9089354583474456,bin_1
config_151,704,9,8,0.0990390032529831,0.9255010485649108,0.9917033314704896,0.1366190612316131,0.0006168645923025,64,7977.0,7.410789989838766e+17,1045677632,92178944,16,1.5294163445518844e-05,1042022400.0,7.410789989838766e+17,7977.0,1.7369555700802413,1.7556605185837042,bin_1
config_152,1152,17,24,0.0105846812948584,0.8561805486679077,0.9279930591583252,0.036378264427185,0.0075398376211524,64,34296.0,1.102794553529834e+19,4495355904,328688640,8,0.0075398376211524,1592524800.0,3.913608733091792e+18,12171.0,3.261331171989441,3.2950021638635727,bin_3
config_152,1152,17,24,0.0105846812948584,0.8561805486679077,0.9279930591583252,0.036378264427185,0.0075398376211524,64,34296.0,1.102794553529834e+19,4495355904,328688640,8,0.0075398376211524,3191603200.0,7.827217466183583e+18,24342.0,3.194074118489125,3.2258072028785456,bin_3
config_152,1152,17,24,0.0105846812948584,0.8561805486679077,0.9279930591583252,0.036378264427185,0.0075398376211524,64,34296.0,1.102794553529834e+19,4495355904,328688640,8,0.0002781335449663,4489216000.0,1.102794553529834e+19,34296.0,3.0739690260808974,3.105610683511515,bin_3
config_153,1088,6,16,0.0712016299366951,0.8973424434661865,0.9398059844970704,0.1634277701377868,0.0018737084465101,64,74638.0,9.9793427164315e+18,9782980608,143287424,16,0.0018737084465101,1592524800.0,1.6273021812171786e+18,12171.0,1.7858240363246105,1.804758940290232,bin_3
config_153,1088,6,16,0.0712016299366951,0.8973424434661865,0.9398059844970704,0.1634277701377868,0.0018737084465101,64,74638.0,9.9793427164315e+18,9782980608,143287424,16,0.0018737084465101,3191603200.0,3.254604362434357e+18,24342.0,1.741494677105888,1.7598806836956835,bin_3
config_153,1088,6,16,0.0712016299366951,0.8973424434661865,0.9398059844970704,0.1634277701377868,0.0018737084465101,64,74638.0,9.9793427164315e+18,9782980608,143287424,16,0.0018737084465101,4784128000.0,4.882040246895412e+18,36514.0,1.727467947983351,1.744895767149378,bin_3
config_153,1088,6,16,0.0712016299366951,0.8973424434661865,0.9398059844970704,0.1634277701377868,0.0018737084465101,64,74638.0,9.9793427164315e+18,9782980608,143287424,16,0.0018737084465101,6383206400.0,6.509342428112591e+18,48685.0,1.7197636362763702,1.7357955542548755,bin_3
config_153,1088,6,16,0.0712016299366951,0.8973424434661865,0.9398059844970704,0.1634277701377868,0.0018737084465101,64,74638.0,9.9793427164315e+18,9782980608,143287424,16,0.0018737084465101,7975731200.0,8.136644609329769e+18,60856.0,1.7164816477259652,1.7331998525291192,bin_3
config_153,1088,6,16,0.0712016299366951,0.8973424434661865,0.9398059844970704,0.1634277701377868,0.0018737084465101,64,74638.0,9.9793427164315e+18,9782980608,143287424,16,0.0002439492508861,9574809600.0,9.763946790546948e+18,73027.0,1.5858149111466329,1.599902548711808,bin_3
config_153,1088,6,16,0.0712016299366951,0.8973424434661865,0.9398059844970704,0.1634277701377868,0.0018737084465101,64,74638.0,9.9793427164315e+18,9782980608,143287424,16,5.837576532539664e-06,9777971200.0,9.9793427164315e+18,74638.0,1.566627549812442,1.5805516481790387,bin_3
config_154,640,10,20,0.0161739960312843,0.9487506747245787,0.9566959738731384,0.2890935838222503,9.53442431637086e-05,64,22506.0,1.932485669636014e+18,2949943296,82981120,16,9.53442431637086e-05,1592524800.0,1.0450672303003612e+18,12171.0,1.8779456246876325,1.898514173968893,bin_2
config_154,640,10,20,0.0161739960312843,0.9487506747245787,0.9566959738731384,0.2890935838222503,9.53442431637086e-05,64,22506.0,1.932485669636014e+18,2949943296,82981120,16,8.792890546914675e-08,2949120000.0,1.932485669636014e+18,22506.0,1.7651834141621825,1.7841463733501122,bin_2
config_155,384,7,6,0.0993761494755745,0.8123986124992371,0.9582383036613464,0.1867299973964691,0.0001412643323419,32,13357.0,2.2429634152660992e+17,875417856,31698432,16,0.0001412643323419,439091200.0,1.1213977455376963e+17,6678.0,2.1692754364013678,2.190519536557745,bin_0
config_155,384,7,6,0.0993761494755745,0.8123986124992371,0.9582383036613464,0.1867299973964691,0.0001412643323419,32,13357.0,2.2429634152660992e+17,875417856,31698432,16,3.964917106630728e-07,874905600.0,2.2429634152660992e+17,13357.0,2.001776912251457,2.0230866311417253,bin_0
config_156,1088,8,8,0.0258137267082929,0.9728651642799376,0.926228642463684,0.2195684760808944,0.0004361973551567,128,53420.0,1.751462237437467e+19,14003934208,172815744,16,0.0004361973551567,1599078400.0,1.995394829098545e+18,6086.0,1.748906388673626,1.7674727612636127,bin_3
config_156,1088,8,8,0.0258137267082929,0.9728651642799376,0.926228642463684,0.2195684760808944,0.0004361973551567,128,53420.0,1.751462237437467e+19,14003934208,172815744,16,0.0004361973551567,3185049600.0,3.990461791810448e+18,12171.0,1.6563933130952178,1.6740655551582089,bin_3
config_156,1088,8,8,0.0258137267082929,0.9728651642799376,0.926228642463684,0.2195684760808944,0.0004361973551567,128,53420.0,1.751462237437467e+19,14003934208,172815744,16,0.0004361973551567,4784128000.0,5.985856620908991e+18,18257.0,1.6166972900609502,1.6334601217801454,bin_3
config_156,1088,8,8,0.0258137267082929,0.9728651642799376,0.926228642463684,0.2195684760808944,0.0004361973551567,128,53420.0,1.751462237437467e+19,14003934208,172815744,16,0.0004361973551567,6383206400.0,7.980923583620896e+18,24342.0,1.5953745165809257,1.610724100128549,bin_3
config_156,1088,8,8,0.0258137267082929,0.9728651642799376,0.926228642463684,0.2195684760808944,0.0004361973551567,128,53420.0,1.751462237437467e+19,14003934208,172815744,16,0.0004361973551567,7982284800.0,9.97631841271944e+18,30428.0,1.5796245607782582,1.593876691020903,bin_3
config_156,1088,8,8,0.0258137267082929,0.9728651642799376,0.926228642463684,0.2195684760808944,0.0004361973551567,128,53420.0,1.751462237437467e+19,14003934208,172815744,16,0.0004361973551567,9568256000.0,1.1971713241817985e+19,36514.0,1.5651889174492633,1.5814885483804295,bin_3
config_156,1088,8,8,0.0258137267082929,0.9728651642799376,0.926228642463684,0.2195684760808944,0.0004361973551567,128,53420.0,1.751462237437467e+19,14003934208,172815744,16,0.000402391967158,11167334400.0,1.3966780204529887e+19,42599.0,1.552985194941036,1.5684124184827335,bin_3
config_156,1088,8,8,0.0258137267082929,0.9728651642799376,0.926228642463684,0.2195684760808944,0.0004361973551567,128,53420.0,1.751462237437467e+19,14003934208,172815744,16,0.0001755351280023,12766412800.0,1.5962175033628432e+19,48685.0,1.5174477255148966,1.532415979690239,bin_3
config_156,1088,8,8,0.0258137267082929,0.9728651642799376,0.926228642463684,0.2195684760808944,0.0004361973551567,128,53420.0,1.751462237437467e+19,14003934208,172815744,16,7.437929152643067e-07,13998489600.0,1.751462237437467e+19,53420.0,1.4982336536391836,1.5094326032966865,bin_3
config_157,704,10,22,0.0051104230806231,0.8986737728118896,0.9799457788467408,0.0035617949906736,6.420239515136927e-05,32,6358.0,3.1828535798339174e+17,416682688,98488192,16,6.420239515136927e-05,209715200.0,1.5914267899169587e+17,3179.0,2.467761115636982,2.4929806807002084,bin_0
config_157,704,10,22,0.0051104230806231,0.8986737728118896,0.9799457788467408,0.0035617949906736,6.420239515136927e-05,32,6358.0,3.1828535798339174e+17,416682688,98488192,16,2.334632550958883e-05,416153600.0,3.1828535798339174e+17,6358.0,2.168284499293468,2.19076670806916,bin_0
config_158,640,9,8,0.0026285052299499,0.8071402311325073,0.9234828352928162,0.0713945254683494,0.0017585569294169,64,14297.0,1.1410746200358912e+18,1874025472,77900800,16,0.0017585569294169,1592524800.0,9.713939428171526e+17,12171.0,1.798286054407964,1.8166801837233248,bin_1
config_158,640,9,8,0.0026285052299499,0.8071402311325073,0.9234828352928162,0.0713945254683494,0.0017585569294169,64,14297.0,1.1410746200358912e+18,1874025472,77900800,16,8.103154478685958e-05,1867776000.0,1.1410746200358912e+18,14297.0,1.7261671223405932,1.7441550186423005,bin_1
config_16,704,8,22,0.0021382959093898,0.9441627264022828,0.916120946407318,0.0944500789046287,0.0002752876898739,128,41875.0,7.174412678548685e+18,10977462272,85869696,16,0.0002752876898739,1599078400.0,1.0427098641587414e+18,6086.0,1.8329692285396024,1.8519767859078688,bin_3
config_16,704,8,22,0.0021382959093898,0.9441627264022828,0.916120946407318,0.0944500789046287,0.0002752876898739,128,41875.0,7.174412678548685e+18,10977462272,85869696,16,0.0002752876898739,3185049600.0,2.085248399059488e+18,12171.0,1.7387033501975633,1.7569552725242208,bin_3
config_16,704,8,22,0.0021382959093898,0.9441627264022828,0.916120946407318,0.0944500789046287,0.0002752876898739,128,41875.0,7.174412678548685e+18,10977462272,85869696,16,0.0002752876898739,4784128000.0,3.1279582632182287e+18,18257.0,1.6993155820696704,1.7157006893371087,bin_3
config_16,704,8,22,0.0021382959093898,0.9441627264022828,0.916120946407318,0.0944500789046287,0.0002752876898739,128,41875.0,7.174412678548685e+18,10977462272,85869696,16,0.0002752876898739,6383206400.0,4.170496798118976e+18,24342.0,1.676999597597946,1.692329016987583,bin_3
config_16,704,8,22,0.0021382959093898,0.9441627264022828,0.916120946407318,0.0944500789046287,0.0002752876898739,128,41875.0,7.174412678548685e+18,10977462272,85869696,16,0.0002752876898739,7982284800.0,5.213206662277717e+18,30428.0,1.6606666414797728,1.676328033180296,bin_3
config_16,704,8,22,0.0021382959093898,0.9441627264022828,0.916120946407318,0.0944500789046287,0.0002752876898739,128,41875.0,7.174412678548685e+18,10977462272,85869696,16,0.0002752876898739,9568256000.0,6.255916526436457e+18,36514.0,1.6483982204255572,1.6643035644663209,bin_3
config_16,704,8,22,0.0021382959093898,0.9441627264022828,0.916120946407318,0.0944500789046287,0.0002752876898739,128,41875.0,7.174412678548685e+18,10977462272,85869696,16,1.7401244619086277e-06,10970726400.0,7.174412678548685e+18,41875.0,1.6035096502481128,1.6178468345098314,bin_3
config_161,320,24,4,0.0245353486388921,0.8496823310852051,0.9062071442604064,0.2344718128442764,5.412238897406496e-05,64,52860.0,3.3660178255252685e+18,6928590336,49527680,16,5.412238897406496e-05,1592524800.0,7.75024649157549e+17,12171.0,2.102710041569882,2.1245801277629663,bin_2
config_161,320,24,4,0.0245353486388921,0.8496823310852051,0.9062071442604064,0.2344718128442764,5.412238897406496e-05,64,52860.0,3.3660178255252685e+18,6928590336,49527680,16,5.412238897406496e-05,3191603200.0,1.550049298315098e+18,24342.0,1.930478434093663,1.9513275154301375,bin_2
config_161,320,24,4,0.0245353486388921,0.8496823310852051,0.9062071442604064,0.2344718128442764,5.412238897406496e-05,64,52860.0,3.3660178255252685e+18,6928590336,49527680,16,5.412238897406496e-05,4784128000.0,2.325137625448915e+18,36514.0,1.866972070991016,1.8853975716966096,bin_2
config_161,320,24,4,0.0245353486388921,0.8496823310852051,0.9062071442604064,0.2344718128442764,5.412238897406496e-05,64,52860.0,3.3660178255252685e+18,6928590336,49527680,16,1.8165978548661467e-05,6383206400.0,3.100162274606464e+18,48685.0,1.816034312443655,1.8331888901601072,bin_2
config_161,320,24,4,0.0245353486388921,0.8496823310852051,0.9062071442604064,0.2344718128442764,5.412238897406496e-05,64,52860.0,3.3660178255252685e+18,6928590336,49527680,16,4.366821766505164e-08,6927155200.0,3.3660178255252685e+18,52860.0,1.804901343799028,1.821733325270356,bin_2
config_162,256,23,8,0.0120262233540415,0.9294461011886596,0.9287277460098268,0.2145778089761734,0.0069250403903424,128,47803.0,4.254423961412567e+18,12531420160,32478208,16,0.0069250403903424,1599078400.0,5.4164852057730445e+17,6086.0,1.8753200540386263,1.89507382959616,bin_2
config_162,256,23,8,0.0120262233540415,0.9294461011886596,0.9287277460098268,0.2145778089761734,0.0069250403903424,128,47803.0,4.254423961412567e+18,12531420160,32478208,16,0.0069250403903424,3185049600.0,1.0832080420549412e+18,12171.0,1.822921805772625,1.841784701464606,bin_2
config_162,256,23,8,0.0120262233540415,0.9294461011886596,0.9287277460098268,0.2145778089761734,0.0069250403903424,128,47803.0,4.254423961412567e+18,12531420160,32478208,16,0.0069250403903424,4784128000.0,1.6248565626322458e+18,18257.0,1.8032831799397704,1.8210073308866528,bin_2
config_162,256,23,8,0.0120262233540415,0.9294461011886596,0.9287277460098268,0.2145778089761734,0.0069250403903424,128,47803.0,4.254423961412567e+18,12531420160,32478208,16,0.0069250403903424,6383206400.0,2.1664160841098824e+18,24342.0,1.7923817929283516,1.8101904339868515,bin_2
config_162,256,23,8,0.0120262233540415,0.9294461011886596,0.9287277460098268,0.2145778089761734,0.0069250403903424,128,47803.0,4.254423961412567e+18,12531420160,32478208,16,0.0069250403903424,7982284800.0,2.7080646046871864e+18,30428.0,1.7847786537936476,1.8025332136232344,bin_2
config_162,256,23,8,0.0120262233540415,0.9294461011886596,0.9287277460098268,0.2145778089761734,0.0069250403903424,128,47803.0,4.254423961412567e+18,12531420160,32478208,16,0.0069250403903424,9568256000.0,3.2497131252644915e+18,36514.0,1.780885929162385,1.7973518952776175,bin_2
config_162,256,23,8,0.0120262233540415,0.9294461011886596,0.9287277460098268,0.2145778089761734,0.0069250403903424,128,47803.0,4.254423961412567e+18,12531420160,32478208,16,0.0035128190651215,11167334400.0,3.791272646742128e+18,42599.0,1.7372262391106028,1.7532697387601508,bin_2
config_162,256,23,8,0.0120262233540415,0.9294461011886596,0.9287277460098268,0.2145778089761734,0.0069250403903424,128,47803.0,4.254423961412567e+18,12531420160,32478208,16,2.025457850348897e-06,12530483200.0,4.254423961412567e+18,47803.0,1.6849184182823682,1.7002125657581892,bin_2
config_164,960,5,10,0.0097052529454231,0.8228393197059631,0.9019281268119812,0.0485286898910999,6.232170562725514e-05,64,16798.0,1.627895267171205e+18,2201833216,103572480,16,6.232170562725514e-05,1592524800.0,1.1794923977104858e+18,12171.0,1.934043442225847,1.9536693414312891,bin_2
config_164,960,5,10,0.0097052529454231,0.8228393197059631,0.9019281268119812,0.0485286898910999,6.232170562725514e-05,64,16798.0,1.627895267171205e+18,2201833216,103572480,16,3.6704808222187072e-06,2195456000.0,1.627895267171205e+18,16798.0,1.8618535089101949,1.881285257183137,bin_2
config_165,512,22,16,0.0614232383668422,0.8348501324653625,0.9888287782669068,0.1459586024284362,0.0044183353893458,64,7687.0,8.878222522509558e+17,1007613248,100738048,8,0.0044183353893458,504627200.0,4.438533778327596e+17,3843.0,3.257480120893385,3.291163173269053,bin_1
config_165,512,22,16,0.0614232383668422,0.8348501324653625,0.9888287782669068,0.1459586024284362,0.0044183353893458,64,7687.0,8.878222522509558e+17,1007613248,100738048,8,0.0001458326578107,1002700800.0,8.878222522509558e+17,7687.0,3.110410858334088,3.14314858401408,bin_1
config_166,768,4,6,0.010904461145401,0.9876170754432678,0.9296854734420776,0.2462895214557647,0.0001866577076725,64,10323.0,6.45479292248064e+17,1353083520,66931200,16,0.0001866577076725,675020800.0,3.227083819909192e+17,5161.0,2.161737653388352,2.180415503705134,bin_1
config_166,768,4,6,0.010904461145401,0.9876170754432678,0.9296854734420776,0.2462895214557647,0.0001866577076725,64,10323.0,6.45479292248064e+17,1353083520,66931200,16,1.6888777641498997e-06,1350041600.0,6.45479292248064e+17,10323.0,1.941892228712801,1.961265926830104,bin_1
config_168,1152,11,8,0.0049066520296037,0.8577886819839478,0.9984267354011536,0.1368255466222763,0.0001622918498469,64,37342.0,8.369798794182918e+18,4894596096,233123328,8,0.0001622918498469,1592524800.0,2.727995852498535e+18,12171.0,1.7230413055419922,1.7407581302767894,bin_3
config_168,1152,11,8,0.0049066520296037,0.8577886819839478,0.9984267354011536,0.1368255466222763,0.0001622918498469,64,37342.0,8.369798794182918e+18,4894596096,233123328,8,0.0001622918498469,3191603200.0,5.45599170499707e+18,24342.0,1.6334767468444638,1.651134694853767,bin_3
config_168,1152,11,8,0.0049066520296037,0.8577886819839478,0.9984267354011536,0.1368255466222763,0.0001622918498469,64,37342.0,8.369798794182918e+18,4894596096,233123328,8,2.674686583893781e-05,4784128000.0,8.184211696502466e+18,36514.0,1.5592884414899544,1.5738441211864596,bin_3
config_168,1152,11,8,0.0049066520296037,0.8577886819839478,0.9984267354011536,0.1368255466222763,0.0001622918498469,64,37342.0,8.369798794182918e+18,4894596096,233123328,8,1.334166704555079e-06,4888985600.0,8.369798794182918e+18,37342.0,1.554868337814925,1.5693919412816155,bin_3
config_17,384,23,16,0.1259277760982513,0.8496121764183044,0.9804573059082032,0.2800866663455963,0.0005876030772924,64,12223.0,9.246103544105532e+17,1602220544,60022272,16,1.2531412399166878e-05,1592524800.0,9.206768079465632e+17,12171.0,1.75608169533931,1.7744830205304578,bin_1
config_17,384,23,16,0.1259277760982513,0.8496121764183044,0.9804573059082032,0.2800866663455963,0.0005876030772924,64,12223.0,9.246103544105532e+17,1602220544,60022272,16,3.948253221655379e-06,1599078400.0,9.246103544105532e+17,12223.0,1.7558539189931412,1.7742468720926354,bin_1
config_170,512,6,8,0.0348906405270099,0.9234339594841005,0.9322679042816162,0.0113999070599675,0.0001238030527019,64,20156.0,9.316259289287884e+17,2641922560,46195712,16,0.0001238030527019,1592524800.0,5.625530452963031e+17,12171.0,1.9276401116027209,1.9490796702416215,bin_1
config_170,512,6,8,0.0348906405270099,0.9234339594841005,0.9322679042816162,0.0113999070599675,0.0001238030527019,64,20156.0,9.316259289287884e+17,2641922560,46195712,16,3.243748105728918e-06,2641100800.0,9.316259289287884e+17,20156.0,1.842895962371201,1.8634362562758024,bin_1
config_171,832,21,16,0.0780559256672859,0.8067910671234131,0.946793496608734,0.1033859476447105,0.0001132523830165,128,42102.0,1.935692516799008e+19,11036791808,220779520,8,0.0001132523830165,1599078400.0,2.7981152100229827e+18,6086.0,1.827614007543345,1.8467758047385292,bin_3
config_171,832,21,16,0.0780559256672859,0.8067910671234131,0.946793496608734,0.1033859476447105,0.0001132523830165,128,42102.0,1.935692516799008e+19,11036791808,220779520,8,0.0001132523830165,3185049600.0,5.595770657441624e+18,12171.0,1.696728514550162,1.714427717044705,bin_3
config_171,832,21,16,0.0780559256672859,0.8067910671234131,0.946793496608734,0.1033859476447105,0.0001132523830165,128,42102.0,1.935692516799008e+19,11036791808,220779520,8,0.0001132523830165,4784128000.0,8.393885867464607e+18,18257.0,1.641497563397298,1.6567378137346174,bin_3
config_171,832,21,16,0.0780559256672859,0.8067910671234131,0.946793496608734,0.1033859476447105,0.0001132523830165,128,42102.0,1.935692516799008e+19,11036791808,220779520,8,0.0001132523830165,6383206400.0,1.1191541314883248e+19,24342.0,1.6090745828581638,1.6228838941894594,bin_3
config_171,832,21,16,0.0780559256672859,0.8067910671234131,0.946793496608734,0.1033859476447105,0.0001132523830165,128,42102.0,1.935692516799008e+19,11036791808,220779520,8,0.0001132523830165,7982284800.0,1.3989656524906232e+19,30428.0,1.584949859028957,1.5992604835111586,bin_3
config_171,832,21,16,0.0780559256672859,0.8067910671234131,0.946793496608734,0.1033859476447105,0.0001132523830165,128,42102.0,1.935692516799008e+19,11036791808,220779520,8,0.0001132523830165,9568256000.0,1.6787771734929211e+19,36514.0,1.5662822636229092,1.581333865396312,bin_3
config_171,832,21,16,0.0780559256672859,0.8067910671234131,0.946793496608734,0.1033859476447105,0.0001132523830165,128,42102.0,1.935692516799008e+19,11036791808,220779520,8,5.204613190098496e-08,11036262400.0,1.935692516799008e+19,42102.0,1.5188891346337363,1.5330967962155575,bin_3
config_172,512,22,16,0.0041630957275629,0.8260307908058167,0.9701148271560668,0.094092734158039,0.0014550815103575,32,8513.0,4.915970500625695e+17,557926656,100738048,8,0.0014550815103575,278528000.0,2.457696517169383e+17,4256.0,2.0240525302144348,2.045190644791869,bin_0
config_172,512,22,16,0.0041630957275629,0.8260307908058167,0.9701148271560668,0.094092734158039,0.0014550815103575,32,8513.0,4.915970500625695e+17,557926656,100738048,8,2.361555509943609e-05,557056000.0,4.915970500625695e+17,8513.0,1.8409738887919755,1.8602734276310344,bin_0
config_174,704,6,8,0.0056233666837215,0.8594385385513306,0.9356430768966676,0.2209752947092056,0.0059980228543281,64,38677.0,2.7541051696494674e+18,5069577216,73251200,16,0.0059980228543281,1592524800.0,8.666704765055116e+17,12171.0,1.819620533575777,1.8379624032583397,bin_2
config_174,704,6,8,0.0056233666837215,0.8594385385513306,0.9356430768966676,0.2209752947092056,0.0059980228543281,64,38677.0,2.7541051696494674e+18,5069577216,73251200,16,0.0059980228543281,3191603200.0,1.733340953011023e+18,24342.0,1.7722482318956343,1.7902715126803663,bin_2
config_174,704,6,8,0.0056233666837215,0.8594385385513306,0.9356430768966676,0.2209752947092056,0.0059980228543281,64,38677.0,2.7541051696494674e+18,5069577216,73251200,16,0.0015279306990255,4784128000.0,2.600082637344692e+18,36514.0,1.6911691640635005,1.7071511184973795,bin_2
config_174,704,6,8,0.0056233666837215,0.8594385385513306,0.9356430768966676,0.2209752947092056,0.0059980228543281,64,38677.0,2.7541051696494674e+18,5069577216,73251200,16,1.894999029567693e-05,5065932800.0,2.7541051696494674e+18,38677.0,1.66744564154109,1.6830668203557124,bin_2
config_175,384,13,16,0.0023949262686073,0.8833497762680054,0.9059370160102844,0.2610687911510467,3.0009896363480948e-05,64,53578.0,2.6443284636055634e+18,7022694912,42319872,16,3.0009896363480948e-05,1592524800.0,6.006965868554875e+17,12171.0,2.366552044133671,2.391295139672326,bin_2
config_175,384,13,16,0.0023949262686073,0.8833497762680054,0.9059370160102844,0.2610687911510467,3.0009896363480948e-05,64,53578.0,2.6443284636055634e+18,7022694912,42319872,16,3.0009896363480948e-05,3191603200.0,1.201393173710975e+18,24342.0,2.1137747344814364,2.1371895990606213,bin_2
config_175,384,13,16,0.0023949262686073,0.8833497762680054,0.9059370160102844,0.2610687911510467,3.0009896363480948e-05,64,53578.0,2.6443284636055634e+18,7022694912,42319872,16,3.0009896363480948e-05,4784128000.0,1.802139115310268e+18,36514.0,2.015684199059596,2.037234781491952,bin_2
config_175,384,13,16,0.0023949262686073,0.8833497762680054,0.9059370160102844,0.2610687911510467,3.0009896363480948e-05,64,53578.0,2.6443284636055634e+18,7022694912,42319872,16,1.0466023769290058e-05,6383206400.0,2.402835702165756e+18,48685.0,1.9570652687745016,1.9773528084207757,bin_2
config_175,384,13,16,0.0023949262686073,0.8833497762680054,0.9059370160102844,0.2610687911510467,3.0009896363480948e-05,64,53578.0,2.6443284636055634e+18,7022694912,42319872,16,6.007557719149414e-08,7018905600.0,2.6443284636055634e+18,53578.0,1.945883110390335,1.9658985134812648,bin_2
config_176,1088,13,16,0.0017619210993871,0.8095828294754028,0.9092755317687988,0.1330126523971557,1.5252197954396252e-05,128,42766.0,2.048502574285849e+19,11210874880,246636544,8,1.5252197954396252e-05,1599078400.0,2.9152099020492155e+18,6086.0,2.294924286369417,2.3190395239337547,bin_3
config_176,1088,13,16,0.0017619210993871,0.8095828294754028,0.9092755317687988,0.1330126523971557,1.5252197954396252e-05,128,42766.0,2.048502574285849e+19,11210874880,246636544,8,1.5252197954396252e-05,3185049600.0,5.82994080148554e+18,12171.0,2.021920725361245,2.043731430163149,bin_3
config_176,1088,13,16,0.0017619210993871,0.8095828294754028,0.9092755317687988,0.1330126523971557,1.5252197954396252e-05,128,42766.0,2.048502574285849e+19,11210874880,246636544,8,1.5252197954396252e-05,4784128000.0,8.745150703534756e+18,18257.0,1.9109006415820515,1.9305180031158884,bin_3
config_176,1088,13,16,0.0017619210993871,0.8095828294754028,0.9092755317687988,0.1330126523971557,1.5252197954396252e-05,128,42766.0,2.048502574285849e+19,11210874880,246636544,8,1.5252197954396252e-05,6383206400.0,1.165988160297108e+19,24342.0,1.845387728370604,1.86442522265872,bin_3
config_176,1088,13,16,0.0017619210993871,0.8095828294754028,0.9092755317687988,0.1330126523971557,1.5252197954396252e-05,128,42766.0,2.048502574285849e+19,11210874880,246636544,8,1.5252197954396252e-05,7982284800.0,1.4575091505020295e+19,30428.0,1.800520359805373,1.8190671909246288,bin_3
config_176,1088,13,16,0.0017619210993871,0.8095828294754028,0.9092755317687988,0.1330126523971557,1.5252197954396252e-05,128,42766.0,2.048502574285849e+19,11210874880,246636544,8,1.5252197954396252e-05,9568256000.0,1.7490301407069512e+19,36514.0,1.768154362928672,1.7856979874704706,bin_3
config_176,1088,13,16,0.0017619210993871,0.8095828294754028,0.9092755317687988,0.1330126523971557,1.5252197954396252e-05,128,42766.0,2.048502574285849e+19,11210874880,246636544,8,4.4512392061001686e-07,11167334400.0,2.040503230650584e+19,42599.0,1.7331427058821818,1.7501473823727154,bin_3
config_176,1088,13,16,0.0017619210993871,0.8095828294754028,0.9092755317687988,0.1330126523971557,1.5252197954396252e-05,128,42766.0,2.048502574285849e+19,11210874880,246636544,8,4.2903510420243824e-08,11206656000.0,2.048502574285849e+19,42766.0,1.7328929587661244,1.7498874233785222,bin_3
config_177,704,12,16,0.0204045511782169,0.9717811942100524,0.9783326983451844,0.2237565666437149,0.0002218099543824,64,49076.0,5.623050642885181e+18,6432573440,111106688,16,0.0002218099543824,1592524800.0,1.3945339753556838e+18,12171.0,1.7758480467561817,1.7945936221763736,bin_3
config_177,704,12,16,0.0204045511782169,0.9717811942100524,0.9783326983451844,0.2237565666437149,0.0002218099543824,64,49076.0,5.623050642885181e+18,6432573440,111106688,16,0.0002218099543824,3191603200.0,2.789067950711368e+18,24342.0,1.6905866542018828,1.7086845505823856,bin_3
config_177,704,12,16,0.0204045511782169,0.9717811942100524,0.9783326983451844,0.2237565666437149,0.0002218099543824,64,49076.0,5.623050642885181e+18,6432573440,111106688,16,0.0002218099543824,4784128000.0,4.183716504489149e+18,36514.0,1.6536938105254877,1.6693995131039228,bin_3
config_177,704,12,16,0.0204045511782169,0.9717811942100524,0.9783326983451844,0.2237565666437149,0.0002218099543824,64,49076.0,5.623050642885181e+18,6432573440,111106688,16,7.594986144049919e-06,6383206400.0,5.578250479844834e+18,48685.0,1.5877462711490569,1.6028070238379182,bin_3
config_177,704,12,16,0.0204045511782169,0.9717811942100524,0.9783326983451844,0.2237565666437149,0.0002218099543824,64,49076.0,5.623050642885181e+18,6432573440,111106688,16,5.251852120885579e-07,6429081600.0,5.623050642885181e+18,49076.0,1.587077932084193,1.6021572121635812,bin_3
config_178,1024,20,8,0.0123338690027594,0.8723912835121155,0.9627224206924438,0.2133075296878814,0.0008379966020584,64,43669.0,1.347176378324956e+19,5723835904,308426752,8,0.0008379966020584,1592524800.0,3.754719297577925e+18,12171.0,1.6832296015786343,1.7005778708223436,bin_3
config_178,1024,20,8,0.0123338690027594,0.8723912835121155,0.9627224206924438,0.2133075296878814,0.0008379966020584,64,43669.0,1.347176378324956e+19,5723835904,308426752,8,0.0008379966020584,3191603200.0,7.50943859515585e+18,24342.0,1.6096060375698278,1.6262263050235686,bin_3
config_178,1024,20,8,0.0123338690027594,0.8723912835121155,0.9627224206924438,0.2133075296878814,0.0008379966020584,64,43669.0,1.347176378324956e+19,5723835904,308426752,8,0.0006450072622027,4784128000.0,1.1264466389923617e+19,36514.0,1.5621548091290427,1.5759008903581588,bin_3
config_178,1024,20,8,0.0123338690027594,0.8723912835121155,0.9627224206924438,0.2133075296878814,0.0008379966020584,64,43669.0,1.347176378324956e+19,5723835904,308426752,8,1.7094626840358533e-06,5721292800.0,1.347176378324956e+19,43669.0,1.5017803154421634,1.5151533150282062,bin_3
config_179,256,22,4,0.0036397720687091,0.8435739874839783,0.98710960149765,0.0709967538714408,0.0024289537686854,64,14521.0,6.244667025958502e+17,1903297408,31625728,16,0.0024289537686854,1592524800.0,5.23406393312726e+17,12171.0,1.856825231372333,1.8766807914952763,bin_1
config_179,256,22,4,0.0036397720687091,0.8435739874839783,0.98710960149765,0.0709967538714408,0.0024289537686854,64,14521.0,6.244667025958502e+17,1903297408,31625728,16,4.952235839067454e-05,1900544000.0,6.244667025958502e+17,14521.0,1.7992793258291775,1.8186403327691751,bin_1
config_18,448,12,16,0.0018611494451761,0.8498718738555908,0.928823947906494,0.207493245601654,0.0042910231277346,64,48493.0,2.853457141687714e+18,6356115968,52812928,16,0.0042910231277346,1592524800.0,7.161740224667718e+17,12171.0,1.8273625506068392,1.845867167804728,bin_2
config_18,448,12,16,0.0018611494451761,0.8498718738555908,0.928823947906494,0.207493245601654,0.0042910231277346,64,48493.0,2.853457141687714e+18,6356115968,52812928,16,0.0042910231277346,3191603200.0,1.4323480449335437e+18,24342.0,1.7784301771588176,1.7966530074959748,bin_2
config_18,448,12,16,0.0018611494451761,0.8498718738555908,0.928823947906494,0.207493245601654,0.0042910231277346,64,48493.0,2.853457141687714e+18,6356115968,52812928,16,0.0042910231277346,4784128000.0,2.1485809100609403e+18,36514.0,1.7591120277304373,1.7757882864919423,bin_2
config_18,448,12,16,0.0018611494451761,0.8498718738555908,0.928823947906494,0.207493245601654,0.0042910231277346,64,48493.0,2.853457141687714e+18,6356115968,52812928,16,1.8339528326467677e-05,6350438400.0,2.853457141687714e+18,48493.0,1.6793646802747286,1.694956267064337,bin_2
config_181,1152,18,6,0.0027816121000796,0.865947961807251,0.9911959171295166,0.2166959047317505,0.0091243218630552,32,11724.0,1.9802287958786703e+18,768409344,344616192,8,0.0091243218630552,383385600.0,9.901143979393352e+17,5862.0,3.635500298562597,3.671764759470205,bin_2
config_181,1152,18,6,0.0027816121000796,0.865947961807251,0.9911959171295166,0.2166959047317505,0.0091243218630552,32,11724.0,1.9802287958786703e+18,768409344,344616192,8,8.621406484776543e-05,766771200.0,1.9802287958786703e+18,11724.0,3.6234212513048143,3.655269183838954,bin_2
config_182,320,10,10,0.0071186386048793,0.9147440195083618,0.9817898869514464,0.0017712415428832,0.0008199787116609,64,55329.0,1.876358155631985e+18,7252089856,30021760,16,0.0008199787116609,1592524800.0,4.127519946537419e+17,12171.0,1.8726217853436704,1.8937715432292128,bin_2
config_182,320,10,10,0.0071186386048793,0.9147440195083618,0.9817898869514464,0.0017712415428832,0.0008199787116609,64,55329.0,1.876358155631985e+18,7252089856,30021760,16,0.0008199787116609,3191603200.0,8.255039893074838e+17,24342.0,1.8163105238461104,1.8366000139908711,bin_2
config_182,320,10,10,0.0071186386048793,0.9147440195083618,0.9817898869514464,0.0017712415428832,0.0008199787116609,64,55329.0,1.876358155631985e+18,7252089856,30021760,16,0.0008199787116609,4784128000.0,1.238289896704193e+18,36514.0,1.7934571743011474,1.811602801064976,bin_2
config_182,320,10,10,0.0071186386048793,0.9147440195083618,0.9817898869514464,0.0017712415428832,0.0008199787116609,64,55329.0,1.876358155631985e+18,7252089856,30021760,16,0.0008199787116609,6383206400.0,1.6510418913579346e+18,48685.0,1.7792286588324877,1.7960068433011165,bin_2
config_182,320,10,10,0.0071186386048793,0.9147440195083618,0.9817898869514464,0.0017712415428832,0.0008199787116609,64,55329.0,1.876358155631985e+18,7252089856,30021760,16,0.0002426467616139,7248281600.0,1.876358155631985e+18,55329.0,1.759188018470514,1.7763236871703727,bin_2
config_183,256,14,8,0.0019966410472989,0.9692267775535583,0.9934679269790648,0.0193282850086689,0.0002155606198357,64,35743.0,1.1097347972671734e+18,4684972032,24805888,16,0.0002155606198357,1592524800.0,3.778804861801966e+17,12171.0,1.93848444317208,1.959792034704177,bin_1
config_183,256,14,8,0.0019966410472989,0.9692267775535583,0.9934679269790648,0.0193282850086689,0.0002155606198357,64,35743.0,1.1097347972671734e+18,4684972032,24805888,16,0.0002155606198357,3191603200.0,7.557609723603932e+17,24342.0,1.8576156754962732,1.8783381278397608,bin_1
config_183,256,14,8,0.0019966410472989,0.9692267775535583,0.9934679269790648,0.0193282850086689,0.0002155606198357,64,35743.0,1.1097347972671734e+18,4684972032,24805888,16,1.3433487902807082e-05,4679270400.0,1.1097347972671734e+18,35743.0,1.8052138709631125,1.824508571898351,bin_1
config_184,448,4,16,0.0026220432482659,0.9690382480621338,0.9007914662361144,0.0517554432153701,0.0066928705200552,32,7445.0,1.1698008608657818e+17,487945568,32620672,16,0.0066928705200552,242483200.0,5.848218675812545e+16,3722.0,3.142638071951319,3.174626529412192,bin_0
config_184,448,4,16,0.0026220432482659,0.9690382480621338,0.9007914662361144,0.0517554432153701,0.0066928705200552,32,7445.0,1.1698008608657818e+17,487945568,32620672,16,0.0007822835672791,484966400.0,1.1698008608657818e+17,7445.0,3.038442908505925,3.0676929114294835,bin_0
config_185,1088,22,16,0.1063120737671852,0.908372700214386,0.915748119354248,0.0626056566834449,0.006519490852952,64,9206.0,3.457438301756621e+18,1206767360,379513984,8,0.006519490852952,602931200.0,1.7287191508783104e+18,4603.0,3.579603619614585,3.618122857125079,bin_2
config_185,1088,22,16,0.1063120737671852,0.908372700214386,0.915748119354248,0.0626056566834449,0.006519490852952,64,9206.0,3.457438301756621e+18,1206767360,379513984,8,6.791136305158395e-05,1205862400.0,3.457438301756621e+18,9206.0,3.591251622028038,3.621683994902939,bin_2
config_186,832,12,16,0.0173051320016384,0.94893479347229,0.9029238820075988,0.2966277003288269,0.000125523933093,64,22656.0,3.2955379648286884e+18,2969577728,144087424,8,0.000125523933093,1592524800.0,1.770391621201005e+18,12171.0,1.7891221875636305,1.8083266097795767,bin_2
config_186,832,12,16,0.0173051320016384,0.94893479347229,0.9029238820075988,0.2966277003288269,0.000125523933093,64,22656.0,3.2955379648286884e+18,2969577728,144087424,8,1.1207494026165305e-07,2968780800.0,3.2955379648286884e+18,22656.0,1.676723893607249,1.6944246542453767,bin_2
config_187,1088,15,8,0.1377591639757156,0.8258185982704163,0.92188161611557,0.1156944632530212,0.0006645486573688,64,63208.0,1.704921467676387e+19,8284895744,276164864,8,0.0006645486573688,1592524800.0,3.2829070976916383e+18,12171.0,1.7510823186108324,1.7693421036884434,bin_3
config_187,1088,15,8,0.1377591639757156,0.8258185982704163,0.92188161611557,0.1156944632530212,0.0006645486573688,64,63208.0,1.704921467676387e+19,8284895744,276164864,8,0.0006645486573688,3191603200.0,6.565814195383277e+18,24342.0,1.6954367290363936,1.7135102360952097,bin_3
config_187,1088,15,8,0.1377591639757156,0.8258185982704163,0.92188161611557,0.1156944632530212,0.0006645486573688,64,63208.0,1.704921467676387e+19,8284895744,276164864,8,0.0006645486573688,4784128000.0,9.848991024986649e+18,36514.0,1.672272885353839,1.6886148812536332,bin_3
config_187,1088,15,8,0.1377591639757156,0.8258185982704163,0.92188161611557,0.1156944632530212,0.0006645486573688,64,63208.0,1.704921467676387e+19,8284895744,276164864,8,0.0006645486573688,6383206400.0,1.3131898122678284e+19,48685.0,1.659434545606863,1.6757712222709031,bin_3
config_187,1088,15,8,0.1377591639757156,0.8258185982704163,0.92188161611557,0.1156944632530212,0.0006645486573688,64,63208.0,1.704921467676387e+19,8284895744,276164864,8,0.0002143060358418,7975731200.0,1.6414805220369922e+19,60856.0,1.5614971997112523,1.576051976035853,bin_3
config_187,1088,15,8,0.1377591639757156,0.8258185982704163,0.92188161611557,0.1156944632530212,0.0006645486573688,64,63208.0,1.704921467676387e+19,8284895744,276164864,8,7.270773056552125e-07,8283750400.0,1.704921467676387e+19,63208.0,1.5226446085972865,1.5363176701498813,bin_3
config_188,576,22,12,0.0036613482516258,0.9616205096244812,0.9694668650627136,0.2453773468732834,0.0066955420188605,32,7494.0,4.9639134196412006e+17,491127648,116574336,8,0.0066955420188605,245760000.0,2.4819567098206003e+17,3747.0,3.3528470753450863,3.3861679298760463,bin_0
config_188,576,22,12,0.0036613482516258,0.9616205096244812,0.9694668650627136,0.2453773468732834,0.0066955420188605,32,7494.0,4.9639134196412006e+17,491127648,116574336,8,0.0001602850102447,488243200.0,4.9639134196412006e+17,7494.0,3.234262568794313,3.267558099598181,bin_0
config_189,896,5,4,0.150010660290718,0.9394695162773132,0.933585524559021,0.1099407821893692,2.983872582262848e-05,32,4312.0,1.93098834781397e+17,282652896,95520768,16,2.983872582262848e-05,140902400.0,9.65494173906985e+16,2156.0,2.7802491146619204,2.808614961671048,bin_0
config_189,896,5,4,0.150010660290718,0.9394695162773132,0.933585524559021,0.1099407821893692,2.983872582262848e-05,32,4312.0,1.93098834781397e+17,282652896,95520768,16,7.55410780319711e-07,281804800.0,1.93098834781397e+17,4312.0,2.455929874865735,2.479673897868297,bin_0
config_19,896,14,16,0.0573401786386966,0.9260037541389464,0.951003074645996,0.2415649443864822,0.0016180668026208,64,8328.0,1.5570668799407557e+18,1091648768,186369792,8,0.0016180668026208,543948800.0,7.785334399703777e+17,4164.0,1.8828772280486776,1.9028694413115883,bin_1
config_19,896,14,16,0.0573401786386966,0.9260037541389464,0.951003074645996,0.2415649443864822,0.0016180668026208,64,8328.0,1.5570668799407557e+18,1091648768,186369792,8,2.2529025595914796e-05,1087897600.0,1.5570668799407557e+18,8328.0,1.7074293656925517,1.7249662827519412,bin_1
config_190,640,23,16,0.0680049210786819,0.828018069267273,0.9001417756080627,0.2165244370698928,0.0007489567506127,64,18266.0,3.0065043376521216e+18,2394228480,149025280,8,0.0007489567506127,1592524800.0,2.003293785917222e+18,12171.0,1.7815955132148305,1.8001836382951892,bin_2
config_190,640,23,16,0.0680049210786819,0.828018069267273,0.9001417756080627,0.2165244370698928,0.0007489567506127,64,18266.0,3.0065043376521216e+18,2394228480,149025280,8,3.0299135296595666e-06,2392064000.0,3.0065043376521216e+18,18266.0,1.6559334948805513,1.6727572494061267,bin_2
config_191,896,22,8,0.001220831181854,0.8955643773078918,0.9106137156486512,0.0796689614653587,0.0010045722592622,64,9122.0,2.495445891526361e+18,1195739904,267124480,8,0.0010045722592622,596377600.0,1.2477229457631803e+18,4561.0,1.8495299255652504,1.8675468406520903,bin_2
config_191,896,22,8,0.001220831181854,0.8955643773078918,0.9106137156486512,0.0796689614653587,0.0010045722592622,64,9122.0,2.495445891526361e+18,1195739904,267124480,8,3.0441583614006272e-05,1192755200.0,2.495445891526361e+18,9122.0,1.6930587749793882,1.7102472503654291,bin_2
config_192,384,19,8,0.0357538238167762,0.9891937971115112,0.9980051517486572,0.1837434768676757,2.1995487259118814e-05,64,61133.0,3.981313612158861e+18,8012875776,52941312,16,2.1995487259118814e-05,1592524800.0,7.926417478871558e+17,12171.0,2.350394531351621,2.374521578608966,bin_2
config_192,384,19,8,0.0357538238167762,0.9891937971115112,0.9980051517486572,0.1837434768676757,2.1995487259118814e-05,64,61133.0,3.981313612158861e+18,8012875776,52941312,16,2.1995487259118814e-05,3191603200.0,1.5852834957743117e+18,24342.0,2.0721826620570947,2.093594806116136,bin_2
config_192,384,19,8,0.0357538238167762,0.9891937971115112,0.9980051517486572,0.1837434768676757,2.1995487259118814e-05,64,61133.0,3.981313612158861e+18,8012875776,52941312,16,2.1995487259118814e-05,4784128000.0,2.3779903691029176e+18,36514.0,1.9607913147035192,1.9808564221663556,bin_2
config_192,384,19,8,0.0357538238167762,0.9891937971115112,0.9980051517486572,0.1837434768676757,2.1995487259118814e-05,64,61133.0,3.981313612158861e+18,8012875776,52941312,16,2.1995487259118814e-05,6383206400.0,3.1706321169900733e+18,48685.0,1.9002918038211885,1.9195747143323303,bin_2
config_192,384,19,8,0.0357538238167762,0.9891937971115112,0.9980051517486572,0.1837434768676757,2.1995487259118814e-05,64,61133.0,3.981313612158861e+18,8012875776,52941312,16,5.541954143812896e-07,7975731200.0,3.9632738648772296e+18,60856.0,1.8555853986349264,1.8742914122831624,bin_2
config_192,384,19,8,0.0357538238167762,0.9891937971115112,0.9980051517486572,0.1837434768676757,2.1995487259118814e-05,64,61133.0,3.981313612158861e+18,8012875776,52941312,16,6.46234935497631e-08,8008499200.0,3.981313612158861e+18,61133.0,1.855380747982713,1.8740483627553848,bin_2
config_193,448,10,8,0.0475836582481861,0.98838073015213,0.9989293217658995,0.1750710904598236,0.0094161722809076,128,57677.0,5.997020712333214e+18,15119814656,47764864,16,0.0094161722809076,1599078400.0,6.327976152584209e+17,6086.0,3.49338409025161,3.5281420828084475,bin_3
config_193,448,10,8,0.0475836582481861,0.98838073015213,0.9989293217658995,0.1750710904598236,0.0094161722809076,128,57677.0,5.997020712333214e+18,15119814656,47764864,16,0.0094161722809076,3185049600.0,1.2654912545695432e+18,12171.0,3.635555000461516,3.672222725211597,bin_3
config_193,448,10,8,0.0475836582481861,0.98838073015213,0.9989293217658995,0.1750710904598236,0.0094161722809076,128,57677.0,5.997020712333214e+18,15119814656,47764864,16,0.0094161722809076,4784128000.0,1.898288869827964e+18,18257.0,3.574599843806908,3.612217276213599,bin_3
config_193,448,10,8,0.0475836582481861,0.98838073015213,0.9989293217658995,0.1750710904598236,0.0094161722809076,128,57677.0,5.997020712333214e+18,15119814656,47764864,16,0.0094161722809076,6383206400.0,2.5309825091390863e+18,24342.0,3.553339532555127,3.590119670336364,bin_3
config_193,448,10,8,0.0475836582481861,0.98838073015213,0.9989293217658995,0.1750710904598236,0.0094161722809076,128,57677.0,5.997020712333214e+18,15119814656,47764864,16,0.0094161722809076,7982284800.0,3.163780124397507e+18,30428.0,4.0155339740534295,4.042210258577691,bin_3
config_193,448,10,8,0.0475836582481861,0.98838073015213,0.9989293217658995,0.1750710904598236,0.0094161722809076,128,57677.0,5.997020712333214e+18,15119814656,47764864,16,0.0094161722809076,9568256000.0,3.796577739655928e+18,36514.0,3.6051866524336766,3.641449696196884,bin_3
config_193,448,10,8,0.0475836582481861,0.98838073015213,0.9989293217658995,0.1750710904598236,0.0094161722809076,128,57677.0,5.997020712333214e+18,15119814656,47764864,16,0.0094161722809076,11167334400.0,4.42927137896705e+18,42599.0,3.700983122763087,3.731568033577966,bin_3
config_193,448,10,8,0.0475836582481861,0.98838073015213,0.9989293217658995,0.1750710904598236,0.0094161722809076,128,57677.0,5.997020712333214e+18,15119814656,47764864,16,0.0083716924399037,12766412800.0,5.062068994225471e+18,48685.0,3.742342798983465,3.779732213489345,bin_3
config_193,448,10,8,0.0475836582481861,0.98838073015213,0.9989293217658995,0.1750710904598236,0.0094161722809076,128,57677.0,5.997020712333214e+18,15119814656,47764864,16,0.0027296361559093,14352384000.0,5.694762633536594e+18,54770.0,3.505555540225545,3.542570008137187,bin_3
config_193,448,10,8,0.0475836582481861,0.98838073015213,0.9989293217658995,0.1750710904598236,0.0094161722809076,128,57677.0,5.997020712333214e+18,15119814656,47764864,16,2.517942473848761e-05,15112601600.0,5.997020712333214e+18,57677.0,3.394754635154224,3.431232160193021,bin_3
config_194,896,23,4,0.021770816296339,0.9721643328666688,0.9240269660949708,0.2948778867721557,0.0012925154296681,64,33565.0,9.544713482017309e+18,4399453696,277218816,8,0.0012925154296681,1592524800.0,3.4610072334167337e+18,12171.0,1.7232879363904234,1.740569221308974,bin_3
config_194,896,23,4,0.021770816296339,0.9721643328666688,0.9240269660949708,0.2948778867721557,0.0012925154296681,64,33565.0,9.544713482017309e+18,4399453696,277218816,8,0.0012034484878641,3191603200.0,6.922014466833467e+18,24342.0,1.6511926108891846,1.6679377431361402,bin_3
config_194,896,23,4,0.021770816296339,0.9721643328666688,0.9240269660949708,0.2948778867721557,0.0012925154296681,64,33565.0,9.544713482017309e+18,4399453696,277218816,8,1.958950332931527e-06,4397465600.0,9.544713482017309e+18,33565.0,1.554023357707946,1.5696399165958654,bin_3
config_195,512,23,16,0.0609503835439682,0.9783605337142944,0.9153027534484864,0.0226972289383411,1.0446694432175718e-05,32,7608.0,4.5583597094495846e+17,498647744,104146944,8,1.0446694432175718e-05,249036800.0,2.2791798547247923e+17,3804.0,3.1235667270128844,3.1563228431295176,bin_0
config_195,512,23,16,0.0609503835439682,0.9783605337142944,0.9153027534484864,0.0226972289383411,1.0446694432175718e-05,32,7608.0,4.5583597094495846e+17,498647744,104146944,8,4.858927642872419e-07,498073600.0,4.5583597094495846e+17,7608.0,2.8211371661405096,2.8503687110103546,bin_0
config_196,896,22,16,0.014022477902472,0.871102511882782,0.9374001622200012,0.0230475440621376,2.3862421585363336e-05,128,41842.0,2.289116880744874e+19,10968734720,267124480,8,2.3862421585363336e-05,1599078400.0,3.3295648717110323e+18,6086.0,2.1765414753507395,2.1989103883016305,bin_3
config_196,896,22,16,0.014022477902472,0.871102511882782,0.9374001622200012,0.0230475440621376,2.3862421585363336e-05,128,41842.0,2.289116880744874e+19,10968734720,267124480,8,2.3862421585363336e-05,3185049600.0,6.658582657508212e+18,12171.0,1.9115379687020035,1.932457755921317,bin_3
config_196,896,22,16,0.014022477902472,0.871102511882782,0.9374001622200012,0.0230475440621376,2.3862421585363336e-05,128,41842.0,2.289116880744874e+19,10968734720,267124480,8,2.3862421585363336e-05,4784128000.0,9.988147529219246e+18,18257.0,1.8133858805992564,1.8311317807924552,bin_3
config_196,896,22,16,0.014022477902472,0.871102511882782,0.9374001622200012,0.0230475440621376,2.3862421585363336e-05,128,41842.0,2.289116880744874e+19,10968734720,267124480,8,2.3862421585363336e-05,6383206400.0,1.3317165315016423e+19,24342.0,1.7550160300536233,1.7719849364288518,bin_3
config_196,896,22,16,0.014022477902472,0.871102511882782,0.9374001622200012,0.0230475440621376,2.3862421585363336e-05,128,41842.0,2.289116880744874e+19,10968734720,267124480,8,2.3862421585363336e-05,7982284800.0,1.6646730186727457e+19,30428.0,1.7156096546962614,1.7321258492547955,bin_3
config_196,896,22,16,0.014022477902472,0.871102511882782,0.9374001622200012,0.0230475440621376,2.3862421585363336e-05,128,41842.0,2.289116880744874e+19,10968734720,267124480,8,2.3862421585363336e-05,9568256000.0,1.997629505843849e+19,36514.0,1.68449745430321,1.7016476122277682,bin_3
config_196,896,22,16,0.014022477902472,0.871102511882782,0.9374001622200012,0.0230475440621376,2.3862421585363336e-05,128,41842.0,2.289116880744874e+19,10968734720,267124480,8,1.0396490732212245e-06,10957619200.0,2.289116880744874e+19,41842.0,1.647919064291188,1.6642108949481464,bin_3
config_199,384,7,12,0.0455524660646915,0.942363142967224,0.9417880773544312,0.1462922394275665,0.000616572855506,64,22873.0,7.681508590760755e+17,2998055936,31698432,16,0.000616572855506,1592524800.0,4.087423646139516e+17,12171.0,1.8962832613069505,1.9171146831356112,bin_1
config_199,384,7,12,0.0455524660646915,0.942363142967224,0.9417880773544312,0.1462922394275665,0.000616572855506,64,22873.0,7.681508590760755e+17,2998055936,31698432,16,4.23824736301261e-06,2994995200.0,7.681508590760755e+17,22873.0,1.7922406530380248,1.8110984477058787,bin_1
config_20,320,17,20,0.0441352501511573,0.8478574752807617,0.9122387766838074,0.203784629702568,0.0014226961648091,64,59985.0,2.926973597194322e+18,7862405632,39774720,16,0.0014226961648091,1592524800.0,5.938850654572325e+17,12171.0,1.9291778725140825,1.949593869401613,bin_2
config_20,320,17,20,0.0441352501511573,0.8478574752807617,0.9122387766838074,0.203784629702568,0.0014226961648091,64,59985.0,2.926973597194322e+18,7862405632,39774720,16,0.0014226961648091,3191603200.0,1.187770130914465e+18,24342.0,1.8750760250267415,1.894994119618678,bin_2
config_20,320,17,20,0.0441352501511573,0.8478574752807617,0.9122387766838074,0.203784629702568,0.0014226961648091,64,59985.0,2.926973597194322e+18,7862405632,39774720,16,0.0014226961648091,4784128000.0,1.781703991463757e+18,36514.0,1.8558594555208996,1.8738279159324405,bin_2
config_20,320,17,20,0.0441352501511573,0.8478574752807617,0.9122387766838074,0.203784629702568,0.0014226961648091,64,59985.0,2.926973597194322e+18,7862405632,39774720,16,0.0013134101946884,6383206400.0,2.3755890569209897e+18,48685.0,1.8388352517479565,1.8568782623886677,bin_2
config_20,320,17,20,0.0441352501511573,0.8478574752807617,0.9122387766838074,0.203784629702568,0.0014226961648091,64,59985.0,2.926973597194322e+18,7862405632,39774720,16,4.073491964031416e-06,7857766400.0,2.926973597194322e+18,59985.0,1.7287459863356378,1.7451347641459558,bin_2
config_201,1088,23,16,0.0042800987139344,0.8101455569267273,0.913439154624939,0.0642567574977874,0.0024138456210494,32,11537.0,2.2534555903416484e+18,756103872,394278144,8,0.0024138456210494,376832000.0,1.1266301330580416e+18,5768.0,3.182982441831808,3.214750831674357,bin_2
config_201,1088,23,16,0.0042800987139344,0.8101455569267273,0.913439154624939,0.0642567574977874,0.0024138456210494,32,11537.0,2.2534555903416484e+18,756103872,394278144,8,0.0001205294034801,753664000.0,2.2534555903416484e+18,11537.0,2.8894478247204765,2.9194541539911363,bin_2
config_203,256,24,16,0.0117952236905694,0.9827755689620972,0.997874677181244,0.1952327340841293,1.2444884305296e-05,64,15707.0,7.224405353319629e+17,2058799360,33330688,16,1.2444884305296e-05,1592524800.0,5.5980287486632205e+17,12171.0,2.857783274494233,2.887839051778199,bin_1
config_203,256,24,16,0.0117952236905694,0.9827755689620972,0.997874677181244,0.1952327340841293,1.2444884305296e-05,64,15707.0,7.224405353319629e+17,2058799360,33330688,16,2.8412977865972158e-08,2057830400.0,7.224405353319629e+17,15707.0,2.7871888426483653,2.816628843526371,bin_1
config_204,768,13,12,0.0373377986252307,0.8759056329727173,0.9611735343933104,0.0253341272473335,0.0019586882553994,128,57040.0,1.5388248146097734e+19,14952844288,130646016,8,0.0019586882553994,1599078400.0,1.6418807541576228e+18,6086.0,1.748446461489943,1.7666192675613963,bin_3
config_204,768,13,12,0.0373377986252307,0.8759056329727173,0.9611735343933104,0.0253341272473335,0.0019586882553994,128,57040.0,1.5388248146097734e+19,14952844288,130646016,8,0.0019586882553994,3185049600.0,3.2834917283687854e+18,12171.0,1.672926983794228,1.690612221838998,bin_3
config_204,768,13,12,0.0373377986252307,0.8759056329727173,0.9611735343933104,0.0253341272473335,0.0019586882553994,128,57040.0,1.5388248146097734e+19,14952844288,130646016,8,0.0019586882553994,4784128000.0,4.925372482526408e+18,18257.0,1.6439207029538077,1.660083774367317,bin_3
config_204,768,13,12,0.0373377986252307,0.8759056329727173,0.9611735343933104,0.0253341272473335,0.0019586882553994,128,57040.0,1.5388248146097734e+19,14952844288,130646016,8,0.0019586882553994,6383206400.0,6.566983456737571e+18,24342.0,1.6285650165550043,1.6446015834222074,bin_3
config_204,768,13,12,0.0373377986252307,0.8759056329727173,0.9611735343933104,0.0253341272473335,0.0019586882553994,128,57040.0,1.5388248146097734e+19,14952844288,130646016,8,0.0019586882553994,7982284800.0,8.208864210895194e+18,30428.0,1.61882798232016,1.6341816640291058,bin_3
config_204,768,13,12,0.0373377986252307,0.8759056329727173,0.9611735343933104,0.0253341272473335,0.0019586882553994,128,57040.0,1.5388248146097734e+19,14952844288,130646016,8,0.0019586882553994,9568256000.0,9.850744965052815e+18,36514.0,1.6104270051932723,1.626008241723795,bin_3
config_204,768,13,12,0.0373377986252307,0.8759056329727173,0.9611735343933104,0.0253341272473335,0.0019586882553994,128,57040.0,1.5388248146097734e+19,14952844288,130646016,8,0.0019586882553994,11167334400.0,1.1492355939263975e+19,42599.0,1.6049413377339723,1.6203066879608592,bin_3
config_204,768,13,12,0.0373377986252307,0.8759056329727173,0.9611735343933104,0.0253341272473335,0.0019586882553994,128,57040.0,1.5388248146097734e+19,14952844288,130646016,8,0.0019586882553994,12766412800.0,1.31342366934216e+19,48685.0,1.60033278496539,1.6156727584854502,bin_3
config_204,768,13,12,0.0373377986252307,0.8759056329727173,0.9611735343933104,0.0253341272473335,0.0019586882553994,128,57040.0,1.5388248146097734e+19,14952844288,130646016,8,0.0019586882553994,14352384000.0,1.4775847667632765e+19,54770.0,1.5980736552105574,1.6122043222872935,bin_3
config_204,768,13,12,0.0373377986252307,0.8759056329727173,0.9611735343933104,0.0253341272473335,0.0019586882553994,128,57040.0,1.5388248146097734e+19,14952844288,130646016,8,5.421974409410284e-05,14942208000.0,1.5388248146097734e+19,57040.0,1.5333638705581916,1.54617120416438,bin_3
config_205,768,15,16,0.0057737873867154,0.9091055393218994,0.9418526291847228,0.1627175062894821,0.0011192992096766,64,23334.0,3.5227386144836813e+18,3058458880,144804864,8,0.0011192992096766,1592524800.0,1.837458287343828e+18,12171.0,1.735117957533383,1.7524382952979354,bin_2
config_205,768,15,16,0.0057737873867154,0.9091055393218994,0.9418526291847228,0.1627175062894821,0.0011192992096766,64,23334.0,3.5227386144836813e+18,3058458880,144804864,8,1.0025335386988242e-05,3053977600.0,3.5227386144836813e+18,23334.0,1.612430296335064,1.6285530374870925,bin_2
config_206,1152,16,24,0.1280514597892761,0.8733367919921875,0.9942353963851928,0.1800023913383484,7.440282206516713e-05,128,44121.0,2.694114875819321e+19,11566084096,312761088,8,7.440282206516713e-05,1599078400.0,3.7162310768650726e+18,6086.0,1.8384484063211035,1.858094018639111,bin_3
config_206,1152,16,24,0.1280514597892761,0.8733367919921875,0.9942353963851928,0.1800023913383484,7.440282206516713e-05,128,44121.0,2.694114875819321e+19,11566084096,312761088,8,7.440282206516713e-05,3185049600.0,7.431851534098718e+18,12171.0,1.6967174275976713,1.7154122051059222,bin_3
config_206,1152,16,24,0.1280514597892761,0.8733367919921875,0.9942353963851928,0.1800023913383484,7.440282206516713e-05,128,44121.0,2.694114875819321e+19,11566084096,312761088,8,7.440282206516713e-05,4784128000.0,1.114808261096379e+19,18257.0,1.6341832976263078,1.6506037815086176,bin_3
config_206,1152,16,24,0.1280514597892761,0.8733367919921875,0.9942353963851928,0.1800023913383484,7.440282206516713e-05,128,44121.0,2.694114875819321e+19,11566084096,312761088,8,7.440282206516713e-05,6383206400.0,1.4863703068197435e+19,24342.0,1.5960945041257828,1.6119211046422115,bin_3
config_206,1152,16,24,0.1280514597892761,0.8733367919921875,0.9942353963851928,0.1800023913383484,7.440282206516713e-05,128,44121.0,2.694114875819321e+19,11566084096,312761088,8,7.440282206516713e-05,7982284800.0,1.8579934145062502e+19,30428.0,1.567803124971077,1.5835164518629918,bin_3
config_206,1152,16,24,0.1280514597892761,0.8733367919921875,0.9942353963851928,0.1800023913383484,7.440282206516713e-05,128,44121.0,2.694114875819321e+19,11566084096,312761088,8,7.140459727473097e-05,9568256000.0,2.229616522192758e+19,36514.0,1.5451309075805006,1.5611037838459014,bin_3
config_206,1152,16,24,0.1280514597892761,0.8733367919921875,0.9942353963851928,0.1800023913383484,7.440282206516713e-05,128,44121.0,2.694114875819321e+19,11566084096,312761088,8,1.4250937207041833e-05,11167334400.0,2.601178567916123e+19,42599.0,1.5023414342129815,1.5172128905038365,bin_3
config_206,1152,16,24,0.1280514597892761,0.8733367919921875,0.9942353963851928,0.1800023913383484,7.440282206516713e-05,128,44121.0,2.694114875819321e+19,11566084096,312761088,8,1.96758501872364e-07,11560550400.0,2.694114875819321e+19,44121.0,1.4963754035312622,1.5110534561657514,bin_3
config_207,896,16,16,0.1296555697917938,0.9622085094451904,0.9009727239608764,0.1180628314614296,0.0034704774152487,64,19446.0,4.056484938513187e+18,2548851968,206558464,8,0.0034704774152487,1592524800.0,2.5389014803375503e+18,12171.0,1.8881011999239687,1.9071236340139728,bin_2
config_207,896,16,16,0.1296555697917938,0.9622085094451904,0.9009727239608764,0.1180628314614296,0.0034704774152487,64,19446.0,4.056484938513187e+18,2548851968,206558464,8,6.95607673644634e-05,2542796800.0,4.056484938513187e+18,19446.0,1.6964413552987772,1.7138363751427073,bin_2
config_208,1088,22,8,0.1615364104509353,0.8139193058013916,0.93545401096344,0.0499356351792812,3.295508577139117e-05,32,5412.0,1.0163463939309772e+18,354740576,379513984,8,3.295508577139117e-05,176947200.0,5.0817319696548864e+17,2706.0,2.502087013369701,2.5281146806380788,bin_1
config_208,1088,22,8,0.1615364104509353,0.8139193058013916,0.93545401096344,0.0499356351792812,3.295508577139117e-05,32,5412.0,1.0163463939309772e+18,354740576,379513984,8,1.464670478728498e-06,353894400.0,1.0163463939309772e+18,5412.0,2.170787486209244,2.193210793968107,bin_1
config_209,1152,8,12,0.0079712504521012,0.884700357913971,0.9305753111839294,0.2760461568832397,0.0005633403779938,32,6111.0,5.360323756431606e+17,400496704,185340672,8,0.0005633403779938,199884800.0,2.6797232982979142e+17,3055.0,2.072519200180398,2.092891408771765,bin_0
config_209,1152,8,12,0.0079712504521012,0.884700357913971,0.9305753111839294,0.2760461568832397,0.0005633403779938,32,6111.0,5.360323756431606e+17,400496704,185340672,8,3.6754117188213297e-06,399769600.0,5.360323756431606e+17,6111.0,1.8717710927079936,1.891148660808313,bin_0
config_21,832,20,16,0.0300359409302473,0.977047085762024,0.9784560799598694,0.091295838356018,0.0004408876993693,128,54998.0,2.4254581429738144e+19,14417606656,212258176,8,0.0004408876993693,1599078400.0,2.683977282471842e+18,6086.0,1.4649132853115256,1.4778889153359018,bin_3
config_21,832,20,16,0.0300359409302473,0.977047085762024,0.9784560799598694,0.091295838356018,0.0004408876993693,128,54998.0,2.4254581429738144e+19,14417606656,212258176,8,0.0004408876993693,3185049600.0,5.367513556517382e+18,12171.0,1.5314767292207565,1.5446183381916685,bin_3
config_21,832,20,16,0.0300359409302473,0.977047085762024,0.9784560799598694,0.091295838356018,0.0004408876993693,128,54998.0,2.4254581429738144e+19,14417606656,212258176,8,0.0004408876993693,4784128000.0,8.051490838989223e+18,18257.0,1.6277465181272917,1.6444510220319613,bin_3
config_21,832,20,16,0.0300359409302473,0.977047085762024,0.9784560799598694,0.091295838356018,0.0004408876993693,128,54998.0,2.4254581429738144e+19,14417606656,212258176,8,0.0004408876993693,6383206400.0,1.0735027113034764e+19,24342.0,1.5857315201406703,1.6007124749659063,bin_3
config_21,832,20,16,0.0300359409302473,0.977047085762024,0.9784560799598694,0.091295838356018,0.0004408876993693,128,54998.0,2.4254581429738144e+19,14417606656,212258176,8,0.0004408876993693,7982284800.0,1.3419004395506604e+19,30428.0,1.4642128753618011,1.477148874314903,bin_3
config_21,832,20,16,0.0300359409302473,0.977047085762024,0.9784560799598694,0.091295838356018,0.0004408876993693,128,54998.0,2.4254581429738144e+19,14417606656,212258176,8,0.0004408876993693,9568256000.0,1.6102981677978446e+19,36514.0,1.513736426604878,1.5270311568688772,bin_3
config_21,832,20,16,0.0300359409302473,0.977047085762024,0.9784560799598694,0.091295838356018,0.0004408876993693,128,54998.0,2.4254581429738144e+19,14417606656,212258176,8,0.0004408876993693,11167334400.0,1.8786517952023982e+19,42599.0,1.560516895872657,1.5750148054056965,bin_3
config_21,832,20,16,0.0300359409302473,0.977047085762024,0.9784560799598694,0.091295838356018,0.0004408876993693,128,54998.0,2.4254581429738144e+19,14417606656,212258176,8,0.0004408876993693,12766412800.0,2.147049523449583e+19,48685.0,1.521975519300027,1.535227261446135,bin_3
config_21,832,20,16,0.0300359409302473,0.977047085762024,0.9784560799598694,0.091295838356018,0.0004408876993693,128,54998.0,2.4254581429738144e+19,14417606656,212258176,8,2.177656830185153e-05,14352384000.0,2.415403150854137e+19,54770.0,1.7260072040859291,1.7438876525232387,bin_3
config_21,832,20,16,0.0300359409302473,0.977047085762024,0.9784560799598694,0.091295838356018,0.0004408876993693,128,54998.0,2.4254581429738144e+19,14417606656,212258176,8,4.2148196713260905e-06,14404812800.0,2.4254581429738144e+19,54998.0,1.54476376626823,1.5583773749626784,bin_3
config_210,1152,8,8,0.0081880623474717,0.8163630366325378,0.9949122071266174,0.1082334890961647,0.0015811843331903,64,9347.0,1.6397537972576256e+18,1225142400,185340672,8,0.0015811843331903,609484800.0,8.197891831159607e+17,4673.0,3.0010180517493703,3.032200602468897,bin_2
config_210,1152,8,8,0.0081880623474717,0.8163630366325378,0.9949122071266174,0.1082334890961647,0.0015811843331903,64,9347.0,1.6397537972576256e+18,1225142400,185340672,8,7.350708571705758e-05,1218969600.0,1.6397537972576256e+18,9347.0,2.8626298007808746,2.8932642235912263,bin_2
config_211,576,6,8,0.0021490943618118,0.9388176202774048,0.9054804444313048,0.0451525598764419,0.0006428630440495,64,42132.0,2.220129869709312e+18,5522447360,52854912,16,0.0006428630440495,1592524800.0,6.413462604251409e+17,12171.0,1.8545954073061708,1.874437155958082,bin_2
config_211,576,6,8,0.0021490943618118,0.9388176202774048,0.9054804444313048,0.0451525598764419,0.0006428630440495,64,42132.0,2.220129869709312e+18,5522447360,52854912,16,0.0006428630440495,3191603200.0,1.2826925208502815e+18,24342.0,1.8007382795458935,1.8201922599214024,bin_2
config_211,576,6,8,0.0021490943618118,0.9388176202774048,0.9054804444313048,0.0451525598764419,0.0006428630440495,64,42132.0,2.220129869709312e+18,5522447360,52854912,16,0.0006428630440495,4784128000.0,1.9240914758987423e+18,36514.0,1.7761145939201606,1.7949135161227867,bin_2
config_211,576,6,8,0.0021490943618118,0.9388176202774048,0.9054804444313048,0.0451525598764419,0.0006428630440495,64,42132.0,2.220129869709312e+18,5522447360,52854912,16,1.0815782023967891e-05,5518131200.0,2.220129869709312e+18,42132.0,1.7168820369439046,1.734849708705652,bin_2
config_212,384,11,16,0.0880805552005767,0.8167279362678528,0.9445584416389464,0.1777094900608062,0.0002531666250433,32,5630.0,1.2413522770454938e+17,368975264,38779392,16,0.0002531666250433,183500800.0,6.206761385227469e+16,2815.0,2.3454991238625325,2.3688966855846467,bin_0
config_212,384,11,16,0.0880805552005767,0.8167279362678528,0.9445584416389464,0.1777094900608062,0.0002531666250433,32,5630.0,1.2413522770454938e+17,368975264,38779392,16,7.594998751301316e-06,367001600.0,1.2413522770454938e+17,5630.0,2.09967833659688,2.120116409004712,bin_0
config_213,1088,5,8,0.0316794402897357,0.8535974025726318,0.9638176560401917,0.0973559096455574,0.0001746552297845,64,14550.0,1.725537892505813e+18,1907174912,128523264,16,0.0001746552297845,1592524800.0,1.4434035525558935e+18,12171.0,1.7928907444437996,1.8127990278259651,bin_2
config_213,1088,5,8,0.0316794402897357,0.8535974025726318,0.9638176560401917,0.0973559096455574,0.0001746552297845,64,14550.0,1.725537892505813e+18,1907174912,128523264,16,0.0,1907097600.0,1.725537892505813e+18,14550.0,1.7320859935635426,1.75142890035129,bin_2
config_214,512,22,16,0.0020820929203182,0.8292973041534424,0.9081192016601562,0.1115973144769668,0.0030502434819936,64,33727.0,3.895171972765581e+18,4420734976,100738048,8,0.0030502434819936,1592524800.0,1.4056434927663263e+18,12171.0,1.7873142847663066,1.8050673583882757,bin_2
config_214,512,22,16,0.0020820929203182,0.8292973041534424,0.9081192016601562,0.1115973144769668,0.0030502434819936,64,33727.0,3.895171972765581e+18,4420734976,100738048,8,0.0030502434819936,3191603200.0,2.8112869855326525e+18,24342.0,1.7290609212781562,1.746126963642777,bin_2
config_214,512,22,16,0.0020820929203182,0.8292973041534424,0.9081192016601562,0.1115973144769668,0.0030502434819936,64,33727.0,3.895171972765581e+18,4420734976,100738048,8,2.18858820127104e-05,4417126400.0,3.895171972765581e+18,33727.0,1.6363867415365625,1.652381468092809,bin_2
config_215,1024,11,16,0.0114380586892366,0.894997775554657,0.9396002888679504,0.0843763425946235,0.0004949926515109,64,68541.0,1.2878285605699584e+19,8983808000,192802816,8,0.0004949926515109,1592524800.0,2.2868299865331648e+18,12171.0,1.7394913868825943,1.7579420374651424,bin_3
config_215,1024,11,16,0.0114380586892366,0.894997775554657,0.9396002888679504,0.0843763425946235,0.0004949926515109,64,68541.0,1.2878285605699584e+19,8983808000,192802816,8,0.0004949926515109,3191603200.0,4.5736599730663296e+18,24342.0,1.662531236644651,1.6802798067937132,bin_3
config_215,1024,11,16,0.0114380586892366,0.894997775554657,0.9396002888679504,0.0843763425946235,0.0004949926515109,64,68541.0,1.2878285605699584e+19,8983808000,192802816,8,0.0004949926515109,4784128000.0,6.86067785130819e+18,36514.0,1.6301136618754903,1.645576022707048,bin_3
config_215,1024,11,16,0.0114380586892366,0.894997775554657,0.9396002888679504,0.0843763425946235,0.0004949926515109,64,68541.0,1.2878285605699584e+19,8983808000,192802816,8,0.0004949926515109,6383206400.0,9.147507837841354e+18,48685.0,1.6104019762844335,1.6246957055467075,bin_3
config_215,1024,11,16,0.0114380586892366,0.894997775554657,0.9396002888679504,0.0843763425946235,0.0004949926515109,64,68541.0,1.2878285605699584e+19,8983808000,192802816,8,0.0004949926515109,7975731200.0,1.1434337824374518e+19,60856.0,1.595594953963014,1.6096760665784116,bin_3
config_215,1024,11,16,0.0114380586892366,0.894997775554657,0.9396002888679504,0.0843763425946235,0.0004949926515109,64,68541.0,1.2878285605699584e+19,8983808000,192802816,8,3.509372075384781e-06,8978432000.0,1.2878285605699584e+19,68541.0,1.5296394878919006,1.5448154218470465,bin_3
config_216,640,4,20,0.0010342149762436,0.9683133959770204,0.9143857359886168,0.2372587025165558,0.0001819146709749,128,50000.0,4.952929159190938e+18,13107314688,52499200,16,0.0001819146709749,1599078400.0,6.028705372567209e+17,6086.0,1.9617488164979904,1.9833990136912607,bin_3
config_216,640,4,20,0.0010342149762436,0.9683133959770204,0.9143857359886168,0.2372587025165558,0.0001819146709749,128,50000.0,4.952929159190938e+18,13107314688,52499200,16,0.0001819146709749,3185049600.0,1.205642015930258e+18,12171.0,1.8504646313776736,1.8707714746819168,bin_3
config_216,640,4,20,0.0010342149762436,0.9683133959770204,0.9143857359886168,0.2372587025165558,0.0001819146709749,128,50000.0,4.952929159190938e+18,13107314688,52499200,16,0.0001819146709749,4784128000.0,1.808512553186979e+18,18257.0,1.8078704640122711,1.8264203056741932,bin_3
config_216,640,4,20,0.0010342149762436,0.9683133959770204,0.9143857359886168,0.2372587025165558,0.0001819146709749,128,50000.0,4.952929159190938e+18,13107314688,52499200,16,0.0001819146709749,6383206400.0,2.411284031860516e+18,24342.0,1.7815964231334749,1.8000837969779968,bin_3
config_216,640,4,20,0.0010342149762436,0.9683133959770204,0.9143857359886168,0.2372587025165558,0.0001819146709749,128,50000.0,4.952929159190938e+18,13107314688,52499200,16,0.0001819146709749,7982284800.0,3.0141545691172367e+18,30428.0,1.7644560830319511,1.7825516590524892,bin_3
config_216,640,4,20,0.0010342149762436,0.9683133959770204,0.9143857359886168,0.2372587025165558,0.0001819146709749,128,50000.0,4.952929159190938e+18,13107314688,52499200,16,0.0001819146709749,9568256000.0,3.617025106373958e+18,36514.0,1.7492308581461673,1.7692059856946352,bin_3
config_216,640,4,20,0.0010342149762436,0.9683133959770204,0.9143857359886168,0.2372587025165558,0.0001819146709749,128,50000.0,4.952929159190938e+18,13107314688,52499200,16,0.0001134858004733,11167334400.0,4.219796585047495e+18,42599.0,1.7270330046044022,1.7462981942833449,bin_3
config_216,640,4,20,0.0010342149762436,0.9683133959770204,0.9143857359886168,0.2372587025165558,0.0001819146709749,128,50000.0,4.952929159190938e+18,13107314688,52499200,16,1.9936694677746744e-05,12766412800.0,4.822667122304216e+18,48685.0,1.703382330292561,1.7222829567408953,bin_3
config_216,640,4,20,0.0010342149762436,0.9683133959770204,0.9143857359886168,0.2372587025165558,0.0001819146709749,128,50000.0,4.952929159190938e+18,13107314688,52499200,16,0.0,13107200000.0,4.952929159190938e+18,50000.0,1.7006125931270788,1.7191099211036185,bin_3
config_217,640,15,10,0.0286927781999111,0.8349365592002869,0.9655855894088744,0.0864721164107322,2.718383802857716e-05,64,74709.0,8.67702079988564e+18,9792295936,108382720,8,2.718383802857716e-05,1592524800.0,1.413591671089268e+18,12171.0,2.109686440854776,2.1319353945138024,bin_3
config_217,640,15,10,0.0286927781999111,0.8349365592002869,0.9655855894088744,0.0864721164107322,2.718383802857716e-05,64,74709.0,8.67702079988564e+18,9792295936,108382720,8,2.718383802857716e-05,3191603200.0,2.827183342178536e+18,24342.0,1.907352627789388,1.928239935616978,bin_3
config_217,640,15,10,0.0286927781999111,0.8349365592002869,0.9655855894088744,0.0864721164107322,2.718383802857716e-05,64,74709.0,8.67702079988564e+18,9792295936,108382720,8,2.718383802857716e-05,4784128000.0,4.24089115751816e+18,36514.0,1.8286133047791775,1.847349398468361,bin_3
config_217,640,15,10,0.0286927781999111,0.8349365592002869,0.9655855894088744,0.0864721164107322,2.718383802857716e-05,64,74709.0,8.67702079988564e+18,9792295936,108382720,8,2.718383802857716e-05,6383206400.0,5.654482828607429e+18,48685.0,1.7815991235756483,1.7991880137412275,bin_3
config_217,640,15,10,0.0286927781999111,0.8349365592002869,0.9655855894088744,0.0864721164107322,2.718383802857716e-05,64,74709.0,8.67702079988564e+18,9792295936,108382720,8,2.718383802857716e-05,7975731200.0,7.068074499696696e+18,60856.0,1.7490070582999555,1.7666829084959186,bin_3
config_217,640,15,10,0.0286927781999111,0.8349365592002869,0.9655855894088744,0.0864721164107322,2.718383802857716e-05,64,74709.0,8.67702079988564e+18,9792295936,108382720,8,6.981112583499923e-06,9574809600.0,8.481666170785964e+18,73027.0,1.7078217254505783,1.7265793653003505,bin_3
config_217,640,15,10,0.0286927781999111,0.8349365592002869,0.9655855894088744,0.0864721164107322,2.718383802857716e-05,64,74709.0,8.67702079988564e+18,9792295936,108382720,8,3.787222016365154e-08,9791078400.0,8.67702079988564e+18,74709.0,1.7025282622751643,1.721203471715333,bin_3
config_218,1024,15,16,0.0374038219451904,0.9586784839630128,0.9632535576820374,0.0482639744877815,0.0072204219177365,32,3133.0,3.783856134209864e+17,205371536,244191232,8,0.0072204219177365,101580800.0,1.8913241960334013e+17,1566.0,3.51868580028659,3.550248776302963,bin_0
config_218,1024,15,16,0.0374038219451904,0.9586784839630128,0.9632535576820374,0.0482639744877815,0.0072204219177365,32,3133.0,3.783856134209864e+17,205371536,244191232,8,0.0015779730018894,203161600.0,3.783856134209864e+17,3133.0,3.4855002605328798,3.5192315769977256,bin_0
config_22,1024,17,16,0.0110320840030908,0.8064497709274292,0.956723928451538,0.2669802904129028,2.7464457161840983e-05,64,17016.0,4.565343240459387e+18,2230351360,269885440,8,2.7464457161840983e-05,1592524800.0,3.265443851647344e+18,12171.0,1.9315993457552163,1.9514675925951133,bin_3
config_22,1024,17,16,0.0110320840030908,0.8064497709274292,0.956723928451538,0.2669802904129028,2.7464457161840983e-05,64,17016.0,4.565343240459387e+18,2230351360,269885440,8,9.674841800736448e-08,2228224000.0,4.565343240459387e+18,17016.0,1.8520887708921276,1.8711459554354413,bin_3
config_220,1024,12,8,0.0324628613889217,0.9000729918479919,0.945777952671051,0.2702809274196625,0.0069995243102312,32,8620.0,8.676492543672975e+17,564972992,205649920,8,0.0069995243102312,281804800.0,4.338246271836488e+17,4310.0,3.401690028925411,3.4356144394640062,bin_1
config_220,1024,12,8,0.0324628613889217,0.9000729918479919,0.945777952671051,0.2702809274196625,0.0069995243102312,32,8620.0,8.676492543672975e+17,564972992,205649920,8,6.010755096806566e-05,563609600.0,8.676492543672975e+17,8620.0,3.1933500297733994,3.22666996678368,bin_1
config_221,320,19,20,0.0030138015281409,0.8582115173339844,0.9292458295822144,0.0838848948478698,0.0033980917651206,64,20982.0,1.1130554882595226e+18,2750221312,42561280,16,0.0033980917651206,1592524800.0,6.456485724719592e+17,12171.0,1.887714033126831,1.907959403561764,bin_1
config_221,320,19,20,0.0030138015281409,0.8582115173339844,0.9292458295822144,0.0838848948478698,0.0033980917651206,64,20982.0,1.1130554882595226e+18,2750221312,42561280,16,6.178348663855643e-05,2745958400.0,1.1130554882595226e+18,20982.0,1.7797801368744648,1.7986269382961462,bin_1
config_223,512,10,4,0.0065804910846054,0.8704584240913391,0.9597530961036682,0.2560728788375854,0.0002472805790603,32,8213.0,2.6094796328750285e+17,538311872,59831296,16,0.0002472805790603,268697600.0,1.3045809536813427e+17,4106.0,2.1027969149292494,2.12477067365021,bin_0
config_223,512,10,4,0.0065804910846054,0.8704584240913391,0.9597530961036682,0.2560728788375854,0.0002472805790603,32,8213.0,2.6094796328750285e+17,538311872,59831296,16,1.528600821580628e-06,537395200.0,2.6094796328750285e+17,8213.0,1.9300240950897087,1.9508547378368064,bin_0
config_224,704,14,4,0.0100693516433238,0.9717346429824828,0.9825246334075928,0.0453036911785602,3.239429497625679e-05,64,32451.0,4.187361087660884e+18,4253504512,123725184,8,3.239429497625679e-05,1592524800.0,1.5705023511731725e+18,12171.0,1.96406298277808,1.984683691419539,bin_2
config_224,704,14,4,0.0100693516433238,0.9717346429824828,0.9825246334075928,0.0453036911785602,3.239429497625679e-05,64,32451.0,4.187361087660884e+18,4253504512,123725184,8,3.239429497625679e-05,3191603200.0,3.141004702346345e+18,24342.0,1.8197742703312731,1.8390357373386133,bin_2
config_224,704,14,4,0.0100693516433238,0.9717346429824828,0.9825246334075928,0.0453036911785602,3.239429497625679e-05,64,32451.0,4.187361087660884e+18,4253504512,123725184,8,2.203693535799827e-08,4253286400.0,4.187361087660884e+18,32451.0,1.7564282353393368,1.7752274720395198,bin_2
config_225,704,11,16,0.0215001329779624,0.8420057892799377,0.9875066876411438,0.0428169816732406,0.0088472785428166,32,10732.0,5.7605603877022925e+17,703361664,104797440,16,0.0088472785428166,350617600.0,2.8802801938511462e+17,5366.0,3.454745417735616,3.4882898904456465,bin_1
config_225,704,11,16,0.0215001329779624,0.8420057892799377,0.9875066876411438,0.0428169816732406,0.0088472785428166,32,10732.0,5.7605603877022925e+17,703361664,104797440,16,0.0006168037328325,701235200.0,5.7605603877022925e+17,10732.0,3.3653405406045134,3.40040617778653,bin_1
config_226,1152,17,18,0.1853440105915069,0.9161006808280944,0.935006320476532,0.0357707627117633,0.0014292931882664,32,4701.0,7.557990675718717e+17,308088736,328688640,8,0.0014292931882664,154009600.0,3.7781914673343936e+17,2350.0,2.652756977745744,2.680591366349674,bin_1
config_226,1152,17,18,0.1853440105915069,0.9161006808280944,0.935006320476532,0.0357707627117633,0.0014292931882664,32,4701.0,7.557990675718717e+17,308088736,328688640,8,8.507697549205075e-06,308019200.0,7.557990675718717e+17,4701.0,2.7621757168848005,2.790033613853767,bin_1
config_227,832,13,16,0.0087939342483878,0.8717712759971619,0.9271061420440674,0.1865526288747787,1.1683040611387696e-05,32,4526.0,3.5040691499913216e+17,296620224,152608768,8,1.1683040611387696e-05,147456000.0,1.7520345749956608e+17,2263.0,3.0301118206196143,3.060919059964477,bin_0
config_227,832,13,16,0.0087939342483878,0.8717712759971619,0.9271061420440674,0.1865526288747787,1.1683040611387696e-05,32,4526.0,3.5040691499913216e+17,296620224,152608768,8,3.599040946636016e-07,294912000.0,3.5040691499913216e+17,4526.0,2.822460675864923,2.851407443343616,bin_0
config_228,704,18,4,0.0399384871125221,0.9040734171867372,0.990315079689026,0.1099712327122688,1.9380742742214352e-05,64,22573.0,3.5653836083901235e+18,2958716928,148962176,8,1.9380742742214352e-05,1592524800.0,1.9223977272722363e+18,12171.0,2.069617965065065,2.090827320599165,bin_2
config_228,704,18,4,0.0399384871125221,0.9040734171867372,0.990315079689026,0.1099712327122688,1.9380742742214352e-05,64,22573.0,3.5653836083901235e+18,2958716928,148962176,8,1.7959592388031e-07,2955673600.0,3.5653836083901235e+18,22573.0,1.8964572584042785,1.9159705004926588,bin_2
config_229,512,4,16,0.0018442793516442,0.9879359602928162,0.9148320555686952,0.0184668134897947,0.0022235468495637,32,4208.0,7.903460949884928e+16,275793664,39377920,16,0.0022235468495637,137625600.0,3.951730474942464e+16,2104.0,3.354310495579829,3.3905729525988217,bin_0
config_229,512,4,16,0.0018442793516442,0.9879359602928162,0.9148320555686952,0.0184668134897947,0.0022235468495637,32,4208.0,7.903460949884928e+16,275793664,39377920,16,0.0002310178545001,275251200.0,7.903460949884928e+16,4208.0,3.278112542121137,3.3121941311633,bin_0
config_23,512,19,16,0.0128449872136116,0.8817463517189026,0.9352611899375916,0.1104201823472976,0.0053081442601978,32,5347.0,2.7406118713393152e+17,350451264,90511360,8,0.0053081442601978,173670400.0,1.3700496600130894e+17,2673.0,3.354164859701376,3.387270878690188,bin_0
config_23,512,19,16,0.0128449872136116,0.8817463517189026,0.9352611899375916,0.1104201823472976,0.0053081442601978,32,5347.0,2.7406118713393152e+17,350451264,90511360,8,0.0004228521698801,347340800.0,2.7406118713393152e+17,5347.0,3.2304822241282856,3.2641069165995864,bin_0
config_230,640,10,10,0.0160612966865301,0.9632174372673036,0.9026671648025512,0.0283447820693254,7.486332469852641e-05,64,71492.0,6.13863940241621e+18,9370645504,82981120,16,7.486332469852641e-05,1592524800.0,1.0450593096683222e+18,12171.0,1.9091608470776045,1.930177477422308,bin_3
config_230,640,10,10,0.0160612966865301,0.9632174372673036,0.9026671648025512,0.0283447820693254,7.486332469852641e-05,64,71492.0,6.13863940241621e+18,9370645504,82981120,16,7.486332469852641e-05,3191603200.0,2.0901186193366444e+18,24342.0,1.7940512019688966,1.813487356178096,bin_3
config_230,640,10,10,0.0160612966865301,0.9632174372673036,0.9026671648025512,0.0283447820693254,7.486332469852641e-05,64,71492.0,6.13863940241621e+18,9370645504,82981120,16,7.486332469852641e-05,4784128000.0,3.135263793708744e+18,36514.0,1.7451857553153742,1.7631843874884434,bin_3
config_230,640,10,10,0.0160612966865301,0.9632174372673036,0.9026671648025512,0.0283447820693254,7.486332469852641e-05,64,71492.0,6.13863940241621e+18,9370645504,82981120,16,7.486332469852641e-05,6383206400.0,4.1803231033770655e+18,48685.0,1.7166669360536044,1.733628816096509,bin_3
config_230,640,10,10,0.0160612966865301,0.9632174372673036,0.9026671648025512,0.0283447820693254,7.486332469852641e-05,64,71492.0,6.13863940241621e+18,9370645504,82981120,16,7.486332469852641e-05,7975731200.0,5.225382413045388e+18,60856.0,1.6964713342854234,1.7133258412314245,bin_3
config_230,640,10,10,0.0160612966865301,0.9632174372673036,0.9026671648025512,0.0283447820693254,7.486332469852641e-05,64,71492.0,6.13863940241621e+18,9370645504,82981120,16,1.5519544113218643e-06,9365094400.0,6.13863940241621e+18,71492.0,1.6568258378935643,1.67394110824241,bin_3
config_231,448,8,8,0.1367519795894622,0.8640304803848267,0.90659499168396,0.0998118296265602,1.1065585567848755e-05,32,7425.0,1.6757083768836096e+17,486649920,42716800,16,1.1065585567848755e-05,242483200.0,8.377413461268632e+16,3712.0,3.139520283292552,3.1727409528513424,bin_0
config_231,448,8,8,0.1367519795894622,0.8640304803848267,0.90659499168396,0.0998118296265602,1.1065585567848755e-05,32,7425.0,1.6757083768836096e+17,486649920,42716800,16,3.733328464186497e-07,484966400.0,1.6757083768836096e+17,7425.0,2.926259589664272,2.9568963773915025,bin_0
config_232,896,19,16,0.0012096071150153,0.9311397671699524,0.9063278436660768,0.1701404452323913,1.730688745738007e-05,32,7465.0,8.999114680669962e+17,489289472,236841472,8,1.730688745738007e-05,245760000.0,4.498954586505063e+17,3732.0,2.6965726360141256,2.724227864116919,bin_1
config_232,896,19,16,0.0012096071150153,0.9311397671699524,0.9063278436660768,0.1701404452323913,1.730688745738007e-05,32,7465.0,8.999114680669962e+17,489289472,236841472,8,2.044120565832311e-07,488243200.0,8.999114680669962e+17,7465.0,2.4297356691125964,2.455849669937228,bin_1
config_233,576,14,8,0.0028341829311102,0.945094883441925,0.9845348596572876,0.1750780642032623,0.0001151748219854,32,10724.0,4.964677524469924e+17,702845376,84714624,16,0.0001151748219854,350617600.0,2.482338762234962e+17,5362.0,2.0926039514385284,2.111646405986098,bin_0
config_233,576,14,8,0.0028341829311102,0.945094883441925,0.9845348596572876,0.1750780642032623,0.0001151748219854,32,10724.0,4.964677524469924e+17,702845376,84714624,16,1.4726668767448543e-06,701235200.0,4.964677524469924e+17,10724.0,1.903807691159796,1.9225187637766852,bin_0
config_234,1024,4,8,0.0072107329033315,0.9787518382072448,0.9616208076477052,0.1944755613803863,0.0001347081124549,64,38058.0,3.5809340125410755e+18,4988439552,102873088,16,0.0001347081124549,1592524800.0,1.1451875523316367e+18,12171.0,1.8454962011634328,1.8658327206627268,bin_2
config_234,1024,4,8,0.0072107329033315,0.9787518382072448,0.9616208076477052,0.1944755613803863,0.0001347081124549,64,38058.0,3.5809340125410755e+18,4988439552,102873088,16,0.0001347081124549,3191603200.0,2.2903751046632732e+18,24342.0,1.7603327475219477,1.7801386344628256,bin_2
config_234,1024,4,8,0.0072107329033315,0.9787518382072448,0.9616208076477052,0.1944755613803863,0.0001347081124549,64,38058.0,3.5809340125410755e+18,4988439552,102873088,16,2.835768669164277e-05,4784128000.0,3.4356567484871726e+18,36514.0,1.6904304943319226,1.7070023116127389,bin_2
config_234,1024,4,8,0.0072107329033315,0.9787518382072448,0.9616208076477052,0.1944755613803863,0.0001347081124549,64,38058.0,3.5809340125410755e+18,4988439552,102873088,16,1.4561071471960577e-07,4987289600.0,3.5809340125410755e+18,38058.0,1.6828607604542716,1.6991288297293616,bin_2
config_235,640,5,4,0.0166207216680049,0.8390088677406311,0.9678124189376832,0.0067464355379343,0.0001447020622435,128,56113.0,6.238137151751455e+18,14709878784,57579520,16,0.0001447020622435,1599078400.0,6.765865789667163e+17,6086.0,1.961520637215161,1.9828271308883287,bin_3
config_235,640,5,4,0.0166207216680049,0.8390088677406311,0.9678124189376832,0.0067464355379343,0.0001447020622435,128,56113.0,6.238137151751455e+18,14709878784,57579520,16,0.0001447020622435,3185049600.0,1.3530619869543058e+18,12171.0,1.8424775825953876,1.862849642448738,bin_3
config_235,640,5,4,0.0166207216680049,0.8390088677406311,0.9678124189376832,0.0067464355379343,0.0001447020622435,128,56113.0,6.238137151751455e+18,14709878784,57579520,16,0.0001447020622435,4784128000.0,2.029648565921022e+18,18257.0,1.794802273179664,1.8128924228715115,bin_3
config_235,640,5,4,0.0166207216680049,0.8390088677406311,0.9678124189376832,0.0067464355379343,0.0001447020622435,128,56113.0,6.238137151751455e+18,14709878784,57579520,16,0.0001447020622435,6383206400.0,2.706123973908612e+18,24342.0,1.7670316758703013,1.7835930511599682,bin_3
config_235,640,5,4,0.0166207216680049,0.8390088677406311,0.9678124189376832,0.0067464355379343,0.0001447020622435,128,56113.0,6.238137151751455e+18,14709878784,57579520,16,0.0001447020622435,7982284800.0,3.3827105528753275e+18,30428.0,1.7479647936977325,1.7641958816325078,bin_3
config_235,640,5,4,0.0166207216680049,0.8390088677406311,0.9678124189376832,0.0067464355379343,0.0001447020622435,128,56113.0,6.238137151751455e+18,14709878784,57579520,16,0.0001447020622435,9568256000.0,4.059297131842044e+18,36514.0,1.730394818274701,1.7491793698951843,bin_3
config_235,640,5,4,0.0166207216680049,0.8390088677406311,0.9678124189376832,0.0067464355379343,0.0001447020622435,128,56113.0,6.238137151751455e+18,14709878784,57579520,16,0.0001447020622435,11167334400.0,4.735772539829634e+18,42599.0,1.718884711187394,1.7369230131243096,bin_3
config_235,640,5,4,0.0166207216680049,0.8390088677406311,0.9678124189376832,0.0067464355379343,0.0001447020622435,128,56113.0,6.238137151751455e+18,14709878784,57579520,16,0.0001447020622435,12766412800.0,5.41235911879635e+18,48685.0,1.710422181965875,1.7282523535509575,bin_3
config_235,640,5,4,0.0166207216680049,0.8390088677406311,0.9678124189376832,0.0067464355379343,0.0001447020622435,128,56113.0,6.238137151751455e+18,14709878784,57579520,16,0.0001447020622435,14352384000.0,6.08883452678394e+18,54770.0,1.7109396807092134,1.720983468040091,bin_3
config_235,640,5,4,0.0166207216680049,0.8390088677406311,0.9678124189376832,0.0067464355379343,0.0001447020622435,128,56113.0,6.238137151751455e+18,14709878784,57579520,16,4.976525950176573e-06,14706278400.0,6.238137151751455e+18,56113.0,1.6906470656394958,1.7012752809290026,bin_3
config_236,1088,24,4,0.0097922459244728,0.9681309461593628,0.969487190246582,0.2159206420183181,0.0004706831241492,32,11638.0,2.361143090537054e+18,762726272,409042304,8,0.0004706831241492,380108800.0,1.180571545268527e+18,5819.0,1.9093252876352087,1.9282978191727496,bin_2
config_236,1088,24,4,0.0097922459244728,0.9681309461593628,0.969487190246582,0.2159206420183181,0.0004706831241492,32,11638.0,2.361143090537054e+18,762726272,409042304,8,7.12020649588788e-06,760217600.0,2.361143090537054e+18,11638.0,1.7209755117775964,1.7398250416654055,bin_2
config_238,512,5,16,0.0786180272698402,0.9583942890167236,0.9177591800689696,0.0957598909735679,0.0001197840028908,64,68589.0,2.873267109268292e+18,8990150656,42786816,16,0.0001197840028908,1592524800.0,5.098563032979687e+17,12171.0,1.974190830559027,1.9959999882979471,bin_2
config_238,512,5,16,0.0786180272698402,0.9583942890167236,0.9177591800689696,0.0957598909735679,0.0001197840028908,64,68589.0,2.873267109268292e+18,8990150656,42786816,16,0.0001197840028908,3191603200.0,1.0197126065959374e+18,24342.0,1.8737983717683888,1.894995786166582,bin_2
config_238,512,5,16,0.0786180272698402,0.9583942890167236,0.9177591800689696,0.0957598909735679,0.0001197840028908,64,68589.0,2.873267109268292e+18,8990150656,42786816,16,0.0001197840028908,4784128000.0,1.5296108009713275e+18,36514.0,1.834470576731885,1.8539840112357844,bin_2
config_238,512,5,16,0.0786180272698402,0.9583942890167236,0.9177591800689696,0.0957598909735679,0.0001197840028908,64,68589.0,2.873267109268292e+18,8990150656,42786816,16,0.0001197840028908,6383206400.0,2.0394671042692964e+18,48685.0,1.8121464253644477,1.8314138080252973,bin_2
config_238,512,5,16,0.0786180272698402,0.9583942890167236,0.9177591800689696,0.0957598909735679,0.0001197840028908,64,68589.0,2.873267109268292e+18,8990150656,42786816,16,0.0001197840028908,7975731200.0,2.5493234075672653e+18,60856.0,1.7973511741200432,1.816348912872252,bin_2
config_238,512,5,16,0.0786180272698402,0.9583942890167236,0.9177591800689696,0.0957598909735679,0.0001197840028908,64,68589.0,2.873267109268292e+18,8990150656,42786816,16,7.112631109533403e-07,8984985600.0,2.873267109268292e+18,68589.0,1.748343592979869,1.768737702877795,bin_2
config_24,768,5,24,0.0375687181949615,0.9681217670440674,0.9104373455047609,0.0288956891745328,0.0006285262643359,64,50895.0,3.591534802529157e+18,6670942720,74010624,16,0.0006285262643359,1592524800.0,8.588774944804475e+17,12171.0,1.818893533339266,1.838883473677713,bin_2
config_24,768,5,24,0.0375687181949615,0.9681217670440674,0.9104373455047609,0.0288956891745328,0.0006285262643359,64,50895.0,3.591534802529157e+18,6670942720,74010624,16,0.0006285262643359,3191603200.0,1.717754988960895e+18,24342.0,1.7635503634077605,1.782359582517968,bin_2
config_24,768,5,24,0.0375687181949615,0.9681217670440674,0.9104373455047609,0.0288956891745328,0.0006285262643359,64,50895.0,3.591534802529157e+18,6670942720,74010624,16,0.0006285262643359,4784128000.0,2.576703050978478e+18,36514.0,1.7413625531509274,1.7576313522604643,bin_2
config_24,768,5,24,0.0375687181949615,0.9681217670440674,0.9104373455047609,0.0288956891745328,0.0006285262643359,64,50895.0,3.591534802529157e+18,6670942720,74010624,16,0.0006285262643359,6383206400.0,3.4355805454589256e+18,48685.0,1.727185091698756,1.742925832467001,bin_2
config_24,768,5,24,0.0375687181949615,0.9681217670440674,0.9104373455047609,0.0288956891745328,0.0006285262643359,64,50895.0,3.591534802529157e+18,6670942720,74010624,16,1.92405999286518e-05,6665011200.0,3.591534802529157e+18,50895.0,1.6719451241024206,1.6864203290861162,bin_2
config_241,896,11,16,0.1561229526996612,0.824482262134552,0.9044187664985656,0.2416485100984573,1.450438048777869e-05,64,21066.0,3.254358240044384e+18,2761164288,156086784,8,1.450438048777869e-05,1592524800.0,1.8802237795300577e+18,12171.0,2.2010581223300245,2.2242221921975496,bin_2
config_241,896,11,16,0.1561229526996612,0.824482262134552,0.9044187664985656,0.2416485100984573,1.450438048777869e-05,64,21066.0,3.254358240044384e+18,2761164288,156086784,8,4.559333748614006e-08,2759065600.0,3.254358240044384e+18,21066.0,2.047189003092344,2.069616350424094,bin_2
config_242,960,4,8,0.0199514832347631,0.9552431106567384,0.9658665060997008,0.0346337929368019,0.0028835874982178,64,9714.0,8.268394075302298e+17,1273259136,92511360,16,0.0028835874982178,635699200.0,4.134197037651149e+17,4857.0,1.949772497396,1.971135891969087,bin_1
config_242,960,4,8,0.0199514832347631,0.9552431106567384,0.9658665060997008,0.0346337929368019,0.0028835874982178,64,9714.0,8.268394075302298e+17,1273259136,92511360,16,0.0001201494790924,1271398400.0,8.268394075302298e+17,9714.0,1.8153943308845892,1.834286714108264,bin_1
config_243,960,20,16,0.0097154676914215,0.9685583114624025,0.9046288132667542,0.2653071880340576,0.0037286246661096,64,14985.0,4.1021859681755136e+18,1964122880,269489280,8,0.0026592832524329,1592524800.0,3.3318455401177293e+18,12171.0,3.258955325806727,3.2931258963366026,bin_2
config_243,960,20,16,0.0097154676914215,0.9685583114624025,0.9046288132667542,0.2653071880340576,0.0037286246661096,64,14985.0,4.1021859681755136e+18,1964122880,269489280,8,3.2830657437443646e-05,1959526400.0,4.1021859681755136e+18,14985.0,3.152508307480421,3.186298953744232,bin_2
config_244,256,4,16,0.0121004208922386,0.8728266954421997,0.962993323802948,0.0739754140377044,1.4641314010077622e-05,64,14230.0,2.2912100105197978e+17,1865220992,16281088,16,1.4641314010077622e-05,1592524800.0,1.9596849640222387e+17,12171.0,2.87084168316888,2.9014779924955523,bin_0
config_244,256,4,16,0.0121004208922386,0.8728266954421997,0.962993323802948,0.0739754140377044,1.4641314010077622e-05,64,14230.0,2.2912100105197978e+17,1865220992,16281088,16,4.1752796606685286e-07,1861222400.0,2.2912100105197978e+17,14230.0,2.8283099992939684,2.858447571426141,bin_0
config_245,256,24,16,0.0014359467895701,0.9754559993743896,0.907706618309021,0.2666901350021362,0.0081082070246338,64,37246.0,1.7130992303595848e+18,4881962496,33330688,16,0.0081082070246338,1592524800.0,5.597951654595528e+17,12171.0,3.4642764561293555,3.4942714100978414,bin_2
config_245,256,24,16,0.0014359467895701,0.9754559993743896,0.907706618309021,0.2666901350021362,0.0081082070246338,64,37246.0,1.7130992303595848e+18,4881962496,33330688,16,0.0081082070246338,3191603200.0,1.1195903309191055e+18,24342.0,3.399313416324678,3.4149698216797875,bin_2
config_245,256,24,16,0.0014359467895701,0.9754559993743896,0.907706618309021,0.2666901350021362,0.0081082070246338,64,37246.0,1.7130992303595848e+18,4881962496,33330688,16,0.000608952223938,4784128000.0,1.6794314905587146e+18,36514.0,3.166456242076686,3.1988532884003686,bin_2
config_245,256,24,16,0.0014359467895701,0.9754559993743896,0.907706618309021,0.2666901350021362,0.0081082070246338,64,37246.0,1.7130992303595848e+18,4881962496,33330688,16,3.754933284336702e-05,4875878400.0,1.7130992303595848e+18,37246.0,3.162598804880361,3.195441439112679,bin_2
config_246,1024,8,16,0.0042749219574034,0.9832297563552856,0.983565866947174,0.1073950082063674,3.982575799454935e-05,64,54469.0,8.044625773338821e+18,7139411456,154261504,16,3.982575799454935e-05,1592524800.0,1.797557147869555e+18,12171.0,1.9134971446678288,1.934258773561384,bin_3
config_246,1024,8,16,0.0042749219574034,0.9832297563552856,0.983565866947174,0.1073950082063674,3.982575799454935e-05,64,54469.0,8.044625773338821e+18,7139411456,154261504,16,3.982575799454935e-05,3191603200.0,3.59511429573911e+18,24342.0,1.7820385732025397,1.8017817407357888,bin_3
config_246,1024,8,16,0.0042749219574034,0.9832297563552856,0.983565866947174,0.1073950082063674,3.982575799454935e-05,64,54469.0,8.044625773338821e+18,7139411456,154261504,16,3.982575799454935e-05,4784128000.0,5.392819135429211e+18,36514.0,1.7258998134487966,1.743083167740556,bin_3
config_246,1024,8,16,0.0042749219574034,0.9832297563552856,0.983565866947174,0.1073950082063674,3.982575799454935e-05,64,54469.0,8.044625773338821e+18,7139411456,154261504,16,3.928103912986069e-05,6383206400.0,7.190376283298766e+18,48685.0,1.6897869813246804,1.7068129800186782,bin_3
config_246,1024,8,16,0.0042749219574034,0.9832297563552856,0.983565866947174,0.1073950082063674,3.982575799454935e-05,64,54469.0,8.044625773338821e+18,7139411456,154261504,16,1.2937073036355448e-07,7136870400.0,8.044625773338821e+18,54469.0,1.6565135381651706,1.6732014955458094,bin_3
config_247,320,11,20,0.0067448839545249,0.886860191822052,0.9277928471565248,0.2392595559358596,2.698613388929516e-05,32,4442.0,8.0052146740224e+16,291147840,31415040,16,2.698613388929516e-05,144179200.0,4.0026073370112e+16,2221.0,3.217718427845689,3.251809639149025,bin_0
config_247,320,11,20,0.0067448839545249,0.886860191822052,0.9277928471565248,0.2392595559358596,2.698613388929516e-05,32,4442.0,8.0052146740224e+16,291147840,31415040,16,1.0672482329099778e-06,288358400.0,8.0052146740224e+16,4442.0,2.972751537776384,3.004172098441202,bin_0
config_249,640,21,16,0.0022195363417267,0.9591811895370485,0.9919294714927672,0.2207741886377334,0.0007560073281638,64,32173.0,4.905840653057065e+18,4217088256,138864640,8,0.0007560073281638,1592524800.0,1.85587252007452e+18,12171.0,1.7135209929943085,1.731975689891909,bin_3
config_249,640,21,16,0.0022195363417267,0.9591811895370485,0.9919294714927672,0.2207741886377334,0.0007560073281638,64,32173.0,4.905840653057065e+18,4217088256,138864640,8,0.0007560073281638,3191603200.0,3.71174504014904e+18,24342.0,1.6393834531111795,1.6570448906304407,bin_3
config_249,640,21,16,0.0022195363417267,0.9591811895370485,0.9919294714927672,0.2207741886377334,0.0007560073281638,64,32173.0,4.905840653057065e+18,4217088256,138864640,8,2.44834814809461e-06,4213964800.0,4.905840653057065e+18,32173.0,1.5722970425496336,1.5892591498718889,bin_3
config_25,576,5,12,0.0093683768063783,0.8831959962844849,0.916224241256714,0.0240446273237466,1.0500752068764996e-05,64,55712.0,2.6578818396855337e+18,7302363648,48872448,16,1.0500752068764996e-05,1592524800.0,5.806483319717947e+17,12171.0,2.681574294528023,2.7100231022131247,bin_2
config_25,576,5,12,0.0093683768063783,0.8831959962844849,0.916224241256714,0.0240446273237466,1.0500752068764996e-05,64,55712.0,2.6578818396855337e+18,7302363648,48872448,16,1.0500752068764996e-05,3191603200.0,1.1612966639435894e+18,24342.0,2.3658991018670505,2.390629565598535,bin_2
config_25,576,5,12,0.0093683768063783,0.8831959962844849,0.916224241256714,0.0240446273237466,1.0500752068764996e-05,64,55712.0,2.6578818396855337e+18,7302363648,48872448,16,1.0500752068764996e-05,4784128000.0,1.7419927034440978e+18,36514.0,2.2098010174954523,2.2324588602879007,bin_2
config_25,576,5,12,0.0093683768063783,0.8831959962844849,0.916224241256714,0.0240446273237466,1.0500752068764996e-05,64,55712.0,2.6578818396855337e+18,7302363648,48872448,16,1.0500752068764996e-05,6383206400.0,2.3226410354158925e+18,48685.0,2.129521170952281,2.1512396863249483,bin_2
config_25,576,5,12,0.0093683768063783,0.8831959962844849,0.916224241256714,0.0240446273237466,1.0500752068764996e-05,64,55712.0,2.6578818396855337e+18,7302363648,48872448,16,9.410681465659457e-08,7300710400.0,2.6578818396855337e+18,55712.0,2.0901742914856456,2.112107823637665,bin_2
config_250,896,15,16,0.0039356108754873,0.881286084651947,0.9572030901908876,0.224277526140213,3.0575040000258014e-05,32,3906.0,3.86259552311722e+17,255984192,196464128,8,3.0575040000258014e-05,127795200.0,1.93129776155861e+17,1953.0,2.7698768362256345,2.7987029944091546,bin_0
config_250,896,15,16,0.0039356108754873,0.881286084651947,0.9572030901908876,0.224277526140213,3.0575040000258014e-05,32,3906.0,3.86259552311722e+17,255984192,196464128,8,2.0941808219354386e-07,255590400.0,3.86259552311722e+17,3906.0,2.502946289171938,2.5283484965074257,bin_0
config_251,1152,10,12,0.0256948322057724,0.8664553761482239,0.9594216346740724,0.1740366518497467,0.000444615870947,64,69150.0,1.437629306479077e+19,9063668736,217195776,8,0.000444615870947,1592524800.0,2.530352319473152e+18,12171.0,1.7278189993881787,1.7459658403279352,bin_3
config_251,1152,10,12,0.0256948322057724,0.8664553761482239,0.9594216346740724,0.1740366518497467,0.000444615870947,64,69150.0,1.437629306479077e+19,9063668736,217195776,8,0.000444615870947,3191603200.0,5.060704638946304e+18,24342.0,1.6490351917509172,1.666286978076716,bin_3
config_251,1152,10,12,0.0256948322057724,0.8664553761482239,0.9594216346740724,0.1740366518497467,0.000444615870947,64,69150.0,1.437629306479077e+19,9063668736,217195776,8,0.000444615870947,4784128000.0,7.591264858536083e+18,36514.0,1.6151033255506737,1.6304096476171837,bin_3
config_251,1152,10,12,0.0256948322057724,0.8664553761482239,0.9594216346740724,0.1740366518497467,0.000444615870947,64,69150.0,1.437629306479077e+19,9063668736,217195776,8,0.000444615870947,6383206400.0,1.0121617178009235e+19,48685.0,1.5953728580084003,1.6097350119958158,bin_3
config_251,1152,10,12,0.0256948322057724,0.8664553761482239,0.9594216346740724,0.1740366518497467,0.000444615870947,64,69150.0,1.437629306479077e+19,9063668736,217195776,8,0.0003066571155775,7975731200.0,1.2651969497482387e+19,60856.0,1.5609231445437572,1.5747588167620488,bin_3
config_251,1152,10,12,0.0256948322057724,0.8664553761482239,0.9594216346740724,0.1740366518497467,0.000444615870947,64,69150.0,1.437629306479077e+19,9063668736,217195776,8,0.0,9063628800.0,1.437629306479077e+19,69150.0,1.508094282365236,1.523205120798017,bin_3
config_252,1152,7,16,0.0073581109754741,0.8167036771774292,0.9361596703529358,0.1766027212142944,3.973675484303385e-05,64,26566.0,4.229270058051698e+18,3482153472,169413120,16,3.973675484303385e-05,1592524800.0,1.937606183714041e+18,12171.0,1.923231762549916,1.9435222156712264,bin_2
config_252,1152,7,16,0.0073581109754741,0.8167036771774292,0.9361596703529358,0.1766027212142944,3.973675484303385e-05,64,26566.0,4.229270058051698e+18,3482153472,169413120,16,1.8771402415724367e-05,3191603200.0,3.875212367428082e+18,24342.0,1.791956208416673,1.81115746654448,bin_2
config_252,1152,7,16,0.0073581109754741,0.8167036771774292,0.9361596703529358,0.1766027212142944,3.973675484303385e-05,64,26566.0,4.229270058051698e+18,3482153472,169413120,16,1.3553359144926905e-07,3479961600.0,4.229270058051698e+18,26566.0,1.7747041862519062,1.793595739309905,bin_2
config_253,256,9,16,0.0606688857078552,0.8122206330299377,0.9495726227760316,0.2543847262859344,2.2981621441431344e-05,32,11661.0,1.37449517975765e+17,764224704,20543488,16,2.2981621441431344e-05,383385600.0,6.871886543167052e+16,5830.0,3.0196316210950007,3.0515481840196204,bin_0
config_253,256,9,16,0.0606688857078552,0.8122206330299377,0.9495726227760316,0.2543847262859344,2.2981621441431344e-05,32,11661.0,1.37449517975765e+17,764224704,20543488,16,8.523190689674528e-08,763494400.0,1.37449517975765e+17,11661.0,2.8205883635849247,2.850595575864198,bin_0
config_254,832,18,16,0.0014520587865263,0.9431080222129822,0.9604704976081848,0.0490252561867237,1.7880396626424044e-05,64,70732.0,1.4269674745449677e+19,9271089152,195215488,8,1.7880396626424044e-05,1592524800.0,2.455412137743426e+18,12171.0,2.133787209889928,2.155914539059655,bin_3
config_254,832,18,16,0.0014520587865263,0.9431080222129822,0.9604704976081848,0.0490252561867237,1.7880396626424044e-05,64,70732.0,1.4269674745449677e+19,9271089152,195215488,8,1.7880396626424044e-05,3191603200.0,4.910824275486852e+18,24342.0,1.911218629469637,1.931957103658895,bin_3
config_254,832,18,16,0.0014520587865263,0.9431080222129822,0.9604704976081848,0.0490252561867237,1.7880396626424044e-05,64,70732.0,1.4269674745449677e+19,9271089152,195215488,8,1.7880396626424044e-05,4784128000.0,7.366438156072917e+18,36514.0,1.822083277213769,1.8401393643949853,bin_3
config_254,832,18,16,0.0014520587865263,0.9431080222129822,0.9604704976081848,0.0490252561867237,1.7880396626424044e-05,64,70732.0,1.4269674745449677e+19,9271089152,195215488,8,1.7880396626424044e-05,6383206400.0,9.821850293816345e+18,48685.0,1.769055953143073,1.7863572253946398,bin_3
config_254,832,18,16,0.0014520587865263,0.9431080222129822,0.9604704976081848,0.0490252561867237,1.7880396626424044e-05,64,70732.0,1.4269674745449677e+19,9271089152,195215488,8,1.7880396626424044e-05,7975731200.0,1.2277262431559768e+19,60856.0,1.7328103600369125,1.7496443251899032,bin_3
config_254,832,18,16,0.0014520587865263,0.9431080222129822,0.9604704976081848,0.0490252561867237,1.7880396626424044e-05,64,70732.0,1.4269674745449677e+19,9271089152,195215488,8,1.650339463644565e-07,9266790400.0,1.4269674745449677e+19,70732.0,1.691324779205635,1.7088618639062665,bin_3
config_255,320,16,16,0.0041961395181715,0.9791050553321838,0.927950084209442,0.2309212535619735,0.0001256780960829,32,6690.0,1.561200443891712e+17,438472448,38381440,16,0.0001256780960829,219545600.0,7.80600221945856e+16,3345.0,3.0164174642719206,3.0475789132665416,bin_0
config_255,320,16,16,0.0041961395181715,0.9791050553321838,0.927950084209442,0.2309212535619735,0.0001256780960829,32,6690.0,1.561200443891712e+17,438472448,38381440,16,3.255909224948012e-06,435814400.0,1.561200443891712e+17,6690.0,2.692452110853352,2.720769730239618,bin_0
config_256,320,7,10,0.0332165360450744,0.8064897656440735,0.953630030155182,0.193866565823555,0.0012097773142158,64,13863.0,3.8173791435595776e+17,1817168256,25841920,16,0.0007712499215674,1592524800.0,3.3514622777366816e+17,12171.0,1.8893113850765544,1.909602862225204,bin_0
config_256,320,7,10,0.0332165360450744,0.8064897656440735,0.953630030155182,0.193866565823555,0.0012097773142158,64,13863.0,3.8173791435595776e+17,1817168256,25841920,16,5.853035014814507e-06,1815347200.0,3.8173791435595776e+17,13863.0,1.840691421031952,1.8604897979048431,bin_0
config_258,256,14,16,0.0915262922644615,0.9447681903839112,0.9202937483787536,0.1037943586707115,0.0057521876879036,32,4351.0,6.754903230077338e+16,285172032,24805888,16,0.0057521876879036,144179200.0,3.3766753678276736e+16,2175.0,2.4711321697469617,2.4968871570806037,bin_0
config_258,256,14,16,0.0915262922644615,0.9447681903839112,0.9202937483787536,0.1037943586707115,0.0057521876879036,32,4351.0,6.754903230077338e+16,285172032,24805888,16,1.2754296425506774e-05,285081600.0,6.754903230077338e+16,4351.0,2.163031937489744,2.185017933571925,bin_0
config_26,1024,4,16,0.1883779764175415,0.9587985873222352,0.991377294063568,0.25727379322052,4.711580550065264e-05,64,35916.0,3.3793783278191247e+18,4707661312,102873088,16,4.711580550065264e-05,1592524800.0,1.1451835846944694e+18,12171.0,1.951977005083053,1.9728655155760344,bin_2
config_26,1024,4,16,0.1883779764175415,0.9587985873222352,0.991377294063568,0.25727379322052,4.711580550065264e-05,64,35916.0,3.3793783278191247e+18,4707661312,102873088,16,4.711580550065264e-05,3191603200.0,2.2903671693889388e+18,24342.0,1.8344672987109325,1.8546312977446884,bin_2
config_26,1024,4,16,0.1883779764175415,0.9587985873222352,0.991377294063568,0.25727379322052,4.711580550065264e-05,64,35916.0,3.3793783278191247e+18,4707661312,102873088,16,8.158581039073734e-08,4705484800.0,3.3793783278191247e+18,35916.0,1.7680297173437525,1.7860609293374858,bin_2
config_261,640,23,16,0.1013193577527999,0.877369225025177,0.9131836891174316,0.0856294333934784,0.0052501140162348,64,11383.0,1.8735546663100416e+18,1492004480,149025280,8,0.0052501140162348,747110400.0,9.366950369823812e+17,5691.0,3.675813355367692,3.7081566032425295,bin_2
config_261,640,23,16,0.1013193577527999,0.877369225025177,0.9131836891174316,0.0856294333934784,0.0052501140162348,64,11383.0,1.8735546663100416e+18,1492004480,149025280,8,0.0001778786062995,1487667200.0,1.8735546663100416e+18,11383.0,3.613873288436014,3.650935625678203,bin_2
config_262,640,7,20,0.0152613511309027,0.9343929290771484,0.9087176322937012,0.2953790426254272,0.0036164547782391,32,5984.0,2.025735563390976e+17,392216640,67740160,16,0.0036164547782391,196608000.0,1.012867781695488e+17,2992.0,3.2122405700214576,3.247091491574147,bin_0
config_262,640,7,20,0.0152613511309027,0.9343929290771484,0.9087176322937012,0.2953790426254272,0.0036164547782391,32,5984.0,2.025735563390976e+17,392216640,67740160,16,6.958656619135807e-05,389939200.0,2.025735563390976e+17,5984.0,2.98258665483506,3.0135911839125584,bin_0
config_263,320,17,16,0.0021297268103808,0.9189876317977904,0.9105565547943116,0.2053686380386352,0.001977928681299,64,29083.0,1.4191088119765402e+18,3811995136,39774720,16,0.001977928681299,1592524800.0,5.938855465586931e+17,12171.0,1.8722187170435167,1.8923256120525425,bin_1
config_263,320,17,16,0.0021297268103808,0.9189876317977904,0.9105565547943116,0.2053686380386352,0.001977928681299,64,29083.0,1.4191088119765402e+18,3811995136,39774720,16,0.0015675714080021,3191603200.0,1.1877710931173862e+18,24342.0,1.8068439325739123,1.826370233981336,bin_1
config_263,320,17,16,0.0021297268103808,0.9189876317977904,0.9105565547943116,0.2053686380386352,0.001977928681299,64,29083.0,1.4191088119765402e+18,3811995136,39774720,16,1.0929612605972694e-05,3807641600.0,1.4191088119765402e+18,29083.0,1.7416391922215946,1.7607481084886143,bin_1
config_264,832,20,16,0.0367078371345996,0.9458777904510498,0.9256864786148072,0.2296593487262725,1.86446777661331e-05,64,7920.0,1.7464713918441554e+18,1038151808,212258176,8,1.86446777661331e-05,517734400.0,8.732356959220777e+17,3960.0,2.5705090485439928,2.5974876570506176,bin_2
config_264,832,20,16,0.0367078371345996,0.9458777904510498,0.9256864786148072,0.2296593487262725,1.86446777661331e-05,64,7920.0,1.7464713918441554e+18,1038151808,212258176,8,2.051119666241256e-07,1035468800.0,1.7464713918441554e+18,7920.0,2.246335199914995,2.2698775304340923,bin_2
config_265,960,9,16,0.0263782795518636,0.9385005831718444,0.9463416934013368,0.1028058230876922,0.0049177194014191,32,11548.0,8.31851818743767e+17,756828224,147816960,16,0.0049177194014191,376832000.0,4.159259093718835e+17,5774.0,3.1931528872349224,3.2267678055216056,bin_1
config_265,960,9,16,0.0263782795518636,0.9385005831718444,0.9463416934013368,0.1028058230876922,0.0049177194014191,32,11548.0,8.31851818743767e+17,756828224,147816960,16,0.0001988631265948,753664000.0,8.31851818743767e+17,11548.0,3.022204484236045,3.05329207068584,bin_1
config_266,960,13,10,0.0063493219204247,0.9245458841323853,0.9697742462158204,0.2051762640476226,0.0011462841648608,32,5397.0,5.161063778528256e+17,353758816,192061440,8,0.0011462841648608,176947200.0,2.580053747353944e+17,2698.0,2.1820484685702404,2.204798230851283,bin_0
config_266,960,13,10,0.0063493219204247,0.9245458841323853,0.9697742462158204,0.2051762640476226,0.0011462841648608,32,5397.0,5.161063778528256e+17,353758816,192061440,8,4.8667891371688985e-05,350617600.0,5.161063778528256e+17,5397.0,1.964667898299264,1.9857719125317743,bin_0
config_267,384,24,12,0.0057418784126639,0.8900291919708252,0.9348431825637816,0.0855846256017685,1.181805146188708e-05,128,42622.0,6.671851560840462e+18,11173111808,61792512,16,1.181805146188708e-05,1599078400.0,9.526744075659296e+17,6086.0,2.8875133235337302,2.917737466077336,bin_3
config_267,384,24,12,0.0057418784126639,0.8900291919708252,0.9348431825637816,0.0855846256017685,1.181805146188708e-05,128,42622.0,6.671851560840462e+18,11173111808,61792512,16,1.181805146188708e-05,3185049600.0,1.905192279737912e+18,12171.0,2.606389870487276,2.6346635851312854,bin_3
config_267,384,24,12,0.0057418784126639,0.8900291919708252,0.9348431825637816,0.0855846256017685,1.181805146188708e-05,128,42622.0,6.671851560840462e+18,11173111808,61792512,16,1.181805146188708e-05,4784128000.0,2.8578666873038413e+18,18257.0,2.389873870357138,2.414252567252175,bin_3
config_267,384,24,12,0.0057418784126639,0.8900291919708252,0.9348431825637816,0.0855846256017685,1.181805146188708e-05,128,42622.0,6.671851560840462e+18,11173111808,61792512,16,1.181805146188708e-05,6383206400.0,3.810384559475823e+18,24342.0,2.2507462644967875,2.2732102946766086,bin_3
config_267,384,24,12,0.0057418784126639,0.8900291919708252,0.9348431825637816,0.0855846256017685,1.181805146188708e-05,128,42622.0,6.671851560840462e+18,11173111808,61792512,16,1.181805146188708e-05,7982284800.0,4.763058967041752e+18,30428.0,2.15822970788987,2.1803135747596865,bin_3
config_267,384,24,12,0.0057418784126639,0.8900291919708252,0.9348431825637816,0.0855846256017685,1.181805146188708e-05,128,42622.0,6.671851560840462e+18,11173111808,61792512,16,1.181805146188708e-05,9568256000.0,5.715733374607683e+18,36514.0,2.0942187302620683,2.1163146995716406,bin_3
config_267,384,24,12,0.0057418784126639,0.8900291919708252,0.9348431825637816,0.0855846256017685,1.181805146188708e-05,128,42622.0,6.671851560840462e+18,11173111808,61792512,16,7.129068608761027e-08,11167334400.0,6.668251246779664e+18,42599.0,2.045842171340692,2.067262057202761,bin_3
config_267,384,24,12,0.0057418784126639,0.8900291919708252,0.9348431825637816,0.0855846256017685,1.181805146188708e-05,128,42622.0,6.671851560840462e+18,11173111808,61792512,16,7.129068608761027e-08,11167334400.0,6.671851560840462e+18,42622.0,2.045821719599552,2.067232148920904,bin_3
config_268,512,20,16,0.0132315587252378,0.9523652791976928,0.971203863620758,0.1582098305225372,0.0001352336694253,64,37450.0,4.000819782442549e+18,4908657152,93920256,8,0.0001352336694253,1592524800.0,1.300239721551623e+18,12171.0,1.8362225853419696,1.8566359056801087,bin_2
config_268,512,20,16,0.0132315587252378,0.9523652791976928,0.971203863620758,0.1582098305225372,0.0001352336694253,64,37450.0,4.000819782442549e+18,4908657152,93920256,8,0.0001352336694253,3191603200.0,2.6004794431032453e+18,24342.0,1.738143188034902,1.7567044389052469,bin_2
config_268,512,20,16,0.0132315587252378,0.9523652791976928,0.971203863620758,0.1582098305225372,0.0001352336694253,64,37450.0,4.000819782442549e+18,4908657152,93920256,8,2.1686695805890087e-05,4784128000.0,3.900825995623692e+18,36514.0,1.6623014158889895,1.6788647163109702,bin_2
config_268,512,20,16,0.0132315587252378,0.9523652791976928,0.971203863620758,0.1582098305225372,0.0001352336694253,64,37450.0,4.000819782442549e+18,4908657152,93920256,8,0.0,4908646400.0,4.000819782442549e+18,37450.0,1.6577748745582144,1.6742418596392772,bin_2
config_269,1152,9,24,0.0026329786051064,0.8984911441802979,0.9733958840370178,0.2594406306743622,3.1542946089757606e-05,32,7458.0,7.14767177221079e+17,488802560,201268224,8,3.1542946089757606e-05,245760000.0,3.573835886105395e+17,3729.0,2.4250363088826665,2.4494913049408646,bin_1
config_269,1152,9,24,0.0026329786051064,0.8984911441802979,0.9733958840370178,0.2594406306743622,3.1542946089757606e-05,32,7458.0,7.14767177221079e+17,488802560,201268224,8,1.3047754328752049e-07,488243200.0,7.14767177221079e+17,7458.0,2.162712949631644,2.1850833748403145,bin_1
config_27,1088,16,16,0.1406401544809341,0.8610662221908569,0.9939342737197876,0.1830026060342788,3.582799035939388e-05,64,8196.0,2.33469858891468e+18,1074324736,290929024,8,3.582799035939388e-05,537395200.0,1.16734929445734e+18,4098.0,2.139994398003719,2.1622997131894848,bin_2
config_27,1088,16,16,0.1406401544809341,0.8610662221908569,0.9939342737197876,0.1830026060342788,3.582799035939388e-05,64,8196.0,2.33469858891468e+18,1074324736,290929024,8,1.0994580096945398e-06,1068236800.0,2.33469858891468e+18,8196.0,1.923981964451368,1.944166752764436,bin_2
config_270,1088,15,16,0.158280998468399,0.8818374872207642,0.9985269904136658,0.038118626922369,0.0002319696213817,32,4436.0,5.983692867962634e+17,290771584,276164864,8,0.0002319696213817,144179200.0,2.991846433981317e+17,2218.0,2.1182938053178004,2.1399661113004216,bin_1
config_270,1088,15,16,0.158280998468399,0.8818374872207642,0.9985269904136658,0.038118626922369,0.0002319696213817,32,4436.0,5.983692867962634e+17,290771584,276164864,8,4.9413647158236745e-05,288358400.0,5.983692867962634e+17,4436.0,1.9022766825019335,1.921603161565593,bin_1
config_271,320,9,10,0.007285482250154,0.942619800567627,0.9089280962944032,0.1454843878746032,0.0009413245134055,64,44580.0,1.4170671318771302e+18,5843255808,28628480,16,0.0009413245134055,1592524800.0,3.868803064620133e+17,12171.0,1.9093800661212108,1.9292180463915969,bin_1
config_271,320,9,10,0.007285482250154,0.942619800567627,0.9089280962944032,0.1454843878746032,0.0009413245134055,64,44580.0,1.4170671318771302e+18,5843255808,28628480,16,0.0009413245134055,3191603200.0,7.737606129240265e+17,24342.0,1.8625482715153303,1.881574619324481,bin_1
config_271,320,9,10,0.007285482250154,0.942619800567627,0.9089280962944032,0.1454843878746032,0.0009413245134055,64,44580.0,1.4170671318771302e+18,5843255808,28628480,16,0.0009413245134055,4784128000.0,1.1606727064459745e+18,36514.0,1.841426721752667,1.859030703599336,bin_1
config_271,320,9,10,0.007285482250154,0.942619800567627,0.9089280962944032,0.1454843878746032,0.0009413245134055,64,44580.0,1.4170671318771302e+18,5843255808,28628480,16,4.354623809123639e-06,5839257600.0,1.4170671318771302e+18,44580.0,1.7694388346203038,1.7861096956690805,bin_1
config_272,960,13,10,0.1097631156444549,0.8763185143470764,0.952290415763855,0.1890444606542587,0.0001887619873741,32,3184.0,3.045059529527808e+17,208719888,192061440,8,0.0001887619873741,104857600.0,1.522529764763904e+17,1592.0,2.3262817657970998,2.348948489759789,bin_0
config_272,960,13,10,0.1097631156444549,0.8763185143470764,0.952290415763855,0.1890444606542587,0.0001887619873741,32,3184.0,3.045059529527808e+17,208719888,192061440,8,1.0678714759936076e-05,206438400.0,3.045059529527808e+17,3184.0,2.046336592318582,2.066298662170035,bin_0
config_273,320,15,10,0.0057379072532057,0.9898402094841005,0.987259030342102,0.0477402657270431,0.004171370062977,32,14247.0,3.173096568331469e+17,933718912,36988160,16,0.004171370062977,465305600.0,1.5864369239997933e+17,7123.0,3.048239845995043,3.080128107383603,bin_0
config_273,320,15,10,0.0057379072532057,0.9898402094841005,0.987259030342102,0.0477402657270431,0.004171370062977,32,14247.0,3.173096568331469e+17,933718912,36988160,16,0.0002883152837645,930611200.0,3.173096568331469e+17,14247.0,2.9875179692565417,3.0199066492768583,bin_0
config_274,896,8,16,0.0013994369655847,0.9175933599472046,0.9839277863502502,0.0202722623944282,0.0036979857832193,64,28204.0,3.4413795728291267e+18,3696862208,125803776,16,0.0036979857832193,1592524800.0,1.4850741306517975e+18,12171.0,3.040233670297216,3.0728605753476503,bin_2
config_274,896,8,16,0.0013994369655847,0.9175933599472046,0.9839277863502502,0.0202722623944282,0.0036979857832193,64,28204.0,3.4413795728291267e+18,3696862208,125803776,16,0.0036979857832193,3191603200.0,2.970148261303595e+18,24342.0,2.8238311989581,2.8554813917347643,bin_2
config_274,896,8,16,0.0013994369655847,0.9175933599472046,0.9839277863502502,0.0202722623944282,0.0036979857832193,64,28204.0,3.4413795728291267e+18,3696862208,125803776,16,2.5905329479645068e-05,3696230400.0,3.4413795728291267e+18,28204.0,2.711744487715549,2.7419182205981896,bin_2
config_276,512,19,16,0.1484456360340118,0.9141913056373596,0.9700859785079956,0.0785673409700393,0.0003187198599334,64,9467.0,9.70384831461458e+17,1240863744,90511360,8,0.0003187198599334,622592000.0,4.851411648153671e+17,4733.0,1.9227239640618932,1.9426340469375984,bin_1
config_276,512,19,16,0.1484456360340118,0.9141913056373596,0.9700859785079956,0.0785673409700393,0.0003187198599334,64,9467.0,9.70384831461458e+17,1240863744,90511360,8,7.292379029433596e-06,1238630400.0,9.70384831461458e+17,9467.0,1.7639557781375823,1.7824906073632787,bin_1
config_279,576,10,6,0.0082534896209836,0.8475520610809326,0.942897081375122,0.1939813047647476,5.560690988204442e-05,64,11077.0,8.046670408903066e+17,1451959680,68784768,16,5.560690988204442e-05,727449600.0,4.022971989212348e+17,5538.0,2.186834574918278,2.209444077093093,bin_1
config_279,576,10,6,0.0082534896209836,0.8475520610809326,0.942897081375122,0.1939813047647476,5.560690988204442e-05,64,11077.0,8.046670408903066e+17,1451959680,68784768,16,6.989695376234632e-07,1448345600.0,8.046670408903066e+17,11077.0,1.9895507836341857,2.01096896601505,bin_1
config_280,640,22,8,0.0407310873270034,0.8881247043609619,0.921944260597229,0.1636008620262146,0.0008252391708083,32,15164.0,1.2020419835132314e+18,993811584,143944960,8,0.0008252391708083,498073600.0,6.010209917566157e+17,7582.0,1.9527185985103983,1.9728367414826251,bin_1
config_280,640,22,8,0.0407310873270034,0.8881247043609619,0.921944260597229,0.1636008620262146,0.0008252391708083,32,15164.0,1.2020419835132314e+18,993811584,143944960,8,4.658608222305252e-06,992870400.0,1.2020419835132314e+18,15164.0,1.7752920687003213,1.7937481660921066,bin_1
config_281,1088,22,8,0.0486693158745765,0.9689316749572754,0.9904478192329408,0.1163442358374595,0.0080355471000075,64,18037.0,6.773610356925235e+18,2364227840,379513984,8,0.0080355471000075,1592524800.0,4.570694220443368e+18,12171.0,3.6066878545479697,3.639766577970786,bin_3
config_281,1088,22,8,0.0486693158745765,0.9689316749572754,0.9904478192329408,0.1163442358374595,0.0080355471000075,64,18037.0,6.773610356925235e+18,2364227840,379513984,8,0.0001417136523833,2359296000.0,6.773610356925235e+18,18037.0,3.520491738827502,3.5577624015339087,bin_3
config_283,448,4,16,0.0170505419373512,0.923178493976593,0.9484933018684388,0.1760314404964447,0.0078569380566477,128,45476.0,2.858064266759504e+18,11921514496,32620672,16,0.0078569380566477,1599078400.0,3.824914048618688e+17,6086.0,1.8932469029113892,1.914392456304832,bin_2
config_283,448,4,16,0.0170505419373512,0.923178493976593,0.9484933018684388,0.1760314404964447,0.0078569380566477,128,45476.0,2.858064266759504e+18,11921514496,32620672,16,0.0078569380566477,3185049600.0,7.649199619740067e+17,12171.0,1.8576494777007184,1.8784792918064557,bin_2
config_283,448,4,16,0.0170505419373512,0.923178493976593,0.9484933018684388,0.1760314404964447,0.0078569380566477,128,45476.0,2.858064266759504e+18,11921514496,32620672,16,0.0078569380566477,4784128000.0,1.1474113668358752e+18,18257.0,1.8464439733302007,1.866635131835937,bin_2
config_283,448,4,16,0.0170505419373512,0.923178493976593,0.9484933018684388,0.1760314404964447,0.0078569380566477,128,45476.0,2.858064266759504e+18,11921514496,32620672,16,0.0078569380566477,6383206400.0,1.5298399239480133e+18,24342.0,1.840126256551899,1.8601676079875131,bin_2
config_283,448,4,16,0.0170505419373512,0.923178493976593,0.9484933018684388,0.1760314404964447,0.0078569380566477,128,45476.0,2.858064266759504e+18,11921514496,32620672,16,0.0078569380566477,7982284800.0,1.9123313288098816e+18,30428.0,1.8351591060982373,1.854925322806249,bin_2
config_283,448,4,16,0.0170505419373512,0.923178493976593,0.9484933018684388,0.1760314404964447,0.0078569380566477,128,45476.0,2.858064266759504e+18,11921514496,32620672,16,0.0078569380566477,9568256000.0,2.2948227336717504e+18,36514.0,1.8308860877302824,1.8519972187573792,bin_2
config_283,448,4,16,0.0170505419373512,0.923178493976593,0.9484933018684388,0.1760314404964447,0.0078569380566477,128,45476.0,2.858064266759504e+18,11921514496,32620672,16,0.0028228049782534,11167334400.0,2.6772512907838884e+18,42599.0,1.7716466604686174,1.792385334694972,bin_2
config_283,448,4,16,0.0170505419373512,0.923178493976593,0.9484933018684388,0.1760314404964447,0.0078569380566477,128,45476.0,2.858064266759504e+18,11921514496,32620672,16,2.5519099247075724e-05,11914444800.0,2.858064266759504e+18,45476.0,1.7341747190522363,1.7545582676324687,bin_2
config_284,384,20,12,0.0483192093670368,0.903019905090332,0.9865307211875916,0.1901404410600662,7.008380634943023e-05,64,17552.0,1.18926223328025e+18,2300676352,54711552,16,7.008380634943023e-05,1592524800.0,8.246644622409937e+17,12171.0,1.9897039562366048,2.010845667573272,bin_1
config_284,384,20,12,0.0483192093670368,0.903019905090332,0.9865307211875916,0.1901404410600662,7.008380634943023e-05,64,17552.0,1.18926223328025e+18,2300676352,54711552,16,4.200407932240769e-08,2300313600.0,1.18926223328025e+18,17552.0,1.899196789850954,1.9196414667661077,bin_1
config_285,1088,7,8,0.0031421547755599,0.950667917728424,0.9977838397026062,0.0893551707267761,3.61292804882396e-05,64,48072.0,7.153950547235635e+18,6300917248,158051584,16,3.61292804882396e-05,1592524800.0,1.8112567005825615e+18,12171.0,1.9112012032211805,1.931688458059655,bin_3
config_285,1088,7,8,0.0031421547755599,0.950667917728424,0.9977838397026062,0.0893551707267761,3.61292804882396e-05,64,48072.0,7.153950547235635e+18,6300917248,158051584,16,3.61292804882396e-05,3191603200.0,3.622513401165124e+18,24342.0,1.7875182047046598,1.8069174061837745,bin_3
config_285,1088,7,8,0.0031421547755599,0.950667917728424,0.9977838397026062,0.0893551707267761,3.61292804882396e-05,64,48072.0,7.153950547235635e+18,6300917248,158051584,16,3.61292804882396e-05,4784128000.0,5.433918919157971e+18,36514.0,1.7313955825274108,1.7483758365521664,bin_3
config_285,1088,7,8,0.0031421547755599,0.950667917728424,0.9977838397026062,0.0893551707267761,3.61292804882396e-05,64,48072.0,7.153950547235635e+18,6300917248,158051584,16,1.850626707197413e-07,6298009600.0,7.153950547235635e+18,48072.0,1.677925302161545,1.694050323337805,bin_3
config_286,320,17,16,0.0161458626389503,0.9404575824737548,0.9531689286231996,0.131152719259262,4.229031765135005e-05,128,55232.0,5.390083514748764e+18,14478785536,39774720,16,4.229031765135005e-05,1599078400.0,5.939319284248439e+17,6086.0,2.5515870573481574,2.579119177020964,bin_3
config_286,320,17,16,0.0161458626389503,0.9404575824737548,0.9531689286231996,0.131152719259262,4.229031765135005e-05,128,55232.0,5.390083514748764e+18,14478785536,39774720,16,4.229031765135005e-05,3185049600.0,1.187766266983039e+18,12171.0,2.183450838151525,2.206341814056772,bin_3
config_286,320,17,16,0.0161458626389503,0.9404575824737548,0.9531689286231996,0.131152719259262,4.229031765135005e-05,128,55232.0,5.390083514748764e+18,14478785536,39774720,16,4.229031765135005e-05,4784128000.0,1.7816981954078828e+18,18257.0,2.049086441602863,2.0695725510550327,bin_3
config_286,320,17,16,0.0161458626389503,0.9404575824737548,0.9531689286231996,0.131152719259262,4.229031765135005e-05,128,55232.0,5.390083514748764e+18,14478785536,39774720,16,4.229031765135005e-05,6383206400.0,2.375532533966078e+18,24342.0,1.9712415472796705,1.991218655109405,bin_3
config_286,320,17,16,0.0161458626389503,0.9404575824737548,0.9531689286231996,0.131152719259262,4.229031765135005e-05,128,55232.0,5.390083514748764e+18,14478785536,39774720,16,4.229031765135005e-05,7982284800.0,2.9694644623909217e+18,30428.0,1.923882758382891,1.9433673673379617,bin_3
config_286,320,17,16,0.0161458626389503,0.9404575824737548,0.9531689286231996,0.131152719259262,4.229031765135005e-05,128,55232.0,5.390083514748764e+18,14478785536,39774720,16,4.229031765135005e-05,9568256000.0,3.563396390815765e+18,36514.0,1.8886766514230944,1.9096292972955544,bin_3
config_286,320,17,16,0.0161458626389503,0.9404575824737548,0.9531689286231996,0.131152719259262,4.229031765135005e-05,128,55232.0,5.390083514748764e+18,14478785536,39774720,16,4.229031765135005e-05,11167334400.0,4.1572307293739607e+18,42599.0,1.8647016666756304,1.885615886000336,bin_3
config_286,320,17,16,0.0161458626389503,0.9404575824737548,0.9531689286231996,0.131152719259262,4.229031765135005e-05,128,55232.0,5.390083514748764e+18,14478785536,39774720,16,3.8138941722852205e-05,12766412800.0,4.751162657798804e+18,48685.0,1.844325700783339,1.865046383748289,bin_3
config_286,320,17,16,0.0161458626389503,0.9404575824737548,0.9531689286231996,0.131152719259262,4.229031765135005e-05,128,55232.0,5.390083514748764e+18,14478785536,39774720,16,2.814294230008383e-06,14352384000.0,5.344996996357e+18,54770.0,1.819361840857834,1.8377785122199135,bin_3
config_286,320,17,16,0.0161458626389503,0.9404575824737548,0.9531689286231996,0.131152719259262,4.229031765135005e-05,128,55232.0,5.390083514748764e+18,14478785536,39774720,16,1.8684111070595442e-07,14470348800.0,5.390083514748764e+18,55232.0,1.8184372896444605,1.8368416683791116,bin_3
config_288,768,20,12,0.0089467922225594,0.8394425511360168,0.956773281097412,0.0143849020823836,2.4499251594534144e-05,64,43013.0,8.22297019422081e+18,5637923840,180201984,8,2.4499251594534144e-05,1592524800.0,2.3267795837040307e+18,12171.0,2.0436400853805856,2.064938093834236,bin_3
config_288,768,20,12,0.0089467922225594,0.8394425511360168,0.956773281097412,0.0143849020823836,2.4499251594534144e-05,64,43013.0,8.22297019422081e+18,5637923840,180201984,8,2.4499251594534144e-05,3191603200.0,4.653559167408061e+18,24342.0,1.8611034097437,1.88132447025815,bin_3
config_288,768,20,12,0.0089467922225594,0.8394425511360168,0.956773281097412,0.0143849020823836,2.4499251594534144e-05,64,43013.0,8.22297019422081e+18,5637923840,180201984,8,2.4499251594534144e-05,4784128000.0,6.980529925180263e+18,36514.0,1.7851424916455003,1.8032461536126057,bin_3
config_288,768,20,12,0.0089467922225594,0.8394425511360168,0.956773281097412,0.0143849020823836,2.4499251594534144e-05,64,43013.0,8.22297019422081e+18,5637923840,180201984,8,5.153564251277385e-07,5636096000.0,8.22297019422081e+18,43013.0,1.7422460162053344,1.7596230941522315,bin_3
config_29,1088,16,16,0.0086383717134594,0.9294519424438475,0.9863791465759276,0.0843113660812377,0.0001587443257449,32,7668.0,1.0921576927769764e+18,502562528,290929024,8,0.0001587443257449,252313600.0,5.460788463884882e+17,3834.0,2.025963861570984,2.04636142193294,bin_1
config_29,1088,16,16,0.0086383717134594,0.9294519424438475,0.9863791465759276,0.0843113660812377,0.0001587443257449,32,7668.0,1.0921576927769764e+18,502562528,290929024,8,4.423216506824359e-06,501350400.0,1.0921576927769764e+18,7668.0,1.8301851863548404,1.848712194239507,bin_1
config_290,960,22,20,0.0028631549794226,0.9267964959144592,0.9625800251960754,0.0033187151420861,0.00013824722555,32,6480.0,9.634534336117556e+17,424717888,291611520,8,0.00013824722555,212992000.0,4.8172671680587776e+17,3240.0,2.1396989723893465,2.161307206212497,bin_1
config_290,960,22,20,0.0028631549794226,0.9267964959144592,0.9625800251960754,0.0033187151420861,0.00013824722555,32,6480.0,9.634534336117556e+17,424717888,291611520,8,0.00013824722555,422707200.0,9.634534336117556e+17,6480.0,1.9351278976338808,1.955439010467685,bin_1
config_291,896,20,16,0.0196014903485775,0.8226928114891052,0.9482616782188416,0.2294032126665115,0.0014036647044122,64,43525.0,1.09637890275811e+19,5704969216,246935808,8,0.0014036647044122,1592524800.0,3.065830585977934e+18,12171.0,1.7039202696378113,1.7219845235934024,bin_3
config_291,896,20,16,0.0196014903485775,0.8226928114891052,0.9482616782188416,0.2294032126665115,0.0014036647044122,64,43525.0,1.09637890275811e+19,5704969216,246935808,8,0.0014036647044122,3191603200.0,6.131661171955868e+18,24342.0,1.6367673428136795,1.654048915378383,bin_3
config_291,896,20,16,0.0196014903485775,0.8226928114891052,0.9482616782188416,0.2294032126665115,0.0014036647044122,64,43525.0,1.09637890275811e+19,5704969216,246935808,8,0.0009876547023733,4784128000.0,9.19774365429285e+18,36514.0,1.5839243227341135,1.5997548973169484,bin_3
config_291,896,20,16,0.0196014903485775,0.8226928114891052,0.9482616782188416,0.2294032126665115,0.0014036647044122,64,43525.0,1.09637890275811e+19,5704969216,246935808,8,3.514785417698795e-06,5701632000.0,1.09637890275811e+19,43525.0,1.5177067243662037,1.5323328961505265,bin_3
config_292,256,17,16,0.0010449101682752,0.8722184300422668,0.9318816065788268,0.0088135600090026,0.0079233804717659,64,24221.0,8.606040634294272e+17,3174712320,27363328,16,0.0079233804717659,1592524800.0,4.324516764790701e+17,12171.0,1.941402910224727,1.961770745808961,bin_1
config_292,256,17,16,0.0010449101682752,0.8722184300422668,0.9318816065788268,0.0088135600090026,0.0079233804717659,64,24221.0,8.606040634294272e+17,3174712320,27363328,16,0.0007811783563712,3171942400.0,8.606040634294272e+17,24221.0,1.8505370630201745,1.869993664866588,bin_1
config_293,256,7,16,0.0614839829504489,0.9377123713493348,0.9271611571311952,0.0922957956790924,0.0005476031801663,64,23238.0,4.783573827374285e+17,3045924864,18838528,16,0.0005476031801663,1592524800.0,2.5054168625945616e+17,12171.0,1.996479122404192,2.018330137964155,bin_0
config_293,256,7,16,0.0614839829504489,0.9377123713493348,0.9271611571311952,0.0922957956790924,0.0005476031801663,64,23238.0,4.783573827374285e+17,3045924864,18838528,16,9.70565337981373e-06,3040870400.0,4.783573827374285e+17,23238.0,1.8960559056235144,1.9172223837258384,bin_0
config_294,448,16,14,0.1759200394153595,0.9729136824607848,0.9087342023849488,0.0245700366795063,0.0020660266745835,64,44773.0,3.248412171514675e+18,5868576768,62909056,16,0.0020660266745835,1592524800.0,8.830416666183885e+17,12171.0,1.9135975907669691,1.933636394836864,bin_2
config_294,448,16,14,0.1759200394153595,0.9729136824607848,0.9087342023849488,0.0245700366795063,0.0020660266745835,64,44773.0,3.248412171514675e+18,5868576768,62909056,16,0.0020660266745835,3191603200.0,1.766083333236777e+18,24342.0,1.908828734139927,1.9286850536846725,bin_2
config_294,448,16,14,0.1759200394153595,0.9729136824607848,0.9087342023849488,0.0245700366795063,0.0020660266745835,64,44773.0,3.248412171514675e+18,5868576768,62909056,16,0.0020660266745835,4784128000.0,2.649197552781517e+18,36514.0,1.8982799639467332,1.9161710469058304,bin_2
config_294,448,16,14,0.1759200394153595,0.9729136824607848,0.9087342023849488,0.0245700366795063,0.0020660266745835,64,44773.0,3.248412171514675e+18,5868576768,62909056,16,4.319873955947436e-05,5865472000.0,3.248412171514675e+18,44773.0,1.7563383867310696,1.773044035161128,bin_2
config_297,832,4,8,0.0570301711559295,0.863582193851471,0.9627997875213624,0.0103002190589904,1.1333920156175736e-05,64,34399.0,2.422355323858649e+18,4508854784,75916672,16,1.1333920156175736e-05,1592524800.0,8.570739453671217e+17,12171.0,2.4307057075813168,2.4555601736365773,bin_2
config_297,832,4,8,0.0570301711559295,0.863582193851471,0.9627997875213624,0.0103002190589904,1.1333920156175736e-05,64,34399.0,2.422355323858649e+18,4508854784,75916672,16,1.1333920156175736e-05,3191603200.0,1.7141478907342433e+18,24342.0,2.17530721042977,2.197568224922555,bin_2
config_297,832,4,8,0.0570301711559295,0.863582193851471,0.9627997875213624,0.0103002190589904,1.1333920156175736e-05,64,34399.0,2.422355323858649e+18,4508854784,75916672,16,1.5688194566457953e-06,4502323200.0,2.422355323858649e+18,34399.0,2.078305085526138,2.098650064116619,bin_2
config_298,576,23,18,0.0013176158536225,0.8768689036369324,0.9861904382705688,0.097722090780735,3.260996891185641e-05,64,27425.0,3.7699935214790246e+18,3594711040,120556800,8,3.260996891185641e-05,1592524800.0,1.6730935697327698e+18,12171.0,2.055838150333185,2.07800340427727,bin_2
config_298,576,23,18,0.0013176158536225,0.8768689036369324,0.9861904382705688,0.097722090780735,3.260996891185641e-05,64,27425.0,3.7699935214790246e+18,3594711040,120556800,8,3.260996891185641e-05,3191603200.0,3.34618713946554e+18,24342.0,1.872807314337277,1.893814145189817,bin_2
config_298,576,23,18,0.0013176158536225,0.8768689036369324,0.9861904382705688,0.097722090780735,3.260996891185641e-05,64,27425.0,3.7699935214790246e+18,3594711040,120556800,8,3.0419747119269345e-07,3591372800.0,3.7699935214790246e+18,27425.0,1.8317065847310865,1.8521661746306497,bin_2
config_299,960,15,20,0.019781544804573,0.8675929307937622,0.9738726019859314,0.1579572111368179,6.507160287583247e-05,64,40048.0,8.602503373227295e+18,5249212416,214183680,8,6.507160287583247e-05,1592524800.0,2.6143894465528714e+18,12171.0,1.8249946396468115,1.8451377244464688,bin_3
config_299,960,15,20,0.019781544804573,0.8675929307937622,0.9738726019859314,0.1579572111368179,6.507160287583247e-05,64,40048.0,8.602503373227295e+18,5249212416,214183680,8,6.507160287583247e-05,3191603200.0,5.228778893105743e+18,24342.0,1.7098557480827707,1.7287479166320112,bin_3
config_299,960,15,20,0.019781544804573,0.8675929307937622,0.9738726019859314,0.1579572111368179,6.507160287583247e-05,64,40048.0,8.602503373227295e+18,5249212416,214183680,8,3.650182561319425e-05,4784128000.0,7.843383144477164e+18,36514.0,1.6401643951994471,1.6575066921359205,bin_3
config_299,960,15,20,0.019781544804573,0.8675929307937622,0.9738726019859314,0.1579572111368179,6.507160287583247e-05,64,40048.0,8.602503373227295e+18,5249212416,214183680,8,4.938240218244994e-07,5242880000.0,8.602503373227295e+18,40048.0,1.6168726708263648,1.6337208408996706,bin_3
config_3,960,8,10,0.0104353344067931,0.8367506861686707,0.9004706740379333,0.2447778880596161,0.0022849114611744,32,7784.0,5.148568527925248e+17,510173056,136755840,16,0.0022849114611744,255590400.0,2.574284263962624e+17,3892.0,3.015292897043822,3.0471286424739183,bin_0
config_3,960,8,10,0.0104353344067931,0.8367506861686707,0.9004706740379333,0.2447778880596161,0.0022849114611744,32,7784.0,5.148568527925248e+17,510173056,136755840,16,4.078057201046311e-05,507904000.0,5.148568527925248e+17,7784.0,2.782115927959921,2.8107694244858124,bin_0
config_300,832,5,8,0.0010897214524447,0.8723223209381104,0.9202178120613098,0.0364016890525817,8.596925908932462e-05,32,9485.0,3.784420834742845e+17,621610176,84438016,16,8.596925908932462e-05,311296000.0,1.8920109223353267e+17,4742.0,2.194774591414655,2.2177327210004214,bin_0
config_300,832,5,8,0.0010897214524447,0.8723223209381104,0.9202178120613098,0.0364016890525817,8.596925908932462e-05,32,9485.0,3.784420834742845e+17,621610176,84438016,16,8.721519038047419e-06,619315200.0,3.784420834742845e+17,9485.0,2.0200157464527693,2.0416887933308963,bin_0
config_301,704,18,22,0.0116611244156956,0.8956702947616577,0.9340165257453918,0.2032245546579361,1.8225146050099283e-05,32,5247.0,4.1441276419006464e+17,343898496,148962176,8,1.8225146050099283e-05,170393600.0,2.0716689164675805e+17,2623.0,2.90963654748729,2.93967794519956,bin_0
config_301,704,18,22,0.0116611244156956,0.8956702947616577,0.9340165257453918,0.2032245546579361,1.8225146050099283e-05,32,5247.0,4.1441276419006464e+17,343898496,148962176,8,8.035477151544696e-07,340787200.0,4.1441276419006464e+17,5247.0,2.6945423530359736,2.722887460814148,bin_0
config_302,448,15,16,0.0014507265295833,0.8194030523300171,0.9073783755302428,0.1171997711062431,0.000108386244392,128,51307.0,7.093266404169351e+18,13450073088,60385024,16,0.000108386244392,1599078400.0,8.413982368054002e+17,6086.0,2.0540882326735823,2.075916808081455,bin_3
config_302,448,15,16,0.0014507265295833,0.8194030523300171,0.9073783755302428,0.1171997711062431,0.000108386244392,128,51307.0,7.093266404169351e+18,13450073088,60385024,16,0.000108386244392,3185049600.0,1.6826582221752425e+18,12171.0,1.874584155708063,1.895228048387121,bin_3
config_302,448,15,16,0.0014507265295833,0.8194030523300171,0.9073783755302428,0.1171997711062431,0.000108386244392,128,51307.0,7.093266404169351e+18,13450073088,60385024,16,0.000108386244392,4784128000.0,2.524056458980643e+18,18257.0,1.8116535265328453,1.8301382515860385,bin_3
config_302,448,15,16,0.0014507265295833,0.8194030523300171,0.9073783755302428,0.1171997711062431,0.000108386244392,128,51307.0,7.093266404169351e+18,13450073088,60385024,16,0.000108386244392,6383206400.0,3.365316444350485e+18,24342.0,1.7764198903177606,1.79406055618505,bin_3
config_302,448,15,16,0.0014507265295833,0.8194030523300171,0.9073783755302428,0.1171997711062431,0.000108386244392,128,51307.0,7.093266404169351e+18,13450073088,60385024,16,0.000108386244392,7982284800.0,4.2067146811558856e+18,30428.0,1.75220825183587,1.769753595531964,bin_3
config_302,448,15,16,0.0014507265295833,0.8194030523300171,0.9073783755302428,0.1171997711062431,0.000108386244392,128,51307.0,7.093266404169351e+18,13450073088,60385024,16,0.000108386244392,9568256000.0,5.048112917961286e+18,36514.0,1.7316409251338143,1.7520002965067254,bin_3
config_302,448,15,16,0.0014507265295833,0.8194030523300171,0.9073783755302428,0.1171997711062431,0.000108386244392,128,51307.0,7.093266404169351e+18,13450073088,60385024,16,0.000108386244392,11167334400.0,5.889372903331128e+18,42599.0,1.7185547394439822,1.7386302511027605,bin_3
config_302,448,15,16,0.0014507265295833,0.8194030523300171,0.9073783755302428,0.1171997711062431,0.000108386244392,128,51307.0,7.093266404169351e+18,13450073088,60385024,16,4.699200717279272e-05,12766412800.0,6.730771140136528e+18,48685.0,1.693429434455809,1.7109604679951902,bin_3
config_302,448,15,16,0.0014507265295833,0.8194030523300171,0.9073783755302428,0.1171997711062431,0.000108386244392,128,51307.0,7.093266404169351e+18,13450073088,60385024,16,1.2617723444938481e-07,13447987200.0,7.093266404169351e+18,51307.0,1.6805338550004802,1.6973465480960783,bin_3
config_303,256,5,16,0.1235965564846992,0.9474732279777528,0.9563267827033995,0.2561911046504974,2.1409810869954526e-05,64,22116.0,3.891492651616174e+17,2898868224,17133568,16,2.1409810869954526e-05,1592524800.0,2.141587857787143e+17,12171.0,2.7350858732129706,2.764035305116997,bin_0
config_303,256,5,16,0.1235965564846992,0.9474732279777528,0.9563267827033995,0.2561911046504974,2.1409810869954526e-05,64,22116.0,3.891492651616174e+17,2898868224,17133568,16,6.046901569625478e-08,2896691200.0,3.891492651616174e+17,22116.0,2.575811384036893,2.6034812783413246,bin_0
config_304,960,9,12,0.0204262062907218,0.8904656171798706,0.9608121514320374,0.0511055067181587,8.919249376049265e-05,32,13052.0,9.401965303018292e+17,855401472,147816960,16,8.919249376049265e-05,429260800.0,4.7009826515091456e+17,6526.0,2.022985460054679,2.044666246429818,bin_1
config_304,960,9,12,0.0204262062907218,0.8904656171798706,0.9608121514320374,0.0511055067181587,8.919249376049265e-05,32,13052.0,9.401965303018292e+17,855401472,147816960,16,2.6744375940178605e-07,855244800.0,9.401965303018292e+17,13052.0,1.8611523627453164,1.8802616025189884,bin_1
config_305,1152,19,16,0.0030687800608575,0.9721531271934508,0.9535703659057616,0.1416828632354736,0.0054168840870261,64,33054.0,1.1701821743824896e+19,4332544000,360543744,8,0.0054168840870261,1592524800.0,4.308793865919188e+18,12171.0,3.1998276115245505,3.233680576183757,bin_3
config_305,1152,19,16,0.0030687800608575,0.9721531271934508,0.9535703659057616,0.1416828632354736,0.0054168840870261,64,33054.0,1.1701821743824896e+19,4332544000,360543744,8,0.0054168840870261,3191603200.0,8.617587731838375e+18,24342.0,2.9629834871604794,2.993794419335537,bin_3
config_305,1152,19,16,0.0030687800608575,0.9721531271934508,0.9535703659057616,0.1416828632354736,0.0054168840870261,64,33054.0,1.1701821743824896e+19,4332544000,360543744,8,4.626849529810843e-06,4331929600.0,1.1701821743824896e+19,33054.0,2.7710145167053724,2.8004221176319435,bin_3
config_306,704,6,16,0.0094222538173198,0.8286904692649841,0.9457385540008544,0.201420783996582,3.485264824121259e-05,64,42555.0,3.030249779544785e+18,5577886208,73251200,16,3.485264824121259e-05,1592524800.0,8.666706630675497e+17,12171.0,2.09949660383287,2.1228220893125065,bin_2
config_306,704,6,16,0.0094222538173198,0.8286904692649841,0.9457385540008544,0.201420783996582,3.485264824121259e-05,64,42555.0,3.030249779544785e+18,5577886208,73251200,16,3.485264824121259e-05,3191603200.0,1.7333413261350994e+18,24342.0,1.9414058418742943,1.9628810379153392,bin_2
config_306,704,6,16,0.0094222538173198,0.8286904692649841,0.9457385540008544,0.201420783996582,3.485264824121259e-05,64,42555.0,3.030249779544785e+18,5577886208,73251200,16,2.462172268119732e-05,4784128000.0,2.600083197046136e+18,36514.0,1.871188976334744,1.8896374444883377,bin_2
config_306,704,6,16,0.0094222538173198,0.8286904692649841,0.9457385540008544,0.201420783996582,3.485264824121259e-05,64,42555.0,3.030249779544785e+18,5577886208,73251200,16,2.0331728060442943e-08,5577113600.0,3.030249779544785e+18,42555.0,1.8459917237719552,1.8636691928300704,bin_2
config_307,896,17,16,0.0023603285662829,0.8000351190567017,0.9097041487693788,0.0772125050425529,3.818804907496087e-05,64,34708.0,7.615848263401341e+18,4549300224,216652800,8,3.818804907496087e-05,1592524800.0,2.6706375825129e+18,12171.0,1.9321644985480384,1.952373297097253,bin_3
config_307,896,17,16,0.0023603285662829,0.8000351190567017,0.9097041487693788,0.0772125050425529,3.818804907496087e-05,64,34708.0,7.615848263401341e+18,4549300224,216652800,8,3.818804907496087e-05,3191603200.0,5.341275165025799e+18,24342.0,1.7960490645346094,1.8156945342509476,bin_3
config_307,896,17,16,0.0023603285662829,0.8000351190567017,0.9097041487693788,0.0772125050425529,3.818804907496087e-05,64,34708.0,7.615848263401341e+18,4549300224,216652800,8,1.140367273608369e-07,4548198400.0,7.615848263401341e+18,34708.0,1.7191380410116226,1.7366388182171055,bin_3
config_308,256,4,16,0.0030492197256535,0.8645064830780029,0.983383297920227,0.0162963345646858,0.0014561301795765,64,12593.0,2.0276745517400064e+17,1650682880,16281088,16,0.0014561301795765,1592524800.0,1.9597257976040355e+17,12171.0,1.994233708850673,2.016150275292944,bin_0
config_308,256,4,16,0.0030492197256535,0.8645064830780029,0.983383297920227,0.0162963345646858,0.0014561301795765,64,12593.0,2.0276745517400064e+17,1650682880,16281088,16,0.0003054321840087,1644953600.0,2.0276745517400064e+17,12593.0,1.962221613360233,1.9841635970600315,bin_0
config_309,960,8,16,0.0504826679825782,0.9497694969177246,0.9985332489013672,0.0492629557847976,0.0050490838475525,32,3309.0,2.188694526271488e+17,216878336,136755840,16,0.0050490838475525,108134400.0,1.0940165447123122e+17,1654.0,3.442219958539869,3.476746718531749,bin_0
config_309,960,8,16,0.0504826679825782,0.9497694969177246,0.9985332489013672,0.0492629557847976,0.0050490838475525,32,3309.0,2.188694526271488e+17,216878336,136755840,16,0.0002787837707237,216268800.0,2.188694526271488e+17,3309.0,3.4302417458862555,3.464844455875334,bin_0
config_310,576,8,12,0.1007096990942955,0.8349400758743286,0.9244853258132936,0.1941493451595306,0.0032142661511898,64,13922.0,8.724681947476132e+17,1824840704,60819840,16,0.0021079495262429,1592524800.0,7.627359860848442e+17,12171.0,1.848301884854426,1.86805163696164,bin_1
config_310,576,8,12,0.1007096990942955,0.8349400758743286,0.9244853258132936,0.1941493451595306,0.0032142661511898,64,13922.0,8.724681947476132e+17,1824840704,60819840,16,2.617093091272218e-05,1821900800.0,8.724681947476132e+17,13922.0,1.7456064658868509,1.7642594474260924,bin_1
config_311,512,21,16,0.0113588469102978,0.8945737481117249,0.9178847670555116,0.0846230685710907,0.0004506785189732,64,13839.0,1.5383447473217864e+18,1813906176,97329152,8,0.0004506785189732,1592524800.0,1.3529296856458893e+18,12171.0,1.7975253163009393,1.8159603355165388,bin_1
config_311,512,21,16,0.0113588469102978,0.8945737481117249,0.9178847670555116,0.0846230685710907,0.0004506785189732,64,13839.0,1.5383447473217864e+18,1813906176,97329152,8,1.500978842011811e-05,1808793600.0,1.5383447473217864e+18,13839.0,1.7298851658281733,1.7481868870141075,bin_1
config_314,576,13,18,0.0011189912911504,0.8712970018386841,0.9021955728530884,0.2582781910896301,3.114954597549513e-05,32,7249.0,3.17540607849087e+17,475129216,80732160,16,3.114954597549513e-05,235929600.0,1.5874840155126102e+17,3624.0,2.7523562078788637,2.7811258033846245,bin_0
config_314,576,13,18,0.0011189912911504,0.8712970018386841,0.9021955728530884,0.2582781910896301,3.114954597549513e-05,32,7249.0,3.17540607849087e+17,475129216,80732160,16,8.153460217944775e-07,471859200.0,3.17540607849087e+17,7249.0,2.529608475966532,2.556552358768025,bin_0
config_315,704,13,16,0.0096093602478504,0.8106499910354614,0.9948049187660216,0.1488329917192459,0.0001214048970723,64,9928.0,1.209292499636306e+18,1301292416,117415936,16,0.0001214048970723,648806400.0,6.04646249818153e+17,4964.0,1.9671868479838135,1.9880355856457692,bin_1
config_315,704,13,16,0.0096093602478504,0.8106499910354614,0.9948049187660216,0.1488329917192459,0.0001214048970723,64,9928.0,1.209292499636306e+18,1301292416,117415936,16,2.3015146364427044e-06,1297612800.0,1.209292499636306e+18,9928.0,1.8001104882115224,1.8198046344225525,bin_1
config_316,832,4,16,0.009393404237926,0.8634306788444519,0.9663178324699402,0.1829550564289093,7.840470061637461e-05,64,47539.0,3.3476072077036093e+18,6231073792,75916672,16,7.840470061637461e-05,1592524800.0,8.570589899863402e+17,12171.0,1.9379534731145764,1.9586517084621995,bin_2
config_316,832,4,16,0.009393404237926,0.8634306788444519,0.9663178324699402,0.1829550564289093,7.840470061637461e-05,64,47539.0,3.3476072077036093e+18,6231073792,75916672,16,7.840470061637461e-05,3191603200.0,1.7141179799726804e+18,24342.0,1.8374621954902275,1.857199257045496,bin_2
config_316,832,4,16,0.009393404237926,0.8634306788444519,0.9663178324699402,0.1829550564289093,7.840470061637461e-05,64,47539.0,3.3476072077036093e+18,6231073792,75916672,16,7.840470061637461e-05,4784128000.0,2.571247388083249e+18,36514.0,1.792814458120065,1.8097069332638724,bin_2
config_316,832,4,16,0.009393404237926,0.8634306788444519,0.9663178324699402,0.1829550564289093,7.840470061637461e-05,64,47539.0,3.3476072077036093e+18,6231073792,75916672,16,3.515905857236467e-07,6225920000.0,3.3476072077036093e+18,47539.0,1.743146152457253,1.7591548446358227,bin_2
config_317,512,9,4,0.0954451933503151,0.8176335692405701,0.9104537963867188,0.1078761294484138,0.0005088574835099,32,8810.0,2.608372864253952e+17,577428480,56422400,16,0.0005088574835099,288358400.0,1.304186432126976e+17,4405.0,2.105278524492608,2.125200158298993,bin_0
config_317,512,9,4,0.0954451933503151,0.8176335692405701,0.9104537963867188,0.1078761294484138,0.0005088574835099,32,8810.0,2.608372864253952e+17,577428480,56422400,16,5.35639456326236e-06,576716800.0,2.608372864253952e+17,8810.0,1.93792210668814,1.9572016041786944,bin_0
config_318,768,13,12,0.0162910427898168,0.8843373656272888,0.9317058324813844,0.0812874734401702,1.8264625396113843e-05,32,4809.0,3.243595992545526e+17,315181984,130646016,8,1.8264625396113843e-05,157286400.0,1.621460754019431e+17,2404.0,2.8978928713915777,2.928023684728341,bin_0
config_318,768,13,12,0.0162910427898168,0.8843373656272888,0.9317058324813844,0.0812874734401702,1.8264625396113843e-05,32,4809.0,3.243595992545526e+17,315181984,130646016,8,4.2149135529493707e-07,314572800.0,3.243595992545526e+17,4809.0,2.664450461571334,2.69223988439216,bin_0
config_319,384,9,24,0.0022542846854776,0.8774423003196716,0.9923590421676636,0.0453899502754211,0.0002411720633972,64,19203.0,7.458783393377157e+17,2517101056,35238912,16,0.0002411720633972,1592524800.0,4.7274307494033946e+17,12171.0,1.9155467468402425,1.9362793378751784,bin_1
config_319,384,9,24,0.0022542846854776,0.8774423003196716,0.9923590421676636,0.0453899502754211,0.0002411720633972,64,19203.0,7.458783393377157e+17,2517101056,35238912,16,8.306730082568482e-07,2516582400.0,7.458783393377157e+17,19203.0,1.826213899557708,1.8463867375108065,bin_1
config_321,320,8,10,0.1329120248556137,0.8612205386161804,0.9115259647369384,0.1907256096601486,0.0058645294047892,32,3275.0,4.857611010471936e+16,214660128,27235200,16,0.0058645294047892,108134400.0,2.428063885234369e+16,1637.0,2.852540204016889,2.883157691330206,bin_0
config_321,320,8,10,0.1329120248556137,0.8612205386161804,0.9115259647369384,0.1907256096601486,0.0058645294047892,32,3275.0,4.857611010471936e+16,214660128,27235200,16,0.0002349571075636,212992000.0,4.857611010471936e+16,3275.0,2.3503033328838034,2.373769612312317,bin_0
config_322,768,5,8,0.0015762264374643,0.8294346332550049,0.9725618958473206,0.2328995615243911,5.047874947194941e-05,64,51844.0,3.658489554177884e+18,6795304960,74010624,16,5.047874947194941e-05,1592524800.0,8.588742451180276e+17,12171.0,1.9960363062092517,2.017678864979353,bin_2
config_322,768,5,8,0.0015762264374643,0.8294346332550049,0.9725618958473206,0.2328995615243911,5.047874947194941e-05,64,51844.0,3.658489554177884e+18,6795304960,74010624,16,5.047874947194941e-05,3191603200.0,1.7177484902360553e+18,24342.0,1.8725678720239731,1.8929111774241336,bin_2
config_322,768,5,8,0.0015762264374643,0.8294346332550049,0.9725618958473206,0.2328995615243911,5.047874947194941e-05,64,51844.0,3.658489554177884e+18,6795304960,74010624,16,5.047874947194941e-05,4784128000.0,2.576693302624243e+18,36514.0,1.818885597283723,1.837062792856185,bin_2
config_322,768,5,8,0.0015762264374643,0.8294346332550049,0.9725618958473206,0.2328995615243911,5.047874947194941e-05,64,51844.0,3.658489554177884e+18,6795304960,74010624,16,1.3144375380139883e-05,6383206400.0,3.435567547742271e+18,48685.0,1.7711631476683696,1.78884336131518,bin_2
config_322,768,5,8,0.0015762264374643,0.8294346332550049,0.9725618958473206,0.2328995615243911,5.047874947194941e-05,64,51844.0,3.658489554177884e+18,6795304960,74010624,16,1.839543628263845e-07,6789529600.0,3.658489554177884e+18,51844.0,1.7638037216077085,1.7813927391318023,bin_2
config_323,768,4,24,0.0023167571052908,0.8521632552146912,0.9628558158874512,0.2678549289703369,0.0015705209225416,32,4550.0,1.422705856684032e+17,298234176,66931200,16,0.0015705209225416,150732800.0,7.11352928342016e+16,2275.0,2.1819984462612965,2.2050512298208766,bin_0
config_323,768,4,24,0.0023167571052908,0.8521632552146912,0.9628558158874512,0.2678549289703369,0.0015705209225416,32,4550.0,1.422705856684032e+17,298234176,66931200,16,0.0,298188800.0,1.422705856684032e+17,4550.0,1.968251569427428,1.9894747264658816,bin_0
config_326,960,24,12,0.0658076778054237,0.9538992643356324,0.9490440487861632,0.2320783883333206,0.0005187226342968,32,12658.0,2.0310496533669888e+18,829558080,313733760,8,0.0005187226342968,416153600.0,1.0155248266834944e+18,6329.0,1.905762014193613,1.9254850705725248,bin_2
config_326,960,24,12,0.0658076778054237,0.9538992643356324,0.9490440487861632,0.2320783883333206,0.0005187226342968,32,12658.0,2.0310496533669888e+18,829558080,313733760,8,1.4129319286261804e-06,829030400.0,2.0310496533669888e+18,12658.0,1.7167733907699585,1.734329172724583,bin_2
config_327,1088,24,16,0.0500851385295391,0.9632472395896912,0.98127943277359,0.029932864010334,1.2304918527661355e-05,32,9117.0,1.849683780968104e+18,597508224,409042304,8,1.2304918527661355e-05,298188800.0,9.247404490131204e+17,4558.0,2.631801860254319,2.659338486624545,bin_2
config_327,1088,24,16,0.0500851385295391,0.9632472395896912,0.98127943277359,0.029932864010334,1.2304918527661355e-05,32,9117.0,1.849683780968104e+18,597508224,409042304,8,7.690574079788348e-07,596377600.0,1.849683780968104e+18,9117.0,2.2820218070413247,2.3060079037166035,bin_2
config_328,704,5,16,0.0294565800577402,0.9055126905441284,0.984049677848816,0.1745802462100982,0.001080350135453,64,10007.0,6.402275749959598e+17,1311638656,66941952,16,0.001080350135453,655360000.0,3.2008179851152064e+17,5003.0,1.8825482458755616,1.9029902998736647,bin_1
config_328,704,5,16,0.0294565800577402,0.9055126905441284,0.984049677848816,0.1745802462100982,0.001080350135453,64,10007.0,6.402275749959598e+17,1311638656,66941952,16,4.328821378460964e-06,1310720000.0,6.402275749959598e+17,10007.0,1.748211543091008,1.7682607853608052,bin_1
config_329,576,12,18,0.0054459427483379,0.8333979249000549,0.9817357063293456,0.017713202163577,4.717555930255912e-05,64,21040.0,1.7381931779473736e+18,2757806336,76749696,16,4.717555930255912e-05,1592524800.0,1.0054918806462682e+18,12171.0,2.007415708362079,2.029707404433704,bin_2
config_329,576,12,18,0.0054459427483379,0.8333979249000549,0.9817357063293456,0.017713202163577,4.717555930255912e-05,64,21040.0,1.7381931779473736e+18,2757806336,76749696,16,5.072640785221408e-06,2752512000.0,1.7381931779473736e+18,21040.0,1.871694326048992,1.892391752102336,bin_2
config_33,1088,18,16,0.1557874083518982,0.8957338929176331,0.9577295184135436,0.2128014415502548,0.0002395637711742,64,61117.0,1.9256200019550536e+19,8010736640,320457344,8,0.0002395637711742,1592524800.0,3.834730278612327e+18,12171.0,1.7147648115822527,1.7327402588383096,bin_3
config_33,1088,18,16,0.1557874083518982,0.8957338929176331,0.9577295184135436,0.2128014415502548,0.0002395637711742,64,61117.0,1.9256200019550536e+19,8010736640,320457344,8,0.0002395637711742,3191603200.0,7.669460557224654e+18,24342.0,1.6333862731300417,1.6509291970729827,bin_3
config_33,1088,18,16,0.1557874083518982,0.8957338929176331,0.9577295184135436,0.2128014415502548,0.0002395637711742,64,61117.0,1.9256200019550536e+19,8010736640,320457344,8,0.0002395637711742,4784128000.0,1.150450590693045e+19,36514.0,1.602683222254769,1.6177467019636125,bin_3
config_33,1088,18,16,0.1557874083518982,0.8957338929176331,0.9577295184135436,0.2128014415502548,0.0002395637711742,64,61117.0,1.9256200019550536e+19,8010736640,320457344,8,0.000228732283481,6383206400.0,1.5339236185542777e+19,48685.0,1.5835018851717964,1.597349318656765,bin_3
config_33,1088,18,16,0.1557874083518982,0.8957338929176331,0.9577295184135436,0.2128014415502548,0.0002395637711742,64,61117.0,1.9256200019550536e+19,8010736640,320457344,8,4.918379615804336e-06,7975731200.0,1.9173966464155103e+19,60856.0,1.4827530688731396,1.4956193423857451,bin_3
config_33,1088,18,16,0.1557874083518982,0.8957338929176331,0.9577295184135436,0.2128014415502548,0.0002395637711742,64,61117.0,1.9256200019550536e+19,8010736640,320457344,8,3.131552564369878e-07,8008499200.0,1.9256200019550536e+19,61117.0,1.482283750225286,1.4951305462981834,bin_3
config_331,640,16,16,0.0160514507442712,0.9867626428604126,0.9623345732688904,0.0724877938628196,0.0001259349664906,32,3822.0,2.3357627793094656e+17,250535056,113463040,8,0.0001259349664906,124518400.0,1.1678813896547328e+17,1911.0,2.9277694510631878,2.9574192973433946,bin_0
config_331,640,16,16,0.0160514507442712,0.9867626428604126,0.9623345732688904,0.0724877938628196,0.0001259349664906,32,3822.0,2.3357627793094656e+17,250535056,113463040,8,1.0002055100336772e-05,249036800.0,2.3357627793094656e+17,3822.0,2.510112609589686,2.535726337765084,bin_0
config_333,576,20,18,0.1543812602758407,0.8041682243347168,0.9485495686531068,0.0376243479549884,0.0016893701395019,64,46136.0,5.651919389577314e+18,6047224832,108609408,8,0.0016893701395019,1592524800.0,1.491015928787617e+18,12171.0,1.840959144224886,1.8597247672471844,bin_3
config_333,576,20,18,0.1543812602758407,0.8041682243347168,0.9485495686531068,0.0376243479549884,0.0016893701395019,64,46136.0,5.651919389577314e+18,6047224832,108609408,8,0.0016893701395019,3191603200.0,2.982031857575234e+18,24342.0,1.8013390352882324,1.8204348609877412,bin_3
config_333,576,20,18,0.1543812602758407,0.8041682243347168,0.9485495686531068,0.0376243479549884,0.0016893701395019,64,46136.0,5.651919389577314e+18,6047224832,108609408,8,0.0016893701395019,4784128000.0,4.4731702919851325e+18,36514.0,1.7866205607867631,1.8041755046609973,bin_3
config_333,576,20,18,0.1543812602758407,0.8041682243347168,0.9485495686531068,0.0376243479549884,0.0016893701395019,64,46136.0,5.651919389577314e+18,6047224832,108609408,8,3.505321326920563e-05,6042419200.0,5.651919389577314e+18,46136.0,1.649134210074534,1.6651174910146682,bin_3
config_334,640,5,10,0.0131190652027726,0.8562263250350952,0.9346939325332642,0.2671234011650085,0.0002730154374148,32,3714.0,1.032231830667264e+17,243406080,57579520,16,0.0002730154374148,121241600.0,5.16115915333632e+16,1857.0,2.3392072193739843,2.362262978514687,bin_0
config_334,640,5,10,0.0131190652027726,0.8562263250350952,0.9346939325332642,0.2671234011650085,0.0002730154374148,32,3714.0,1.032231830667264e+17,243406080,57579520,16,3.8530404473872525e-06,242483200.0,1.032231830667264e+17,3714.0,2.1102058930475205,2.131620472845484,bin_0
config_335,576,14,8,0.0595030188560485,0.8149394392967224,0.963992476463318,0.0086675947532057,0.0029162305872887,64,27721.0,2.56661856913195e+18,3633541120,84714624,16,0.0029162305872887,1592524800.0,1.1268826739621572e+18,12171.0,1.8089475226011436,1.8281158170543732,bin_2
config_335,576,14,8,0.0595030188560485,0.8149394392967224,0.963992476463318,0.0086675947532057,0.0029162305872887,64,27721.0,2.56661856913195e+18,3633541120,84714624,16,0.0029162305872887,3191603200.0,2.2537653479243144e+18,24342.0,1.7700333974791356,1.788671428688237,bin_2
config_335,576,14,8,0.0595030188560485,0.8149394392967224,0.963992476463318,0.0086675947532057,0.0029162305872887,64,27721.0,2.56661856913195e+18,3633541120,84714624,16,0.0002551701763877,3630694400.0,2.56661856913195e+18,27721.0,1.702418676438879,1.7206922600308403,bin_2
config_336,256,18,16,0.0029498888179659,0.945767343044281,0.9552015662193298,0.2582761645317077,0.0087498938664793,32,14089.0,2.608336748861522e+17,923356608,28215808,16,0.0087498938664793,462028800.0,1.3040758080048662e+17,7044.0,3.2179680009748117,3.251111734968717,bin_0
config_336,256,18,16,0.0029498888179659,0.945767343044281,0.9552015662193298,0.2582761645317077,0.0087498938664793,32,14089.0,2.608336748861522e+17,923356608,28215808,16,9.380040153729972e-05,920780800.0,2.608336748861522e+17,14089.0,3.003528330756016,3.0347456315306367,bin_0
config_337,896,6,14,0.1105519160628318,0.8360485434532166,0.9371925592422484,0.2649151682853699,0.0001907320547616,64,35629.0,3.5760202583054746e+18,4670010880,105615104,16,0.0001907320547616,1592524800.0,1.2215819294348966e+18,12171.0,1.8194167320454704,1.8384122503780929,bin_2
config_337,896,6,14,0.1105519160628318,0.8360485434532166,0.9371925592422484,0.2649151682853699,0.0001907320547616,64,35629.0,3.5760202583054746e+18,4670010880,105615104,16,0.0001907320547616,3191603200.0,2.4431638588697933e+18,24342.0,1.7445071382600752,1.7628678610285775,bin_2
config_337,896,6,14,0.1105519160628318,0.8360485434532166,0.9371925592422484,0.2649151682853699,0.0001907320547616,64,35629.0,3.5760202583054746e+18,4670010880,105615104,16,5.860595028699545e-07,4666163200.0,3.5760202583054746e+18,35629.0,1.657989146162252,1.6741919322092025,bin_2
config_338,704,19,22,0.0014690435491502,0.8781927227973938,0.9874109625816344,0.0572703853249549,0.0021728475112468,64,31392.0,5.185298480136192e+18,4114688000,155271424,8,0.0021728475112468,1592524800.0,2.0103933423081544e+18,12171.0,1.7088164492513314,1.7268479522134437,bin_3
config_338,704,19,22,0.0014690435491502,0.8781927227973938,0.9874109625816344,0.0572703853249549,0.0021728475112468,64,31392.0,5.185298480136192e+18,4114688000,155271424,8,0.0021728475112468,3191603200.0,4.020786684616309e+18,24342.0,1.635566231774502,1.652878300049266,bin_3
config_338,704,19,22,0.0014690435491502,0.8781927227973938,0.9874109625816344,0.0572703853249549,0.0021728475112468,64,31392.0,5.185298480136192e+18,4114688000,155271424,8,5.0784415955684725e-05,4109107200.0,5.185298480136192e+18,31392.0,1.5760025896009853,1.592635338384597,bin_3
config_339,1024,20,16,0.0011731486301869,0.9736136794090272,0.9218024015426636,0.1805884391069412,0.0044099958613514,64,25901.0,7.990468752772694e+18,3394962432,308426752,8,0.0044099958613514,1592524800.0,3.75475831782543e+18,12171.0,3.285910202127988,3.3205373484189398,bin_3
config_339,1024,20,16,0.0011731486301869,0.9736136794090272,0.9218024015426636,0.1805884391069412,0.0044099958613514,64,25901.0,7.990468752772694e+18,3394962432,308426752,8,0.0014624553305444,3191603200.0,7.50951663565086e+18,24342.0,3.4004494287146896,3.431410791678507,bin_3
config_339,1024,20,16,0.0011731486301869,0.9736136794090272,0.9218024015426636,0.1805884391069412,0.0044099958613514,64,25901.0,7.990468752772694e+18,3394962432,308426752,8,9.42911238262234e-07,3394764800.0,7.990468752772694e+18,25901.0,3.3692726002364863,3.4032634420473067,bin_3
config_34,1152,10,24,0.0067783254198729,0.9024069905281068,0.95904278755188,0.2701653838157654,0.008225092664361,32,5764.0,5.992355910089687e+17,377793696,217195776,8,0.008225092664361,190054400.0,2.9961779550448435e+17,2882.0,3.380033884126632,3.414130551736863,bin_1
config_34,1152,10,24,0.0067783254198729,0.9024069905281068,0.95904278755188,0.2701653838157654,0.008225092664361,32,5764.0,5.992355910089687e+17,377793696,217195776,8,7.395715947402376e-05,376832000.0,5.992355910089687e+17,5764.0,3.201855779085003,3.2355057163316694,bin_1
config_340,896,24,14,0.0126449093222618,0.8357028961181641,0.982084572315216,0.0206923671066761,0.0007067553233355,128,60566.0,3.5756792303096955e+19,15877104640,287313152,8,0.0007067553233355,1599078400.0,3.593036323294391e+18,6086.0,1.723569054193184,1.7418698580343217,bin_3
config_340,896,24,14,0.0126449093222618,0.8357028961181641,0.982084572315216,0.0206923671066761,0.0007067553233355,128,60566.0,3.5756792303096955e+19,15877104640,287313152,8,0.0007067553233355,3185049600.0,7.185482269276377e+18,12171.0,1.61127289213118,1.6286638780304643,bin_3
config_340,896,24,14,0.0126449093222618,0.8357028961181641,0.982084572315216,0.0206923671066761,0.0007067553233355,128,60566.0,3.5756792303096955e+19,15877104640,287313152,8,0.0007067553233355,4784128000.0,1.0778518592570767e+19,18257.0,1.5669007968316313,1.5819984602146462,bin_3
config_340,896,24,14,0.0126449093222618,0.8357028961181641,0.982084572315216,0.0206923671066761,0.0007067553233355,128,60566.0,3.5756792303096955e+19,15877104640,287313152,8,0.0007067553233355,6383206400.0,1.4370964538552754e+19,24342.0,1.5407721499048297,1.5555166159106082,bin_3
config_340,896,24,14,0.0126449093222618,0.8357028961181641,0.982084572315216,0.0206923671066761,0.0007067553233355,128,60566.0,3.5756792303096955e+19,15877104640,287313152,8,0.0007067553233355,7982284800.0,1.7964000861847144e+19,30428.0,1.5225986927650017,1.5369884894910406,bin_3
config_340,896,24,14,0.0126449093222618,0.8357028961181641,0.982084572315216,0.0206923671066761,0.0007067553233355,128,60566.0,3.5756792303096955e+19,15877104640,287313152,8,0.0007067553233355,9568256000.0,2.155703718514153e+19,36514.0,1.5091199274629843,1.522289195803345,bin_3
config_340,896,24,14,0.0126449093222618,0.8357028961181641,0.982084572315216,0.0206923671066761,0.0007067553233355,128,60566.0,3.5756792303096955e+19,15877104640,287313152,8,0.0007067553233355,11167334400.0,2.5149483131123524e+19,42599.0,1.501384325115407,1.5135412756341402,bin_3
config_340,896,24,14,0.0126449093222618,0.8357028961181641,0.982084572315216,0.0206923671066761,0.0007067553233355,128,60566.0,3.5756792303096955e+19,15877104640,287313152,8,0.0007067553233355,12766412800.0,2.874251945441791e+19,48685.0,1.489857232951727,1.5028709195090122,bin_3
config_340,896,24,14,0.0126449093222618,0.8357028961181641,0.982084572315216,0.0206923671066761,0.0007067553233355,128,60566.0,3.5756792303096955e+19,15877104640,287313152,8,0.0007067553233355,14352384000.0,3.2334965400399897e+19,54770.0,1.4831710621568024,1.4951037652570691,bin_3
config_340,896,24,14,0.0126449093222618,0.8357028961181641,0.982084572315216,0.0206923671066761,0.0007067553233355,128,60566.0,3.5756792303096955e+19,15877104640,287313152,8,9.02480859805944e-06,15872819200.0,3.5756792303096955e+19,60566.0,1.4487725125570767,1.459693820593787,bin_3
config_341,640,7,20,0.1301916986703872,0.885168194770813,0.9838002920150756,0.225354790687561,0.0012938744621351,64,20542.0,1.3906480601766298e+18,2692529664,67740160,16,0.0012938744621351,1592524800.0,8.239498364526221e+17,12171.0,1.8192069550811267,1.838048323490581,bin_1
config_341,640,7,20,0.1301916986703872,0.885168194770813,0.9838002920150756,0.225354790687561,0.0012938744621351,64,20542.0,1.3906480601766298e+18,2692529664,67740160,16,1.1739625709586334e-05,2686976000.0,1.3906480601766298e+18,20542.0,1.681361683353049,1.699021903413241,bin_1
config_342,768,22,24,0.0055214865133166,0.9888175129890442,0.9070473313331604,0.2614226341247558,0.0014111776836216,32,4453.0,4.615022797174702e+17,291869536,194360832,8,0.0014111776836216,147456000.0,2.306993206043316e+17,2226.0,3.2412470300080347,3.2756421850548416,bin_0
config_342,768,22,24,0.0055214865133166,0.9888175129890442,0.9070473313331604,0.2614226341247558,0.0014111776836216,32,4453.0,4.615022797174702e+17,291869536,194360832,8,3.637055885622864e-06,291635200.0,4.615022797174702e+17,4453.0,3.134754124469445,3.1680310868435217,bin_0
config_343,960,22,12,0.0014896097127348,0.8099730014801025,0.9304035902023317,0.1182584539055824,0.005105476360768,64,16582.0,4.930480423698924e+18,2173497088,291611520,8,0.005105476360768,1592524800.0,3.618916731204897e+18,12171.0,2.869358670203412,2.8990772665914943,bin_3
config_343,960,22,12,0.0014896097127348,0.8099730014801025,0.9304035902023317,0.1182584539055824,0.005105476360768,64,16582.0,4.930480423698924e+18,2173497088,291611520,8,8.335471609417257e-05,2169241600.0,4.930480423698924e+18,16582.0,2.727359110976829,2.756302014882447,bin_3
config_344,704,24,4,0.0875655934214592,0.886063814163208,0.9374412894248962,0.1585273146629333,0.0007177779334597,32,11884.0,1.1963047103104205e+18,778877120,186817664,8,0.0007177779334597,389939200.0,5.981523551552102e+17,5942.0,1.9679574560141957,1.9874957198784,bin_1
config_344,704,24,4,0.0875655934214592,0.886063814163208,0.9374412894248962,0.1585273146629333,0.0007177779334597,32,11884.0,1.1963047103104205e+18,778877120,186817664,8,1.2960408782597302e-05,776601600.0,1.1963047103104205e+18,11884.0,1.7768667941015277,1.7954263557762395,bin_1
config_345,512,9,16,0.0076495544053614,0.9608064293861388,0.9168024063110352,0.0887841582298278,2.681366459000856e-05,64,52961.0,3.1357677295396454e+18,6941805056,56422400,16,2.681366459000856e-05,1592524800.0,7.206327115467424e+17,12171.0,2.235262294870908,2.258461922622118,bin_2
config_345,512,9,16,0.0076495544053614,0.9608064293861388,0.9168024063110352,0.0887841582298278,2.681366459000856e-05,64,52961.0,3.1357677295396454e+18,6941805056,56422400,16,2.681366459000856e-05,3191603200.0,1.4412654230934848e+18,24342.0,2.017935194617412,2.0404290237973948,bin_2
config_345,512,9,16,0.0076495544053614,0.9608064293861388,0.9168024063110352,0.0887841582298278,2.681366459000856e-05,64,52961.0,3.1357677295396454e+18,6941805056,56422400,16,2.681366459000856e-05,4784128000.0,2.161957343637972e+18,36514.0,1.93317595180918,1.953798418279554,bin_2
config_345,512,9,16,0.0076495544053614,0.9608064293861388,0.9168024063110352,0.0887841582298278,2.681366459000856e-05,64,52961.0,3.1357677295396454e+18,6941805056,56422400,16,2.4298814295624517e-05,6383206400.0,2.882590055184714e+18,48685.0,1.882927595982786,1.902831161686632,bin_2
config_345,512,9,16,0.0076495544053614,0.9608064293861388,0.9168024063110352,0.0887841582298278,2.681366459000856e-05,64,52961.0,3.1357677295396454e+18,6941805056,56422400,16,6.272869215016936e-08,6940262400.0,3.1357677295396454e+18,52961.0,1.8593874389617169,1.8789256889702843,bin_2
config_346,832,4,16,0.1496444344520568,0.8434467315673828,0.9807753562927246,0.1541729569435119,0.0011590968351811,64,27890.0,1.963955678732157e+18,3655611904,75916672,16,0.0011590968351811,1592524800.0,8.570564562871668e+17,12171.0,1.840400718587344,1.8597633486888447,bin_2
config_346,832,4,16,0.1496444344520568,0.8434467315673828,0.9807753562927246,0.1541729569435119,0.0011590968351811,64,27890.0,1.963955678732157e+18,3655611904,75916672,16,0.0009544551748176,3191603200.0,1.7141129125743337e+18,24342.0,1.786375878951589,1.8058233429955652,bin_2
config_346,832,4,16,0.1496444344520568,0.8434467315673828,0.9807753562927246,0.1541729569435119,0.0011590968351811,64,27890.0,1.963955678732157e+18,3655611904,75916672,16,1.0784804235227903e-05,3650355200.0,1.963955678732157e+18,27890.0,1.6863861179742656,1.704665195394735,bin_2
config_347,512,14,8,0.0014546492602676,0.9703224301338196,0.9161967039108276,0.1553281843662262,0.0003883715544361,32,7968.0,3.2215608994922496e+17,522240576,73466880,16,0.0003883715544361,262144000.0,1.6107804497461248e+17,3984.0,2.1615656904705234,2.1817261095125167,bin_0
config_347,512,14,8,0.0014546492602676,0.9703224301338196,0.9161967039108276,0.1553281843662262,0.0003883715544361,32,7968.0,3.2215608994922496e+17,522240576,73466880,16,5.651324155093681e-06,521011200.0,3.2215608994922496e+17,7968.0,1.9296913690645188,1.9483178313052067,bin_0
config_349,704,19,22,0.0010439156321808,0.8924535512924194,0.9364830255508424,0.1082175746560096,0.0041447458788752,64,14842.0,2.451665771592745e+18,1945469440,155271424,8,0.0041447458788752,1592524800.0,2.0104584359288036e+18,12171.0,3.0319296834117075,3.063319275965456,bin_2
config_349,704,19,22,0.0010439156321808,0.8924535512924194,0.9364830255508424,0.1082175746560096,0.0041447458788752,64,14842.0,2.451665771592745e+18,1945469440,155271424,8,0.000108393105176,1939865600.0,2.451665771592745e+18,14842.0,2.882806060587773,2.9137177136296133,bin_2
config_35,256,4,16,0.047404158860445,0.9645520448684692,0.9335826635360718,0.2640989124774933,0.0022612609900534,32,4779.0,3.847261030131302e+16,313196608,16281088,16,0.0022612609900534,157286400.0,1.923227997694849e+16,2389.0,2.4896152409569163,2.5150306809534797,bin_0
config_35,256,4,16,0.047404158860445,0.9645520448684692,0.9335826635360718,0.2640989124774933,0.0022612609900534,32,4779.0,3.847261030131302e+16,313196608,16281088,16,5.196241577777247e-05,311296000.0,3.847261030131302e+16,4779.0,2.2101192666663496,2.231887065269908,bin_0
config_350,256,10,16,0.1874123215675354,0.8057861328125,0.9284704327583312,0.0920700430870056,1.794811942090746e-05,32,5947.0,7.455132877165363e+16,389794336,21395968,16,1.794811942090746e-05,193331200.0,3.7269396407958e+16,2973.0,3.3473385706104217,3.383604226346876,bin_0
config_350,256,10,16,0.1874123215675354,0.8057861328125,0.9284704327583312,0.0920700430870056,1.794811942090746e-05,32,5947.0,7.455132877165363e+16,389794336,21395968,16,1.5421601696209337e-06,386662400.0,7.455132877165363e+16,5947.0,3.0888663067583177,3.1215123626834056,bin_0
config_351,768,23,12,0.0010750442743301,0.8375259637832642,0.92042875289917,0.2818653285503387,5.130747376824729e-05,64,76122.0,1.638844875543203e+19,9977531392,201440256,8,5.130747376824729e-05,1592524800.0,2.620317514021744e+18,12171.0,1.9039467016595308,1.9241353586267247,bin_3
config_351,768,23,12,0.0010750442743301,0.8375259637832642,0.92042875289917,0.2818653285503387,5.130747376824729e-05,64,76122.0,1.638844875543203e+19,9977531392,201440256,8,5.130747376824729e-05,3191603200.0,5.240635028043488e+18,24342.0,1.7647064931666263,1.7838781617313135,bin_3
config_351,768,23,12,0.0010750442743301,0.8375259637832642,0.92042875289917,0.2818653285503387,5.130747376824729e-05,64,76122.0,1.638844875543203e+19,9977531392,201440256,8,5.130747376824729e-05,4784128000.0,7.861167833948729e+18,36514.0,1.7044510914654027,1.7222385746533753,bin_3
config_351,768,23,12,0.0010750442743301,0.8375259637832642,0.92042875289917,0.2818653285503387,5.130747376824729e-05,64,76122.0,1.638844875543203e+19,9977531392,201440256,8,5.130747376824729e-05,6383206400.0,1.0481485347970474e+19,48685.0,1.6672099549066826,1.6841831573111112,bin_3
config_351,768,23,12,0.0010750442743301,0.8375259637832642,0.92042875289917,0.2818653285503387,5.130747376824729e-05,64,76122.0,1.638844875543203e+19,9977531392,201440256,8,3.65197492257957e-05,7975731200.0,1.310180286199222e+19,60856.0,1.633659193261725,1.6499956467503407,bin_3
config_351,768,23,12,0.0010750442743301,0.8375259637832642,0.92042875289917,0.2818653285503387,5.130747376824729e-05,64,76122.0,1.638844875543203e+19,9977531392,201440256,8,7.3460365126797075e-06,9574809600.0,1.572212037601396e+19,73027.0,1.6003236244350183,1.6166570571016092,bin_3
config_351,768,23,12,0.0010750442743301,0.8375259637832642,0.92042875289917,0.2818653285503387,5.130747376824729e-05,64,76122.0,1.638844875543203e+19,9977531392,201440256,8,5.260833440070173e-08,9974579200.0,1.638844875543203e+19,76122.0,1.5960156029365102,1.61234829427766,bin_3
config_352,1152,11,24,0.0262677185237407,0.9401131868362428,0.9811730980873108,0.0274136792868375,0.0001197044039145,32,11440.0,1.282096740469801e+18,749760640,233123328,8,0.0001197044039145,373555200.0,6.410483702349005e+17,5720.0,1.9781091326377431,1.9986078113806047,bin_1
config_352,1152,11,24,0.0262677185237407,0.9401131868362428,0.9811730980873108,0.0274136792868375,0.0001197044039145,32,11440.0,1.282096740469801e+18,749760640,233123328,8,1.5297687401215497e-05,747110400.0,1.282096740469801e+18,11440.0,1.8115688603432447,1.830726764983818,bin_1
config_354,704,14,22,0.0299494434148073,0.909821629524231,0.993938148021698,0.2937489748001098,1.951828016899526e-05,32,8719.0,5.62546166408405e+17,571432128,123725184,8,1.951828016899526e-05,285081600.0,2.812408234171622e+17,4359.0,2.7247721453182034,2.752806924737868,bin_1
config_354,704,14,22,0.0299494434148073,0.909821629524231,0.993938148021698,0.2937489748001098,1.951828016899526e-05,32,8719.0,5.62546166408405e+17,571432128,123725184,8,1.4480567091406152e-07,570163200.0,5.62546166408405e+17,8719.0,2.4730287592528297,2.4992900090334844,bin_1
config_356,704,22,16,0.0031224319245666,0.8063367605209351,0.9425479769706726,0.2931093275547027,0.0001046135512297,32,6717.0,6.27592679448109e+17,440218816,174199168,8,0.0001046135512297,219545600.0,3.137496229844797e+17,3358.0,2.246991093061009,2.2701256397122243,bin_1
config_356,704,22,16,0.0031224319245666,0.8063367605209351,0.9425479769706726,0.2931093275547027,0.0001046135512297,32,6717.0,6.27592679448109e+17,440218816,174199168,8,9.036739689557868e-07,439091200.0,6.27592679448109e+17,6717.0,2.016385992804512,2.0374936516558537,bin_1
config_357,384,4,8,0.0030039921402931,0.8579988479614258,0.9845930337905884,0.2530900537967682,0.0018693900201469,32,5229.0,6.719322579664896e+16,342727680,26387712,16,0.0018693900201469,170393600.0,3.359018784326647e+16,2614.0,2.2173344476105736,2.2405688395265675,bin_0
config_357,384,4,8,0.0030039921402931,0.8579988479614258,0.9845930337905884,0.2530900537967682,0.0018693900201469,32,5229.0,6.719322579664896e+16,342727680,26387712,16,4.097680316270764e-05,340787200.0,6.719322579664896e+16,5229.0,2.033544679313409,2.055653048695111,bin_0
config_358,1024,11,8,0.0140782734379172,0.909735381603241,0.916336178779602,0.110927052795887,0.0001113926264224,64,74966.0,1.4085636349231104e+19,9826048000,192802816,8,0.0001113926264224,1592524800.0,2.2868537737973453e+18,12171.0,1.7938221993016414,1.812692036120618,bin_3
config_358,1024,11,8,0.0140782734379172,0.909735381603241,0.916336178779602,0.110927052795887,0.0001113926264224,64,74966.0,1.4085636349231104e+19,9826048000,192802816,8,0.0001113926264224,3191603200.0,4.5737075475946906e+18,24342.0,1.6980758050816958,1.716483706138173,bin_3
config_358,1024,11,8,0.0140782734379172,0.909735381603241,0.916336178779602,0.110927052795887,0.0001113926264224,64,74966.0,1.4085636349231104e+19,9826048000,192802816,8,0.0001113926264224,4784128000.0,6.860749215055152e+18,36514.0,1.65518048356791,1.6714306299412838,bin_3
config_358,1024,11,8,0.0140782734379172,0.909735381603241,0.916336178779602,0.110927052795887,0.0001113926264224,64,74966.0,1.4085636349231104e+19,9826048000,192802816,8,0.0001113926264224,6383206400.0,9.147602988852496e+18,48685.0,1.6296161447782986,1.6454772575956875,bin_3
config_358,1024,11,8,0.0140782734379172,0.909735381603241,0.916336178779602,0.110927052795887,0.0001113926264224,64,74966.0,1.4085636349231104e+19,9826048000,192802816,8,0.0001113926264224,7975731200.0,1.1434456762649842e+19,60856.0,1.611845400235692,1.6279121177118332,bin_3
config_358,1024,11,8,0.0140782734379172,0.909735381603241,0.916336178779602,0.110927052795887,0.0001113926264224,64,74966.0,1.4085636349231104e+19,9826048000,192802816,8,2.566786196337082e-05,9574809600.0,1.372131053644719e+19,73027.0,1.564468386153706,1.5789564161417915,bin_3
config_358,1024,11,8,0.0140782734379172,0.909735381603241,0.916336178779602,0.110927052795887,0.0001113926264224,64,74966.0,1.4085636349231104e+19,9826048000,192802816,8,2.1434540261687626e-07,9823846400.0,1.4085636349231104e+19,74966.0,1.5560029460953884,1.570377010087498,bin_3
config_359,1024,20,8,0.0144238313660025,0.9737749099731444,0.931054949760437,0.0760165601968765,0.0037173093296587,32,5395.0,8.322678904537743e+17,353611072,308426752,8,0.0037173093296587,176947200.0,4.16056811965492e+17,2697.0,3.4651974841805755,3.4997087500525303,bin_1
config_359,1024,20,8,0.0144238313660025,0.9737749099731444,0.931054949760437,0.0760165601968765,0.0037173093296587,32,5395.0,8.322678904537743e+17,353611072,308426752,8,0.0004079973654503,350617600.0,8.322678904537743e+17,5395.0,3.352245126083249,3.386449763618532,bin_1
config_36,704,24,8,0.0051701162010431,0.9035282731056212,0.9945122003555298,0.0462554991245269,1.6447580492240377e-05,64,19477.0,3.92114824755875e+18,2552938752,186817664,8,1.6447580492240377e-05,1592524800.0,2.4502898455120164e+18,12171.0,2.1032628986092865,2.1252361592894693,bin_2
config_36,704,24,8,0.0051701162010431,0.9035282731056212,0.9945122003555298,0.0462554991245269,1.6447580492240377e-05,64,19477.0,3.92114824755875e+18,2552938752,186817664,8,4.93427414767211e-07,2549350400.0,3.92114824755875e+18,19477.0,1.951438476492147,1.9717565433510011,bin_2
config_360,640,13,8,0.0210473574697971,0.8691765666007996,0.9489502906799316,0.1596058309078216,0.0084162913262844,64,16057.0,1.6704882447571354e+18,2104681728,98222080,16,0.0084162913262844,1592524800.0,1.2662086583383631e+18,12171.0,3.1776570664859207,3.211261148061909,bin_2
config_360,640,13,8,0.0210473574697971,0.8691765666007996,0.9489502906799316,0.1596058309078216,0.0084162913262844,64,16057.0,1.6704882447571354e+18,2104681728,98222080,16,2.299533149258126e-05,2103705600.0,1.6704882447571354e+18,16057.0,3.065115200417941,3.0973131982615736,bin_2
config_361,576,19,24,0.0013895373558625,0.8222805857658386,0.9885231852531432,0.0977745503187179,0.0001611687039257,32,4881.0,2.8681203595548672e+17,319893280,104626944,8,0.0001611687039257,160563200.0,1.4337663751923533e+17,2440.0,2.3669531863634705,2.391003875322029,bin_0
config_361,576,19,24,0.0013895373558625,0.8222805857658386,0.9885231852531432,0.0977745503187179,0.0001611687039257,32,4881.0,2.8681203595548672e+17,319893280,104626944,8,1.0474276355764509e-05,317849600.0,2.8681203595548672e+17,4881.0,2.066828224893476,2.088337581372652,bin_0
config_362,1024,16,16,0.0047677103430032,0.8581838011741638,0.9469996094703674,0.1941602975130081,0.0003925334312953,64,26646.0,6.79189348085819e+18,3492549888,257038336,8,0.0003925334312953,1592524800.0,3.1023093730963384e+18,12171.0,1.71240704630242,1.7302224559080406,bin_3
config_362,1024,16,16,0.0047677103430032,0.8581838011741638,0.9469996094703674,0.1941602975130081,0.0003925334312953,64,26646.0,6.79189348085819e+18,3492549888,257038336,8,0.0001742232279632,3191603200.0,6.204618746192677e+18,24342.0,1.601550551613823,1.6183257264191988,bin_3
config_362,1024,16,16,0.0047677103430032,0.8581838011741638,0.9469996094703674,0.1941602975130081,0.0003925334312953,64,26646.0,6.79189348085819e+18,3492549888,257038336,8,3.4905350550133523e-06,3486515200.0,6.79189348085819e+18,26646.0,1.5723381717185505,1.5887219806381914,bin_3
config_363,1088,22,16,0.0037232432514429,0.8582589030265808,0.9044780135154724,0.2180307060480117,0.0003017889976035,64,20672.0,7.763005834702848e+18,2709561600,379513984,8,0.0003017889976035,1592524800.0,4.57060487684638e+18,12171.0,1.706887202047911,1.7242833776552169,bin_3
config_363,1088,22,16,0.0037232432514429,0.8582589030265808,0.9044780135154724,0.2180307060480117,0.0003017889976035,64,20672.0,7.763005834702848e+18,2709561600,379513984,8,1.473121355065202e-06,2706636800.0,7.763005834702848e+18,20672.0,1.58753064524932,1.6042427044618326,bin_3
config_364,1088,7,8,0.0015274054603651,0.829801619052887,0.9134795665740968,0.0946737229824066,0.0004570894816424,32,4554.0,3.389277415809024e+17,298514176,158051584,16,0.0004570894816424,150732800.0,1.694638707904512e+17,2277.0,2.1499132596860164,2.171363067353358,bin_0
config_364,1088,7,8,0.0015274054603651,0.829801619052887,0.9134795665740968,0.0946737229824066,0.0004570894816424,32,4554.0,3.389277415809024e+17,298514176,158051584,16,4.242129760022881e-06,298188800.0,3.389277415809024e+17,4554.0,1.9520625243030607,1.9724823880195617,bin_0
config_365,448,13,14,0.1336321681737899,0.807000994682312,0.9596014022827148,0.2200542241334915,0.0002485125150997,64,11028.0,6.867628435404227e+17,1445573632,55336960,16,0.0002485125150997,720896000.0,3.433814217702113e+17,5514.0,1.9710407901982792,1.991966930022005,bin_1
config_365,448,13,14,0.1336321681737899,0.807000994682312,0.9596014022827148,0.2200542241334915,0.0002485125150997,64,11028.0,6.867628435404227e+17,1445573632,55336960,16,2.868240075347135e-06,1441792000.0,6.867628435404227e+17,11028.0,1.8177972057608307,1.8375832141031985,bin_1
config_368,1088,19,16,0.0035268291831016,0.8615473508834839,0.9073721170425416,0.1952930241823196,0.0052543715573847,64,55694.0,1.8389489705819505e+19,7299996160,335221504,8,0.0052543715573847,1592524800.0,4.01871798056396e+18,12171.0,3.080338758757857,3.111859042683586,bin_3
config_368,1088,19,16,0.0035268291831016,0.8615473508834839,0.9073721170425416,0.1952930241823196,0.0052543715573847,64,55694.0,1.8389489705819505e+19,7299996160,335221504,8,0.0052543715573847,3191603200.0,8.037435961127921e+18,24342.0,2.964430019581904,2.995711362127398,bin_3
config_368,1088,19,16,0.0035268291831016,0.8615473508834839,0.9073721170425416,0.1952930241823196,0.0052543715573847,64,55694.0,1.8389489705819505e+19,7299996160,335221504,8,0.0052543715573847,4784128000.0,1.2056484129678123e+19,36514.0,2.8569402826614065,2.8714501721741725,bin_3
config_368,1088,19,16,0.0035268291831016,0.8615473508834839,0.9073721170425416,0.1952930241823196,0.0052543715573847,64,55694.0,1.8389489705819505e+19,7299996160,335221504,8,0.003378914552441,6383206400.0,1.6075202110242085e+19,48685.0,3.268064884006,3.292479569990127,bin_3
config_368,1088,19,16,0.0035268291831016,0.8615473508834839,0.9073721170425416,0.1952930241823196,0.0052543715573847,64,55694.0,1.8389489705819505e+19,7299996160,335221504,8,2.12571118540757e-05,7294156800.0,1.8389489705819505e+19,55694.0,3.0430724415622774,3.0682528102202493,bin_3
config_369,1088,16,16,0.0172708705067634,0.9822660088539124,0.9632694721221924,0.1139906495809555,0.0001278270647162,64,28880.0,8.226497877032632e+18,3785469440,290929024,8,0.0001278270647162,1592524800.0,3.46692194118297e+18,12171.0,1.714501656567464,1.732753509986596,bin_3
config_369,1088,16,16,0.0172708705067634,0.9822660088539124,0.9632694721221924,0.1139906495809555,0.0001278270647162,64,28880.0,8.226497877032632e+18,3785469440,290929024,8,0.0001278270647162,3191603200.0,6.93384388236594e+18,24342.0,1.6238970137424156,1.6413553999877366,bin_3
config_369,1088,16,16,0.0172708705067634,0.9822660088539124,0.9632694721221924,0.1139906495809555,0.0001278270647162,64,28880.0,8.226497877032632e+18,3785469440,290929024,8,1.1648881960776717e-06,3781427200.0,8.226497877032632e+18,28880.0,1.5684965333391407,1.585350897683472,bin_3
config_37,384,12,24,0.0056938407942652,0.9702830910682678,0.9245150685310364,0.0677775666117668,6.283398397499695e-05,128,56744.0,5.302862166196224e+18,14875356160,40549632,16,6.283398397499695e-05,1599078400.0,5.687512185159703e+17,6086.0,2.3556441343026084,2.380109194458508,bin_3
config_37,384,12,24,0.0056938407942652,0.9702830910682678,0.9245150685310364,0.0677775666117668,6.283398397499695e-05,128,56744.0,5.302862166196224e+18,14875356160,40549632,16,6.283398397499695e-05,3185049600.0,1.1374089846463808e+18,12171.0,2.056575774130274,2.078491006444712,bin_3
config_37,384,12,24,0.0056938407942652,0.9702830910682678,0.9245150685310364,0.0677775666117668,6.283398397499695e-05,128,56744.0,5.302862166196224e+18,14875356160,40549632,16,6.283398397499695e-05,4784128000.0,1.7061602031623514e+18,18257.0,1.9567477979425525,1.977250277097108,bin_3
config_37,384,12,24,0.0056938407942652,0.9702830910682678,0.9245150685310364,0.0677775666117668,6.283398397499695e-05,128,56744.0,5.302862166196224e+18,14875356160,40549632,16,6.283398397499695e-05,6383206400.0,2.2748179692927616e+18,24342.0,1.9021786427497864,1.9222367122525077,bin_3
config_37,384,12,24,0.0056938407942652,0.9702830910682678,0.9245150685310364,0.0677775666117668,6.283398397499695e-05,128,56744.0,5.302862166196224e+18,14875356160,40549632,16,6.283398397499695e-05,7982284800.0,2.843569187808732e+18,30428.0,1.8685018016080388,1.887721116308306,bin_3
config_37,384,12,24,0.0056938407942652,0.9702830910682678,0.9245150685310364,0.0677775666117668,6.283398397499695e-05,128,56744.0,5.302862166196224e+18,14875356160,40549632,16,6.283398397499695e-05,9568256000.0,3.4123204063247027e+18,36514.0,1.842100884992568,1.8630956706453543,bin_3
config_37,384,12,24,0.0056938407942652,0.9702830910682678,0.9245150685310364,0.0677775666117668,6.283398397499695e-05,128,56744.0,5.302862166196224e+18,14875356160,40549632,16,6.283398397499695e-05,11167334400.0,3.980978172455113e+18,42599.0,1.8229101147808011,1.8438942707952903,bin_3
config_37,384,12,24,0.0056938407942652,0.9702830910682678,0.9245150685310364,0.0677775666117668,6.283398397499695e-05,128,56744.0,5.302862166196224e+18,14875356160,40549632,16,6.283398397499695e-05,12766412800.0,4.549729390971084e+18,48685.0,1.8080400588082488,1.8286847671524424,bin_3
config_37,384,12,24,0.0056938407942652,0.9702830910682678,0.9245150685310364,0.0677775666117668,6.283398397499695e-05,128,56744.0,5.302862166196224e+18,14875356160,40549632,16,3.258542627988139e-05,14352384000.0,5.118387157101494e+18,54770.0,1.7916469216737592,1.80639702624962,bin_3
config_37,384,12,24,0.0056938407942652,0.9702830910682678,0.9245150685310364,0.0677775666117668,6.283398397499695e-05,128,56744.0,5.302862166196224e+18,14875356160,40549632,16,7.190364876202485e-07,14863564800.0,5.302862166196224e+18,56744.0,1.780344376954876,1.794601475019924,bin_3
config_370,704,19,16,0.0282256342470645,0.8585138320922852,0.9573021531105042,0.2706466317176819,7.943338277982548e-05,64,20929.0,3.4570600792656445e+18,2743279616,155271424,8,7.943338277982548e-05,1592524800.0,2.010410350458319e+18,12171.0,1.8341214870234004,1.8541976844873584,bin_2
config_370,704,19,16,0.0282256342470645,0.8585138320922852,0.9573021531105042,0.2706466317176819,7.943338277982548e-05,64,20929.0,3.4570600792656445e+18,2743279616,155271424,8,4.067034075944418e-07,2739404800.0,3.4570600792656445e+18,20929.0,1.7249902952303653,1.743801550005303,bin_2
config_371,640,5,20,0.0060323416255414,0.8161618709564209,0.9732842445373536,0.025093013420701,0.0015700086951255,64,49768.0,2.766377832140636e+18,6523274752,57579520,16,0.0015700086951255,1592524800.0,6.765307947874876e+17,12171.0,1.823548848980763,1.8437352808967968,bin_2
config_371,640,5,20,0.0060323416255414,0.8161618709564209,0.9732842445373536,0.025093013420701,0.0015700086951255,64,49768.0,2.766377832140636e+18,6523274752,57579520,16,0.0015700086951255,3191603200.0,1.3530615895749752e+18,24342.0,1.7662876661879117,1.785805260783336,bin_2
config_371,640,5,20,0.0060323416255414,0.8161618709564209,0.9732842445373536,0.025093013420701,0.0015700086951255,64,49768.0,2.766377832140636e+18,6523274752,57579520,16,0.0015700086951255,4784128000.0,2.0296479698357007e+18,36514.0,1.7420738203799138,1.759952108860016,bin_2
config_371,640,5,20,0.0060323416255414,0.8161618709564209,0.9732842445373536,0.025093013420701,0.0015700086951255,64,49768.0,2.766377832140636e+18,6523274752,57579520,16,0.0013435651333286,6383206400.0,2.706178764623189e+18,48685.0,1.722058123721451,1.7397872413181867,bin_2
config_371,640,5,20,0.0060323416255414,0.8161618709564209,0.9732842445373536,0.025093013420701,0.0015700086951255,64,49768.0,2.766377832140636e+18,6523274752,57579520,16,2.264435617969603e-05,6520832000.0,2.766377832140636e+18,49768.0,1.687415955340276,1.704770498666607,bin_2
config_372,960,14,6,0.0011467898730188,0.8688241243362427,0.9794131517410278,0.2992032468318939,0.0006899771979078,64,21351.0,4.33454706498945e+18,2798522624,203122560,8,0.0006899771979078,1592524800.0,2.470880629852775e+18,12171.0,1.6976815549858282,1.7153593987128777,bin_2
config_372,960,14,6,0.0011467898730188,0.8688241243362427,0.9794131517410278,0.2992032468318939,0.0006899771979078,64,21351.0,4.33454706498945e+18,2798522624,203122560,8,1.0801145865809836e-07,2798387200.0,4.33454706498945e+18,21351.0,1.586358846074245,1.6028564175816833,bin_2
config_373,1152,21,16,0.0776055306196212,0.9824782013893129,0.9337735176086426,0.1923518925905227,0.0019745568279176,64,12626.0,4.879843611789165e+18,1654948096,392398848,8,0.0003871042216181,1592524800.0,4.703989909637725e+18,12171.0,3.2604379255263534,3.292591223873076,bin_3
config_373,1152,21,16,0.0776055306196212,0.9824782013893129,0.9337735176086426,0.1923518925905227,0.0019745568279176,64,12626.0,4.879843611789165e+18,1654948096,392398848,8,2.1144348239645738e-05,1651507200.0,4.879843611789165e+18,12626.0,3.2382813277010056,3.272881685514919,bin_3
config_374,576,13,18,0.0115746259689331,0.8755624890327454,0.9386836886405944,0.1006982997059822,0.0037527957465499,64,34878.0,3.0553095135471206e+18,4571594240,80732160,16,0.0037527957465499,1592524800.0,1.066178453161936e+18,12171.0,1.7874425995545309,1.8047602343950115,bin_2
config_374,576,13,18,0.0115746259689331,0.8755624890327454,0.9386836886405944,0.1006982997059822,0.0037527957465499,64,34878.0,3.0553095135471206e+18,4571594240,80732160,16,0.0037527957465499,3191603200.0,2.1323569063238725e+18,24342.0,1.7393794781653606,1.7563301852882889,bin_2
config_374,576,13,18,0.0115746259689331,0.8755624890327454,0.9386836886405944,0.1006982997059822,0.0037527957465499,64,34878.0,3.0553095135471206e+18,4571594240,80732160,16,2.9919783856320777e-05,4567859200.0,3.0553095135471206e+18,34878.0,1.6380751626608805,1.6548911320576902,bin_2
config_375,1152,23,12,0.0770118832588195,0.9820305109024048,0.9313522577285768,0.2937497198581695,1.5161052033363376e-05,32,4222.0,8.845620261902254e+17,276740032,424253952,8,1.5161052033363376e-05,137625600.0,4.422810130951127e+17,2111.0,2.8749567795581505,2.904698075740064,bin_1
config_375,1152,23,12,0.0770118832588195,0.9820305109024048,0.9313522577285768,0.2937497198581695,1.5161052033363376e-05,32,4222.0,8.845620261902254e+17,276740032,424253952,8,2.689864070435433e-07,275251200.0,8.845620261902254e+17,4222.0,2.5885553559123493,2.615237816552647,bin_1
config_376,704,14,8,0.01592318713665,0.8408514261245728,0.9686583876609802,0.1768219172954559,0.0019815054256469,64,36284.0,4.681953639236764e+18,4755909632,123725184,8,0.0019815054256469,1592524800.0,1.5705009850939988e+18,12171.0,1.7340455464261475,1.7519669714521189,bin_3
config_376,704,14,8,0.01592318713665,0.8408514261245728,0.9686583876609802,0.1768219172954559,0.0019815054256469,64,36284.0,4.681953639236764e+18,4755909632,123725184,8,0.0019815054256469,3191603200.0,3.1410019701879977e+18,24342.0,1.6753764847653811,1.6930469070106255,bin_3
config_376,704,14,8,0.01592318713665,0.8408514261245728,0.9686583876609802,0.1768219172954559,0.0019815054256469,64,36284.0,4.681953639236764e+18,4755909632,123725184,8,1.05021331990641e-05,4751360000.0,4.681953639236764e+18,36284.0,1.5799302223080494,1.5936679493403825,bin_3
config_377,256,8,16,0.0525498427450656,0.8026305437088013,0.953645646572113,0.0406963005661964,0.0001330681407125,64,18655.0,4.119028370968412e+17,2445229824,19691008,16,0.0001330681407125,1592524800.0,2.68735965173179e+17,12171.0,2.1130453870726416,2.135678187198326,bin_0
config_377,256,8,16,0.0525498427450656,0.8026305437088013,0.953645646572113,0.0406963005661964,0.0001330681407125,64,18655.0,4.119028370968412e+17,2445229824,19691008,16,8.766017174740746e-07,2444492800.0,4.119028370968412e+17,18655.0,2.00952870302513,2.0319033660263317,bin_0
config_378,704,4,16,0.0026393479201942,0.9275038242340088,0.9654542207717896,0.2796150147914886,0.0002171796077163,64,23919.0,1.3574195704279204e+18,3135177216,60632704,16,0.0002171796077163,1592524800.0,6.907125545247803e+17,12171.0,1.868016107434132,1.888848949416739,bin_1
config_378,704,4,16,0.0026393479201942,0.9275038242340088,0.9654542207717896,0.2796150147914886,0.0002171796077163,64,23919.0,1.3574195704279204e+18,3135177216,60632704,16,6.169875219215449e-07,3132620800.0,1.3574195704279204e+18,23919.0,1.7611969078173404,1.780930122742887,bin_1
config_379,256,14,16,0.0020587611943483,0.9717686772346495,0.9814202189445496,0.1958454400300979,0.002732214750722,64,24202.0,7.514056146427576e+17,3172212224,24805888,16,0.002732214750722,1592524800.0,3.778761150242543e+17,12171.0,1.9076499097464517,1.928837727640496,bin_1
config_379,256,14,16,0.0020587611943483,0.9717686772346495,0.9814202189445496,0.1958454400300979,0.002732214750722,64,24202.0,7.514056146427576e+17,3172212224,24805888,16,1.1530764932360556e-06,3171942400.0,7.514056146427576e+17,24202.0,1.80536850202279,1.8253758126790407,bin_1
config_38,704,16,22,0.0141976652666926,0.8837316036224365,0.9634721279144288,0.093929998576641,2.373611459915992e-05,32,7587.0,5.443822476183675e+17,497267744,136343680,8,2.373611459915992e-05,249036800.0,2.7215524782080768e+17,3793.0,2.7140169757116035,2.7420963949844483,bin_1
config_38,704,16,22,0.0141976652666926,0.8837316036224365,0.9634721279144288,0.093929998576641,2.373611459915992e-05,32,7587.0,5.443822476183675e+17,497267744,136343680,8,1.233477865405781e-06,494796800.0,5.443822476183675e+17,7587.0,2.442311825889056,2.468622900032606,bin_1
config_380,576,10,6,0.0018162111518904,0.8562465310096741,0.9674994945526124,0.2250396311283111,0.0021890364587306,128,41812.0,6.074423630818836e+18,10960829440,68784768,16,0.0021890364587306,1599078400.0,8.841706260681966e+17,6086.0,1.780694190713226,1.7998150423315704,bin_3
config_380,576,10,6,0.0018162111518904,0.8562465310096741,0.9674994945526124,0.2250396311283111,0.0021890364587306,128,41812.0,6.074423630818836e+18,10960829440,68784768,16,0.0021890364587306,3185049600.0,1.768195972703914e+18,12171.0,1.7097844102343576,1.7284116496805284,bin_3
config_380,576,10,6,0.0018162111518904,0.8562465310096741,0.9674994945526124,0.2250396311283111,0.0021890364587306,128,41812.0,6.074423630818836e+18,10960829440,68784768,16,0.0021890364587306,4784128000.0,2.652366598772111e+18,18257.0,1.6796985653971062,1.6963713096399775,bin_3
config_380,576,10,6,0.0018162111518904,0.8562465310096741,0.9674994945526124,0.2250396311283111,0.0021890364587306,128,41812.0,6.074423630818836e+18,10960829440,68784768,16,0.0021890364587306,6383206400.0,3.536391945407828e+18,24342.0,1.6614287761391189,1.6778207927453714,bin_3
config_380,576,10,6,0.0018162111518904,0.8562465310096741,0.9674994945526124,0.2250396311283111,0.0021890364587306,128,41812.0,6.074423630818836e+18,10960829440,68784768,16,0.0021890364587306,7982284800.0,4.420562571476025e+18,30428.0,1.6489612979185386,1.665276656932518,bin_3
config_380,576,10,6,0.0018162111518904,0.8562465310096741,0.9674994945526124,0.2250396311283111,0.0021890364587306,128,41812.0,6.074423630818836e+18,10960829440,68784768,16,0.0012358552097754,9568256000.0,5.304733197544222e+18,36514.0,1.6210470944154458,1.6362580819989814,bin_3
config_380,576,10,6,0.0018162111518904,0.8562465310096741,0.9674994945526124,0.2250396311283111,0.0021890364587306,128,41812.0,6.074423630818836e+18,10960829440,68784768,16,2.7918415883483078e-06,10957619200.0,6.074423630818836e+18,41812.0,1.5934467817916245,1.6082268873199088,bin_3
config_381,1152,8,6,0.1323904395103454,0.9490640163421632,0.966964602470398,0.1400066167116165,0.0008113985531963,64,21946.0,3.8500295487307776e+18,2876550400,185340672,8,0.0008113985531963,1592524800.0,2.135182249047767e+18,12171.0,1.7437385277083663,1.76183224525608,bin_2
config_381,1152,8,6,0.1323904395103454,0.9490640163421632,0.966964602470398,0.1400066167116165,0.0008113985531963,64,21946.0,3.8500295487307776e+18,2876550400,185340672,8,1.214984812728892e-05,2870476800.0,3.8500295487307776e+18,21946.0,1.6083064597356516,1.624738171471924,bin_2
config_382,704,6,4,0.0022339960560202,0.9472734928131104,0.9783576726913452,0.1955612301826477,1.104700641008094e-05,64,10166.0,7.23931492641325e+17,1332565888,73251200,16,1.104700641008094e-05,668467200.0,3.619657463206625e+17,5083.0,2.791023506883715,2.819369463295233,bin_1
config_382,704,6,4,0.0022339960560202,0.9472734928131104,0.9783576726913452,0.1955612301826477,1.104700641008094e-05,64,10166.0,7.23931492641325e+17,1332565888,73251200,16,8.890950833063115e-08,1330380800.0,7.23931492641325e+17,10166.0,2.495551422463089,2.520388652535736,bin_1
config_384,960,8,10,0.0797690451145172,0.8145352602005005,0.9233595728874208,0.0945527553558349,6.607137765968218e-05,64,12460.0,1.6482647413628928e+18,1633270016,136755840,16,1.7387204647284783e-05,1592524800.0,1.6100345238465303e+18,12171.0,1.8444118819080413,1.8639369170001296,bin_2
config_384,960,8,10,0.0797690451145172,0.8145352602005005,0.9233595728874208,0.0945527553558349,6.607137765968218e-05,64,12460.0,1.6482647413628928e+18,1633270016,136755840,16,5.608775692672493e-07,1631846400.0,1.6482647413628928e+18,12460.0,1.837811143710965,1.857372528646813,bin_2
config_385,320,17,8,0.1015648394823074,0.8603706359863281,0.9792016744613647,0.2261504083871841,0.0001407812524121,64,74355.0,3.628143593847521e+18,9745881088,39774720,16,0.0001407812524121,1592524800.0,5.938825321863786e+17,12171.0,1.9465262105035,1.9672613154864704,bin_2
config_385,320,17,8,0.1015648394823074,0.8603706359863281,0.9792016744613647,0.2261504083871841,0.0001407812524121,64,74355.0,3.628143593847521e+18,9745881088,39774720,16,0.0001407812524121,3191603200.0,1.1877650643727572e+18,24342.0,1.834867643137447,1.8546728868562667,bin_2
config_385,320,17,8,0.1015648394823074,0.8603706359863281,0.9792016744613647,0.2261504083871841,0.0001407812524121,64,74355.0,3.628143593847521e+18,9745881088,39774720,16,0.0001407812524121,4784128000.0,1.7816963914430554e+18,36514.0,1.7959624728218453,1.8131083337987053,bin_2
config_385,320,17,8,0.1015648394823074,0.8603706359863281,0.9792016744613647,0.2261504083871841,0.0001407812524121,64,74355.0,3.628143593847521e+18,9745881088,39774720,16,0.0001407812524121,6383206400.0,2.3755789236294344e+18,48685.0,1.7712460582373573,1.7868638069121563,bin_2
config_385,320,17,8,0.1015648394823074,0.8603706359863281,0.9792016744613647,0.2261504083871841,0.0001407812524121,64,74355.0,3.628143593847521e+18,9745881088,39774720,16,0.0001130687370696,7975731200.0,2.9694614558158126e+18,60856.0,1.7489435022776243,1.7636650083104115,bin_2
config_385,320,17,8,0.1015648394823074,0.8603706359863281,0.9792016744613647,0.2261504083871841,0.0001407812524121,64,74355.0,3.628143593847521e+18,9745881088,39774720,16,1.0925931275517322e-05,9574809600.0,3.5633439880021914e+18,73027.0,1.7013828644987012,1.7186295163826864,bin_2
config_385,320,17,8,0.1015648394823074,0.8603706359863281,0.9792016744613647,0.2261504083871841,0.0001407812524121,64,74355.0,3.628143593847521e+18,9745881088,39774720,16,4.1861805653338345e-08,9745203200.0,3.628143593847521e+18,74355.0,1.6988574597483777,1.7160927033424378,bin_2
config_387,704,20,16,0.1090689003467559,0.81899493932724,0.981365203857422,0.1236629486083984,0.0005375139298848,64,23586.0,4.066379551548408e+18,3091502336,161580672,8,0.0005375139298848,1592524800.0,2.098359430250813e+18,12171.0,1.7321515076277687,1.7500913801935851,bin_2
config_387,704,20,16,0.1090689003467559,0.81899493932724,0.981365203857422,0.1236629486083984,0.0005375139298848,64,23586.0,4.066379551548408e+18,3091502336,161580672,8,6.635974443023186e-06,3086745600.0,4.066379551548408e+18,23586.0,1.5973780684783812,1.6142526320160413,bin_2
config_388,640,24,16,0.0036109511274844,0.8726160526275635,0.930816411972046,0.1340634226799011,0.0007127816206775,32,8272.0,7.058214741602304e+17,542133568,154105600,8,0.0007127816206775,271974400.0,3.529107370801152e+17,4136.0,2.0442668901896868,2.064358939655492,bin_1
config_388,640,24,16,0.0036109511274844,0.8726160526275635,0.930816411972046,0.1340634226799011,0.0007127816206775,32,8272.0,7.058214741602304e+17,542133568,154105600,8,1.415270365966268e-05,540672000.0,7.058214741602304e+17,8272.0,1.8491302801937357,1.868519348961408,bin_1
config_389,384,14,16,0.0436412505805492,0.8618155717849731,0.95359468460083,0.2383837550878524,0.0001543074322398,128,57649.0,5.993472525532398e+18,15112346624,44090112,16,0.0001543074322398,1599078400.0,6.327303819734977e+17,6086.0,2.035832475287015,2.057560030749587,bin_3
config_389,384,14,16,0.0436412505805492,0.8618155717849731,0.95359468460083,0.2383837550878524,0.0001543074322398,128,57649.0,5.993472525532398e+18,15112346624,44090112,16,0.0001543074322398,3185049600.0,1.2653567990469012e+18,12171.0,1.873189106339314,1.8938590432776776,bin_3
config_389,384,14,16,0.0436412505805492,0.8618155717849731,0.95359468460083,0.2383837550878524,0.0001543074322398,128,57649.0,5.993472525532398e+18,15112346624,44090112,16,0.0001543074322398,4784128000.0,1.8980871810203988e+18,18257.0,1.8175383489640036,1.836089192218468,bin_3
config_389,384,14,16,0.0436412505805492,0.8618155717849731,0.95359468460083,0.2383837550878524,0.0001543074322398,128,57649.0,5.993472525532398e+18,15112346624,44090112,16,0.0001543074322398,6383206400.0,2.5307135980938025e+18,24342.0,1.7860578469370232,1.8036153149995648,bin_3
config_389,384,14,16,0.0436412505805492,0.8618155717849731,0.95359468460083,0.2383837550878524,0.0001543074322398,128,57649.0,5.993472525532398e+18,15112346624,44090112,16,0.0001543074322398,7982284800.0,3.1634439800673004e+18,30428.0,1.7647843835002086,1.7823007169317029,bin_3
config_389,384,14,16,0.0436412505805492,0.8618155717849731,0.95359468460083,0.2383837550878524,0.0001543074322398,128,57649.0,5.993472525532398e+18,15112346624,44090112,16,0.0001543074322398,9568256000.0,3.7961743620407977e+18,36514.0,1.7483126715363049,1.765962769789774,bin_3
config_389,384,14,16,0.0436412505805492,0.8618155717849731,0.95359468460083,0.2383837550878524,0.0001543074322398,128,57649.0,5.993472525532398e+18,15112346624,44090112,16,0.0001543074322398,11167334400.0,4.4288007791142016e+18,42599.0,1.7370806040138496,1.7538566205931492,bin_3
config_389,384,14,16,0.0436412505805492,0.8618155717849731,0.95359468460083,0.2383837550878524,0.0001543074322398,128,57649.0,5.993472525532398e+18,15112346624,44090112,16,0.0001004873534503,12766412800.0,5.0615311610877e+18,48685.0,1.716002130703848,1.732321436092502,bin_3
config_389,384,14,16,0.0436412505805492,0.8618155717849731,0.95359468460083,0.2383837550878524,0.0001543074322398,128,57649.0,5.993472525532398e+18,15112346624,44090112,16,3.2552557565376094e-05,14352384000.0,5.694157578161103e+18,54770.0,1.6951662270749202,1.7098922172139903,bin_3
config_389,384,14,16,0.0436412505805492,0.8618155717849731,0.95359468460083,0.2383837550878524,0.0001543074322398,128,57649.0,5.993472525532398e+18,15112346624,44090112,16,5.502157022088477e-07,15099494400.0,5.993472525532398e+18,57649.0,1.6880984685850926,1.7024635094501932,bin_3
config_39,704,5,22,0.052173975855112,0.9013373851776124,0.9686514735221864,0.0799318179488182,0.0069445897825062,32,8547.0,2.734262151584072e+17,560170176,66941952,16,0.0069445897825062,278528000.0,1.3669711212962138e+17,4273.0,3.199550290811257,3.2325796039768906,bin_0
config_39,704,5,22,0.052173975855112,0.9013373851776124,0.9686514735221864,0.0799318179488182,0.0069445897825062,32,8547.0,2.734262151584072e+17,560170176,66941952,16,0.0004778853876688,557056000.0,2.734262151584072e+17,8547.0,3.1108510090093144,3.1438092467042265,bin_0
config_393,384,6,8,0.0010251259664073,0.8142458200454712,0.9021746516227722,0.0318898744881153,0.0009211389697156,64,18126.0,5.6109908363791565e+17,2375904512,29928192,16,0.0009211389697156,1592524800.0,3.767591827737544e+17,12171.0,1.938260395448716,1.9586815969670408,bin_1
config_393,384,6,8,0.0010251259664073,0.8142458200454712,0.9021746516227722,0.0318898744881153,0.0009211389697156,64,18126.0,5.6109908363791565e+17,2375904512,29928192,16,4.143531697683013e-05,2372403200.0,5.6109908363791565e+17,18126.0,1.860582616133768,1.8801725220289387,bin_1
config_394,256,16,8,0.0992780104279518,0.8141578435897827,0.9329516887664796,0.1726442128419876,0.0026363867800682,32,6761.0,1.1507344956014592e+17,443139520,26510848,16,0.0026363867800682,222822400.0,5.7528214689142616e+16,3380.0,2.2400168685444064,2.2629377185712096,bin_0
config_394,256,16,8,0.0992780104279518,0.8141578435897827,0.9329516887664796,0.1726442128419876,0.0026363867800682,32,6761.0,1.1507344956014592e+17,443139520,26510848,16,2.4850260994645476e-05,442368000.0,1.1507344956014592e+17,6761.0,2.021070953978867,2.041221890957629,bin_0
config_395,576,8,12,0.1427061557769775,0.9009849429130554,0.9885208606719972,0.157696858048439,0.000709387823008,32,7630.0,2.3909709610296115e+17,500091712,60819840,16,0.000709387823008,249036800.0,1.1954854805148058e+17,3815.0,2.038780429793186,2.058834307350096,bin_0
config_395,576,8,12,0.1427061557769775,0.9009849429130554,0.9885208606719972,0.157696858048439,0.000709387823008,32,7630.0,2.3909709610296115e+17,500091712,60819840,16,1.769046940169579e-05,498073600.0,2.3909709610296115e+17,7630.0,1.8580248895629508,1.876973150949009,bin_0
config_396,1024,22,16,0.0021180387120693,0.9880083799362184,0.9290487766265868,0.1968290656805038,1.2180064004496671e-05,128,47966.0,3.216610390177953e+19,12574229504,334120960,8,1.2180064004496671e-05,1599078400.0,4.081284833970524e+18,6086.0,2.325492331317214,2.349920399970696,bin_3
config_396,1024,22,16,0.0021180387120693,0.9880083799362184,0.9290487766265868,0.1968290656805038,1.2180064004496671e-05,128,47966.0,3.216610390177953e+19,12574229504,334120960,8,1.2180064004496671e-05,3185049600.0,8.161899065766556e+18,12171.0,2.003666157175283,2.025450942516327,bin_3
config_396,1024,22,16,0.0021180387120693,0.9880083799362184,0.9290487766265868,0.1968290656805038,1.2180064004496671e-05,128,47966.0,3.216610390177953e+19,12574229504,334120960,8,1.2180064004496671e-05,4784128000.0,1.224318389973708e+19,18257.0,1.8861423967509972,1.905751762194712,bin_3
config_396,1024,22,16,0.0021180387120693,0.9880083799362184,0.9290487766265868,0.1968290656805038,1.2180064004496671e-05,128,47966.0,3.216610390177953e+19,12574229504,334120960,8,1.2180064004496671e-05,6383206400.0,1.6323798131533111e+19,24342.0,1.8170119488434715,1.8357932598864448,bin_3
config_396,1024,22,16,0.0021180387120693,0.9880083799362184,0.9290487766265868,0.1968290656805038,1.2180064004496671e-05,128,47966.0,3.216610390177953e+19,12574229504,334120960,8,1.2180064004496671e-05,7982284800.0,2.0405082965503635e+19,30428.0,1.770130500715287,1.7884716422831426,bin_3
config_396,1024,22,16,0.0021180387120693,0.9880083799362184,0.9290487766265868,0.1968290656805038,1.2180064004496671e-05,128,47966.0,3.216610390177953e+19,12574229504,334120960,8,1.2180064004496671e-05,9568256000.0,2.448636779947416e+19,36514.0,1.733747499673093,1.7531593538698602,bin_3
config_396,1024,22,16,0.0021180387120693,0.9880083799362184,0.9290487766265868,0.1968290656805038,1.2180064004496671e-05,128,47966.0,3.216610390177953e+19,12574229504,334120960,8,6.922807271277316e-06,11167334400.0,2.856698203127019e+19,42599.0,1.701818498920222,1.719940667855935,bin_3
config_396,1024,22,16,0.0021180387120693,0.9880083799362184,0.9290487766265868,0.1968290656805038,1.2180064004496671e-05,128,47966.0,3.216610390177953e+19,12574229504,334120960,8,2.0641989627364293e-08,12569804800.0,3.216610390177953e+19,47966.0,1.6830712610385457,1.7008530793033665,bin_3
config_398,1152,14,6,0.169340044260025,0.9828420877456664,0.9201869964599608,0.280400812625885,0.0096469977870583,32,3978.0,5.427223775067709e+17,260724016,280905984,8,0.0096469977870583,131072000.0,2.7136118875338547e+17,1989.0,3.88902149517028,3.9160722513277024,bin_1
config_398,1152,14,6,0.169340044260025,0.9828420877456664,0.9201869964599608,0.280400812625885,0.0096469977870583,32,3978.0,5.427223775067709e+17,260724016,280905984,8,0.0002422564466705,258867200.0,5.427223775067709e+17,3978.0,3.719356757812813,3.747397859448293,bin_1
config_399,640,11,10,0.0239374469965696,0.8794302940368652,0.9895592331886292,0.0890058353543281,0.0008631240343675,32,6488.0,2.981920437932851e+17,425201792,88061440,16,0.0008631240343675,212992000.0,1.4909602189664256e+17,3244.0,2.0353689692059502,2.05583929937394,bin_0
config_399,640,11,10,0.0239374469965696,0.8794302940368652,0.9895592331886292,0.0890058353543281,0.0008631240343675,32,6488.0,2.981920437932851e+17,425201792,88061440,16,5.684352392714917e-05,422707200.0,2.981920437932851e+17,6488.0,1.85532443601577,1.874162018572698,bin_0
config_401,768,22,12,0.0403382368385791,0.9798499941825868,0.9529121518135072,0.0541707351803779,7.781993190292269e-05,32,10226.0,1.0597614736885678e+18,670228736,194360832,8,7.781993190292269e-05,334233600.0,5.298807368442839e+17,5113.0,2.127131514725138,2.1488288269472906,bin_1
config_401,768,22,12,0.0403382368385791,0.9798499941825868,0.9529121518135072,0.0541707351803779,7.781993190292269e-05,32,10226.0,1.0597614736885678e+18,670228736,194360832,8,3.6588033082748505e-06,668467200.0,1.0597614736885678e+18,10226.0,1.8914366478607303,1.91120913675574,bin_1
config_402,512,16,8,0.1489379703998565,0.9219158291816713,0.9732590913772584,0.130660131573677,0.000902320316527,64,63236.0,5.660535037767451e+18,8288562688,80284672,16,0.000902320316527,1592524800.0,1.0894802319037832e+18,12171.0,1.805640682079753,1.82441953264299,bin_3
config_402,512,16,8,0.1489379703998565,0.9219158291816713,0.9732590913772584,0.130660131573677,0.000902320316527,64,63236.0,5.660535037767451e+18,8288562688,80284672,16,0.000902320316527,3191603200.0,2.1789604638075663e+18,24342.0,1.7585492705126278,1.7770849447172197,bin_3
config_402,512,16,8,0.1489379703998565,0.9219158291816713,0.9732590913772584,0.130660131573677,0.000902320316527,64,63236.0,5.660535037767451e+18,8288562688,80284672,16,0.000902320316527,4784128000.0,3.2685302101499254e+18,36514.0,1.74058569665815,1.7579901372018407,bin_3
config_402,512,16,8,0.1489379703998565,0.9219158291816713,0.9732590913772584,0.130660131573677,0.000902320316527,64,63236.0,5.660535037767451e+18,8288562688,80284672,16,0.000902320316527,6383206400.0,4.358010442053709e+18,48685.0,1.7293159708038706,1.7461398246640063,bin_3
config_402,512,16,8,0.1489379703998565,0.9219158291816713,0.9732590913772584,0.130660131573677,0.000902320316527,64,63236.0,5.660535037767451e+18,8288562688,80284672,16,0.0002605829430202,7975731200.0,5.447490673957492e+18,60856.0,1.6334824243139048,1.6489726058381502,bin_3
config_402,512,16,8,0.1489379703998565,0.9219158291816713,0.9732590913772584,0.130660131573677,0.000902320316527,64,63236.0,5.660535037767451e+18,8288562688,80284672,16,3.931678939115635e-06,8283750400.0,5.660535037767451e+18,63236.0,1.5973508704685777,1.6123693449770815,bin_3
config_403,256,13,16,0.0202211681753397,0.8581398129463196,0.915706992149353,0.0709576085209846,0.001472788862884,32,5703.0,8.427392851761562e+16,373773504,23953408,16,0.001472788862884,186777600.0,4.212957569765424e+16,2851.0,2.320022577340485,2.3423789708340754,bin_0
config_403,256,13,16,0.0202211681753397,0.8581398129463196,0.915706992149353,0.0709576085209846,0.001472788862884,32,5703.0,8.427392851761562e+16,373773504,23953408,16,1.0936550962010192e-05,373555200.0,8.427392851761562e+16,5703.0,2.109225670118801,2.130242339626688,bin_0
config_404,1088,21,16,0.0082495082169771,0.8845011591911316,0.9286541938781738,0.2855751514434814,0.0002972428046632,64,73038.0,2.632391293964334e+19,9573269504,364749824,8,0.0002972428046632,1592524800.0,4.386597995405119e+18,12171.0,1.7152079816724433,1.732339729363801,bin_3
config_404,1088,21,16,0.0082495082169771,0.8845011591911316,0.9286541938781738,0.2855751514434814,0.0002972428046632,64,73038.0,2.632391293964334e+19,9573269504,364749824,8,0.0002972428046632,3191603200.0,8.773195990810237e+18,24342.0,1.6245800940912278,1.6421358075884522,bin_3
config_404,1088,21,16,0.0082495082169771,0.8845011591911316,0.9286541938781738,0.2855751514434814,0.0002972428046632,64,73038.0,2.632391293964334e+19,9573269504,364749824,8,0.0002972428046632,4784128000.0,1.3160154400149742e+19,36514.0,1.5879305525490497,1.6028214389378908,bin_3
config_404,1088,21,16,0.0082495082169771,0.8845011591911316,0.9286541938781738,0.2855751514434814,0.0002972428046632,64,73038.0,2.632391293964334e+19,9573269504,364749824,8,0.0002972428046632,6383206400.0,1.7546752395554863e+19,48685.0,1.5652411451105213,1.5792220553022915,bin_3
config_404,1088,21,16,0.0082495082169771,0.8845011591911316,0.9286541938781738,0.2855751514434814,0.0002972428046632,64,73038.0,2.632391293964334e+19,9573269504,364749824,8,0.0001736968549281,7975731200.0,2.193335039095998e+19,60856.0,1.521700866935683,1.5345817049409525,bin_3
config_404,1088,21,16,0.0082495082169771,0.8845011591911316,0.9286541938781738,0.2855751514434814,0.0002972428046632,64,73038.0,2.632391293964334e+19,9573269504,364749824,8,5.415556684664337e-07,9568256000.0,2.63199483863651e+19,73027.0,1.4728051776084743,1.4871889263391496,bin_3
config_404,1088,21,16,0.0082495082169771,0.8845011591911316,0.9286541938781738,0.2855751514434814,0.0002972428046632,64,73038.0,2.632391293964334e+19,9573269504,364749824,8,5.415556684664337e-07,9568256000.0,2.632391293964334e+19,73038.0,1.4728070968096374,1.487189859835828,bin_3
config_405,448,24,4,0.0631351023912429,0.9440246820449828,0.935495913028717,0.0374105423688888,0.0001780481979949,32,14793.0,7.394687120520806e+17,969518720,83101312,8,0.0001780481979949,484966400.0,3.697093621535313e+17,7396.0,2.0027034385282487,2.022088323655676,bin_1
config_405,448,24,4,0.0631351023912429,0.9440246820449828,0.935495913028717,0.0374105423688888,0.0001780481979949,32,14793.0,7.394687120520806e+17,969518720,83101312,8,1.3844615757291916e-05,966656000.0,7.394687120520806e+17,14793.0,1.8430267206371809,1.862775960398502,bin_1
config_406,1024,20,16,0.1036277040839195,0.9354130625724792,0.9713687300682068,0.1071501597762107,0.0002696947485674,32,9716.0,1.4986952148269138e+18,636760384,308426752,8,0.0002696947485674,317849600.0,7.493476074134569e+17,4858.0,1.9370540846175837,1.9570018687209143,bin_1
config_406,1024,20,16,0.1036277040839195,0.9354130625724792,0.9713687300682068,0.1071501597762107,0.0002696947485674,32,9716.0,1.4986952148269138e+18,636760384,308426752,8,4.145164243111131e-06,635699200.0,1.4986952148269138e+18,9716.0,1.757990088404202,1.7749258651694313,bin_1
config_407,512,22,8,0.0113647188991308,0.873883843421936,0.9617615342140198,0.0306900683790445,4.2482690332690254e-05,32,3637.0,2.1005572928996966e+17,238397872,100738048,8,4.2482690332690254e-05,117964800.0,1.0499898703578909e+17,1818.0,2.8763517760644195,2.9064865497682915,bin_0
config_407,512,22,8,0.0113647188991308,0.873883843421936,0.9617615342140198,0.0306900683790445,4.2482690332690254e-05,32,3637.0,2.1005572928996966e+17,238397872,100738048,8,1.416089677756342e-05,235929600.0,2.1005572928996966e+17,3637.0,2.5974465077626903,2.624893508446021,bin_0
config_408,1088,8,8,0.0011940028052777,0.9483165740966796,0.9810276627540588,0.0197206735610961,0.0007761174347251,32,8002.0,6.559154338332672e+17,524441600,172815744,16,0.0007761174347251,262144000.0,3.279577169166336e+17,4001.0,2.0119718195962126,2.03224134644524,bin_1
config_408,1088,8,8,0.0011940028052777,0.9483165740966796,0.9810276627540588,0.0197206735610961,0.0007761174347251,32,8002.0,6.559154338332672e+17,524441600,172815744,16,9.886846302231384e-06,524288000.0,6.559154338332672e+17,8002.0,1.852990945323569,1.872244366856872,bin_1
config_409,768,15,16,0.0161314029246568,0.9062357544898988,0.9519384503364564,0.1323668211698532,0.0006774883368052,64,8854.0,1.3367543279822438e+18,1160576640,144804864,8,0.0006774883368052,583270400.0,6.683771639911219e+17,4427.0,1.854163378340299,1.8737240760639065,bin_1
config_409,768,15,16,0.0161314029246568,0.9062357544898988,0.9519384503364564,0.1323668211698532,0.0006774883368052,64,8854.0,1.3367543279822438e+18,1160576640,144804864,8,2.3142214749965508e-06,1159987200.0,1.3367543279822438e+18,8854.0,1.7017404039961392,1.719280916843258,bin_1
config_410,1152,8,24,0.0138102946802973,0.8828459978103638,0.9570432305336,0.1718286871910095,0.0001075466716429,32,7519.0,6.595361079726735e+17,492772544,185340672,8,0.0001075466716429,245760000.0,3.297241960193217e+17,3759.0,2.1483570571219337,2.170164860662867,bin_1
config_410,1152,8,24,0.0138102946802973,0.8828459978103638,0.9570432305336,0.1718286871910095,0.0001075466716429,32,7519.0,6.595361079726735e+17,492772544,185340672,8,1.5827937732111006e-06,491520000.0,6.595361079726735e+17,7519.0,1.9478347022611584,1.9679294888308791,bin_1
config_411,1152,11,18,0.0356561206281185,0.8315529823303223,0.9245007038116456,0.2626673579216003,0.0005346476682461,64,17676.0,3.961962061610877e+18,2316925952,233123328,8,0.0005346476682461,1592524800.0,2.728051609632608e+18,12171.0,1.722845609539845,1.741460131836719,bin_2
config_411,1152,11,18,0.0356561206281185,0.8315529823303223,0.9245007038116456,0.2626673579216003,0.0005346476682461,64,17676.0,3.961962061610877e+18,2316925952,233123328,8,2.994579787677916e-06,2313420800.0,3.961962061610877e+18,17676.0,1.6125672795733468,1.630128114985638,bin_2
config_412,384,8,12,0.0012446850305423,0.901610553264618,0.9189532399177552,0.0570378750562667,0.0032724242191761,32,8030.0,1.453939876348969e+17,526274336,33468672,16,0.0032724242191761,262144000.0,7.269699381744845e+16,4015.0,2.193352881415945,2.215842459592663,bin_0
config_412,384,8,12,0.0012446850305423,0.901610553264618,0.9189532399177552,0.0570378750562667,0.0032724242191761,32,8030.0,1.453939876348969e+17,526274336,33468672,16,0.000214350931387,524288000.0,1.453939876348969e+17,8030.0,2.014612671469078,2.0345899021820943,bin_0
config_413,256,21,8,0.0010310852667316,0.8891617059707642,0.9577582478523254,0.1876858174800872,0.0006168783875182,64,53807.0,2.233542424304812e+18,7052682752,30773248,16,0.0006168783875182,1592524800.0,5.0522134380682566e+17,12171.0,1.8920988449894012,1.9120570852326568,bin_2
config_413,256,21,8,0.0010310852667316,0.8891617059707642,0.9577582478523254,0.1876858174800872,0.0006168783875182,64,53807.0,2.233542424304812e+18,7052682752,30773248,16,0.0006168783875182,3191603200.0,1.0104426876136512e+18,24342.0,1.835262561547952,1.8547318834164104,bin_2
config_413,256,21,8,0.0010310852667316,0.8891617059707642,0.9577582478523254,0.1876858174800872,0.0006168783875182,64,53807.0,2.233542424304812e+18,7052682752,30773248,16,0.0006168783875182,4784128000.0,1.5157055416779584e+18,36514.0,1.812018716296212,1.829643012304775,bin_2
config_413,256,21,8,0.0010310852667316,0.8891617059707642,0.9577582478523254,0.1876858174800872,0.0006168783875182,64,53807.0,2.233542424304812e+18,7052682752,30773248,16,0.0003119823653253,6383206400.0,2.020926885484784e+18,48685.0,1.7690850711259685,1.7849271278303178,bin_2
config_413,256,21,8,0.0010310852667316,0.8891617059707642,0.9577582478523254,0.1876858174800872,0.0006168783875182,64,53807.0,2.233542424304812e+18,7052682752,30773248,16,4.276241545482507e-07,7051673600.0,2.233542424304812e+18,53807.0,1.7401847106120625,1.75603021355926,bin_2
config_415,1024,18,16,0.0411340445280075,0.8989241719245911,0.944077968597412,0.0371687673032283,6.249877333175391e-05,32,3371.0,4.748591897578045e+17,220951808,282732544,8,6.249877333175391e-05,111411200.0,2.3735916189317728e+17,1685.0,2.608536201695927,2.635804813689873,bin_0
config_415,1024,18,16,0.0411340445280075,0.8989241719245911,0.944077968597412,0.0371687673032283,6.249877333175391e-05,32,3371.0,4.748591897578045e+17,220951808,282732544,8,1.0499793919734656e-05,219545600.0,4.748591897578045e+17,3371.0,2.234488201199985,2.257107260383544,bin_0
config_417,320,13,4,0.0816669017076492,0.8451610207557678,0.9422065615653992,0.0388608276844024,1.5376646842923947e-05,64,27316.0,1.1006150284320768e+18,3580471040,34201600,16,1.5376646842923947e-05,1592524800.0,4.903933779120957e+17,12171.0,2.638237821704052,2.666193024291367,bin_1
config_417,320,13,4,0.0816669017076492,0.8451610207557678,0.9422065615653992,0.0388608276844024,1.5376646842923947e-05,64,27316.0,1.1006150284320768e+18,3580471040,34201600,16,1.5376646842923947e-05,3191603200.0,9.807867558241914e+17,24342.0,2.3090993721367883,2.333219664253172,bin_1
config_417,320,13,4,0.0816669017076492,0.8451610207557678,0.9422065615653992,0.0388608276844024,1.5376646842923947e-05,64,27316.0,1.1006150284320768e+18,3580471040,34201600,16,2.318815735030946e-07,3578265600.0,1.1006150284320768e+18,27316.0,2.2599982922585284,2.2836706435484966,bin_1
config_418,512,18,16,0.0235838219523429,0.9319478869438172,0.9860756397247314,0.2749770879745483,0.0002033618657151,128,39511.0,7.757872278357934e+18,10357729280,87102464,8,0.0002033618657151,1599078400.0,1.194968760246169e+18,6086.0,1.8563254638773496,1.8763398756746383,bin_3
config_418,512,18,16,0.0235838219523429,0.9319478869438172,0.9860756397247314,0.2749770879745483,0.0002033618657151,128,39511.0,7.757872278357934e+18,10357729280,87102464,8,0.0002033618657151,3185049600.0,2.38974117334146e+18,12171.0,1.7419190566461595,1.7609625711792805,bin_3
config_418,512,18,16,0.0235838219523429,0.9319478869438172,0.9860756397247314,0.2749770879745483,0.0002033618657151,128,39511.0,7.757872278357934e+18,10357729280,87102464,8,0.0002033618657151,4784128000.0,3.5847099335876285e+18,18257.0,1.6946878581555165,1.71219255644767,bin_3
config_418,512,18,16,0.0235838219523429,0.9319478869438172,0.9860756397247314,0.2749770879745483,0.0002033618657151,128,39511.0,7.757872278357934e+18,10357729280,87102464,8,0.0002033618657151,6383206400.0,4.77948234668292e+18,24342.0,1.6670032958515355,1.6837585639171913,bin_3
config_418,512,18,16,0.0235838219523429,0.9319478869438172,0.9860756397247314,0.2749770879745483,0.0002033618657151,128,39511.0,7.757872278357934e+18,10357729280,87102464,8,0.0001696117328097,7982284800.0,5.974451106929089e+18,30428.0,1.6409442506461849,1.657863133657174,bin_3
config_418,512,18,16,0.0235838219523429,0.9319478869438172,0.9860756397247314,0.2749770879745483,0.0002033618657151,128,39511.0,7.757872278357934e+18,10357729280,87102464,8,5.636253476327664e-05,9568256000.0,7.169419867175257e+18,36514.0,1.605042135500517,1.6214718172589286,bin_3
config_418,512,18,16,0.0235838219523429,0.9319478869438172,0.9860756397247314,0.2749770879745483,0.0002033618657151,128,39511.0,7.757872278357934e+18,10357729280,87102464,8,2.0590763281171147e-07,10354688000.0,7.757872278357934e+18,39511.0,1.5937532186703605,1.6098568325746254,bin_3
config_419,640,4,16,0.0229826606810092,0.8328509330749512,0.9956916570663452,0.220205932855606,0.0004896487225778,32,5960.0,1.475979080159232e+17,390599616,52499200,16,0.0004896487225778,196608000.0,7.37989540079616e+16,2980.0,2.1147721790876544,2.135776416747297,bin_0
config_419,640,4,16,0.0229826606810092,0.8328509330749512,0.9956916570663452,0.220205932855606,0.0004896487225778,32,5960.0,1.475979080159232e+17,390599616,52499200,16,3.732078678184733e-06,389939200.0,1.475979080159232e+17,5960.0,1.933217912736486,1.953790201046428,bin_0
config_42,576,20,12,0.0140387089923024,0.8388198614120483,0.9855701327323914,0.093000628054142,0.0054623712785542,64,61610.0,7.547468496072081e+18,8075352064,108609408,8,0.0054623712785542,1592524800.0,1.4909956024296916e+18,12171.0,1.761825115973832,1.7806792574632364,bin_3
config_42,576,20,12,0.0140387089923024,0.8388198614120483,0.9855701327323914,0.093000628054142,0.0054623712785542,64,61610.0,7.547468496072081e+18,8075352064,108609408,8,0.0054623712785542,3191603200.0,2.981991204859384e+18,24342.0,1.707303561441234,1.7248469640583288,bin_3
config_42,576,20,12,0.0140387089923024,0.8388198614120483,0.9855701327323914,0.093000628054142,0.0054623712785542,64,61610.0,7.547468496072081e+18,8075352064,108609408,8,0.0054623712785542,4784128000.0,4.473109311241292e+18,36514.0,1.6859510183138926,1.702585069351509,bin_3
config_42,576,20,12,0.0140387089923024,0.8388198614120483,0.9855701327323914,0.093000628054142,0.0054623712785542,64,61610.0,7.547468496072081e+18,8075352064,108609408,8,0.0054623712785542,6383206400.0,5.964104913670984e+18,48685.0,1.6746184211871664,1.6914987226196978,bin_3
config_42,576,20,12,0.0140387089923024,0.8388198614120483,0.9855701327323914,0.093000628054142,0.0054623712785542,64,61610.0,7.547468496072081e+18,8075352064,108609408,8,0.0007246294591902,7975731200.0,7.455100516100676e+18,60856.0,1.5787093348972132,1.5938773588274346,bin_3
config_42,576,20,12,0.0140387089923024,0.8388198614120483,0.9855701327323914,0.093000628054142,0.0054623712785542,64,61610.0,7.547468496072081e+18,8075352064,108609408,8,9.53459814724035e-06,8074035200.0,7.547468496072081e+18,61610.0,1.5698841026376504,1.5849556478320574,bin_3
config_420,576,18,18,0.0020551772322505,0.948917806148529,0.9349015355110168,0.1020556092262268,0.009232017211616,64,21396.0,2.407730340477174e+18,2804437760,100644480,8,0.009232017211616,1592524800.0,1.3696245080364406e+18,12171.0,3.24126265869766,3.2746708666301165,bin_2
config_420,576,18,18,0.0020551772322505,0.948917806148529,0.9349015355110168,0.1020556092262268,0.009232017211616,64,21396.0,2.407730340477174e+18,2804437760,100644480,8,0.0001945363223702,2798387200.0,2.407730340477174e+18,21396.0,3.3023003463666947,3.3358377784979147,bin_2
config_421,448,4,16,0.0061795329675078,0.956964075565338,0.9762089252471924,0.1696716696023941,2.6685143893701024e-05,32,5186.0,8.148446080085606e+16,339886752,32620672,16,2.6685143893701024e-05,170393600.0,4.074223040042803e+16,2593.0,3.0670707630720293,3.0996569077695004,bin_0
config_421,448,4,16,0.0061795329675078,0.956964075565338,0.9762089252471924,0.1696716696023941,2.6685143893701024e-05,32,5186.0,8.148446080085606e+16,339886752,32620672,16,1.092906917148167e-06,337510400.0,8.148446080085606e+16,5186.0,2.8311731418234403,2.8610419894046477,bin_0
config_422,384,11,6,0.021287040784955,0.8086002469062805,0.9263935089111328,0.1494925618171692,1.787889596016612e-05,32,7235.0,1.5952417875615744e+17,474164160,38779392,16,1.787889596016612e-05,235929600.0,7.975106490131603e+16,3617.0,3.04433280210026,3.076323044417334,bin_0
config_422,384,11,6,0.021287040784955,0.8086002469062805,0.9263935089111328,0.1494925618171692,1.787889596016612e-05,32,7235.0,1.5952417875615744e+17,474164160,38779392,16,5.788726721607885e-07,471859200.0,1.5952417875615744e+17,7235.0,2.830089424164569,2.8598599919334786,bin_0
config_423,1088,9,16,0.0312167648226022,0.8522573113441467,0.928579032421112,0.1805836111307144,0.0001129858210333,64,14924.0,2.6721514699638866e+18,1956181888,187579904,8,0.0001129858210333,1592524800.0,2.1792251099524567e+18,12171.0,1.7836325243652844,1.802821245525704,bin_2
config_423,1088,9,16,0.0312167648226022,0.8522573113441467,0.928579032421112,0.1805836111307144,0.0001129858210333,64,14924.0,2.6721514699638866e+18,1956181888,187579904,8,1.0061817086458888e-06,1952972800.0,2.6721514699638866e+18,14924.0,1.7218396077390576,1.740031555930122,bin_2
config_424,704,21,8,0.0030360256787389,0.8375550508499146,0.9283867478370668,0.0645041763782501,0.0041097216308116,64,10054.0,1.806082512750084e+18,1317837568,167889920,8,0.0041097216308116,661913600.0,9.03041256375042e+17,5027.0,3.693254223886084,3.692396960532079,bin_2
config_424,704,21,8,0.0030360256787389,0.8375550508499146,0.9283867478370668,0.0645041763782501,0.0041097216308116,64,10054.0,1.806082512750084e+18,1317837568,167889920,8,2.536865204204753e-05,1317273600.0,1.806082512750084e+18,10054.0,2.7427581889316683,2.772882365633229,bin_2
config_425,1088,10,16,0.0767761170864105,0.9686793684959412,0.9796754717826844,0.2890152633190155,8.977491961559281e-05,64,7702.0,1.495427094623748e+18,1009527296,202344064,8,8.977491961559281e-05,504627200.0,7.47713547311874e+17,3851.0,1.9985621418327584,2.0199997021526586,bin_1
config_425,1088,10,16,0.0767761170864105,0.9686793684959412,0.9796754717826844,0.2890152633190155,8.977491961559281e-05,64,7702.0,1.495427094623748e+18,1009527296,202344064,8,8.069655695783727e-08,1009254400.0,1.495427094623748e+18,7702.0,1.8245844841394268,1.8441326447002224,bin_1
config_426,320,24,16,0.0070151519030332,0.8497564792633057,0.9525163173675536,0.2569499909877777,8.643505134386942e-05,32,12285.0,3.9115568402878464e+17,805152448,49527680,16,8.643505134386942e-05,403046400.0,1.955619219621323e+17,6142.0,2.3854093925288464,2.4095009547374286,bin_0
config_426,320,24,16,0.0070151519030332,0.8497564792633057,0.9525163173675536,0.2569499909877777,8.643505134386942e-05,32,12285.0,3.9115568402878464e+17,805152448,49527680,16,9.58563623902229e-07,802816000.0,3.9115568402878464e+17,12285.0,2.119871256585981,2.142334630411179,bin_0
config_427,640,20,4,0.025717930868268,0.909534215927124,0.9891121983528136,0.1734955161809921,0.000200479189516,32,14234.0,1.0421326641271604e+18,932873344,133784320,8,0.000200479189516,465305600.0,5.2106633206358016e+17,7117.0,1.9128152493766095,1.9322580657826096,bin_1
config_427,640,20,4,0.025717930868268,0.909534215927124,0.9891121983528136,0.1734955161809921,0.000200479189516,32,14234.0,1.0421326641271604e+18,932873344,133784320,8,2.76075028090138e-06,930611200.0,1.0421326641271604e+18,14234.0,1.7569411864632465,1.7752145255002818,bin_1
config_429,1152,9,8,0.0092852693051099,0.897749125957489,0.960605800151825,0.2289566993713379,4.624730718205683e-05,64,21053.0,4.0352682545717576e+18,2759569152,201268224,8,4.624730718205683e-05,1592524800.0,2.332838546829092e+18,12171.0,1.8454618186638003,1.8655337188087528,bin_2
config_429,1152,9,8,0.0092852693051099,0.897749125957489,0.960605800151825,0.2289566993713379,4.624730718205683e-05,64,21053.0,4.0352682545717576e+18,2759569152,201268224,8,2.8784631026174474e-08,2759065600.0,4.0352682545717576e+18,21053.0,1.7417589816695354,1.7604599755123014,bin_2
config_43,384,21,24,0.1175562143325805,0.9758898615837096,0.980487823486328,0.1420563906431198,0.0027835546061396,64,30466.0,2.14429587939636e+18,3993306368,56481792,16,0.0027835546061396,1592524800.0,8.56634449817275e+17,12171.0,1.915056354139672,1.935552673027164,bin_2
config_43,384,21,24,0.1175562143325805,0.9758898615837096,0.980487823486328,0.1420563906431198,0.0027835546061396,64,30466.0,2.14429587939636e+18,3993306368,56481792,16,0.0027835546061396,3191603200.0,1.71326889963455e+18,24342.0,1.882551295210104,1.9023527570630685,bin_2
config_43,384,21,24,0.1175562143325805,0.9758898615837096,0.980487823486328,0.1420563906431198,0.0027835546061396,64,30466.0,2.14429587939636e+18,3993306368,56481792,16,1.0292783382998516e-05,3991142400.0,2.14429587939636e+18,30466.0,1.7244691998450483,1.7427157466137997,bin_2
config_430,256,6,8,0.0036235079169273,0.8727726936340332,0.902118980884552,0.005625307559967,0.0002984958409797,128,50216.0,1.9172624568963564e+18,13163937792,17986048,16,0.0002984958409797,1599078400.0,2.323653678642509e+17,6086.0,2.075333122347222,2.097453571499371,bin_2
config_430,256,6,8,0.0036235079169273,0.8727726936340332,0.902118980884552,0.005625307559967,0.0002984958409797,128,50216.0,1.9172624568963564e+18,13163937792,17986048,16,0.0002984958409797,3185049600.0,4.64692555418304e+17,12171.0,1.975306754815774,1.9967150708104744,bin_2
config_430,256,6,8,0.0036235079169273,0.8727726936340332,0.902118980884552,0.005625307559967,0.0002984958409797,128,50216.0,1.9172624568963564e+18,13163937792,17986048,16,0.0002984958409797,4784128000.0,6.970579232825549e+17,18257.0,1.9415624322656728,1.9622381135283924,bin_2
config_430,256,6,8,0.0036235079169273,0.8727726936340332,0.902118980884552,0.005625307559967,0.0002984958409797,128,50216.0,1.9172624568963564e+18,13163937792,17986048,16,0.0002984958409797,6383206400.0,9.29385110836608e+17,24342.0,1.9236335070015955,1.9439145162457323,bin_2
config_430,256,6,8,0.0036235079169273,0.8727726936340332,0.902118980884552,0.005625307559967,0.0002984958409797,128,50216.0,1.9172624568963564e+18,13163937792,17986048,16,0.0002984958409797,7982284800.0,1.161750478700859e+18,30428.0,1.9119364290550107,1.931986704185361,bin_2
config_430,256,6,8,0.0036235079169273,0.8727726936340332,0.902118980884552,0.005625307559967,0.0002984958409797,128,50216.0,1.9172624568963564e+18,13163937792,17986048,16,0.0002984958409797,9568256000.0,1.3941158465651098e+18,36514.0,1.9030289703509848,1.92411152398,bin_2
config_430,256,6,8,0.0036235079169273,0.8727726936340332,0.902118980884552,0.005625307559967,0.0002984958409797,128,50216.0,1.9172624568963564e+18,13163937792,17986048,16,0.0002984958409797,11167334400.0,1.626443034119163e+18,42599.0,1.8970383816468912,1.917821535087023,bin_2
config_430,256,6,8,0.0036235079169273,0.8727726936340332,0.902118980884552,0.005625307559967,0.0002984958409797,128,50216.0,1.9172624568963564e+18,13163937792,17986048,16,0.0002984958409797,12766412800.0,1.858808401983414e+18,48685.0,1.8929429533051665,1.913200807454156,bin_2
config_430,256,6,8,0.0036235079169273,0.8727726936340332,0.902118980884552,0.005625307559967,0.0002984958409797,128,50216.0,1.9172624568963564e+18,13163937792,17986048,16,1.6935934239985272e-05,13159628800.0,1.9172624568963564e+18,50216.0,1.8705317136107895,1.889511693266572,bin_2
config_433,896,5,16,0.0061138593591749,0.8220089673995972,0.9793564081192015,0.2192663550376892,0.0002885026042349,64,74549.0,6.675475322425836e+18,9771381760,95520768,16,0.0002885026042349,1592524800.0,1.0898497652449376e+18,12171.0,1.806679762699565,1.8257834908219637,bin_3
config_433,896,5,16,0.0061138593591749,0.8220089673995972,0.9793564081192015,0.2192663550376892,0.0002885026042349,64,74549.0,6.675475322425836e+18,9771381760,95520768,16,0.0002885026042349,3191603200.0,2.179699530489875e+18,24342.0,1.7258159137553857,1.7444138316248283,bin_3
config_433,896,5,16,0.0061138593591749,0.8220089673995972,0.9793564081192015,0.2192663550376892,0.0002885026042349,64,74549.0,6.675475322425836e+18,9771381760,95520768,16,0.0002885026042349,4784128000.0,3.2696388405351777e+18,36514.0,1.6921170013068152,1.708485879038201,bin_3
config_433,896,5,16,0.0061138593591749,0.8220089673995972,0.9793564081192015,0.2192663550376892,0.0002885026042349,64,74549.0,6.675475322425836e+18,9771381760,95520768,16,0.0002885026042349,6383206400.0,4.359488605780116e+18,48685.0,1.670461450248468,1.6864188832533165,bin_3
config_433,896,5,16,0.0061138593591749,0.8220089673995972,0.9793564081192015,0.2192663550376892,0.0002885026042349,64,74549.0,6.675475322425836e+18,9771381760,95520768,16,0.0002417837498724,7975731200.0,5.449338371025053e+18,60856.0,1.6498233457471505,1.665720256586544,bin_3
config_433,896,5,16,0.0061138593591749,0.8220089673995972,0.9793564081192015,0.2192663550376892,0.0002885026042349,64,74549.0,6.675475322425836e+18,9771381760,95520768,16,2.645695605947698e-05,9574809600.0,6.53918813626999e+18,73027.0,1.6028782619022932,1.6190242443710077,bin_3
config_433,896,5,16,0.0061138593591749,0.8220089673995972,0.9793564081192015,0.2192663550376892,0.0002885026042349,64,74549.0,6.675475322425836e+18,9771381760,95520768,16,8.648371226913673e-07,9764864000.0,6.675475322425836e+18,74549.0,1.60017113951386,1.6162567169939883,bin_3
config_434,1024,8,8,0.0015841940185055,0.804408073425293,0.99294114112854,0.1421934068202972,0.0009460877045057,64,7660.0,1.131441696565887e+18,1004127232,154261504,16,0.0009460877045057,504627200.0,5.657208482829435e+17,3830.0,1.8783090032124128,1.898996463564576,bin_1
config_434,1024,8,8,0.0015841940185055,0.804408073425293,0.99294114112854,0.1421934068202972,0.0009460877045057,64,7660.0,1.131441696565887e+18,1004127232,154261504,16,8.687674054231112e-06,1002700800.0,1.131441696565887e+18,7660.0,1.723050263123434,1.74200850873697,bin_1
config_436,1152,12,18,0.1257834434509277,0.931308925151825,0.9954248666763306,0.1916379630565643,2.7249350750935264e-05,64,31056.0,7.464969213233725e+18,4070607360,249050880,8,2.7249350750935264e-05,1592524800.0,2.925558355688681e+18,12171.0,1.908838878107853,1.9299746885651448,bin_3
config_436,1152,12,18,0.1257834434509277,0.931308925151825,0.9954248666763306,0.1916379630565643,2.7249350750935264e-05,64,31056.0,7.464969213233725e+18,4070607360,249050880,8,2.7249350750935264e-05,3191603200.0,5.851116711377362e+18,24342.0,1.7693991643092672,1.7890887135560396,bin_3
config_436,1152,12,18,0.1257834434509277,0.931308925151825,0.9954248666763306,0.1916379630565643,2.7249350750935264e-05,64,31056.0,7.464969213233725e+18,4070607360,249050880,8,2.747371945985695e-08,4069785600.0,7.464969213233725e+18,31056.0,1.7138114485779747,1.7330386774852629,bin_3
config_437,768,19,6,0.0013912146678194,0.937439262866974,0.9763609170913696,0.2651500403881073,2.234501880593598e-05,128,42080.0,1.5412379100960522e+19,11031151616,173122560,8,2.234501880593598e-05,1599078400.0,2.2290812549535585e+18,6086.0,2.2297450490271458,2.2529269691959755,bin_3
config_437,768,19,6,0.0013912146678194,0.937439262866974,0.9763609170913696,0.2651500403881073,2.234501880593598e-05,128,42080.0,1.5412379100960522e+19,11031151616,173122560,8,2.234501880593598e-05,3185049600.0,4.4577962461452114e+18,12171.0,1.9610804303552285,1.9823950586358052,bin_3
config_437,768,19,6,0.0013912146678194,0.937439262866974,0.9763609170913696,0.2651500403881073,2.234501880593598e-05,128,42080.0,1.5412379100960522e+19,11031151616,173122560,8,2.234501880593598e-05,4784128000.0,6.68687750109877e+18,18257.0,1.8539923132052187,1.8732627005459832,bin_3
config_437,768,19,6,0.0013912146678194,0.937439262866974,0.9763609170913696,0.2651500403881073,2.234501880593598e-05,128,42080.0,1.5412379100960522e+19,11031151616,173122560,8,2.234501880593598e-05,6383206400.0,8.915592492290423e+18,24342.0,1.7932873520303945,1.811511092107804,bin_3
config_437,768,19,6,0.0013912146678194,0.937439262866974,0.9763609170913696,0.2651500403881073,2.234501880593598e-05,128,42080.0,1.5412379100960522e+19,11031151616,173122560,8,2.234501880593598e-05,7982284800.0,1.1144673747243985e+19,30428.0,1.751710632785422,1.7693692120372273,bin_3
config_437,768,19,6,0.0013912146678194,0.937439262866974,0.9763609170913696,0.2651500403881073,2.234501880593598e-05,128,42080.0,1.5412379100960522e+19,11031151616,173122560,8,1.1175513573283388e-05,9568256000.0,1.337375500219754e+19,36514.0,1.7140661373099342,1.731730595006317,bin_3
config_437,768,19,6,0.0013912146678194,0.937439262866974,0.9763609170913696,0.2651500403881073,2.234501880593598e-05,128,42080.0,1.5412379100960522e+19,11031151616,173122560,8,6.00834063079759e-08,11023155200.0,1.5412379100960522e+19,42080.0,1.6951658293849132,1.7122517351635167,bin_3
config_439,256,17,16,0.0056647234596312,0.8207029700279236,0.9441677927970886,0.0504670888185501,0.0005815839977003,32,3367.0,5.983097698615296e+16,220712576,27363328,16,0.0005815839977003,111411200.0,2.990660358410913e+16,1683.0,2.614146155842015,2.6410544961397764,bin_0
config_439,256,17,16,0.0056647234596312,0.8207029700279236,0.9441677927970886,0.0504670888185501,0.0005815839977003,32,3367.0,5.983097698615296e+16,220712576,27363328,16,5.85025323130543e-05,219545600.0,5.983097698615296e+16,3367.0,2.2453021138613343,2.2674181096671058,bin_0
config_44,512,10,8,0.1910098493099212,0.8299545645713806,0.9952585697174072,0.1549912691116333,0.0001025907331495,64,34857.0,2.2147854619870492e+18,4568900608,59831296,16,0.0001025907331495,1592524800.0,7.733354522146019e+17,12171.0,1.8916506469836,1.911455864828141,bin_2
config_44,512,10,8,0.1910098493099212,0.8299545645713806,0.9952585697174072,0.1549912691116333,0.0001025907331495,64,34857.0,2.2147854619870492e+18,4568900608,59831296,16,0.0001025907331495,3191603200.0,1.5466709044292037e+18,24342.0,1.790532519231077,1.8096817750618104,bin_2
config_44,512,10,8,0.1910098493099212,0.8299545645713806,0.9952585697174072,0.1549912691116333,0.0001025907331495,64,34857.0,2.2147854619870492e+18,4568900608,59831296,16,1.3293875084171466e-07,4567859200.0,2.2147854619870492e+18,34857.0,1.717010974415013,1.734441689780501,bin_2
config_440,256,16,4,0.0112751871347427,0.9399657845497132,0.979595959186554,0.2927257716655731,0.0009727148571982,64,43915.0,1.4947336029292462e+18,5756110848,26510848,16,0.0009727148571982,1592524800.0,4.142639799897952e+17,12171.0,1.8714832645947816,1.891488409863144,bin_1
config_440,256,16,4,0.0112751871347427,0.9399657845497132,0.979595959186554,0.2927257716655731,0.0009727148571982,64,43915.0,1.4947336029292462e+18,5756110848,26510848,16,0.0009727148571982,3191603200.0,8.285279599795904e+17,24342.0,1.8187818473675208,1.8384280407624167,bin_1
config_440,256,16,4,0.0112751871347427,0.9399657845497132,0.979595959186554,0.2927257716655731,0.0009727148571982,64,43915.0,1.4947336029292462e+18,5756110848,26510848,16,0.0005610797873298,4784128000.0,1.2428259769408742e+18,36514.0,1.7765043208247326,1.7942206747414635,bin_1
config_440,256,16,4,0.0112751871347427,0.9399657845497132,0.979595959186554,0.2927257716655731,0.0009727148571982,64,43915.0,1.4947336029292462e+18,5756110848,26510848,16,1.1350231705931383e-06,5754060800.0,1.4947336029292462e+18,43915.0,1.7400374913997338,1.757462731033075,bin_1
config_441,640,17,16,0.1444144994020462,0.9585089683532716,0.9383854269981384,0.0193174853920936,0.0021046076435595,64,37102.0,4.758619254602465e+18,4863114752,118543360,8,0.0021046076435595,1592524800.0,1.5610251454845184e+18,12171.0,1.8296284895451345,1.8488101248467557,bin_3
config_441,640,17,16,0.1444144994020462,0.9585089683532716,0.9383854269981384,0.0193174853920936,0.0021046076435595,64,37102.0,4.758619254602465e+18,4863114752,118543360,8,0.0021046076435595,3191603200.0,3.122050290969037e+18,24342.0,1.7957527724445843,1.8142868254419235,bin_3
config_441,640,17,16,0.1444144994020462,0.9585089683532716,0.9383854269981384,0.0193174853920936,0.0021046076435595,64,37102.0,4.758619254602465e+18,4863114752,118543360,8,0.0017695164824341,4784128000.0,4.683203694209326e+18,36514.0,1.7686000560346198,1.7859352575169234,bin_3
config_441,640,17,16,0.1444144994020462,0.9585089683532716,0.9383854269981384,0.0193174853920936,0.0021046076435595,64,37102.0,4.758619254602465e+18,4863114752,118543360,8,5.878792300445697e-06,4862771200.0,4.758619254602465e+18,37102.0,1.6776263434965102,1.6934940888647174,bin_3
config_442,768,7,16,0.0037212572060525,0.98037987947464,0.9561781883239746,0.0566612742841243,2.1857331375940703e-05,32,3922.0,1.6993071309562675e+17,257054704,88169472,16,2.1857331375940703e-05,127795200.0,8.496535654781338e+16,1961.0,3.0221958260458024,3.0538184394211068,bin_0
config_442,768,7,16,0.0037212572060525,0.98037987947464,0.9561781883239746,0.0566612742841243,2.1857331375940703e-05,32,3922.0,1.6993071309562675e+17,257054704,88169472,16,2.1660418480661968e-06,255590400.0,1.6993071309562675e+17,3922.0,2.734847493953392,2.763506905055437,bin_0
config_443,384,11,6,0.0024962285533547,0.8575440645217896,0.9386717677116394,0.1234442591667175,0.0060745133087038,64,11015.0,4.857620693999616e+17,1443862400,38779392,16,0.0060745133087038,720896000.0,2.428589846741342e+17,5507.0,1.96956570164102,1.990990282433932,bin_0
config_443,384,11,6,0.0024962285533547,0.8575440645217896,0.9386717677116394,0.1234442591667175,0.0060745133087038,64,11015.0,4.857620693999616e+17,1443862400,38779392,16,6.704760826383924e-05,1441792000.0,4.857620693999616e+17,11015.0,1.8291507487218888,1.8486140202303405,bin_0
config_444,960,7,20,0.0024611281696707,0.9126481413841248,0.9073897004127502,0.0365006998181343,0.000222373768338,64,15937.0,1.9202368034628403e+18,2088956288,125694720,16,0.000222373768338,1592524800.0,1.4664743762907845e+18,12171.0,1.7933573425011555,1.8127820077489636,bin_2
config_444,960,7,20,0.0024611281696707,0.9126481413841248,0.9073897004127502,0.0365006998181343,0.000222373768338,64,15937.0,1.9202368034628403e+18,2088956288,125694720,16,1.416149643460599e-05,2084044800.0,1.9202368034628403e+18,15937.0,1.7254911661148071,1.7442412585117777,bin_2
config_445,960,15,12,0.0025999851059168,0.8830950856208801,0.997972011566162,0.1923551112413406,4.298264320823364e-05,64,13221.0,2.839987652766843e+18,1732948864,214183680,8,1.810240301848928e-05,1592524800.0,2.6144383724245704e+18,12171.0,1.832885757196145,1.8522305407680448,bin_2
config_445,960,15,12,0.0025999851059168,0.8830950856208801,0.997972011566162,0.1923551112413406,4.298264320823364e-05,64,13221.0,2.839987652766843e+18,1732948864,214183680,8,3.549490787939114e-07,1730150400.0,2.839987652766843e+18,13221.0,1.8162159742292807,1.8356175408402424,bin_2
config_446,832,13,16,0.070756696164608,0.9360437393188475,0.9850977659225464,0.001352620194666,0.0043706325814127,32,3275.0,2.5362257099851776e+17,214692064,152608768,8,0.0043706325814127,108134400.0,1.26772564496053e+17,1637.0,3.5726286276442107,3.610134766062752,bin_0
config_446,832,13,16,0.070756696164608,0.9360437393188475,0.9850977659225464,0.001352620194666,0.0043706325814127,32,3275.0,2.5362257099851776e+17,214692064,152608768,8,0.0043706325814127,212992000.0,2.5362257099851776e+17,3275.0,3.52671032690611,3.558186828660183,bin_0
config_447,960,15,24,0.0039843725971877,0.8282538652420044,0.944128155708313,0.1955503672361374,0.0023508057929575,64,31422.0,6.749696632886231e+18,4118637312,214183680,8,0.0023508057929575,1592524800.0,2.614428035098285e+18,12171.0,2.9289516418488297,2.9600932213908338,bin_3
config_447,960,15,24,0.0039843725971877,0.8282538652420044,0.944128155708313,0.1955503672361374,0.0023508057929575,64,31422.0,6.749696632886231e+18,4118637312,214183680,8,0.0023508057929575,3191603200.0,5.22885607019657e+18,24342.0,2.749198755924819,2.778137526199466,bin_3
config_447,960,15,24,0.0039843725971877,0.8282538652420044,0.944128155708313,0.1955503672361374,0.0023508057929575,64,31422.0,6.749696632886231e+18,4118637312,214183680,8,8.417598868012185e-06,4115660800.0,6.749696632886231e+18,31422.0,2.545492531237055,2.5731418754038264,bin_3
config_448,512,14,16,0.0090883681550621,0.8009518384933472,0.9694865942001344,0.1315535902976989,0.0006096421275287,64,17956.0,1.4519086780553626e+18,2353659136,73466880,16,0.0006096421275287,1592524800.0,9.841379216201724e+17,12171.0,1.7855185542731988,1.8048664075038472,bin_1
config_448,512,14,16,0.0090883681550621,0.8009518384933472,0.9694865942001344,0.1315535902976989,0.0006096421275287,64,17956.0,1.4519086780553626e+18,2353659136,73466880,16,1.5486252181086011e-06,2352742400.0,1.4519086780553626e+18,17956.0,1.6965861100446982,1.7149064143759305,bin_1
config_449,320,11,10,0.0261048432439565,0.8514614105224609,0.9400065541267396,0.224967673420906,0.0041894097812473,64,59833.0,2.1563113868623872e+18,7842455552,31415040,16,0.0041894097812473,1592524800.0,4.386286144686396e+17,12171.0,1.9110658355619088,1.9317375360551428,bin_2
config_449,320,11,10,0.0261048432439565,0.8514614105224609,0.9400065541267396,0.224967673420906,0.0041894097812473,64,59833.0,2.1563113868623872e+18,7842455552,31415040,16,0.0041894097812473,3191603200.0,8.772572289372792e+17,24342.0,1.8761614230421724,1.8963523084609235,bin_2
config_449,320,11,10,0.0261048432439565,0.8514614105224609,0.9400065541267396,0.224967673420906,0.0041894097812473,64,59833.0,2.1563113868623872e+18,7842455552,31415040,16,0.0041894097812473,4784128000.0,1.315921882237113e+18,36514.0,1.866086118416708,1.8847144537675573,bin_2
config_449,320,11,10,0.0261048432439565,0.8514614105224609,0.9400065541267396,0.224967673420906,0.0041894097812473,64,59833.0,2.1563113868623872e+18,7842455552,31415040,16,0.0034651336623051,6383206400.0,1.7545504967057528e+18,48685.0,1.837891320830486,1.8559539920384769,bin_2
config_449,320,11,10,0.0261048432439565,0.8514614105224609,0.9400065541267396,0.224967673420906,0.0041894097812473,64,59833.0,2.1563113868623872e+18,7842455552,31415040,16,1.0271212688051264e-05,7838105600.0,2.1563113868623872e+18,59833.0,1.7310952065811782,1.7476936149597169,bin_2
config_45,384,18,16,0.0693534761667251,0.8223691582679749,0.9257362484931946,0.1023211479187011,0.007423544768244,128,51426.0,6.42795403939047e+18,13481150464,51171072,16,0.007423544768244,1599078400.0,7.607149745990433e+17,6086.0,1.888257254577074,1.9082831543390868,bin_3
config_45,384,18,16,0.0693534761667251,0.8223691582679749,0.9257362484931946,0.1023211479187011,0.007423544768244,128,51426.0,6.42795403939047e+18,13481150464,51171072,16,0.007423544768244,3185049600.0,1.521304954953164e+18,12171.0,1.8535305427332396,1.8737235829087555,bin_3
config_45,384,18,16,0.0693534761667251,0.8223691582679749,0.9257362484931946,0.1023211479187011,0.007423544768244,128,51426.0,6.42795403939047e+18,13481150464,51171072,16,0.007423544768244,4784128000.0,2.2820199295522076e+18,18257.0,1.8539692312381304,1.869832251032845,bin_3
config_45,384,18,16,0.0693534761667251,0.8223691582679749,0.9257362484931946,0.1023211479187011,0.007423544768244,128,51426.0,6.42795403939047e+18,13481150464,51171072,16,0.007423544768244,6383206400.0,3.042609909906328e+18,24342.0,1.831669834129146,1.8508943015630128,bin_3
config_45,384,18,16,0.0693534761667251,0.8223691582679749,0.9257362484931946,0.1023211479187011,0.007423544768244,128,51426.0,6.42795403939047e+18,13481150464,51171072,16,0.007423544768244,7982284800.0,3.803324884505372e+18,30428.0,1.8285973522311352,1.8470992851648171,bin_3
config_45,384,18,16,0.0693534761667251,0.8223691582679749,0.9257362484931946,0.1023211479187011,0.007423544768244,128,51426.0,6.42795403939047e+18,13481150464,51171072,16,0.007423544768244,9568256000.0,4.564039859104415e+18,36514.0,1.8248287574189608,1.841795705967262,bin_3
config_45,384,18,16,0.0693534761667251,0.8223691582679749,0.9257362484931946,0.1023211479187011,0.007423544768244,128,51426.0,6.42795403939047e+18,13481150464,51171072,16,0.007423544768244,11167334400.0,5.324629839458535e+18,42599.0,1.818986253152128,1.836751489248432,bin_3
config_45,384,18,16,0.0693534761667251,0.8223691582679749,0.9257362484931946,0.1023211479187011,0.007423544768244,128,51426.0,6.42795403939047e+18,13481150464,51171072,16,0.0038465278536843,12766412800.0,6.085344814057578e+18,48685.0,1.751844217464572,1.7675090258629595,bin_3
config_45,384,18,16,0.0693534761667251,0.8223691582679749,0.9257362484931946,0.1023211479187011,0.007423544768244,128,51426.0,6.42795403939047e+18,13481150464,51171072,16,3.668735296984312e-05,13474201600.0,6.42795403939047e+18,51426.0,1.653594708481773,1.667213394329196,bin_3
config_450,576,23,12,0.0035565963480621,0.8183761835098267,0.9914408326148988,0.0851434171199798,4.383165287435986e-05,64,17173.0,2.360772572134441e+18,2251010560,120556800,8,4.383165287435986e-05,1592524800.0,1.6731475557822326e+18,12171.0,1.9468866995123568,1.9672285870255015,bin_2
config_450,576,23,12,0.0035565963480621,0.8183761835098267,0.9914408326148988,0.0851434171199798,4.383165287435986e-05,64,17173.0,2.360772572134441e+18,2251010560,120556800,8,6.895540465870579e-07,2247884800.0,2.360772572134441e+18,17173.0,1.849507224520699,1.8695020129055275,bin_2
config_451,960,8,10,0.0013068965636193,0.9212535619735718,0.9555465579032898,0.0001451253920095,0.0065238415263593,64,21299.0,2.817371601462067e+18,2791741184,136755840,16,0.0065238415263593,1592524800.0,1.6099455261465242e+18,12171.0,2.7408737265477416,2.7700227008882115,bin_2
config_451,960,8,10,0.0013068965636193,0.9212535619735718,0.9555465579032898,0.0001451253920095,0.0065238415263593,64,21299.0,2.817371601462067e+18,2791741184,136755840,16,0.0065238415263593,2785280000.0,2.817371601462067e+18,21299.0,2.6723512743340163,2.6938506775215023,bin_2
config_452,1088,11,16,0.0462528690695762,0.8532684445381165,0.9478209018707277,0.1955594718456268,0.0003090526734013,64,15970.0,3.3422335819836457e+18,2093311872,217108224,8,0.0003090526734013,1592524800.0,2.547171253996428e+18,12171.0,1.726427177777056,1.7437711201144046,bin_2
config_452,1088,11,16,0.0462528690695762,0.8532684445381165,0.9478209018707277,0.1955594718456268,0.0003090526734013,64,15970.0,3.3422335819836457e+18,2093311872,217108224,8,1.9792038002005e-06,2090598400.0,3.3422335819836457e+18,15970.0,1.6371117192409077,1.6541085589127462,bin_2
config_453,896,5,14,0.1221770644187927,0.8414026498794556,0.9015281796455384,0.1546180844306945,6.624501111218706e-05,128,39983.0,7.160619425557119e+18,10481522688,95520768,16,6.624501111218706e-05,1599078400.0,1.08995147497538e+18,6086.0,2.02335322567674,2.0453885134712597,bin_3
config_453,896,5,14,0.1221770644187927,0.8414026498794556,0.9015281796455384,0.1546180844306945,6.624501111218706e-05,128,39983.0,7.160619425557119e+18,10481522688,95520768,16,6.624501111218706e-05,3185049600.0,2.179723858351192e+18,12171.0,1.8754111610865984,1.8960310955516628,bin_3
config_453,896,5,14,0.1221770644187927,0.8414026498794556,0.9015281796455384,0.1546180844306945,6.624501111218706e-05,128,39983.0,7.160619425557119e+18,10481522688,95520768,16,6.624501111218706e-05,4784128000.0,3.269675333326572e+18,18257.0,1.812188150882721,1.830209146913935,bin_3
config_453,896,5,14,0.1221770644187927,0.8414026498794556,0.9015281796455384,0.1546180844306945,6.624501111218706e-05,128,39983.0,7.160619425557119e+18,10481522688,95520768,16,6.624501111218706e-05,6383206400.0,4.359447716702383e+18,24342.0,1.7735447001066365,1.7909063370110558,bin_3
config_453,896,5,14,0.1221770644187927,0.8414026498794556,0.9015281796455384,0.1546180844306945,6.624501111218706e-05,128,39983.0,7.160619425557119e+18,10481522688,95520768,16,6.624501111218706e-05,7982284800.0,5.449399191677764e+18,30428.0,1.746963957294089,1.7644469207232116,bin_3
config_453,896,5,14,0.1221770644187927,0.8414026498794556,0.9015281796455384,0.1546180844306945,6.624501111218706e-05,128,39983.0,7.160619425557119e+18,10481522688,95520768,16,3.732309506692778e-05,9568256000.0,6.539350666653144e+18,36514.0,1.7134603851740478,1.731288320861879,bin_3
config_453,896,5,14,0.1221770644187927,0.8414026498794556,0.9015281796455384,0.1546180844306945,6.624501111218706e-05,128,39983.0,7.160619425557119e+18,10481522688,95520768,16,3.536210557590001e-07,10472652800.0,7.160619425557119e+18,39983.0,1.6934102006818428,1.710874388257011,bin_3
config_454,1088,13,16,0.0088058672845363,0.9264971613883972,0.9016724824905396,0.2574591338634491,4.21366530645173e-05,32,7799.0,9.3403772791006e+17,511172416,246636544,8,4.21366530645173e-05,255590400.0,4.66958982064537e+17,3899.0,2.313266633592668,2.337310315624612,bin_1
config_454,1088,13,16,0.0088058672845363,0.9264971613883972,0.9016724824905396,0.2574591338634491,4.21366530645173e-05,32,7799.0,9.3403772791006e+17,511172416,246636544,8,1.0287473842358503e-06,507904000.0,9.3403772791006e+17,7799.0,2.0733820698300347,2.096315318033344,bin_1
config_455,960,16,24,0.026420148089528,0.9178988337516784,0.9369154572486876,0.0720773637294769,0.0002415412600385,32,5807.0,6.580197074855117e+17,380629696,225244800,8,0.0002415412600385,190054400.0,3.2895319628559334e+17,2903.0,2.112329377952169,2.133462431978007,bin_1
config_455,960,16,24,0.026420148089528,0.9178988337516784,0.9369154572486876,0.0720773637294769,0.0002415412600385,32,5807.0,6.580197074855117e+17,380629696,225244800,8,4.0449493307883006e-06,380108800.0,6.580197074855117e+17,5807.0,1.9016467239426784,1.920796705308508,bin_1
config_456,512,22,16,0.0700742900371551,0.8523126840591431,0.9135717749595642,0.2776541411876678,1.4003881005919538e-05,64,20225.0,2.335845522259575e+18,2651013632,100738048,8,1.4003881005919538e-05,1592524800.0,1.4056650606388767e+18,12171.0,2.4604170711118667,2.4868159826466294,bin_2
config_456,512,22,16,0.0700742900371551,0.8523126840591431,0.9135717749595642,0.2776541411876678,1.4003881005919538e-05,64,20225.0,2.335845522259575e+18,2651013632,100738048,8,6.235031614389841e-08,2647654400.0,2.335845522259575e+18,20225.0,2.257258751255567,2.2809496710144104,bin_2
config_457,704,22,8,0.0076647796668112,0.9031093120574952,0.9969581961631776,0.0358837209641933,8.931838237913325e-05,64,29629.0,5.536566375599407e+18,3883570944,174199168,8,8.931838237913325e-05,1592524800.0,2.274310619913611e+18,12171.0,1.7877275910533843,1.8061731438363184,bin_3
config_457,704,22,8,0.0076647796668112,0.9031093120574952,0.9969581961631776,0.0358837209641933,8.931838237913325e-05,64,29629.0,5.536566375599407e+18,3883570944,174199168,8,8.931838237913325e-05,3191603200.0,4.548621239827222e+18,24342.0,1.6825792588757686,1.7005746408954996,bin_3
config_457,704,22,8,0.0076647796668112,0.9031093120574952,0.9969581961631776,0.0358837209641933,8.931838237913325e-05,64,29629.0,5.536566375599407e+18,3883570944,174199168,8,2.4367197450563216e-06,3879731200.0,5.536566375599407e+18,29629.0,1.634290408482317,1.6516169949242323,bin_3
config_458,384,12,16,0.0198859944939613,0.8173035383224487,0.9750396013259888,0.030469162389636,0.0001936872431542,64,10031.0,4.687386172121088e+17,1314884992,40549632,16,0.0001936872431542,655360000.0,2.3434594410514662e+17,5015.0,2.0672313688622146,2.0888315693276827,bin_0
config_458,384,12,16,0.0198859944939613,0.8173035383224487,0.9750396013259888,0.030469162389636,0.0001936872431542,64,10031.0,4.687386172121088e+17,1314884992,40549632,16,1.968624438617196e-05,1310720000.0,4.687386172121088e+17,10031.0,1.900407739115543,1.9213923013796568,bin_0
config_459,256,20,16,0.0063249212689697,0.8187616467475891,0.9658255577087402,0.2439539581537246,0.0004558377258945,32,12549.0,2.510924701434839e+17,822469952,29920768,16,0.0004558377258945,409600000.0,1.2553623059050269e+17,6274.0,2.117706163320385,2.139740839160857,bin_0
config_459,256,20,16,0.0063249212689697,0.8187616467475891,0.9658255577087402,0.2439539581537246,0.0004558377258945,32,12549.0,2.510924701434839e+17,822469952,29920768,16,7.296977644178943e-06,819200000.0,2.510924701434839e+17,12549.0,1.9520492499382769,1.972177133677436,bin_0
config_46,832,22,16,0.0036375320050865,0.851310133934021,0.9188998341560364,0.0943441689014434,0.0005128267221152,32,5158.0,6.171372320481239e+17,338079648,229300864,8,0.0005128267221152,170393600.0,3.0856861602406195e+17,2579.0,2.1180388231746488,2.139109604280503,bin_1
config_46,832,22,16,0.0036375320050865,0.851310133934021,0.9188998341560364,0.0943441689014434,0.0005128267221152,32,5158.0,6.171372320481239e+17,338079648,229300864,8,8.441592133584769e-06,337510400.0,6.171372320481239e+17,5158.0,1.908745706140018,1.9291815391524891,bin_1
config_460,896,23,8,0.0010162896942347,0.8859100937843323,0.998332679271698,0.2034689038991928,1.3384660633164458e-05,128,39655.0,2.255338270162472e+19,10395551744,277218816,8,1.3384660633164458e-05,1599078400.0,3.4613513333019305e+18,6086.0,2.3172447941733187,2.340306963021638,bin_3
config_460,896,23,8,0.0010162896942347,0.8859100937843323,0.998332679271698,0.2034689038991928,1.3384660633164458e-05,128,39655.0,2.255338270162472e+19,10395551744,277218816,8,1.3384660633164458e-05,3185049600.0,6.922133926654255e+18,12171.0,2.021540182828903,2.041771965867184,bin_3
config_460,896,23,8,0.0010162896942347,0.8859100937843323,0.998332679271698,0.2034689038991928,1.3384660633164458e-05,128,39655.0,2.255338270162472e+19,10395551744,277218816,8,1.3384660633164458e-05,4784128000.0,1.0383485259956183e+19,18257.0,1.9026082047673525,1.919568847984564,bin_3
config_460,896,23,8,0.0010162896942347,0.8859100937843323,0.998332679271698,0.2034689038991928,1.3384660633164458e-05,128,39655.0,2.255338270162472e+19,10395551744,277218816,8,1.3384660633164458e-05,6383206400.0,1.384426785330851e+19,24342.0,1.830445682083974,1.8474186533005512,bin_3
config_460,896,23,8,0.0010162896942347,0.8859100937843323,0.998332679271698,0.2034689038991928,1.3384660633164458e-05,128,39655.0,2.255338270162472e+19,10395551744,277218816,8,1.3384660633164458e-05,7982284800.0,1.730561918661044e+19,30428.0,1.782291434045698,1.799137100137648,bin_3
config_460,896,23,8,0.0010162896942347,0.8859100937843323,0.998332679271698,0.2034689038991928,1.3384660633164458e-05,128,39655.0,2.255338270162472e+19,10395551744,277218816,8,5.234085807837614e-06,9568256000.0,2.076697051991237e+19,36514.0,1.736985084131116,1.7555781339621934,bin_3
config_460,896,23,8,0.0010162896942347,0.8859100937843323,0.998332679271698,0.2034689038991928,1.3384660633164458e-05,128,39655.0,2.255338270162472e+19,10395551744,277218816,8,8.294906193087446e-09,10394009600.0,2.255338270162472e+19,39655.0,1.7248547750418304,1.743324271596846,bin_3
config_461,896,24,14,0.0298680327832698,0.9059614539146424,0.932022213935852,0.1268952488899231,0.0033247990068048,128,45042.0,2.659216651712358e+19,11807731712,287313152,8,0.0033247990068048,1599078400.0,3.59308923722779e+18,6086.0,1.69465442815765,1.712189350597194,bin_3
config_461,896,24,14,0.0298680327832698,0.9059614539146424,0.932022213935852,0.1268952488899231,0.0033247990068048,128,45042.0,2.659216651712358e+19,11807731712,287313152,8,0.0033247990068048,3185049600.0,7.185588088448805e+18,12171.0,1.6266036646483375,1.6437254167189363,bin_3
config_461,896,24,14,0.0298680327832698,0.9059614539146424,0.932022213935852,0.1268952488899231,0.0033247990068048,128,45042.0,2.659216651712358e+19,11807731712,287313152,8,0.0033247990068048,4784128000.0,1.0778677325676595e+19,18257.0,1.5997198398777697,1.6150611351552555,bin_3
config_461,896,24,14,0.0298680327832698,0.9059614539146424,0.932022213935852,0.1268952488899231,0.0033247990068048,128,45042.0,2.659216651712358e+19,11807731712,287313152,8,0.0033247990068048,6383206400.0,1.437117617689761e+19,24342.0,1.5846688769879889,1.5996260958421429,bin_3
config_461,896,24,14,0.0298680327832698,0.9059614539146424,0.932022213935852,0.1268952488899231,0.0033247990068048,128,45042.0,2.659216651712358e+19,11807731712,287313152,8,0.0033247990068048,7982284800.0,1.7964265414125402e+19,30428.0,1.5740839757489375,1.589408503145468,bin_3
config_461,896,24,14,0.0298680327832698,0.9059614539146424,0.932022213935852,0.1268952488899231,0.0033247990068048,128,45042.0,2.659216651712358e+19,11807731712,287313152,8,0.0033247990068048,9568256000.0,2.155735465135319e+19,36514.0,1.5691228357885705,1.5823419805237504,bin_3
config_461,896,24,14,0.0298680327832698,0.9059614539146424,0.932022213935852,0.1268952488899231,0.0033247990068048,128,45042.0,2.659216651712358e+19,11807731712,287313152,8,0.0014206752711491,11167334400.0,2.5149853502574207e+19,42599.0,1.505099680785273,1.518054223871622,bin_3
config_461,896,24,14,0.0298680327832698,0.9059614539146424,0.932022213935852,0.1268952488899231,0.0033247990068048,128,45042.0,2.659216651712358e+19,11807731712,287313152,8,2.443421842271247e-05,11796480000.0,2.659216651712358e+19,45042.0,1.4608924294397478,1.472602878525609,bin_3
config_463,576,22,8,0.0062254699878394,0.9400070905685424,0.9493823647499084,0.1312830150127411,5.251553011476062e-05,64,40943.0,5.424060688360538e+18,5366544384,116574336,8,5.251553011476062e-05,1592524800.0,1.6123938802246075e+18,12171.0,1.9310518489313908,1.9516737382529208,bin_3
config_463,576,22,8,0.0062254699878394,0.9400070905685424,0.9493823647499084,0.1312830150127411,5.251553011476062e-05,64,40943.0,5.424060688360538e+18,5366544384,116574336,8,5.251553011476062e-05,3191603200.0,3.2247877604492155e+18,24342.0,1.7920329975690998,1.8111995997194383,bin_3
config_463,576,22,8,0.0062254699878394,0.9400070905685424,0.9493823647499084,0.1312830150127411,5.251553011476062e-05,64,40943.0,5.424060688360538e+18,5366544384,116574336,8,4.340958145114074e-05,4784128000.0,4.837314119014158e+18,36514.0,1.7300717148624485,1.7472454092541678,bin_3
config_463,576,22,8,0.0062254699878394,0.9400070905685424,0.9493823647499084,0.1312830150127411,5.251553011476062e-05,64,40943.0,5.424060688360538e+18,5366544384,116574336,8,4.2012424091809e-07,5360844800.0,5.424060688360538e+18,40943.0,1.6973001624521662,1.7141894650654714,bin_3
config_467,896,10,14,0.0138049609959125,0.811149537563324,0.9756145477294922,0.0590475834906101,1.9745435565710068e-05,64,66493.0,9.5524669240899e+18,8715414528,145992448,16,1.9745435565710068e-05,1592524800.0,1.7485009690207718e+18,12171.0,2.116627652410601,2.1390428412937728,bin_3
config_467,896,10,14,0.0138049609959125,0.811149537563324,0.9756145477294922,0.0590475834906101,1.9745435565710068e-05,64,66493.0,9.5524669240899e+18,8715414528,145992448,16,1.9745435565710068e-05,3191603200.0,3.497001938041544e+18,24342.0,1.9152512974817244,1.936361032157648,bin_3
config_467,896,10,14,0.0138049609959125,0.811149537563324,0.9756145477294922,0.0590475834906101,1.9745435565710068e-05,64,66493.0,9.5524669240899e+18,8715414528,145992448,16,1.9745435565710068e-05,4784128000.0,5.245646568303711e+18,36514.0,1.8343415667189928,1.852779676679705,bin_3
config_467,896,10,14,0.0138049609959125,0.811149537563324,0.9756145477294922,0.0590475834906101,1.9745435565710068e-05,64,66493.0,9.5524669240899e+18,8715414528,145992448,16,1.9745435565710068e-05,6383206400.0,6.994147537324483e+18,48685.0,1.7852416679898246,1.8026097875344949,bin_3
config_467,896,10,14,0.0138049609959125,0.811149537563324,0.9756145477294922,0.0590475834906101,1.9745435565710068e-05,64,66493.0,9.5524669240899e+18,8715414528,145992448,16,1.9745435565710068e-05,7975731200.0,8.742648506345254e+18,60856.0,1.7506581927518376,1.768230068449114,bin_3
config_467,896,10,14,0.0138049609959125,0.811149537563324,0.9756145477294922,0.0590475834906101,1.9745435565710068e-05,64,66493.0,9.5524669240899e+18,8715414528,145992448,16,2.162643222938187e-07,8709734400.0,9.5524669240899e+18,66493.0,1.720104170001921,1.7394778941889275,bin_3
config_468,576,20,24,0.1477396190166473,0.9021043181419371,0.9312154650688172,0.2174163460731506,0.0002618669532239,32,8055.0,4.93416682715861e+17,527927136,108609408,8,0.0002618669532239,265420800.0,2.466777133825912e+17,4027.0,2.1364780712127684,2.157382745547373,bin_0
config_468,576,20,24,0.1477396190166473,0.9021043181419371,0.9312154650688172,0.2174163460731506,0.0002618669532239,32,8055.0,4.93416682715861e+17,527927136,108609408,8,7.477640012106012e-07,527564800.0,4.93416682715861e+17,8055.0,1.9175895812863208,1.9384237733434455,bin_0
config_469,896,18,16,0.0205510184168815,0.8425233364105225,0.966022491455078,0.20390684902668,0.0021284781396389,32,3736.0,4.3020167208689664e+17,244899520,226747136,8,0.0021284781396389,121241600.0,2.1510083604344832e+17,1868.0,3.1873416567239605,3.219724516321401,bin_0
config_469,896,18,16,0.0205510184168815,0.8425233364105225,0.966022491455078,0.20390684902668,0.0021284781396389,32,3736.0,4.3020167208689664e+17,244899520,226747136,8,0.0001006901616649,242483200.0,4.3020167208689664e+17,3736.0,3.1037345054501397,3.136271079407364,bin_0
config_47,896,22,16,0.0674669817090034,0.891569197177887,0.925190269947052,0.0611584968864917,2.1164072677493092e-05,128,52002.0,2.844969416633195e+19,13632206848,267124480,8,2.1164072677493092e-05,1599078400.0,3.329580375683556e+18,6086.0,2.239806238608282,2.2628969751615995,bin_3
config_47,896,22,16,0.0674669817090034,0.891569197177887,0.925190269947052,0.0611584968864917,2.1164072677493092e-05,128,52002.0,2.844969416633195e+19,13632206848,267124480,8,2.1164072677493092e-05,3185049600.0,6.658613662905776e+18,12171.0,1.949143372266019,1.970159493958364,bin_3
config_47,896,22,16,0.0674669817090034,0.891569197177887,0.925190269947052,0.0611584968864917,2.1164072677493092e-05,128,52002.0,2.844969416633195e+19,13632206848,267124480,8,2.1164072677493092e-05,4784128000.0,9.98819403858933e+18,18257.0,1.8411722032554811,1.8593831067788795,bin_3
config_47,896,22,16,0.0674669817090034,0.891569197177887,0.925190269947052,0.0611584968864917,2.1164072677493092e-05,128,52002.0,2.844969416633195e+19,13632206848,267124480,8,2.1164072677493092e-05,6383206400.0,1.3317227325811552e+19,24342.0,1.7796644830703736,1.7961939591071645,bin_3
config_47,896,22,16,0.0674669817090034,0.891569197177887,0.925190269947052,0.0611584968864917,2.1164072677493092e-05,128,52002.0,2.844969416633195e+19,13632206848,267124480,8,2.1164072677493092e-05,7982284800.0,1.6646807701495106e+19,30428.0,1.7369077321935873,1.753311961811097,bin_3
config_47,896,22,16,0.0674669817090034,0.891569197177887,0.925190269947052,0.0611584968864917,2.1164072677493092e-05,128,52002.0,2.844969416633195e+19,13632206848,267124480,8,2.1164072677493092e-05,9568256000.0,1.997638807717866e+19,36514.0,1.7029713825124209,1.72044480288615,bin_3
config_47,896,22,16,0.0674669817090034,0.891569197177887,0.925190269947052,0.0611584968864917,2.1164072677493092e-05,128,52002.0,2.844969416633195e+19,13632206848,267124480,8,2.1164072677493092e-05,11167334400.0,2.330542136440089e+19,42599.0,1.678341248426281,1.6950076645124157,bin_3
config_47,896,22,16,0.0674669817090034,0.891569197177887,0.925190269947052,0.0611584968864917,2.1164072677493092e-05,128,52002.0,2.844969416633195e+19,13632206848,267124480,8,2.1164072677493092e-05,12766412800.0,2.663500174008444e+19,48685.0,1.6587440309368195,1.6748967572509266,bin_3
config_47,896,22,16,0.0674669817090034,0.891569197177887,0.925190269947052,0.0611584968864917,2.1164072677493092e-05,128,52002.0,2.844969416633195e+19,13632206848,267124480,8,1.3310737533016476e-08,13631488000.0,2.844969416633195e+19,52002.0,1.633012287206337,1.647354616180795,bin_3
config_470,576,5,8,0.0011564474552869,0.853035569190979,0.9627637267112732,0.1491836309432983,0.0002036858204519,128,45839.0,4.373772867670376e+18,12016666624,48872448,16,0.0002036858204519,1599078400.0,5.807016224752266e+17,6086.0,1.9369686778647,1.957701027237001,bin_2
config_470,576,5,8,0.0011564474552869,0.853035569190979,0.9627637267112732,0.1491836309432983,0.0002036858204519,128,45839.0,4.373772867670376e+18,12016666624,48872448,16,0.0002036858204519,3185049600.0,1.1613078289756792e+18,12171.0,1.8374402625052653,1.8570089572765789,bin_2
config_470,576,5,8,0.0011564474552869,0.853035569190979,0.9627637267112732,0.1491836309432983,0.0002036858204519,128,45839.0,4.373772867670376e+18,12016666624,48872448,16,0.0002036858204519,4784128000.0,1.7420094514509056e+18,18257.0,1.797062643512351,1.8143407594180496,bin_2
config_470,576,5,8,0.0011564474552869,0.853035569190979,0.9627637267112732,0.1491836309432983,0.0002036858204519,128,45839.0,4.373772867670376e+18,12016666624,48872448,16,0.0002036858204519,6383206400.0,2.3226156579513585e+18,24342.0,1.771975118957582,1.788835928049244,bin_2
config_470,576,5,8,0.0011564474552869,0.853035569190979,0.9627637267112732,0.1491836309432983,0.0002036858204519,128,45839.0,4.373772867670376e+18,12016666624,48872448,16,0.0002036858204519,7982284800.0,2.903317280426585e+18,30428.0,1.7551967512974973,1.7722354772442677,bin_2
config_470,576,5,8,0.0011564474552869,0.853035569190979,0.9627637267112732,0.1491836309432983,0.0002036858204519,128,45839.0,4.373772867670376e+18,12016666624,48872448,16,0.0002036858204519,9568256000.0,3.484018902901811e+18,36514.0,1.7420371587550054,1.75911358888032,bin_2
config_470,576,5,8,0.0011564474552869,0.853035569190979,0.9627637267112732,0.1491836309432983,0.0002036858204519,128,45839.0,4.373772867670376e+18,12016666624,48872448,16,9.64811893015247e-05,11167334400.0,4.064625109402264e+18,42599.0,1.7151348722567323,1.7323062920961223,bin_2
config_470,576,5,8,0.0011564474552869,0.853035569190979,0.9627637267112732,0.1491836309432983,0.0002036858204519,128,45839.0,4.373772867670376e+18,12016666624,48872448,16,1.1617062002962234e-06,12006195200.0,4.373772867670376e+18,45839.0,1.6987229126789531,1.71562943067707,bin_2
config_471,1152,18,12,0.0369792580604553,0.93490332365036,0.9554860591888428,0.1531489193439483,0.0042035672813653,128,50758.0,3.4290499284094943e+19,13306108928,344616192,8,0.0042035672813653,1599078400.0,4.1115090949801375e+18,6086.0,1.698046536426075,1.7161805634420426,bin_3
config_471,1152,18,12,0.0369792580604553,0.93490332365036,0.9554860591888428,0.1531489193439483,0.0042035672813653,128,50758.0,3.4290499284094943e+19,13306108928,344616192,8,0.0042035672813653,3185049600.0,8.222342621591071e+18,12171.0,1.6298104798207518,1.646924443166764,bin_3
config_471,1152,18,12,0.0369792580604553,0.93490332365036,0.9554860591888428,0.1531489193439483,0.0042035672813653,128,50758.0,3.4290499284094943e+19,13306108928,344616192,8,0.0042035672813653,4784128000.0,1.2333851716571208e+19,18257.0,1.6060748075852629,1.6215055247799297,bin_3
config_471,1152,18,12,0.0369792580604553,0.93490332365036,0.9554860591888428,0.1531489193439483,0.0042035672813653,128,50758.0,3.4290499284094943e+19,13306108928,344616192,8,0.0042035672813653,6383206400.0,1.644468524318214e+19,24342.0,1.5921272992892344,1.607063262618956,bin_3
config_471,1152,18,12,0.0369792580604553,0.93490332365036,0.9554860591888428,0.1531489193439483,0.0042035672813653,128,50758.0,3.4290499284094943e+19,13306108928,344616192,8,0.0042035672813653,7982284800.0,2.055619433816228e+19,30428.0,1.5835822448574128,1.5982821748686618,bin_3
config_471,1152,18,12,0.0369792580604553,0.93490332365036,0.9554860591888428,0.1531489193439483,0.0042035672813653,128,50758.0,3.4290499284094943e+19,13306108928,344616192,8,0.0042035672813653,9568256000.0,2.466770343314241e+19,36514.0,1.577972357703037,1.592199520048548,bin_3
config_471,1152,18,12,0.0369792580604553,0.93490332365036,0.9554860591888428,0.1531489193439483,0.0042035672813653,128,50758.0,3.4290499284094943e+19,13306108928,344616192,8,0.0042035672813653,11167334400.0,2.8778536959753347e+19,42599.0,1.5711345009823314,1.585893497017563,bin_3
config_471,1152,18,12,0.0369792580604553,0.93490332365036,0.9554860591888428,0.1531489193439483,0.0042035672813653,128,50758.0,3.4290499284094943e+19,13306108928,344616192,8,0.0011129475704425,12766412800.0,3.289004605473349e+19,48685.0,1.4772339601497182,1.4900402207843593,bin_3
config_471,1152,18,12,0.0369792580604553,0.93490332365036,0.9554860591888428,0.1531489193439483,0.0042035672813653,128,50758.0,3.4290499284094943e+19,13306108928,344616192,8,4.326326804440957e-06,13303808000.0,3.4290499284094943e+19,50758.0,1.4428673833510914,1.4548607131496805,bin_3
config_472,896,7,4,0.0112031530588865,0.8318111300468445,0.9452764391899108,0.0528621412813663,0.0030265511013567,64,21255.0,2.363384513657438e+18,2785969664,115709440,16,0.0030265511013567,1592524800.0,1.353317003797915e+18,12171.0,1.7892197743400198,1.8073371451409137,bin_2
config_472,896,7,4,0.0112031530588865,0.8318111300468445,0.9452764391899108,0.0528621412813663,0.0030265511013567,64,21255.0,2.363384513657438e+18,2785969664,115709440,16,1.3475294307020366e-05,2785280000.0,2.363384513657438e+18,21255.0,1.6831315903976316,1.6998638974252294,bin_2
config_473,1152,6,24,0.004058004822582,0.9062162041664124,0.9243938326835632,0.2730266749858856,0.0001005287631414,64,20004.0,2.859832568840454e+18,2622032896,153485568,16,0.0001005287631414,1592524800.0,1.7400031091460293e+18,12171.0,1.8323549238971024,1.852047815361961,bin_2
config_473,1152,6,24,0.004058004822582,0.9062162041664124,0.9243938326835632,0.2730266749858856,0.0001005287631414,64,20004.0,2.859832568840454e+18,2622032896,153485568,16,7.363395945173165e-08,2621440000.0,2.859832568840454e+18,20004.0,1.734925443696194,1.753643023459638,bin_2
config_474,1088,19,16,0.1269980669021606,0.9784902930259703,0.9493076801300048,0.2620872259140014,0.0029329834505915,128,46642.0,3.080129974690657e+19,12227058688,335221504,8,0.0029329834505915,1599078400.0,4.019053862606093e+18,6086.0,1.743655315852556,1.7615204152318298,bin_3
config_474,1088,19,16,0.1269980669021606,0.9784902930259703,0.9493076801300048,0.2620872259140014,0.0029329834505915,128,46642.0,3.080129974690657e+19,12227058688,335221504,8,0.0029329834505915,3185049600.0,8.0374473483041e+18,12171.0,1.6932643464549644,1.7115382738973273,bin_3
config_474,1088,19,16,0.1269980669021606,0.9784902930259703,0.9493076801300048,0.2620872259140014,0.0029329834505915,128,46642.0,3.080129974690657e+19,12227058688,335221504,8,0.0029329834505915,4784128000.0,1.2056501210910194e+19,18257.0,1.6722423371916912,1.687386666946724,bin_3
config_474,1088,19,16,0.1269980669021606,0.9784902930259703,0.9493076801300048,0.2620872259140014,0.0029329834505915,128,46642.0,3.080129974690657e+19,12227058688,335221504,8,0.0029329834505915,6383206400.0,1.60748946966082e+19,24342.0,1.6606105063391514,1.6762679874115305,bin_3
config_474,1088,19,16,0.1269980669021606,0.9784902930259703,0.9493076801300048,0.2620872259140014,0.0029329834505915,128,46642.0,3.080129974690657e+19,12227058688,335221504,8,0.0029329834505915,7982284800.0,2.0093948559214297e+19,30428.0,1.6533502780609444,1.6689999044136925,bin_3
config_474,1088,19,16,0.1269980669021606,0.9784902930259703,0.9493076801300048,0.2620872259140014,0.0029329834505915,128,46642.0,3.080129974690657e+19,12227058688,335221504,8,0.0024334357130153,9568256000.0,2.4113002421820387e+19,36514.0,1.6278301822552916,1.642190993535714,bin_3
config_474,1088,19,16,0.1269980669021606,0.9784902930259703,0.9493076801300048,0.2620872259140014,0.0029329834505915,128,46642.0,3.080129974690657e+19,12227058688,335221504,8,0.0009698232254001,11167334400.0,2.81313959075184e+19,42599.0,1.5434098491316937,1.5571895113343095,bin_3
config_474,1088,19,16,0.1269980669021606,0.9784902930259703,0.9493076801300048,0.2620872259140014,0.0029329834505915,128,46642.0,3.080129974690657e+19,12227058688,335221504,8,1.0077331881941027e-05,12215910400.0,3.080129974690657e+19,46642.0,1.466255934013695,1.4782506108283997,bin_3
config_478,640,18,10,0.0014902690891176,0.8973298072814941,0.9800864458084106,0.061700090765953,3.989475226262584e-05,64,29097.0,3.908110876065792e+18,3813849600,123623680,8,3.989475226262584e-05,1592524800.0,1.634725829899878e+18,12171.0,1.952070954471338,1.973513015176429,bin_2
config_478,640,18,10,0.0014902690891176,0.8973298072814941,0.9800864458084106,0.061700090765953,3.989475226262584e-05,64,29097.0,3.908110876065792e+18,3813849600,123623680,8,3.989475226262584e-05,3191603200.0,3.2694516597997563e+18,24342.0,1.8095399715861336,1.8298512425579008,bin_2
config_478,640,18,10,0.0014902690891176,0.8973298072814941,0.9800864458084106,0.061700090765953,3.989475226262584e-05,64,29097.0,3.908110876065792e+18,3813849600,123623680,8,1.0445979701077478e-06,3807641600.0,3.908110876065792e+18,29097.0,1.7606145717667752,1.780467642506615,bin_2
config_479,960,14,20,0.0067977686412632,0.8826828598976135,0.9558453559875488,0.1384450197219848,0.0007258646073751,64,7903.0,1.604548976206971e+18,1035948288,203122560,8,0.0007258646073751,517734400.0,8.021729729208835e+17,3951.0,1.8480779598775456,1.8674534446098765,bin_1
config_479,960,14,20,0.0067977686412632,0.8826828598976135,0.9558453559875488,0.1384450197219848,0.0007258646073751,64,7903.0,1.604548976206971e+18,1035948288,203122560,8,1.9904879544107093e-06,1035468800.0,1.604548976206971e+18,7903.0,1.6886690253898746,1.7065916045962788,bin_1
config_48,832,19,8,0.0015813215868547,0.9412256479263306,0.9544350504875184,0.1884922683238983,0.0026103777345269,64,14346.0,3.0287450779806106e+18,1880362880,203736832,8,0.002119966532922,1592524800.0,2.569556416011572e+18,12171.0,1.736684694251076,1.754852896342512,bin_2
config_48,832,19,8,0.0015813215868547,0.9412256479263306,0.9544350504875184,0.1884922683238983,0.0026103777345269,64,14346.0,3.0287450779806106e+18,1880362880,203736832,8,4.440731353115438e-05,1874329600.0,3.0287450779806106e+18,14346.0,1.672864086119855,1.6904271220965463,bin_2
config_480,640,20,16,0.0188879147171974,0.8142209053039551,0.9528288245201112,0.0825691074132919,0.0005217669531702,128,59436.0,1.7405639807627428e+19,15580796928,133784320,8,0.0005217669531702,1599078400.0,1.7822653588602954e+18,6086.0,1.774747403195647,1.7931416960622444,bin_3
config_480,640,20,16,0.0188879147171974,0.8142209053039551,0.9528288245201112,0.0825691074132919,0.0005217669531702,128,59436.0,1.7405639807627428e+19,15580796928,133784320,8,0.0005217669531702,3185049600.0,3.564237870964288e+18,12171.0,1.6753714330274552,1.6932051514015822,bin_3
config_480,640,20,16,0.0188879147171974,0.8142209053039551,0.9528288245201112,0.0825691074132919,0.0005217669531702,128,59436.0,1.7405639807627428e+19,15580796928,133784320,8,0.0005217669531702,4784128000.0,5.346503229824584e+18,18257.0,1.6367848084012016,1.6529943405409329,bin_3
config_480,640,20,16,0.0188879147171974,0.8142209053039551,0.9528288245201112,0.0825691074132919,0.0005217669531702,128,59436.0,1.7405639807627428e+19,15580796928,133784320,8,0.0005217669531702,6383206400.0,7.128475741928576e+18,24342.0,1.6139727202595258,1.629684335091075,bin_3
config_480,640,20,16,0.0188879147171974,0.8142209053039551,0.9528288245201112,0.0825691074132919,0.0005217669531702,128,59436.0,1.7405639807627428e+19,15580796928,133784320,8,0.0005217669531702,7982284800.0,8.910741100788872e+18,30428.0,1.5985791944089482,1.6135372484902866,bin_3
config_480,640,20,16,0.0188879147171974,0.8142209053039551,0.9528288245201112,0.0825691074132919,0.0005217669531702,128,59436.0,1.7405639807627428e+19,15580796928,133784320,8,0.0005217669531702,9568256000.0,1.0693006459649167e+19,36514.0,1.5870312128692377,1.6018348441163048,bin_3
config_480,640,20,16,0.0188879147171974,0.8142209053039551,0.9528288245201112,0.0825691074132919,0.0005217669531702,128,59436.0,1.7405639807627428e+19,15580796928,133784320,8,0.0005217669531702,11167334400.0,1.247497897175316e+19,42599.0,1.5772380749612558,1.592015531942493,bin_3
config_480,640,20,16,0.0188879147171974,0.8142209053039551,0.9528288245201112,0.0825691074132919,0.0005217669531702,128,59436.0,1.7405639807627428e+19,15580796928,133784320,8,0.0005217669531702,12766412800.0,1.4257244330613457e+19,48685.0,1.5700472260694034,1.5848495207458246,bin_3
config_480,640,20,16,0.0188879147171974,0.8142209053039551,0.9528288245201112,0.0825691074132919,0.0005217669531702,128,59436.0,1.7405639807627428e+19,15580796928,133784320,8,0.0004982677690148,14352384000.0,1.6039216842717448e+19,54770.0,1.5670222626553207,1.577327839663771,bin_3
config_480,640,20,16,0.0188879147171974,0.8142209053039551,0.9528288245201112,0.0825691074132919,0.0005217669531702,128,59436.0,1.7405639807627428e+19,15580796928,133784320,8,3.827921400882542e-06,15571353600.0,1.7405639807627428e+19,59436.0,1.5195750491443227,1.5288305163090343,bin_3
config_481,1088,20,8,0.0058709871955215,0.9889749884605408,0.9005271792411804,0.1614757478237152,0.0025378183927387,32,12766.0,2.2040450432403704e+18,836633856,349985664,8,0.0025378183927387,419430400.0,1.1020225216201852e+18,6383.0,3.4998716495857862,3.529762824441566,bin_2
config_481,1088,20,8,0.0058709871955215,0.9889749884605408,0.9005271792411804,0.1614757478237152,0.0025378183927387,32,12766.0,2.2040450432403704e+18,836633856,349985664,8,1.97016469111206e-05,835584000.0,2.2040450432403704e+18,12766.0,3.440693393222621,3.468160229198268,bin_2
config_482,448,17,16,0.1264475286006927,0.8114882111549377,0.9503838419914246,0.0452058799564838,0.0001571544125908,64,10871.0,8.260173289205268e+17,1424965632,65433088,16,0.0001571544125908,714342400.0,4.129706726780483e+17,5435.0,2.034453519172356,2.055693057599615,bin_1
config_482,448,17,16,0.1264475286006927,0.8114882111549377,0.9503838419914246,0.0452058799564838,0.0001571544125908,64,10871.0,8.260173289205268e+17,1424965632,65433088,16,6.7214718216066654e-06,1422131200.0,8.260173289205268e+17,10871.0,1.859389841595634,1.8797825979404763,bin_1
config_484,960,6,8,0.0313409604132175,0.869844377040863,0.954807698726654,0.261494517326355,0.0091756051406264,32,7133.0,3.876800653183795e+17,467487424,114633600,16,0.0091756051406264,232652800.0,1.9381285755297088e+17,3566.0,3.440029722901641,3.441024604781729,bin_0
config_484,960,6,8,0.0313409604132175,0.869844377040863,0.954807698726654,0.261494517326355,0.0091756051406264,32,7133.0,3.876800653183795e+17,467487424,114633600,16,0.0001623565520861,465305600.0,3.876800653183795e+17,7133.0,3.228801069337813,3.263242667463959,bin_0
config_485,704,14,16,0.0511975660920143,0.8246739506721497,0.966161012649536,0.0696039199829101,0.0012334220809862,64,55250.0,7.129193310190043e+18,7241805824,123725184,8,0.0012334220809862,1592524800.0,1.570487091010371e+18,12171.0,1.7602265456465425,1.778554433994606,bin_3
config_485,704,14,16,0.0511975660920143,0.8246739506721497,0.966161012649536,0.0696039199829101,0.0012334220809862,64,55250.0,7.129193310190043e+18,7241805824,123725184,8,0.0012334220809862,3191603200.0,3.1409741820207427e+18,24342.0,1.701891513163926,1.7201309135116514,bin_3
config_485,704,14,16,0.0511975660920143,0.8246739506721497,0.966161012649536,0.0696039199829101,0.0012334220809862,64,55250.0,7.129193310190043e+18,7241805824,123725184,8,0.0012334220809862,4784128000.0,4.71159030820415e+18,36514.0,1.6803009418190502,1.6964931391887978,bin_3
config_485,704,14,16,0.0511975660920143,0.8246739506721497,0.966161012649536,0.0696039199829101,0.0012334220809862,64,55250.0,7.129193310190043e+18,7241805824,123725184,8,0.0012334220809862,6383206400.0,6.28207739921452e+18,48685.0,1.6665801666603717,1.68287257802291,bin_3
config_485,704,14,16,0.0511975660920143,0.8246739506721497,0.966161012649536,0.0696039199829101,0.0012334220809862,64,55250.0,7.129193310190043e+18,7241805824,123725184,8,0.0,7241728000.0,7.129193310190043e+18,55250.0,1.573820300453999,1.5886200279876834,bin_3
config_486,640,16,10,0.074686087667942,0.8206585049629211,0.9659572839736938,0.0508006103336811,2.5044668291229755e-05,128,52798.0,1.2903922234388644e+19,13840809984,113463040,8,2.5044668291229755e-05,1599078400.0,1.4874288934900808e+18,6086.0,2.355259205728281,2.380010438453956,bin_3
config_486,640,16,10,0.074686087667942,0.8206585049629211,0.9659572839736938,0.0508006103336811,2.5044668291229755e-05,128,52798.0,1.2903922234388644e+19,13840809984,113463040,8,2.5044668291229755e-05,3185049600.0,2.97461338525596e+18,12171.0,2.033104066399277,2.054465698238279,bin_3
config_486,640,16,10,0.074686087667942,0.8206585049629211,0.9659572839736938,0.0508006103336811,2.5044668291229755e-05,128,52798.0,1.2903922234388644e+19,13840809984,113463040,8,2.5044668291229755e-05,4784128000.0,4.462042278746041e+18,18257.0,1.9142931113282189,1.9347018511373488,bin_3
config_486,640,16,10,0.074686087667942,0.8206585049629211,0.9659572839736938,0.0508006103336811,2.5044668291229755e-05,128,52798.0,1.2903922234388644e+19,13840809984,113463040,8,2.5044668291229755e-05,6383206400.0,5.94922677051192e+18,24342.0,1.848988098453303,1.8681333545387768,bin_3
config_486,640,16,10,0.074686087667942,0.8206585049629211,0.9659572839736938,0.0508006103336811,2.5044668291229755e-05,128,52798.0,1.2903922234388644e+19,13840809984,113463040,8,2.5044668291229755e-05,7982284800.0,7.436655664002001e+18,30428.0,1.8057409693178583,1.8247448806684523,bin_3
config_486,640,16,10,0.074686087667942,0.8206585049629211,0.9659572839736938,0.0508006103336811,2.5044668291229755e-05,128,52798.0,1.2903922234388644e+19,13840809984,113463040,8,2.5044668291229755e-05,9568256000.0,8.924084557492082e+18,36514.0,1.774961858323363,1.7929297973288865,bin_3
config_486,640,16,10,0.074686087667942,0.8206585049629211,0.9659572839736938,0.0508006103336811,2.5044668291229755e-05,128,52798.0,1.2903922234388644e+19,13840809984,113463040,8,2.5044668291229755e-05,11167334400.0,1.041126904925796e+19,42599.0,1.7505207647261072,1.768146917018734,bin_3
config_486,640,16,10,0.074686087667942,0.8206585049629211,0.9659572839736938,0.0508006103336811,2.5044668291229755e-05,128,52798.0,1.2903922234388644e+19,13840809984,113463040,8,2.5044668291229755e-05,12766412800.0,1.189869794274804e+19,48685.0,1.731493973477942,1.7486960010450394,bin_3
config_486,640,16,10,0.074686087667942,0.8206585049629211,0.9659572839736938,0.0508006103336811,2.5044668291229755e-05,128,52798.0,1.2903922234388644e+19,13840809984,113463040,8,4.482267255701079e-07,13828096000.0,1.2903922234388644e+19,52798.0,1.70543327440981,1.7218729799301895,bin_3
config_487,640,21,20,0.0017253569094464,0.8196843266487122,0.9812544584274292,0.1865979731082916,0.0012047385098412,32,3519.0,2.683029419108352e+17,230634720,138864640,8,0.0012047385098412,114688000.0,1.3411334891195202e+17,1759.0,2.280103650171249,2.303295427052701,bin_0
config_487,640,21,20,0.0017253569094464,0.8196843266487122,0.9812544584274292,0.1865979731082916,0.0012047385098412,32,3519.0,2.683029419108352e+17,230634720,138864640,8,3.489334098625619e-05,229376000.0,2.683029419108352e+17,3519.0,2.016293669470021,2.0381138160971344,bin_0
config_488,512,6,16,0.0230451170355081,0.8609876036643982,0.9257186055183412,0.0334363281726837,0.000126554412418,64,11906.0,5.503270168343347e+17,1560627840,46195712,16,0.000126554412418,779878400.0,2.7516350841716736e+17,5953.0,2.0888668302629814,2.11195318565994,bin_1
config_488,512,6,16,0.0230451170355081,0.8609876036643982,0.9257186055183412,0.0334363281726837,0.000126554412418,64,11906.0,5.503270168343347e+17,1560627840,46195712,16,1.9078554635886056e-06,1559756800.0,5.503270168343347e+17,11906.0,1.9287439281432357,1.9501519622568224,bin_1
config_489,640,12,20,0.1916545927524566,0.8891705274581909,0.9283386468887328,0.0763898491859436,2.6288120352546684e-05,64,8545.0,8.372931344960717e+17,1120127232,93141760,16,2.6288120352546684e-05,557056000.0,4.185975740862748e+17,4272.0,2.6065210903277163,2.6342702074519924,bin_1
config_489,640,12,20,0.1916545927524566,0.8891705274581909,0.9283386468887328,0.0763898491859436,2.6288120352546684e-05,64,8545.0,8.372931344960717e+17,1120127232,93141760,16,1.8143641347616568e-06,1114112000.0,8.372931344960717e+17,8545.0,2.283608671602656,2.3077299207546678,bin_1
config_490,704,14,8,0.0408889129757881,0.8500092029571533,0.9119710326194764,0.192073568701744,0.0003030409570783,64,58429.0,7.539370547422298e+18,7658462208,123725184,8,0.0003030409570783,1592524800.0,1.5704817630402163e+18,12171.0,1.787770841219386,1.80630782498688,bin_3
config_490,704,14,8,0.0408889129757881,0.8500092029571533,0.9119710326194764,0.192073568701744,0.0003030409570783,64,58429.0,7.539370547422298e+18,7658462208,123725184,8,0.0003030409570783,3191603200.0,3.1409635260804326e+18,24342.0,1.7173309164164496,1.7358986596396713,bin_3
config_490,704,14,8,0.0408889129757881,0.8500092029571533,0.9119710326194764,0.192073568701744,0.0003030409570783,64,58429.0,7.539370547422298e+18,7658462208,123725184,8,0.0003030409570783,4784128000.0,4.711574323855924e+18,36514.0,1.690400010640504,1.707164431419529,bin_3
config_490,704,14,8,0.0408889129757881,0.8500092029571533,0.9119710326194764,0.192073568701744,0.0003030409570783,64,58429.0,7.539370547422298e+18,7658462208,123725184,8,0.0002627237098035,6383206400.0,6.28205608689614e+18,48685.0,1.6643497916127814,1.6801496545994867,bin_3
config_490,704,14,8,0.0408889129757881,0.8500092029571533,0.9119710326194764,0.192073568701744,0.0003030409570783,64,58429.0,7.539370547422298e+18,7658462208,123725184,8,7.831213469320915e-07,7654604800.0,7.539370547422298e+18,58429.0,1.592723259105057,1.6070506878954465,bin_3
config_491,448,14,16,0.0089975884184241,0.8511417508125305,0.9142993092536926,0.240860566496849,0.0022270602639764,64,13773.0,9.049016597745009e+17,1805366912,57860992,16,0.001089695148759,1592524800.0,7.996484499466674e+17,12171.0,1.799797480614459,1.8186275546277155,bin_1
config_491,448,14,16,0.0089975884184241,0.8511417508125305,0.9142993092536926,0.240860566496849,0.0022270602639764,64,13773.0,9.049016597745009e+17,1805366912,57860992,16,1.544238350059072e-05,1802240000.0,9.049016597745009e+17,13773.0,1.7548488994113731,1.7732083356575887,bin_1
config_492,1152,15,8,0.0083908224478363,0.8502747416496277,0.9859278202056884,0.2702932059764862,0.0003547737433109,128,42498.0,2.457051560743168e+19,11140765696,296833536,8,0.0003547737433109,1599078400.0,3.518663419145117e+18,6086.0,1.7208105137504517,1.7387049066238716,bin_3
config_492,1152,15,8,0.0083908224478363,0.8502747416496277,0.9859278202056884,0.2702932059764862,0.0003547737433109,128,42498.0,2.457051560743168e+19,11140765696,296833536,8,0.0003547737433109,3185049600.0,7.036748681303848e+18,12171.0,1.6128435168891655,1.6299843203239754,bin_3
config_492,1152,15,8,0.0083908224478363,0.8502747416496277,0.9859278202056884,0.2702932059764862,0.0003547737433109,128,42498.0,2.457051560743168e+19,11140765696,296833536,8,0.0003547737433109,4784128000.0,1.0555412100448965e+19,18257.0,1.5675706923007966,1.5826486359072514,bin_3
config_492,1152,15,8,0.0083908224478363,0.8502747416496277,0.9859278202056884,0.2702932059764862,0.0003547737433109,128,42498.0,2.457051560743168e+19,11140765696,296833536,8,0.0003547737433109,6383206400.0,1.4073497362607696e+19,24342.0,1.539754900893227,1.5546717037920093,bin_3
config_492,1152,15,8,0.0083908224478363,0.8502747416496277,0.9859278202056884,0.2702932059764862,0.0003547737433109,128,42498.0,2.457051560743168e+19,11140765696,296833536,8,0.0003547737433109,7982284800.0,1.7592160781752812e+19,30428.0,1.5213847371203,1.535811935076948,bin_3
config_492,1152,15,8,0.0083908224478363,0.8502747416496277,0.9859278202056884,0.2702932059764862,0.0003547737433109,128,42498.0,2.457051560743168e+19,11140765696,296833536,8,0.0001852631823418,9568256000.0,2.111082420089793e+19,36514.0,1.4841994752551688,1.4981917762951773,bin_3
config_492,1152,15,8,0.0083908224478363,0.8502747416496277,0.9859278202056884,0.2702932059764862,0.0003547737433109,128,42498.0,2.457051560743168e+19,11140765696,296833536,8,1.4825996586213938e-06,11128012800.0,2.457051560743168e+19,42498.0,1.4559645061219324,1.469533454424045,bin_3
config_493,320,12,20,0.0129365064203739,0.8381062150001526,0.9216985702514648,0.1351104080677032,1.6150541341630742e-05,64,61006.0,2.3282803212956467e+18,7996188672,32808320,16,1.6150541341630742e-05,1592524800.0,4.645034880255928e+17,12171.0,2.73175723896652,2.7604349704648627,bin_2
config_493,320,12,20,0.0129365064203739,0.8381062150001526,0.9216985702514648,0.1351104080677032,1.6150541341630742e-05,64,61006.0,2.3282803212956467e+18,7996188672,32808320,16,1.6150541341630742e-05,3191603200.0,9.290069760511857e+17,24342.0,2.4821691857791337,2.509938088088739,bin_2
config_493,320,12,20,0.0129365064203739,0.8381062150001526,0.9216985702514648,0.1351104080677032,1.6150541341630742e-05,64,61006.0,2.3282803212956467e+18,7996188672,32808320,16,1.6150541341630742e-05,4784128000.0,1.3935486288527237e+18,36514.0,2.3075227910182514,2.331236727941232,bin_2
config_493,320,12,20,0.0129365064203739,0.8381062150001526,0.9216985702514648,0.1351104080677032,1.6150541341630742e-05,64,61006.0,2.3282803212956467e+18,7996188672,32808320,16,1.6150541341630742e-05,6383206400.0,1.8580521168783163e+18,48685.0,2.20600386986967,2.2275874313760977,bin_2
config_493,320,12,20,0.0129365064203739,0.8381062150001526,0.9216985702514648,0.1351104080677032,1.6150541341630742e-05,64,61006.0,2.3282803212956467e+18,7996188672,32808320,16,3.05688479652315e-07,7975731200.0,2.322555604903909e+18,60856.0,2.145367926535059,2.1664203088009946,bin_2
config_493,320,12,20,0.0129365064203739,0.8381062150001526,0.9216985702514648,0.1351104080677032,1.6150541341630742e-05,64,61006.0,2.3282803212956467e+18,7996188672,32808320,16,1.1757249217395951e-08,7995392000.0,2.3282803212956467e+18,61006.0,2.14526290139214,2.16627573826274,bin_2
config_494,704,8,22,0.0192013904452323,0.8905170559883118,0.981151819229126,0.1197257116436958,7.17077637091279e-05,32,3072.0,1.316026003539456e+17,201363184,85869696,16,7.17077637091279e-05,101580800.0,6.58013001769728e+16,1536.0,2.739617102888764,2.767955709129083,bin_0
config_494,704,8,22,0.0192013904452323,0.8905170559883118,0.981151819229126,0.1197257116436958,7.17077637091279e-05,32,3072.0,1.316026003539456e+17,201363184,85869696,16,4.298558042509031e-06,199884800.0,1.316026003539456e+17,3072.0,2.4121378958029824,2.436347408451018,bin_0
config_496,576,20,8,0.0018646048847585,0.9377455711364746,0.9597693085670472,0.0149675132706761,0.0014300198527052,128,57301.0,1.4039340380269314e+19,15021277184,108609408,8,0.0014300198527052,1599078400.0,1.4911332359700362e+18,6086.0,1.75216063649928,1.7689977104742018,bin_3
config_496,576,20,8,0.0018646048847585,0.9377455711364746,0.9597693085670472,0.0149675132706761,0.0014300198527052,128,57301.0,1.4039340380269314e+19,15021277184,108609408,8,0.0014300198527052,3185049600.0,2.982021461549673e+18,12171.0,1.666016931748781,1.683783166916644,bin_3
config_496,576,20,8,0.0018646048847585,0.9377455711364746,0.9597693085670472,0.0149675132706761,0.0014300198527052,128,57301.0,1.4039340380269314e+19,15021277184,108609408,8,0.0014300198527052,4784128000.0,4.473154697519709e+18,18257.0,1.6313543470179448,1.6466334971834402,bin_3
config_496,576,20,8,0.0018646048847585,0.9377455711364746,0.9597693085670472,0.0149675132706761,0.0014300198527052,128,57301.0,1.4039340380269314e+19,15021277184,108609408,8,0.0014300198527052,6383206400.0,5.964042923099347e+18,24342.0,1.6110002323252255,1.6260122518070408,bin_3
config_496,576,20,8,0.0018646048847585,0.9377455711364746,0.9597693085670472,0.0149675132706761,0.0014300198527052,128,57301.0,1.4039340380269314e+19,15021277184,108609408,8,0.0014300198527052,7982284800.0,7.455176159069383e+18,30428.0,1.5963004940455077,1.6113016770706805,bin_3
config_496,576,20,8,0.0018646048847585,0.9377455711364746,0.9597693085670472,0.0149675132706761,0.0014300198527052,128,57301.0,1.4039340380269314e+19,15021277184,108609408,8,0.0014300198527052,9568256000.0,8.946309395039418e+18,36514.0,1.584725351372703,1.599619845914059,bin_3
config_496,576,20,8,0.0018646048847585,0.9377455711364746,0.9597693085670472,0.0149675132706761,0.0014300198527052,128,57301.0,1.4039340380269314e+19,15021277184,108609408,8,0.0014300198527052,11167334400.0,1.0437197620619055e+19,42599.0,1.576887117819708,1.5911794853405874,bin_3
config_496,576,20,8,0.0018646048847585,0.9377455711364746,0.9597693085670472,0.0149675132706761,0.0014300198527052,128,57301.0,1.4039340380269314e+19,15021277184,108609408,8,0.0014300198527052,12766412800.0,1.192833085658909e+19,48685.0,1.5706780976154766,1.5842275694354635,bin_3
config_496,576,20,8,0.0018646048847585,0.9377455711364746,0.9597693085670472,0.0149675132706761,0.0014300198527052,128,57301.0,1.4039340380269314e+19,15021277184,108609408,8,0.0014300198527052,14352384000.0,1.341921908216873e+19,54770.0,1.5655382694963549,1.578547028185891,bin_3
config_496,576,20,8,0.0018646048847585,0.9377455711364746,0.9597693085670472,0.0149675132706761,0.0014300198527052,128,57301.0,1.4039340380269314e+19,15021277184,108609408,8,1.6686346005897676e-06,15020851200.0,1.4039340380269314e+19,57301.0,1.5371409955571909,1.549702092760899,bin_3
config_497,256,14,16,0.0012291338061913,0.9117496609687804,0.9832018613815308,0.2638459503650665,0.0016050561098381,64,56440.0,1.7523065920967148e+18,7397720064,24805888,16,0.0016050561098381,1592524800.0,3.778760370731594e+17,12171.0,1.9015482701629889,1.9222659667593531,bin_2
config_497,256,14,16,0.0012291338061913,0.9117496609687804,0.9832018613815308,0.2638459503650665,0.0016050561098381,64,56440.0,1.7523065920967148e+18,7397720064,24805888,16,0.0016050561098381,3191603200.0,7.557520741463188e+17,24342.0,1.8456092569476268,1.865950454414868,bin_2
config_497,256,14,16,0.0012291338061913,0.9117496609687804,0.9832018613815308,0.2638459503650665,0.0016050561098381,64,56440.0,1.7523065920967148e+18,7397720064,24805888,16,0.0016050561098381,4784128000.0,1.1336591584659716e+18,36514.0,1.8215040581343604,1.8413883990537925,bin_2
config_497,256,14,16,0.0012291338061913,0.9117496609687804,0.9832018613815308,0.2638459503650665,0.0016050561098381,64,56440.0,1.7523065920967148e+18,7397720064,24805888,16,0.0008342713242997,6383206400.0,1.5115351955391311e+18,48685.0,1.7859647557383678,1.8049699927939744,bin_2
config_497,256,14,16,0.0012291338061913,0.9117496609687804,0.9832018613815308,0.2638459503650665,0.0016050561098381,64,56440.0,1.7523065920967148e+18,7397720064,24805888,16,4.311479712143388e-06,7392460800.0,1.7523065920967148e+18,56440.0,1.7592938626789656,1.7777659591690438,bin_2
config_498,512,8,16,0.0254929028451442,0.9228127598762512,0.9675859808921814,0.0618723779916763,5.18905908393208e-05,128,51434.0,5.645279900048818e+18,13483129856,53013504,16,5.18905908393208e-05,1599078400.0,6.679856412430903e+17,6086.0,2.252063262384446,2.2753339400447783,bin_3
config_498,512,8,16,0.0254929028451442,0.9228127598762512,0.9675859808921814,0.0618723779916763,5.18905908393208e-05,128,51434.0,5.645279900048818e+18,13483129856,53013504,16,5.18905908393208e-05,3185049600.0,1.3358615247403305e+18,12171.0,2.007003869033251,2.029089072024236,bin_3
config_498,512,8,16,0.0254929028451442,0.9228127598762512,0.9675859808921814,0.0618723779916763,5.18905908393208e-05,128,51434.0,5.645279900048818e+18,13483129856,53013504,16,5.18905908393208e-05,4784128000.0,2.003847165983421e+18,18257.0,1.915394300476449,1.936053680122876,bin_3
config_498,512,8,16,0.0254929028451442,0.9228127598762512,0.9675859808921814,0.0618723779916763,5.18905908393208e-05,128,51434.0,5.645279900048818e+18,13483129856,53013504,16,5.18905908393208e-05,6383206400.0,2.671723049480661e+18,24342.0,1.8667702872635887,1.886368317916745,bin_3
config_498,512,8,16,0.0254929028451442,0.9228127598762512,0.9675859808921814,0.0618723779916763,5.18905908393208e-05,128,51434.0,5.645279900048818e+18,13483129856,53013504,16,5.18905908393208e-05,7982284800.0,3.3397086907237514e+18,30428.0,1.833379409860392,1.8524675427108517,bin_3
config_498,512,8,16,0.0254929028451442,0.9228127598762512,0.9675859808921814,0.0618723779916763,5.18905908393208e-05,128,51434.0,5.645279900048818e+18,13483129856,53013504,16,5.18905908393208e-05,9568256000.0,4.007694331966842e+18,36514.0,1.808754632472992,1.8278977190861936,bin_3
config_498,512,8,16,0.0254929028451442,0.9228127598762512,0.9675859808921814,0.0618723779916763,5.18905908393208e-05,128,51434.0,5.645279900048818e+18,13483129856,53013504,16,5.18905908393208e-05,11167334400.0,4.675570215464082e+18,42599.0,1.7896476181608731,1.8079565885418751,bin_3
config_498,512,8,16,0.0254929028451442,0.9228127598762512,0.9675859808921814,0.0618723779916763,5.18905908393208e-05,128,51434.0,5.645279900048818e+18,13483129856,53013504,16,4.458481312215684e-05,12766412800.0,5.343555856707172e+18,48685.0,1.772820300274208,1.7907456606333374,bin_3
config_498,512,8,16,0.0254929028451442,0.9228127598762512,0.9675859808921814,0.0618723779916763,5.18905908393208e-05,128,51434.0,5.645279900048818e+18,13483129856,53013504,16,5.544563446061888e-07,13474201600.0,5.645279900048818e+18,51434.0,1.7529185734029675,1.7702176574019135,bin_3
config_499,896,20,8,0.0474343113601207,0.9318466782569884,0.9346397519111632,0.2197601050138473,0.0006206760881468,128,45317.0,2.2830459505450942e+19,11879749632,246935808,8,0.0006206760881468,1599078400.0,3.066093884197419e+18,6086.0,1.7072629201998475,1.7250852210209018,bin_3
config_499,896,20,8,0.0474343113601207,0.9318466782569884,0.9346397519111632,0.2197601050138473,0.0006206760881468,128,45317.0,2.2830459505450942e+19,11879749632,246935808,8,0.0006206760881468,3185049600.0,6.131683973803284e+18,12171.0,1.6213273284278933,1.638483774896528,bin_3
config_499,896,20,8,0.0474343113601207,0.9318466782569884,0.9346397519111632,0.2197601050138473,0.0006206760881468,128,45317.0,2.2830459505450942e+19,11879749632,246935808,8,0.0006206760881468,4784128000.0,9.197777858000703e+18,18257.0,1.584805068559334,1.600316024393332,bin_3
config_499,896,20,8,0.0474343113601207,0.9318466782569884,0.9346397519111632,0.2197601050138473,0.0006206760881468,128,45317.0,2.2830459505450942e+19,11879749632,246935808,8,0.0006206760881468,6383206400.0,1.2263367947606569e+19,24342.0,1.564969138356506,1.5794240231982997,bin_3
config_499,896,20,8,0.0474343113601207,0.9318466782569884,0.9346397519111632,0.2197601050138473,0.0006206760881468,128,45317.0,2.2830459505450942e+19,11879749632,246935808,8,0.0006206760881468,7982284800.0,1.5329461831803988e+19,30428.0,1.5505720563403895,1.5647567049401705,bin_3
config_499,896,20,8,0.0474343113601207,0.9318466782569884,0.9346397519111632,0.2197601050138473,0.0006206760881468,128,45317.0,2.2830459505450942e+19,11879749632,246935808,8,0.0005495582515757,9568256000.0,1.8395555716001407e+19,36514.0,1.5323633347573828,1.5466368417075422,bin_3
config_499,896,20,8,0.0474343113601207,0.9318466782569884,0.9346397519111632,0.2197601050138473,0.0006206760881468,128,45317.0,2.2830459505450942e+19,11879749632,246935808,8,0.0001693489587763,11167334400.0,2.1461145805607272e+19,42599.0,1.479324735911166,1.492659659258655,bin_3
config_499,896,20,8,0.0474343113601207,0.9318466782569884,0.9346397519111632,0.2197601050138473,0.0006206760881468,128,45317.0,2.2830459505450942e+19,11879749632,246935808,8,1.0595996684571209e-06,11875123200.0,2.2830459505450942e+19,45317.0,1.4608764797253686,1.4737850703567754,bin_3
config_5,1088,6,16,0.0046641048975288,0.882346510887146,0.917036771774292,0.2977033853530884,0.0046755392104387,32,5346.0,3.5743704595664486e+17,350403808,143287424,16,0.0046755392104387,173670400.0,1.7871852297832243e+17,2673.0,3.2733402851534605,3.304737489298737,bin_0
config_5,1088,6,16,0.0046641048975288,0.882346510887146,0.917036771774292,0.2977033853530884,0.0046755392104387,32,5346.0,3.5743704595664486e+17,350403808,143287424,16,0.0001351821519045,347340800.0,3.5743704595664486e+17,5346.0,3.094616769717565,3.1255770746955336,bin_0
config_50,384,7,16,0.0083937430754303,0.961845874786377,0.9862270355224608,0.057060707360506,1.3525849681172986e-05,64,44638.0,1.4990748068826317e+18,5850817024,31698432,16,1.3525849681172986e-05,1592524800.0,4.087378349067725e+17,12171.0,2.721300595158436,2.7500437769342643,bin_1
config_50,384,7,16,0.0083937430754303,0.961845874786377,0.9862270355224608,0.057060707360506,1.3525849681172986e-05,64,44638.0,1.4990748068826317e+18,5850817024,31698432,16,1.3525849681172986e-05,3191603200.0,8.17475669813545e+17,24342.0,2.4469614597226754,2.473474326759088,bin_1
config_50,384,7,16,0.0083937430754303,0.961845874786377,0.9862270355224608,0.057060707360506,1.3525849681172986e-05,64,44638.0,1.4990748068826317e+18,5850817024,31698432,16,1.3525849681172986e-05,4784128000.0,1.2262470876498145e+18,36514.0,2.2499542754204547,2.273236949052967,bin_1
config_50,384,7,16,0.0083937430754303,0.961845874786377,0.9862270355224608,0.057060707360506,1.3525849681172986e-05,64,44638.0,1.4990748068826317e+18,5850817024,31698432,16,2.0179909222009305e-07,5845811200.0,1.4990748068826317e+18,44638.0,2.1812727182419573,2.203814510009328,bin_1
config_500,384,20,24,0.0013248142786324,0.8208386301994324,0.9900239706039428,0.0253468584269285,1.0995965567417444e-05,64,34730.0,2.35312509160312e+18,4552216576,54711552,16,1.0995965567417444e-05,1592524800.0,8.246439818572294e+17,12171.0,2.741060628500141,2.7696691439581698,bin_2
config_500,384,20,24,0.0013248142786324,0.8208386301994324,0.9900239706039428,0.0253468584269285,1.0995965567417444e-05,64,34730.0,2.35312509160312e+18,4552216576,54711552,16,1.0995965567417444e-05,3191603200.0,1.649287963714459e+18,24342.0,2.4802871537990256,2.507848753616458,bin_2
config_500,384,20,24,0.0013248142786324,0.8208386301994324,0.9900239706039428,0.0253468584269285,1.0995965567417444e-05,64,34730.0,2.35312509160312e+18,4552216576,54711552,16,3.74862462525595e-07,4548198400.0,2.35312509160312e+18,34730.0,2.3000625974623885,2.324859883941588,bin_2
config_501,1088,21,16,0.1493234634399414,0.8486040234565735,0.956749677658081,0.2494333833456039,2.0085284631932158e-05,32,3790.0,6.83159634506539e+17,248446016,364749824,8,2.0085284631932158e-05,124518400.0,3.415798172532695e+17,1895.0,2.812348345928505,2.84183452043377,bin_1
config_501,1088,21,16,0.1493234634399414,0.8486040234565735,0.956749677658081,0.2494333833456039,2.0085284631932158e-05,32,3790.0,6.83159634506539e+17,248446016,364749824,8,8.501707780712029e-07,245760000.0,6.83159634506539e+17,3790.0,2.5705614512670234,2.5973380567792987,bin_1
config_502,960,21,16,0.0581918284296989,0.856961190700531,0.9302119612693788,0.1407425552606582,0.0087657710537314,64,50689.0,1.4473827382111764e+19,6643920896,280550400,8,0.0087657710537314,1592524800.0,3.4753290273566705e+18,12171.0,3.776884640552959,3.7995936888163206,bin_3
config_502,960,21,16,0.0581918284296989,0.856961190700531,0.9302119612693788,0.1407425552606582,0.0087657710537314,64,50689.0,1.4473827382111764e+19,6643920896,280550400,8,0.0087657710537314,3191603200.0,6.950658054713341e+18,24342.0,3.946416296294478,4.004477482584656,bin_3
config_502,960,21,16,0.0581918284296989,0.856961190700531,0.9302119612693788,0.1407425552606582,0.0087657710537314,64,50689.0,1.4473827382111764e+19,6643920896,280550400,8,0.0087657710537314,4784128000.0,1.04262726238519e+19,36514.0,3.7346544187967896,3.70985924142306,bin_3
config_502,960,21,16,0.0581918284296989,0.856961190700531,0.9302119612693788,0.1407425552606582,0.0087657710537314,64,50689.0,1.4473827382111764e+19,6643920896,280550400,8,0.0024439471020285,6383206400.0,1.390160165120857e+19,48685.0,3.415372061729431,3.4510963495832976,bin_3
config_502,960,21,16,0.0581918284296989,0.856961190700531,0.9302119612693788,0.1407425552606582,0.0087657710537314,64,50689.0,1.4473827382111764e+19,6643920896,280550400,8,4.792053141232551e-05,6638796800.0,1.4473827382111764e+19,50689.0,3.3223104588321,3.3574473172719363,bin_3
config_503,960,14,24,0.0011783193331211,0.9354840517044068,0.936651647090912,0.0170160233974456,0.0016353050014004,64,55740.0,1.1316020856729108e+19,7305986048,203122560,8,0.0016353050014004,1592524800.0,2.4708878695236813e+18,12171.0,1.7068552947044373,1.725150036166926,bin_3
config_503,960,14,24,0.0011783193331211,0.9354840517044068,0.936651647090912,0.0170160233974456,0.0016353050014004,64,55740.0,1.1316020856729108e+19,7305986048,203122560,8,0.0016353050014004,3191603200.0,4.941775739047363e+18,24342.0,1.6353828520266736,1.6522984807999408,bin_3
config_503,960,14,24,0.0011783193331211,0.9354840517044068,0.936651647090912,0.0170160233974456,0.0016353050014004,64,55740.0,1.1316020856729108e+19,7305986048,203122560,8,0.0016353050014004,4784128000.0,7.412866622938763e+18,36514.0,1.6035161834075802,1.6185010168982334,bin_3
config_503,960,14,24,0.0011783193331211,0.9354840517044068,0.936651647090912,0.0170160233974456,0.0016353050014004,64,55740.0,1.1316020856729108e+19,7305986048,203122560,8,0.0016353050014004,6383206400.0,9.883754492462445e+18,48685.0,1.5839831445647068,1.5981943343506484,bin_3
config_503,960,14,24,0.0011783193331211,0.9354840517044068,0.936651647090912,0.0170160233974456,0.0016353050014004,64,55740.0,1.1316020856729108e+19,7305986048,203122560,8,6.900021102955304e-05,7300710400.0,1.1316020856729108e+19,55740.0,1.5378115231287284,1.5516376215121783,bin_3
config_504,640,24,20,0.0013615739298984,0.924587607383728,0.902468740940094,0.18942691385746,0.0011440513189882,32,5434.0,4.63720549920768e+17,356178560,154105600,8,0.0011440513189882,176947200.0,2.31860274960384e+17,2717.0,2.2233802199949984,2.2449217378116044,bin_0
config_504,640,24,20,0.0013615739298984,0.924587607383728,0.902468740940094,0.18942691385746,0.0011440513189882,32,5434.0,4.63720549920768e+17,356178560,154105600,8,3.780150130767643e-05,353894400.0,4.63720549920768e+17,5434.0,1.9820915942113908,2.002840389189173,bin_0
config_505,960,16,16,0.0558501966297626,0.868812084197998,0.9611580967903136,0.2147871255874633,5.991202124278061e-05,64,23967.0,5.430967598975386e+18,3141528320,225244800,8,5.991202124278061e-05,1592524800.0,2.757971654655544e+18,12171.0,1.8212604682758209,1.8405459558768351,bin_3
config_505,960,16,16,0.0558501966297626,0.868812084197998,0.9611580967903136,0.2147871255874633,5.991202124278061e-05,64,23967.0,5.430967598975386e+18,3141528320,225244800,8,1.978831088259736e-07,3139174400.0,5.430967598975386e+18,23967.0,1.6882149705925926,1.70644366971782,bin_3
config_506,832,9,16,0.1190796643495559,0.8746420741081238,0.9713238477706908,0.0159573554992675,2.262823909404688e-05,128,60855.0,1.4279055139301622e+19,15952993280,118523392,16,2.262823909404688e-05,1599078400.0,1.428022834241881e+18,6086.0,2.3828849647084223,2.4071547301480027,bin_3
config_506,832,9,16,0.1190796643495559,0.8746420741081238,0.9713238477706908,0.0159573554992675,2.262823909404688e-05,128,60855.0,1.4279055139301622e+19,15952993280,118523392,16,2.262823909404688e-05,3185049600.0,2.8558110278603244e+18,12171.0,2.050693699336443,2.07206426952706,bin_3
config_506,832,9,16,0.1190796643495559,0.8746420741081238,0.9713238477706908,0.0159573554992675,2.262823909404688e-05,128,60855.0,1.4279055139301622e+19,15952993280,118523392,16,2.262823909404688e-05,4784128000.0,4.283833862102205e+18,18257.0,1.9351888023439,1.953481102302426,bin_3
config_506,832,9,16,0.1190796643495559,0.8746420741081238,0.9713238477706908,0.0159573554992675,2.262823909404688e-05,128,60855.0,1.4279055139301622e+19,15952993280,118523392,16,2.262823909404688e-05,6383206400.0,5.711622055720649e+18,24342.0,1.8695714201301823,1.8874727785001035,bin_3
config_506,832,9,16,0.1190796643495559,0.8746420741081238,0.9713238477706908,0.0159573554992675,2.262823909404688e-05,128,60855.0,1.4279055139301622e+19,15952993280,118523392,16,2.262823909404688e-05,7982284800.0,7.13964488996253e+18,30428.0,1.8261084213022325,1.843442762796996,bin_3
config_506,832,9,16,0.1190796643495559,0.8746420741081238,0.9713238477706908,0.0159573554992675,2.262823909404688e-05,128,60855.0,1.4279055139301622e+19,15952993280,118523392,16,2.262823909404688e-05,9568256000.0,8.567667724204411e+18,36514.0,1.7929608354021291,1.8104817149678212,bin_3
config_506,832,9,16,0.1190796643495559,0.8746420741081238,0.9713238477706908,0.0159573554992675,2.262823909404688e-05,128,60855.0,1.4279055139301622e+19,15952993280,118523392,16,2.262823909404688e-05,11167334400.0,9.995455917822851e+18,42599.0,1.7677881420244936,1.784962863609439,bin_3
config_506,832,9,16,0.1190796643495559,0.8746420741081238,0.9713238477706908,0.0159573554992675,2.262823909404688e-05,128,60855.0,1.4279055139301622e+19,15952993280,118523392,16,2.262823909404688e-05,12766412800.0,1.1423478752064735e+19,48685.0,1.7479998925474824,1.7645110605192966,bin_3
config_506,832,9,16,0.1190796643495559,0.8746420741081238,0.9713238477706908,0.0159573554992675,2.262823909404688e-05,128,60855.0,1.4279055139301622e+19,15952993280,118523392,16,2.262823909404688e-05,14352384000.0,1.285126694568318e+19,54770.0,1.7327735195785272,1.74715678613694,bin_3
config_506,832,9,16,0.1190796643495559,0.8746420741081238,0.9713238477706908,0.0159573554992675,2.262823909404688e-05,128,60855.0,1.4279055139301622e+19,15952993280,118523392,16,1.1652028369745928e-07,15951462400.0,1.4279055139301622e+19,60855.0,1.7042028332929142,1.7185645658070925,bin_3
config_507,768,18,24,0.0114987380802631,0.8275234699249268,0.9063839316368104,0.2512412667274475,0.0002540716959629,64,8404.0,1.4714835257604833e+18,1101552512,166043136,8,0.0002540716959629,550502400.0,7.357417628802417e+17,4202.0,1.9444844621713044,1.9637271500610916,bin_1
config_507,768,18,24,0.0114987380802631,0.8275234699249268,0.9063839316368104,0.2512412667274475,0.0002540716959629,64,8404.0,1.4714835257604833e+18,1101552512,166043136,8,4.814243410003103e-07,1101004800.0,1.4714835257604833e+18,8404.0,1.7769995500220628,1.795355307489145,bin_1
config_508,512,19,8,0.0050425971858203,0.9701493382453918,0.909663736820221,0.0640771389007568,0.0026841617655009,128,41335.0,8.473930719433851e+18,10835900416,90511360,8,0.0026841617655009,1599078400.0,1.2476676511061914e+18,6086.0,1.789823573339181,1.809120088307584,bin_3
config_508,512,19,8,0.0050425971858203,0.9701493382453918,0.909663736820221,0.0640771389007568,0.0026841617655009,128,41335.0,8.473930719433851e+18,10835900416,90511360,8,0.0026841617655009,3185049600.0,2.495130296025872e+18,12171.0,1.7119309345620577,1.7299330883143378,bin_3
config_508,512,19,8,0.0050425971858203,0.9701493382453918,0.909663736820221,0.0640771389007568,0.0026841617655009,128,41335.0,8.473930719433851e+18,10835900416,90511360,8,0.0026841617655009,4784128000.0,3.742797947132063e+18,18257.0,1.6793369417698656,1.694946941567249,bin_3
config_508,512,19,8,0.0050425971858203,0.9701493382453918,0.909663736820221,0.0640771389007568,0.0026841617655009,128,41335.0,8.473930719433851e+18,10835900416,90511360,8,0.0026841617655009,6383206400.0,4.990260592051744e+18,24342.0,1.659240809620404,1.675047235508434,bin_3
config_508,512,19,8,0.0050425971858203,0.9701493382453918,0.909663736820221,0.0640771389007568,0.0026841617655009,128,41335.0,8.473930719433851e+18,10835900416,90511360,8,0.0026841617655009,7982284800.0,6.237928243157934e+18,30428.0,1.6444355260544137,1.6602005188191524,bin_3
config_508,512,19,8,0.0050425971858203,0.9701493382453918,0.909663736820221,0.0640771389007568,0.0026841617655009,128,41335.0,8.473930719433851e+18,10835900416,90511360,8,0.0026841617655009,9568256000.0,7.485595894264125e+18,36514.0,1.6350626703168525,1.649357650827189,bin_3
config_508,512,19,8,0.0050425971858203,0.9701493382453918,0.909663736820221,0.0640771389007568,0.0026841617655009,128,41335.0,8.473930719433851e+18,10835900416,90511360,8,3.547796895488368e-05,10826547200.0,8.473930719433851e+18,41335.0,1.5835713394938922,1.5973091006474416,bin_3
config_509,768,5,24,0.008763643912971,0.9857308864593506,0.9491299390792848,0.2453163862228393,1.279683601751458e-05,32,3260.0,1.1504566806714778e+17,213686656,74010624,16,1.279683601751458e-05,108134400.0,5.752283403357389e+16,1630.0,3.4305638339871267,3.4677743545125743,bin_0
config_509,768,5,24,0.008763643912971,0.9857308864593506,0.9491299390792848,0.2453163862228393,1.279683601751458e-05,32,3260.0,1.1504566806714778e+17,213686656,74010624,16,1.6016065103272285e-07,212992000.0,1.1504566806714778e+17,3260.0,3.0992642882612884,3.1323021872317205,bin_0
config_511,704,15,8,0.0600347109138965,0.9757289886474608,0.9846251606941224,0.2302553355693817,0.0001168762682937,64,65917.0,8.98211787163435e+18,8639989760,130034432,8,0.0001168762682937,1592524800.0,1.6584698426151324e+18,12171.0,1.8003875576668098,1.819506286480388,bin_3
config_511,704,15,8,0.0600347109138965,0.9757289886474608,0.9846251606941224,0.2302553355693817,0.0001168762682937,64,65917.0,8.98211787163435e+18,8639989760,130034432,8,0.0001168762682937,3191603200.0,3.316939685230265e+18,24342.0,1.699244529419258,1.717311203675192,bin_3
config_511,704,15,8,0.0600347109138965,0.9757289886474608,0.9846251606941224,0.2302553355693817,0.0001168762682937,64,65917.0,8.98211787163435e+18,8639989760,130034432,8,0.0001168762682937,4784128000.0,4.975545791902797e+18,36514.0,1.6546696744785934,1.6706580667222133,bin_3
config_511,704,15,8,0.0600347109138965,0.9757289886474608,0.9846251606941224,0.2302553355693817,0.0001168762682937,64,65917.0,8.98211787163435e+18,8639989760,130034432,8,0.0001168762682937,6383206400.0,6.634015634517929e+18,48685.0,1.627723063406397,1.642933189829842,bin_3
config_511,704,15,8,0.0600347109138965,0.9757289886474608,0.9846251606941224,0.2302553355693817,0.0001168762682937,64,65917.0,8.98211787163435e+18,8639989760,130034432,8,3.902036314450954e-05,7975731200.0,8.292485477133062e+18,60856.0,1.5787693967584704,1.5940651186372412,bin_3
config_511,704,15,8,0.0600347109138965,0.9757289886474608,0.9846251606941224,0.2302553355693817,0.0001168762682937,64,65917.0,8.98211787163435e+18,8639989760,130034432,8,1.3091497403920258e-07,8637644800.0,8.98211787163435e+18,65917.0,1.5615358593229387,1.5780556607637248,bin_3
config_512,1024,18,16,0.006664571352303,0.9015079140663148,0.9228784441947936,0.1720050871372223,0.0008505224832333,64,40814.0,1.1497086190551564e+19,5349590016,282732544,8,0.0008505224832333,1592524800.0,3.4285058074485e+18,12171.0,1.7059159534876465,1.7235952979033111,bin_3
config_512,1024,18,16,0.006664571352303,0.9015079140663148,0.9228784441947936,0.1720050871372223,0.0008505224832333,64,40814.0,1.1497086190551564e+19,5349590016,282732544,8,0.0008505224832333,3191603200.0,6.857011614897e+18,24342.0,1.6329949209533754,1.6495494346149633,bin_3
config_512,1024,18,16,0.006664571352303,0.9015079140663148,0.9228784441947936,0.1720050871372223,0.0008505224832333,64,40814.0,1.1497086190551564e+19,5349590016,282732544,8,0.0005226715089271,4784128000.0,1.0285799117013764e+19,36514.0,1.5726666249408097,1.587588035239548,bin_3
config_512,1024,18,16,0.006664571352303,0.9015079140663148,0.9228784441947936,0.1720050871372223,0.0008505224832333,64,40814.0,1.1497086190551564e+19,5349590016,282732544,8,1.6961986845109335e-06,5347737600.0,1.1497086190551564e+19,40814.0,1.5261241042223133,1.5404235301056846,bin_3
config_513,1152,11,18,0.021796291694045,0.969523549079895,0.9008085131645204,0.0923496559262275,8.231047831941396e-05,32,13146.0,1.4733275168296305e+18,861590976,233123328,8,8.231047831941396e-05,429260800.0,7.366637584148152e+17,6573.0,1.9892329224797547,2.0093229629563503,bin_1
config_513,1152,11,18,0.021796291694045,0.969523549079895,0.9008085131645204,0.0923496559262275,8.231047831941396e-05,32,13146.0,1.4733275168296305e+18,861590976,233123328,8,3.1188484371441963e-06,858521600.0,1.4733275168296305e+18,13146.0,1.812428330749762,1.8319088876638256,bin_1
config_514,256,8,16,0.0012891307706013,0.8309714198112488,0.9680466055870056,0.1736661791801452,0.0050509767606854,32,4680.0,5.167381979539046e+16,306757696,19691008,16,0.0050509767606854,154009600.0,2.583690989769523e+16,2340.0,2.360697144445826,2.3844275431554824,bin_0
config_514,256,8,16,0.0012891307706013,0.8309714198112488,0.9680466055870056,0.1736661791801452,0.0050509767606854,32,4680.0,5.167381979539046e+16,306757696,19691008,16,0.0001866124418972,304742400.0,5.167381979539046e+16,4680.0,2.116307212602897,2.1378224779738755,bin_0
config_515,448,15,4,0.0596547536551952,0.8705202341079712,0.9955307841300964,0.247731551527977,0.0096232360228896,64,18608.0,1.2862969305351782e+18,2439043840,60385024,16,0.0096232360228896,1592524800.0,8.413327569617183e+17,12171.0,3.5714784694890507,3.607741241142398,bin_1
config_515,448,15,4,0.0596547536551952,0.8705202341079712,0.9955307841300964,0.247731551527977,0.0096232360228896,64,18608.0,1.2862969305351782e+18,2439043840,60385024,16,1.6703382118272644e-05,2437939200.0,1.2862969305351782e+18,18608.0,3.4555278299675614,3.4919348133587444,bin_1
config_516,384,4,8,0.0129207363352179,0.8981428742408752,0.9680227041244508,0.2702667117118835,0.0039954590611159,32,10996.0,1.4128544144469197e+17,720644544,26387712,16,0.0039954590611159,360448000.0,7.064272072234598e+16,5498.0,2.1194784481408164,2.139887363676165,bin_0
config_516,384,4,8,0.0129207363352179,0.8981428742408752,0.9680227041244508,0.2702667117118835,0.0039954590611159,32,10996.0,1.4128544144469197e+17,720644544,26387712,16,6.186170205699573e-05,717619200.0,1.4128544144469197e+17,10996.0,1.9616957662144645,1.9813222605673992,bin_0
config_517,640,19,20,0.0386167988181114,0.8629231452941895,0.9456698894500732,0.2195897996425628,5.999744462314993e-05,64,20985.0,2.945616541340467e+18,2750551808,128704000,8,5.999744462314993e-05,1592524800.0,1.7084154836623695e+18,12171.0,1.9183474194026384,1.9386684395446152,bin_2
config_517,640,19,20,0.0386167988181114,0.8629231452941895,0.9456698894500732,0.2195897996425628,5.999744462314993e-05,64,20985.0,2.945616541340467e+18,2750551808,128704000,8,4.557097573372956e-07,2745958400.0,2.945616541340467e+18,20985.0,1.7925056142494329,1.8120944773955423,bin_2
config_518,832,5,16,0.0101413028314709,0.8071586489677429,0.9132411479949952,0.1607573926448822,1.3125815712555776e-05,128,57192.0,9.127754706605704e+18,14992796672,84438016,16,1.3125815712555776e-05,1599078400.0,9.713161831095662e+17,6086.0,2.697035654880961,2.725491228885338,bin_3
config_518,832,5,16,0.0101413028314709,0.8071586489677429,0.9132411479949952,0.1607573926448822,1.3125815712555776e-05,128,57192.0,9.127754706605704e+18,14992796672,84438016,16,1.3125815712555776e-05,3185049600.0,1.942472767766436e+18,12171.0,2.3154373995984185,2.3395534389136268,bin_3
config_518,832,5,16,0.0101413028314709,0.8071586489677429,0.9132411479949952,0.1607573926448822,1.3125815712555776e-05,128,57192.0,9.127754706605704e+18,14992796672,84438016,16,1.3125815712555776e-05,4784128000.0,2.9137889508760023e+18,18257.0,2.1614162818721083,2.183667959932421,bin_3
config_518,832,5,16,0.0101413028314709,0.8071586489677429,0.9132411479949952,0.1607573926448822,1.3125815712555776e-05,128,57192.0,9.127754706605704e+18,14992796672,84438016,16,1.3125815712555776e-05,6383206400.0,3.884945535532872e+18,24342.0,2.075141333595651,2.0961198828650303,bin_3
config_518,832,5,16,0.0101413028314709,0.8071586489677429,0.9132411479949952,0.1607573926448822,1.3125815712555776e-05,128,57192.0,9.127754706605704e+18,14992796672,84438016,16,1.3125815712555776e-05,7982284800.0,4.856261718642438e+18,30428.0,2.020319307710304,2.041132229234352,bin_3
config_518,832,5,16,0.0101413028314709,0.8071586489677429,0.9132411479949952,0.1607573926448822,1.3125815712555776e-05,128,57192.0,9.127754706605704e+18,14992796672,84438016,16,1.3125815712555776e-05,9568256000.0,5.827577901752005e+18,36514.0,1.9789853526725143,2.001099558462862,bin_3
config_518,832,5,16,0.0101413028314709,0.8071586489677429,0.9132411479949952,0.1607573926448822,1.3125815712555776e-05,128,57192.0,9.127754706605704e+18,14992796672,84438016,16,1.3125815712555776e-05,11167334400.0,6.798734486408875e+18,42599.0,1.947582182923301,1.9694910440679456,bin_3
config_518,832,5,16,0.0101413028314709,0.8071586489677429,0.9132411479949952,0.1607573926448822,1.3125815712555776e-05,128,57192.0,9.127754706605704e+18,14992796672,84438016,16,1.212360528943046e-05,12766412800.0,7.77005066951844e+18,48685.0,1.9221227914778916,1.943881962924707,bin_3
config_518,832,5,16,0.0101413028314709,0.8071586489677429,0.9132411479949952,0.1607573926448822,1.3125815712555776e-05,128,57192.0,9.127754706605704e+18,14992796672,84438016,16,3.486321728307724e-06,14352384000.0,8.741207254175311e+18,54770.0,1.9086197812049115,1.923747187716062,bin_3
config_518,832,5,16,0.0101413028314709,0.8071586489677429,0.9132411479949952,0.1607573926448822,1.3125815712555776e-05,128,57192.0,9.127754706605704e+18,14992796672,84438016,16,5.996130736647197e-08,14981529600.0,9.127754706605704e+18,57192.0,1.904591223685468,1.919738959679838,bin_3
config_519,1152,18,18,0.0324112400412559,0.8759667873382568,0.997452974319458,0.1324141919612884,3.013485184055753e-05,64,39627.0,1.3385494797305903e+19,5194116608,344616192,8,3.013485184055753e-05,1592524800.0,4.111208448229999e+18,12171.0,1.8707707072281448,1.8903418321101395,bin_3
config_519,1152,18,18,0.0324112400412559,0.8759667873382568,0.997452974319458,0.1324141919612884,3.013485184055753e-05,64,39627.0,1.3385494797305903e+19,5194116608,344616192,8,3.013485184055753e-05,3191603200.0,8.222416896459998e+18,24342.0,1.7291772857064107,1.7484139828603775,bin_3
config_519,1152,18,18,0.0324112400412559,0.8759667873382568,0.997452974319458,0.1324141919612884,3.013485184055753e-05,64,39627.0,1.3385494797305903e+19,5194116608,344616192,8,1.7959154127200954e-05,4784128000.0,1.2333963131925903e+19,36514.0,1.6541003427935428,1.6706730360867548,bin_3
config_519,1152,18,18,0.0324112400412559,0.8759667873382568,0.997452974319458,0.1324141919612884,3.013485184055753e-05,64,39627.0,1.3385494797305903e+19,5194116608,344616192,8,1.55067848236145e-07,5190451200.0,1.3385494797305903e+19,39627.0,1.6325785058639088,1.6489557510125832,bin_3
config_52,832,10,16,0.0011477335356175,0.8643050193786621,0.9115625619888306,0.1769309937953949,0.0090134851634502,64,32087.0,4.065471779085091e+18,4205794304,127044736,16,0.0090134851634502,1592524800.0,1.542084240447678e+18,12171.0,3.180823878694753,3.2136086459238022,bin_2
config_52,832,10,16,0.0011477335356175,0.8643050193786621,0.9115625619888306,0.1769309937953949,0.0090134851634502,64,32087.0,4.065471779085091e+18,4205794304,127044736,16,0.0090134851634502,3191603200.0,3.084168480895356e+18,24342.0,2.893516005922536,2.9161645245161214,bin_2
config_52,832,10,16,0.0011477335356175,0.8643050193786621,0.9115625619888306,0.1769309937953949,0.0090134851634502,64,32087.0,4.065471779085091e+18,4205794304,127044736,16,5.874563168005269e-05,4200857600.0,4.065471779085091e+18,32087.0,2.6520143782506223,2.680109145367732,bin_2
config_520,384,4,12,0.0021800042595714,0.9720236659049988,0.9543788433074952,0.2211609035730362,0.0003733811026904,128,58746.0,3.019249139311706e+18,15400068096,26387712,16,0.0003733811026904,1599078400.0,3.1278981142292314e+17,6086.0,1.9923512807439585,2.0140781754353005,bin_2
config_520,384,4,12,0.0021800042595714,0.9720236659049988,0.9543788433074952,0.2211609035730362,0.0003733811026904,128,58746.0,3.019249139311706e+18,15400068096,26387712,16,0.0003733811026904,3185049600.0,6.255282278719023e+17,12171.0,1.904076623955711,1.9254308072465365,bin_2
config_520,384,4,12,0.0021800042595714,0.9720236659049988,0.9543788433074952,0.2211609035730362,0.0003733811026904,128,58746.0,3.019249139311706e+18,15400068096,26387712,16,0.0003733811026904,4784128000.0,9.383180392948256e+17,18257.0,1.8704688402472949,1.8897500130387603,bin_2
config_520,384,4,12,0.0021800042595714,0.9720236659049988,0.9543788433074952,0.2211609035730362,0.0003733811026904,128,58746.0,3.019249139311706e+18,15400068096,26387712,16,0.0003733811026904,6383206400.0,1.251056455743805e+18,24342.0,1.8522369138530044,1.8707474207096413,bin_2
config_520,384,4,12,0.0021800042595714,0.9720236659049988,0.9543788433074952,0.2211609035730362,0.0003733811026904,128,58746.0,3.019249139311706e+18,15400068096,26387712,16,0.0003733811026904,7982284800.0,1.563846267166728e+18,30428.0,1.838822542761193,1.8576468690496977,bin_2
config_520,384,4,12,0.0021800042595714,0.9720236659049988,0.9543788433074952,0.2211609035730362,0.0003733811026904,128,58746.0,3.019249139311706e+18,15400068096,26387712,16,0.0003733811026904,9568256000.0,1.8766360785896512e+18,36514.0,1.8270147531149816,1.8481156613787664,bin_2
config_520,384,4,12,0.0021800042595714,0.9720236659049988,0.9543788433074952,0.2211609035730362,0.0003733811026904,128,58746.0,3.019249139311706e+18,15400068096,26387712,16,0.0003733811026904,11167334400.0,2.18937449503863e+18,42599.0,1.8193231921508664,1.8404002918180875,bin_2
config_520,384,4,12,0.0021800042595714,0.9720236659049988,0.9543788433074952,0.2211609035730362,0.0003733811026904,128,58746.0,3.019249139311706e+18,15400068096,26387712,16,0.0002887150983396,12766412800.0,2.502164306461553e+18,48685.0,1.8067306562720755,1.827577048911423,bin_2
config_520,384,4,12,0.0021800042595714,0.9720236659049988,0.9543788433074952,0.2211609035730362,0.0003733811026904,128,58746.0,3.019249139311706e+18,15400068096,26387712,16,0.0001148422788139,14352384000.0,2.8149027229105326e+18,54770.0,1.7961369012222916,1.806888711217974,bin_2
config_520,384,4,12,0.0021800042595714,0.9720236659049988,0.9543788433074952,0.2211609035730362,0.0003733811026904,128,58746.0,3.019249139311706e+18,15400068096,26387712,16,1.322008214575286e-06,15387852800.0,3.019249139311706e+18,58746.0,1.7851514480543915,1.7963666548885282,bin_2
config_523,256,19,8,0.054744079709053,0.926685631275177,0.9812597632408142,0.1486766338348388,0.0003829843190032,64,9669.0,3.724574850318336e+17,1267347200,29068288,16,0.0003829843190032,635699200.0,1.8620948212264803e+17,4834.0,2.027618043930804,2.048288140101511,bin_0
config_523,256,19,8,0.054744079709053,0.926685631275177,0.9812597632408142,0.1486766338348388,0.0003829843190032,64,9669.0,3.724574850318336e+17,1267347200,29068288,16,5.063814934629573e-06,1264844800.0,3.724574850318336e+17,9669.0,1.875389557275616,1.8950833924871977,bin_0
config_524,1024,17,16,0.0870832055807113,0.8135992884635925,0.9210616946220398,0.0444895699620246,5.0453916628612205e-05,64,51842.0,1.3909077780039991e+19,6795136512,269885440,8,5.0453916628612205e-05,1592524800.0,3.265448587262581e+18,12171.0,1.859682795981892,1.879376890542077,bin_3
config_524,1024,17,16,0.0870832055807113,0.8135992884635925,0.9210616946220398,0.0444895699620246,5.0453916628612205e-05,64,51842.0,1.3909077780039991e+19,6795136512,269885440,8,5.0453916628612205e-05,3191603200.0,6.530897174525162e+18,24342.0,1.7343798512318096,1.7531869256301005,bin_3
config_524,1024,17,16,0.0870832055807113,0.8135992884635925,0.9210616946220398,0.0444895699620246,5.0453916628612205e-05,64,51842.0,1.3909077780039991e+19,6795136512,269885440,8,5.0453916628612205e-05,4784128000.0,9.79661405926431e+18,36514.0,1.6767921600576308,1.6930257690929975,bin_3
config_524,1024,17,16,0.0870832055807113,0.8135992884635925,0.9210616946220398,0.0444895699620246,5.0453916628612205e-05,64,51842.0,1.3909077780039991e+19,6795136512,269885440,8,5.0453916628612205e-05,6383206400.0,1.306206264652689e+19,48685.0,1.6411887636536455,1.65628883678405,bin_3
config_524,1024,17,16,0.0870832055807113,0.8135992884635925,0.9210616946220398,0.0444895699620246,5.0453916628612205e-05,64,51842.0,1.3909077780039991e+19,6795136512,269885440,8,9.189351684309208e-07,6789529600.0,1.3909077780039991e+19,51842.0,1.6056494974699176,1.6207000162171536,bin_3
config_525,832,5,8,0.0139867914840579,0.8149358034133911,0.9973348379135132,0.187633991241455,7.431998528772965e-05,64,14767.0,1.178452979582681e+18,1935668352,84438016,16,7.021494638916552e-05,1592524800.0,9.71284026173279e+17,12171.0,1.882846730302592,1.903569682699735,bin_1
config_525,832,5,8,0.0139867914840579,0.8149358034133911,0.9973348379135132,0.187633991241455,7.431998528772965e-05,64,14767.0,1.178452979582681e+18,1935668352,84438016,16,4.561154331737859e-07,1933312000.0,1.178452979582681e+18,14767.0,1.8372029729749333,1.8575089197471493,bin_1
config_527,512,22,16,0.0015504432376474,0.9185720682144164,0.9741712808609008,0.1314922571182251,2.356519325985573e-05,64,21682.0,2.504042057697067e+18,2841904384,100738048,8,2.356519325985573e-05,1592524800.0,1.405621985251868e+18,12171.0,2.2036102933180137,2.227075411081314,bin_2
config_527,512,22,16,0.0015504432376474,0.9185720682144164,0.9741712808609008,0.1314922571182251,2.356519325985573e-05,64,21682.0,2.504042057697067e+18,2841904384,100738048,8,2.644988370099574e-07,2837708800.0,2.504042057697067e+18,21682.0,1.9925903581595807,2.0143409157581016,bin_2
config_528,384,17,24,0.0144912954419851,0.8312855362892151,0.9103177785873412,0.1698274612426757,7.474860467482358e-05,32,4457.0,1.3342396118851584e+17,292111808,49400832,16,7.474860467482358e-05,147456000.0,6.669701268297359e+16,2228.0,2.8328276321536205,2.861921151739652,bin_0
config_528,384,17,24,0.0144912954419851,0.8312855362892151,0.9103177785873412,0.1698274612426757,7.474860467482358e-05,32,4457.0,1.3342396118851584e+17,292111808,49400832,16,6.921167099520727e-07,291635200.0,1.3342396118851584e+17,4457.0,2.583990934207791,2.6112843941860517,bin_0
config_529,896,14,14,0.0354368835687637,0.912324607372284,0.9951472282409668,0.1012118011713028,9.96192466118373e-05,64,8404.0,1.5711899239492485e+18,1101550336,186369792,8,9.96192466118373e-05,550502400.0,7.855949619746243e+17,4202.0,1.95958343861533,1.9799552798271176,bin_1
config_529,896,14,14,0.0354368835687637,0.912324607372284,0.9951472282409668,0.1012118011713028,9.96192466118373e-05,64,8404.0,1.5711899239492485e+18,1101550336,186369792,8,4.6879645464393193e-07,1101004800.0,1.5711899239492485e+18,8404.0,1.7878265922968506,1.8073555061856252,bin_1
config_53,448,10,8,0.0153968902304768,0.8785185217857361,0.9309005737304688,0.0467038415372371,0.0077679315581917,32,14803.0,3.847898370160804e+17,970140224,47764864,16,0.0077679315581917,484966400.0,1.9238192148591578e+17,7401.0,2.993467843180797,3.0228305368736144,bin_0
config_53,448,10,8,0.0153968902304768,0.8785185217857361,0.9309005737304688,0.0467038415372371,0.0077679315581917,32,14803.0,3.847898370160804e+17,970140224,47764864,16,3.372473903701188e-05,969932800.0,3.847898370160804e+17,14803.0,2.675273383015492,2.704319943756354,bin_0
config_530,576,19,6,0.0052441013976931,0.8492331504821777,0.9935017824172974,0.2893713414669037,0.0004991202731616,64,12573.0,1.4776109067246797e+18,1648040320,104626944,8,5.803405045282865e-05,1592524800.0,1.430366845283232e+18,12171.0,1.6898862449067538,1.7068766261710495,bin_1
config_530,576,19,6,0.0052441013976931,0.8492331504821777,0.9935017824172974,0.2893713414669037,0.0004991202731616,64,12573.0,1.4776109067246797e+18,1648040320,104626944,8,3.155515745662126e-06,1644953600.0,1.4776109067246797e+18,12573.0,1.6856691028251023,1.7025535806866945,bin_1
config_531,448,11,4,0.0270210187882184,0.863174319267273,0.9720531105995178,0.1728066354990005,0.0001456454483559,128,56690.0,6.282991197178429e+18,14861063168,50288896,16,0.0001456454483559,1599078400.0,6.74515512895183e+17,6086.0,1.9629437486460952,1.9845846753433103,bin_3
config_531,448,11,4,0.0270210187882184,0.863174319267273,0.9720531105995178,0.1728066354990005,0.0001456454483559,128,56690.0,6.282991197178429e+18,14861063168,50288896,16,0.0001456454483559,3185049600.0,1.3489201951112837e+18,12171.0,1.827850424969783,1.8478640973763387,bin_3
config_531,448,11,4,0.0270210187882184,0.863174319267273,0.9720531105995178,0.1728066354990005,0.0001456454483559,128,56690.0,6.282991197178429e+18,14861063168,50288896,16,0.0001456454483559,4784128000.0,2.0234357080064663e+18,18257.0,1.7783271055143388,1.7965421833757491,bin_3
config_531,448,11,4,0.0270210187882184,0.863174319267273,0.9720531105995178,0.1728066354990005,0.0001456454483559,128,56690.0,6.282991197178429e+18,14861063168,50288896,16,0.0001456454483559,6383206400.0,2.6978403902225674e+18,24342.0,1.7487937212381206,1.7666035463770882,bin_3
config_531,448,11,4,0.0270210187882184,0.863174319267273,0.9720531105995178,0.1728066354990005,0.0001456454483559,128,56690.0,6.282991197178429e+18,14861063168,50288896,16,0.0001456454483559,7982284800.0,3.3723559031177503e+18,30428.0,1.7298020508250251,1.7474125867202634,bin_3
config_531,448,11,4,0.0270210187882184,0.863174319267273,0.9720531105995178,0.1728066354990005,0.0001456454483559,128,56690.0,6.282991197178429e+18,14861063168,50288896,16,0.0001456454483559,9568256000.0,4.046871416012933e+18,36514.0,1.7148858637887925,1.7324831866436317,bin_3
config_531,448,11,4,0.0270210187882184,0.863174319267273,0.9720531105995178,0.1728066354990005,0.0001456454483559,128,56690.0,6.282991197178429e+18,14861063168,50288896,16,0.0001456454483559,11167334400.0,4.721276098229033e+18,42599.0,1.7040177204960685,1.7211602094916048,bin_3
config_531,448,11,4,0.0270210187882184,0.863174319267273,0.9720531105995178,0.1728066354990005,0.0001456454483559,128,56690.0,6.282991197178429e+18,14861063168,50288896,16,0.0001187941131445,12766412800.0,5.395791611124217e+18,48685.0,1.690168071418512,1.7069078453251574,bin_3
config_531,448,11,4,0.0270210187882184,0.863174319267273,0.9720531105995178,0.1728066354990005,0.0001456454483559,128,56690.0,6.282991197178429e+18,14861063168,50288896,16,2.8843626971265305e-05,14352384000.0,6.070196293340318e+18,54770.0,1.664847394013014,1.6808308873411084,bin_3
config_531,448,11,4,0.0270210187882184,0.863174319267273,0.9720531105995178,0.1728066354990005,0.0001456454483559,128,56690.0,6.282991197178429e+18,14861063168,50288896,16,5.947139581704175e-07,14850457600.0,6.282991197178429e+18,56690.0,1.6593694556736556,1.6751393066468787,bin_3
config_532,384,22,16,0.0017820738721638,0.8639664053916931,0.9635403752326964,0.1379625350236892,0.0013503121444955,32,8003.0,2.9217358545924096e+17,524523616,58252032,16,0.0013503121444955,262144000.0,1.460685387257807e+17,4001.0,2.097411081087394,2.117702898979187,bin_0
config_532,384,22,16,0.0017820738721638,0.8639664053916931,0.9635403752326964,0.1379625350236892,0.0013503121444955,32,8003.0,2.9217358545924096e+17,524523616,58252032,16,3.669326479607436e-06,524288000.0,2.9217358545924096e+17,8003.0,1.9068969106674196,1.9260444165839523,bin_0
config_534,640,14,20,0.0073418808169662,0.8177918791770935,0.9802511930465698,0.1192711889743805,8.134889503708109e-05,64,41682.0,4.5887839236096e+18,5463462400,103302400,16,8.134889503708109e-05,1592524800.0,1.3399090526906683e+18,12171.0,1.8826645360227487,1.9036632592169964,bin_3
config_534,640,14,20,0.0073418808169662,0.8177918791770935,0.9802511930465698,0.1192711889743805,8.134889503708109e-05,64,41682.0,4.5887839236096e+18,5463462400,103302400,16,8.134889503708109e-05,3191603200.0,2.679818105381337e+18,24342.0,1.7644766905268685,1.783679781194593,bin_3
config_534,640,14,20,0.0073418808169662,0.8177918791770935,0.9802511930465698,0.1192711889743805,8.134889503708109e-05,64,41682.0,4.5887839236096e+18,5463462400,103302400,16,8.134889503708109e-05,4784128000.0,4.019837248372941e+18,36514.0,1.7140788722819968,1.731364119248312,bin_3
config_534,640,14,20,0.0073418808169662,0.8177918791770935,0.9802511930465698,0.1192711889743805,8.134889503708109e-05,64,41682.0,4.5887839236096e+18,5463462400,103302400,16,5.236702154871479e-07,5459148800.0,4.5887839236096e+18,41682.0,1.67238162185325,1.688924623551916,bin_3
config_536,512,9,16,0.0051707420498132,0.8613818287849426,0.9828129410743712,0.2085537165403366,0.0024074912071228,64,75530.0,4.472015599372861e+18,9899923456,56422400,16,0.0024074912071228,1592524800.0,7.206262658541916e+17,12171.0,1.7964320874995872,1.8156390438705197,bin_2
config_536,512,9,16,0.0051707420498132,0.8613818287849426,0.9828129410743712,0.2085537165403366,0.0024074912071228,64,75530.0,4.472015599372861e+18,9899923456,56422400,16,0.0024074912071228,3191603200.0,1.4412525317083832e+18,24342.0,1.7372074842453002,1.7552618958520108,bin_2
config_536,512,9,16,0.0051707420498132,0.8613818287849426,0.9828129410743712,0.2085537165403366,0.0024074912071228,64,75530.0,4.472015599372861e+18,9899923456,56422400,16,0.0024074912071228,4784128000.0,2.161938006030725e+18,36514.0,1.7131082904534265,1.7294076225405834,bin_2
config_536,512,9,16,0.0051707420498132,0.8613818287849426,0.9828129410743712,0.2085537165403366,0.0024074912071228,64,75530.0,4.472015599372861e+18,9899923456,56422400,16,0.0024074912071228,6383206400.0,2.8825642718849167e+18,48685.0,1.6975625532963237,1.7134040276730649,bin_2
config_536,512,9,16,0.0051707420498132,0.8613818287849426,0.9828129410743712,0.2085537165403366,0.0024074912071228,64,75530.0,4.472015599372861e+18,9899923456,56422400,16,0.0022436497537177,7975731200.0,3.603190537739109e+18,60856.0,1.686131067862276,1.7016363967051271,bin_2
config_536,512,9,16,0.0051707420498132,0.8613818287849426,0.9828129410743712,0.2085537165403366,0.0024074912071228,64,75530.0,4.472015599372861e+18,9899923456,56422400,16,0.0003790361981757,9574809600.0,4.3238168035933e+18,73027.0,1.632569787658629,1.6469911932554402,bin_2
config_536,512,9,16,0.0051707420498132,0.8613818287849426,0.9828129410743712,0.2085537165403366,0.0024074912071228,64,75530.0,4.472015599372861e+18,9899923456,56422400,16,4.585115300513153e-06,9895936000.0,4.472015599372861e+18,75530.0,1.6248149978528257,1.639262125374841,bin_2
config_537,576,8,8,0.0146732199937105,0.8849349617958069,0.9577398300170898,0.0717504546046257,3.5714525438379496e-05,64,48249.0,3.023602149710758e+18,6324118528,60819840,16,3.5714525438379496e-05,1592524800.0,7.62715533257262e+17,12171.0,2.102360388841785,2.1243514558526337,bin_2
config_537,576,8,8,0.0146732199937105,0.8849349617958069,0.9577398300170898,0.0717504546046257,3.5714525438379496e-05,64,48249.0,3.023602149710758e+18,6324118528,60819840,16,3.5714525438379496e-05,3191603200.0,1.525431066514524e+18,24342.0,1.9363583478380424,1.956964567411141,bin_2
config_537,576,8,8,0.0146732199937105,0.8849349617958069,0.9577398300170898,0.0717504546046257,3.5714525438379496e-05,64,48249.0,3.023602149710758e+18,6324118528,60819840,16,3.5714525438379496e-05,4784128000.0,2.288209266400104e+18,36514.0,1.869629757717008,1.8882695246133647,bin_2
config_537,576,8,8,0.0146732199937105,0.8849349617958069,0.9577398300170898,0.0717504546046257,3.5714525438379496e-05,64,48249.0,3.023602149710758e+18,6324118528,60819840,16,5.056376037216407e-07,6317670400.0,3.023602149710758e+18,48249.0,1.816315806615548,1.834246876200692,bin_2
config_538,1024,10,16,0.0012346813455224,0.8859559893608093,0.9563424587249756,0.0449907332658767,0.0008458995143882,32,6858.0,5.984135027630408e+17,449507936,179955712,8,0.0008458995143882,226099200.0,2.992067513815204e+17,3429.0,2.043407772134562,2.0645830939050582,bin_1
config_538,1024,10,16,0.0012346813455224,0.8859559893608093,0.9563424587249756,0.0449907332658767,0.0008458995143882,32,6858.0,5.984135027630408e+17,449507936,179955712,8,2.197141595813748e-05,448921600.0,5.984135027630408e+17,6858.0,1.8596755660948203,1.8796152518030076,bin_1
config_539,1152,11,12,0.0050892131403088,0.8077093958854675,0.9000211954116821,0.0262959320098161,0.0003256532363593,64,9298.0,2.084079250112643e+18,1218754048,233123328,8,0.0003256532363593,609484800.0,1.0420396250563215e+18,4649.0,1.8651169239693,1.883380444694738,bin_2
config_539,1152,11,12,0.0050892131403088,0.8077093958854675,0.9000211954116821,0.0262959320098161,0.0003256532363593,64,9298.0,2.084079250112643e+18,1218754048,233123328,8,6.406293174282448e-05,1212416000.0,2.084079250112643e+18,9298.0,1.7259963471967663,1.7438414571128908,bin_2
config_54,384,24,16,0.0033426827285438,0.8811138868331909,0.903925120830536,0.2756912112236023,7.142902177292854e-05,64,28044.0,2.1949414096984476e+18,3675790080,61792512,16,7.142902177292854e-05,1592524800.0,9.52597058102974e+17,12171.0,2.023959764730735,2.0457693664754024,bin_2
config_54,384,24,16,0.0033426827285438,0.8811138868331909,0.903925120830536,0.2756912112236023,7.142902177292854e-05,64,28044.0,2.1949414096984476e+18,3675790080,61792512,16,3.412997108125702e-05,3191603200.0,1.905194116205948e+18,24342.0,1.8733993483762272,1.8941156973995144,bin_2
config_54,384,24,16,0.0033426827285438,0.8811138868331909,0.903925120830536,0.2756912112236023,7.142902177292854e-05,64,28044.0,2.1949414096984476e+18,3675790080,61792512,16,4.0652916285200085e-07,3670016000.0,2.1949414096984476e+18,28044.0,1.8504345715632204,1.8709307807781657,bin_2
config_540,896,14,4,0.0594098567962646,0.8597028851509094,0.988943874835968,0.1891155242919922,8.245614299084991e-05,64,34766.0,6.499805478932054e+18,4556968448,186369792,8,8.245614299084991e-05,1592524800.0,2.2754740977990572e+18,12171.0,1.783740564311137,1.8021373710085131,bin_3
config_540,896,14,4,0.0594098567962646,0.8597028851509094,0.988943874835968,0.1891155242919922,8.245614299084991e-05,64,34766.0,6.499805478932054e+18,4556968448,186369792,8,8.245614299084991e-05,3191603200.0,4.550948195598115e+18,24342.0,1.6870278070598352,1.7051241088304363,bin_3
config_540,896,14,4,0.0594098567962646,0.8597028851509094,0.988943874835968,0.1891155242919922,8.245614299084991e-05,64,34766.0,6.499805478932054e+18,4556968448,186369792,8,2.006842543129917e-07,4554752000.0,6.499805478932054e+18,34766.0,1.6141238326322838,1.6307793956897298,bin_3
config_541,960,21,12,0.0496094301342964,0.9690523743629456,0.9887842535972596,0.0006916702259331,0.0028270387556403,64,16787.0,4.793644818168054e+18,2200426752,280550400,8,0.0028270387556403,1592524800.0,3.475513854883147e+18,12171.0,3.3102141735592827,3.342947927850192,bin_3
config_541,960,21,12,0.0496094301342964,0.9690523743629456,0.9887842535972596,0.0006916702259331,0.0028270387556403,64,16787.0,4.793644818168054e+18,2200426752,280550400,8,0.0028270387556403,2195456000.0,4.793644818168054e+18,16787.0,3.2433676234620514,3.276052163194437,bin_3
config_544,640,11,16,0.0135884601622819,0.9044287204742432,0.9328563809394836,0.13579723238945,1.7222686437889934e-05,32,3434.0,1.5784146677471232e+17,225071312,88061440,16,1.7222686437889934e-05,111411200.0,7.892073338735616e+16,1717.0,3.1212973158476784,3.1541532654058737,bin_0
config_544,640,11,16,0.0135884601622819,0.9044287204742432,0.9328563809394836,0.13579723238945,1.7222686437889934e-05,32,3434.0,1.5784146677471232e+17,225071312,88061440,16,1.2565908559833853e-06,222822400.0,1.5784146677471232e+17,3434.0,2.8921326655247173,2.922405312334905,bin_0
config_545,704,5,4,0.0057585355825722,0.9879997372627258,0.9012895226478576,0.2537324130535126,0.0003537924203556,64,26660.0,1.7057078654111908e+18,3494495488,66941952,16,0.0003537924203556,1592524800.0,7.787010663885823e+17,12171.0,2.9788976366011823,3.0092442892418534,bin_2
config_545,704,5,4,0.0057585355825722,0.9879997372627258,0.9012895226478576,0.2537324130535126,0.0003537924203556,64,26660.0,1.7057078654111908e+18,3494495488,66941952,16,0.0001208250282408,3191603200.0,1.5574021327771643e+18,24342.0,4.66978069633734,4.664564535422404,bin_2
config_545,704,5,4,0.0057585355825722,0.9879997372627258,0.9012895226478576,0.2537324130535126,0.0003537924203556,64,26660.0,1.7057078654111908e+18,3494495488,66941952,16,5.230520703068827e-07,3493068800.0,1.7057078654111908e+18,26660.0,4.342342909437711,4.3552831573173645,bin_2
config_546,576,21,18,0.0337359756231308,0.8424671292304993,0.9280006885528564,0.0687674954533577,0.0007750855875201,64,45403.0,5.788533456912384e+18,5951155200,112591872,8,0.0007750855875201,1592524800.0,1.5517089334202724e+18,12171.0,1.787747031919292,1.8053659584678587,bin_3
config_546,576,21,18,0.0337359756231308,0.8424671292304993,0.9280006885528564,0.0687674954533577,0.0007750855875201,64,45403.0,5.788533456912384e+18,5951155200,112591872,8,0.0007750855875201,3191603200.0,3.103417866840545e+18,24342.0,1.7272902708952544,1.7450672013446933,bin_3
config_546,576,21,18,0.0337359756231308,0.8424671292304993,0.9280006885528564,0.0687674954533577,0.0007750855875201,64,45403.0,5.788533456912384e+18,5951155200,112591872,8,0.0007750855875201,4784128000.0,4.655254292573151e+18,36514.0,1.7016220261034418,1.7181193149089813,bin_3
config_546,576,21,18,0.0337359756231308,0.8424671292304993,0.9280006885528564,0.0687674954533577,0.0007750855875201,64,45403.0,5.788533456912384e+18,5951155200,112591872,8,7.447971693019285e-07,5950668800.0,5.788533456912384e+18,45403.0,1.6131272508081842,1.628642087295407,bin_3
config_548,256,8,16,0.0016087478725239,0.9556512832641602,0.9124953746795654,0.2993775308132171,8.889654418453574e-05,32,3078.0,3.398561377436467e+16,201753008,19691008,16,8.889654418453574e-05,101580800.0,1.6992806887182336e+16,1539.0,3.26491660024299,3.298996106288472,bin_0
config_548,256,8,16,0.0016087478725239,0.9556512832641602,0.9124953746795654,0.2993775308132171,8.889654418453574e-05,32,3078.0,3.398561377436467e+16,201753008,19691008,16,2.7026093780314902e-06,199884800.0,3.398561377436467e+16,3078.0,2.996230657530613,3.0283059008395083,bin_0
config_549,576,17,12,0.0212197378277778,0.8939684629440308,0.9714889526367188,0.1606993377208709,0.0001172821357613,32,3374.0,1.814284832076288e+17,221119600,96662016,8,0.0001172821357613,111411200.0,9.07142416038144e+16,1687.0,2.608616105181272,2.636245480736748,bin_0
config_549,576,17,12,0.0212197378277778,0.8939684629440308,0.9714889526367188,0.1606993377208709,0.0001172821357613,32,3374.0,1.814284832076288e+17,221119600,96662016,8,5.193304904561319e-06,219545600.0,1.814284832076288e+17,3374.0,2.235590824748649,2.258325902184502,bin_0
config_550,1152,23,8,0.1926708668470382,0.9196611046791076,0.9759281873703004,0.2292598187923431,0.0002997693081852,64,73619.0,3.084318598257731e+19,9649458176,424253952,8,0.0002997693081852,1592524800.0,5.099124092882931e+18,12171.0,1.6918685308636212,1.707742262472872,bin_3
config_550,1152,23,8,0.1926708668470382,0.9196611046791076,0.9759281873703004,0.2292598187923431,0.0002997693081852,64,73619.0,3.084318598257731e+19,9649458176,424253952,8,0.0002997693081852,3191603200.0,1.019824818576586e+19,24342.0,1.612243560591682,1.6288243084266538,bin_3
config_550,1152,23,8,0.1926708668470382,0.9196611046791076,0.9759281873703004,0.2292598187923431,0.0002997693081852,64,73619.0,3.084318598257731e+19,9649458176,424253952,8,0.0002997693081852,4784128000.0,1.5297791235521102e+19,36514.0,1.5828514341252748,1.5973012869866168,bin_3
config_550,1152,23,8,0.1926708668470382,0.9196611046791076,0.9759281873703004,0.2292598187923431,0.0002997693081852,64,73619.0,3.084318598257731e+19,9649458176,424253952,8,0.0002997693081852,6383206400.0,2.0396915328404038e+19,48685.0,1.5667335786389522,1.5810768900738388,bin_3
config_550,1152,23,8,0.1926708668470382,0.9196611046791076,0.9759281873703004,0.2292598187923431,0.0002997693081852,64,73619.0,3.084318598257731e+19,9649458176,424253952,8,0.0002268030038642,7975731200.0,2.5496039421286965e+19,60856.0,1.5303091698884963,1.543844717526045,bin_3
config_550,1152,23,8,0.1926708668470382,0.9196611046791076,0.9759281873703004,0.2292598187923431,0.0002997693081852,64,73619.0,3.084318598257731e+19,9649458176,424253952,8,1.0106579152537844e-05,9574809600.0,3.0595163514169893e+19,73027.0,1.4355855236385688,1.44839011108289,bin_3
config_550,1152,23,8,0.1926708668470382,0.9196611046791076,0.9759281873703004,0.2292598187923431,0.0002997693081852,64,73619.0,3.084318598257731e+19,9649458176,424253952,8,3.374780384854176e-07,9646899200.0,3.084318598257731e+19,73619.0,1.434086144068202,1.4467941320040187,bin_3
config_551,512,5,16,0.0025389841757714,0.8631035089492798,0.984102725982666,0.1035406067967414,0.0067458520643413,64,10223.0,4.282631615840256e+17,1339990400,42786816,16,0.0067458520643413,668467200.0,2.1411063473109213e+17,5111.0,3.0536222340630705,3.086076955482608,bin_0
config_551,512,5,16,0.0025389841757714,0.8631035089492798,0.984102725982666,0.1035406067967414,0.0067458520643413,64,10223.0,4.282631615840256e+17,1339990400,42786816,16,0.0001466489579204,1336934400.0,4.282631615840256e+17,10223.0,2.8957133286116554,2.926596856977119,bin_0
config_552,448,4,8,0.0024217499885708,0.9200093746185304,0.9134805202484132,0.2251429706811905,0.0003273439942859,64,34051.0,1.0700011438634436e+18,4463172608,32620672,16,0.0003273439942859,1592524800.0,3.824552559972386e+17,12171.0,1.9439932412397667,1.9652048652680196,bin_1
config_552,448,4,8,0.0024217499885708,0.9200093746185304,0.9134805202484132,0.2251429706811905,0.0003273439942859,64,34051.0,1.0700011438634436e+18,4463172608,32620672,16,0.0003273439942859,3191603200.0,7.649105119944772e+17,24342.0,1.8916792120699024,1.9127334973069487,bin_1
config_552,448,4,8,0.0024217499885708,0.9200093746185304,0.9134805202484132,0.2251429706811905,0.0003273439942859,64,34051.0,1.0700011438634436e+18,4463172608,32620672,16,4.270075584214463e-08,4463001600.0,1.0700011438634436e+18,34051.0,1.8243466236161403,1.842739344542144,bin_1
config_553,256,12,4,0.0390718691051006,0.8511517643928528,0.9481709003448486,0.2404150366783142,0.0016127225244417,64,22455.0,6.30043268530176e+17,2943238400,23100928,16,0.0016127225244417,1592524800.0,3.4149439417861376e+17,12171.0,1.9342628713904837,1.9548322299269376,bin_1
config_553,256,12,4,0.0390718691051006,0.8511517643928528,0.9481709003448486,0.2404150366783142,0.0016127225244417,64,22455.0,6.30043268530176e+17,2943238400,23100928,16,1.4938148614688628e-06,2942566400.0,6.30043268530176e+17,22455.0,1.8178464087892752,1.837333905931379,bin_1
config_555,768,18,16,0.0237780660390853,0.8432180285453796,0.985576868057251,0.0072029652073979,1.451543630537344e-05,32,12567.0,1.100233493736358e+18,823634752,166043136,8,1.451543630537344e-05,412876800.0,5.500729721608608e+17,6283.0,2.656454029513187,2.6839229684970416,bin_1
config_555,768,18,16,0.0237780660390853,0.8432180285453796,0.985576868057251,0.0072029652073979,1.451543630537344e-05,32,12567.0,1.100233493736358e+18,823634752,166043136,8,2.7418046354594287e-06,822476800.0,1.100233493736358e+18,12567.0,2.339746394997737,2.3642866943312475,bin_1
config_556,256,21,16,0.0402980595827102,0.8564178347587585,0.904316246509552,0.147310122847557,1.0677696991479024e-05,128,55549.0,4.611710219358044e+18,14562037760,30773248,16,1.0677696991479024e-05,1599078400.0,5.052632521739916e+17,6086.0,3.1613300230464,3.1949775319021256,bin_3
config_556,256,21,16,0.0402980595827102,0.8564178347587585,0.904316246509552,0.147310122847557,1.0677696991479024e-05,128,55549.0,4.611710219358044e+18,14562037760,30773248,16,1.0677696991479024e-05,3185049600.0,1.010443483767606e+18,12171.0,2.8560577545791377,2.8861789603311507,bin_3
config_556,256,21,16,0.0402980595827102,0.8564178347587585,0.904316246509552,0.147310122847557,1.0677696991479024e-05,128,55549.0,4.611710219358044e+18,14562037760,30773248,16,1.0677696991479024e-05,4784128000.0,1.515706735941598e+18,18257.0,2.707606297477347,2.73626781401087,bin_3
config_556,256,21,16,0.0402980595827102,0.8564178347587585,0.904316246509552,0.147310122847557,1.0677696991479024e-05,128,55549.0,4.611710219358044e+18,14562037760,30773248,16,1.0677696991479024e-05,6383206400.0,2.0208869675352123e+18,24342.0,2.597867910705629,2.625281195875074,bin_3
config_556,256,21,16,0.0402980595827102,0.8564178347587585,0.904316246509552,0.147310122847557,1.0677696991479024e-05,128,55549.0,4.611710219358044e+18,14562037760,30773248,16,1.0677696991479024e-05,7982284800.0,2.5261502197092035e+18,30428.0,2.5124390775258423,2.5391914022945965,bin_3
config_556,256,21,16,0.0402980595827102,0.8564178347587585,0.904316246509552,0.147310122847557,1.0677696991479024e-05,128,55549.0,4.611710219358044e+18,14562037760,30773248,16,1.0677696991479024e-05,9568256000.0,3.031413471883196e+18,36514.0,2.435570949296482,2.4625719959227763,bin_3
config_556,256,21,16,0.0402980595827102,0.8564178347587585,0.904316246509552,0.147310122847557,1.0677696991479024e-05,128,55549.0,4.611710219358044e+18,14562037760,30773248,16,1.0677696991479024e-05,11167334400.0,3.53659370347681e+18,42599.0,2.362591319514103,2.3884172101880683,bin_3
config_556,256,21,16,0.0402980595827102,0.8564178347587585,0.904316246509552,0.147310122847557,1.0677696991479024e-05,128,55549.0,4.611710219358044e+18,14562037760,30773248,16,8.938101527088712e-06,12766412800.0,4.0418569556508017e+18,48685.0,2.298089050191348,2.3228153386272368,bin_3
config_556,256,21,16,0.0402980595827102,0.8564178347587585,0.904316246509552,0.147310122847557,1.0677696991479024e-05,128,55549.0,4.611710219358044e+18,14562037760,30773248,16,1.0427132603509838e-06,14352384000.0,4.547037187244417e+18,54770.0,2.2656330852821225,2.288415129849168,bin_3
config_556,256,21,16,0.0402980595827102,0.8564178347587585,0.904316246509552,0.147310122847557,1.0677696991479024e-05,128,55549.0,4.611710219358044e+18,14562037760,30773248,16,6.394611984630581e-08,14548992000.0,4.611710219358044e+18,55549.0,2.26448864635874,2.287192174762976,bin_3
config_557,512,13,16,0.137888953089714,0.8199853897094727,0.9093714952468872,0.1425899267196655,0.0026003892999142,32,10581.0,4.048810367173264e+17,693476096,70057984,16,0.0026003892999142,347340800.0,2.024213859025287e+17,5290.0,2.1396948369213797,2.160903720738458,bin_0
config_557,512,13,16,0.137888953089714,0.8199853897094727,0.9093714952468872,0.1425899267196655,0.0026003892999142,32,10581.0,4.048810367173264e+17,693476096,70057984,16,5.345627871176494e-05,691404800.0,4.048810367173264e+17,10581.0,1.907873637637154,1.9269052201411765,bin_0
config_558,1088,19,16,0.0333790853619575,0.987553596496582,0.9805797338485718,0.0831183344125747,7.688154437346384e-05,32,6890.0,1.1376397672214076e+18,451603936,335221504,8,7.688154437346384e-05,226099200.0,5.688198836107039e+17,3445.0,2.325166472509259,2.3488927318815325,bin_1
config_558,1088,19,16,0.0333790853619575,0.987553596496582,0.9805797338485718,0.0831183344125747,7.688154437346384e-05,32,6890.0,1.1376397672214076e+18,451603936,335221504,8,5.376331774368108e-06,448921600.0,1.1376397672214076e+18,6890.0,1.9755604377535525,1.9950504944168157,bin_1
config_56,512,19,8,0.0167514309287071,0.9526915550231934,0.9388031959533693,0.2194300591945648,0.0004948822315782,32,4139.0,2.12127364104192e+17,271254400,90511360,8,0.0004948822315782,134348800.0,1.0603805661550451e+17,2069.0,2.3194150284470103,2.3435745152489083,bin_0
config_56,512,19,8,0.0167514309287071,0.9526915550231934,0.9388031959533693,0.2194300591945648,0.0004948822315782,32,4139.0,2.12127364104192e+17,271254400,90511360,8,2.1255954880562776e-05,268697600.0,2.12127364104192e+17,4139.0,2.040741389481748,2.061778025158116,bin_0
config_562,320,4,20,0.109624296426773,0.9183616042137146,0.937969446182251,0.1824943125247955,0.0022128480486571,64,10775.0,2.279641109778432e+17,1412307840,21662080,16,0.0022128480486571,707788800.0,1.1397147710790174e+17,5387.0,2.0717408957246874,2.0937834963642183,bin_0
config_562,320,4,20,0.109624296426773,0.9183616042137146,0.937969446182251,0.1824943125247955,0.0022128480486571,64,10775.0,2.279641109778432e+17,1412307840,21662080,16,2.813896297885511e-05,1409024000.0,2.279641109778432e+17,10775.0,1.9208462502917305,1.9420370409527763,bin_0
config_563,1024,11,16,0.0021812457125633,0.9771543741226196,0.9166333079338074,0.1419489830732345,0.0012113230768591,64,42554.0,7.995668922784285e+18,5577726464,192802816,8,0.0012113230768591,1592524800.0,2.286865781341532e+18,12171.0,1.715898605878236,1.7340581250190734,bin_3
config_563,1024,11,16,0.0021812457125633,0.9771543741226196,0.9166333079338074,0.1419489830732345,0.0012113230768591,64,42554.0,7.995668922784285e+18,5577726464,192802816,8,0.0012113230768591,3191603200.0,4.5737315626830633e+18,24342.0,1.6418614975350805,1.6591689737116704,bin_3
config_563,1024,11,16,0.0021812457125633,0.9771543741226196,0.9166333079338074,0.1419489830732345,0.0012113230768591,64,42554.0,7.995668922784285e+18,5577726464,192802816,8,0.0012113230768591,4784128000.0,6.860785238674281e+18,36514.0,1.6088668849429146,1.6245427371830237,bin_3
config_563,1024,11,16,0.0021812457125633,0.9771543741226196,0.9166333079338074,0.1419489830732345,0.0012113230768591,64,42554.0,7.995668922784285e+18,5577726464,192802816,8,8.02200713151879e-07,5577113600.0,7.995668922784285e+18,42554.0,1.5465061033260628,1.5615295540504768,bin_3
config_564,576,21,12,0.0027806148864328,0.8113366961479187,0.933566153049469,0.1756224483251571,1.061269358615391e-05,64,25565.0,3.2594087047775846e+18,3350977792,112591872,8,1.061269358615391e-05,1592524800.0,1.5517411830959508e+18,12171.0,2.53655056312436,2.5639208249185907,bin_2
config_564,576,21,12,0.0027806148864328,0.8113366961479187,0.933566153049469,0.1756224483251571,1.061269358615391e-05,64,25565.0,3.2594087047775846e+18,3350977792,112591872,8,2.8724488097966143e-06,3191603200.0,3.1034823661919017e+18,24342.0,2.2067074268958606,2.229900417327881,bin_2
config_564,576,21,12,0.0027806148864328,0.8113366961479187,0.933566153049469,0.1756224483251571,1.061269358615391e-05,64,25565.0,3.2594087047775846e+18,3350977792,112591872,8,3.5462330985143644e-08,3348889600.0,3.2594087047775846e+18,25565.0,2.199051720060286,2.2221244459660325,bin_2
config_565,1024,4,8,0.0030066547915339,0.8205553293228149,0.9262250065803528,0.1680163294076919,0.0002023865527007,64,26166.0,2.4620297304444764e+18,3429743872,102873088,16,0.0002023865527007,1592524800.0,1.1452023178643936e+18,12171.0,1.8477138769822044,1.8682346110656611,bin_2
config_565,1024,4,8,0.0030066547915339,0.8205553293228149,0.9262250065803528,0.1680163294076919,0.0002023865527007,64,26166.0,2.4620297304444764e+18,3429743872,102873088,16,8.360645580177513e-05,3191603200.0,2.290404635728787e+18,24342.0,1.7476829838752748,1.76725150393658,bin_2
config_565,1024,4,8,0.0030066547915339,0.8205553293228149,0.9262250065803528,0.1680163294076919,0.0002023865527007,64,26166.0,2.4620297304444764e+18,3429743872,102873088,16,7.366207559627604e-07,3427532800.0,2.4620297304444764e+18,26166.0,1.7259538911991432,1.745290927926048,bin_2
config_567,512,21,16,0.0132428193464875,0.8406775593757629,0.9730409979820251,0.2373949587345123,1.1994316992058884e-05,64,66815.0,7.427214244347642e+18,8757640192,97329152,8,1.1994316992058884e-05,1592524800.0,1.3529390790684e+18,12171.0,2.591323456783764,2.6193133122803736,bin_3
config_567,512,21,16,0.0132428193464875,0.8406775593757629,0.9730409979820251,0.2373949587345123,1.1994316992058884e-05,64,66815.0,7.427214244347642e+18,8757640192,97329152,8,1.1994316992058884e-05,3191603200.0,2.7058781581368e+18,24342.0,2.234190399216824,2.257697029055142,bin_3
config_567,512,21,16,0.0132428193464875,0.8406775593757629,0.9730409979820251,0.2373949587345123,1.1994316992058884e-05,64,66815.0,7.427214244347642e+18,8757640192,97329152,8,1.1994316992058884e-05,4784128000.0,4.0589283980859054e+18,36514.0,2.0833130667053283,2.1039791099947007,bin_3
config_567,512,21,16,0.0132428193464875,0.8406775593757629,0.9730409979820251,0.2373949587345123,1.1994316992058884e-05,64,66815.0,7.427214244347642e+18,8757640192,97329152,8,1.1994316992058884e-05,6383206400.0,5.411867477154306e+18,48685.0,1.9923718097952543,2.0124574173669347,bin_3
config_567,512,21,16,0.0132428193464875,0.8406775593757629,0.9730409979820251,0.2373949587345123,1.1994316992058884e-05,64,66815.0,7.427214244347642e+18,8757640192,97329152,8,4.510819044047112e-06,7975731200.0,6.764806556222706e+18,60856.0,1.9335405913728183,1.9530698213616355,bin_3
config_567,512,21,16,0.0132428193464875,0.8406775593757629,0.9730409979820251,0.2373949587345123,1.1994316992058884e-05,64,66815.0,7.427214244347642e+18,8757640192,97329152,8,1.1343216372289892e-08,8755609600.0,7.427214244347642e+18,66815.0,1.919005558647093,1.9398169547026276,bin_3
config_568,448,13,16,0.0505226179957389,0.8974802494049072,0.9220789670944214,0.0325861051678657,1.5806368537596427e-05,32,3433.0,1.0689421101069312e+17,225002640,55336960,16,1.5806368537596427e-05,111411200.0,5.343153687572077e+16,1716.0,3.314403329364589,3.349678914820561,bin_0
config_568,448,13,16,0.0505226179957389,0.8974802494049072,0.9220789670944214,0.0325861051678657,1.5806368537596427e-05,32,3433.0,1.0689421101069312e+17,225002640,55336960,16,4.699190646312451e-06,222822400.0,1.0689421101069312e+17,3433.0,3.04430082336801,3.076060287053468,bin_0
config_569,640,8,16,0.014832966029644,0.8600969314575195,0.99638032913208,0.1074435412883758,4.9993435823125765e-05,128,57963.0,8.549835035458929e+18,15194662912,72820480,16,4.9993435823125765e-05,1599078400.0,8.9771571564279e+17,6086.0,2.159195372941064,2.1815790548871776,bin_3
config_569,640,8,16,0.014832966029644,0.8600969314575195,0.99638032913208,0.1074435412883758,4.9993435823125765e-05,128,57963.0,8.549835035458929e+18,15194662912,72820480,16,4.9993435823125765e-05,3185049600.0,1.7952839262386458e+18,12171.0,1.9413505714447767,1.962588546549688,bin_3
config_569,640,8,16,0.014832966029644,0.8600969314575195,0.99638032913208,0.1074435412883758,4.9993435823125765e-05,128,57963.0,8.549835035458929e+18,15194662912,72820480,16,4.9993435823125765e-05,4784128000.0,2.692999641881436e+18,18257.0,1.859603892349806,1.8789534642266448,bin_3
config_569,640,8,16,0.014832966029644,0.8600969314575195,0.99638032913208,0.1074435412883758,4.9993435823125765e-05,128,57963.0,8.549835035458929e+18,15194662912,72820480,16,4.9993435823125765e-05,6383206400.0,3.5905678524772915e+18,24342.0,1.8120596454964308,1.8310535715837948,bin_3
config_569,640,8,16,0.014832966029644,0.8600969314575195,0.99638032913208,0.1074435412883758,4.9993435823125765e-05,128,57963.0,8.549835035458929e+18,15194662912,72820480,16,4.9993435823125765e-05,7982284800.0,4.488283568120082e+18,30428.0,1.779878112996211,1.7985875373981035,bin_3
config_569,640,8,16,0.014832966029644,0.8600969314575195,0.99638032913208,0.1074435412883758,4.9993435823125765e-05,128,57963.0,8.549835035458929e+18,15194662912,72820480,16,4.9993435823125765e-05,9568256000.0,5.385999283762871e+18,36514.0,1.755316198419352,1.773322883433983,bin_3
config_569,640,8,16,0.014832966029644,0.8600969314575195,0.99638032913208,0.1074435412883758,4.9993435823125765e-05,128,57963.0,8.549835035458929e+18,15194662912,72820480,16,4.9993435823125765e-05,11167334400.0,6.283567494358727e+18,42599.0,1.736981732219946,1.7542351426062035,bin_3
config_569,640,8,16,0.014832966029644,0.8600969314575195,0.99638032913208,0.1074435412883758,4.9993435823125765e-05,128,57963.0,8.549835035458929e+18,15194662912,72820480,16,4.9993435823125765e-05,12766412800.0,7.181283210001518e+18,48685.0,1.7224478025123722,1.7390217996816166,bin_3
config_569,640,8,16,0.014832966029644,0.8600969314575195,0.99638032913208,0.1074435412883758,4.9993435823125765e-05,128,57963.0,8.549835035458929e+18,15194662912,72820480,16,2.579555312344678e-05,14352384000.0,8.078851420597373e+18,54770.0,1.7012326710341408,1.7171332383546674,bin_3
config_569,640,8,16,0.014832966029644,0.8600969314575195,0.99638032913208,0.1074435412883758,4.9993435823125765e-05,128,57963.0,8.549835035458929e+18,15194662912,72820480,16,1.043704296933799e-07,15191244800.0,8.549835035458929e+18,57963.0,1.68902388986994,1.7046953796558693,bin_3
config_570,1024,22,16,0.0164758954197168,0.9564697742462158,0.9476053714752196,0.1442816853523254,0.0009751581237651,32,7117.0,1.1931898686255268e+18,466436448,334120960,8,0.0009751581237651,232652800.0,5.965111075691476e+17,3558.0,2.1152515390857323,2.13724505381506,bin_1
config_570,1024,22,16,0.0164758954197168,0.9564697742462158,0.9476053714752196,0.1442816853523254,0.0009751581237651,32,7117.0,1.1931898686255268e+18,466436448,334120960,8,1.61575907446466e-05,465305600.0,1.1931898686255268e+18,7117.0,1.8929488508623156,1.913809894479689,bin_1
config_571,768,21,24,0.0482745207846164,0.8041978478431702,0.998424768447876,0.2594394385814667,6.55403928249143e-05,128,58943.0,2.348426063141772e+19,15451675648,187281408,8,6.55403928249143e-05,1599078400.0,2.424803796936163e+18,6086.0,1.9502119102048088,1.9707711515270296,bin_3
config_571,768,21,24,0.0482745207846164,0.8041978478431702,0.998424768447876,0.2594394385814667,6.55403928249143e-05,128,58943.0,2.348426063141772e+19,15451675648,187281408,8,6.55403928249143e-05,3185049600.0,4.849209170639177e+18,12171.0,1.77626254626962,1.7957596177546704,bin_3
config_571,768,21,24,0.0482745207846164,0.8041978478431702,0.998424768447876,0.2594394385814667,6.55403928249143e-05,128,58943.0,2.348426063141772e+19,15451675648,187281408,8,6.55403928249143e-05,4784128000.0,7.27401296757534e+18,18257.0,1.706941975882796,1.724240553613569,bin_3
config_571,768,21,24,0.0482745207846164,0.8041978478431702,0.998424768447876,0.2594394385814667,6.55403928249143e-05,128,58943.0,2.348426063141772e+19,15451675648,187281408,8,6.55403928249143e-05,6383206400.0,9.698418341278351e+18,24342.0,1.663465230464935,1.6801522585993909,bin_3
config_571,768,21,24,0.0482745207846164,0.8041978478431702,0.998424768447876,0.2594394385814667,6.55403928249143e-05,128,58943.0,2.348426063141772e+19,15451675648,187281408,8,6.55403928249143e-05,7982284800.0,1.2123222138214517e+19,30428.0,1.633683081533088,1.6500138016997792,bin_3
config_571,768,21,24,0.0482745207846164,0.8041978478431702,0.998424768447876,0.2594394385814667,6.55403928249143e-05,128,58943.0,2.348426063141772e+19,15451675648,187281408,8,6.55403928249143e-05,9568256000.0,1.454802593515068e+19,36514.0,1.610704057333899,1.6265257337640544,bin_3
config_571,768,21,24,0.0482745207846164,0.8041978478431702,0.998424768447876,0.2594394385814667,6.55403928249143e-05,128,58943.0,2.348426063141772e+19,15451675648,187281408,8,6.55403928249143e-05,11167334400.0,1.6972431308853694e+19,42599.0,1.593249926527993,1.608623617770242,bin_3
config_571,768,21,24,0.0482745207846164,0.8041978478431702,0.998424768447876,0.2594394385814667,6.55403928249143e-05,128,58943.0,2.348426063141772e+19,15451675648,187281408,8,4.3900748345906174e-05,12766412800.0,1.9397235105789858e+19,48685.0,1.5698030704748436,1.5844100360987616,bin_3
config_571,768,21,24,0.0482745207846164,0.8041978478431702,0.998424768447876,0.2594394385814667,6.55403928249143e-05,128,58943.0,2.348426063141772e+19,15451675648,187281408,8,1.7970891127051117e-05,14352384000.0,2.1821640479492874e+19,54770.0,1.549420689500746,1.5627433427630877,bin_3
config_571,768,21,24,0.0482745207846164,0.8041978478431702,0.998424768447876,0.2594394385814667,6.55403928249143e-05,128,58943.0,2.348426063141772e+19,15451675648,187281408,8,1.842948529604579e-07,15440281600.0,2.348426063141772e+19,58943.0,1.5399849892053448,1.5530912894889957,bin_3
config_573,768,16,6,0.0326770022511482,0.8339313864707947,0.970871925354004,0.2652803063392639,0.0001464052475057,64,39873.0,6.340318490212172e+18,5226354688,151884288,8,0.0001464052475057,1592524800.0,1.9353451293951383e+18,12171.0,1.7686799358930745,1.786758606257986,bin_3
config_573,768,16,6,0.0326770022511482,0.8339313864707947,0.970871925354004,0.2652803063392639,0.0001464052475057,64,39873.0,6.340318490212172e+18,5226354688,151884288,8,0.0001464052475057,3191603200.0,3.8706902587902766e+18,24342.0,1.6797298623890171,1.6972298655744458,bin_3
config_573,768,16,6,0.0326770022511482,0.8339313864707947,0.970871925354004,0.2652803063392639,0.0001464052475057,64,39873.0,6.340318490212172e+18,5226354688,151884288,8,4.668856006777999e-05,4784128000.0,5.806194401013399e+18,36514.0,1.6079469317881787,1.6230591282101927,bin_3
config_573,768,16,6,0.0326770022511482,0.8339313864707947,0.970871925354004,0.2652803063392639,0.0001464052475057,64,39873.0,6.340318490212172e+18,5226354688,151884288,8,3.183625501212376e-07,5223219200.0,6.340318490212172e+18,39873.0,1.5916427265034347,1.6068243551645125,bin_3
config_574,1024,22,16,0.054877869784832,0.8202833533287048,0.9876415133476256,0.2172895222902298,1.0279468369844835e-05,64,45479.0,1.5249179975230683e+19,5961141248,334120960,8,1.0279468369844835e-05,1592524800.0,4.080955374536218e+18,12171.0,2.192045111929784,2.2151115059266324,bin_3
config_574,1024,22,16,0.054877869784832,0.8202833533287048,0.9876415133476256,0.2172895222902298,1.0279468369844835e-05,64,45479.0,1.5249179975230683e+19,5961141248,334120960,8,1.0279468369844835e-05,3191603200.0,8.161910749072436e+18,24342.0,1.9505302180423112,1.97158936162464,bin_3
config_574,1024,22,16,0.054877869784832,0.8202833533287048,0.9876415133476256,0.2172895222902298,1.0279468369844835e-05,64,45479.0,1.5249179975230683e+19,5961141248,334120960,8,9.3401484004085e-06,4784128000.0,1.2243201425175863e+19,36514.0,1.8452559459600293,1.8646153020663336,bin_3
config_574,1024,22,16,0.054877869784832,0.8202833533287048,0.9876415133476256,0.2172895222902298,1.0279468369844835e-05,64,45479.0,1.5249179975230683e+19,5961141248,334120960,8,3.0166422052772385e-08,5957222400.0,1.5249179975230683e+19,45479.0,1.7974658995378212,1.8161973770524635,bin_3
config_575,512,6,16,0.0602449402213096,0.9865899682044984,0.9441213607788086,0.2848384976387024,0.0007248498150147,64,35160.0,1.6251454726267208e+18,4608618496,46195712,16,0.0007248498150147,1592524800.0,5.625610223930552e+17,12171.0,1.8837439752015912,1.903909464976827,bin_2
config_575,512,6,16,0.0602449402213096,0.9865899682044984,0.9441213607788086,0.2848384976387024,0.0007248498150147,64,35160.0,1.6251454726267208e+18,4608618496,46195712,16,0.0007248498150147,3191603200.0,1.1251220447861105e+18,24342.0,1.81632735678407,1.8362232090215211,bin_2
config_575,512,6,16,0.0602449402213096,0.9865899682044984,0.9441213607788086,0.2848384976387024,0.0007248498150147,64,35160.0,1.6251454726267208e+18,4608618496,46195712,16,7.238364439931698e-07,4607180800.0,1.6251454726267208e+18,35160.0,1.7205510687828065,1.7395539390063677,bin_2
config_576,768,19,8,0.0055495449341833,0.9035104513168336,0.9022383093833924,0.2527274787425995,0.0039229355752468,128,47591.0,1.7430669991319962e+19,12475709440,173122560,8,0.0039229355752468,1599078400.0,2.2290571235564137e+18,6086.0,1.7136669689710022,1.7319135526750908,bin_3
config_576,768,19,8,0.0055495449341833,0.9035104513168336,0.9022383093833924,0.2527274787425995,0.0039229355752468,128,47591.0,1.7430669991319962e+19,12475709440,173122560,8,0.0039229355752468,3185049600.0,4.45774798731599e+18,12171.0,1.640962687300854,1.6585857784161802,bin_3
config_576,768,19,8,0.0055495449341833,0.9035104513168336,0.9022383093833924,0.2527274787425995,0.0039229355752468,128,47591.0,1.7430669991319962e+19,12475709440,173122560,8,0.0039229355752468,4784128000.0,6.686805110872403e+18,18257.0,1.6104202654518065,1.6258780521447542,bin_3
config_576,768,19,8,0.0055495449341833,0.9035104513168336,0.9022383093833924,0.2527274787425995,0.0039229355752468,128,47591.0,1.7430669991319962e+19,12475709440,173122560,8,0.0039229355752468,6383206400.0,8.91549597463198e+18,24342.0,1.5930699634747427,1.6073123315318687,bin_3
config_576,768,19,8,0.0055495449341833,0.9035104513168336,0.9022383093833924,0.2527274787425995,0.0039229355752468,128,47591.0,1.7430669991319962e+19,12475709440,173122560,8,0.0039229355752468,7982284800.0,1.1144553098188392e+19,30428.0,1.579995367097073,1.594237283448704,bin_3
config_576,768,19,8,0.0055495449341833,0.9035104513168336,0.9022383093833924,0.2527274787425995,0.0039229355752468,128,47591.0,1.7430669991319962e+19,12475709440,173122560,8,0.0036176335299794,9568256000.0,1.3373610221744806e+19,36514.0,1.5661314665294084,1.5798265000444944,bin_3
config_576,768,19,8,0.0055495449341833,0.9035104513168336,0.9022383093833924,0.2527274787425995,0.0039229355752468,128,47591.0,1.7430669991319962e+19,12475709440,173122560,8,0.0016279513973606,11167334400.0,1.5602301085504385e+19,42599.0,1.5255739995690645,1.5389139982715982,bin_3
config_576,768,19,8,0.0055495449341833,0.9035104513168336,0.9022383093833924,0.2527274787425995,0.0039229355752468,128,47591.0,1.7430669991319962e+19,12475709440,173122560,8,1.3373273350388015e-05,12464947200.0,1.7430669991319962e+19,47591.0,1.4929865938327351,1.505354898747851,bin_3
config_577,256,11,16,0.001548814587295,0.9092930555343628,0.9043208956718444,0.0018160165054723,0.0020044059492647,64,26549.0,7.052351290107494e+17,3479869440,22248448,16,0.0020044059492647,1592524800.0,3.2330471035405594e+17,12171.0,1.9670729566402123,1.988111204319313,bin_1
config_577,256,11,16,0.001548814587295,0.9092930555343628,0.9043208956718444,0.0018160165054723,0.0020044059492647,64,26549.0,7.052351290107494e+17,3479869440,22248448,16,0.0020044059492647,3191603200.0,6.466094207081119e+17,24342.0,1.9209810276500516,1.9413449905739453,bin_1
config_577,256,11,16,0.001548814587295,0.9092930555343628,0.9043208956718444,0.0018160165054723,0.0020044059492647,64,26549.0,7.052351290107494e+17,3479869440,22248448,16,0.0020044059492647,3473408000.0,7.052351290107494e+17,26549.0,1.897407554876609,1.9175238550686449,bin_1
config_578,768,4,16,0.024618336930871,0.9404509663581848,0.9415837526321412,0.2352568954229354,0.0004334999248385,64,61261.0,3.830479634379571e+18,8029628416,66931200,16,0.0004334999248385,1592524800.0,7.610187171289036e+17,12171.0,1.8568680412652063,1.87677624378048,bin_2
config_578,768,4,16,0.024618336930871,0.9404509663581848,0.9415837526321412,0.2352568954229354,0.0004334999248385,64,61261.0,3.830479634379571e+18,8029628416,66931200,16,0.0004334999248385,3191603200.0,1.522037434257807e+18,24342.0,1.7935335112008892,1.812658748978474,bin_2
config_578,768,4,16,0.024618336930871,0.9404509663581848,0.9415837526321412,0.2352568954229354,0.0004334999248385,64,61261.0,3.830479634379571e+18,8029628416,66931200,16,0.0004334999248385,4784128000.0,2.283118678600344e+18,36514.0,1.768627122386557,1.7852383261430458,bin_2
config_578,768,4,16,0.024618336930871,0.9404509663581848,0.9415837526321412,0.2352568954229354,0.0004334999248385,64,61261.0,3.830479634379571e+18,8029628416,66931200,16,0.0003778235190047,6383206400.0,3.044137395729248e+18,48685.0,1.7436975826982593,1.760839066544517,bin_2
config_578,768,4,16,0.024618336930871,0.9404509663581848,0.9415837526321412,0.2352568954229354,0.0004334999248385,64,61261.0,3.830479634379571e+18,8029628416,66931200,16,1.236250826454631e-05,7975731200.0,3.805156112858151e+18,60856.0,1.6799405276189086,1.696017960798545,bin_2
config_578,768,4,16,0.024618336930871,0.9404509663581848,0.9415837526321412,0.2352568954229354,0.0004334999248385,64,61261.0,3.830479634379571e+18,8029628416,66931200,16,3.30870050875955e-07,8028160000.0,3.830479634379571e+18,61261.0,1.6792246159178312,1.6952832747678288,bin_2
config_579,512,5,16,0.1567452847957611,0.8537575006484985,0.9360372424125672,0.2746214568614959,3.0333601898746565e-05,32,4008.0,8.39520702148608e+16,262677200,42786816,16,3.0333601898746565e-05,131072000.0,4.19760351074304e+16,2004.0,3.0242201322805684,3.0558098435792767,bin_0
config_579,512,5,16,0.1567452847957611,0.8537575006484985,0.9360372424125672,0.2746214568614959,3.0333601898746565e-05,32,4008.0,8.39520702148608e+16,262677200,42786816,16,2.2060801380906745e-07,262144000.0,8.39520702148608e+16,4008.0,2.8296588039398194,2.85917962668372,bin_0
config_58,384,8,24,0.0846504420042038,0.90314918756485,0.944480836391449,0.0648185163736343,0.0005973482038825,64,16350.0,5.920750720100598e+17,2143100416,33468672,16,0.0005973482038825,1592524800.0,4.407428563568464e+17,12171.0,1.909253300643358,1.9297370805115,bin_1
config_58,384,8,24,0.0846504420042038,0.90314918756485,0.944480836391449,0.0648185163736343,0.0005973482038825,64,16350.0,5.920750720100598e+17,2143100416,33468672,16,0.0,2143027200.0,5.920750720100598e+17,16350.0,1.827770896974157,1.84735671074664,bin_1
config_580,576,15,18,0.0262810606509447,0.8472017049789429,0.9300700426101683,0.2924958169460296,9.766355651663616e-05,64,41028.0,4.003180634400031e+18,5377640960,88697088,16,9.766355651663616e-05,1592524800.0,1.187547808844759e+18,12171.0,1.899528078173028,1.9198497563502828,bin_2
config_580,576,15,18,0.0262810606509447,0.8472017049789429,0.9300700426101683,0.2924958169460296,9.766355651663616e-05,64,41028.0,4.003180634400031e+18,5377640960,88697088,16,9.766355651663616e-05,3191603200.0,2.375095617689518e+18,24342.0,1.7901410421777944,1.8094355362360597,bin_2
config_580,576,15,18,0.0262810606509447,0.8472017049789429,0.9300700426101683,0.2924958169460296,9.766355651663616e-05,64,41028.0,4.003180634400031e+18,5377640960,88697088,16,3.685171532561071e-05,4784128000.0,3.5627409984518554e+18,36514.0,1.72010776812913,1.738163170071899,bin_2
config_580,576,15,18,0.0262810606509447,0.8472017049789429,0.9300700426101683,0.2924958169460296,9.766355651663616e-05,64,41028.0,4.003180634400031e+18,5377640960,88697088,16,2.278816318721449e-07,5373952000.0,4.003180634400031e+18,41028.0,1.702179320249401,1.7198572875241764,bin_2
config_581,384,20,24,0.0021029114723205,0.8069424629211426,0.9627206325531006,0.0755791068077087,0.0009261413360945,64,16271.0,1.102422765695828e+18,2132681856,54711552,16,0.0009261413360945,1592524800.0,8.246320128623884e+17,12171.0,1.848573472968868,1.8685123603070368,bin_1
config_581,384,20,24,0.0021029114723205,0.8069424629211426,0.9627206325531006,0.0755791068077087,0.0009261413360945,64,16271.0,1.102422765695828e+18,2132681856,54711552,16,1.5825035034976675e-05,2129920000.0,1.102422765695828e+18,16271.0,1.7679026720172069,1.7867701466747972,bin_1
config_583,704,16,8,0.0192495044320821,0.8384490609169006,0.9091221690177916,0.2962200343608856,0.0008558075060136,64,14235.0,2.0427042543884695e+18,1865914880,136343680,8,0.000423234973918,1592524800.0,1.746522899906011e+18,12171.0,1.7308987241690277,1.7488608784753767,bin_2
config_583,704,16,8,0.0192495044320821,0.8384490609169006,0.9091221690177916,0.2962200343608856,0.0008558075060136,64,14235.0,2.0427042543884695e+18,1865914880,136343680,8,7.104663830758556e-06,1861222400.0,2.0427042543884695e+18,14235.0,1.6828580186992397,1.7004696183321906,bin_2
config_584,832,5,16,0.0620119646191597,0.8550779819488525,0.990144908428192,0.1801085919141769,0.0030684508383274,64,32454.0,2.5897857222785434e+18,4253853440,84438016,16,0.0030684508383274,1592524800.0,9.712294948496996e+17,12171.0,1.8218960305510972,1.841788610434923,bin_2
config_584,832,5,16,0.0620119646191597,0.8550779819488525,0.990144908428192,0.1801085919141769,0.0030684508383274,64,32454.0,2.5897857222785434e+18,4253853440,84438016,16,0.0030684508383274,3191603200.0,1.9424589896993997e+18,24342.0,1.7833462641669102,1.8025279212779688,bin_2
config_584,832,5,16,0.0620119646191597,0.8550779819488525,0.990144908428192,0.1801085919141769,0.0030684508383274,64,32454.0,2.5897857222785434e+18,4253853440,84438016,16,2.0998808132268072e-06,4253286400.0,2.5897857222785434e+18,32454.0,1.649126989020676,1.6669402860813454,bin_2
config_585,832,15,8,0.0573441982269287,0.8907828330993652,0.9428888559341432,0.1179441586136818,3.553934584488161e-05,32,7179.0,6.232216801123123e+17,470546880,169651456,8,3.553934584488161e-05,235929600.0,3.115674341723205e+17,3589.0,2.476609130921911,2.502703524808415,bin_1
config_585,832,15,8,0.0573441982269287,0.8907828330993652,0.9428888559341432,0.1179441586136818,3.553934584488161e-05,32,7179.0,6.232216801123123e+17,470546880,169651456,8,1.2182518079214728e-06,468582400.0,6.232216801123123e+17,7179.0,2.1679123601170835,2.190323962735348,bin_1
config_586,1088,5,16,0.0016122865490615,0.9127430319786072,0.94182687997818,0.1785632371902465,7.563173858216032e-05,128,55481.0,1.315909356798306e+19,14544272384,128523264,16,7.563173858216032e-05,1599078400.0,1.443489545155006e+18,6086.0,1.967716223841808,1.9891911511343037,bin_3
config_586,1088,5,16,0.0016122865490615,0.9127430319786072,0.94182687997818,0.1785632371902465,7.563173858216032e-05,128,55481.0,1.315909356798306e+19,14544272384,128523264,16,7.563173858216032e-05,3185049600.0,2.8867419083275684e+18,12171.0,1.8203689092495403,1.8403546653810092,bin_3
config_586,1088,5,16,0.0016122865490615,0.9127430319786072,0.94182687997818,0.1785632371902465,7.563173858216032e-05,128,55481.0,1.315909356798306e+19,14544272384,128523264,16,7.563173858216032e-05,4784128000.0,4.3302314534825743e+18,18257.0,1.7598494610239248,1.7781864316346216,bin_3
config_586,1088,5,16,0.0016122865490615,0.9127430319786072,0.94182687997818,0.1785632371902465,7.563173858216032e-05,128,55481.0,1.315909356798306e+19,14544272384,128523264,16,7.563173858216032e-05,6383206400.0,5.773483816655137e+18,24342.0,1.7237134490247632,1.7417392722114189,bin_3
config_586,1088,5,16,0.0016122865490615,0.9127430319786072,0.94182687997818,0.1785632371902465,7.563173858216032e-05,128,55481.0,1.315909356798306e+19,14544272384,128523264,16,7.563173858216032e-05,7982284800.0,7.216973361810142e+18,30428.0,1.698431242997529,1.7161569616833672,bin_3
config_586,1088,5,16,0.0016122865490615,0.9127430319786072,0.94182687997818,0.1785632371902465,7.563173858216032e-05,128,55481.0,1.315909356798306e+19,14544272384,128523264,16,7.563173858216032e-05,9568256000.0,8.660462906965149e+18,36514.0,1.679060302796911,1.6969397686348586,bin_3
config_586,1088,5,16,0.0016122865490615,0.9127430319786072,0.94182687997818,0.1785632371902465,7.563173858216032e-05,128,55481.0,1.315909356798306e+19,14544272384,128523264,16,7.563173858216032e-05,11167334400.0,1.010371527013771e+19,42599.0,1.664010832309723,1.681130227065477,bin_3
config_586,1088,5,16,0.0016122865490615,0.9127430319786072,0.94182687997818,0.1785632371902465,7.563173858216032e-05,128,55481.0,1.315909356798306e+19,14544272384,128523264,16,5.177254384470312e-05,12766412800.0,1.1547204815292715e+19,48685.0,1.6440350286296157,1.6601858649879206,bin_3
config_586,1088,5,16,0.0016122865490615,0.9127430319786072,0.94182687997818,0.1785632371902465,7.563173858216032e-05,128,55481.0,1.315909356798306e+19,14544272384,128523264,16,5.581142832985985e-06,14352384000.0,1.2990457178465278e+19,54770.0,1.6220187610876364,1.635350474920429,bin_3
config_586,1088,5,16,0.0016122865490615,0.9127430319786072,0.94182687997818,0.1785632371902465,7.563173858216032e-05,128,55481.0,1.315909356798306e+19,14544272384,128523264,16,2.3668321179557146e-07,14535884800.0,1.315909356798306e+19,55481.0,1.62088579416275,1.6340380129266958,bin_3
config_588,1088,24,4,0.0035761937033385,0.8347225785255432,0.9302756786346436,0.129166767001152,4.762711250805296e-05,32,13091.0,2.655925047376184e+18,857950464,409042304,8,4.762711250805296e-05,429260800.0,1.3278610828108716e+18,6545.0,2.023196864401708,2.044949889632522,bin_2
config_588,1088,24,4,0.0035761937033385,0.8347225785255432,0.9302756786346436,0.129166767001152,4.762711250805296e-05,32,13091.0,2.655925047376184e+18,857950464,409042304,8,1.1554506584793907e-06,855244800.0,2.655925047376184e+18,13091.0,1.843726400449628,1.86381686746097,bin_2
config_589,1088,12,8,0.0214336887001991,0.9423906803131104,0.9775222539901732,0.2049128264188766,0.0001045537137542,64,46887.0,1.0520982141811753e+19,6145665536,231872384,8,0.0001045537137542,1592524800.0,2.7310528216348e+18,12171.0,1.7564799727377345,1.7747934863411012,bin_3
config_589,1088,12,8,0.0214336887001991,0.9423906803131104,0.9775222539901732,0.2049128264188766,0.0001045537137542,64,46887.0,1.0520982141811753e+19,6145665536,231872384,8,0.0001045537137542,3191603200.0,5.462105643269599e+18,24342.0,1.6612281302741316,1.6784950362072617,bin_3
config_589,1088,12,8,0.0214336887001991,0.9423906803131104,0.9775222539901732,0.2049128264188766,0.0001045537137542,64,46887.0,1.0520982141811753e+19,6145665536,231872384,8,0.0001045537137542,4784128000.0,8.19338285507954e+18,36514.0,1.6157097849884972,1.6311669027609903,bin_3
config_589,1088,12,8,0.0214336887001991,0.9423906803131104,0.9775222539901732,0.2049128264188766,0.0001045537137542,64,46887.0,1.0520982141811753e+19,6145665536,231872384,8,4.0267382209935494e-07,6140723200.0,1.0520982141811753e+19,46887.0,1.555087369426352,1.5700086706192766,bin_3
config_59,1152,15,12,0.0020194409880787,0.9488442540168762,0.9065175652503968,0.2515814304351806,0.0001486756373196,128,49228.0,2.846111851570633e+19,12904843264,296833536,8,0.0001486756373196,1599078400.0,3.518614757588948e+18,6086.0,1.7567071648503914,1.774987923727661,bin_3
config_59,1152,15,12,0.0020194409880787,0.9488442540168762,0.9065175652503968,0.2515814304351806,0.0001486756373196,128,49228.0,2.846111851570633e+19,12904843264,296833536,8,0.0001486756373196,3185049600.0,7.036651366187165e+18,12171.0,1.6474104026301963,1.6651031737249409,bin_3
config_59,1152,15,12,0.0020194409880787,0.9488442540168762,0.9065175652503968,0.2515814304351806,0.0001486756373196,128,49228.0,2.846111851570633e+19,12904843264,296833536,8,0.0001486756373196,4784128000.0,1.0555266123776113e+19,18257.0,1.5992769494408468,1.614811124352158,bin_3
config_59,1152,15,12,0.0020194409880787,0.9488442540168762,0.9065175652503968,0.2515814304351806,0.0001486756373196,128,49228.0,2.846111851570633e+19,12904843264,296833536,8,0.0001486756373196,6383206400.0,1.407330273237433e+19,24342.0,1.5690215926678457,1.5842045879950288,bin_3
config_59,1152,15,12,0.0020194409880787,0.9488442540168762,0.9065175652503968,0.2515814304351806,0.0001486756373196,128,49228.0,2.846111851570633e+19,12904843264,296833536,8,0.0001486756373196,7982284800.0,1.7591917489963278e+19,30428.0,1.5487553982167948,1.563484039130758,bin_3
config_59,1152,15,12,0.0020194409880787,0.9488442540168762,0.9065175652503968,0.2515814304351806,0.0001486756373196,128,49228.0,2.846111851570633e+19,12904843264,296833536,8,0.0001486756373196,9568256000.0,2.1110532247552225e+19,36514.0,1.532932927071071,1.547179321246069,bin_3
config_59,1152,15,12,0.0020194409880787,0.9488442540168762,0.9065175652503968,0.2515814304351806,0.0001486756373196,128,49228.0,2.846111851570633e+19,12904843264,296833536,8,7.957219994790582e-05,11167334400.0,2.462856885615044e+19,42599.0,1.5001160874718524,1.514276813561799,bin_3
config_59,1152,15,12,0.0020194409880787,0.9488442540168762,0.9065175652503968,0.2515814304351806,0.0001486756373196,128,49228.0,2.846111851570633e+19,12904843264,296833536,8,6.338883761691967e-06,12766412800.0,2.8147183613739397e+19,48685.0,1.47342781296519,1.4870795822827545,bin_3
config_59,1152,15,12,0.0020194409880787,0.9488442540168762,0.9065175652503968,0.2515814304351806,0.0001486756373196,128,49228.0,2.846111851570633e+19,12904843264,296833536,8,3.3615292675638684e-07,12897484800.0,2.846111851570633e+19,49228.0,1.472458775971757,1.486236734517285,bin_3
config_590,576,10,12,0.0604275204241275,0.8029288649559021,0.9645113348960876,0.1754683256149292,1.7606142137083225e-05,32,8390.0,3.047247245265961e+17,549852288,68784768,16,1.7606142137083225e-05,275251200.0,1.5236236226329805e+17,4195.0,2.8600608227682893,2.8899545460059994,bin_0
config_590,576,10,12,0.0604275204241275,0.8029288649559021,0.9645113348960876,0.1754683256149292,1.7606142137083225e-05,32,8390.0,3.047247245265961e+17,549852288,68784768,16,4.78427775464219e-07,547225600.0,3.047247245265961e+17,8390.0,2.6461022209730305,2.674086073343871,bin_0
config_591,384,20,24,0.0073671024292707,0.8797757625579834,0.9861792325973512,0.1648503541946411,0.0009627122781239,32,12334.0,4.178654252257444e+17,808377728,54711552,16,0.0009627122781239,403046400.0,2.089327126128722e+17,6167.0,2.01222591325885,2.0319901457380074,bin_0
config_591,384,20,24,0.0073671024292707,0.8797757625579834,0.9861792325973512,0.1648503541946411,0.0009627122781239,32,12334.0,4.178654252257444e+17,808377728,54711552,16,1.610045128195485e-05,806092800.0,4.178654252257444e+17,12334.0,1.8457628417015075,1.863890670322981,bin_0
config_593,1024,13,8,0.0426379740238189,0.8519279956817627,0.9967116117477416,0.1725050508975982,0.0018105431227013,64,15000.0,3.220462759160316e+18,1966128128,218497024,8,0.0018105431227013,1592524800.0,2.6130834827826806e+18,12171.0,3.1197227050437304,3.15431003097628,bin_2
config_593,1024,13,8,0.0426379740238189,0.8519279956817627,0.9967116117477416,0.1725050508975982,0.0018105431227013,64,15000.0,3.220462759160316e+18,1966128128,218497024,8,0.0,1966080000.0,3.220462759160316e+18,15000.0,2.988015450141469,3.020373537540436,bin_2
config_594,704,24,16,0.0011866728309541,0.8018476963043213,0.9348432421684264,0.0454221367835998,4.22266821260564e-05,64,30655.0,6.171409463637344e+18,4018014464,186817664,8,4.22266821260564e-05,1592524800.0,2.450243829128368e+18,12171.0,1.93905743552036,1.9592685040294149,bin_3
config_594,704,24,16,0.0011866728309541,0.8018476963043213,0.9348432421684264,0.0454221367835998,4.22266821260564e-05,64,30655.0,6.171409463637344e+18,4018014464,186817664,8,4.22266821260564e-05,3191603200.0,4.900487658256736e+18,24342.0,1.7951298957379138,1.8141285626810104,bin_3
config_594,704,24,16,0.0011866728309541,0.8018476963043213,0.9348432421684264,0.0454221367835998,4.22266821260564e-05,64,30655.0,6.171409463637344e+18,4018014464,186817664,8,1.516763007401473e-07,4017356800.0,6.171409463637344e+18,30655.0,1.7351931349957574,1.753670683356582,bin_3
config_595,1088,6,16,0.0232332572340965,0.8377818465232849,0.9764181971549988,0.2977855503559112,1.0734086572483648e-05,64,8543.0,1.1422549319664108e+18,1119778944,143287424,16,1.0734086572483648e-05,557056000.0,5.710606127155028e+17,4271.0,2.738973993707876,2.76735939377644,bin_1
config_595,1088,6,16,0.0232332572340965,0.8377818465232849,0.9764181971549988,0.2977855503559112,1.0734086572483648e-05,64,8543.0,1.1422549319664108e+18,1119778944,143287424,16,1.8150441314069866e-07,1114112000.0,1.1422549319664108e+18,8543.0,2.5013277972721664,2.5275988879750986,bin_1
config_596,704,19,16,0.0198181737214326,0.9293049573898317,0.9649824500083924,0.1885184943675995,4.0413437091046944e-05,128,48151.0,1.5906965278774397e+19,12622648320,155271424,8,4.0413437091046944e-05,1599078400.0,2.0105457973172096e+18,6086.0,2.1116117523537308,2.1342398980015616,bin_3
config_596,704,19,16,0.0198181737214326,0.9293049573898317,0.9649824500083924,0.1885184943675995,4.0413437091046944e-05,128,48151.0,1.5906965278774397e+19,12622648320,155271424,8,4.0413437091046944e-05,3185049600.0,4.020761238768938e+18,12171.0,1.877284927583132,1.897882692188513,bin_3
config_596,704,19,16,0.0198181737214326,0.9293049573898317,0.9649824500083924,0.1885184943675995,4.0413437091046944e-05,128,48151.0,1.5906965278774397e+19,12622648320,155271424,8,4.0413437091046944e-05,4784128000.0,6.031307036086148e+18,18257.0,1.7896216969802732,1.808233811425381,bin_3
config_596,704,19,16,0.0198181737214326,0.9293049573898317,0.9649824500083924,0.1885184943675995,4.0413437091046944e-05,128,48151.0,1.5906965278774397e+19,12622648320,155271424,8,4.0413437091046944e-05,6383206400.0,8.041522477537876e+18,24342.0,1.7392451651565364,1.7568118577120737,bin_3
config_596,704,19,16,0.0198181737214326,0.9293049573898317,0.9649824500083924,0.1885184943675995,4.0413437091046944e-05,128,48151.0,1.5906965278774397e+19,12622648320,155271424,8,4.0413437091046944e-05,7982284800.0,1.0052068274855088e+19,30428.0,1.705446839156698,1.7225495140474352,bin_3
config_596,704,19,16,0.0198181737214326,0.9293049573898317,0.9649824500083924,0.1885184943675995,4.0413437091046944e-05,128,48151.0,1.5906965278774397e+19,12622648320,155271424,8,4.0413437091046944e-05,9568256000.0,1.2062614072172296e+19,36514.0,1.6795508460920363,1.697070581092209,bin_3
config_596,704,19,16,0.0198181737214326,0.9293049573898317,0.9649824500083924,0.1885184943675995,4.0413437091046944e-05,128,48151.0,1.5906965278774397e+19,12622648320,155271424,8,2.471466225541496e-05,11167334400.0,1.4072829513624023e+19,42599.0,1.65016728930786,1.6671030769973505,bin_3
config_596,704,19,16,0.0198181737214326,0.9293049573898317,0.9649824500083924,0.1885184943675995,4.0413437091046944e-05,128,48151.0,1.5906965278774397e+19,12622648320,155271424,8,4.452290083846162e-09,12622233600.0,1.5906965278774397e+19,48151.0,1.628197544422306,1.6445842065772072,bin_3
config_597,1152,15,18,0.0026473163161426,0.850172758102417,0.9165214896202089,0.0646920800209045,0.0043902755714952,64,19619.0,5.671567440315482e+18,2571602688,296833536,8,0.0043902755714952,1592524800.0,3.518459009943408e+18,12171.0,3.0925058969904167,3.1241682177293497,bin_3
config_597,1152,15,18,0.0026473163161426,0.850172758102417,0.9165214896202089,0.0646920800209045,0.0043902755714952,64,19619.0,5.671567440315482e+18,2571602688,296833536,8,6.57330463817267e-05,2569011200.0,5.671567440315482e+18,19619.0,2.8198084020223773,2.849349868102152,bin_3
config_598,1088,5,16,0.0303825102746486,0.8525532484054565,0.9020458459854126,0.2697309553623199,0.0008020345703698,64,24424.0,2.896486401486127e+18,3201382144,128523264,16,0.0008020345703698,1592524800.0,1.443380936475911e+18,12171.0,1.796341309000234,1.8155643832488135,bin_2
config_598,1088,5,16,0.0303825102746486,0.8525532484054565,0.9020458459854126,0.2697309553623199,0.0008020345703698,64,24424.0,2.896486401486127e+18,3201382144,128523264,16,9.010256293816624e-06,3191603200.0,2.886761872951822e+18,24342.0,1.6608872046236132,1.6783359794538528,bin_2
config_598,1088,5,16,0.0303825102746486,0.8525532484054565,0.9020458459854126,0.2697309553623199,0.0008020345703698,64,24424.0,2.896486401486127e+18,3201382144,128523264,16,2.9222452844810238e-06,3198156800.0,2.896486401486127e+18,24424.0,1.660637717403349,1.6780786387646784,bin_2
config_599,1024,7,8,0.0066798268817365,0.9321144223213196,0.959773063659668,0.1864256858825683,0.0009543098858557,32,6893.0,4.628607734250209e+17,451767616,141414400,16,0.0009543098858557,226099200.0,2.3139681201546816e+17,3446.0,2.043139742397871,2.063407093735992,bin_0
config_599,1024,7,8,0.0066798268817365,0.9321144223213196,0.959773063659668,0.1864256858825683,0.0009543098858557,32,6893.0,4.628607734250209e+17,451767616,141414400,16,3.193410512980369e-05,448921600.0,4.628607734250209e+17,6893.0,1.8551865780939825,1.8734815132813376,bin_0
config_60,896,17,8,0.0049654087051749,0.8443569540977478,0.9319012761116028,0.0809705629944801,6.851112993899733e-05,32,8514.0,9.341741751154606e+17,558025664,216652800,8,6.851112993899733e-05,278528000.0,4.670870875577303e+17,4257.0,2.17072746444921,2.1925406280892794,bin_1
config_60,896,17,8,0.0049654087051749,0.8443569540977478,0.9319012761116028,0.0809705629944801,6.851112993899733e-05,32,8514.0,9.341741751154606e+17,558025664,216652800,8,1.392098431271356e-06,557056000.0,9.341741751154606e+17,8514.0,1.9607977910315404,1.9815321856444,bin_1
config_601,576,19,18,0.0332305096089839,0.8555945158004761,0.9611414074897766,0.2335353344678878,4.3819491111207753e-05,64,7964.0,9.35995063362822e+17,1043953856,104626944,8,4.3819491111207753e-05,524288000.0,4.679975316814111e+17,3982.0,2.4269182325972887,2.451776665234175,bin_1
config_601,576,19,18,0.0332305096089839,0.8555945158004761,0.9611414074897766,0.2335353344678878,4.3819491111207753e-05,64,7964.0,9.35995063362822e+17,1043953856,104626944,8,3.300015468299709e-07,1042022400.0,9.35995063362822e+17,7964.0,2.1328869672290613,2.155672966574059,bin_1
config_602,320,6,4,0.069398432970047,0.8000057935714722,0.975033700466156,0.1030577346682548,0.0002574343816377,32,8455.0,1.074216960479232e+17,554140544,24448640,16,0.0002574343816377,278528000.0,5.370449546949395e+16,4227.0,2.198863871292989,2.2214231632185766,bin_0
config_602,320,6,4,0.069398432970047,0.8000057935714722,0.975033700466156,0.1030577346682548,0.0002574343816377,32,8455.0,1.074216960479232e+17,554140544,24448640,16,1.4778093090569446e-06,553779200.0,1.074216960479232e+17,8455.0,2.0257766498503136,2.0475550633571187,bin_0
config_604,896,12,16,0.0051371227018535,0.9812216758728028,0.9013312458992004,0.2400801628828048,2.4993250917759724e-05,32,11948.0,9.876144961735556e+17,783079296,166181120,8,2.4993250917759724e-05,389939200.0,4.9380724808677786e+17,5974.0,2.3243346434343057,2.347557189230059,bin_1
config_604,896,12,16,0.0051371227018535,0.9812216758728028,0.9013312458992004,0.2400801628828048,2.4993250917759724e-05,32,11948.0,9.876144961735556e+17,783079296,166181120,8,4.182970864897016e-07,779878400.0,9.876144961735556e+17,11948.0,2.062693083813933,2.084165007540437,bin_1
config_605,896,14,16,0.001452799886465,0.8172444701194763,0.9710742235183716,0.1843582838773727,1.49333482113434e-05,64,18459.0,3.45098723743472e+18,2419463168,186369792,8,1.49333482113434e-05,1592524800.0,2.2754193437790769e+18,12171.0,2.154290624817864,2.176959010753475,bin_2
config_605,896,14,16,0.001452799886465,0.8172444701194763,0.9710742235183716,0.1843582838773727,1.49333482113434e-05,64,18459.0,3.45098723743472e+18,2419463168,186369792,8,3.9494602968582926e-08,2418278400.0,3.45098723743472e+18,18459.0,2.022896764356582,2.0446041911742725,bin_2
config_606,768,15,16,0.1905363500118255,0.8383827209472656,0.9186953902244568,0.2007235288619995,0.0002450779138598,64,15942.0,2.4067936587078697e+18,2089590016,144804864,8,0.0002450779138598,1592524800.0,1.8374787115878487e+18,12171.0,1.7708627598598354,1.7899880339864824,bin_2
config_606,768,15,16,0.1905363500118255,0.8383827209472656,0.9186953902244568,0.2007235288619995,0.0002450779138598,64,15942.0,2.4067936587078697e+18,2089590016,144804864,8,3.217653136015669e-06,2084044800.0,2.4067936587078697e+18,15942.0,1.677921781618087,1.6960728419217908,bin_2
config_607,576,12,16,0.0015668452251702,0.8789205551147461,0.9684170484542848,0.088450975716114,3.877836570609361e-05,32,13491.0,5.572664627688161e+17,884155456,76749696,16,3.877836570609361e-05,442368000.0,2.78612578116942e+17,6745.0,2.385218038050855,2.4101290482380358,bin_1
config_607,576,12,16,0.0015668452251702,0.8789205551147461,0.9684170484542848,0.088450975716114,3.877836570609361e-05,32,13491.0,5.572664627688161e+17,884155456,76749696,16,1.3327015875522484e-06,881459200.0,5.572664627688161e+17,13491.0,2.111947524469407,2.133591545761609,bin_1
config_609,512,22,8,0.0292354170233011,0.92827707529068,0.9658415913581848,0.2121502608060836,1.989567135751713e-05,32,12969.0,7.489443448087511e+17,849996992,100738048,8,1.989567135751713e-05,425984000.0,3.744432979982992e+17,6484.0,2.65309078351396,2.68106059582507,bin_1
config_609,512,22,8,0.0292354170233011,0.92827707529068,0.9658415913581848,0.2121502608060836,1.989567135751713e-05,32,12969.0,7.489443448087511e+17,849996992,100738048,8,1.374110344575881e-07,848691200.0,7.489443448087511e+17,12969.0,2.339150069228938,2.3633731634304174,bin_1
config_61,320,18,16,0.0417447797954082,0.8730454444885254,0.9468849897384644,0.2623434662818908,0.0001950511505128,64,16872.0,8.591515107980083e+17,2211488256,41168000,16,0.0001950511505128,1592524800.0,6.197684351542532e+17,12171.0,1.9217023993711,1.943181827810944,bin_1
config_61,320,18,16,0.0417447797954082,0.8730454444885254,0.9468849897384644,0.2623434662818908,0.0001950511505128,64,16872.0,8.591515107980083e+17,2211488256,41168000,16,9.695267309722854e-07,2208563200.0,8.591515107980083e+17,16872.0,1.8463253681776957,1.8666505828841788,bin_1
config_610,384,20,24,0.1197462081909179,0.8530887365341187,0.9590307474136353,0.0749426186084747,0.0001034348097164,32,5243.0,1.7762617467283046e+17,343625088,54711552,16,0.0001034348097164,170393600.0,8.879614797205582e+16,2621.0,2.672422957185839,2.7008449360581697,bin_0
config_610,384,20,24,0.1197462081909179,0.8530887365341187,0.9590307474136353,0.0749426186084747,0.0001034348097164,32,5243.0,1.7762617467283046e+17,343625088,54711552,16,1.1346165351545887e-05,340787200.0,1.7762617467283046e+17,5243.0,2.3577263127389503,2.381826475604636,bin_0
config_611,512,10,8,0.006843140348792,0.9415168762207032,0.9788856506347656,0.2549175024032593,8.646366040920839e-05,32,3482.0,1.106407838245847e+17,228241856,59831296,16,8.646366040920839e-05,114688000.0,5.532039191229235e+16,1741.0,2.731605085779409,2.760036570986764,bin_0
config_611,512,10,8,0.006843140348792,0.9415168762207032,0.9788856506347656,0.2549175024032593,8.646366040920839e-05,32,3482.0,1.106407838245847e+17,228241856,59831296,16,3.1193203304336688e-06,226099200.0,1.106407838245847e+17,3482.0,2.396422698106922,2.4201048633700517,bin_0
config_612,320,16,16,0.0010085372487083,0.8524972200393677,0.9884806275367736,0.0679784640669822,0.0026654789689928,64,20925.0,9.76559346966528e+17,2742725120,38381440,16,0.0026654789689928,1592524800.0,5.6801451908863136e+17,12171.0,1.8272111916151204,1.8463829289889728,bin_1
config_612,320,16,16,0.0010085372487083,0.8524972200393677,0.9884806275367736,0.0679784640669822,0.0026654789689928,64,20925.0,9.76559346966528e+17,2742725120,38381440,16,4.686144460254622e-05,2739404800.0,9.76559346966528e+17,20925.0,1.7427334209739185,1.7612319512445418,bin_1
config_613,1152,9,8,0.0166794098913669,0.9463942050933838,0.9959974884986876,0.234353169798851,0.0001300519506912,32,3250.0,3.114906991188664e+17,213016848,201268224,8,0.0001300519506912,104857600.0,1.557453495594332e+17,1625.0,2.3537241696725126,2.377728851799105,bin_0
config_613,1152,9,8,0.0166794098913669,0.9463942050933838,0.9959974884986876,0.234353169798851,0.0001300519506912,32,3250.0,3.114906991188664e+17,213016848,201268224,8,0.0,212992000.0,3.114906991188664e+17,3250.0,2.072445863348539,2.092738417699689,bin_0
config_614,832,20,16,0.1780615448951721,0.8936485052108765,0.9615750312805176,0.0308149885386228,0.0040709082968533,32,6537.0,7.207946857212641e+17,428460672,212258176,8,0.0040709082968533,212992000.0,3.6034221094341306e+17,3268.0,3.464345653096184,3.500722109255244,bin_1
config_614,832,20,16,0.1780615448951721,0.8936485052108765,0.9615750312805176,0.0308149885386228,0.0040709082968533,32,6537.0,7.207946857212641e+17,428460672,212258176,8,0.0007493711790227,425984000.0,7.207946857212641e+17,6537.0,3.4691696881466223,3.505521344825869,bin_1
config_615,960,18,16,0.0350282676517963,0.8306406140327454,0.947144091129303,0.1094379425048828,0.0010081361979246,64,19709.0,4.930681475764224e+18,2583317760,247367040,8,0.0010081361979246,1592524800.0,3.0448690568535373e+18,12171.0,1.7043599740403597,1.721982564984775,bin_3
config_615,960,18,16,0.0350282676517963,0.8306406140327454,0.947144091129303,0.1094379425048828,0.0010081361979246,64,19709.0,4.930681475764224e+18,2583317760,247367040,8,4.208360752004344e-06,2582118400.0,4.930681475764224e+18,19709.0,1.5889181080997967,1.6053635729336349,bin_3
config_616,1024,13,8,0.0098717957735061,0.9188482761383056,0.950031280517578,0.1492869555950164,1.054442509484943e-05,32,11970.0,1.2849636924012626e+18,784484544,218497024,8,1.054442509484943e-05,393216000.0,6.424818462006313e+17,5985.0,2.6303895618485624,2.657787127162589,bin_1
config_616,1024,13,8,0.0098717957735061,0.9188482761383056,0.950031280517578,0.1492869555950164,1.054442509484943e-05,32,11970.0,1.2849636924012626e+18,784484544,218497024,8,1.1807866847535733e-07,783155200.0,1.2849636924012626e+18,11970.0,2.302513606216087,2.326554586125202,bin_1
config_617,960,7,16,0.0030505852773785,0.805935263633728,0.9671975374221802,0.1192327961325645,0.008216269314289,32,8521.0,5.1338310486921216e+17,558490944,125694720,16,0.008216269314289,278528000.0,2.5666142785387206e+17,4260.0,3.4056032762371125,3.4402467414199327,bin_0
config_617,960,7,16,0.0030505852773785,0.805935263633728,0.9671975374221802,0.1192327961325645,0.008216269314289,32,8521.0,5.1338310486921216e+17,558490944,125694720,16,0.0001699917789163,557056000.0,5.1338310486921216e+17,8521.0,3.219729720412708,3.252337935009941,bin_0
config_618,1152,22,6,0.0939474403858184,0.9318059682846068,0.94411438703537,0.0365425422787666,0.0009154941653832,128,52211.0,4.205316153108647e+19,13686945792,408326400,8,0.0009154941653832,1599078400.0,4.901946736859901e+18,6086.0,1.693634760672929,1.7104734015464782,bin_3
config_618,1152,22,6,0.0939474403858184,0.9318059682846068,0.94411438703537,0.0365425422787666,0.0009154941653832,128,52211.0,4.205316153108647e+19,13686945792,408326400,8,0.0009154941653832,3185049600.0,9.803088027328598e+18,12171.0,1.6101161305239944,1.6268723114787556,bin_3
config_618,1152,22,6,0.0939474403858184,0.9318059682846068,0.94411438703537,0.0365425422787666,0.0009154941653832,128,52211.0,4.205316153108647e+19,13686945792,408326400,8,0.0009154941653832,4784128000.0,1.4705034764188498e+19,18257.0,1.578839194520575,1.5937209254405538,bin_3
config_618,1152,22,6,0.0939474403858184,0.9318059682846068,0.94411438703537,0.0365425422787666,0.0009154941653832,128,52211.0,4.205316153108647e+19,13686945792,408326400,8,0.0009154941653832,6383206400.0,1.96061760546572e+19,24342.0,1.560651087790239,1.5751072213688837,bin_3
config_618,1152,22,6,0.0939474403858184,0.9318059682846068,0.94411438703537,0.0365425422787666,0.0009154941653832,128,52211.0,4.205316153108647e+19,13686945792,408326400,8,0.0009154941653832,7982284800.0,2.45081227915171e+19,30428.0,1.548794197195866,1.5631845513719027,bin_3
config_618,1152,22,6,0.0939474403858184,0.9318059682846068,0.94411438703537,0.0365425422787666,0.0009154941653832,128,52211.0,4.205316153108647e+19,13686945792,408326400,8,0.0009154941653832,9568256000.0,2.9410069528377e+19,36514.0,1.5399692657150206,1.554736692436406,bin_3
config_618,1152,22,6,0.0939474403858184,0.9318059682846068,0.94411438703537,0.0365425422787666,0.0009154941653832,128,52211.0,4.205316153108647e+19,13686945792,408326400,8,0.0009154941653832,11167334400.0,3.431121081884569e+19,42599.0,1.5339260648606254,1.5478865713174226,bin_3
config_618,1152,22,6,0.0939474403858184,0.9318059682846068,0.94411438703537,0.0365425422787666,0.0009154941653832,128,52211.0,4.205316153108647e+19,13686945792,408326400,8,0.0009154941653832,12766412800.0,3.921315755570559e+19,48685.0,1.5288627814074032,1.5420808729773663,bin_3
config_618,1152,22,6,0.0939474403858184,0.9318059682846068,0.94411438703537,0.0365425422787666,0.0009154941653832,128,52211.0,4.205316153108647e+19,13686945792,408326400,8,5.280773895761036e-06,13683916800.0,4.205316153108647e+19,52211.0,1.4521915773094678,1.4623349576113651,bin_3
config_619,832,21,16,0.1663405895233154,0.94354510307312,0.9594632387161256,0.0099263554438948,5.140410576132126e-05,128,44257.0,2.034784781672959e+19,11601788928,220779520,8,5.140410576132126e-05,1599078400.0,2.798133669535131e+18,6086.0,1.9588601486409296,1.9782722856763932,bin_3
config_619,832,21,16,0.1663405895233154,0.94354510307312,0.9594632387161256,0.0099263554438948,5.140410576132126e-05,128,44257.0,2.034784781672959e+19,11601788928,220779520,8,5.140410576132126e-05,3185049600.0,5.595807573432809e+18,12171.0,1.779410869117643,1.7983606875919904,bin_3
config_619,832,21,16,0.1663405895233154,0.94354510307312,0.9594632387161256,0.0099263554438948,5.140410576132126e-05,128,44257.0,2.034784781672959e+19,11601788928,220779520,8,5.140410576132126e-05,4784128000.0,8.393941242967941e+18,18257.0,1.7070150936626998,1.7232136974569228,bin_3
config_619,832,21,16,0.1663405895233154,0.94354510307312,0.9594632387161256,0.0099263554438948,5.140410576132126e-05,128,44257.0,2.034784781672959e+19,11601788928,220779520,8,5.140410576132126e-05,6383206400.0,1.119161514686562e+19,24342.0,1.663728843986011,1.6789081709502174,bin_3
config_619,832,21,16,0.1663405895233154,0.94354510307312,0.9594632387161256,0.0099263554438948,5.140410576132126e-05,128,44257.0,2.034784781672959e+19,11601788928,220779520,8,5.140410576132126e-05,7982284800.0,1.3989748816400753e+19,30428.0,1.632645860109173,1.6480645894027146,bin_3
config_619,832,21,16,0.1663405895233154,0.94354510307312,0.9594632387161256,0.0099263554438948,5.140410576132126e-05,128,44257.0,2.034784781672959e+19,11601788928,220779520,8,5.140410576132126e-05,9568256000.0,1.6787882485935882e+19,36514.0,1.606898078723032,1.6240946391176003,bin_3
config_619,832,21,16,0.1663405895233154,0.94354510307312,0.9594632387161256,0.0099263554438948,5.140410576132126e-05,128,44257.0,2.034784781672959e+19,11601788928,220779520,8,5.140410576132126e-05,11167334400.0,1.958555638983356e+19,42599.0,1.5905265371916724,1.6060109823258195,bin_3
config_619,832,21,16,0.1663405895233154,0.94354510307312,0.9594632387161256,0.0099263554438948,5.140410576132126e-05,128,44257.0,2.034784781672959e+19,11601788928,220779520,8,8.196554449413438e-07,11599872000.0,2.034784781672959e+19,44257.0,1.5690342362005203,1.584046590504099,bin_3
config_62,576,14,12,0.0210950225591659,0.9314248561859132,0.9198376536369324,0.2632162272930145,0.0091721760109066,32,10014.0,4.636184354568438e+17,656340864,84714624,16,0.0091721760109066,327680000.0,2.318092177284219e+17,5007.0,3.3934789093205184,3.4272702356244698,bin_0
config_62,576,14,12,0.0210950225591659,0.9314248561859132,0.9198376536369324,0.2632162272930145,0.0091721760109066,32,10014.0,4.636184354568438e+17,656340864,84714624,16,4.8732623966867006e-05,655360000.0,4.636184354568438e+17,10014.0,3.1965081245391094,3.230177930065843,bin_0
config_620,256,11,16,0.0016196569195017,0.8043187260627747,0.9155735373497008,0.0402724221348762,8.645978959975764e-05,64,11504.0,3.0559478149821235e+17,1507908352,22248448,16,8.645978959975764e-05,753664000.0,1.5279739074910618e+17,5752.0,2.461377956632708,2.486943621948117,bin_0
config_620,256,11,16,0.0016196569195017,0.8043187260627747,0.9155735373497008,0.0402724221348762,8.645978959975764e-05,64,11504.0,3.0559478149821235e+17,1507908352,22248448,16,7.469528259158333e-07,1507328000.0,3.0559478149821235e+17,11504.0,2.191972140601424,2.215317226472448,bin_0
config_621,960,19,10,0.0039040432311594,0.8572428226470947,0.9803773164749146,0.2053119391202926,0.0001620289549464,64,17396.0,4.55714571475796e+18,2280156928,258428160,8,0.0001620289549464,1592524800.0,3.1883778164129183e+18,12171.0,1.7142299565135457,1.7322624980817076,bin_3
config_621,960,19,10,0.0039040432311594,0.8572428226470947,0.9803773164749146,0.2053119391202926,0.0001620289549464,64,17396.0,4.55714571475796e+18,2280156928,258428160,8,2.0871834017183004e-06,2274099200.0,4.55714571475796e+18,17396.0,1.629097722123881,1.6464239166212864,bin_3
config_622,1088,9,8,0.0038298324216157,0.902288854122162,0.9120587110519408,0.1924310177564621,0.0001266862673219,32,10654.0,9.538359349107916e+17,698267520,187579904,8,0.0001266862673219,350617600.0,4.7691796745539584e+17,5327.0,2.033356778699844,2.0552459957951403,bin_1
config_622,1088,9,8,0.0038298324216157,0.902288854122162,0.9120587110519408,0.1924310177564621,0.0001266862673219,32,10654.0,9.538359349107916e+17,698267520,187579904,8,2.471927167257016e-07,697958400.0,9.538359349107916e+17,10654.0,1.8645187821153733,1.884098029801103,bin_1
config_623,832,15,8,0.0269491542130708,0.8720285892486572,0.9842405915260316,0.0588726475834846,0.0029694915283471,64,33654.0,5.842335908739613e+18,4411099648,169651456,8,0.0029694915283471,1592524800.0,2.112886145637066e+18,12171.0,3.1689080635055165,3.200864945943238,bin_3
config_623,832,15,8,0.0269491542130708,0.8720285892486572,0.9842405915260316,0.0588726475834846,0.0029694915283471,64,33654.0,5.842335908739613e+18,4411099648,169651456,8,0.0029694915283471,3191603200.0,4.225772291274132e+18,24342.0,3.020711660736897,3.053363782265148,bin_3
config_623,832,15,8,0.0269491542130708,0.8720285892486572,0.9842405915260316,0.0588726475834846,0.0029694915283471,64,33654.0,5.842335908739613e+18,4411099648,169651456,8,5.995944529726526e-06,4410572800.0,5.842335908739613e+18,33654.0,2.7912300344177936,2.8215925245206863,bin_3
config_624,704,22,8,0.0019217941444367,0.9323139786720276,0.9310545325279236,0.1496846973896026,0.0029872069135308,32,6451.0,6.028067421938074e+17,422832960,174199168,8,0.0029872069135308,209715200.0,3.013566491357974e+17,3225.0,3.300589232562018,3.335072013002927,bin_1
config_624,704,22,8,0.0019217941444367,0.9323139786720276,0.9310545325279236,0.1496846973896026,0.0029872069135308,32,6451.0,6.028067421938074e+17,422832960,174199168,8,3.0955512057315e-06,422707200.0,6.028067421938074e+17,6451.0,3.166452007059191,3.1993364864099223,bin_1
config_626,640,11,16,0.0020218717399984,0.9577905535697936,0.9531345963478088,0.0093220174312591,0.0013054895680397,64,57522.0,5.287506514030756e+18,7539628544,88061440,16,0.0013054895680397,1592524800.0,1.1187761514249908e+18,12171.0,1.7650026321020282,1.7833440076327716,bin_3
config_626,640,11,16,0.0020218717399984,0.9577905535697936,0.9531345963478088,0.0093220174312591,0.0013054895680397,64,57522.0,5.287506514030756e+18,7539628544,88061440,16,0.0013054895680397,3191603200.0,2.2375523028499817e+18,24342.0,1.6995468514473713,1.717209279654456,bin_3
config_626,640,11,16,0.0020218717399984,0.9577905535697936,0.9531345963478088,0.0093220174312591,0.0013054895680397,64,57522.0,5.287506514030756e+18,7539628544,88061440,16,0.0013054895680397,4784128000.0,3.356420375740048e+18,36514.0,1.6707726749044949,1.686192819759494,bin_3
config_626,640,11,16,0.0020218717399984,0.9577905535697936,0.9531345963478088,0.0093220174312591,0.0013054895680397,64,57522.0,5.287506514030756e+18,7539628544,88061440,16,0.0013054895680397,6383206400.0,4.475196527165039e+18,48685.0,1.6531742099074067,1.6683958958797769,bin_3
config_626,640,11,16,0.0020218717399984,0.9577905535697936,0.9531345963478088,0.0093220174312591,0.0013054895680397,64,57522.0,5.287506514030756e+18,7539628544,88061440,16,5.3583527046408745e-05,7536640000.0,5.287506514030756e+18,57522.0,1.6151971956550095,1.6302359768601715,bin_3
config_63,640,9,16,0.0154457325115799,0.977095663547516,0.9156192541122437,0.1500952094793319,1.6280939235002734e-05,64,10220.0,8.157023331950592e+17,1339655552,77900800,16,1.6280939235002734e-05,668467200.0,4.078511665975296e+17,5110.0,2.687679119344617,2.7159836167194804,bin_1
config_63,640,9,16,0.0154457325115799,0.977095663547516,0.9156192541122437,0.1500952094793319,1.6280939235002734e-05,64,10220.0,8.157023331950592e+17,1339655552,77900800,16,2.1240625225052618e-07,1336934400.0,8.157023331950592e+17,10220.0,2.374517433643341,2.399479414986782,bin_1
config_630,768,16,6,0.0010465971427038,0.9639302492141724,0.9453306198120116,0.0720944553613662,6.597780884476379e-05,64,36079.0,5.737009818033193e+18,4729044480,151884288,8,6.597780884476379e-05,1592524800.0,1.9353404056454449e+18,12171.0,1.836384784804016,1.8567461309667492,bin_3
config_630,768,16,6,0.0010465971427038,0.9639302492141724,0.9453306198120116,0.0720944553613662,6.597780884476379e-05,64,36079.0,5.737009818033193e+18,4729044480,151884288,8,6.597780884476379e-05,3191603200.0,3.870680811290889e+18,24342.0,1.7297929120454631,1.7486638538172987,bin_3
config_630,768,16,6,0.0010465971427038,0.9639302492141724,0.9453306198120116,0.0720944553613662,6.597780884476379e-05,64,36079.0,5.737009818033193e+18,4729044480,151884288,8,7.356233973464655e-07,4725145600.0,5.737009818033193e+18,36079.0,1.656800671835415,1.673605953552684,bin_3
config_634,448,12,4,0.0013247202150523,0.802402675151825,0.9436036348342896,0.0657769069075584,0.0001104300972656,32,10852.0,3.192898008891064e+17,711222528,52812928,16,0.0001104300972656,357171200.0,1.596449004445532e+17,5426.0,2.1991919805964484,2.2211763869738967,bin_0
config_634,448,12,4,0.0013247202150523,0.802402675151825,0.9436036348342896,0.0657769069075584,0.0001104300972656,32,10852.0,3.192898008891064e+17,711222528,52812928,16,3.097618436623609e-07,711065600.0,3.192898008891064e+17,10852.0,2.004978843634246,2.0247130176669264,bin_0
config_635,832,11,4,0.0701439902186393,0.9631476402282716,0.9876906275749208,0.1646698266267776,0.0021615379955619,32,5113.0,3.479153137956987e+17,335113568,135566080,16,0.0021615379955619,167116800.0,1.7392363427768547e+17,2556.0,3.2037112294650467,3.2374752538712297,bin_0
config_635,832,11,4,0.0701439902186393,0.9631476402282716,0.9876906275749208,0.1646698266267776,0.0021615379955619,32,5113.0,3.479153137956987e+17,335113568,135566080,16,3.341259683984016e-05,334233600.0,3.479153137956987e+17,5113.0,3.073430575933613,3.104602736019697,bin_0
config_636,320,23,8,0.0389161482453346,0.9228765964508056,0.987999141216278,0.1896567195653915,6.647727423114702e-05,32,5963.0,1.8351621613154304e+17,390796352,48134400,16,6.647727423114702e-05,196608000.0,9.174272015564813e+16,2981.0,2.7327785173009653,2.761562782271964,bin_0
config_636,320,23,8,0.0389161482453346,0.9228765964508056,0.987999141216278,0.1896567195653915,6.647727423114702e-05,32,5963.0,1.8351621613154304e+17,390796352,48134400,16,7.647828008893034e-07,389939200.0,1.8351621613154304e+17,5963.0,2.37656085604527,2.401137720326908,bin_0
config_637,896,16,16,0.0730792731046676,0.9756656289100648,0.97012859582901,0.2212615609169006,2.3870046788943e-05,64,26172.0,5.459679672731763e+18,3430535424,206558464,8,2.3870046788943e-05,1592524800.0,2.538963827633283e+18,12171.0,1.993256236549284,2.0136154152330805,bin_3
config_637,896,16,16,0.0730792731046676,0.9756656289100648,0.97012859582901,0.2212615609169006,2.3870046788943e-05,64,26172.0,5.459679672731763e+18,3430535424,206558464,8,7.511437866917817e-06,3191603200.0,5.077927655266566e+18,24342.0,1.8142170110100608,1.833548650350727,bin_3
config_637,896,16,16,0.0730792731046676,0.9756656289100648,0.97012859582901,0.2212615609169006,2.3870046788943e-05,64,26172.0,5.459679672731763e+18,3430535424,206558464,8,9.06979325313933e-08,3427532800.0,5.459679672731763e+18,26172.0,1.803284883088753,1.822268341525656,bin_3
config_638,448,10,16,0.0063012931495904,0.9530404806137084,0.9527627825737,0.0158292185515165,0.001463733613491,64,62886.0,3.2693102438187663e+18,8242653696,47764864,16,0.001463733613491,1592524800.0,6.327445691810292e+17,12171.0,1.8279032926090428,1.8471304866134144,bin_2
config_638,448,10,16,0.0063012931495904,0.9530404806137084,0.9527627825737,0.0158292185515165,0.001463733613491,64,62886.0,3.2693102438187663e+18,8242653696,47764864,16,0.001463733613491,3191603200.0,1.2654891383620585e+18,24342.0,1.7714119823252568,1.7903630209750816,bin_2
config_638,448,10,16,0.0063012931495904,0.9530404806137084,0.9527627825737,0.0158292185515165,0.001463733613491,64,62886.0,3.2693102438187663e+18,8242653696,47764864,16,0.001463733613491,4784128000.0,1.8982856954298e+18,36514.0,1.7481592223292493,1.7653349041938782,bin_2
config_638,448,10,16,0.0063012931495904,0.9530404806137084,0.9527627825737,0.0158292185515165,0.001463733613491,64,62886.0,3.2693102438187663e+18,8242653696,47764864,16,0.001463733613491,6383206400.0,2.53103026461083e+18,48685.0,1.7342870829535313,1.7507293663259411,bin_2
config_638,448,10,16,0.0063012931495904,0.9530404806137084,0.9527627825737,0.0158292185515165,0.001463733613491,64,62886.0,3.2693102438187663e+18,8242653696,47764864,16,0.001463733613491,7975731200.0,3.163774833791859e+18,60856.0,1.7247631553352856,1.7407096694727413,bin_2
config_638,448,10,16,0.0063012931495904,0.9530404806137084,0.9527627825737,0.0158292185515165,0.001463733613491,64,62886.0,3.2693102438187663e+18,8242653696,47764864,16,5.295920611625947e-05,8237875200.0,3.2693102438187663e+18,62886.0,1.6840501262320846,1.6998554046427616,bin_2
config_639,448,17,16,0.0119686778634786,0.947599470615387,0.903523087501526,0.055996373295784,0.00019859985332,128,52865.0,8.033388447463637e+18,13858428928,65433088,16,0.00019859985332,1599078400.0,9.248312133030112e+17,6086.0,1.9144761958669445,1.9343094421996443,bin_3
config_639,448,17,16,0.0119686778634786,0.947599470615387,0.903523087501526,0.055996373295784,0.00019859985332,128,52865.0,8.033388447463637e+18,13858428928,65433088,16,0.00019859985332,3185049600.0,1.8495104661700544e+18,12171.0,1.78883234438349,1.8084003472328185,bin_3
config_639,448,17,16,0.0119686778634786,0.947599470615387,0.903523087501526,0.055996373295784,0.00019859985332,128,52865.0,8.033388447463637e+18,13858428928,65433088,16,0.00019859985332,4784128000.0,2.774341679473065e+18,18257.0,1.742088677375043,1.7600243360097292,bin_3
config_639,448,17,16,0.0119686778634786,0.947599470615387,0.903523087501526,0.055996373295784,0.00019859985332,128,52865.0,8.033388447463637e+18,13858428928,65433088,16,0.00019859985332,6383206400.0,3.699020932340109e+18,24342.0,1.7146343147559244,1.7319585877559225,bin_3
config_639,448,17,16,0.0119686778634786,0.947599470615387,0.903523087501526,0.055996373295784,0.00019859985332,128,52865.0,8.033388447463637e+18,13858428928,65433088,16,0.00019859985332,7982284800.0,4.623852145643121e+18,30428.0,1.6975533307184938,1.714538908630121,bin_3
config_639,448,17,16,0.0119686778634786,0.947599470615387,0.903523087501526,0.055996373295784,0.00019859985332,128,52865.0,8.033388447463637e+18,13858428928,65433088,16,0.00019859985332,9568256000.0,5.548683358946131e+18,36514.0,1.6840517529503245,1.7010065503980292,bin_3
config_639,448,17,16,0.0119686778634786,0.947599470615387,0.903523087501526,0.055996373295784,0.00019859985332,128,52865.0,8.033388447463637e+18,13858428928,65433088,16,0.00019859985332,11167334400.0,6.473362611813175e+18,42599.0,1.674204014090241,1.6909085340187198,bin_3
config_639,448,17,16,0.0119686778634786,0.947599470615387,0.903523087501526,0.055996373295784,0.00019859985332,128,52865.0,8.033388447463637e+18,13858428928,65433088,16,0.00019859985332,12766412800.0,7.398193825116186e+18,48685.0,1.6671243082890743,1.683422480958407,bin_3
config_639,448,17,16,0.0119686778634786,0.947599470615387,0.903523087501526,0.055996373295784,0.00019859985332,128,52865.0,8.033388447463637e+18,13858428928,65433088,16,1.006418175608355e-06,13854310400.0,8.033388447463637e+18,52865.0,1.6301359065243457,1.6441948377890665,bin_3
config_640,320,6,8,0.0595837086439132,0.9456387758255004,0.967432141304016,0.298259824514389,0.0007268794579431,64,14505.0,3.685586255732736e+17,1901229312,24448640,16,0.0003957006757873,1592524800.0,3.092538456981946e+17,12171.0,1.8855808147446051,1.906455674796808,bin_0
config_640,320,6,8,0.0595837086439132,0.9456387758255004,0.967432141304016,0.298259824514389,0.0007268794579431,64,14505.0,3.685586255732736e+17,1901229312,24448640,16,8.401288233277635e-07,1900544000.0,3.685586255732736e+17,14505.0,1.843978007347857,1.864483244809948,bin_0
config_641,384,24,16,0.003957328852266,0.8589186668395996,0.9690735340118408,0.0783124268054962,1.0924939488177188e-05,64,10888.0,8.522200183501947e+17,1427182464,61792512,16,1.0924939488177188e-05,714342400.0,4.261100091750973e+17,5444.0,2.9847652726095237,3.015822556214254,bin_1
config_641,384,24,16,0.003957328852266,0.8589186668395996,0.9690735340118408,0.0783124268054962,1.0924939488177188e-05,64,10888.0,8.522200183501947e+17,1427182464,61792512,16,4.872625593318461e-07,1422131200.0,8.522200183501947e+17,10888.0,2.7402445697784423,2.768934296858115,bin_1
config_642,512,16,8,0.001346914214082,0.8875948786735535,0.949960231781006,0.291630208492279,2.020335523411632e-05,64,8348.0,7.472971606488515e+17,1094246272,80284672,16,2.020335523411632e-05,543948800.0,3.736485803244257e+17,4174.0,2.7195628348334893,2.747769652820024,bin_1
config_642,512,16,8,0.001346914214082,0.8875948786735535,0.949960231781006,0.291630208492279,2.020335523411632e-05,64,8348.0,7.472971606488515e+17,1094246272,80284672,16,3.984227819382006e-07,1087897600.0,7.472971606488515e+17,8348.0,2.42907300374547,2.454659061979075,bin_1
config_643,1024,12,8,0.0062462459318339,0.9424455761909484,0.9841293692588806,0.2136854976415634,0.0020627507474273,64,49347.0,9.933299217529307e+18,6468104192,205649920,8,0.0020627507474273,1592524800.0,2.4499601754219955e+18,12171.0,1.6888244626952,1.7069419924548417,bin_3
config_643,1024,12,8,0.0062462459318339,0.9424455761909484,0.9841293692588806,0.2136854976415634,0.0020627507474273,64,49347.0,9.933299217529307e+18,6468104192,205649920,8,0.0020627507474273,3191603200.0,4.899920350843991e+18,24342.0,1.6184193560334503,1.6357610212779436,bin_3
config_643,1024,12,8,0.0062462459318339,0.9424455761909484,0.9841293692588806,0.2136854976415634,0.0020627507474273,64,49347.0,9.933299217529307e+18,6468104192,205649920,8,0.0020627507474273,4784128000.0,7.350081821161674e+18,36514.0,1.5870361725619582,1.6024886678281378,bin_3
config_643,1024,12,8,0.0062462459318339,0.9424455761909484,0.9841293692588806,0.2136854976415634,0.0020627507474273,64,49347.0,9.933299217529307e+18,6468104192,205649920,8,0.0001265743298165,6383206400.0,9.80004199658367e+18,48685.0,1.5136842186431416,1.5281323906828146,bin_3
config_643,1024,12,8,0.0062462459318339,0.9424455761909484,0.9841293692588806,0.2136854976415634,0.0020627507474273,64,49347.0,9.933299217529307e+18,6468104192,205649920,8,9.194734932576295e-06,6461849600.0,9.933299217529307e+18,49347.0,1.511715748994077,1.5261927721734907,bin_3
config_644,960,15,24,0.0290421470999717,0.95586359500885,0.930825173854828,0.0298686698079109,0.0086695356294512,32,11968.0,1.2854286777172378e+18,784363328,214183680,8,0.0086695356294512,393216000.0,6.427143388586189e+17,5984.0,3.508109820397174,3.5431118519579776,bin_1
config_644,960,15,24,0.0290421470999717,0.95586359500885,0.930825173854828,0.0298686698079109,0.0086695356294512,32,11968.0,1.2854286777172378e+18,784363328,214183680,8,0.0004371194435017,783155200.0,1.2854286777172378e+18,11968.0,3.603256464825302,3.6396478699074417,bin_1
config_645,576,11,18,0.0741793662309646,0.8428144454956055,0.9296664595603944,0.0848031193017959,0.0066611180081963,64,72280.0,5.61081437272277e+18,9473927168,72767232,16,0.0066611180081963,1592524800.0,9.447872403210962e+17,12171.0,1.9147775530424276,1.934213243468863,bin_3
config_645,576,11,18,0.0741793662309646,0.8428144454956055,0.9296664595603944,0.0848031193017959,0.0066611180081963,64,72280.0,5.61081437272277e+18,9473927168,72767232,16,0.0066611180081963,3191603200.0,1.8895744806421924e+18,24342.0,1.890173432670656,1.9100759141953263,bin_3
config_645,576,11,18,0.0741793662309646,0.8428144454956055,0.9296664595603944,0.0848031193017959,0.0066611180081963,64,72280.0,5.61081437272277e+18,9473927168,72767232,16,0.0066611180081963,4784128000.0,2.834439347061417e+18,36514.0,1.883347466460994,1.9012621927261355,bin_3
config_645,576,11,18,0.0741793662309646,0.8428144454956055,0.9296664595603944,0.0848031193017959,0.0066611180081963,64,72280.0,5.61081437272277e+18,9473927168,72767232,16,0.0066611180081963,6383206400.0,3.779226587382513e+18,48685.0,1.8790839187825312,1.897495574091301,bin_3
config_645,576,11,18,0.0741793662309646,0.8428144454956055,0.9296664595603944,0.0848031193017959,0.0066611180081963,64,72280.0,5.61081437272277e+18,9473927168,72767232,16,0.0066611180081963,7975731200.0,4.724013827703609e+18,60856.0,1.875577646044434,1.8933062613987528,bin_3
config_645,576,11,18,0.0741793662309646,0.8428144454956055,0.9296664595603944,0.0848031193017959,0.0066611180081963,64,72280.0,5.61081437272277e+18,9473927168,72767232,16,3.260459132744132e-05,9469952000.0,5.61081437272277e+18,72280.0,1.670387394389168,1.6854564873898616,bin_3
config_646,896,7,14,0.0013611954636871,0.8639132976531982,0.9327144622802734,0.2647346258163452,0.0049737426452338,64,16732.0,1.8604489669051023e+18,2193106688,115709440,16,0.0049737426452338,1592524800.0,1.3533065010878556e+18,12171.0,2.7051568777834785,2.7352813419748525,bin_2
config_646,896,7,14,0.0013611954636871,0.8639132976531982,0.9327144622802734,0.2647346258163452,0.0049737426452338,64,16732.0,1.8604489669051023e+18,2193106688,115709440,16,3.593582403420281e-05,2188902400.0,1.8604489669051023e+18,16732.0,2.490592381367918,2.51848985398402,bin_2
config_647,320,12,8,0.0743722468614578,0.8410512804985046,0.9384770393371582,0.0886981338262558,0.0055660395883023,32,11676.0,2.2281096901312512e+17,765216512,32808320,16,0.0055660395883023,383385600.0,1.1140548450656256e+17,5838.0,2.830947740820588,2.861862727462268,bin_0
config_647,320,12,8,0.0743722468614578,0.8410512804985046,0.9384770393371582,0.0886981338262558,0.0055660395883023,32,11676.0,2.2281096901312512e+17,765216512,32808320,16,0.0001398232167109,763494400.0,2.2281096901312512e+17,11676.0,2.541666011849388,2.568517187696989,bin_0
config_648,256,21,16,0.0318324156105518,0.9697639346122742,0.9594765901565552,0.2001558691263198,0.0004356670833658,32,4145.0,8.603860939599053e+16,271677408,30773248,16,0.0004356670833658,134348800.0,4.300892609613809e+16,2072.0,2.792966296086546,2.8230913434263134,bin_0
config_648,256,21,16,0.0318324156105518,0.9697639346122742,0.9594765901565552,0.2001558691263198,0.0004356670833658,32,4145.0,8.603860939599053e+16,271677408,30773248,16,2.3648997287651307e-05,268697600.0,8.603860939599053e+16,4145.0,2.3995933001158667,2.423186225265753,bin_0
config_649,1088,9,16,0.0031406688503921,0.8207845687866211,0.914045751094818,0.167186826467514,0.0007234116783365,64,8844.0,1.5836353624271094e+18,1159320064,187579904,8,0.0007234116783365,576716800.0,7.918176812135547e+17,4422.0,1.8605267823915013,1.8800501075533569,bin_1
config_649,1088,9,16,0.0031406688503921,0.8207845687866211,0.914045751094818,0.167186826467514,0.0007234116783365,64,8844.0,1.5836353624271094e+18,1159320064,187579904,8,2.1535936296893576e-05,1153433600.0,1.5836353624271094e+18,8844.0,1.704677335746953,1.721850795100947,bin_1
config_65,832,13,16,0.0094582019373774,0.8123701810836792,0.9615921974182128,0.0611293874680995,0.0063479235395789,64,14405.0,2.230503002606961e+18,1888125696,152608768,8,0.0063479235395789,1592524800.0,1.884585355413351e+18,12171.0,3.164226143008373,3.197676006536015,bin_2
config_65,832,13,16,0.0094582019373774,0.8123701810836792,0.9615921974182128,0.0611293874680995,0.0063479235395789,64,14405.0,2.230503002606961e+18,1888125696,152608768,8,3.606774738397142e-05,1887436800.0,2.230503002606961e+18,14405.0,3.033392683795241,3.066536859019858,bin_2
config_650,576,18,12,0.0059471018612384,0.8149183988571167,0.959528923034668,0.2505551278591156,0.000247110845521,64,21224.0,2.388382710490792e+18,2781902336,100644480,8,0.000247110845521,1592524800.0,1.3696290034575685e+18,12171.0,1.7820328544006974,1.8001494042990638,bin_2
config_650,576,18,12,0.0059471018612384,0.8149183988571167,0.959528923034668,0.2505551278591156,0.000247110845521,64,21224.0,2.388382710490792e+18,2781902336,100644480,8,1.115414762555239e-06,2778726400.0,2.388382710490792e+18,21224.0,1.6744235517353308,1.6923535211750718,bin_2
config_651,448,22,4,0.0018611849518492,0.8748365044593811,0.907974123954773,0.1487135142087936,1.0368047696829308e-05,64,37841.0,3.523685137723097e+18,4960005632,78053248,8,1.0368047696829308e-05,1592524800.0,1.1333413971942552e+18,12171.0,2.556800454307775,2.583725805087168,bin_2
config_651,448,22,4,0.0018611849518492,0.8748365044593811,0.907974123954773,0.1487135142087936,1.0368047696829308e-05,64,37841.0,3.523685137723097e+18,4960005632,78053248,8,1.0368047696829308e-05,3191603200.0,2.2666827943885105e+18,24342.0,2.2455829801129514,2.269471602615763,bin_2
config_651,448,22,4,0.0018611849518492,0.8748365044593811,0.907974123954773,0.1487135142087936,1.0368047696829308e-05,64,37841.0,3.523685137723097e+18,4960005632,78053248,8,2.4708640414871336e-06,4784128000.0,3.4001173097651005e+18,36514.0,2.10978628725302,2.1324685737734934,bin_2
config_651,448,22,4,0.0018611849518492,0.8748365044593811,0.907974123954773,0.1487135142087936,1.0368047696829308e-05,64,37841.0,3.523685137723097e+18,4960005632,78053248,8,7.554468732361948e-08,4954521600.0,3.523685137723097e+18,37841.0,2.1048648042561577,2.1275263458392657,bin_2
config_652,1024,24,16,0.0135826682671904,0.9649642109870912,0.9135048389434814,0.1442619711160659,0.0043294690549373,32,3653.0,6.614976307774095e+17,239450112,359815168,8,0.0043294690549373,121241600.0,3.30658273692732e+17,1826.0,3.5666243273312928,3.6017769591534723,bin_1
config_652,1024,24,16,0.0135826682671904,0.9649642109870912,0.9135048389434814,0.1442619711160659,0.0043294690549373,32,3653.0,6.614976307774095e+17,239450112,359815168,8,2.469278928671475e-05,239206400.0,6.614976307774095e+17,3653.0,3.414356949720226,3.4502521172898715,bin_1
config_653,704,6,8,0.0053194756619632,0.840510368347168,0.9097306728363036,0.2725782990455627,1.291704575123731e-05,32,5833.0,2.0770517564658893e+17,382330144,73251200,16,1.291704575123731e-05,190054400.0,1.0383478350513514e+17,2916.0,3.004848853877333,3.0359916231280466,bin_0
config_653,704,6,8,0.0053194756619632,0.840510368347168,0.9097306728363036,0.2725782990455627,1.291704575123731e-05,32,5833.0,2.0770517564658893e+17,382330144,73251200,16,2.68258344739354e-07,380108800.0,2.0770517564658893e+17,5833.0,2.824165383088784,2.8528442941728187,bin_0
config_654,832,16,16,0.0013725375756621,0.8204009532928467,0.9345871210098268,0.1308972239494323,1.2184083061583806e-05,64,32551.0,5.956204818256822e+18,4266537472,178172800,8,1.2184083061583806e-05,1592524800.0,2.2270581193512883e+18,12171.0,2.295409867372669,2.319512979124413,bin_3
config_654,832,16,16,0.0013725375756621,0.8204009532928467,0.9345871210098268,0.1308972239494323,1.2184083061583806e-05,64,32551.0,5.956204818256822e+18,4266537472,178172800,8,1.2184083061583806e-05,3191603200.0,4.4541162387025766e+18,24342.0,2.0369484347202738,2.058339236271186,bin_3
config_654,832,16,16,0.0013725375756621,0.8204009532928467,0.9345871210098268,0.1308972239494323,1.2184083061583806e-05,64,32551.0,5.956204818256822e+18,4266537472,178172800,8,2.8601133947385823e-09,4266393600.0,5.956204818256822e+18,32551.0,1.9532616393487965,1.9742889460188444,bin_3
config_655,320,12,16,0.0082526952028274,0.8132720589637756,0.9028299450874328,0.0931857377290725,0.0005270569236017,64,9224.0,3.5206394215071744e+17,1209119744,32808320,16,0.0005270569236017,602931200.0,1.7603197107535872e+17,4612.0,2.0441512026161446,2.0660700276249746,bin_0
config_655,320,12,16,0.0082526952028274,0.8132720589637756,0.9028299450874328,0.0931857377290725,0.0005270569236017,64,9224.0,3.5206394215071744e+17,1209119744,32808320,16,1.4725688203076389e-05,1205862400.0,3.5206394215071744e+17,9224.0,1.9003087762535595,1.9208090869325107,bin_0
config_657,512,16,16,0.1183145567774772,0.9257889986038208,0.9449554681777954,0.2476976811885833,0.007004024926573,64,15829.0,1.4169392382647992e+18,2074784384,80284672,16,0.006573420332873,1592524800.0,1.0894919116129176e+18,12171.0,1.979002453538238,1.9989731575621932,bin_1
config_657,512,16,16,0.1183145567774772,0.9257889986038208,0.9449554681777954,0.2476976811885833,0.007004024926573,64,15829.0,1.4169392382647992e+18,2074784384,80284672,16,5.181549052821893e-05,2070937600.0,1.4169392382647992e+18,15829.0,1.7607582121598917,1.7790209440715978,bin_1
config_658,576,8,18,0.0023173857480287,0.8783503770828247,0.9491342306137084,0.2933639883995056,0.0008478823583573,64,9885.0,6.194613359896658e+17,1295655552,60819840,16,0.0008478823583573,648806400.0,3.0969933459392294e+17,4942.0,1.90462849957044,1.925696871710605,bin_1
config_658,576,8,18,0.0023173857480287,0.8783503770828247,0.9491342306137084,0.2933639883995056,0.0008478823583573,64,9885.0,6.194613359896658e+17,1295655552,60819840,16,1.0236592805279638e-05,1291059200.0,6.194613359896658e+17,9885.0,1.7648329584715796,1.784083577453113,bin_1
config_659,320,20,10,0.0101775284856557,0.860991358757019,0.9937641620635986,0.0249290242791175,0.000221233422053,32,8035.0,2.216828458561536e+17,526643840,43954560,16,0.000221233422053,262144000.0,1.1082762810257235e+17,4017.0,2.190507543946876,2.2128945076661037,bin_0
config_659,320,20,10,0.0101775284856557,0.860991358757019,0.9937641620635986,0.0249290242791175,0.000221233422053,32,8035.0,2.216828458561536e+17,526643840,43954560,16,3.871584885928312e-05,524288000.0,2.216828458561536e+17,8035.0,1.9819195404209076,2.001924257239357,bin_0
config_66,832,16,16,0.0311167854815721,0.9072998762130736,0.9719370007514954,0.1618235558271408,2.14768460864434e-05,32,11290.0,1.0329229617423974e+18,739901440,178172800,8,2.14768460864434e-05,370278400.0,5.164614808711987e+17,5645.0,2.52503567955533,2.5511826086435163,bin_1
config_66,832,16,16,0.0311167854815721,0.9072998762130736,0.9719370007514954,0.1618235558271408,2.14768460864434e-05,32,11290.0,1.0329229617423974e+18,739901440,178172800,8,4.7046760320796214e-07,737280000.0,1.0329229617423974e+18,11290.0,2.2098912306887204,2.2323264052828806,bin_1
config_660,320,18,10,0.0030710520222783,0.9209198355674744,0.9894753694534302,0.0450173579156398,2.0045596102136187e-05,32,3910.0,9.956617427625984e+16,256287072,41168000,16,2.0045596102136187e-05,127795200.0,4.978308713812992e+16,1955.0,3.315178116188674,3.350893803033673,bin_0
config_660,320,18,10,0.0030710520222783,0.9209198355674744,0.9894753694534302,0.0450173579156398,2.0045596102136187e-05,32,3910.0,9.956617427625984e+16,256287072,41168000,16,1.1389543239850113e-06,255590400.0,9.956617427625984e+16,3910.0,3.036006926005004,3.0682949607880388,bin_0
config_662,576,24,18,0.0010115425102412,0.9740352034568788,0.9937158823013306,0.274935245513916,0.00136142980773,64,19428.0,2.7675907020380897e+18,2546538752,124539264,8,0.00136142980773,1592524800.0,1.733804119544245e+18,12171.0,1.7506705181715918,1.7692118272625033,bin_2
config_662,576,24,18,0.0010115425102412,0.9740352034568788,0.9937158823013306,0.274935245513916,0.00136142980773,64,19428.0,2.7675907020380897e+18,2546538752,124539264,8,7.137246698453491e-06,2542796800.0,2.7675907020380897e+18,19428.0,1.6546696084249215,1.6721323391844014,bin_2
config_663,1152,16,6,0.1269046664237976,0.8144844174385071,0.9830544590950012,0.078771561384201,5.876375507796183e-05,32,3125.0,4.7704547900554445e+17,204800032,312761088,8,5.876375507796183e-05,101580800.0,2.3844641222613133e+17,1562.0,2.474933880606636,2.499893071534204,bin_0
config_663,1152,16,6,0.1269046664237976,0.8144844174385071,0.9830544590950012,0.078771561384201,5.876375507796183e-05,32,3125.0,4.7704547900554445e+17,204800032,312761088,8,5.971926329061167e-06,203161600.0,4.7704547900554445e+17,3125.0,2.1558407413373226,2.176822580861264,bin_0
config_664,320,8,20,0.0019385144114494,0.8655336499214172,0.9507524371147156,0.2685021460056305,1.7326507077086717e-05,64,10867.0,3.223510953018163e+17,1424484736,27235200,16,1.7326507077086717e-05,714342400.0,1.6116071600025472e+17,5433.0,2.9572300866392798,2.988276342016752,bin_0
config_664,320,8,20,0.0019385144114494,0.8655336499214172,0.9507524371147156,0.2685021460056305,1.7326507077086717e-05,64,10867.0,3.223510953018163e+17,1424484736,27235200,16,1.0097724385000953e-07,1422131200.0,3.223510953018163e+17,10867.0,2.7644580963009693,2.7937999726123497,bin_0
config_665,1152,12,24,0.0024506263434886,0.8686057329177856,0.9449254274368286,0.275324285030365,0.0001266427861992,64,21347.0,5.131268294754042e+18,2798052864,249050880,8,0.0001266427861992,1592524800.0,2.925594529228999e+18,12171.0,1.7583748567299764,1.7767324105442548,bin_3
config_665,1152,12,24,0.0024506263434886,0.8686057329177856,0.9449254274368286,0.275324285030365,0.0001266427861992,64,21347.0,5.131268294754042e+18,2798052864,249050880,8,1.0127975074636288e-06,2791833600.0,5.131268294754042e+18,21347.0,1.6454759089282305,1.6632420678998605,bin_3
config_667,960,6,24,0.0049448050558567,0.935039520263672,0.915516436100006,0.2556680142879486,0.0003126205410808,64,25147.0,2.733441806084014e+18,3296144896,114633600,16,0.0003126205410808,1592524800.0,1.322969746762975e+18,12171.0,1.798857856539429,1.8177007087332304,bin_2
config_667,960,6,24,0.0049448050558567,0.935039520263672,0.915516436100006,0.2556680142879486,0.0003126205410808,64,25147.0,2.733441806084014e+18,3296144896,114633600,16,3.875541627646969e-05,3191603200.0,2.64593949352595e+18,24342.0,1.6762032354464296,1.693876287155464,bin_2
config_667,960,6,24,0.0049448050558567,0.935039520263672,0.915516436100006,0.2556680142879486,0.0003126205410808,64,25147.0,2.733441806084014e+18,3296144896,114633600,16,2.285451148047776e-06,3289907200.0,2.733441806084014e+18,25147.0,1.6706196208078352,1.6881077579592094,bin_2
config_668,512,18,8,0.0172912161797285,0.8929434418678284,0.9924066662788392,0.0518920198082923,0.0004652105853892,64,39987.0,3.925646491897037e+18,5241228800,87102464,8,0.0004652105853892,1592524800.0,1.1948644172575795e+18,12171.0,1.7667508575173676,1.7859298371096126,bin_2
config_668,512,18,8,0.0172912161797285,0.8929434418678284,0.9924066662788392,0.0518920198082923,0.0004652105853892,64,39987.0,3.925646491897037e+18,5241228800,87102464,8,0.0004652105853892,3191603200.0,2.389728834515159e+18,24342.0,1.6859390186872638,1.7041274840519076,bin_2
config_668,512,18,8,0.0172912161797285,0.8929434418678284,0.9924066662788392,0.0518920198082923,0.0004652105853892,64,39987.0,3.925646491897037e+18,5241228800,87102464,8,0.0004652105853892,4784128000.0,3.584691424841284e+18,36514.0,1.6550434062129162,1.670976488648868,bin_2
config_668,512,18,8,0.0172912161797285,0.8929434418678284,0.9924066662788392,0.0518920198082923,0.0004652105853892,64,39987.0,3.925646491897037e+18,5241228800,87102464,8,8.29532128164025e-06,5236326400.0,3.925646491897037e+18,39987.0,1.6121608224657715,1.627199007761283,bin_2
config_669,384,4,16,0.018870286643505,0.8704004287719727,0.9763401746749878,0.2513622641563415,0.0028432831168174,64,41700.0,1.0715887596900188e+18,5465776128,26387712,16,0.0028432831168174,1592524800.0,3.1276515093974144e+17,12171.0,1.9159961397530605,1.9374387521040244,bin_1
config_669,384,4,16,0.018870286643505,0.8704004287719727,0.9763401746749878,0.2513622641563415,0.0028432831168174,64,41700.0,1.0715887596900188e+18,5465776128,26387712,16,0.0028432831168174,3191603200.0,6.255303018794829e+17,24342.0,1.8841478672965628,1.905292296526862,bin_1
config_669,384,4,16,0.018870286643505,0.8704004287719727,0.9763401746749878,0.2513622641563415,0.0028432831168174,64,41700.0,1.0715887596900188e+18,5465776128,26387712,16,0.0014106547283132,4784128000.0,9.383211503913992e+17,36514.0,1.837291347237884,1.8573238111324,bin_1
config_669,384,4,16,0.018870286643505,0.8704004287719727,0.9763401746749878,0.2513622641563415,0.0028432831168174,64,41700.0,1.0715887596900188e+18,5465776128,26387712,16,0.0,5465702400.0,1.0715887596900188e+18,41700.0,1.7967256775449534,1.816153211476373,bin_1
config_670,960,14,20,0.0951692909002304,0.9320728778839112,0.9563791155815125,0.0308738369494676,7.64464566600509e-05,64,8092.0,1.6429068225500774e+18,1060713344,203122560,8,7.64464566600509e-05,530841600.0,8.214534112750387e+17,4046.0,2.040048800179216,2.0610492699263525,bin_2
config_670,960,14,20,0.0951692909002304,0.9320728778839112,0.9563791155815125,0.0308738369494676,7.64464566600509e-05,64,8092.0,1.6429068225500774e+18,1060713344,203122560,8,1.2894583051092924e-05,1055129600.0,1.6429068225500774e+18,8092.0,1.84717578993469,1.8665022515664336,bin_2
config_671,896,24,16,0.0679471641778945,0.9182204008102416,0.9314806461334229,0.1388522237539291,0.0043886993080377,64,35887.0,1.0593624714939337e+19,4703891968,287313152,8,0.0043886993080377,1592524800.0,3.592805372572983e+18,12171.0,3.322469521819568,3.3564854554660983,bin_3
config_671,896,24,16,0.0679471641778945,0.9182204008102416,0.9314806461334229,0.1388522237539291,0.0043886993080377,64,35887.0,1.0593624714939337e+19,4703891968,287313152,8,0.0043886993080377,3191603200.0,7.185610745145966e+18,24342.0,3.399825798058119,3.4354549891831443,bin_3
config_671,896,24,16,0.0679471641778945,0.9182204008102416,0.9314806461334229,0.1388522237539291,0.0043886993080377,64,35887.0,1.0593624714939337e+19,4703891968,287313152,8,3.259371224355583e-05,4698931200.0,1.0593624714939337e+19,35887.0,3.337201936792155,3.3730228963836293,bin_3
config_673,832,6,8,0.0826783627271652,0.896855354309082,0.9068812131881714,0.0909914076328277,2.770278661046177e-05,64,38651.0,3.446857344423887e+18,5066116608,92959360,16,2.770278661046177e-05,1592524800.0,1.0853975508779366e+18,12171.0,2.0815089828850795,2.103495187173124,bin_2
config_673,832,6,8,0.0826783627271652,0.896855354309082,0.9068812131881714,0.0909914076328277,2.770278661046177e-05,64,38651.0,3.446857344423887e+18,5066116608,92959360,16,2.770278661046177e-05,3191603200.0,2.1707951017558733e+18,24342.0,1.9308378341549728,1.9518547794076264,bin_2
config_673,832,6,8,0.0826783627271652,0.896855354309082,0.9068812131881714,0.0909914076328277,2.770278661046177e-05,64,38651.0,3.446857344423887e+18,5066116608,92959360,16,1.694786518745827e-05,4784128000.0,3.2562818316290345e+18,36514.0,1.858378086207343,1.8767332365473763,bin_2
config_673,832,6,8,0.0826783627271652,0.896855354309082,0.9068812131881714,0.0909914076328277,2.770278661046177e-05,64,38651.0,3.446857344423887e+18,5066116608,92959360,16,7.879063313557546e-09,5065932800.0,3.446857344423887e+18,38651.0,1.842842643847231,1.8611626769675584,bin_2
config_674,640,15,10,0.0090897809714078,0.9825397729873656,0.9432373046875,0.2807127237319946,0.0040009841322898,64,28126.0,3.2667367656023654e+18,3686617088,108382720,8,0.0040009841322898,1592524800.0,1.4136191841764342e+18,12171.0,1.8047015123484564,1.8237965481789389,bin_2
config_674,640,15,10,0.0090897809714078,0.9825397729873656,0.9432373046875,0.2807127237319946,0.0040009841322898,64,28126.0,3.2667367656023654e+18,3686617088,108382720,8,0.0019135802512383,3191603200.0,2.8272383683528684e+18,24342.0,1.6955922114262816,1.713960282998007,bin_2
config_674,640,15,10,0.0090897809714078,0.9825397729873656,0.9432373046875,0.2807127237319946,0.0040009841322898,64,28126.0,3.2667367656023654e+18,3686617088,108382720,8,1.31761352045014e-05,3683123200.0,3.2667367656023654e+18,28126.0,1.6532442590447722,1.6708737234991105,bin_2
config_676,1088,5,8,0.0267410911619663,0.9208921790122986,0.9709389805793762,0.1288028806447982,1.647532008064445e-05,32,13795.0,8.179925018633994e+17,904097664,128523264,16,1.647532008064445e-05,452198400.0,4.08966602780128e+17,6897.0,2.451308599847262,2.4758615852574835,bin_1
config_676,1088,5,8,0.0267410911619663,0.9208921790122986,0.9709389805793762,0.1288028806447982,1.647532008064445e-05,32,13795.0,8.179925018633994e+17,904097664,128523264,16,4.174489885298435e-07,901120000.0,8.179925018633994e+17,13795.0,2.184643489259188,2.20651890133248,bin_1
config_677,448,14,16,0.004386241082102,0.8608471155166626,0.946341037750244,0.2926788032054901,2.2182359316502694e-05,64,52622.0,3.4571252732335227e+18,6897301504,57860992,16,2.2182359316502694e-05,1592524800.0,7.996022899267456e+17,12171.0,2.4130551762268198,2.4387166963639806,bin_2
config_677,448,14,16,0.004386241082102,0.8608471155166626,0.946341037750244,0.2926788032054901,2.2182359316502694e-05,64,52622.0,3.4571252732335227e+18,6897301504,57860992,16,2.2182359316502694e-05,3191603200.0,1.5992045798534912e+18,24342.0,2.1163566694103304,2.1390239481456943,bin_2
config_677,448,14,16,0.004386241082102,0.8608471155166626,0.946341037750244,0.2926788032054901,2.2182359316502694e-05,64,52622.0,3.4571252732335227e+18,6897301504,57860992,16,2.2182359316502694e-05,4784128000.0,2.398872567117344e+18,36514.0,2.00099972611568,2.023028105829583,bin_2
config_677,448,14,16,0.004386241082102,0.8608471155166626,0.946341037750244,0.2926788032054901,2.2182359316502694e-05,64,52622.0,3.4571252732335227e+18,6897301504,57860992,16,5.648932747180286e-06,6383206400.0,3.1984748570440893e+18,48685.0,1.9389517239664424,1.9601750831916684,bin_2
config_677,448,14,16,0.004386241082102,0.8608471155166626,0.946341037750244,0.2926788032054901,2.2182359316502694e-05,64,52622.0,3.4571252732335227e+18,6897301504,57860992,16,3.1687027138694554e-08,6894387200.0,3.4571252732335227e+18,52622.0,1.9311731845433595,1.9523333585457725,bin_2
config_679,1088,15,16,0.0961426496505737,0.9487536549568176,0.9681182503700256,0.252667635679245,0.0009612645953893,128,53644.0,2.89389185294492e+19,14062578688,276164864,8,0.0009612645953893,1599078400.0,3.283167887745653e+18,6086.0,1.704356294264559,1.7225691095141114,bin_3
config_679,1088,15,16,0.0961426496505737,0.9487536549568176,0.9681182503700256,0.252667635679245,0.0009612645953893,128,53644.0,2.89389185294492e+19,14062578688,276164864,8,0.0009612645953893,3185049600.0,6.565796313137093e+18,12171.0,1.6235636194807583,1.640906333258895,bin_3
config_679,1088,15,16,0.0961426496505737,0.9487536549568176,0.9681182503700256,0.252667635679245,0.0009612645953893,128,53644.0,2.89389185294492e+19,14062578688,276164864,8,0.0009612645953893,4784128000.0,9.848964200882743e+18,18257.0,1.5932571841067955,1.6086913802584664,bin_3
config_679,1088,15,16,0.0961426496505737,0.9487536549568176,0.9681182503700256,0.252667635679245,0.0009612645953893,128,53644.0,2.89389185294492e+19,14062578688,276164864,8,0.0009612645953893,6383206400.0,1.3131592626274183e+19,24342.0,1.5778243006839128,1.5923159674152,bin_3
config_679,1088,15,16,0.0961426496505737,0.9487536549568176,0.9681182503700256,0.252667635679245,0.0009612645953893,128,53644.0,2.89389185294492e+19,14062578688,276164864,8,0.0009612645953893,7982284800.0,1.6414760514019838e+19,30428.0,1.5652501030241857,1.5805436127889352,bin_3
config_679,1088,15,16,0.0961426496505737,0.9487536549568176,0.9681182503700256,0.252667635679245,0.0009612645953893,128,53644.0,2.89389185294492e+19,14062578688,276164864,8,0.0009612645953893,9568256000.0,1.969792840176549e+19,36514.0,1.5566439770675096,1.571585687574793,bin_3
config_679,1088,15,16,0.0961426496505737,0.9487536549568176,0.9681182503700256,0.252667635679245,0.0009612645953893,128,53644.0,2.89389185294492e+19,14062578688,276164864,8,0.0007832526332802,11167334400.0,2.298055682715693e+19,42599.0,1.5339162180071972,1.5485732505360588,bin_3
config_679,1088,15,16,0.0961426496505737,0.9487536549568176,0.9681182503700256,0.252667635679245,0.0009612645953893,128,53644.0,2.89389185294492e+19,14062578688,276164864,8,0.0003506339205847,12766412800.0,2.6263724714902585e+19,48685.0,1.481506087174181,1.4944032171515167,bin_3
config_679,1088,15,16,0.0961426496505737,0.9487536549568176,0.9681182503700256,0.252667635679245,0.0009612645953893,128,53644.0,2.89389185294492e+19,14062578688,276164864,8,3.120528419443087e-06,14050918400.0,2.89389185294492e+19,53644.0,1.4390735769858125,1.45033723123738,bin_3
config_68,960,6,16,0.0018442801665514,0.8008342981338501,0.9289605021476746,0.0794780254364013,1.159663406724576e-05,32,12592.0,6.843994321917542e+17,825289088,114633600,16,1.159663406724576e-05,412876800.0,3.421997160958771e+17,6296.0,2.701689802232336,2.7294575184681378,bin_1
config_68,960,6,16,0.0018442801665514,0.8008342981338501,0.9289605021476746,0.0794780254364013,1.159663406724576e-05,32,12592.0,6.843994321917542e+17,825289088,114633600,16,4.870586308243223e-07,822476800.0,6.843994321917542e+17,12592.0,2.401209581289135,2.425433783374849,bin_1
config_682,256,9,16,0.159366175532341,0.9311867356300354,0.9687819480895996,0.1329576969146728,1.062938645191025e-05,128,59336.0,2.797587703469703e+18,15554697216,20543488,16,1.062938645191025e-05,1599078400.0,2.869441614419006e+17,6086.0,3.196381738615817,3.230548919068008,bin_2
config_682,256,9,16,0.159366175532341,0.9311867356300354,0.9687819480895996,0.1329576969146728,1.062938645191025e-05,128,59336.0,2.797587703469703e+18,15554697216,20543488,16,1.062938645191025e-05,3185049600.0,5.738411746482701e+17,12171.0,2.900280841999366,2.930703800623534,bin_2
config_682,256,9,16,0.159366175532341,0.9311867356300354,0.9687819480895996,0.1329576969146728,1.062938645191025e-05,128,59336.0,2.797587703469703e+18,15554697216,20543488,16,1.062938645191025e-05,4784128000.0,8.607853360901706e+17,18257.0,2.753871335279746,2.782789270604243,bin_2
config_682,256,9,16,0.159366175532341,0.9311867356300354,0.9687819480895996,0.1329576969146728,1.062938645191025e-05,128,59336.0,2.797587703469703e+18,15554697216,20543488,16,1.062938645191025e-05,6383206400.0,1.1476823492965404e+18,24342.0,2.654763017873295,2.682733011011217,bin_2
config_682,256,9,16,0.159366175532341,0.9311867356300354,0.9687819480895996,0.1329576969146728,1.062938645191025e-05,128,59336.0,2.797587703469703e+18,15554697216,20543488,16,1.062938645191025e-05,7982284800.0,1.434626510738441e+18,30428.0,2.5766715386656465,2.603606390093194,bin_2
config_682,256,9,16,0.159366175532341,0.9311867356300354,0.9687819480895996,0.1329576969146728,1.062938645191025e-05,128,59336.0,2.797587703469703e+18,15554697216,20543488,16,1.062938645191025e-05,9568256000.0,1.7215706721803412e+18,36514.0,2.504208892017114,2.5313845378062765,bin_2
config_682,256,9,16,0.159366175532341,0.9311867356300354,0.9687819480895996,0.1329576969146728,1.062938645191025e-05,128,59336.0,2.797587703469703e+18,15554697216,20543488,16,1.062938645191025e-05,11167334400.0,2.008467685386711e+18,42599.0,2.4335165218447075,2.459529594358851,bin_2
config_682,256,9,16,0.159366175532341,0.9311867356300354,0.9687819480895996,0.1329576969146728,1.062938645191025e-05,128,59336.0,2.797587703469703e+18,15554697216,20543488,16,1.062938645191025e-05,12766412800.0,2.295411846828612e+18,48685.0,2.3731529542657195,2.3981507241530498,bin_2
config_682,256,9,16,0.159366175532341,0.9311867356300354,0.9687819480895996,0.1329576969146728,1.062938645191025e-05,128,59336.0,2.797587703469703e+18,15554697216,20543488,16,6.179029822342554e-06,14352384000.0,2.582308860034981e+18,54770.0,2.3298554283673645,2.352323703414104,bin_2
config_682,256,9,16,0.159366175532341,0.9311867356300354,0.9687819480895996,0.1329576969146728,1.062938645191025e-05,128,59336.0,2.797587703469703e+18,15554697216,20543488,16,4.8505249368585044e-08,15545139200.0,2.797587703469703e+18,59336.0,2.315511507558041,2.3377113952402206,bin_2
config_683,576,20,18,0.0010329867945984,0.8104372024536133,0.9746691584587096,0.0999374166131019,0.0072088558226823,64,16950.0,2.076545687000187e+18,2221783040,108609408,8,0.0072088558226823,1592524800.0,1.4910700623291607e+18,12171.0,3.1833814232857502,3.2157198003081024,bin_2
config_683,576,20,18,0.0010329867945984,0.8104372024536133,0.9746691584587096,0.0999374166131019,0.0072088558226823,64,16950.0,2.076545687000187e+18,2221783040,108609408,8,0.0,2221670400.0,2.076545687000187e+18,16950.0,3.041413923912361,3.073777238267367,bin_2
config_684,576,18,16,0.022196052595973,0.8223684430122375,0.9954942464828492,0.0391060560941696,1.0143279723706655e-05,64,35917.0,4.04186054585765e+18,4707813888,100644480,8,1.0143279723706655e-05,1592524800.0,1.3696434753357317e+18,12171.0,2.564904675425076,2.5928700686869077,bin_2
config_684,576,18,16,0.022196052595973,0.8223684430122375,0.9954942464828492,0.0391060560941696,1.0143279723706655e-05,64,35917.0,4.04186054585765e+18,4707813888,100644480,8,1.0143279723706655e-05,3191603200.0,2.739286950671463e+18,24342.0,2.202722716956842,2.2264257910017107,bin_2
config_684,576,18,16,0.022196052595973,0.8223684430122375,0.9954942464828492,0.0391060560941696,1.0143279723706655e-05,64,35917.0,4.04186054585765e+18,4707813888,100644480,8,1.2281748953205965e-07,4705484800.0,4.04186054585765e+18,35917.0,2.055682418991308,2.077672165788588,bin_2
config_685,1024,4,4,0.0906278416514396,0.9804498553276062,0.9718497395515442,0.088304579257965,1.4886397366353776e-05,32,6776.0,3.188186601158738e+17,444132064,102873088,16,1.4886397366353776e-05,222822400.0,1.594093300579369e+17,3388.0,2.859355687938753,2.8887474998098903,bin_0
config_685,1024,4,4,0.0906278416514396,0.9804498553276062,0.9718497395515442,0.088304579257965,1.4886397366353776e-05,32,6776.0,3.188186601158738e+17,444132064,102873088,16,6.472346681023388e-07,442368000.0,3.188186601158738e+17,6776.0,2.59375125115035,2.6204051972998945,bin_0
config_686,960,23,10,0.1036543399095535,0.8769903779029846,0.9619134068489076,0.0387625880539417,0.0009234416647814,32,9506.0,1.4692770429585408e+18,622996544,302672640,8,0.0009234416647814,311296000.0,7.346385214792704e+17,4753.0,1.9894799597341504,2.009402135180645,bin_1
config_686,960,23,10,0.1036543399095535,0.8769903779029846,0.9619134068489076,0.0387625880539417,0.0009234416647814,32,9506.0,1.4692770429585408e+18,622996544,302672640,8,1.5056114099696975e-05,622592000.0,1.4692770429585408e+18,9506.0,1.803801021263248,1.8227473722129568,bin_1
config_687,512,20,16,0.0613085329532623,0.9384379386901855,0.9360055923461914,0.1619830429553985,2.1792495317640714e-05,64,45839.0,4.897019061073871e+18,6008215552,93920256,8,2.1792495317640714e-05,1592524800.0,1.300238203109363e+18,12171.0,2.2620288540300777,2.2852179388921767,bin_3
config_687,512,20,16,0.0613085329532623,0.9384379386901855,0.9360055923461914,0.1619830429553985,2.1792495317640714e-05,64,45839.0,4.897019061073871e+18,6008215552,93920256,8,2.1792495317640714e-05,3191603200.0,2.600476406218726e+18,24342.0,2.0088857944480707,2.030074965641147,bin_3
config_687,512,20,16,0.0613085329532623,0.9384379386901855,0.9360055923461914,0.1619830429553985,2.1792495317640714e-05,64,45839.0,4.897019061073871e+18,6008215552,93920256,8,2.1792495317640714e-05,4784128000.0,3.900821440172153e+18,36514.0,1.9101317494423664,1.929598892008672,bin_3
config_687,512,20,16,0.0613085329532623,0.9384379386901855,0.9360055923461914,0.1619830429553985,2.1792495317640714e-05,64,45839.0,4.897019061073871e+18,6008215552,93920256,8,1.1446563197144587e-07,6003097600.0,4.897019061073871e+18,45839.0,1.855837686022774,1.8749400384895136,bin_3
config_688,576,20,8,0.0937859937548637,0.8414503335952759,0.9687420725822448,0.1424410790205001,0.0003788138565141,64,42237.0,5.174201235440665e+18,5536094208,108609408,8,0.0003788138565141,1592524800.0,1.4909961227489718e+18,12171.0,1.764228776380664,1.7818673970269374,bin_3
config_688,576,20,8,0.0937859937548637,0.8414503335952759,0.9687420725822448,0.1424410790205001,0.0003788138565141,64,42237.0,5.174201235440665e+18,5536094208,108609408,8,0.0003788138565141,3191603200.0,2.981992245497944e+18,24342.0,1.6977009304820514,1.7156558270337152,bin_3
config_688,576,20,8,0.0937859937548637,0.8414503335952759,0.9687420725822448,0.1424410790205001,0.0003788138565141,64,42237.0,5.174201235440665e+18,5536094208,108609408,8,0.0003612458601764,4784128000.0,4.473110872241884e+18,36514.0,1.6698134853409938,1.6861958359108598,bin_3
config_688,576,20,8,0.0937859937548637,0.8414503335952759,0.9687420725822448,0.1424410790205001,0.0003788138565141,64,42237.0,5.174201235440665e+18,5536094208,108609408,8,2.3298059659282444e-06,5531238400.0,5.174201235440665e+18,42237.0,1.5912363004879873,1.60681036280804,bin_3
config_689,384,20,16,0.005698004271835,0.8837832808494568,0.9649093747138976,0.0501873530447483,0.0015757936052978,128,52495.0,7.113532059813151e+18,13761418240,54711552,16,0.0015757936052978,1599078400.0,8.247062789984348e+17,6086.0,1.824905174521149,1.8440330002737828,bin_3
config_689,384,20,16,0.005698004271835,0.8837832808494568,0.9649093747138976,0.0501873530447483,0.0015757936052978,128,52495.0,7.113532059813151e+18,13761418240,54711552,16,0.0015757936052978,3185049600.0,1.6492770492425157e+18,12171.0,1.747587923651836,1.7664544535855775,bin_3
config_689,384,20,16,0.005698004271835,0.8837832808494568,0.9649093747138976,0.0501873530447483,0.0015757936052978,128,52495.0,7.113532059813151e+18,13761418240,54711552,16,0.0015757936052978,4784128000.0,2.4739833282409503e+18,18257.0,1.7177277352379972,1.733960100080146,bin_3
config_689,384,20,16,0.005698004271835,0.8837832808494568,0.9649093747138976,0.0501873530447483,0.0015757936052978,128,52495.0,7.113532059813151e+18,13761418240,54711552,16,0.0015757936052978,6383206400.0,3.298554098485031e+18,24342.0,1.698928623707568,1.714814598052228,bin_3
config_689,384,20,16,0.005698004271835,0.8837832808494568,0.9649093747138976,0.0501873530447483,0.0015757936052978,128,52495.0,7.113532059813151e+18,13761418240,54711552,16,0.0015757936052978,7982284800.0,4.123260377483466e+18,30428.0,1.686128195074738,1.7018991140459403,bin_3
config_689,384,20,16,0.005698004271835,0.8837832808494568,0.9649093747138976,0.0501873530447483,0.0015757936052978,128,52495.0,7.113532059813151e+18,13761418240,54711552,16,0.0015757936052978,9568256000.0,4.947966656481901e+18,36514.0,1.6743173837270893,1.6914293041776438,bin_3
config_689,384,20,16,0.005698004271835,0.8837832808494568,0.9649093747138976,0.0501873530447483,0.0015757936052978,128,52495.0,7.113532059813151e+18,13761418240,54711552,16,0.0015757936052978,11167334400.0,5.772537426725981e+18,42599.0,1.6673555041532049,1.6840516752493186,bin_3
config_689,384,20,16,0.005698004271835,0.8837832808494568,0.9649093747138976,0.0501873530447483,0.0015757936052978,128,52495.0,7.113532059813151e+18,13761418240,54711552,16,0.0015757936052978,12766412800.0,6.597243705724417e+18,48685.0,1.6608671159822432,1.677323968488662,bin_3
config_689,384,20,16,0.005698004271835,0.8837832808494568,0.9649093747138976,0.0501873530447483,0.0015757936052978,128,52495.0,7.113532059813151e+18,13761418240,54711552,16,2.69213030517849e-05,13749452800.0,7.113532059813151e+18,52495.0,1.621747130565956,1.635498716088592,bin_3
config_690,640,11,10,0.013579967431724,0.9660028219223022,0.9002856612205505,0.0294365473091602,0.000351758004399,128,56960.0,1.0471549678100152e+19,14931725312,88061440,16,0.000351758004399,1599078400.0,1.1188527271930746e+18,6086.0,1.805549214316196,1.825260079493288,bin_3
config_690,640,11,10,0.013579967431724,0.9660028219223022,0.9002856612205505,0.0294365473091602,0.000351758004399,128,56960.0,1.0471549678100152e+19,14931725312,88061440,16,0.000351758004399,3185049600.0,2.2375216139774748e+18,12171.0,1.7140100906716018,1.7327426891248734,bin_3
config_690,640,11,10,0.013579967431724,0.9660028219223022,0.9002856612205505,0.0294365473091602,0.000351758004399,128,56960.0,1.0471549678100152e+19,14931725312,88061440,16,0.000351758004399,4784128000.0,3.356374341170549e+18,18257.0,1.676879569233441,1.6936760454881388,bin_3
config_690,640,11,10,0.013579967431724,0.9660028219223022,0.9002856612205505,0.0294365473091602,0.000351758004399,128,56960.0,1.0471549678100152e+19,14931725312,88061440,16,0.000351758004399,6383206400.0,4.4750432279549496e+18,24342.0,1.6547233475231733,1.6713993404341525,bin_3
config_690,640,11,10,0.013579967431724,0.9660028219223022,0.9002856612205505,0.0294365473091602,0.000351758004399,128,56960.0,1.0471549678100152e+19,14931725312,88061440,16,0.000351758004399,7982284800.0,5.593895955148025e+18,30428.0,1.6397416463445444,1.655972167351207,bin_3
config_690,640,11,10,0.013579967431724,0.9660028219223022,0.9002856612205505,0.0294365473091602,0.000351758004399,128,56960.0,1.0471549678100152e+19,14931725312,88061440,16,0.000351758004399,9568256000.0,6.712748682341098e+18,36514.0,1.6281106647507089,1.644438844665152,bin_3
config_690,640,11,10,0.013579967431724,0.9660028219223022,0.9002856612205505,0.0294365473091602,0.000351758004399,128,56960.0,1.0471549678100152e+19,14931725312,88061440,16,0.000351758004399,11167334400.0,7.831417569125499e+18,42599.0,1.6190769458207928,1.6352773567105905,bin_3
config_690,640,11,10,0.013579967431724,0.9660028219223022,0.9002856612205505,0.0294365473091602,0.000351758004399,128,56960.0,1.0471549678100152e+19,14931725312,88061440,16,0.000351758004399,12766412800.0,8.950270296318574e+18,48685.0,1.6122542720153683,1.6283118917121262,bin_3
config_690,640,11,10,0.013579967431724,0.9660028219223022,0.9002856612205505,0.0294365473091602,0.000351758004399,128,56960.0,1.0471549678100152e+19,14931725312,88061440,16,0.000351758004399,14352384000.0,1.0068939183102972e+19,54770.0,1.6076635117608993,1.6226179739686308,bin_3
config_690,640,11,10,0.013579967431724,0.9660028219223022,0.9002856612205505,0.0294365473091602,0.000351758004399,128,56960.0,1.0471549678100152e+19,14931725312,88061440,16,2.0987947756504225e-06,14929100800.0,1.0471549678100152e+19,56960.0,1.572019637334542,1.5865303524986645,bin_3
config_691,576,9,16,0.0195221118628978,0.9801703691482544,0.9013912677764891,0.1138575971126556,0.0006094177369959,32,5335.0,1.8048810909332275e+17,349681408,64802304,16,0.0006094177369959,173670400.0,9.022713907251955e+16,2667.0,2.6415775064562186,2.6698997282591024,bin_0
config_691,576,9,16,0.0195221118628978,0.9801703691482544,0.9013912677764891,0.1138575971126556,0.0006094177369959,32,5335.0,1.8048810909332275e+17,349681408,64802304,16,3.513940822876232e-05,347340800.0,1.8048810909332275e+17,5335.0,2.198951729829194,2.220967485005738,bin_0
config_692,1088,12,8,0.0018013779772445,0.9496066570281982,0.9224780201911926,0.1854515373706817,1.3297318218974397e-05,64,23775.0,5.334846367430246e+18,3116266240,231872384,8,1.3297318218974397e-05,1592524800.0,2.7310374400838497e+18,12171.0,2.0829610613330467,2.104688651092717,bin_3
config_692,1088,12,8,0.0018013779772445,0.9496066570281982,0.9224780201911926,0.1854515373706817,1.3297318218974397e-05,64,23775.0,5.334846367430246e+18,3116266240,231872384,8,7.539871977191241e-08,3112960000.0,5.334846367430246e+18,23775.0,1.9038162345768976,1.9241720259189603,bin_3
config_694,576,20,6,0.0084877712652087,0.8075336813926697,0.943446397781372,0.2573681771755218,0.0003130973491352,64,17705.0,2.1690241372864512e+18,2320729600,108609408,8,0.0003130973491352,1592524800.0,1.491058614793188e+18,12171.0,1.769400327049318,1.7877028918070872,bin_2
config_694,576,20,6,0.0084877712652087,0.8075336813926697,0.943446397781372,0.2573681771755218,0.0003130973491352,64,17705.0,2.1690241372864512e+18,2320729600,108609408,8,3.436099090597055e-07,2319974400.0,2.1690241372864512e+18,17705.0,1.6811008127595557,1.69867919867156,bin_2
config_695,1152,12,12,0.0745404660701751,0.8159363269805908,0.9223309755325316,0.0964366495609283,5.912655979045667e-05,64,14769.0,3.550246995966788e+18,1935930496,249050880,8,5.912655979045667e-05,1592524800.0,2.925726602201352e+18,12171.0,1.819123984516644,1.8385673698440927,bin_2
config_695,1152,12,12,0.0745404660701751,0.8159363269805908,0.9223309755325316,0.0964366495609283,5.912655979045667e-05,64,14769.0,3.550246995966788e+18,1935930496,249050880,8,7.889077500131169e-07,1933312000.0,3.550246995966788e+18,14769.0,1.7605928768486274,1.779795453997909,bin_2
config_696,832,10,16,0.0035061161033809,0.8280691504478455,0.9636754393577576,0.0008073628414422,0.0008917820523492,64,37410.0,4.739836579122119e+18,4903435264,127044736,16,0.0008917820523492,1592524800.0,1.5420623096630664e+18,12171.0,1.745055962586012,1.7635651051411865,bin_3
config_696,832,10,16,0.0035061161033809,0.8280691504478455,0.9636754393577576,0.0008073628414422,0.0008917820523492,64,37410.0,4.739836579122119e+18,4903435264,127044736,16,0.0008917820523492,3191603200.0,3.0841246193261327e+18,24342.0,1.6761585411087412,1.6940456809372195,bin_3
config_696,832,10,16,0.0035061161033809,0.8280691504478455,0.9636754393577576,0.0008073628414422,0.0008917820523492,64,37410.0,4.739836579122119e+18,4903435264,127044736,16,0.0008917820523492,4784128000.0,4.62631362871064e+18,36514.0,1.64540250051217,1.661061029473289,bin_3
config_696,832,10,16,0.0035061161033809,0.8280691504478455,0.9636754393577576,0.0008073628414422,0.0008917820523492,64,37410.0,4.739836579122119e+18,4903435264,127044736,16,0.0002972606841164,4902092800.0,4.739836579122119e+18,37410.0,1.6347620729149366,1.6503325060156526,bin_3
config_697,640,10,20,0.0032086584251374,0.8297382593154907,0.943712055683136,0.0880990698933601,0.0025852625258266,64,56231.0,4.828264266448896e+18,7370355200,82981120,16,0.0025852625258266,1592524800.0,1.0450606318036228e+18,12171.0,1.7717221736517108,1.790532636525201,bin_3
config_697,640,10,20,0.0032086584251374,0.8297382593154907,0.943712055683136,0.0880990698933601,0.0025852625258266,64,56231.0,4.828264266448896e+18,7370355200,82981120,16,0.0025852625258266,3191603200.0,2.0901212636072456e+18,24342.0,1.7150414666973175,1.7334848170983987,bin_3
config_697,640,10,20,0.0032086584251374,0.8297382593154907,0.943712055683136,0.0880990698933601,0.0025852625258266,64,56231.0,4.828264266448896e+18,7370355200,82981120,16,0.0025852625258266,4784128000.0,3.135267760223275e+18,36514.0,1.695216919906804,1.7118248983680224,bin_3
config_697,640,10,20,0.0032086584251374,0.8297382593154907,0.943712055683136,0.0880990698933601,0.0025852625258266,64,56231.0,4.828264266448896e+18,7370355200,82981120,16,0.0025852625258266,6383206400.0,4.180328392026898e+18,48685.0,1.675913972151084,1.6931633447819068,bin_3
config_697,640,10,20,0.0032086584251374,0.8297382593154907,0.943712055683136,0.0880990698933601,0.0025852625258266,64,56231.0,4.828264266448896e+18,7370355200,82981120,16,1.6180726489123387e-05,7366246400.0,4.828264266448896e+18,56231.0,1.610899022289964,1.627460544656535,bin_3
config_698,512,23,16,0.0150124859064817,0.9128549098968506,0.9817200303077698,0.1606981456279754,4.006415110779926e-05,64,19254.0,2.3070361265354834e+18,2523711232,104146944,8,4.006415110779926e-05,1592524800.0,1.458343029815278e+18,12171.0,2.016251749660148,2.0377102788940804,bin_2
config_698,512,23,16,0.0150124859064817,0.9128549098968506,0.9817200303077698,0.1606981456279754,4.006415110779926e-05,64,19254.0,2.3070361265354834e+18,2523711232,104146944,8,5.1795929034001626e-08,2523136000.0,2.3070361265354834e+18,19254.0,1.8886229697602692,1.9091634957516777,bin_2
config_699,256,20,8,0.0176966320723295,0.856200098991394,0.9179382920265198,0.2407484054565429,0.0022388054057955,32,4882.0,9.76900805408686e+16,319990304,29920768,16,0.0022388054057955,160563200.0,4.88450402704343e+16,2441.0,2.3849670571186503,2.406906602656255,bin_0
config_699,256,20,8,0.0176966320723295,0.856200098991394,0.9179382920265198,0.2407484054565429,0.0022388054057955,32,4882.0,9.76900805408686e+16,319990304,29920768,16,6.097172168975174e-05,317849600.0,9.76900805408686e+16,4882.0,2.116614887479876,2.137066336303461,bin_0
config_7,320,16,20,0.0042003933340311,0.8607771992683411,0.9496286511421204,0.0021670283749699,1.0181046491197776e-05,64,73058.0,3.409547584123699e+18,9575917568,38381440,16,1.0181046491197776e-05,1592524800.0,5.6800902907784966e+17,12171.0,2.8736275540855662,2.9027033083061844,bin_2
config_7,320,16,20,0.0042003933340311,0.8607771992683411,0.9496286511421204,0.0021670283749699,1.0181046491197776e-05,64,73058.0,3.409547584123699e+18,9575917568,38381440,16,1.0181046491197776e-05,3191603200.0,1.1360180581556992e+18,24342.0,2.609118189741676,2.6363857286677623,bin_2
config_7,320,16,20,0.0042003933340311,0.8607771992683411,0.9496286511421204,0.0021670283749699,1.0181046491197776e-05,64,73058.0,3.409547584123699e+18,9575917568,38381440,16,1.0181046491197776e-05,4784128000.0,1.704073756285318e+18,36514.0,2.438173023220349,2.4630524970932943,bin_2
config_7,320,16,20,0.0042003933340311,0.8607771992683411,0.9496286511421204,0.0021670283749699,1.0181046491197776e-05,64,73058.0,3.409547584123699e+18,9575917568,38381440,16,1.0181046491197776e-05,6383206400.0,2.2720827853631675e+18,48685.0,2.301544771289499,2.3248468582904485,bin_2
config_7,320,16,20,0.0042003933340311,0.8607771992683411,0.9496286511421204,0.0021670283749699,1.0181046491197776e-05,64,73058.0,3.409547584123699e+18,9575917568,38381440,16,1.0181046491197776e-05,7975731200.0,2.8400918144410173e+18,60856.0,2.217088041675701,2.239444002057716,bin_2
config_7,320,16,20,0.0042003933340311,0.8607771992683411,0.9496286511421204,0.0021670283749699,1.0181046491197776e-05,64,73058.0,3.409547584123699e+18,9575917568,38381440,16,5.15496024870774e-07,9574809600.0,3.408100843518867e+18,73027.0,2.150204041834539,2.172695986276528,bin_2
config_7,320,16,20,0.0042003933340311,0.8607771992683411,0.9496286511421204,0.0021670283749699,1.0181046491197776e-05,64,73058.0,3.409547584123699e+18,9575917568,38381440,16,5.15496024870774e-07,9574809600.0,3.409547584123699e+18,73058.0,2.149051837307194,2.171583775795312,bin_2
config_70,576,9,12,0.0021633733995258,0.8554425835609436,0.9366718530654908,0.1451856791973114,0.0005860120872966,64,25460.0,1.7224506081088635e+18,3337111552,64802304,16,0.0005860120872966,1592524800.0,8.234071622660242e+17,12171.0,1.8263028264827412,1.8448403816144971,bin_2
config_70,576,9,12,0.0021633733995258,0.8554425835609436,0.9366718530654908,0.1451856791973114,0.0005860120872966,64,25460.0,1.7224506081088635e+18,3337111552,64802304,16,0.0001759938898537,3191603200.0,1.6468143245320484e+18,24342.0,1.7225061620649744,1.740602788886086,bin_2
config_70,576,9,12,0.0021633733995258,0.8554425835609436,0.9366718530654908,0.1451856791973114,0.0005860120872966,64,25460.0,1.7224506081088635e+18,3337111552,64802304,16,1.5855305392225997e-06,3335782400.0,1.7224506081088635e+18,25460.0,1.70574701043426,1.7237104440907962,bin_2
config_700,512,17,4,0.031878150999546,0.8824419975280762,0.951210618019104,0.0107985557988286,5.1830746087944135e-05,32,8177.0,3.8367767941595136e+17,535890080,83693568,16,5.1830746087944135e-05,268697600.0,1.918153789228824e+17,4088.0,2.4149626454759816,2.439776329212501,bin_0
config_700,512,17,4,0.031878150999546,0.8824419975280762,0.951210618019104,0.0107985557988286,5.1830746087944135e-05,32,8177.0,3.8367767941595136e+17,535890080,83693568,16,1.5902615276982864e-05,534118400.0,3.8367767941595136e+17,8177.0,2.150533881304694,2.172389146148181,bin_0
config_701,1024,22,16,0.0216421913355588,0.91529780626297,0.9060887098312378,0.157991886138916,0.0002591554657556,32,13766.0,2.307847865866912e+18,902173568,334120960,8,0.0002591554657556,452198400.0,1.153923932933456e+18,6883.0,1.916225657209021,1.935670260738154,bin_2
config_701,1024,22,16,0.0216421913355588,0.91529780626297,0.9060887098312378,0.157991886138916,0.0002591554657556,32,13766.0,2.307847865866912e+18,902173568,334120960,8,1.9073079356438831e-06,901120000.0,2.307847865866912e+18,13766.0,1.740945142859318,1.759203578546399,bin_2
config_702,768,5,8,0.0147751374170184,0.903531014919281,0.9961085915565492,0.1365995705127716,0.000254164537182,32,8229.0,2.9035678035551846e+17,539310784,74010624,16,0.000254164537182,268697600.0,1.4516074788948874e+17,4114.0,2.058619131260231,2.0788799879199167,bin_0
config_702,768,5,8,0.0147751374170184,0.903531014919281,0.9961085915565492,0.1365995705127716,0.000254164537182,32,8229.0,2.9035678035551846e+17,539310784,74010624,16,6.557625959324059e-06,537395200.0,2.9035678035551846e+17,8229.0,1.8936286715601311,1.9128744841403649,bin_0
config_703,1088,20,16,0.1008146330714225,0.9618801474571228,0.9257341027259828,0.2679194211959839,0.0001097813801607,32,7271.0,1.2554988626280038e+18,476575040,349985664,8,0.0001097813801607,239206400.0,6.27663095262384e+17,3635.0,2.12216901656057,2.143250451302919,bin_1
config_703,1088,20,16,0.1008146330714225,0.9618801474571228,0.9257341027259828,0.2679194211959839,0.0001097813801607,32,7271.0,1.2554988626280038e+18,476575040,349985664,8,1.1834748374614702e-06,475136000.0,1.2554988626280038e+18,7271.0,1.8905452345824632,1.908970603512936,bin_1
config_704,832,21,8,0.0099479407072067,0.9398114085197448,0.9389932155609132,0.0110499504953622,1.768649963196367e-05,64,24390.0,5.606827951175074e+18,3196860672,220779520,8,1.768649963196367e-05,1592524800.0,2.797896801711842e+18,12171.0,2.051601984266375,2.072316433210842,bin_3
config_704,832,21,8,0.0099479407072067,0.9398114085197448,0.9389932155609132,0.0110499504953622,1.768649963196367e-05,64,24390.0,5.606827951175074e+18,3196860672,220779520,8,2.62996277055222e-06,3191603200.0,5.595793603423684e+18,24342.0,1.8616035344561592,1.8814226063939392,bin_3
config_704,832,21,8,0.0099479407072067,0.9398114085197448,0.9389932155609132,0.0110499504953622,1.768649963196367e-05,64,24390.0,5.606827951175074e+18,3196860672,220779520,8,2.62996277055222e-06,3191603200.0,5.606827951175074e+18,24390.0,1.8599287782731604,1.8796909107731992,bin_3
config_705,576,8,12,0.0044562770053744,0.8449442982673645,0.9204265475273132,0.0408580563962459,0.0005829436122439,32,6628.0,2.0768005272655872e+17,434380320,60819840,16,0.0005829436122439,216268800.0,1.0384002636327936e+17,3314.0,2.1238772070994143,2.1455889346951342,bin_0
config_705,576,8,12,0.0044562770053744,0.8449442982673645,0.9204265475273132,0.0408580563962459,0.0005829436122439,32,6628.0,2.0768005272655872e+17,434380320,60819840,16,6.045341164011655e-05,432537600.0,2.0768005272655872e+17,6628.0,1.956785273708281,1.9769467038404749,bin_0
config_706,384,7,16,0.0044598863460123,0.9571568369865416,0.971009373664856,0.0153508549556136,3.8843842048663646e-05,128,45983.0,3.0885295475943014e+18,12054382592,31698432,16,3.8843842048663646e-05,1599078400.0,4.087769572811456e+17,6086.0,2.550922170975169,2.5783812823061085,bin_2
config_706,384,7,16,0.0044598863460123,0.9571568369865416,0.971009373664856,0.0153508549556136,3.8843842048663646e-05,128,45983.0,3.0885295475943014e+18,12054382592,31698432,16,3.8843842048663646e-05,3185049600.0,8.174867477931027e+17,12171.0,2.195319543744697,2.2184194311939303,bin_2
config_706,384,7,16,0.0044598863460123,0.9571568369865416,0.971009373664856,0.0153508549556136,3.8843842048663646e-05,128,45983.0,3.0885295475943014e+18,12054382592,31698432,16,3.8843842048663646e-05,4784128000.0,1.2262637050742482e+18,18257.0,2.077565835772968,2.099287287368149,bin_2
config_706,384,7,16,0.0044598863460123,0.9571568369865416,0.971009373664856,0.0153508549556136,3.8843842048663646e-05,128,45983.0,3.0885295475943014e+18,12054382592,31698432,16,3.8843842048663646e-05,6383206400.0,1.6349734955862054e+18,24342.0,2.0102603040757727,2.032305224762588,bin_2
config_706,384,7,16,0.0044598863460123,0.9571568369865416,0.971009373664856,0.0153508549556136,3.8843842048663646e-05,128,45983.0,3.0885295475943014e+18,12054382592,31698432,16,3.8843842048663646e-05,7982284800.0,2.043750452867351e+18,30428.0,1.9681352041979303,1.989617705853259,bin_2
config_706,384,7,16,0.0044598863460123,0.9571568369865416,0.971009373664856,0.0153508549556136,3.8843842048663646e-05,128,45983.0,3.0885295475943014e+18,12054382592,31698432,16,3.8843842048663646e-05,9568256000.0,2.4525274101484964e+18,36514.0,1.9368628847794456,1.9583278095526773,bin_2
config_706,384,7,16,0.0044598863460123,0.9571568369865416,0.971009373664856,0.0153508549556136,3.8843842048663646e-05,128,45983.0,3.0885295475943014e+18,12054382592,31698432,16,3.8843842048663646e-05,11167334400.0,2.861237200660454e+18,42599.0,1.914563777016812,1.9358285780422024,bin_2
config_706,384,7,16,0.0044598863460123,0.9571568369865416,0.971009373664856,0.0153508549556136,3.8843842048663646e-05,128,45983.0,3.0885295475943014e+18,12054382592,31698432,16,1.818222393767236e-06,12045516800.0,3.0885295475943014e+18,45983.0,1.89354165065484,1.9141804270275304,bin_2
config_707,320,20,10,0.0055963681079447,0.8101410865783691,0.92073255777359,0.0857290178537368,0.0002304161171196,64,24082.0,1.3286746514497536e+18,3156483840,43954560,16,0.0002304161171196,1592524800.0,6.715098074410327e+17,12171.0,1.8976891710719124,1.9177727419821944,bin_1
config_707,320,20,10,0.0055963681079447,0.8101410865783691,0.92073255777359,0.0857290178537368,0.0002304161171196,64,24082.0,1.3286746514497536e+18,3156483840,43954560,16,3.5723429010791397e-06,3152281600.0,1.3286746514497536e+18,24082.0,1.787178539604437,1.8062763968842928,bin_1
config_708,512,20,16,0.0669433251023292,0.9135338664054872,0.9364457726478576,0.1880503445863723,0.0084221689030528,32,8308.0,4.4380058901774336e+17,544504640,93920256,8,0.0084221689030528,271974400.0,2.2190029450887168e+17,4154.0,3.6056559292214816,3.642090456642088,bin_0
config_708,512,20,16,0.0669433251023292,0.9135338664054872,0.9364457726478576,0.1880503445863723,0.0084221689030528,32,8308.0,4.4380058901774336e+17,544504640,93920256,8,4.313530808221743e-05,543948800.0,4.4380058901774336e+17,8308.0,3.5218758460732755,3.5590499274457086,bin_0
config_709,832,9,8,0.0456802435219287,0.855776846408844,0.9483096599578856,0.2611383199691772,0.0001414981379639,128,54883.0,1.2877679689571891e+19,14387334144,118523392,16,0.0001414981379639,1599078400.0,1.4280115626101806e+18,6086.0,1.862734015769646,1.881736161357067,bin_3
config_709,832,9,8,0.0456802435219287,0.855776846408844,0.9483096599578856,0.2611383199691772,0.0001414981379639,128,54883.0,1.2877679689571891e+19,14387334144,118523392,16,0.0001414981379639,3185049600.0,2.8557884864489825e+18,12171.0,1.7450890860401216,1.763291639070042,bin_3
config_709,832,9,8,0.0456802435219287,0.855776846408844,0.9483096599578856,0.2611383199691772,0.0001414981379639,128,54883.0,1.2877679689571891e+19,14387334144,118523392,16,0.0001414981379639,4784128000.0,4.283800049059164e+18,18257.0,1.6967669926705908,1.7126663180648305,bin_3
config_709,832,9,8,0.0456802435219287,0.855776846408844,0.9483096599578856,0.2611383199691772,0.0001414981379639,128,54883.0,1.2877679689571891e+19,14387334144,118523392,16,0.0001414981379639,6383206400.0,5.711576972897965e+18,24342.0,1.6670345831308209,1.6822921781461746,bin_3
config_709,832,9,8,0.0456802435219287,0.855776846408844,0.9483096599578856,0.2611383199691772,0.0001414981379639,128,54883.0,1.2877679689571891e+19,14387334144,118523392,16,0.0001414981379639,7982284800.0,7.139588535508145e+18,30428.0,1.6472791335230967,1.662283823490143,bin_3
config_709,832,9,8,0.0456802435219287,0.855776846408844,0.9483096599578856,0.2611383199691772,0.0001414981379639,128,54883.0,1.2877679689571891e+19,14387334144,118523392,16,0.0001414981379639,9568256000.0,8.567600098118327e+18,36514.0,1.6305360173788228,1.6461684697964152,bin_3
config_709,832,9,8,0.0456802435219287,0.855776846408844,0.9483096599578856,0.2611383199691772,0.0001414981379639,128,54883.0,1.2877679689571891e+19,14387334144,118523392,16,0.0001212686037266,11167334400.0,9.995377021957128e+18,42599.0,1.6137392330169678,1.628705861685706,bin_3
config_709,832,9,8,0.0456802435219287,0.855776846408844,0.9483096599578856,0.2611383199691772,0.0001414981379639,128,54883.0,1.2877679689571891e+19,14387334144,118523392,16,6.104402644648441e-05,12766412800.0,1.1423388584567308e+19,48685.0,1.5875946589766956,1.6020650364531843,bin_3
config_709,832,9,8,0.0456802435219287,0.855776846408844,0.9483096599578856,0.2611383199691772,0.0001414981379639,128,54883.0,1.2877679689571891e+19,14387334144,118523392,16,1.3130932423390538e-06,14352384000.0,1.285116550840611e+19,54770.0,1.5679500926518048,1.5812448419508387,bin_3
config_709,832,9,8,0.0456802435219287,0.855776846408844,0.9483096599578856,0.2611383199691772,0.0001414981379639,128,54883.0,1.2877679689571891e+19,14387334144,118523392,16,3.258050902044314e-07,14378598400.0,1.2877679689571891e+19,54883.0,1.567879056774202,1.5811867725653723,bin_3
config_71,1088,10,8,0.0101549969986081,0.9835765957832336,0.971740424633026,0.2814498841762543,0.0009788949973881,32,3646.0,3.53985785371349e+17,238967392,202344064,8,0.0009788949973881,117964800.0,1.769928926856745e+17,1823.0,2.837910463145522,2.8679487388251257,bin_0
config_71,1088,10,8,0.0101549969986081,0.9835765957832336,0.971740424633026,0.2814498841762543,0.0009788949973881,32,3646.0,3.53985785371349e+17,238967392,202344064,8,4.388807980492576e-05,235929600.0,3.53985785371349e+17,3646.0,2.6737999731204547,2.7027616814707147,bin_0
config_710,512,16,8,0.059191420674324,0.9725216627120972,0.9076849222183228,0.1265088021755218,2.7772171961260028e-05,32,3850.0,1.7234301298286592e+17,252357040,80284672,16,2.7772171961260028e-05,124518400.0,8.617150649143296e+16,1925.0,3.129682186236147,3.163216794983285,bin_0
config_710,512,16,8,0.059191420674324,0.9725216627120972,0.9076849222183228,0.1265088021755218,2.7772171961260028e-05,32,3850.0,1.7234301298286592e+17,252357040,80284672,16,0.0,252313600.0,1.7234301298286592e+17,3850.0,2.7860275344379613,2.8149666364857406,bin_0
config_711,1152,15,12,0.0500970818102359,0.9347087144851683,0.9950228333473206,0.0278175119310617,4.6555611334042624e-05,32,11703.0,1.6915702069767537e+18,766991936,296833536,8,4.6555611334042624e-05,383385600.0,8.457128326942652e+17,5851.0,2.046927785717073,2.067684012026083,bin_2
config_711,1152,15,12,0.0500970818102359,0.9347087144851683,0.9950228333473206,0.0278175119310617,4.6555611334042624e-05,32,11703.0,1.6915702069767537e+18,766991936,296833536,8,4.297441046219325e-07,766771200.0,1.6915702069767537e+18,11703.0,1.862396409648364,1.8823104484354864,bin_2
config_712,832,9,16,0.0215689614415168,0.8526833653450012,0.980858564376831,0.0783860087394714,2.852044053724967e-05,64,20672.0,2.4252165969043784e+18,2709525504,118523392,16,2.852044053724967e-05,1592524800.0,1.4278885062366093e+18,12171.0,2.028351825182555,2.0494614540162632,bin_2
config_712,832,9,16,0.0215689614415168,0.8526833653450012,0.980858564376831,0.0783860087394714,2.852044053724967e-05,64,20672.0,2.4252165969043784e+18,2709525504,118523392,16,3.873146245799306e-07,2706636800.0,2.4252165969043784e+18,20672.0,1.890206143582453,1.9105725452548168,bin_2
config_715,640,10,20,0.074920043349266,0.8924638628959656,0.978118896484375,0.0565723516047,0.001683086506091,32,5354.0,2.2989130004348928e+17,350929536,82981120,16,0.001683086506091,176947200.0,1.1494565002174464e+17,2677.0,2.1551480142405777,2.176574291557562,bin_0
config_715,640,10,20,0.074920043349266,0.8924638628959656,0.978118896484375,0.0565723516047,0.001683086506091,32,5354.0,2.2989130004348928e+17,350929536,82981120,16,2.2292536504517173e-05,350617600.0,2.2989130004348928e+17,5354.0,1.946691695510364,1.9663011634545249,bin_0
config_716,704,22,16,0.0598586574196815,0.929834008216858,0.9390429854393004,0.1858315169811248,0.0028265845030546,32,3419.0,3.195272220667085e+17,224129280,174199168,8,0.0028265845030546,111411200.0,1.5971688286399674e+17,1709.0,3.24524350643158,3.278673725362684,bin_0
config_716,704,22,16,0.0598586574196815,0.929834008216858,0.9390429854393004,0.1858315169811248,0.0028265845030546,32,3419.0,3.195272220667085e+17,224129280,174199168,8,8.457496938273643e-05,222822400.0,3.195272220667085e+17,3419.0,3.25639559554272,3.289721330111144,bin_0
config_718,640,9,16,0.1031805351376533,0.9012197852134703,0.9247916340827942,0.0952487140893936,0.0075379791669547,64,20615.0,1.6452737101430784e+18,2702088704,77900800,16,0.0075379791669547,1592524800.0,9.71361936752433e+17,12171.0,1.982640450587038,2.0028821530107592,bin_2
config_718,640,9,16,0.1031805351376533,0.9012197852134703,0.9247916340827942,0.0952487140893936,0.0075379791669547,64,20615.0,1.6452737101430784e+18,2702088704,77900800,16,5.76004521163128e-05,2700083200.0,1.6452737101430784e+18,20615.0,1.7670868077043629,1.7846655887853904,bin_2
config_719,384,19,16,0.0024190053809434,0.9286954402923584,0.9727170467376708,0.0029817940667271,0.0016147185815498,32,6446.0,2.0991525543110246e+17,422479872,52941312,16,0.0016147185815498,209715200.0,1.0495762771555123e+17,3223.0,2.160577913307753,2.18138626716176,bin_0
config_719,384,19,16,0.0024190053809434,0.9286954402923584,0.9727170467376708,0.0029817940667271,0.0016147185815498,32,6446.0,2.0991525543110246e+17,422479872,52941312,16,0.0016147185815498,419430400.0,2.0991525543110246e+17,6446.0,2.002367161141067,2.0229295711830013,bin_0
config_720,768,11,16,0.0038147738669067,0.9701622128486632,0.907460629940033,0.0235442537814378,1.2918905667902436e-05,32,4852.0,2.88247020032213e+17,318000736,116487168,16,1.2918905667902436e-05,160563200.0,1.441235100161065e+17,2426.0,3.0312974547558142,3.063275932483986,bin_0
config_720,768,11,16,0.0038147738669067,0.9701622128486632,0.907460629940033,0.0235442537814378,1.2918905667902436e-05,32,4852.0,2.88247020032213e+17,318000736,116487168,16,2.2664746785793765e-07,317849600.0,2.88247020032213e+17,4852.0,2.7620362678903048,2.7910011687825937,bin_0
config_721,384,8,24,0.0011695130961015,0.8836775422096252,0.9016852378845216,0.0107332533225417,3.239454235881567e-05,32,8288.0,1.5006852592327066e+17,543194496,33468672,16,3.239454235881567e-05,271974400.0,7.503426296163533e+16,4144.0,2.8908459657137517,2.9209769440478968,bin_0
config_721,384,8,24,0.0011695130961015,0.8836775422096252,0.9016852378845216,0.0107332533225417,3.239454235881567e-05,32,8288.0,1.5006852592327066e+17,543194496,33468672,16,1.3988552382215858e-05,540672000.0,1.5006852592327066e+17,8288.0,2.661959716218417,2.6902313857000384,bin_0
config_723,640,14,4,0.0015027116751298,0.8542921543121338,0.9095690250396729,0.1191113963723182,0.0048051225021481,32,14559.0,8.01402854393856e+17,954160064,103302400,16,0.0048051225021481,478412800.0,4.0067390460422266e+17,7279.0,2.8453261336342237,2.8750127747019785,bin_1
config_723,640,14,4,0.0015027116751298,0.8542921543121338,0.9095690250396729,0.1191113963723182,0.0048051225021481,32,14559.0,8.01402854393856e+17,954160064,103302400,16,2.4940082191079668e-05,953548800.0,8.01402854393856e+17,14559.0,2.6275461350112663,2.6562064874367635,bin_1
config_724,960,14,20,0.0066998023539781,0.8289960026741028,0.9017101526260376,0.0476975291967392,6.795619265176356e-05,64,52824.0,1.0723994757539758e+19,6923755008,203122560,8,6.795619265176356e-05,1592524800.0,2.470879528131463e+18,12171.0,1.8623559884946852,1.8824236619081651,bin_3
config_724,960,14,20,0.0066998023539781,0.8289960026741028,0.9017101526260376,0.0476975291967392,6.795619265176356e-05,64,52824.0,1.0723994757539758e+19,6923755008,203122560,8,6.795619265176356e-05,3191603200.0,4.941759056262926e+18,24342.0,1.7459795331564103,1.764875459416968,bin_3
config_724,960,14,20,0.0066998023539781,0.8289960026741028,0.9017101526260376,0.0476975291967392,6.795619265176356e-05,64,52824.0,1.0723994757539758e+19,6923755008,203122560,8,6.795619265176356e-05,4784128000.0,7.412841598076759e+18,36514.0,1.6944615046899827,1.711203182368982,bin_3
config_724,960,14,20,0.0066998023539781,0.8289960026741028,0.9017101526260376,0.0476975291967392,6.795619265176356e-05,64,52824.0,1.0723994757539758e+19,6923755008,203122560,8,6.795619265176356e-05,6383206400.0,9.88372112620822e+18,48685.0,1.6618520217840789,1.677941078768402,bin_3
config_724,960,14,20,0.0066998023539781,0.8289960026741028,0.9017101526260376,0.0476975291967392,6.795619265176356e-05,64,52824.0,1.0723994757539758e+19,6923755008,203122560,8,6.474587628591992e-07,6920601600.0,1.0723994757539758e+19,52824.0,1.6249408413152229,1.640488788260788,bin_3
config_725,576,15,24,0.0012891965452581,0.8000158071517944,0.9252943992614746,0.2600564360618591,0.0009289702284149,64,10854.0,1.0590754981712856e+18,1422700672,88697088,16,0.0009289702284149,714342400.0,5.295377490856428e+17,5427.0,1.8916294267138496,1.9116402363386311,bin_1
config_725,576,15,24,0.0012891965452581,0.8000158071517944,0.9252943992614746,0.2600564360618591,0.0009289702284149,64,10854.0,1.0590754981712856e+18,1422700672,88697088,16,1.3167543988872304e-06,1422131200.0,1.0590754981712856e+18,10854.0,1.740567157034014,1.7591032878688124,bin_1
config_726,320,6,20,0.033319029957056,0.9182000160217284,0.9102291464805604,0.2732366323471069,1.3794885489915032e-05,64,9385.0,2.384650226294784e+17,1230134528,24448640,16,1.3794885489915032e-05,616038400.0,1.1921980673175414e+17,4692.0,3.100542257183888,3.1333871792183547,bin_0
config_726,320,6,20,0.033319029957056,0.9182000160217284,0.9102291464805604,0.2732366323471069,1.3794885489915032e-05,64,9385.0,2.384650226294784e+17,1230134528,24448640,16,1.8830771924610977e-07,1225523200.0,2.384650226294784e+17,9385.0,2.8979005243739144,2.928740560265838,bin_0
config_727,960,7,20,0.0245003271847963,0.8457738161087036,0.9439943432807922,0.1057042330503463,0.0057361288927495,32,4006.0,2.4133944076010496e+17,262544464,125694720,16,0.0057361288927495,131072000.0,1.2066972038005248e+17,2003.0,3.3962968071953195,3.4310292569144827,bin_0
config_727,960,7,20,0.0245003271847963,0.8457738161087036,0.9439943432807922,0.1057042330503463,0.0057361288927495,32,4006.0,2.4133944076010496e+17,262544464,125694720,16,8.13635303936102e-05,262144000.0,2.4133944076010496e+17,4006.0,3.223700412922218,3.257168532043207,bin_0
config_728,384,17,24,0.0643305853009224,0.8541787266731262,0.9624219536781312,0.2206505984067917,2.635051896504592e-05,128,39667.0,4.749612585910272e+18,10398566400,49400832,16,2.635051896504592e-05,1599078400.0,7.287201501966348e+17,6086.0,2.655797779442834,2.6842247189850106,bin_3
config_728,384,17,24,0.0643305853009224,0.8541787266731262,0.9624219536781312,0.2206505984067917,2.635051896504592e-05,128,39667.0,4.749612585910272e+18,10398566400,49400832,16,2.635051896504592e-05,3185049600.0,1.457320563267046e+18,12171.0,2.342348248997673,2.3676018530814376,bin_3
config_728,384,17,24,0.0643305853009224,0.8541787266731262,0.9624219536781312,0.2206505984067917,2.635051896504592e-05,128,39667.0,4.749612585910272e+18,10398566400,49400832,16,2.635051896504592e-05,4784128000.0,2.186040713463681e+18,18257.0,2.163113318193154,2.185278701664972,bin_3
config_728,384,17,24,0.0643305853009224,0.8541787266731262,0.9624219536781312,0.2206505984067917,2.635051896504592e-05,128,39667.0,4.749612585910272e+18,10398566400,49400832,16,2.635051896504592e-05,6383206400.0,2.9146411265340923e+18,24342.0,2.065810175762802,2.087512396163628,bin_3
config_728,384,17,24,0.0643305853009224,0.8541787266731262,0.9624219536781312,0.2206505984067917,2.635051896504592e-05,128,39667.0,4.749612585910272e+18,10398566400,49400832,16,2.635051896504592e-05,7982284800.0,3.643361276730728e+18,30428.0,2.005394931269474,2.0264923181690158,bin_3
config_728,384,17,24,0.0643305853009224,0.8541787266731262,0.9624219536781312,0.2206505984067917,2.635051896504592e-05,128,39667.0,4.749612585910272e+18,10398566400,49400832,16,9.535202646515133e-06,9568256000.0,4.372081426927362e+18,36514.0,1.9581329759613413,1.9795563686871136,bin_3
config_728,384,17,24,0.0643305853009224,0.8541787266731262,0.9624219536781312,0.2206505984067917,2.635051896504592e-05,128,39667.0,4.749612585910272e+18,10398566400,49400832,16,5.118359488183078e-08,10394009600.0,4.749612585910272e+18,39667.0,1.946817138507718,1.968125725378756,bin_3
config_729,768,14,6,0.1448873281478881,0.9514679312705994,0.96370667219162,0.0040422142483294,0.0067138229496777,64,56862.0,8.127304745181512e+18,7453096448,137725440,8,0.0067138229496777,1592524800.0,1.7396051150786847e+18,12171.0,1.945927330685444,1.9653709412402796,bin_3
config_729,768,14,6,0.1448873281478881,0.9514679312705994,0.96370667219162,0.0040422142483294,0.0067138229496777,64,56862.0,8.127304745181512e+18,7453096448,137725440,8,0.0067138229496777,3191603200.0,3.4792102301573693e+18,24342.0,2.094222758148537,2.115370166008589,bin_3
config_729,768,14,6,0.1448873281478881,0.9514679312705994,0.96370667219162,0.0040422142483294,0.0067138229496777,64,56862.0,8.127304745181512e+18,7453096448,137725440,8,0.0067138229496777,4784128000.0,5.218958275571695e+18,36514.0,2.017882832093317,2.0352737512158567,bin_3
config_729,768,14,6,0.1448873281478881,0.9514679312705994,0.96370667219162,0.0040422142483294,0.0067138229496777,64,56862.0,8.127304745181512e+18,7453096448,137725440,8,0.0067138229496777,6383206400.0,6.958563390650379e+18,48685.0,1.9638548259461512,1.9817433521004972,bin_3
config_729,768,14,6,0.1448873281478881,0.9514679312705994,0.96370667219162,0.0040422142483294,0.0067138229496777,64,56862.0,8.127304745181512e+18,7453096448,137725440,8,0.0003518160497647,7451443200.0,8.127304745181512e+18,56862.0,2.065194794604036,2.0843002676182105,bin_3
config_73,576,17,6,0.0035822440404444,0.9715679883956908,0.9843760132789612,0.0545642152428627,0.0021072516683489,64,11018.0,1.184952579139879e+18,1444184704,96662016,8,0.0021072516683489,720896000.0,5.924762895699395e+17,5509.0,1.9096374611776383,1.930212268067188,bin_1
config_73,576,17,6,0.0035822440404444,0.9715679883956908,0.9843760132789612,0.0545642152428627,0.0021072516683489,64,11018.0,1.184952579139879e+18,1444184704,96662016,8,6.31123627791684e-05,1441792000.0,1.184952579139879e+18,11018.0,1.7682098959703914,1.7869386297757508,bin_1
config_730,320,18,16,0.0782708674669265,0.8912646770477295,0.9391283988952636,0.0140838511288166,9.120537288254128e-05,32,11322.0,2.8828018843951104e+17,742044032,41168000,16,9.120537288254128e-05,370278400.0,1.4414009421975552e+17,5661.0,2.430460773296044,2.455300140068179,bin_0
config_730,320,18,16,0.0782708674669265,0.8912646770477295,0.9391283988952636,0.0140838511288166,9.120537288254128e-05,32,11322.0,2.8828018843951104e+17,742044032,41168000,16,1.2619611342238413e-05,740556800.0,2.8828018843951104e+17,11322.0,2.150197539290444,2.172876899007891,bin_0
config_731,768,21,12,0.0046827639453113,0.954605519771576,0.9774730205535888,0.0249472633004188,0.0002105057210428,128,38251.0,1.524016611381687e+19,10027401216,187281408,8,0.0002105057210428,1599078400.0,2.424816369995281e+18,6086.0,1.761228141823753,1.7799480793319764,bin_3
config_731,768,21,12,0.0046827639453113,0.954605519771576,0.9774730205535888,0.0249472633004188,0.0002105057210428,128,38251.0,1.524016611381687e+19,10027401216,187281408,8,0.0002105057210428,3185049600.0,4.849234314691515e+18,12171.0,1.657533850064043,1.6754611837668496,bin_3
config_731,768,21,12,0.0046827639453113,0.954605519771576,0.9774730205535888,0.0249472633004188,0.0002105057210428,128,38251.0,1.524016611381687e+19,10027401216,187281408,8,0.0002105057210428,4784128000.0,7.274050684686796e+18,18257.0,1.6117782992808545,1.6270320384815091,bin_3
config_731,768,21,12,0.0046827639453113,0.954605519771576,0.9774730205535888,0.0249472633004188,0.0002105057210428,128,38251.0,1.524016611381687e+19,10027401216,187281408,8,0.0002105057210428,6383206400.0,9.69846862938303e+18,24342.0,1.5834482879521417,1.5983146921337628,bin_3
config_731,768,21,12,0.0046827639453113,0.954605519771576,0.9774730205535888,0.0249472633004188,0.0002105057210428,128,38251.0,1.524016611381687e+19,10027401216,187281408,8,0.0002105057210428,7982284800.0,1.2123284999378311e+19,30428.0,1.5639388691499585,1.5780094199102432,bin_3
config_731,768,21,12,0.0046827639453113,0.954605519771576,0.9774730205535888,0.0249472633004188,0.0002105057210428,128,38251.0,1.524016611381687e+19,10027401216,187281408,8,0.0002105057210428,9568256000.0,1.4548101369373592e+19,36514.0,1.548431492252428,1.562238313233266,bin_3
config_731,768,21,12,0.0046827639453113,0.954605519771576,0.9774730205535888,0.0249472633004188,0.0002105057210428,128,38251.0,1.524016611381687e+19,10027401216,187281408,8,2.206558920784911e-07,10027008000.0,1.524016611381687e+19,38251.0,1.5196992706470802,1.5332679402828218,bin_3
config_732,576,10,8,0.0016130479052662,0.9299361705780028,0.934737503528595,0.2004774510860443,2.993580528709572e-05,32,4646.0,1.6876488469417574e+17,304523232,68784768,16,2.993580528709572e-05,150732800.0,8.438244234708787e+16,2323.0,2.8821673342439,2.912410966841901,bin_0
config_732,576,10,8,0.0016130479052662,0.9299361705780028,0.934737503528595,0.2004774510860443,2.993580528709572e-05,32,4646.0,1.6876488469417574e+17,304523232,68784768,16,1.479105309566491e-06,301465600.0,1.6876488469417574e+17,4646.0,2.643669430623289,2.671018982324444,bin_0
config_733,768,18,16,0.0224868543446064,0.8689357042312622,0.9081039428710938,0.2223656475543975,0.0005827107233926,32,4407.0,3.858965088492257e+17,288882112,166043136,8,0.0005827107233926,144179200.0,1.92904472202143e+17,2203.0,2.1928459174320345,2.215398611103902,bin_0
config_733,768,18,16,0.0224868543446064,0.8689357042312622,0.9081039428710938,0.2223656475543975,0.0005827107233926,32,4407.0,3.858965088492257e+17,288882112,166043136,8,4.166470953777929e-06,288358400.0,3.858965088492257e+17,4407.0,1.959302816840469,1.9801670085797545,bin_0
config_734,960,6,12,0.0168947018682956,0.8170038461685181,0.9300928115844728,0.0461524315178394,4.716390685644001e-05,128,44129.0,9.59338535171457e+18,11568268288,114633600,16,4.716390685644001e-05,1599078400.0,1.3230606460725345e+18,6086.0,2.055420551769069,2.0774524783697284,bin_3
config_734,960,6,12,0.0168947018682956,0.8170038461685181,0.9300928115844728,0.0461524315178394,4.716390685644001e-05,128,44129.0,9.59338535171457e+18,11568268288,114633600,16,4.716390685644001e-05,3185049600.0,2.645903898019852e+18,12171.0,1.885468264016949,1.9056705675750485,bin_3
config_734,960,6,12,0.0168947018682956,0.8170038461685181,0.9300928115844728,0.0461524315178394,4.716390685644001e-05,128,44129.0,9.59338535171457e+18,11568268288,114633600,16,4.716390685644001e-05,4784128000.0,3.968964544092386e+18,18257.0,1.817150200781275,1.834641827559862,bin_3
config_734,960,6,12,0.0168947018682956,0.8170038461685181,0.9300928115844728,0.0461524315178394,4.716390685644001e-05,128,44129.0,9.59338535171457e+18,11568268288,114633600,16,4.716390685644001e-05,6383206400.0,5.291807796039704e+18,24342.0,1.774570331065381,1.7908790749018308,bin_3
config_734,960,6,12,0.0168947018682956,0.8170038461685181,0.9300928115844728,0.0461524315178394,4.716390685644001e-05,128,44129.0,9.59338535171457e+18,11568268288,114633600,16,4.716390685644001e-05,7982284800.0,6.614868442112239e+18,30428.0,1.7466545968368403,1.7622980792014324,bin_3
config_734,960,6,12,0.0168947018682956,0.8170038461685181,0.9300928115844728,0.0461524315178394,4.716390685644001e-05,128,44129.0,9.59338535171457e+18,11568268288,114633600,16,4.716390685644001e-05,9568256000.0,7.937929088184772e+18,36514.0,1.7229378989876294,1.7401605697538032,bin_3
config_734,960,6,12,0.0168947018682956,0.8170038461685181,0.9300928115844728,0.0461524315178394,4.716390685644001e-05,128,44129.0,9.59338535171457e+18,11568268288,114633600,16,3.541926010977248e-05,11167334400.0,9.26077234013209e+18,42599.0,1.7008059530570858,1.7180509305000304,bin_3
config_734,960,6,12,0.0168947018682956,0.8170038461685181,0.9300928115844728,0.0461524315178394,4.716390685644001e-05,128,44129.0,9.59338535171457e+18,11568268288,114633600,16,6.71784527915892e-07,11560550400.0,9.59338535171457e+18,44129.0,1.68346227575521,1.7002289498047751,bin_3
config_735,1152,16,12,0.0069817840121686,0.8890353441238403,0.9904550313949584,0.2444171160459518,0.0001175290235551,64,8882.0,2.7117914354978e+18,1164197120,312761088,8,0.0001175290235551,583270400.0,1.3558957177488998e+18,4441.0,1.8846682788700355,1.9027157576944007,bin_2
config_735,1152,16,12,0.0069817840121686,0.8890353441238403,0.9904550313949584,0.2444171160459518,0.0001175290235551,64,8882.0,2.7117914354978e+18,1164197120,312761088,8,1.7331468911352334e-06,1159987200.0,2.7117914354978e+18,8882.0,1.7224816265067115,1.74056767922933,bin_2
config_736,256,21,16,0.0010148882865905,0.8423331379890442,0.9781225919723512,0.2218004614114761,0.0006266343407332,64,9562.0,3.969168564861665e+17,1253313408,30773248,16,0.0006266343407332,629145600.0,1.9845842824308326e+17,4781.0,2.040649155515139,2.063026941838812,bin_0
config_736,256,21,16,0.0010148882865905,0.8423331379890442,0.9781225919723512,0.2218004614114761,0.0006266343407332,64,9562.0,3.969168564861665e+17,1253313408,30773248,16,3.546986834339393e-06,1251737600.0,3.969168564861665e+17,9562.0,1.88662181690091,1.9071411801557072,bin_0
config_737,320,4,8,0.0040349373593926,0.9426829814910888,0.9430006146430968,0.164415031671524,4.1469145799055696e-05,64,40547.0,8.578451525301043e+17,5314614784,21662080,16,4.1469145799055696e-05,1592524800.0,2.574995277441956e+17,12171.0,2.339587366307368,2.363661074364772,bin_1
config_737,320,4,8,0.0040349373593926,0.9426829814910888,0.9430006146430968,0.164415031671524,4.1469145799055696e-05,64,40547.0,8.578451525301043e+17,5314614784,21662080,16,4.1469145799055696e-05,3191603200.0,5.149990554883912e+17,24342.0,2.137082763929836,2.159753380994328,bin_1
config_737,320,4,8,0.0040349373593926,0.9426829814910888,0.9430006146430968,0.164415031671524,4.1469145799055696e-05,64,40547.0,8.578451525301043e+17,5314614784,21662080,16,2.517636259357612e-05,4784128000.0,7.72519740042031e+17,36514.0,2.0601677222720918,2.0815101947549914,bin_1
config_737,320,4,8,0.0040349373593926,0.9426829814910888,0.9430006146430968,0.164415031671524,4.1469145799055696e-05,64,40547.0,8.578451525301043e+17,5314614784,21662080,16,2.9238671655500186e-07,5308416000.0,8.578451525301043e+17,40547.0,2.045592502414203,2.066988355253564,bin_1
config_738,256,9,16,0.0069168820045888,0.8410594463348389,0.975665271282196,0.2649116814136505,0.0011384793324396,32,12853.0,1.5150739879172506e+17,842387072,20543488,16,0.0011384793324396,422707200.0,7.57478055423345e+16,6426.0,2.109337016480868,2.131710953204358,bin_0
config_738,256,9,16,0.0069168820045888,0.8410594463348389,0.975665271282196,0.2649116814136505,0.0011384793324396,32,12853.0,1.5150739879172506e+17,842387072,20543488,16,1.0033601637246536e-06,842137600.0,1.5150739879172506e+17,12853.0,1.95741017982608,1.977282882479371,bin_0
config_739,1024,22,16,0.0021330807358026,0.8460180163383484,0.9524922370910645,0.1537852138280868,0.0001702956215012,32,8582.0,1.4388033196641485e+18,562450560,334120960,8,0.0001702956215012,281804800.0,7.194016598320742e+17,4291.0,2.015423182112272,2.035145222534899,bin_1
config_739,1024,22,16,0.0021330807358026,0.8460180163383484,0.9524922370910645,0.1537852138280868,0.0001702956215012,32,8582.0,1.4388033196641485e+18,562450560,334120960,8,4.131508633844588e-06,560332800.0,1.4388033196641485e+18,8582.0,1.8167426198427796,1.8351374996490168,bin_1
config_74,448,9,14,0.0041324258781969,0.9229406714439392,0.9746575951576232,0.2482709437608719,0.0002434874768368,128,42199.0,4.098461270603858e+18,11062440960,45240832,16,0.0002434874768368,1599078400.0,5.910859331475884e+17,6086.0,1.913181327757288,1.934589638983617,bin_2
config_74,448,9,14,0.0041324258781969,0.9229406714439392,0.9746575951576232,0.2482709437608719,0.0002434874768368,128,42199.0,4.098461270603858e+18,11062440960,45240832,16,0.0002434874768368,3185049600.0,1.1820747440583795e+18,12171.0,1.8112982275056055,1.831900939276961,bin_2
config_74,448,9,14,0.0041324258781969,0.9229406714439392,0.9746575951576232,0.2482709437608719,0.0002434874768368,128,42199.0,4.098461270603858e+18,11062440960,45240832,16,0.0002434874768368,4784128000.0,1.773160677205968e+18,18257.0,1.770981544236668,1.7896857237815855,bin_2
config_74,448,9,14,0.0041324258781969,0.9229406714439392,0.9746575951576232,0.2482709437608719,0.0002434874768368,128,42199.0,4.098461270603858e+18,11062440960,45240832,16,0.0002434874768368,6383206400.0,2.364149488116759e+18,24342.0,1.7475156386953885,1.7656467182909856,bin_2
config_74,448,9,14,0.0041324258781969,0.9229406714439392,0.9746575951576232,0.2482709437608719,0.0002434874768368,128,42199.0,4.098461270603858e+18,11062440960,45240832,16,0.0002434874768368,7982284800.0,2.955235421264347e+18,30428.0,1.7311117960195073,1.7491473088108125,bin_2
config_74,448,9,14,0.0041324258781969,0.9229406714439392,0.9746575951576232,0.2482709437608719,0.0002434874768368,128,42199.0,4.098461270603858e+18,11062440960,45240832,16,0.0001324584889741,9568256000.0,3.546321354411936e+18,36514.0,1.702190499305725,1.720493907928467,bin_2
config_74,448,9,14,0.0041324258781969,0.9229406714439392,0.9746575951576232,0.2482709437608719,0.0002434874768368,128,42199.0,4.098461270603858e+18,11062440960,45240832,16,1.138878041715102e-06,11049369600.0,4.098461270603858e+18,42199.0,1.6793299348237083,1.697022867906289,bin_2
config_740,768,14,12,0.1944297552108764,0.9586019515991212,0.9060513973236084,0.0550382174551487,0.0021414314396679,64,10339.0,1.477832645028741e+18,1355237632,137725440,8,0.0021414314396679,675020800.0,7.388448536757484e+17,5169.0,1.9527980826721816,1.9732988540070957,bin_1
config_740,768,14,12,0.1944297552108764,0.9586019515991212,0.9060513973236084,0.0550382174551487,0.0021414314396679,64,10339.0,1.477832645028741e+18,1355237632,137725440,8,0.0001467764958647,1350041600.0,1.477832645028741e+18,10339.0,1.7750391864581183,1.793099001919637,bin_1
config_741,576,21,16,0.190570518374443,0.9724090099334716,0.9500474333763124,0.2698352038860321,0.0009347703307867,64,22130.0,2.8214072578606694e+18,2900671232,112591872,8,0.0009347703307867,1592524800.0,1.5517102456132943e+18,12171.0,1.8017128069869808,1.8206757868899677,bin_2
config_741,576,21,16,0.190570518374443,0.9724090099334716,0.9500474333763124,0.2698352038860321,0.0009347703307867,64,22130.0,2.8214072578606694e+18,2900671232,112591872,8,4.696551653592487e-06,2896691200.0,2.8214072578606694e+18,22130.0,1.6359593354287694,1.6528915897158325,bin_2
config_742,448,10,14,0.1996979117393493,0.8463528156280518,0.953440010547638,0.2748601138591766,0.0021153348498046,32,11097.0,2.884543938258125e+17,727257280,47764864,16,0.0021153348498046,363724800.0,1.4421419995905267e+17,5548.0,2.0992595803151364,2.119429571354976,bin_0
config_742,448,10,14,0.1996979117393493,0.8463528156280518,0.953440010547638,0.2748601138591766,0.0021153348498046,32,11097.0,2.884543938258125e+17,727257280,47764864,16,3.259696325928459e-05,724172800.0,2.884543938258125e+17,11097.0,1.8661605505083427,1.8845689444854608,bin_0
config_743,768,6,16,0.1868115812540054,0.9556628465652466,0.9064823389053344,0.1891055107116699,4.734258618555032e-05,32,4318.0,1.6971924787583386e+17,282994368,81090048,16,4.734258618555032e-05,140902400.0,8.485962393791693e+16,2159.0,2.723487266477991,2.7520615042233074,bin_0
config_743,768,6,16,0.1868115812540054,0.9556628465652466,0.9064823389053344,0.1891055107116699,4.734258618555032e-05,32,4318.0,1.6971924787583386e+17,282994368,81090048,16,1.0443217540930195e-06,281804800.0,1.6971924787583386e+17,4318.0,2.428751284411696,2.4532056103378044,bin_0
config_744,1152,18,8,0.0031101638451218,0.8774908781051636,0.926428496837616,0.0114138722419738,5.527566463570111e-05,64,52540.0,1.774721274367574e+19,6886640640,344616192,8,5.527566463570111e-05,1592524800.0,4.11117865061434e+18,12171.0,1.8025416705061177,1.821608691137345,bin_3
config_744,1152,18,8,0.0031101638451218,0.8774908781051636,0.926428496837616,0.0114138722419738,5.527566463570111e-05,64,52540.0,1.774721274367574e+19,6886640640,344616192,8,5.527566463570111e-05,3191603200.0,8.22235730122868e+18,24342.0,1.6902196713744615,1.70820564227026,bin_3
config_744,1152,18,8,0.0031101638451218,0.8774908781051636,0.926428496837616,0.0114138722419738,5.527566463570111e-05,64,52540.0,1.774721274367574e+19,6886640640,344616192,8,5.527566463570111e-05,4784128000.0,1.2333873736630682e+19,36514.0,1.6387149338644058,1.654525943349619,bin_3
config_744,1152,18,8,0.0031101638451218,0.8774908781051636,0.926428496837616,0.0114138722419738,5.527566463570111e-05,64,52540.0,1.774721274367574e+19,6886640640,344616192,8,5.527566463570111e-05,6383206400.0,1.644505238724502e+19,48685.0,1.6057307107526748,1.6211759371835677,bin_3
config_744,1152,18,8,0.0031101638451218,0.8774908781051636,0.926428496837616,0.0114138722419738,5.527566463570111e-05,64,52540.0,1.774721274367574e+19,6886640640,344616192,8,3.691196302884879e-06,6881280000.0,1.774721274367574e+19,52540.0,1.578505741768196,1.5933767666191352,bin_3
config_745,1088,16,16,0.00249008461833,0.8470131754875183,0.9325708150863647,0.1713699549436569,0.0014596554683521,128,38262.0,2.179731114077376e+19,10030155776,290929024,8,0.0014596554683521,1599078400.0,3.467106675101905e+18,6086.0,1.6789468900102085,1.6963569885199188,bin_3
config_745,1088,16,16,0.00249008461833,0.8470131754875183,0.9325708150863647,0.1713699549436569,0.0014596554683521,128,38262.0,2.179731114077376e+19,10030155776,290929024,8,0.0014596554683521,3185049600.0,6.93364366458516e+18,12171.0,1.5971686403477778,1.6140700659986402,bin_3
config_745,1088,16,16,0.00249008461833,0.8470131754875183,0.9325708150863647,0.1713699549436569,0.0014596554683521,128,38262.0,2.179731114077376e+19,10030155776,290929024,8,0.0014596554683521,4784128000.0,1.0400750339687064e+19,18257.0,1.5597101310432937,1.5748044185560257,bin_3
config_745,1088,16,16,0.00249008461833,0.8470131754875183,0.9325708150863647,0.1713699549436569,0.0014596554683521,128,38262.0,2.179731114077376e+19,10030155776,290929024,8,0.0014596554683521,6383206400.0,1.386728732917032e+19,24342.0,1.5373405177866826,1.5515679084472969,bin_3
config_745,1088,16,16,0.00249008461833,0.8470131754875183,0.9325708150863647,0.1713699549436569,0.0014596554683521,128,38262.0,2.179731114077376e+19,10030155776,290929024,8,0.0014596554683521,7982284800.0,1.7334394004272224e+19,30428.0,1.5214359866986509,1.5356586316179055,bin_3
config_745,1088,16,16,0.00249008461833,0.8470131754875183,0.9325708150863647,0.1713699549436569,0.0014596554683521,128,38262.0,2.179731114077376e+19,10030155776,290929024,8,0.0003922991054357,9568256000.0,2.0801500679374127e+19,36514.0,1.4714277713416053,1.4847670875807275,bin_3
config_745,1088,16,16,0.00249008461833,0.8470131754875183,0.9325708150863647,0.1713699549436569,0.0014596554683521,128,38262.0,2.179731114077376e+19,10030155776,290929024,8,2.6717305705041463e-06,10027008000.0,2.179731114077376e+19,38262.0,1.458914072689463,1.4720355749618812,bin_3
config_746,768,13,16,0.0193640198558568,0.8517617583274841,0.9336842894554138,0.2511405944824219,7.895290036685765e-05,32,8367.0,5.643465672213136e+17,548378624,130646016,8,7.895290036685765e-05,275251200.0,2.8213955906379283e+17,4183.0,2.2482198737097567,2.271058443667459,bin_1
config_746,768,13,16,0.0193640198558568,0.8517617583274841,0.9336842894554138,0.2511405944824219,7.895290036685765e-05,32,8367.0,5.643465672213136e+17,548378624,130646016,8,6.38838318056442e-07,547225600.0,5.643465672213136e+17,8367.0,2.02579304941365,2.048159452168668,bin_1
config_747,320,19,8,0.1254696100950241,0.8514379262924194,0.9711863994598388,0.0062883319333195,0.0011499938555061,64,43634.0,2.31468419432448e+18,5719296000,42561280,16,0.0011499938555061,1592524800.0,6.45643794497943e+17,12171.0,1.874499900731884,1.8944414800894065,bin_2
config_747,320,19,8,0.1254696100950241,0.8514379262924194,0.9711863994598388,0.0062883319333195,0.0011499938555061,64,43634.0,2.31468419432448e+18,5719296000,42561280,16,0.0011499938555061,3191603200.0,1.291287588995886e+18,24342.0,1.832703137515021,1.851870104836636,bin_2
config_747,320,19,8,0.1254696100950241,0.8514379262924194,0.9711863994598388,0.0062883319333195,0.0011499938555061,64,43634.0,2.31468419432448e+18,5719296000,42561280,16,0.0011499938555061,4784128000.0,1.9369844312133676e+18,36514.0,1.818700813191836,1.835925151324663,bin_2
config_747,320,19,8,0.1254696100950241,0.8514379262924194,0.9711863994598388,0.0062883319333195,0.0011499938555061,64,43634.0,2.31468419432448e+18,5719296000,42561280,16,0.0001426999674715,5714739200.0,2.31468419432448e+18,43634.0,1.7503754861628422,1.767959466723145,bin_2
config_751,256,10,16,0.0020595104433596,0.8509556651115417,0.9088932275772096,0.129275843501091,9.2725531430915e-05,128,52124.0,2.613399021051445e+18,13664251904,21395968,16,9.2725531430915e-05,1599078400.0,3.051405579410463e+17,6086.0,2.411403643576825,2.436598976479202,bin_2
config_751,256,10,16,0.0020595104433596,0.8509556651115417,0.9088932275772096,0.129275843501091,9.2725531430915e-05,128,52124.0,2.613399021051445e+18,13664251904,21395968,16,9.2725531430915e-05,3185049600.0,6.102309777687273e+17,12171.0,2.124451159297443,2.147829818842841,bin_2
config_751,256,10,16,0.0020595104433596,0.8509556651115417,0.9088932275772096,0.129275843501091,9.2725531430915e-05,128,52124.0,2.613399021051445e+18,13664251904,21395968,16,9.2725531430915e-05,4784128000.0,9.153715357097736e+17,18257.0,2.031739574025889,2.0539893174171446,bin_2
config_751,256,10,16,0.0020595104433596,0.8509556651115417,0.9088932275772096,0.129275843501091,9.2725531430915e-05,128,52124.0,2.613399021051445e+18,13664251904,21395968,16,9.2725531430915e-05,6383206400.0,1.2204619555374546e+18,24342.0,1.9833535787316616,2.005692904073684,bin_2
config_751,256,10,16,0.0020595104433596,0.8509556651115417,0.9088932275772096,0.129275843501091,9.2725531430915e-05,128,52124.0,2.613399021051445e+18,13664251904,21395968,16,9.2725531430915e-05,7982284800.0,1.5256025134785006e+18,30428.0,1.9546056430457068,1.9763312100973285,bin_2
config_751,256,10,16,0.0020595104433596,0.8509556651115417,0.9088932275772096,0.129275843501091,9.2725531430915e-05,128,52124.0,2.613399021051445e+18,13664251904,21395968,16,9.2725531430915e-05,9568256000.0,1.8307430714195471e+18,36514.0,1.9337342232563457,1.9550434085580168,bin_2
config_751,256,10,16,0.0020595104433596,0.8509556651115417,0.9088932275772096,0.129275843501091,9.2725531430915e-05,128,52124.0,2.613399021051445e+18,13664251904,21395968,16,9.2725531430915e-05,11167334400.0,2.135833491247228e+18,42599.0,1.91810623688776,1.939132251035972,bin_2
config_751,256,10,16,0.0020595104433596,0.8509556651115417,0.9088932275772096,0.129275843501091,9.2725531430915e-05,128,52124.0,2.613399021051445e+18,13664251904,21395968,16,4.711965265946171e-05,12766412800.0,2.440974049188274e+18,48685.0,1.8961166825841684,1.9170483864330852,bin_2
config_751,256,10,16,0.0020595104433596,0.8509556651115417,0.9088932275772096,0.129275843501091,9.2725531430915e-05,128,52124.0,2.613399021051445e+18,13664251904,21395968,16,3.302779392018376e-07,13657702400.0,2.613399021051445e+18,52124.0,1.883740447818256,1.903549620909769,bin_2
config_752,448,21,16,0.1020573005080223,0.8242319226264954,0.9807158708572388,0.026914769783616,2.3565913579659536e-05,64,15380.0,1.3794688383101338e+18,2015969408,75529216,16,2.3565913579659536e-05,1592524800.0,1.091645983814866e+18,12171.0,2.2628282127614883,2.286725933121853,bin_1
config_752,448,21,16,0.1020573005080223,0.8242319226264954,0.9807158708572388,0.026914769783616,2.3565913579659536e-05,64,15380.0,1.3794688383101338e+18,2015969408,75529216,16,1.7118097031229684e-06,2011955200.0,1.3794688383101338e+18,15380.0,2.1587722155696056,2.181857527709398,bin_1
config_753,1152,21,12,0.0315340086817741,0.927095592021942,0.903426706790924,0.0973085835576057,0.0015728696016594,32,9086.0,1.755807488188711e+18,595463808,392398848,8,0.0015728696016594,298188800.0,8.779037440943555e+17,4543.0,3.3403660689025627,3.37493397622812,bin_2
config_753,1152,21,12,0.0315340086817741,0.927095592021942,0.903426706790924,0.0973085835576057,0.0015728696016594,32,9086.0,1.755807488188711e+18,595463808,392398848,8,6.405351318975231e-05,593100800.0,1.755807488188711e+18,9086.0,3.104843692623201,3.137073602520052,bin_2
config_755,1152,17,18,0.0261438582092523,0.8056340217590332,0.9145852327346802,0.0817004293203353,0.0009862644365057,64,62142.0,1.998145098329083e+19,8145101312,328688640,8,0.0009862644365057,1592524800.0,3.913524507058555e+18,12171.0,1.718147763463317,1.7354025069025696,bin_3
config_755,1152,17,18,0.0261438582092523,0.8056340217590332,0.9145852327346802,0.0817004293203353,0.0009862644365057,64,62142.0,1.998145098329083e+19,8145101312,328688640,8,0.0009862644365057,3191603200.0,7.82704901411711e+18,24342.0,1.6467524871083556,1.663857467057275,bin_3
config_755,1152,17,18,0.0261438582092523,0.8056340217590332,0.9145852327346802,0.0817004293203353,0.0009862644365057,64,62142.0,1.998145098329083e+19,8145101312,328688640,8,0.0009862644365057,4784128000.0,1.1740895066201303e+19,36514.0,1.6159176174929886,1.631642168643045,bin_3
config_755,1152,17,18,0.0261438582092523,0.8056340217590332,0.9145852327346802,0.0817004293203353,0.0009862644365057,64,62142.0,1.998145098329083e+19,8145101312,328688640,8,0.0009862644365057,6383206400.0,1.5654419573259858e+19,48685.0,1.5970635179613455,1.6122788984267438,bin_3
config_755,1152,17,18,0.0261438582092523,0.8056340217590332,0.9145852327346802,0.0817004293203353,0.0009862644365057,64,62142.0,1.998145098329083e+19,8145101312,328688640,8,0.0002509855528787,7975731200.0,1.956794408031841e+19,60856.0,1.5206225823085815,1.5348716749715023,bin_3
config_755,1152,17,18,0.0261438582092523,0.8056340217590332,0.9145852327346802,0.0817004293203353,0.0009862644365057,64,62142.0,1.998145098329083e+19,8145101312,328688640,8,8.15897308119773e-06,8139571200.0,1.998145098329083e+19,62142.0,1.5034300102757625,1.5169949337693511,bin_3
config_756,704,22,22,0.0161959901452064,0.9280139207839966,0.9185270667076112,0.1931466311216354,2.5706256565172225e-05,64,67791.0,1.2667575067413185e+19,8885548032,174199168,8,2.5706256565172225e-05,1592524800.0,2.274299776452418e+18,12171.0,2.103583583284597,2.12571818799269,bin_3
config_756,704,22,22,0.0161959901452064,0.9280139207839966,0.9185270667076112,0.1931466311216354,2.5706256565172225e-05,64,67791.0,1.2667575067413185e+19,8885548032,174199168,8,2.5706256565172225e-05,3191603200.0,4.548599552904836e+18,24342.0,1.8980945001664709,1.919312125131732,bin_3
config_756,704,22,22,0.0161959901452064,0.9280139207839966,0.9185270667076112,0.1931466311216354,2.5706256565172225e-05,64,67791.0,1.2667575067413185e+19,8885548032,174199168,8,2.5706256565172225e-05,4784128000.0,6.823086191552345e+18,36514.0,1.8149750056032277,1.8335643473804972,bin_3
config_756,704,22,22,0.0161959901452064,0.9280139207839966,0.9185270667076112,0.1931466311216354,2.5706256565172225e-05,64,67791.0,1.2667575067413185e+19,8885548032,174199168,8,2.5706256565172225e-05,6383206400.0,9.097385968004764e+18,48685.0,1.7646357022738848,1.7827622006955697,bin_3
config_756,704,22,22,0.0161959901452064,0.9280139207839966,0.9185270667076112,0.1931466311216354,2.5706256565172225e-05,64,67791.0,1.2667575067413185e+19,8885548032,174199168,8,1.3627673323062736e-05,7975731200.0,1.137168574445718e+19,60856.0,1.718985719055426,1.7364316325109512,bin_3
config_756,704,22,22,0.0161959901452064,0.9280139207839966,0.9185270667076112,0.1931466311216354,2.5706256565172225e-05,64,67791.0,1.2667575067413185e+19,8885548032,174199168,8,8.049771016360259e-08,8880128000.0,1.2667575067413185e+19,67791.0,1.696580507188547,1.715223727519395,bin_3
config_757,960,6,6,0.0400218442082405,0.8117691874504089,0.9142698049545288,0.2402243912220001,3.105373980361037e-05,64,64999.0,7.065170038988145e+18,8519597568,114633600,16,3.105373980361037e-05,1592524800.0,1.3229462690891354e+18,12171.0,2.0362117857620365,2.057308261199076,bin_3
config_757,960,6,6,0.0400218442082405,0.8117691874504089,0.9142698049545288,0.2402243912220001,3.105373980361037e-05,64,64999.0,7.065170038988145e+18,8519597568,114633600,16,3.105373980361037e-05,3191603200.0,2.6458925381782707e+18,24342.0,1.891496576559348,1.911922815588654,bin_3
config_757,960,6,6,0.0400218442082405,0.8117691874504089,0.9142698049545288,0.2402243912220001,3.105373980361037e-05,64,64999.0,7.065170038988145e+18,8519597568,114633600,16,3.105373980361037e-05,4784128000.0,3.9689475038633385e+18,36514.0,1.8288438839208885,1.8483085042531373,bin_3
config_757,960,6,6,0.0400218442082405,0.8117691874504089,0.9142698049545288,0.2402243912220001,3.105373980361037e-05,64,64999.0,7.065170038988145e+18,8519597568,114633600,16,3.105373980361037e-05,6383206400.0,5.291893772952474e+18,48685.0,1.7891621391499628,1.8081290699224004,bin_3
config_757,960,6,6,0.0400218442082405,0.8117691874504089,0.9142698049545288,0.2402243912220001,3.105373980361037e-05,64,64999.0,7.065170038988145e+18,8519597568,114633600,16,8.25169504580373e-06,7975731200.0,6.614840042041609e+18,60856.0,1.7500961757487938,1.7679239515398368,bin_3
config_757,960,6,6,0.0400218442082405,0.8117691874504089,0.9142698049545288,0.2402243912220001,3.105373980361037e-05,64,64999.0,7.065170038988145e+18,8519597568,114633600,16,9.74531350311821e-08,8513126400.0,7.065170038988145e+18,64999.0,1.7424440541423736,1.760047209731868,bin_3
config_758,384,9,12,0.1597993820905685,0.9719820618629456,0.9281602501869202,0.1783487498760223,1.190273633255856e-05,64,51521.0,2.0010982051581788e+18,6753067008,35238912,16,1.190273633255856e-05,1592524800.0,4.727269706523591e+17,12171.0,2.7290409897976238,2.758224011874589,bin_2
config_758,384,9,12,0.1597993820905685,0.9719820618629456,0.9281602501869202,0.1783487498760223,1.190273633255856e-05,64,51521.0,2.0010982051581788e+18,6753067008,35238912,16,1.190273633255856e-05,3191603200.0,9.454539413047182e+17,24342.0,2.401553000348513,2.4267569342597586,bin_2
config_758,384,9,12,0.1597993820905685,0.9719820618629456,0.9281602501869202,0.1783487498760223,1.190273633255856e-05,64,51521.0,2.0010982051581788e+18,6753067008,35238912,16,1.190273633255856e-05,4784128000.0,1.4182197523950572e+18,36514.0,2.2341224086480063,2.2568761460507503,bin_2
config_758,384,9,12,0.1597993820905685,0.9719820618629456,0.9281602501869202,0.1783487498760223,1.190273633255856e-05,64,51521.0,2.0010982051581788e+18,6753067008,35238912,16,3.654507966276416e-06,6383206400.0,1.8909467230474163e+18,48685.0,2.147899211899179,2.170086967984184,bin_2
config_758,384,9,12,0.1597993820905685,0.9719820618629456,0.9281602501869202,0.1783487498760223,1.190273633255856e-05,64,51521.0,2.0010982051581788e+18,6753067008,35238912,16,2.720477394250604e-08,6750208000.0,2.0010982051581788e+18,51521.0,2.1412758738486493,2.1635060811433635,bin_2
config_759,576,19,24,0.0270142164081335,0.906076729297638,0.917616605758667,0.1471125930547714,2.2460260879597627e-05,32,8748.0,5.140307563639603e+17,573319680,104626944,8,2.2460260879597627e-05,285081600.0,2.5701537818198016e+17,4374.0,2.7656557790764045,2.793468610966792,bin_0
config_759,576,19,24,0.0270142164081335,0.906076729297638,0.917616605758667,0.1471125930547714,2.2460260879597627e-05,32,8748.0,5.140307563639603e+17,573319680,104626944,8,8.383301105915156e-07,570163200.0,5.140307563639603e+17,8748.0,2.5261399655850205,2.553408271484688,bin_0
config_76,832,5,16,0.1159383803606033,0.900098443031311,0.9499478936195374,0.1116463989019393,0.0011595545802265,64,28328.0,2.2605148219503084e+18,3713009408,84438016,16,0.0011595545802265,1592524800.0,9.712202025542644e+17,12171.0,1.82630212920611,1.8454819527219557,bin_2
config_76,832,5,16,0.1159383803606033,0.900098443031311,0.9499478936195374,0.1116463989019393,0.0011595545802265,64,28328.0,2.2605148219503084e+18,3713009408,84438016,16,0.0011595545802265,3191603200.0,1.942440405108529e+18,24342.0,1.787551908414872,1.8065955987914664,bin_2
config_76,832,5,16,0.1159383803606033,0.900098443031311,0.9499478936195374,0.1116463989019393,0.0011595545802265,64,28328.0,2.2605148219503084e+18,3713009408,84438016,16,1.0268035498527204e-05,3709337600.0,2.2605148219503084e+18,28328.0,1.6771578267363252,1.6946513205668965,bin_2
config_762,960,15,6,0.0061247167177498,0.8517707586288452,0.9735087156295776,0.1723206341266632,0.00718459719792,64,16867.0,3.623182774782198e+18,2210851328,214183680,8,0.00718459719792,1592524800.0,2.614439885686496e+18,12171.0,3.2048408254639047,3.237282905656784,bin_2
config_762,960,15,6,0.0061247167177498,0.8517707586288452,0.9735087156295776,0.1723206341266632,0.00718459719792,64,16867.0,3.623182774782198e+18,2210851328,214183680,8,4.202964637461948e-05,2208563200.0,3.623182774782198e+18,16867.0,3.069374756969389,3.101711404831683,bin_2
config_763,768,18,24,0.0533718094229698,0.9208446741104126,0.9455596804618835,0.0973999872803688,0.0001557146169943,64,8774.0,1.5364029198874706e+18,1150151168,166043136,8,0.0001557146169943,576716800.0,7.682014599437353e+17,4387.0,1.9581685997032727,1.9781543794616323,bin_1
config_763,768,18,24,0.0533718094229698,0.9208446741104126,0.9455596804618835,0.0973999872803688,0.0001557146169943,64,8774.0,1.5364029198874706e+18,1150151168,166043136,8,4.3760548101463305e-06,1146880000.0,1.5364029198874706e+18,8774.0,1.7821553419652532,1.8014825798253544,bin_1
config_764,512,8,16,0.0709550902247428,0.9519060850143432,0.9798232316970824,0.200247660279274,0.0011275170836597,32,5677.0,1.5577888939514266e+17,372060736,53013504,16,0.0011275170836597,186777600.0,7.787572452059448e+16,2838.0,2.15559118247423,2.1770669770240785,bin_0
config_764,512,8,16,0.0709550902247428,0.9519060850143432,0.9798232316970824,0.200247660279274,0.0011275170836597,32,5677.0,1.5577888939514266e+17,372060736,53013504,16,2.6798381389800787e-05,370278400.0,1.5577888939514266e+17,5677.0,1.9385080799509269,1.9578424246584785,bin_0
config_765,832,17,8,0.0025467916857451,0.8963652849197388,0.9789242148399352,0.2165414243936538,0.0001972500613192,64,16842.0,3.23991166316082e+18,2207636224,186694144,8,0.0001972500613192,1592524800.0,2.341346921525373e+18,12171.0,1.729369425363228,1.7468174593175043,bin_2
config_765,832,17,8,0.0025467916857451,0.8963652849197388,0.9789242148399352,0.2165414243936538,0.0001972500613192,64,16842.0,3.23991166316082e+18,2207636224,186694144,8,2.272216833627762e-06,2202009600.0,3.23991166316082e+18,16842.0,1.645659920700261,1.6631010420009738,bin_2
config_766,256,23,16,0.0707924738526344,0.9818114042282104,0.97754567861557,0.1878903657197952,0.0001318474969593,32,6754.0,1.5027574945092403e+17,442637728,32478208,16,0.0001318474969593,222822400.0,7.513787472546202e+16,3377.0,2.904934410892549,2.9356732451329464,bin_0
config_766,256,23,16,0.0707924738526344,0.9818114042282104,0.97754567861557,0.1878903657197952,0.0001318474969593,32,6754.0,1.5027574945092403e+17,442637728,32478208,16,4.155949470744909e-07,442368000.0,1.5027574945092403e+17,6754.0,2.526918798079256,2.5538394092340937,bin_0
config_768,320,12,20,0.0149336131289601,0.9278803467750548,0.9389981627464294,0.0374334827065467,0.0020129438489675,32,10015.0,1.9111141752164352e+17,656348352,32808320,16,0.0020129438489675,327680000.0,9.554616750183416e+16,5007.0,2.144889663751008,2.1671328029476227,bin_0
config_768,320,12,20,0.0149336131289601,0.9278803467750548,0.9389981627464294,0.0374334827065467,0.0020129438489675,32,10015.0,1.9111141752164352e+17,656348352,32808320,16,8.073304207089119e-05,655360000.0,1.9111141752164352e+17,10015.0,1.972388767492576,1.9930632636977024,bin_0
config_769,896,18,14,0.0011259589809924,0.8521500825881958,0.9042542576789856,0.1443623006343841,0.0001820899778977,32,3748.0,4.314992570291773e+17,245638192,226747136,8,0.0001820899778977,121241600.0,2.1574962851458867e+17,1874.0,2.341712574607036,2.365562816897377,bin_0
config_769,896,18,14,0.0011259589809924,0.8521500825881958,0.9042542576789856,0.1443623006343841,0.0001820899778977,32,3748.0,4.314992570291773e+17,245638192,226747136,8,1.615585755839147e-05,242483200.0,4.314992570291773e+17,3748.0,2.051987370506662,2.072440740319549,bin_0
config_770,384,8,16,0.0021063506137579,0.8635945916175842,0.9389774203300476,0.1890006810426712,3.7903155316598713e-05,32,7306.0,1.3229690833118822e+17,478867584,33468672,16,3.7903155316598713e-05,239206400.0,6.614845416559411e+16,3653.0,2.869292115461631,2.8991144105254625,bin_0
config_770,384,8,16,0.0021063506137579,0.8635945916175842,0.9389774203300476,0.1890006810426712,3.7903155316598713e-05,32,7306.0,1.3229690833118822e+17,478867584,33468672,16,1.647963274634706e-07,478412800.0,1.3229690833118822e+17,7306.0,2.651718895318078,2.6799715222687017,bin_0
config_771,704,20,22,0.013642462901771,0.8213260173797607,0.9629472494125366,0.2983619272708893,5.651082392432727e-05,32,3862.0,3.3294117919538995e+17,253121584,161580672,8,5.651082392432727e-05,127795200.0,1.6647058959769498e+17,1931.0,2.6983926942309395,2.727190990760678,bin_0
config_771,704,20,22,0.013642462901771,0.8213260173797607,0.9629472494125366,0.2983619272708893,5.651082392432727e-05,32,3862.0,3.3294117919538995e+17,253121584,161580672,8,5.886544158784091e-07,252313600.0,3.3294117919538995e+17,3862.0,2.4097064945932294,2.4344703799193024,bin_0
config_774,256,17,16,0.0101596275344491,0.8297298550605774,0.9675235748291016,0.2030788511037826,7.439764158334583e-05,128,42958.0,3.052753638575309e+18,11261409280,27363328,16,7.439764158334583e-05,1599078400.0,4.3249356684131776e+17,6086.0,2.437367866547381,2.463669047981012,bin_2
config_774,256,17,16,0.0101596275344491,0.8297298550605774,0.9675235748291016,0.2030788511037826,7.439764158334583e-05,128,42958.0,3.052753638575309e+18,11261409280,27363328,16,7.439764158334583e-05,3185049600.0,8.64916070000933e+17,12171.0,2.116100563573056,2.138560773310114,bin_2
config_774,256,17,16,0.0101596275344491,0.8297298550605774,0.9675235748291016,0.2030788511037826,7.439764158334583e-05,128,42958.0,3.052753638575309e+18,11261409280,27363328,16,7.439764158334583e-05,4784128000.0,1.2974096368422508e+18,18257.0,2.006534360549489,2.027276939368639,bin_2
config_774,256,17,16,0.0101596275344491,0.8297298550605774,0.9675235748291016,0.2030788511037826,7.439764158334583e-05,128,42958.0,3.052753638575309e+18,11261409280,27363328,16,7.439764158334583e-05,6383206400.0,1.729832140001866e+18,24342.0,1.9523712331740584,1.970432885318506,bin_2
config_774,256,17,16,0.0101596275344491,0.8297298550605774,0.9675235748291016,0.2030788511037826,7.439764158334583e-05,128,42958.0,3.052753638575309e+18,11261409280,27363328,16,7.439764158334583e-05,7982284800.0,2.162325706843184e+18,30428.0,1.9186884853488109,1.9354956396681364,bin_2
config_774,256,17,16,0.0101596275344491,0.8297298550605774,0.9675235748291016,0.2030788511037826,7.439764158334583e-05,128,42958.0,3.052753638575309e+18,11261409280,27363328,16,5.507967090969247e-05,9568256000.0,2.594819273684501e+18,36514.0,1.8856472478147408,1.905733292650004,bin_2
config_774,256,17,16,0.0101596275344491,0.8297298550605774,0.9675235748291016,0.2030788511037826,7.439764158334583e-05,128,42958.0,3.052753638575309e+18,11261409280,27363328,16,3.0533481241359493e-06,11167334400.0,3.027241776844117e+18,42599.0,1.8598209626166544,1.8792303713032457,bin_2
config_774,256,17,16,0.0101596275344491,0.8297298550605774,0.9675235748291016,0.2030788511037826,7.439764158334583e-05,128,42958.0,3.052753638575309e+18,11261409280,27363328,16,6.823124299744746e-08,11259084800.0,3.052753638575309e+18,42958.0,1.859218119910506,1.8786078668031536,bin_2
config_776,256,24,4,0.0210985839366912,0.8096269965171814,0.9473833441734314,0.2539562880992889,0.0022666198201477,32,14226.0,3.271540543706235e+17,932318336,33330688,16,0.0022666198201477,465305600.0,1.6357702718531174e+17,7113.0,2.0727089192046493,2.093056700385985,bin_0
config_776,256,24,4,0.0210985839366912,0.8096269965171814,0.9473833441734314,0.2539562880992889,0.0022666198201477,32,14226.0,3.271540543706235e+17,932318336,33330688,16,1.631564654591385e-05,930611200.0,3.271540543706235e+17,14226.0,1.9004879758397089,1.9190353499475072,bin_0
config_778,448,19,14,0.1295799762010574,0.88786381483078,0.9553414583206176,0.1153574511408805,3.877167182508856e-05,32,4483.0,1.8569657786239795e+17,293836256,70481152,16,3.877167182508856e-05,147456000.0,9.282757773580946e+16,2241.0,2.917439056771701,2.94829577680494,bin_0
config_778,448,19,14,0.1295799762010574,0.88786381483078,0.9553414583206176,0.1153574511408805,3.877167182508856e-05,32,4483.0,1.8569657786239795e+17,293836256,70481152,16,2.474787563303524e-06,291635200.0,1.8569657786239795e+17,4483.0,2.652605682435583,2.6809276304088656,bin_0
config_779,1088,17,4,0.0026818998157978,0.9751346111297609,0.978769838809967,0.070836067199707,0.0002551269426476,128,38979.0,2.338426430565581e+19,10218214400,305693184,8,0.0002551269426476,1599078400.0,3.6511104072506025e+18,6086.0,1.711067985667557,1.7288875244484574,bin_3
config_779,1088,17,4,0.0026818998157978,0.9751346111297609,0.978769838809967,0.070836067199707,0.0002551269426476,128,38979.0,2.338426430565581e+19,10218214400,305693184,8,0.0002551269426476,3185049600.0,7.301620894946942e+18,12171.0,1.6152328156643228,1.6317839743856524,bin_3
config_779,1088,17,4,0.0026818998157978,0.9751346111297609,0.978769838809967,0.070836067199707,0.0002551269426476,128,38979.0,2.338426430565581e+19,10218214400,305693184,8,0.0002551269426476,4784128000.0,1.0952731302197545e+19,18257.0,1.5713436328094514,1.5856950169899424,bin_3
config_779,1088,17,4,0.0026818998157978,0.9751346111297609,0.978769838809967,0.070836067199707,0.0002551269426476,128,38979.0,2.338426430565581e+19,10218214400,305693184,8,0.0002551269426476,6383206400.0,1.4603241789893884e+19,24342.0,1.5447146051242704,1.5583848110378766,bin_3
config_779,1088,17,4,0.0026818998157978,0.9751346111297609,0.978769838809967,0.070836067199707,0.0002551269426476,128,38979.0,2.338426430565581e+19,10218214400,305693184,8,0.0002551269426476,7982284800.0,1.8254352197144488e+19,30428.0,1.5259392991124607,1.5391383986004064,bin_3
config_779,1088,17,4,0.0026818998157978,0.9751346111297609,0.978769838809967,0.070836067199707,0.0002551269426476,128,38979.0,2.338426430565581e+19,10218214400,305693184,8,0.0002290690658542,9568256000.0,2.190546260439509e+19,36514.0,1.507619753450644,1.5212349361572108,bin_3
config_779,1088,17,4,0.0026818998157978,0.9751346111297609,0.978769838809967,0.070836067199707,0.0002551269426476,128,38979.0,2.338426430565581e+19,10218214400,305693184,8,2.6797107340749524e-06,10210508800.0,2.338426430565581e+19,38979.0,1.474275657485743,1.487218805776268,bin_3
config_781,576,22,8,0.0459881201386451,0.933683693408966,0.978369414806366,0.2348031848669052,0.0008960287668742,64,24194.0,3.205146928881107e+18,3171159808,116574336,8,0.0008960287668742,1592524800.0,1.612376757518887e+18,12171.0,1.7394129001312568,1.7574942020705488,bin_2
config_781,576,22,8,0.0459881201386451,0.933683693408966,0.978369414806366,0.2348031848669052,0.0008960287668742,64,24194.0,3.205146928881107e+18,3171159808,116574336,8,6.941067912405951e-06,3165388800.0,3.205146928881107e+18,24194.0,1.6089773215035923,1.6260580089639445,bin_2
config_782,640,5,8,0.0600492544472217,0.9650660157203674,0.9782077074050904,0.0366619192063808,0.0004027874674648,64,50159.0,2.788112125506355e+18,6574525440,57579520,16,0.0004027874674648,1592524800.0,6.765308853752636e+17,12171.0,1.8307931786287024,1.8500985317152052,bin_2
config_782,640,5,8,0.0600492544472217,0.9650660157203674,0.9782077074050904,0.0366619192063808,0.0004027874674648,64,50159.0,2.788112125506355e+18,6574525440,57579520,16,0.0004027874674648,3191603200.0,1.3530617707505272e+18,24342.0,1.770038079355584,1.7881654964118707,bin_2
config_782,640,5,8,0.0600492544472217,0.9650660157203674,0.9782077074050904,0.0366619192063808,0.0004027874674648,64,50159.0,2.788112125506355e+18,6574525440,57579520,16,0.0004027874674648,4784128000.0,2.0296482416064727e+18,36514.0,1.7436787369603015,1.7604981018676134,bin_2
config_782,640,5,8,0.0600492544472217,0.9650660157203674,0.9782077074050904,0.0366619192063808,0.0004027874674648,64,50159.0,2.788112125506355e+18,6574525440,57579520,16,0.000319731727438,6383206400.0,2.706179126981736e+18,48685.0,1.7212621064655116,1.7377361600125425,bin_2
config_782,640,5,8,0.0600492544472217,0.9650660157203674,0.9782077074050904,0.0366619192063808,0.0004027874674648,64,50159.0,2.788112125506355e+18,6574525440,57579520,16,1.9722998950942594e-06,6573260800.0,2.788112125506355e+18,50159.0,1.6820726401297772,1.6978922784914736,bin_2
config_783,896,6,4,0.0088888499885797,0.9492620229721068,0.9128844738006592,0.1202849522233009,0.0001552041649119,64,9119.0,9.15341043397165e+17,1195365888,105615104,16,0.0001552041649119,596377600.0,4.576203330241996e+17,4559.0,1.952913776264816,1.9734775875435504,bin_1
config_783,896,6,4,0.0088888499885797,0.9492620229721068,0.9128844738006592,0.1202849522233009,0.0001552041649119,64,9119.0,9.15341043397165e+17,1195365888,105615104,16,2.690583150846584e-06,1192755200.0,9.15341043397165e+17,9119.0,1.812903136034481,1.8323967427113017,bin_1
config_784,704,22,16,0.1195189952850341,0.8475511074066162,0.9378842711448668,0.2744840383529663,0.000865239650011,64,23941.0,4.473730378842735e+18,3138054912,174199168,8,0.000865239650011,1592524800.0,2.2743315835134252e+18,12171.0,1.766154253346021,1.7832213002150177,bin_2
config_784,704,22,16,0.1195189952850341,0.8475511074066162,0.9378842711448668,0.2744840383529663,0.000865239650011,64,23941.0,4.473730378842735e+18,3138054912,174199168,8,5.398695122577004e-06,3132620800.0,4.473730378842735e+18,23941.0,1.597676154023311,1.6144365229372115,bin_2
config_785,704,19,8,0.001652866252698,0.977919101715088,0.9611130356788636,0.2316925078630447,4.9213900638278574e-05,64,8247.0,1.3623080513033503e+18,1081031808,155271424,8,4.9213900638278574e-05,537395200.0,6.810714314931142e+17,4123.0,2.188498235432828,2.211241729943479,bin_1
config_785,704,19,8,0.001652866252698,0.977919101715088,0.9611130356788636,0.2316925078630447,4.9213900638278574e-05,64,8247.0,1.3623080513033503e+18,1081031808,155271424,8,1.2110226858633931e-06,1074790400.0,1.3623080513033503e+18,8247.0,1.950887135013205,1.9708816657691703,bin_1
config_786,1152,16,18,0.0562870539724826,0.9449917674064636,0.9983744621276855,0.0433539599180221,0.0007316312403418,32,3516.0,5.368417787653079e+17,230471136,312761088,8,0.0007316312403418,114688000.0,2.6842088938265395e+17,1758.0,2.630743806792087,2.659912489789431,bin_0
config_786,1152,16,18,0.0562870539724826,0.9449917674064636,0.9983744621276855,0.0433539599180221,0.0007316312403418,32,3516.0,5.368417787653079e+17,230471136,312761088,8,7.701381477282225e-05,229376000.0,5.368417787653079e+17,3516.0,2.546123440207028,2.573451151456989,bin_0
config_787,256,6,8,0.0073365368880331,0.9516593217849731,0.9878206849098206,0.2007330060005188,1.3966562619316392e-05,64,42959.0,8.200870517122007e+17,5630723584,17986048,16,1.3966562619316392e-05,1592524800.0,2.3234431682276576e+17,12171.0,2.8626164019694094,2.892931216896557,bin_1
config_787,256,6,8,0.0073365368880331,0.9516593217849731,0.9878206849098206,0.2007330060005188,1.3966562619316392e-05,64,42959.0,8.200870517122007e+17,5630723584,17986048,16,1.3966562619316392e-05,3191603200.0,4.646886336455315e+17,24342.0,2.6162347563759227,2.644591982325569,bin_1
config_787,256,6,8,0.0073365368880331,0.9516593217849731,0.9878206849098206,0.2007330060005188,1.3966562619316392e-05,64,42959.0,8.200870517122007e+17,5630723584,17986048,16,1.046155954518898e-05,4784128000.0,6.970520404622849e+17,36514.0,2.436552834549888,2.4616083786917518,bin_1
config_787,256,6,8,0.0073365368880331,0.9516593217849731,0.9878206849098206,0.2007330060005188,1.3966562619316392e-05,64,42959.0,8.200870517122007e+17,5630723584,17986048,16,1.4577184689068151e-08,5629542400.0,8.200870517122007e+17,42959.0,2.3965771650095453,2.4211570200372914,bin_1
config_79,832,14,16,0.0432093925774097,0.8657392263412476,0.9106143116950988,0.2066121399402618,9.625749953556806e-05,32,9331.0,7.662289989647155e+17,611565760,161130112,8,9.625749953556806e-05,304742400.0,3.830734412357087e+17,4665.0,2.149182719031318,2.171770482610484,bin_1
config_79,832,14,16,0.0432093925774097,0.8657392263412476,0.9106143116950988,0.2066121399402618,9.625749953556806e-05,32,9331.0,7.662289989647155e+17,611565760,161130112,8,1.5485119281798663e-06,609484800.0,7.662289989647155e+17,9331.0,1.9467891628038687,1.9680193596003488,bin_1
config_792,1088,12,8,0.0410772897303104,0.8530546426773071,0.90278160572052,0.2834625542163849,0.0009826133027672,32,5141.0,5.768011482513408e+17,336929280,231872384,8,0.0009826133027672,167116800.0,2.883444759785929e+17,2570.0,2.2159391749882307,2.238438363935127,bin_1
config_792,1088,12,8,0.0410772897303104,0.8530546426773071,0.90278160572052,0.2834625542163849,0.0009826133027672,32,5141.0,5.768011482513408e+17,336929280,231872384,8,2.76507518280428e-05,334233600.0,5.768011482513408e+17,5141.0,1.9803681223705167,2.00195451812666,bin_1
config_794,1024,8,16,0.0018637399189174,0.9555505514144896,0.9473907947540284,0.2794954776763916,0.0002012083859881,64,18973.0,2.802225861856592e+18,2486907904,154261504,16,0.0002012083859881,1592524800.0,1.7976013790468864e+18,12171.0,1.7589193317929253,1.7776648664083636,bin_2
config_794,1024,8,16,0.0018637399189174,0.9555505514144896,0.9473907947540284,0.2794954776763916,0.0002012083859881,64,18973.0,2.802225861856592e+18,2486907904,154261504,16,8.728390942525641e-07,2483814400.0,2.802225861856592e+18,18973.0,1.6639370652886687,1.681391287983441,bin_2
config_796,1152,5,18,0.0326415598392486,0.9402592182159424,0.988722562789917,0.1145984902977943,3.6890349292662e-05,32,8731.0,5.532780041436856e+17,572259968,137558016,16,3.6890349292662e-05,285081600.0,2.7660731738485715e+17,4365.0,2.342839949287352,2.366233422912535,bin_1
config_796,1152,5,18,0.0326415598392486,0.9402592182159424,0.988722562789917,0.1145984902977943,3.6890349292662e-05,32,8731.0,5.532780041436856e+17,572259968,137558016,16,1.1436008280725217e-06,570163200.0,5.532780041436856e+17,8731.0,2.0897217936593977,2.1105449231335376,bin_1
config_797,768,13,6,0.0026751803234219,0.965923309326172,0.9239662885665894,0.2390543222427368,5.911618791287765e-05,32,9453.0,6.375715238527304e+17,619531712,130646016,8,5.911618791287765e-05,311296000.0,3.187520386890938e+17,4726.0,2.183001354600562,2.2053687520887038,bin_1
config_797,768,13,6,0.0026751803234219,0.965923309326172,0.9239662885665894,0.2390543222427368,5.911618791287765e-05,32,9453.0,6.375715238527304e+17,619531712,130646016,8,7.850755366916615e-08,619315200.0,6.375715238527304e+17,9453.0,1.9779253539491872,1.9985469691870643,bin_1
config_798,1088,24,8,0.0019967856351286,0.8185062408447266,0.956879496574402,0.2033477276563644,8.510197949362919e-05,32,6791.0,1.377828445270192e+18,445083552,409042304,8,8.510197949362919e-05,222822400.0,6.888127774543222e+17,3395.0,2.118960060916963,2.140500514096901,bin_1
config_798,1088,24,8,0.0019967856351286,0.8185062408447266,0.956879496574402,0.2033477276563644,8.510197949362919e-05,32,6791.0,1.377828445270192e+18,445083552,409042304,8,2.5283921443759315e-06,442368000.0,1.377828445270192e+18,6791.0,1.903556453595396,1.92394506346984,bin_1
config_799,576,16,18,0.001515396288596,0.957454800605774,0.9805163741111756,0.0052500846795737,0.001310943509452,32,10845.0,5.5614886555262976e+17,710773632,92679552,16,0.001310943509452,353894400.0,2.7804879198030048e+17,5422.0,1.992743724056932,2.012989167268159,bin_1
config_799,576,16,18,0.001515396288596,0.957454800605774,0.9805163741111756,0.0052500846795737,0.001310943509452,32,10845.0,5.5614886555262976e+17,710773632,92679552,16,0.0010534367486668,707788800.0,5.5614886555262976e+17,10845.0,1.8622064482970315,1.8814497951210525,bin_1
config_8,320,12,8,0.0015598803292959,0.8480591177940369,0.9169910550117492,0.2757506668567657,0.0001402002963004,32,3331.0,6.357286616537088e+16,218333088,32808320,16,0.0001402002963004,108134400.0,3.177689047293381e+16,1665.0,2.775332695906554,2.80337430000825,bin_0
config_8,320,12,8,0.0015598803292959,0.8480591177940369,0.9169910550117492,0.2757506668567657,0.0001402002963004,32,3331.0,6.357286616537088e+16,218333088,32808320,16,4.734432663741151e-06,216268800.0,6.357286616537088e+16,3331.0,2.470488022940477,2.4951115893974425,bin_0
config_80,832,22,8,0.0021633363794535,0.9252657890319824,0.933542251586914,0.0254243742674589,0.0005315479356795,32,11342.0,1.3569492067458662e+18,743362880,229300864,8,0.0005315479356795,370278400.0,6.784746033729331e+17,5671.0,1.946799940124887,1.966787087760988,bin_1
config_80,832,22,8,0.0021633363794535,0.9252657890319824,0.933542251586914,0.0254243742674589,0.0005315479356795,32,11342.0,1.3569492067458662e+18,743362880,229300864,8,7.751740728660173e-05,740556800.0,1.3569492067458662e+18,11342.0,1.7928222759825283,1.81134417522149,bin_1
config_801,704,11,4,0.0039491723291575,0.816459596157074,0.9689831733703612,0.1036526635289192,0.0014008216094225,64,18805.0,2.018787438244921e+18,2464929792,104797440,16,0.0014008216094225,1592524800.0,1.3066026009507543e+18,12171.0,1.7567191983441837,1.7753605039784166,bin_2
config_801,704,11,4,0.0039491723291575,0.816459596157074,0.9689831733703612,0.1036526635289192,0.0014008216094225,64,18805.0,2.018787438244921e+18,2464929792,104797440,16,3.5936932001605533e-06,2464153600.0,2.018787438244921e+18,18805.0,1.6643470514797774,1.6818164041003243,bin_2
config_802,704,22,16,0.0120765576139092,0.8215843439102173,0.9284685850143432,0.1703574359416961,1.948569479282014e-05,64,11836.0,2.2118203106829435e+18,1551459968,174199168,8,1.948569479282014e-05,773324800.0,1.1059101553414716e+18,5918.0,2.4846125372316017,2.512019502549875,bin_2
config_802,704,22,16,0.0120765576139092,0.8215843439102173,0.9284685850143432,0.1703574359416961,1.948569479282014e-05,64,11836.0,2.2118203106829435e+18,1551459968,174199168,8,3.47958835586072e-07,1546649600.0,2.2118203106829435e+18,11836.0,2.1704042515793787,2.1933181789663974,bin_2
config_803,704,22,4,0.0089789098128676,0.881318986415863,0.9843334555625916,0.2436027228832245,2.4019802367547527e-05,32,7297.0,6.818160572446925e+17,478253280,174199168,8,2.4019802367547527e-05,239206400.0,3.408613096928379e+17,3648.0,2.6046084756147665,2.632153410032147,bin_1
config_803,704,22,4,0.0089789098128676,0.881318986415863,0.9843334555625916,0.2436027228832245,2.4019802367547527e-05,32,7297.0,6.818160572446925e+17,478253280,174199168,8,6.35301469484938e-07,475136000.0,6.818160572446925e+17,7297.0,2.28935291343048,2.3129470141598434,bin_1
config_804,1152,24,8,0.0034755002707242,0.8766075968742371,0.9155803322792052,0.0574495755136013,0.0043500280007719,64,14562.0,6.337643612513108e+18,1908797952,440181504,8,0.0043500280007719,1592524800.0,5.297037522860668e+18,12171.0,2.903207021329786,2.9338961992192667,bin_3
config_804,1152,24,8,0.0034755002707242,0.8766075968742371,0.9155803322792052,0.0574495755136013,0.0043500280007719,64,14562.0,6.337643612513108e+18,1908797952,440181504,8,6.244059331251672e-05,1907097600.0,6.337643612513108e+18,14562.0,2.768704276389347,2.798538489514087,bin_3
config_805,320,23,10,0.0183222070336341,0.8609092831611633,0.9392439126968384,0.245130181312561,4.010658449260518e-05,64,31123.0,1.915707124797604e+18,4079483392,48134400,16,4.010658449260518e-05,1592524800.0,7.491588669444346e+17,12171.0,2.2224669760954185,2.2458576970022235,bin_2
config_805,320,23,10,0.0183222070336341,0.8609092831611633,0.9392439126968384,0.245130181312561,4.010658449260518e-05,64,31123.0,1.915707124797604e+18,4079483392,48134400,16,3.560648797593589e-05,3191603200.0,1.498317733888869e+18,24342.0,2.0000435800239686,2.0226903417853057,bin_2
config_805,320,23,10,0.0183222070336341,0.8609092831611633,0.9392439126968384,0.245130181312561,4.010658449260518e-05,64,31123.0,1.915707124797604e+18,4079483392,48134400,16,1.2091380827499273e-07,4076339200.0,1.915707124797604e+18,31123.0,1.946492784492305,1.96864741587248,bin_2
config_807,960,10,20,0.1145418211817741,0.824111819267273,0.9229976534843444,0.0250021759420633,0.0002024087589234,64,18877.0,2.942154407722844e+18,2474317568,158878080,8,0.0002024087589234,1592524800.0,1.8969625097417352e+18,12171.0,1.7792279644872322,1.7982125594576852,bin_2
config_807,960,10,20,0.1145418211817741,0.824111819267273,0.9229976534843444,0.0250021759420633,0.0002024087589234,64,18877.0,2.942154407722844e+18,2474317568,158878080,8,1.1603049874590464e-05,2470707200.0,2.942154407722844e+18,18877.0,1.6887644429675868,1.706146476835501,bin_2
config_808,512,8,16,0.0718510448932647,0.8495674729347229,0.9487031698226928,0.0891523733735084,1.6396712453570217e-05,32,3865.0,1.0605684492125798e+17,253305104,53013504,16,1.6396712453570217e-05,127795200.0,5.3014702299578376e+16,1932.0,3.21128984568549,3.2451098918133097,bin_0
config_808,512,8,16,0.0718510448932647,0.8495674729347229,0.9487031698226928,0.0891523733735084,1.6396712453570217e-05,32,3865.0,1.0605684492125798e+17,253305104,53013504,16,7.149729267545151e-07,252313600.0,1.0605684492125798e+17,3865.0,2.979079816224145,3.010562801204744,bin_0
config_81,448,22,16,0.0030679898336529,0.9830925464630128,0.9499254822731018,0.0004522562085185,0.0045217392034828,64,12795.0,1.1914829901503693e+18,1677153920,78053248,8,0.0045217392034828,1592524800.0,1.1333754961406912e+18,12171.0,3.341091199976499,3.3746031193264194,bin_1
config_81,448,22,16,0.0030679898336529,0.9830925464630128,0.9499254822731018,0.0004522562085185,0.0045217392034828,64,12795.0,1.1914829901503693e+18,1677153920,78053248,8,0.0045217392034828,1671168000.0,1.1914829901503693e+18,12795.0,3.3181269273992444,3.350053400563412,bin_1
config_810,512,23,4,0.1391545087099075,0.910499393939972,0.9720612168312072,0.2741803228855133,7.927174010546878e-05,64,9201.0,1.1025178820939612e+18,1206065536,104146944,8,7.927174010546878e-05,602931200.0,5.5119902810914266e+17,4600.0,2.0911582684712333,2.112065375398417,bin_1
config_810,512,23,4,0.1391545087099075,0.910499393939972,0.9720612168312072,0.2741803228855133,7.927174010546878e-05,64,9201.0,1.1025178820939612e+18,1206065536,104146944,8,3.143209361834557e-08,1205862400.0,1.1025178820939612e+18,9201.0,1.8963907506622253,1.9161508842179036,bin_1
config_811,256,24,8,0.001409217598848,0.8570031523704529,0.9476889967918396,0.1867288649082183,0.0006193539011292,32,5365.0,1.233825511845888e+17,351613600,33330688,16,0.0006193539011292,176947200.0,6.167977675248222e+16,2682.0,2.368346522323421,2.390806709899277,bin_0
config_811,256,24,8,0.001409217598848,0.8570031523704529,0.9476889967918396,0.1867288649082183,0.0006193539011292,32,5365.0,1.233825511845888e+17,351613600,33330688,16,9.28102748944874e-06,350617600.0,1.233825511845888e+17,5365.0,2.098540482716482,2.1196860916888127,bin_0
config_812,320,18,8,0.0229967292398214,0.8856288194656372,0.9314915537834167,0.0170178115367889,3.151191776851192e-05,64,19711.0,1.0037164006844006e+18,2583603712,41168000,16,3.151191776851192e-05,1592524800.0,6.197672524341656e+17,12171.0,2.296987717464322,2.321070984895112,bin_1
config_812,320,18,8,0.0229967292398214,0.8856288194656372,0.9314915537834167,0.0170178115367889,3.151191776851192e-05,64,19711.0,1.0037164006844006e+18,2583603712,41168000,16,1.034719687921285e-06,2582118400.0,1.0037164006844006e+18,19711.0,2.1129610025296444,2.135758322027863,bin_1
config_813,960,23,10,0.1700346916913986,0.8750517964363098,0.905539333820343,0.279208093881607,0.000886476074811,64,20874.0,6.45276443179991e+18,2736073472,302672640,8,0.000886476074811,1592524800.0,3.7624123742184873e+18,12171.0,1.757794599904389,1.775953537675201,bin_3
config_813,960,23,10,0.1700346916913986,0.8750517964363098,0.905539333820343,0.279208093881607,0.000886476074811,64,20874.0,6.45276443179991e+18,2736073472,302672640,8,3.6505534995650902e-06,2732851200.0,6.45276443179991e+18,20874.0,1.584445027073876,1.600982408347677,bin_3
config_814,1088,21,8,0.134509727358818,0.9362145066261292,0.9350354671478271,0.0705396309494972,0.0001361849135719,64,39032.0,1.406770033615523e+19,5116028416,364749824,8,0.0001361849135719,1592524800.0,4.3866053697311263e+18,12171.0,1.716284991932697,1.7341442672737308,bin_3
config_814,1088,21,8,0.134509727358818,0.9362145066261292,0.9350354671478271,0.0705396309494972,0.0001361849135719,64,39032.0,1.406770033615523e+19,5116028416,364749824,8,0.0001361849135719,3191603200.0,8.773210739462253e+18,24342.0,1.628339343344579,1.6455501094607057,bin_3
config_814,1088,21,8,0.134509727358818,0.9362145066261292,0.9350354671478271,0.0705396309494972,0.0001361849135719,64,39032.0,1.406770033615523e+19,5116028416,364749824,8,0.0001252525249415,4784128000.0,1.3160176523733658e+19,36514.0,1.586674811097442,1.601756935666819,bin_3
config_814,1088,21,8,0.134509727358818,0.9362145066261292,0.9350354671478271,0.0705396309494972,0.0001361849135719,64,39032.0,1.406770033615523e+19,5116028416,364749824,8,1.58297029941937e-06,5111808000.0,1.406770033615523e+19,39032.0,1.5341765837200352,1.5485858619603954,bin_3
config_815,768,8,6,0.0681371614336967,0.8362150192260742,0.9428708553314208,0.0020836652256548,0.0043482943437993,128,59570.0,1.1281235682404598e+19,15616112640,95248896,16,0.0043482943437993,1599078400.0,1.1525533047358464e+18,6086.0,1.807688376043664,1.8270075808587625,bin_3
config_815,768,8,6,0.0681371614336967,0.8362150192260742,0.9428708553314208,0.0020836652256548,0.0043482943437993,128,59570.0,1.1281235682404598e+19,15616112640,95248896,16,0.0043482943437993,3185049600.0,2.3049172316694036e+18,12171.0,1.7617924409616188,1.7810014976438928,bin_3
config_815,768,8,6,0.0681371614336967,0.8362150192260742,0.9428708553314208,0.0020836652256548,0.0043482943437993,128,59570.0,1.1281235682404598e+19,15616112640,95248896,16,0.0043482943437993,4784128000.0,3.45747053640525e+18,18257.0,1.7475367087614342,1.764733834735683,bin_3
config_815,768,8,6,0.0681371614336967,0.8362150192260742,0.9428708553314208,0.0020836652256548,0.0043482943437993,128,59570.0,1.1281235682404598e+19,15616112640,95248896,16,0.0043482943437993,6383206400.0,4.609834463338807e+18,24342.0,1.7375323449197362,1.7547788872875152,bin_3
config_815,768,8,6,0.0681371614336967,0.8362150192260742,0.9428708553314208,0.0020836652256548,0.0043482943437993,128,59570.0,1.1281235682404598e+19,15616112640,95248896,16,0.0043482943437993,7982284800.0,5.762387768074653e+18,30428.0,1.7335363208270465,1.7506035104345103,bin_3
config_815,768,8,6,0.0681371614336967,0.8362150192260742,0.9428708553314208,0.0020836652256548,0.0043482943437993,128,59570.0,1.1281235682404598e+19,15616112640,95248896,16,0.0043482943437993,9568256000.0,6.9149410728105e+18,36514.0,1.7275644131566656,1.7445871795200911,bin_3
config_815,768,8,6,0.0681371614336967,0.8362150192260742,0.9428708553314208,0.0020836652256548,0.0043482943437993,128,59570.0,1.1281235682404598e+19,15616112640,95248896,16,0.0043482943437993,11167334400.0,8.067304999744057e+18,42599.0,1.7209211809908758,1.7382492303457415,bin_3
config_815,768,8,6,0.0681371614336967,0.8362150192260742,0.9428708553314208,0.0020836652256548,0.0043482943437993,128,59570.0,1.1281235682404598e+19,15616112640,95248896,16,0.0043482943437993,12766412800.0,9.219858304479904e+18,48685.0,1.720028898989568,1.736785312871464,bin_3
config_815,768,8,6,0.0681371614336967,0.8362150192260742,0.9428708553314208,0.0020836652256548,0.0043482943437993,128,59570.0,1.1281235682404598e+19,15616112640,95248896,16,0.0043482943437993,14352384000.0,1.037222223141346e+19,54770.0,1.7218524718675456,1.734943709256219,bin_3
config_815,768,8,6,0.0681371614336967,0.8362150192260742,0.9428708553314208,0.0020836652256548,0.0043482943437993,128,59570.0,1.1281235682404598e+19,15616112640,95248896,16,0.0007013377973869,15610675200.0,1.1281235682404598e+19,59570.0,1.6639703099844885,1.6761778271393697,bin_3
config_816,1088,23,16,0.0049761552363634,0.8059919476509094,0.9338050484657288,0.0092958034947514,0.000346931250533,32,6211.0,1.2132020609808998e+18,407066720,394278144,8,0.000346931250533,203161600.0,6.065033648922386e+17,3105.0,2.043002222268308,2.063666218382413,bin_1
config_816,1088,23,16,0.0049761552363634,0.8059919476509094,0.9338050484657288,0.0092958034947514,0.000346931250533,32,6211.0,1.2132020609808998e+18,407066720,394278144,8,6.695164483971894e-05,406323200.0,1.2132020609808998e+18,6211.0,1.8739473191050235,1.89353866682678,bin_1
config_817,640,4,10,0.014066812582314,0.9644613265991212,0.9039985537528992,0.0158556289970874,0.0007936750771477,32,7198.0,1.782756063688704e+17,471784352,52499200,16,0.0007936750771477,235929600.0,8.91378031844352e+16,3599.0,2.1888759811198124,2.2122615039153177,bin_0
config_817,640,4,10,0.014066812582314,0.9644613265991212,0.9039985537528992,0.0158556289970874,0.0007936750771477,32,7198.0,1.782756063688704e+17,471784352,52499200,16,0.0003341789798516,468582400.0,1.782756063688704e+17,7198.0,2.0243681055209675,2.046431483948817,bin_0
config_818,256,21,8,0.0028228198643773,0.8362492918968201,0.9356076717376708,0.2885521948337555,0.0010025925002992,128,43622.0,3.621485517484327e+18,11435282432,30773248,16,0.0010025925002992,1599078400.0,5.052579170925132e+17,6086.0,1.8988817862995333,1.919353952837772,bin_2
config_818,256,21,8,0.0028228198643773,0.8362492918968201,0.9356076717376708,0.2885521948337555,0.0010025925002992,128,43622.0,3.621485517484327e+18,11435282432,30773248,16,0.0010025925002992,3185049600.0,1.010432814481265e+18,12171.0,1.830091775362609,1.8497824660676423,bin_2
config_818,256,21,8,0.0028228198643773,0.8362492918968201,0.9356076717376708,0.2885521948337555,0.0010025925002992,128,43622.0,3.621485517484327e+18,11435282432,30773248,16,0.0010025925002992,4784128000.0,1.5156907315737784e+18,18257.0,1.8034099701584363,1.8199899197406453,bin_2
config_818,256,21,8,0.0028228198643773,0.8362492918968201,0.9356076717376708,0.2885521948337555,0.0010025925002992,128,43622.0,3.621485517484327e+18,11435282432,30773248,16,0.0010025925002992,6383206400.0,2.02086562896253e+18,24342.0,1.7867497278041526,1.803304113872716,bin_2
config_818,256,21,8,0.0028228198643773,0.8362492918968201,0.9356076717376708,0.2885521948337555,0.0010025925002992,128,43622.0,3.621485517484327e+18,11435282432,30773248,16,0.0010025925002992,7982284800.0,2.526123546055043e+18,30428.0,1.7752287634474333,1.791725263517411,bin_2
config_818,256,21,8,0.0028228198643773,0.8362492918968201,0.9356076717376708,0.2885521948337555,0.0010025925002992,128,43622.0,3.621485517484327e+18,11435282432,30773248,16,0.0005672887731096,9568256000.0,3.031381463147557e+18,36514.0,1.7459024470751403,1.7616141398226628,bin_2
config_818,256,21,8,0.0028228198643773,0.8362492918968201,0.9356076717376708,0.2885521948337555,0.0010025925002992,128,43622.0,3.621485517484327e+18,11435282432,30773248,16,8.140538137012764e-05,11167334400.0,3.536556360536308e+18,42599.0,1.7165432386710997,1.7315071442088144,bin_2
config_818,256,21,8,0.0028228198643773,0.8362492918968201,0.9356076717376708,0.2885521948337555,0.0010025925002992,128,43622.0,3.621485517484327e+18,11435282432,30773248,16,1.752366330863694e-06,11429478400.0,3.621485517484327e+18,43622.0,1.7131268881578914,1.7281800569862615,bin_2
config_820,1088,22,16,0.0075764432549476,0.9349201321601868,0.9618345499038696,0.0701014846563339,2.6744990464067087e-05,64,43045.0,1.616484271315157e+19,5642097664,379513984,8,2.6744990464067087e-05,1592524800.0,4.570619134899936e+18,12171.0,1.894837005744215,1.914444114360653,bin_3
config_820,1088,22,16,0.0075764432549476,0.9349201321601868,0.9618345499038696,0.0701014846563339,2.6744990464067087e-05,64,43045.0,1.616484271315157e+19,5642097664,379513984,8,2.6744990464067087e-05,3191603200.0,9.141238269799873e+18,24342.0,1.7459115304516963,1.7647675332280457,bin_3
config_820,1088,22,16,0.0075764432549476,0.9349201321601868,0.9618345499038696,0.0701014846563339,2.6744990464067087e-05,64,43045.0,1.616484271315157e+19,5642097664,379513984,8,2.6744990464067087e-05,4784128000.0,1.371223293827428e+19,36514.0,1.68007144892802,1.6969489089582788,bin_3
config_820,1088,22,16,0.0075764432549476,0.9349201321601868,0.9618345499038696,0.0701014846563339,2.6744990464067087e-05,64,43045.0,1.616484271315157e+19,5642097664,379513984,8,3.989143423543311e-07,5636096000.0,1.616484271315157e+19,43045.0,1.634546158724144,1.6511017910574304,bin_3
config_821,960,20,16,0.0102004464715719,0.8224140405654907,0.977712333202362,0.0923461318016052,1.2624827832041774e-05,64,24192.0,6.622824646827049e+18,3171002368,269489280,8,1.2624827832041774e-05,1592524800.0,3.331944393871197e+18,12171.0,2.1586273196290757,2.180752823352813,bin_3
config_821,960,20,16,0.0102004464715719,0.8224140405654907,0.977712333202362,0.0923461318016052,1.2624827832041774e-05,64,24192.0,6.622824646827049e+18,3171002368,269489280,8,2.373512842192269e-07,3165388800.0,6.622824646827049e+18,24192.0,1.9296587989760228,1.9499783549934135,bin_3
config_822,896,23,14,0.0019574109464883,0.9072592258453368,0.95185649394989,0.2894245982170105,5.48382340639364e-05,128,48852.0,2.778370986861763e+19,12806371328,277218816,8,5.48382340639364e-05,1599078400.0,3.461304721616452e+18,6086.0,1.9217234420580944,1.9421317013756172,bin_3
config_822,896,23,14,0.0019574109464883,0.9072592258453368,0.95185649394989,0.2894245982170105,5.48382340639364e-05,128,48852.0,2.778370986861763e+19,12806371328,277218816,8,5.48382340639364e-05,3185049600.0,6.922040710942135e+18,12171.0,1.750594355825518,1.7697355755626178,bin_3
config_822,896,23,14,0.0019574109464883,0.9072592258453368,0.95185649394989,0.2894245982170105,5.48382340639364e-05,128,48852.0,2.778370986861763e+19,12806371328,277218816,8,5.48382340639364e-05,4784128000.0,1.0383345432558586e+19,18257.0,1.6820114642283956,1.6984452389107376,bin_3
config_822,896,23,14,0.0019574109464883,0.9072592258453368,0.95185649394989,0.2894245982170105,5.48382340639364e-05,128,48852.0,2.778370986861763e+19,12806371328,277218816,8,5.48382340639364e-05,6383206400.0,1.384408142188427e+19,24342.0,1.64038409215505,1.6557557642655294,bin_3
config_822,896,23,14,0.0019574109464883,0.9072592258453368,0.95185649394989,0.2894245982170105,5.48382340639364e-05,128,48852.0,2.778370986861763e+19,12806371328,277218816,8,5.48382340639364e-05,7982284800.0,1.730538614350072e+19,30428.0,1.611227483573507,1.62615514661445,bin_3
config_822,896,23,14,0.0019574109464883,0.9072592258453368,0.95185649394989,0.2894245982170105,5.48382340639364e-05,128,48852.0,2.778370986861763e+19,12806371328,277218816,8,4.791072762468117e-05,9568256000.0,2.076669086511717e+19,36514.0,1.584154584153754,1.599687608890846,bin_3
config_822,896,23,14,0.0019574109464883,0.9072592258453368,0.95185649394989,0.2894245982170105,5.48382340639364e-05,128,48852.0,2.778370986861763e+19,12806371328,277218816,8,2.4250151320394e-05,11167334400.0,2.4227426854442856e+19,42599.0,1.5559609700617243,1.5707156161597515,bin_3
config_822,896,23,14,0.0019574109464883,0.9072592258453368,0.95185649394989,0.2894245982170105,5.48382340639364e-05,128,48852.0,2.778370986861763e+19,12806371328,277218816,8,5.895750161068297e-07,12766412800.0,2.768873157605931e+19,48685.0,1.537703583631359,1.5519681451946008,bin_3
config_822,896,23,14,0.0019574109464883,0.9072592258453368,0.95185649394989,0.2894245982170105,5.48382340639364e-05,128,48852.0,2.778370986861763e+19,12806371328,277218816,8,7.757566001407527e-09,12805734400.0,2.778370986861763e+19,48852.0,1.537608477678455,1.5518796510970003,bin_3
config_823,832,18,16,0.1077295020222663,0.8407419919967651,0.9271214604377748,0.0161154102534055,0.0015960815362632,64,23537.0,4.748402071631462e+18,3085063936,195215488,8,0.0015960815362632,1592524800.0,2.455402201377683e+18,12171.0,1.7743626760263913,1.792051426543564,bin_3
config_823,832,18,16,0.1077295020222663,0.8407419919967651,0.9271214604377748,0.0161154102534055,0.0015960815362632,64,23537.0,4.748402071631462e+18,3085063936,195215488,8,0.0001558179863898,3080192000.0,4.748402071631462e+18,23537.0,1.654894813181924,1.6722302787225751,bin_3
config_824,1088,21,8,0.0160215962678194,0.9519205093383788,0.9732155203819276,0.2996519804000854,0.0030576279386878,32,3591.0,6.471505252829123e+17,235350512,364749824,8,0.0030576279386878,117964800.0,3.2348515535584166e+17,1795.0,3.5977465780054936,3.6251700524033095,bin_1
config_824,1088,21,8,0.0160215962678194,0.9519205093383788,0.9732155203819276,0.2996519804000854,0.0030576279386878,32,3591.0,6.471505252829123e+17,235350512,364749824,8,0.0001165081277752,232652800.0,6.471505252829123e+17,3591.0,3.3198462643779694,3.3523078726158766,bin_1
config_825,448,5,14,0.1255468726158142,0.9168097972869872,0.9209222793579102,0.0926535874605178,3.110418765572831e-05,64,18013.0,6.277712219379794e+17,2361028352,35144704,16,3.110418765572831e-05,1592524800.0,4.241716283910036e+17,12171.0,2.294022578958605,2.317702616394543,bin_1
config_825,448,5,14,0.1255468726158142,0.9168097972869872,0.9209222793579102,0.0926535874605178,3.110418765572831e-05,64,18013.0,6.277712219379794e+17,2361028352,35144704,16,2.424187287316965e-07,2359296000.0,6.277712219379794e+17,18013.0,2.172465057724812,2.1953257273064284,bin_1
config_827,256,17,16,0.0039818827062845,0.8070783615112305,0.912441611289978,0.1767237186431884,1.9762203010031957e-05,32,13702.0,2.4344046966915072e+17,898036032,27363328,16,1.9762203010031957e-05,448921600.0,1.2172023483457536e+17,6851.0,2.9736459202844587,3.0052525994035064,bin_0
config_827,256,17,16,0.0039818827062845,0.8070783615112305,0.912441611289978,0.1767237186431884,1.9762203010031957e-05,32,13702.0,2.4344046966915072e+17,898036032,27363328,16,1.6325653044221842e-08,897843200.0,2.4344046966915072e+17,13702.0,2.7613025365892003,2.790354748553917,bin_0
config_828,256,13,16,0.1670511215925216,0.8317388296127319,0.9187300205230712,0.2056170403957367,7.726515468675643e-05,32,7020.0,1.0373900196082483e+17,460105408,23953408,16,7.726515468675643e-05,229376000.0,5.186950098041242e+16,3510.0,2.819536486062847,2.8486337184124304,bin_0
config_828,256,13,16,0.1670511215925216,0.8317388296127319,0.9187300205230712,0.2056170403957367,7.726515468675643e-05,32,7020.0,1.0373900196082483e+17,460105408,23953408,16,1.0708961148545634e-06,458752000.0,1.0373900196082483e+17,7020.0,2.5826925311323072,2.6103313237330954,bin_0
config_83,512,5,16,0.0590814463794231,0.9042879939079284,0.9319843649864196,0.290659636259079,0.0019917532335966,32,11867.0,2.4856130157930086e+17,777722176,42786816,16,0.0019917532335966,389939200.0,1.2427017799528035e+17,5933.0,2.0707073937869462,2.092938620770564,bin_0
config_83,512,5,16,0.0590814463794231,0.9042879939079284,0.9319843649864196,0.290659636259079,0.0019917532335966,32,11867.0,2.4856130157930086e+17,777722176,42786816,16,9.817281812451051e-06,776601600.0,2.4856130157930086e+17,11867.0,1.886267758353812,1.906753520809236,bin_0
config_831,640,23,10,0.0346257872879505,0.8711721301078796,0.9109623432159424,0.2973773777484894,0.0001877725153462,64,16328.0,2.687544115969229e+18,2140224640,149025280,8,0.0001615887886955,1592524800.0,2.0033132922257157e+18,12171.0,1.76596634473957,1.784930486405482,bin_2
config_831,640,23,10,0.0346257872879505,0.8711721301078796,0.9109623432159424,0.2973773777484894,0.0001877725153462,64,16328.0,2.687544115969229e+18,2140224640,149025280,8,1.082931087476068e-06,2136473600.0,2.687544115969229e+18,16328.0,1.6961279193299716,1.7144314275608687,bin_2
config_833,960,8,6,0.0750849843025207,0.9121943712234496,0.9117282032966614,0.0657769441604614,0.0049976115114986,32,13238.0,8.75538781175808e+17,867573760,136755840,16,0.0049976115114986,432537600.0,4.37769390587904e+17,6619.0,3.311763063493322,3.3466214843656195,bin_1
config_833,960,8,6,0.0750849843025207,0.9121943712234496,0.9117282032966614,0.0657769441604614,0.0049976115114986,32,13238.0,8.75538781175808e+17,867573760,136755840,16,0.0002182864798125,865075200.0,8.75538781175808e+17,13238.0,3.2876676048997973,3.321860240326553,bin_1
config_834,704,12,4,0.0010733114322647,0.8975350260734558,0.9339416027069092,0.0153088513761758,4.3886360799660906e-05,32,12770.0,7.316219005781115e+17,836949888,111106688,16,4.3886360799660906e-05,419430400.0,3.658109502890557e+17,6385.0,2.214141109771416,2.2367808463925223,bin_1
config_834,704,12,4,0.0010733114322647,0.8975350260734558,0.9339416027069092,0.0153088513761758,4.3886360799660906e-05,32,12770.0,7.316219005781115e+17,836949888,111106688,16,4.501165210221632e-06,835584000.0,7.316219005781115e+17,12770.0,2.0062047794998668,2.027376985667182,bin_1
config_835,320,9,10,0.1795784682035446,0.9526937007904052,0.9775941967964172,0.1582572609186172,2.2098469344200566e-05,64,14662.0,4.660832074641408e+17,1921887360,28628480,16,2.2098469344200566e-05,1592524800.0,3.8689801650839296e+17,12171.0,2.526377893119562,2.5533119659736507,bin_0
config_835,320,9,10,0.1795784682035446,0.9526937007904052,0.9775941967964172,0.1582572609186172,2.2098469344200566e-05,64,14662.0,4.660832074641408e+17,1921887360,28628480,16,1.1430242764241725e-07,1920204800.0,4.660832074641408e+17,14662.0,2.457218330140974,2.483104928985971,bin_0
config_836,896,23,16,0.1070315092802047,0.8290570378303528,0.934297263622284,0.1654037535190582,0.0002067174791591,32,5565.0,7.913686789657313e+17,364766304,277218816,8,0.0002067174791591,183500800.0,3.9561323717568096e+17,2782.0,2.155032302277987,2.1759407066712613,bin_1
config_836,896,23,16,0.1070315092802047,0.8290570378303528,0.934297263622284,0.1654037535190582,0.0002067174791591,32,5565.0,7.913686789657313e+17,364766304,277218816,8,3.37039368194226e-06,363724800.0,7.913686789657313e+17,5565.0,1.9178684820112637,1.9374603270311823,bin_1
config_837,384,14,12,0.0013122637756168,0.9629726409912108,0.9055152535438538,0.2840442061424255,7.151019963202998e-05,64,23123.0,1.201998252213338e+18,3030799616,44090112,16,7.151019963202998e-05,1592524800.0,6.326826418582597e+17,12171.0,2.0159993075151914,2.037137840302264,bin_1
config_837,384,14,12,0.0013122637756168,0.9629726409912108,0.9055152535438538,0.2840442061424255,7.151019963202998e-05,64,23123.0,1.201998252213338e+18,3030799616,44090112,16,2.504544832551676e-07,3027763200.0,1.201998252213338e+18,23123.0,1.8856289948010052,1.9062346897359757,bin_1
config_838,576,22,6,0.1472525745630264,0.9792854189872742,0.9204189777374268,0.2921558320522308,0.0007754227262921,32,8901.0,5.896266254296105e+17,583374272,116574336,8,0.0007754227262921,291635200.0,2.947801913449912e+17,4450.0,2.1495620388672,2.170043051340541,bin_1
config_838,576,22,6,0.1472525745630264,0.9792854189872742,0.9204189777374268,0.2921558320522308,0.0007754227262921,32,8901.0,5.896266254296105e+17,583374272,116574336,8,2.982395101124025e-07,583270400.0,5.896266254296105e+17,8901.0,1.8905081042500795,1.909231624583729,bin_1
config_839,640,4,10,0.0018428824841976,0.8959278464317322,0.9306908845901488,0.1034510359168052,2.813273567880969e-05,64,44403.0,2.1992453690621952e+18,5820030976,52499200,16,2.813273567880969e-05,1592524800.0,6.028199758317226e+17,12171.0,2.2235435134856427,2.246925509640428,bin_2
config_839,640,4,10,0.0018428824841976,0.8959278464317322,0.9306908845901488,0.1034510359168052,2.813273567880969e-05,64,44403.0,2.1992453690621952e+18,5820030976,52499200,16,2.813273567880969e-05,3191603200.0,1.2056399516634452e+18,24342.0,2.046110922078617,2.068312440778388,bin_2
config_839,640,4,10,0.0018428824841976,0.8959278464317322,0.9306908845901488,0.1034510359168052,2.813273567880969e-05,64,44403.0,2.1992453690621952e+18,5820030976,52499200,16,2.813273567880969e-05,4784128000.0,1.8085094567019569e+18,36514.0,1.9737685619416785,1.994206537027828,bin_2
config_839,640,4,10,0.0018428824841976,0.8959278464317322,0.9306908845901488,0.1034510359168052,2.813273567880969e-05,64,44403.0,2.1992453690621952e+18,5820030976,52499200,16,1.837539887577491e-08,5819596800.0,2.1992453690621952e+18,44403.0,1.9356311468609044,1.9557562367251664,bin_2
config_840,1088,22,4,0.0020387859549373,0.97098046541214,0.940375566482544,0.0034932375419884,0.0006626968388445,64,57708.0,2.167108936200585e+19,7563971072,379513984,8,0.0006626968388445,1592524800.0,4.570576499358377e+18,12171.0,1.681501296074664,1.6977049079879385,bin_3
config_840,1088,22,4,0.0020387859549373,0.97098046541214,0.940375566482544,0.0034932375419884,0.0006626968388445,64,57708.0,2.167108936200585e+19,7563971072,379513984,8,0.0006626968388445,3191603200.0,9.141152998716754e+18,24342.0,1.6001621038405622,1.6158474723628309,bin_3
config_840,1088,22,4,0.0020387859549373,0.97098046541214,0.940375566482544,0.0034932375419884,0.0006626968388445,64,57708.0,2.167108936200585e+19,7563971072,379513984,8,0.0006626968388445,4784128000.0,1.371210502814656e+19,36514.0,1.564195280915401,1.577101191849005,bin_3
config_840,1088,22,4,0.0020387859549373,0.97098046541214,0.940375566482544,0.0034932375419884,0.0006626968388445,64,57708.0,2.167108936200585e+19,7563971072,379513984,8,0.0006626968388445,6383206400.0,1.8282681527504937e+19,48685.0,1.539100362863697,1.5514459384855677,bin_3
config_840,1088,22,4,0.0020387859549373,0.97098046541214,0.940375566482544,0.0034932375419884,0.0006626968388445,64,57708.0,2.167108936200585e+19,7563971072,379513984,8,2.637599358585338e-05,7562854400.0,2.167108936200585e+19,57708.0,1.509401080412943,1.5214134978466347,bin_3
config_841,512,11,16,0.0013286373578011,0.9725388884544371,0.903359353542328,0.143650621175766,0.0009350774926133,64,30888.0,2.0962831090510725e+18,4048578304,63240192,16,0.0009350774926133,1592524800.0,8.260120992055363e+17,12171.0,1.809113170123491,1.828966956646716,bin_2
config_841,512,11,16,0.0013286373578011,0.9725388884544371,0.903359353542328,0.143650621175766,0.0009350774926133,64,30888.0,2.0962831090510725e+18,4048578304,63240192,16,0.0009350774926133,3191603200.0,1.6520241984110725e+18,24342.0,1.7442792171728416,1.763597405582178,bin_2
config_841,512,11,16,0.0013286373578011,0.9725388884544371,0.903359353542328,0.143650621175766,0.0009350774926133,64,30888.0,2.0962831090510725e+18,4048578304,63240192,16,8.00832650874625e-06,4043571200.0,2.0962831090510725e+18,30888.0,1.6728197023516795,1.6910298590972774,bin_2
config_842,384,9,16,0.0203765053302049,0.9526320099830629,0.9050393104553224,0.2097041606903076,6.883643072796986e-05,64,9954.0,3.86613557087404e+17,1304697216,35238912,16,6.883643072796986e-05,655360000.0,1.93306778543702e+17,4977.0,2.362728654791097,2.386754527365575,bin_0
config_842,384,9,16,0.0203765053302049,0.9526320099830629,0.9050393104553224,0.2097041606903076,6.883643072796986e-05,64,9954.0,3.86613557087404e+17,1304697216,35238912,16,1.3193374360895196e-07,1304166400.0,3.86613557087404e+17,9954.0,2.1275057616390165,2.149924394693531,bin_0
config_843,896,23,16,0.0358148403465747,0.8371454477310181,0.9861075282096864,0.1108349934220314,2.6157154934480783e-05,64,26201.0,7.450776239602139e+18,3434293248,277218816,8,2.6157154934480783e-05,1592524800.0,3.4610662803785216e+18,12171.0,1.9471252040003169,1.967178545174052,bin_3
config_843,896,23,16,0.0358148403465747,0.8371454477310181,0.9861075282096864,0.1108349934220314,2.6157154934480783e-05,64,26201.0,7.450776239602139e+18,3434293248,277218816,8,1.6678227276515308e-05,3191603200.0,6.922132560757043e+18,24342.0,1.7759211321736943,1.7952853064263454,bin_3
config_843,896,23,16,0.0358148403465747,0.8371454477310181,0.9861075282096864,0.1108349934220314,2.6157154934480783e-05,64,26201.0,7.450776239602139e+18,3434293248,277218816,8,9.010387507571709e-09,3434086400.0,7.450776239602139e+18,26201.0,1.7527804539829004,1.7717947443782307,bin_3
config_844,320,10,10,0.0021625608205795,0.9166408181190492,0.9787253141403198,0.1275638937950134,3.080590977333486e-05,128,44323.0,3.006262868781957e+18,11619150848,30021760,16,3.080590977333486e-05,1599078400.0,4.12790556131286e+17,6086.0,2.6676439649550643,2.6962801783983825,bin_2
config_844,320,10,10,0.0021625608205795,0.9166408181190492,0.9787253141403198,0.1275638937950134,3.080590977333486e-05,128,44323.0,3.006262868781957e+18,11619150848,30021760,16,3.080590977333486e-05,3185049600.0,8.255132860127969e+17,12171.0,2.3000497946973706,2.324454918923925,bin_2
config_844,320,10,10,0.0021625608205795,0.9166408181190492,0.9787253141403198,0.1275638937950134,3.080590977333486e-05,128,44323.0,3.006262868781957e+18,11619150848,30021760,16,3.080590977333486e-05,4784128000.0,1.238303842144083e+18,18257.0,2.148243959888083,2.170715235960288,bin_2
config_844,320,10,10,0.0021625608205795,0.9166408181190492,0.9787253141403198,0.1275638937950134,3.080590977333486e-05,128,44323.0,3.006262868781957e+18,11619150848,30021760,16,3.080590977333486e-05,6383206400.0,1.651026572025594e+18,24342.0,2.064403253422409,2.086420733186065,bin_2
config_844,320,10,10,0.0021625608205795,0.9166408181190492,0.9787253141403198,0.1275638937950134,3.080590977333486e-05,128,44323.0,3.006262868781957e+18,11619150848,30021760,16,3.080590977333486e-05,7982284800.0,2.06381712815688e+18,30428.0,2.0105689582277515,2.0322196003648103,bin_2
config_844,320,10,10,0.0021625608205795,0.9166408181190492,0.9787253141403198,0.1275638937950134,3.080590977333486e-05,128,44323.0,3.006262868781957e+18,11619150848,30021760,16,3.080590977333486e-05,9568256000.0,2.476607684288166e+18,36514.0,1.972979064534922,1.9944681398985813,bin_2
config_844,320,10,10,0.0021625608205795,0.9166408181190492,0.9787253141403198,0.1275638937950134,3.080590977333486e-05,128,44323.0,3.006262868781957e+18,11619150848,30021760,16,9.387793162266707e-06,11167334400.0,2.889330414169677e+18,42599.0,1.941030752971524,1.9617801222254017,bin_2
config_844,320,10,10,0.0021625608205795,0.9166408181190492,0.9787253141403198,0.1275638937950134,3.080590977333486e-05,128,44323.0,3.006262868781957e+18,11619150848,30021760,16,1.2531586925835117e-07,11612979200.0,3.006262868781957e+18,44323.0,1.9355745994458435,1.9561212363790288,bin_2
config_848,832,24,4,0.0015991409309208,0.9802007079124452,0.9915732145309448,0.2937045395374298,0.0005232234252616,64,18043.0,4.65558397507643e+18,2364980992,246343552,8,0.0005232234252616,1592524800.0,3.140448515249971e+18,12171.0,1.694859520275085,1.7129026685777258,bin_3
config_848,832,24,4,0.0015991409309208,0.9802007079124452,0.9915732145309448,0.2937045395374298,0.0005232234252616,64,18043.0,4.65558397507643e+18,2364980992,246343552,8,4.245821341055333e-06,2359296000.0,4.65558397507643e+18,18043.0,1.6038808503111854,1.6204436226750984,bin_3
config_849,768,16,16,0.0510908588767051,0.8278485536575317,0.9185489416122437,0.0603499375283718,0.0038360538892447,64,15367.0,2.443599380668023e+18,2014270592,151884288,8,0.0038360538892447,1592524800.0,1.935384138876196e+18,12171.0,3.1284728974983342,3.156971046690081,bin_2
config_849,768,16,16,0.0510908588767051,0.8278485536575317,0.9185489416122437,0.0603499375283718,0.0038360538892447,64,15367.0,2.443599380668023e+18,2014270592,151884288,8,7.034834532595666e-05,2011955200.0,2.443599380668023e+18,15367.0,2.8538008470613447,2.883936746589473,bin_2
config_850,1024,18,16,0.0230030640959739,0.9486483335494996,0.9704769253730774,0.265203058719635,0.0078291734680533,32,3080.0,4.339480208254894e+17,201915856,282732544,8,0.0078291734680533,101580800.0,2.169740104127447e+17,1540.0,3.4847484580024344,3.5188946712212483,bin_0
config_850,1024,18,16,0.0230030640959739,0.9486483335494996,0.9704769253730774,0.265203058719635,0.0078291734680533,32,3080.0,4.339480208254894e+17,201915856,282732544,8,0.0002878372598549,199884800.0,4.339480208254894e+17,3080.0,3.3280104053997603,3.3616805713684834,bin_0
config_852,1088,24,16,0.0212449170649051,0.9648943543434144,0.9210118651390076,0.1633742451667785,0.0034211166203022,32,14243.0,2.889629633331192e+18,933444672,409042304,8,0.0034211166203022,465305600.0,1.4447133763218012e+18,7121.0,3.372034552644511,3.4067160887796373,bin_2
config_852,1088,24,16,0.0212449170649051,0.9648943543434144,0.9210118651390076,0.1633742451667785,0.0034211166203022,32,14243.0,2.889629633331192e+18,933444672,409042304,8,6.324506219819231e-05,930611200.0,2.889629633331192e+18,14243.0,3.2309147040961217,3.26389797699256,bin_2
config_853,640,16,20,0.0465304031968116,0.8444250226020813,0.9500477910041808,0.297003298997879,0.0001615055080037,32,13540.0,8.273514907417805e+17,887421248,113463040,8,0.0001615055080037,442368000.0,4.1367574537089024e+17,6770.0,2.0185077202124675,2.0403173824411924,bin_1
config_853,640,16,20,0.0465304031968116,0.8444250226020813,0.9500477910041808,0.297003298997879,0.0001615055080037,32,13540.0,8.273514907417805e+17,887421248,113463040,8,1.6066203233400288e-06,884736000.0,8.273514907417805e+17,13540.0,1.8480777530982848,1.8683971668266857,bin_1
config_855,1024,6,8,0.1707313656806945,0.9028749465942384,0.9145928025245668,0.0693457648158073,0.0038594743236899,128,50221.0,1.2142644675490089e+19,13165343744,128567296,16,0.0038594743236899,1599078400.0,1.471498685709816e+18,6086.0,1.8349905352514295,1.854117420110546,bin_3
config_855,1024,6,8,0.1707313656806945,0.9028749465942384,0.9145928025245668,0.0693457648158073,0.0038594743236899,128,50221.0,1.2142644675490089e+19,13165343744,128567296,16,0.0038594743236899,3185049600.0,2.942755587212318e+18,12171.0,1.805781132432281,1.8250471230803944,bin_3
config_855,1024,6,8,0.1707313656806945,0.9028749465942384,0.9145928025245668,0.0693457648158073,0.0038594743236899,128,50221.0,1.2142644675490089e+19,13165343744,128567296,16,0.0038594743236899,4784128000.0,4.414254272922135e+18,18257.0,1.7966798345769035,1.81382527667968,bin_3
config_855,1024,6,8,0.1707313656806945,0.9028749465942384,0.9145928025245668,0.0693457648158073,0.0038594743236899,128,50221.0,1.2142644675490089e+19,13165343744,128567296,16,0.0038594743236899,6383206400.0,5.885511174424636e+18,24342.0,1.789865830999906,1.8074516285442916,bin_3
config_855,1024,6,8,0.1707313656806945,0.9028749465942384,0.9145928025245668,0.0693457648158073,0.0038594743236899,128,50221.0,1.2142644675490089e+19,13165343744,128567296,16,0.0038594743236899,7982284800.0,7.357009860134452e+18,30428.0,1.7868192192374683,1.8046425767413905,bin_3
config_855,1024,6,8,0.1707313656806945,0.9028749465942384,0.9145928025245668,0.0693457648158073,0.0038594743236899,128,50221.0,1.2142644675490089e+19,13165343744,128567296,16,0.0038594743236899,9568256000.0,8.828508545844269e+18,36514.0,1.7839894178265432,1.8011287762297958,bin_3
config_855,1024,6,8,0.1707313656806945,0.9028749465942384,0.9145928025245668,0.0693457648158073,0.0038594743236899,128,50221.0,1.2142644675490089e+19,13165343744,128567296,16,0.0038594743236899,11167334400.0,1.029976544734677e+19,42599.0,1.7816151476297222,1.79835373831577,bin_3
config_855,1024,6,8,0.1707313656806945,0.9028749465942384,0.9145928025245668,0.0693457648158073,0.0038594743236899,128,50221.0,1.2142644675490089e+19,13165343744,128567296,16,0.0016858875492051,12766412800.0,1.1771264133056588e+19,48685.0,1.690622513411475,1.7061784857609232,bin_3
config_855,1024,6,8,0.1707313656806945,0.9028749465942384,0.9145928025245668,0.0693457648158073,0.0038594743236899,128,50221.0,1.2142644675490089e+19,13165343744,128567296,16,2.327655393379903e-05,13159628800.0,1.2142644675490089e+19,50221.0,1.6020807963511985,1.6159022484841894,bin_3
config_856,896,15,8,0.0048650568351149,0.9370373487472534,0.9939780831336976,0.1089411750435829,0.0016930588753893,32,4818.0,4.765312801492992e+17,315809600,196464128,8,0.0016930588753893,157286400.0,2.382656400746496e+17,2409.0,3.1554563430879936,3.1860002407089607,bin_0
config_856,896,15,8,0.0048650568351149,0.9370373487472534,0.9939780831336976,0.1089411750435829,0.0016930588753893,32,4818.0,4.765312801492992e+17,315809600,196464128,8,5.815851098665858e-05,314572800.0,4.765312801492992e+17,4818.0,3.058411717102176,3.0907719897833026,bin_0
config_857,576,4,6,0.0086079770699143,0.9116896390914916,0.9387863874435424,0.1329070925712585,0.0034279897809028,64,15997.0,6.834415093151662e+17,2096884352,44889984,16,0.0034279897809028,1592524800.0,5.199829099127892e+17,12171.0,1.8731394336262688,1.8931034593894835,bin_1
config_857,576,4,6,0.0086079770699143,0.9116896390914916,0.9387863874435424,0.1329070925712585,0.0034279897809028,64,15997.0,6.834415093151662e+17,2096884352,44889984,16,7.578340531629079e-05,2090598400.0,6.834415093151662e+17,15997.0,1.790793927497551,1.8102237840167807,bin_1
config_858,640,6,20,0.004815568216145,0.8438918590545654,0.9528566002845764,0.176015630364418,0.0001760332961566,64,28809.0,1.775866142443438e+18,3776181248,62659840,16,0.0001760332961566,1592524800.0,7.502539768710849e+17,12171.0,1.873371368040804,1.8941335182111767,bin_2
config_858,640,6,20,0.004815568216145,0.8438918590545654,0.9528566002845764,0.176015630364418,0.0001760332961566,64,28809.0,1.775866142443438e+18,3776181248,62659840,16,0.0001548190271326,3191603200.0,1.50050795374217e+18,24342.0,1.7896507229179632,1.809467797318443,bin_2
config_858,640,6,20,0.004815568216145,0.8438918590545654,0.9528566002845764,0.176015630364418,0.0001760332961566,64,28809.0,1.775866142443438e+18,3776181248,62659840,16,3.124851411065476e-07,3774873600.0,1.775866142443438e+18,28809.0,1.7422788196313577,1.7614387094779094,bin_2
config_859,1088,7,8,0.0023740928154438,0.951324999332428,0.903632879257202,0.2893902063369751,0.0033874597866088,32,5697.0,4.239195614659584e+17,373371616,158051584,16,0.0033874597866088,186777600.0,2.1192257522468835e+17,2848.0,3.285622643095548,3.3193125198708207,bin_0
config_859,1088,7,8,0.0023740928154438,0.951324999332428,0.903632879257202,0.2893902063369751,0.0033874597866088,32,5697.0,4.239195614659584e+17,373371616,158051584,16,9.660837983653784e-05,370278400.0,4.239195614659584e+17,5697.0,3.1184864208346506,3.151349335498497,bin_0
config_86,576,16,24,0.0019819978624582,0.8605764508247375,0.942360818386078,0.1421839296817779,0.0001457703765481,64,19297.0,1.979096174226801e+18,2529339648,92679552,16,0.0001457703765481,1592524800.0,1.2482551451787528e+18,12171.0,1.8461316648858488,1.8666096053748835,bin_2
config_86,576,16,24,0.0019819978624582,0.8605764508247375,0.942360818386078,0.1421839296817779,0.0001457703765481,64,19297.0,1.979096174226801e+18,2529339648,92679552,16,2.497706050952987e-06,2523136000.0,1.979096174226801e+18,19297.0,1.7489200839058296,1.7681808529134655,bin_2
config_860,576,8,8,0.0093509536236524,0.8292416334152222,0.9053974151611328,0.287584900856018,0.0038485508412122,64,18686.0,1.1710440950617866e+18,2449337344,60819840,16,0.0038485508412122,1592524800.0,7.627516686822758e+17,12171.0,1.8461330823038444,1.8647057134597027,bin_1
config_860,576,8,8,0.0093509536236524,0.8292416334152222,0.9053974151611328,0.287584900856018,0.0038485508412122,64,18686.0,1.1710440950617866e+18,2449337344,60819840,16,2.5785935284504315e-05,2444492800.0,1.1710440950617866e+18,18686.0,1.734342155964648,1.7517716950666709,bin_1
config_861,1088,13,4,0.0014710819814354,0.8107132911682129,0.9133807420730592,0.0282490793615579,0.0017481237882748,32,5879.0,7.040824208708936e+17,385324384,246636544,8,0.0017481237882748,193331200.0,3.5198132929742406e+17,2939.0,3.0186622762680053,3.048006862343335,bin_1
config_861,1088,13,4,0.0014710819814354,0.8107132911682129,0.9133807420730592,0.0282490793615579,0.0017481237882748,32,5879.0,7.040824208708936e+17,385324384,246636544,8,0.0003053951196383,383385600.0,7.040824208708936e+17,5879.0,2.81783802993962,2.848097199377466,bin_1
config_862,384,17,16,0.0013547409325838,0.8236398696899414,0.977879762649536,0.0758784264326095,0.0014446800341829,32,3779.0,1.1314368846047232e+17,247711184,49400832,16,0.0014446800341829,124518400.0,5.65568741735465e+16,1889.0,2.2974533440245954,2.32099610871956,bin_0
config_862,384,17,16,0.0013547409325838,0.8236398696899414,0.977879762649536,0.0758784264326095,0.0014446800341829,32,3779.0,1.1314368846047232e+17,247711184,49400832,16,0.0001464885349346,245760000.0,1.1314368846047232e+17,3779.0,2.047838989711199,2.068940936151098,bin_0
config_864,576,23,18,0.0098810363560915,0.91548353433609,0.9719234704971312,0.066335804760456,0.0001367154618492,64,9264.0,1.27356071596322e+18,1214347648,120556800,8,0.0001367154618492,609484800.0,6.3678035798161e+17,4632.0,1.994807494800599,2.0155262253909814,bin_1
config_864,576,23,18,0.0098810363560915,0.91548353433609,0.9719234704971312,0.066335804760456,0.0001367154618492,64,9264.0,1.27356071596322e+18,1214347648,120556800,8,3.117290661057469e-06,1212416000.0,1.27356071596322e+18,9264.0,1.81885901881046,1.83776166007167,bin_1
config_866,1152,4,18,0.0060122343711555,0.951362133026123,0.9612060189247132,0.0362669713795185,0.0003250472655054,32,6647.0,3.672418108543304e+17,435653952,121630464,16,0.0003250472655054,216268800.0,1.8359328079869712e+17,3323.0,2.0728251033532814,2.0933111973668708,bin_0
config_866,1152,4,18,0.0060122343711555,0.951362133026123,0.9612060189247132,0.0362669713795185,0.0003250472655054,32,6647.0,3.672418108543304e+17,435653952,121630464,16,6.33909604927579e-05,432537600.0,3.672418108543304e+17,6647.0,1.904088991157344,1.9244107339812109,bin_0
config_867,384,6,6,0.01390993129462,0.8789227604866028,0.9746220707893372,0.2909203767776489,1.8881230062106624e-05,64,76075.0,2.354860983967285e+18,9971366912,29928192,16,1.8881230062106624e-05,1592524800.0,3.767468029689889e+17,12171.0,2.6109782158742187,2.638325306001257,bin_2
config_867,384,6,6,0.01390993129462,0.8789227604866028,0.9746220707893372,0.2909203767776489,1.8881230062106624e-05,64,76075.0,2.354860983967285e+18,9971366912,29928192,16,1.8881230062106624e-05,3191603200.0,7.534936059379779e+17,24342.0,2.26678789295134,2.290247398673511,bin_2
config_867,384,6,6,0.01390993129462,0.8789227604866028,0.9746220707893372,0.2909203767776489,1.8881230062106624e-05,64,76075.0,2.354860983967285e+18,9971366912,29928192,16,1.8881230062106624e-05,4784128000.0,1.1302713633727434e+18,36514.0,2.1371015708172907,2.159279797546199,bin_2
config_867,384,6,6,0.01390993129462,0.8789227604866028,0.9746220707893372,0.2909203767776489,1.8881230062106624e-05,64,76075.0,2.354860983967285e+18,9971366912,29928192,16,1.8881230062106624e-05,6383206400.0,1.507018166341732e+18,48685.0,2.0666144324130697,2.088297186992208,bin_2
config_867,384,6,6,0.01390993129462,0.8789227604866028,0.9746220707893372,0.2909203767776489,1.8881230062106624e-05,64,76075.0,2.354860983967285e+18,9971366912,29928192,16,1.2989323920996492e-05,7975731200.0,1.883764969310721e+18,60856.0,2.019604576689298,2.0408367755764822,bin_2
config_867,384,6,6,0.01390993129462,0.8789227604866028,0.9746220707893372,0.2909203767776489,1.8881230062106624e-05,64,76075.0,2.354860983967285e+18,9971366912,29928192,16,2.5808016329073484e-06,9574809600.0,2.26051177227971e+18,73027.0,1.9953464013240376,2.017391355350369,bin_2
config_867,384,6,6,0.01390993129462,0.8789227604866028,0.9746220707893372,0.2909203767776489,1.8881230062106624e-05,64,76075.0,2.354860983967285e+18,9971366912,29928192,16,2.1328939114934915e-08,9968025600.0,2.354860983967285e+18,76075.0,1.9931190266765533,2.015173761297445,bin_2
config_868,768,7,8,0.0144213484600186,0.8548960089683533,0.952092707157135,0.0550985820591449,3.700056186062284e-05,64,8749.0,7.581547441149051e+17,1146862976,88169472,16,3.700056186062284e-05,570163200.0,3.7903404397743686e+17,4374.0,2.309312054172891,2.3329243511450097,bin_1
config_868,768,7,8,0.0144213484600186,0.8548960089683533,0.952092707157135,0.0550985820591449,3.700056186062284e-05,64,8749.0,7.581547441149051e+17,1146862976,88169472,16,3.761467906992781e-06,1140326400.0,7.581547441149051e+17,8749.0,2.072852340721693,2.09452044514359,bin_1
config_869,1024,21,8,0.0781054496765136,0.956398069858551,0.940690577030182,0.0893575847148895,0.0029948272276669,32,6968.0,1.1215616543385846e+18,456687712,321273856,8,0.0029948272276669,229376000.0,5.607808271692923e+17,3484.0,3.5299308286338555,3.5626504411853728,bin_1
config_869,1024,21,8,0.0781054496765136,0.956398069858551,0.940690577030182,0.0893575847148895,0.0029948272276669,32,6968.0,1.1215616543385846e+18,456687712,321273856,8,8.666702588103767e-05,455475200.0,1.1215616543385846e+18,6968.0,3.233012682492616,3.26657555111119,bin_1
config_87,896,16,4,0.1519194096326828,0.8228392601013184,0.9976667761802672,0.0490393675863742,2.182521166105289e-05,64,18193.0,3.795271987369476e+18,2384721408,206558464,8,2.182521166105289e-05,1592524800.0,2.5390125519855933e+18,12171.0,1.96740908765402,1.987179820908875,bin_2
config_87,896,16,4,0.1519194096326828,0.8228392601013184,0.9976667761802672,0.0490393675863742,2.182521166105289e-05,64,18193.0,3.795271987369476e+18,2384721408,206558464,8,1.0521122213287833e-06,2378956800.0,3.795271987369476e+18,18193.0,1.8570299332649984,1.876404748783737,bin_2
config_870,640,21,20,0.0102093312889337,0.9492047429084778,0.9986361861228944,0.0057712197303771,1.9489523765514605e-05,64,73484.0,1.1204827394451702e+19,9631732736,138864640,8,1.9489523765514605e-05,1592524800.0,1.855831939168685e+18,12171.0,2.17531255208078,2.1981965128124736,bin_3
config_870,640,21,20,0.0102093312889337,0.9492047429084778,0.9986361861228944,0.0057712197303771,1.9489523765514605e-05,64,73484.0,1.1204827394451702e+19,9631732736,138864640,8,1.9489523765514605e-05,3191603200.0,3.71166387833737e+18,24342.0,1.9469506983288,1.967866008828898,bin_3
config_870,640,21,20,0.0102093312889337,0.9492047429084778,0.9986361861228944,0.0057712197303771,1.9489523765514605e-05,64,73484.0,1.1204827394451702e+19,9631732736,138864640,8,1.9489523765514605e-05,4784128000.0,5.56764829733016e+18,36514.0,1.853147211876072,1.87274674755628,bin_3
config_870,640,21,20,0.0102093312889337,0.9492047429084778,0.9986361861228944,0.0057712197303771,1.9489523765514605e-05,64,73484.0,1.1204827394451702e+19,9631732736,138864640,8,1.9489523765514605e-05,6383206400.0,7.423480236498845e+18,48685.0,1.7985466021006224,1.8173573385301185,bin_3
config_870,640,21,20,0.0102093312889337,0.9492047429084778,0.9986361861228944,0.0057712197303771,1.9489523765514605e-05,64,73484.0,1.1204827394451702e+19,9631732736,138864640,8,1.9489523765514605e-05,7975731200.0,9.27931217566753e+18,60856.0,1.760831914944727,1.7793802714934115,bin_3
config_870,640,21,20,0.0102093312889337,0.9492047429084778,0.9986361861228944,0.0057712197303771,1.9489523765514605e-05,64,73484.0,1.1204827394451702e+19,9631732736,138864640,8,1.9489523765514605e-05,9574809600.0,1.1135144114836214e+19,73027.0,1.731879443868262,1.7494020221858728,bin_3
config_870,640,21,20,0.0102093312889337,0.9492047429084778,0.9986361861228944,0.0057712197303771,1.9489523765514605e-05,64,73484.0,1.1204827394451702e+19,9631732736,138864640,8,1.562839169876169e-06,9627238400.0,1.1204827394451702e+19,73484.0,1.7192374762746154,1.7366047855087967,bin_3
config_871,512,21,8,0.0308371651917696,0.8271836042404175,0.940177857875824,0.2600078582763672,2.304151166754309e-05,64,40369.0,4.487450063863284e+18,5291280384,97329152,8,2.304151166754309e-05,1592524800.0,1.352938014993684e+18,12171.0,2.223827899889868,2.246884577977853,bin_2
config_871,512,21,8,0.0308371651917696,0.8271836042404175,0.940177857875824,0.2600078582763672,2.304151166754309e-05,64,40369.0,4.487450063863284e+18,5291280384,97329152,8,2.304151166754309e-05,3191603200.0,2.705876029987368e+18,24342.0,1.9878043300206545,2.0098218246952437,bin_2
config_871,512,21,8,0.0308371651917696,0.8271836042404175,0.940177857875824,0.2600078582763672,2.304151166754309e-05,64,40369.0,4.487450063863284e+18,5291280384,97329152,8,8.493484055042324e-06,4784128000.0,4.05892520577433e+18,36514.0,1.8872321701831505,1.9071502988064877,bin_2
config_871,512,21,8,0.0308371651917696,0.8271836042404175,0.940177857875824,0.2600078582763672,2.304151166754309e-05,64,40369.0,4.487450063863284e+18,5291280384,97329152,8,4.171005351403793e-08,5288755200.0,4.487450063863284e+18,40369.0,1.8729227754522544,1.892756980012675,bin_2
config_873,768,15,8,0.1918045282363891,0.8933539986610413,0.90575510263443,0.2202924937009811,0.0001419166655978,64,39020.0,5.890931393940947e+18,5114535424,144804864,8,0.0001419166655978,1592524800.0,1.8374814453012623e+18,12171.0,1.796321293506466,1.81574296343522,bin_3
config_873,768,15,8,0.1918045282363891,0.8933539986610413,0.90575510263443,0.2202924937009811,0.0001419166655978,64,39020.0,5.890931393940947e+18,5114535424,144804864,8,0.0001419166655978,3191603200.0,3.674962890602525e+18,24342.0,1.7126885413732684,1.7315133869843404,bin_3
config_873,768,15,8,0.1918045282363891,0.8933539986610413,0.90575510263443,0.2202924937009811,0.0001419166655978,64,39020.0,5.890931393940947e+18,5114535424,144804864,8,4.1609074730250526e-05,4784128000.0,5.512595308005119e+18,36514.0,1.6322818504396033,1.6483516812715373,bin_3
config_873,768,15,8,0.1918045282363891,0.8933539986610413,0.90575510263443,0.2202924937009811,0.0001419166655978,64,39020.0,5.890931393940947e+18,5114535424,144804864,8,3.30230751827387e-07,5111808000.0,5.890931393940947e+18,39020.0,1.6136334458335502,1.6297224962515908,bin_3
config_874,768,20,8,0.0011348294792696,0.8252977132797241,0.9951355457305908,0.2292419970035553,0.0005273807328194,32,6970.0,6.662323996496364e+17,456789632,180201984,8,0.0005273807328194,229376000.0,3.331161998248182e+17,3485.0,2.003794597934504,2.0240664048273054,bin_1
config_874,768,20,8,0.0011348294792696,0.8252977132797241,0.9951355457305908,0.2292419970035553,0.0005273807328194,32,6970.0,6.662323996496364e+17,456789632,180201984,8,6.604642865615999e-06,455475200.0,6.662323996496364e+17,6970.0,1.8075695155292264,1.8266618093897085,bin_1
config_875,576,22,8,0.038614559918642,0.8510879874229431,0.9668638110160828,0.297942578792572,0.0098574915900826,32,3582.0,2.3732410173399245e+17,234807536,116574336,8,0.0098574915900826,117964800.0,1.1866205086699622e+17,1791.0,3.5175009538306563,3.548914903304616,bin_0
config_875,576,22,8,0.038614559918642,0.8510879874229431,0.9668638110160828,0.297942578792572,0.0098574915900826,32,3582.0,2.3732410173399245e+17,234807536,116574336,8,0.0002956323625891,232652800.0,2.3732410173399245e+17,3582.0,3.397214334441013,3.4318876271951395,bin_0
config_877,1152,19,24,0.0029607254546135,0.8672369122505188,0.9288090467453004,0.0896909236907959,0.0033743127714842,32,4683.0,8.290489023680348e+17,306951424,360543744,8,0.0033743127714842,154009600.0,4.144359343249134e+17,2341.0,3.4675727361929223,3.502879446021846,bin_1
config_877,1152,19,24,0.0029607254546135,0.8672369122505188,0.9288090467453004,0.0896909236907959,0.0033743127714842,32,4683.0,8.290489023680348e+17,306951424,360543744,8,0.0002651245749023,304742400.0,8.290489023680348e+17,4683.0,3.2737080366494227,3.307362054488698,bin_1
config_878,704,12,22,0.0025232422631233,0.8510705232620239,0.979032039642334,0.2733150124549866,9.028147906064989e-05,64,9238.0,1.0584883885419232e+18,1210873728,111106688,16,9.028147906064989e-05,602931200.0,5.2924419427096166e+17,4619.0,2.075907240969236,2.0973884222937413,bin_1
config_878,704,12,22,0.0025232422631233,0.8510705232620239,0.979032039642334,0.2733150124549866,9.028147906064989e-05,64,9238.0,1.0584883885419232e+18,1210873728,111106688,16,1.3592298749226164e-06,1205862400.0,1.0584883885419232e+18,9238.0,1.8895889309195224,1.9101619222125068,bin_1
config_879,896,22,14,0.0025994658935815,0.8356790542602539,0.9844968318939208,0.0861042961478233,0.0001617789675947,64,69756.0,1.908114099776756e+19,9143088128,267124480,8,0.0001617789675947,1592524800.0,3.329270128502623e+18,12171.0,1.7391747313835582,1.7567620001855444,bin_3
config_879,896,22,14,0.0025994658935815,0.8356790542602539,0.9844968318939208,0.0861042961478233,0.0001617789675947,64,69756.0,1.908114099776756e+19,9143088128,267124480,8,0.0001617789675947,3191603200.0,6.658540257005246e+18,24342.0,1.6292066630574524,1.6468252686008078,bin_3
config_879,896,22,14,0.0025994658935815,0.8356790542602539,0.9844968318939208,0.0861042961478233,0.0001617789675947,64,69756.0,1.908114099776756e+19,9143088128,267124480,8,0.0001617789675947,4784128000.0,9.98808392672293e+18,36514.0,1.5831402017835712,1.598594731131538,bin_3
config_879,896,22,14,0.0025994658935815,0.8356790542602539,0.9844968318939208,0.0861042961478233,0.0001617789675947,64,69756.0,1.908114099776756e+19,9143088128,267124480,8,0.0001617789675947,6383206400.0,1.3317354055225557e+19,48685.0,1.5540803126819798,1.5692783733274116,bin_3
config_879,896,22,14,0.0025994658935815,0.8356790542602539,0.9844968318939208,0.0861042961478233,0.0001617789675947,64,69756.0,1.908114099776756e+19,9143088128,267124480,8,0.0001617789675947,7975731200.0,1.6646624183728175e+19,60856.0,1.5343159588438566,1.549187949739519,bin_3
config_879,896,22,14,0.0025994658935815,0.8356790542602539,0.9844968318939208,0.0861042961478233,0.0001617789675947,64,69756.0,1.908114099776756e+19,9143088128,267124480,8,1.616173502444799e-07,9142272000.0,1.908114099776756e+19,69756.0,1.4859555034266143,1.501834123173698,bin_3
config_882,768,16,24,0.0010520544601604,0.84965580701828,0.9379945993423462,0.2372069805860519,0.0001265883183805,32,14850.0,1.18065164679748e+18,973216768,151884288,8,0.0001265883183805,484966400.0,5.9032582339874e+17,7425.0,2.0135617535231543,2.035504549096842,bin_1
config_882,768,16,24,0.0010520544601604,0.84965580701828,0.9379945993423462,0.2372069805860519,0.0001265883183805,32,14850.0,1.18065164679748e+18,973216768,151884288,8,0.0,973209600.0,1.18065164679748e+18,14850.0,1.8420094098614863,1.8619986787780387,bin_1
config_883,320,5,10,0.0977244079113006,0.8068435192108154,0.9849778413772584,0.1445946991443634,1.6844946003402583e-05,32,14087.0,1.6399855898062848e+17,923245632,23055360,16,1.6844946003402583e-05,462028800.0,8.199345857177301e+16,7043.0,2.9622000555132257,2.993657096409407,bin_0
config_883,320,5,10,0.0977244079113006,0.8068435192108154,0.9849778413772584,0.1445946991443634,1.6844946003402583e-05,32,14087.0,1.6399855898062848e+17,923245632,23055360,16,3.061213173506357e-07,920780800.0,1.6399855898062848e+17,14087.0,2.750947909980524,2.780282435573515,bin_0
config_884,1024,11,16,0.0047102416865527,0.8369527459144592,0.9307138919830322,0.1127243638038635,0.0068855872377753,32,4999.0,4.697191645630956e+17,327673024,192802816,8,0.0068855872377753,163840000.0,2.3481260096882893e+17,2499.0,3.411236681781831,3.444626414658593,bin_0
config_884,1024,11,16,0.0047102416865527,0.8369527459144592,0.9307138919830322,0.1127243638038635,0.0068855872377753,32,4999.0,4.697191645630956e+17,327673024,192802816,8,0.000599278462968,324403200.0,4.697191645630956e+17,4999.0,3.2191142595791424,3.2526616055848168,bin_0
config_885,512,9,4,0.0037863254547119,0.8964377641677856,0.9922852516174316,0.2600913643836975,0.0001835050061345,32,11709.0,3.466629797835571e+17,767425088,56422400,16,0.0001835050061345,383385600.0,1.7331668662165373e+17,5854.0,2.0233297326134854,2.0448805078522105,bin_0
config_885,512,9,4,0.0037863254547119,0.8964377641677856,0.9922852516174316,0.2600913643836975,0.0001835050061345,32,11709.0,3.466629797835571e+17,767425088,56422400,16,5.423793284763947e-07,766771200.0,3.466629797835571e+17,11709.0,1.870740536705392,1.8908758013365696,bin_0
config_886,832,19,16,0.0095499046146869,0.8624489903450012,0.9503028988838196,0.1648828685283661,0.0063321818597614,64,57962.0,1.2237008946516195e+19,7597211648,203736832,8,0.0063321818597614,1592524800.0,2.5695565351100483e+18,12171.0,3.243419421774442,3.276323723832115,bin_3
config_886,832,19,16,0.0095499046146869,0.8624489903450012,0.9503028988838196,0.1648828685283661,0.0063321818597614,64,57962.0,1.2237008946516195e+19,7597211648,203736832,8,0.0063321818597614,3191603200.0,5.139113070220097e+18,24342.0,3.134268642605328,3.166933398012255,bin_3
config_886,832,19,16,0.0095499046146869,0.8624489903450012,0.9503028988838196,0.1648828685283661,0.0063321818597614,64,57962.0,1.2237008946516195e+19,7597211648,203736832,8,0.0063321818597614,4784128000.0,7.708880726563826e+18,36514.0,2.9240782650572354,2.938495206754716,bin_3
config_886,832,19,16,0.0095499046146869,0.8624489903450012,0.9503028988838196,0.1648828685283661,0.0063321818597614,64,57962.0,1.2237008946516195e+19,7597211648,203736832,8,0.0061373658837495,6383206400.0,1.0278437261673871e+19,48685.0,2.921227369933832,2.95096663111546,bin_3
config_886,832,19,16,0.0095499046146869,0.8624489903450012,0.9503028988838196,0.1648828685283661,0.0063321818597614,64,57962.0,1.2237008946516195e+19,7597211648,203736832,8,7.951672490282176e-06,7595622400.0,1.2237008946516195e+19,57962.0,2.8010892816449777,2.830318548835692,bin_3
config_887,768,16,12,0.0019073141738772,0.8979390263557434,0.945609986782074,0.0197198875248432,0.0004492909065447,64,25651.0,4.078886608700965e+18,3362245632,151884288,8,0.0004492909065447,1592524800.0,1.9353681694475635e+18,12171.0,1.7390078600312844,1.7575393587643984,bin_2
config_887,768,16,12,0.0019073141738772,0.8979390263557434,0.945609986782074,0.0197198875248432,0.0004492909065447,64,25651.0,4.078886608700965e+18,3362245632,151884288,8,0.0004492909065447,3191603200.0,3.870736338895127e+18,24342.0,1.669800805185662,1.6874107076496374,bin_2
config_887,768,16,12,0.0019073141738772,0.8979390263557434,0.945609986782074,0.0197198875248432,0.0004492909065447,64,25651.0,4.078886608700965e+18,3362245632,151884288,8,8.896849634549989e-07,3361996800.0,4.078886608700965e+18,25651.0,1.6277535736951672,1.6451380940538938,bin_2
config_888,1152,16,18,0.0952246263623237,0.8552141189575195,0.9756662249565125,0.1590922176837921,0.0004420794430188,64,55926.0,1.707480387176222e+19,7330371072,312761088,8,0.0004420794430188,1592524800.0,3.715936021228373e+18,12171.0,1.7032030440940231,1.7200664273441817,bin_3
config_888,1152,16,18,0.0952246263623237,0.8552141189575195,0.9756662249565125,0.1590922176837921,0.0004420794430188,64,55926.0,1.707480387176222e+19,7330371072,312761088,8,0.0004420794430188,3191603200.0,7.431872042456745e+18,24342.0,1.629379487741189,1.6457780509698587,bin_3
config_888,1152,16,18,0.0952246263623237,0.8552141189575195,0.9756662249565125,0.1590922176837921,0.0004420794430188,64,55926.0,1.707480387176222e+19,7330371072,312761088,8,0.0004420794430188,4784128000.0,1.114811337434334e+19,36514.0,1.5950416994290273,1.6106824964968884,bin_3
config_888,1152,16,18,0.0952246263623237,0.8552141189575195,0.9756662249565125,0.1590922176837921,0.0004420794430188,64,55926.0,1.707480387176222e+19,7330371072,312761088,8,0.0003590497982751,6383206400.0,1.4864049395571712e+19,48685.0,1.5632499290978323,1.5779645675713898,bin_3
config_888,1152,16,18,0.0952246263623237,0.8552141189575195,0.9756662249565125,0.1590922176837921,0.0004420794430188,64,55926.0,1.707480387176222e+19,7330371072,312761088,8,1.2919035088783891e-06,7326924800.0,1.707480387176222e+19,55926.0,1.484080533355963,1.4980069301558323,bin_3
config_889,576,24,8,0.0282851736992597,0.8513808846473694,0.9050994515419006,0.142000138759613,0.001263938145712,32,9870.0,7.030354604223283e+17,646882880,124539264,8,0.001263938145712,324403200.0,3.5151773021116416e+17,4935.0,2.0547056478164234,2.0771289521553475,bin_1
config_889,576,24,8,0.0282851736992597,0.8513808846473694,0.9050994515419006,0.142000138759613,0.001263938145712,32,9870.0,7.030354604223283e+17,646882880,124539264,8,1.8043371102241523e-05,645529600.0,7.030354604223283e+17,9870.0,1.8606709901231235,1.8800650656418725,bin_1
config_890,384,6,8,0.0010404915083199,0.8796330094337463,0.9554351568222046,0.1165261417627334,0.0011129138292744,32,5399.0,8.35704711217152e+16,353868800,29928192,16,0.0011129138292744,176947200.0,4.177749612104266e+16,2699.0,2.189113081713192,2.211490394365592,bin_0
config_890,384,6,8,0.0010404915083199,0.8796330094337463,0.9554351568222046,0.1165261417627334,0.0011129138292744,32,5399.0,8.35704711217152e+16,353868800,29928192,16,8.669757970500682e-05,350617600.0,8.35704711217152e+16,5399.0,2.0033327228905726,2.0237389035693933,bin_0
config_891,384,20,8,0.1881317347288131,0.8032315969467163,0.9453505277633668,0.2703138887882232,0.0041462779045104,32,7653.0,2.5927698775781376e+17,501581920,54711552,16,0.0041462779045104,252313600.0,1.2962155431352352e+17,3826.0,3.0233333228846067,3.055594073358129,bin_0
config_891,384,20,8,0.1881317347288131,0.8032315969467163,0.9453505277633668,0.2703138887882232,0.0041462779045104,32,7653.0,2.5927698775781376e+17,501581920,54711552,16,6.014909919502959e-06,501350400.0,2.5927698775781376e+17,7653.0,2.4127844684241246,2.437510890257163,bin_0
config_892,384,23,16,0.1119474843144416,0.9232041835784912,0.9377447366714478,0.1761948019266128,1.8673237718758173e-05,64,30429.0,2.301687631700951e+18,3988503040,60022272,16,1.8673237718758173e-05,1592524800.0,9.206296679296814e+17,12171.0,2.517537763705019,2.545474052976389,bin_2
config_892,384,23,16,0.1119474843144416,0.9232041835784912,0.9377447366714478,0.1761948019266128,1.8673237718758173e-05,64,30429.0,2.301687631700951e+18,3988503040,60022272,16,1.8673237718758173e-05,3191603200.0,1.8412593358593628e+18,24342.0,2.189960247688606,2.21375756498243,bin_2
config_892,384,23,16,0.1119474843144416,0.9232041835784912,0.9377447366714478,0.1761948019266128,1.8673237718758173e-05,64,30429.0,2.301687631700951e+18,3988503040,60022272,16,1.0101173173736153e-07,3984588800.0,2.301687631700951e+18,30429.0,2.117508944996068,2.140596796762748,bin_2
config_893,960,9,16,0.0051548168994486,0.8151542544364929,0.98431134223938,0.1887888759374618,0.000141660158988,32,5074.0,3.6550916293976064e+17,332544384,147816960,16,0.000141660158988,167116800.0,1.8275458146988032e+17,2537.0,2.2334648391848706,2.2566997082507023,bin_0
config_893,960,9,16,0.0051548168994486,0.8151542544364929,0.98431134223938,0.1887888759374618,0.000141660158988,32,5074.0,3.6550916293976064e+17,332544384,147816960,16,3.5526058680398565e-06,330956800.0,3.6550916293976064e+17,5074.0,1.9962454322517893,2.016540409815116,bin_0
config_895,448,23,4,0.0513821765780448,0.8010730147361755,0.9732292294502258,0.131829172372818,1.976421845029108e-05,64,49754.0,4.803473174533964e+18,6521421312,80577280,8,1.976421845029108e-05,1592524800.0,1.1750426499829737e+18,12171.0,2.262585550546646,2.285538657610534,bin_3
config_895,448,23,4,0.0513821765780448,0.8010730147361755,0.9732292294502258,0.131829172372818,1.976421845029108e-05,64,49754.0,4.803473174533964e+18,6521421312,80577280,8,1.976421845029108e-05,3191603200.0,2.3500852999659474e+18,24342.0,2.018487823087661,2.039961115825372,bin_3
config_895,448,23,4,0.0513821765780448,0.8010730147361755,0.9732292294502258,0.131829172372818,1.976421845029108e-05,64,49754.0,4.803473174533964e+18,6521421312,80577280,8,1.976421845029108e-05,4784128000.0,3.525224494411166e+18,36514.0,1.9179271946578729,1.936413292318094,bin_3
config_895,448,23,4,0.0513821765780448,0.8010730147361755,0.9732292294502258,0.131829172372818,1.976421845029108e-05,64,49754.0,4.803473174533964e+18,6521421312,80577280,8,3.176015588749321e-06,6383206400.0,4.70026714439414e+18,48685.0,1.8493476756674343,1.8662274507616388,bin_3
config_895,448,23,4,0.0513821765780448,0.8010730147361755,0.9732292294502258,0.131829172372818,1.976421845029108e-05,64,49754.0,4.803473174533964e+18,6521421312,80577280,8,1.2053190090132018e-08,6520832000.0,4.803473174533964e+18,49754.0,1.846420170811356,1.863188413342492,bin_3
config_896,704,8,22,0.0010731528745964,0.818682074546814,0.9423227906227112,0.0285742711275815,0.0025099257472902,64,19149.0,1.6403883341193216e+18,2509933824,85869696,16,0.0025099257472902,1592524800.0,1.0426218817988544e+18,12171.0,1.7796224931810722,1.7973544983394811,bin_2
config_896,704,8,22,0.0010731528745964,0.818682074546814,0.9423227906227112,0.0285742711275815,0.0025099257472902,64,19149.0,1.6403883341193216e+18,2509933824,85869696,16,0.0002248379554245,2503475200.0,1.6403883341193216e+18,19149.0,1.695469688001226,1.712501901993986,bin_2
config_898,896,15,14,0.0014130017952993,0.8083404302597046,0.9866657853126526,0.1066159531474113,0.0082078613340854,64,18508.0,3.660578766082474e+18,2425960192,196464128,8,0.0082078613340854,1592524800.0,2.407224128052182e+18,12171.0,3.1835859505465773,3.217363925996374,bin_2
config_898,896,15,14,0.0014130017952993,0.8083404302597046,0.9866657853126526,0.1066159531474113,0.0082078613340854,64,18508.0,3.660578766082474e+18,2425960192,196464128,8,3.328073526238408e-05,2424832000.0,3.660578766082474e+18,18508.0,3.098708197757846,3.130801964626938,bin_2
config_899,320,18,10,0.0525496788322925,0.9631528854370116,0.9664860367774964,0.252927303314209,7.020381599431857e-05,128,46097.0,4.69460987888468e+18,12084102144,41168000,16,7.020381599431857e-05,1599078400.0,6.198103070241482e+17,6086.0,2.210884545631096,2.2336211278399483,bin_3
config_899,320,18,10,0.0525496788322925,0.9631528854370116,0.9664860367774964,0.252927303314209,7.020381599431857e-05,128,46097.0,4.69460987888468e+18,12084102144,41168000,16,7.020381599431857e-05,3185049600.0,1.2395187720655452e+18,12171.0,1.977813609154498,1.998957317461733,bin_3
config_899,320,18,10,0.0525496788322925,0.9631528854370116,0.9664860367774964,0.252927303314209,7.020381599431857e-05,128,46097.0,4.69460987888468e+18,12084102144,41168000,16,7.020381599431857e-05,4784128000.0,1.8593290790896932e+18,18257.0,1.8940515298530705,1.914340806320065,bin_3
config_899,320,18,10,0.0525496788322925,0.9631528854370116,0.9664860367774964,0.252927303314209,7.020381599431857e-05,128,46097.0,4.69460987888468e+18,12084102144,41168000,16,7.020381599431857e-05,6383206400.0,2.4790375441310904e+18,24342.0,1.8481669040586128,1.8678629925211925,bin_3
config_899,320,18,10,0.0525496788322925,0.9631528854370116,0.9664860367774964,0.252927303314209,7.020381599431857e-05,128,46097.0,4.69460987888468e+18,12084102144,41168000,16,7.020381599431857e-05,7982284800.0,3.0988478511552384e+18,30428.0,1.818614450751758,1.8380169755513551,bin_3
config_899,320,18,10,0.0525496788322925,0.9631528854370116,0.9664860367774964,0.252927303314209,7.020381599431857e-05,128,46097.0,4.69460987888468e+18,12084102144,41168000,16,5.778763376768808e-05,9568256000.0,3.718658158179387e+18,36514.0,1.7919771551304176,1.812426748783862,bin_3
config_899,320,18,10,0.0525496788322925,0.9631528854370116,0.9664860367774964,0.252927303314209,7.020381599431857e-05,128,46097.0,4.69460987888468e+18,12084102144,41168000,16,2.1056929799479543e-05,11167334400.0,4.338366623220784e+18,42599.0,1.7672698187437217,1.7869306023785323,bin_3
config_899,320,18,10,0.0525496788322925,0.9631528854370116,0.9664860367774964,0.252927303314209,7.020381599431857e-05,128,46097.0,4.69460987888468e+18,12084102144,41168000,16,2.830070633615979e-07,12071731200.0,4.69460987888468e+18,46097.0,1.7581945459569086,1.7775964101807016,bin_3
config_9,1088,12,8,0.1977607160806656,0.8288569450378418,0.9649189114570618,0.0246883407235145,0.0019361430313438,64,9360.0,2.1003631393989427e+18,1226893952,231872384,8,0.0019361430313438,616038400.0,1.0501815696994714e+18,4680.0,2.0101042736628343,2.030849442734342,bin_2
config_9,1088,12,8,0.1977607160806656,0.8288569450378418,0.9649189114570618,0.0246883407235145,0.0019361430313438,64,9360.0,2.1003631393989427e+18,1226893952,231872384,8,8.381571564258935e-05,1225523200.0,2.1003631393989427e+18,9360.0,1.7958203892767584,1.813974328056425,bin_2
config_90,576,8,8,0.0523914918303489,0.822571337223053,0.9742922782897948,0.0195385888218879,0.0036483854055404,64,18412.0,1.1538413184552468e+18,2413356288,60819840,16,0.0036483854055404,1592524800.0,7.627309736540739e+17,12171.0,1.8457933295750224,1.8654448289949384,bin_1
config_90,576,8,8,0.0523914918303489,0.822571337223053,0.9742922782897948,0.0195385888218879,0.0036483854055404,64,18412.0,1.1538413184552468e+18,2413356288,60819840,16,0.0001219516012994,2411724800.0,1.1538413184552468e+18,18412.0,1.7538933363898856,1.7724709248542785,bin_1
config_900,320,19,10,0.0619152598083019,0.8146842122077942,0.9600401520729064,0.0437133908271789,0.0003112645936198,64,10946.0,5.806639812081254e+17,1434748288,42561280,16,0.0003112645936198,714342400.0,2.903319906040627e+17,5473.0,1.984627054480256,2.005952078748922,bin_1
config_900,320,19,10,0.0619152598083019,0.8146842122077942,0.9600401520729064,0.0437133908271789,0.0003112645936198,64,10946.0,5.806639812081254e+17,1434748288,42561280,16,2.99543332772244e-05,1428684800.0,5.806639812081254e+17,10946.0,1.840361138406347,1.8602676543642265,bin_1
config_901,1088,21,16,0.0039676246233284,0.9124966859817504,0.9928290843963624,0.2626529335975647,0.0007292329100891,64,24646.0,8.882732830239425e+18,3230401024,364749824,8,0.0007292329100891,1592524800.0,4.386583675924857e+18,12171.0,1.649804850484504,1.6670907652964355,bin_3
config_901,1088,21,16,0.0039676246233284,0.9124966859817504,0.9928290843963624,0.2626529335975647,0.0007292329100891,64,24646.0,8.882732830239425e+18,3230401024,364749824,8,3.33466617312532e-05,3191603200.0,8.773167351849715e+18,24342.0,1.523234447182202,1.5390817703966235,bin_3
config_901,1088,21,16,0.0039676246233284,0.9124966859817504,0.9928290843963624,0.2626529335975647,0.0007292329100891,64,24646.0,8.882732830239425e+18,3230401024,364749824,8,5.182251485262362e-06,3224371200.0,8.882732830239425e+18,24646.0,1.5222552247125594,1.538087841956342,bin_3
config_902,384,15,12,0.0602959245443344,0.8119219541549683,0.9831368327140808,0.0626044273376464,0.0003531480615492,32,5771.0,1.5758380271178547e+17,378217664,45860352,16,0.0003531480615492,190054400.0,7.877824827993434e+16,2885.0,2.202515504242944,2.2242844000800712,bin_0
config_902,384,15,12,0.0602959245443344,0.8119219541549683,0.9831368327140808,0.0626044273376464,0.0003531480615492,32,5771.0,1.5758380271178547e+17,378217664,45860352,16,2.0543239037493395e-05,376832000.0,1.5758380271178547e+17,5771.0,1.9819174364746597,2.001511428668851,bin_0
config_904,512,16,8,0.0024229753762483,0.8716394305229187,0.967993438243866,0.0954430326819419,1.289624378841836e-05,32,12130.0,5.4290186124322406e+17,794955968,80284672,16,1.289624378841836e-05,396492800.0,2.7145093062161203e+17,6065.0,2.8372801290574623,2.8668020013121307,bin_1
config_904,512,16,8,0.0024229753762483,0.8716394305229187,0.967993438243866,0.0954430326819419,1.289624378841836e-05,32,12130.0,5.4290186124322406e+17,794955968,80284672,16,3.343883436927835e-07,792985600.0,5.4290186124322406e+17,12130.0,2.579488611690333,2.606988779208699,bin_1
config_905,640,23,20,0.0159497242420911,0.9595053791999816,0.9198235869407654,0.1815916001796722,0.000242795314989,128,46860.0,1.5425565394320753e+19,12284142592,149025280,8,0.000242795314989,1599078400.0,2.003414233671278e+18,6086.0,1.7903292377659532,1.8101046884841607,bin_3
config_905,640,23,20,0.0159497242420911,0.9595053791999816,0.9198235869407654,0.1815916001796722,0.000242795314989,128,46860.0,1.5425565394320753e+19,12284142592,149025280,8,0.000242795314989,3185049600.0,4.006499283275243e+18,12171.0,1.6842310730355683,1.7022385029519191,bin_3
config_905,640,23,20,0.0159497242420911,0.9595053791999816,0.9198235869407654,0.1815916001796722,0.000242795314989,128,46860.0,1.5425565394320753e+19,12284142592,149025280,8,0.000242795314989,4784128000.0,6.009913516946521e+18,18257.0,1.640338954651942,1.6559286141590994,bin_3
config_905,640,23,20,0.0159497242420911,0.9595053791999816,0.9198235869407654,0.1815916001796722,0.000242795314989,128,46860.0,1.5425565394320753e+19,12284142592,149025280,8,0.000242795314989,6383206400.0,8.012998566550486e+18,24342.0,1.613560147695854,1.6284547558182576,bin_3
config_905,640,23,20,0.0159497242420911,0.9595053791999816,0.9198235869407654,0.1815916001796722,0.000242795314989,128,46860.0,1.5425565394320753e+19,12284142592,149025280,8,0.000242795314989,7982284800.0,1.0016412800221766e+19,30428.0,1.5950918022921827,1.6100862842114243,bin_3
config_905,640,23,20,0.0159497242420911,0.9595053791999816,0.9198235869407654,0.1815916001796722,0.000242795314989,128,46860.0,1.5425565394320753e+19,12284142592,149025280,8,0.000242795314989,9568256000.0,1.2019827033893042e+19,36514.0,1.5810195248635088,1.5957842757467364,bin_3
config_905,640,23,20,0.0159497242420911,0.9595053791999816,0.9198235869407654,0.1815916001796722,0.000242795314989,128,46860.0,1.5425565394320753e+19,12284142592,149025280,8,0.0001215545941771,11167334400.0,1.4022912083497007e+19,42599.0,1.547544958630546,1.5617281037862183,bin_3
config_905,640,23,20,0.0159497242420911,0.9595053791999816,0.9198235869407654,0.1815916001796722,0.000242795314989,128,46860.0,1.5425565394320753e+19,12284142592,149025280,8,2.853394229510508e-07,12281446400.0,1.5425565394320753e+19,46860.0,1.523298187588082,1.5367641090369617,bin_3
config_906,832,9,16,0.0265969093888998,0.8514686822891235,0.9224408268928528,0.2924539744853973,0.0004402289341669,64,10715.0,1.2571831003563786e+18,1404563072,118523392,16,0.0004402289341669,701235200.0,6.285328855444817e+17,5357.0,1.8793121239787245,1.8987480147158515,bin_1
config_906,832,9,16,0.0265969093888998,0.8514686822891235,0.9224408268928528,0.2924539744853973,0.0004402289341669,64,10715.0,1.2571831003563786e+18,1404563072,118523392,16,2.1077031639017783e-06,1402470400.0,1.2571831003563786e+18,10715.0,1.7274274860444616,1.7454068113545902,bin_1
config_907,320,23,16,0.0097256647422909,0.9081318378448486,0.9386274814605712,0.2082128822803497,0.0039371796883642,64,10314.0,6.348592420002202e+17,1351927808,48134400,16,0.0039371796883642,675020800.0,3.174296210001101e+17,5157.0,1.978496525053118,2.000366626802038,bin_1
config_907,320,23,16,0.0097256647422909,0.9081318378448486,0.9386274814605712,0.2082128822803497,0.0039371796883642,64,10314.0,6.348592420002202e+17,1351927808,48134400,16,2.567327230419171e-05,1350041600.0,6.348592420002202e+17,10314.0,1.823615324966243,1.843172103225208,bin_1
config_909,704,23,16,0.0089489771053195,0.8035682439804077,0.9762145280838012,0.2080814242362976,0.0009990376420319,32,4210.0,4.0858630403272704e+17,275925184,180508416,8,0.0009990376420319,137625600.0,2.0429315201636352e+17,2105.0,2.171069276547823,2.194128928673072,bin_0
config_909,704,23,16,0.0089489771053195,0.8035682439804077,0.9762145280838012,0.2080814242362976,0.0009990376420319,32,4210.0,4.0858630403272704e+17,275925184,180508416,8,1.1404539292601691e-05,275251200.0,4.0858630403272704e+17,4210.0,1.9313720324391224,1.9518927791470384,bin_0
config_91,384,4,24,0.0072565493173897,0.8237177729606628,0.9752535820007324,0.049342293292284,3.632531297625974e-05,128,44934.0,2.309386371131769e+18,11779321856,26387712,16,3.632531297625974e-05,1599078400.0,3.127904360775347e+17,6086.0,2.6677951161587825,2.695459803909552,bin_2
config_91,384,4,24,0.0072565493173897,0.8237177729606628,0.9752535820007324,0.049342293292284,3.632531297625974e-05,128,44934.0,2.309386371131769e+18,11779321856,26387712,16,3.632531297625974e-05,3185049600.0,6.255294770784876e+17,12171.0,2.376553446074001,2.4013122595333662,bin_2
config_91,384,4,24,0.0072565493173897,0.8237177729606628,0.9752535820007324,0.049342293292284,3.632531297625974e-05,128,44934.0,2.309386371131769e+18,11779321856,26387712,16,3.632531297625974e-05,4784128000.0,9.383199131560224e+17,18257.0,2.222799002420707,2.2457774954545693,bin_2
config_91,384,4,24,0.0072565493173897,0.8237177729606628,0.9752535820007324,0.049342293292284,3.632531297625974e-05,128,44934.0,2.309386371131769e+18,11779321856,26387712,16,3.632531297625974e-05,6383206400.0,1.251058954156975e+18,24342.0,2.146008228591231,2.1683799621707105,bin_2
config_91,384,4,24,0.0072565493173897,0.8237177729606628,0.9752535820007324,0.049342293292284,3.632531297625974e-05,128,44934.0,2.309386371131769e+18,11779321856,26387712,16,3.632531297625974e-05,7982284800.0,1.5638493902345098e+18,30428.0,2.0934580124010806,2.115689373250868,bin_2
config_91,384,4,24,0.0072565493173897,0.8237177729606628,0.9752535820007324,0.049342293292284,3.632531297625974e-05,128,44934.0,2.309386371131769e+18,11779321856,26387712,16,3.632531297625974e-05,9568256000.0,1.8766398263120443e+18,36514.0,2.0566774151755163,2.079674453031821,bin_2
config_91,384,4,24,0.0072565493173897,0.8237177729606628,0.9752535820007324,0.049342293292284,3.632531297625974e-05,128,44934.0,2.309386371131769e+18,11779321856,26387712,16,3.632531297625974e-05,11167334400.0,2.189378867312997e+18,42599.0,2.0301188041733917,2.0527573596454056,bin_2
config_91,384,4,24,0.0072565493173897,0.8237177729606628,0.9752535820007324,0.049342293292284,3.632531297625974e-05,128,44934.0,2.309386371131769e+18,11779321856,26387712,16,5.570864416747087e-07,11770265600.0,2.309386371131769e+18,44934.0,2.014437996364031,2.0369637592112437,bin_2
config_910,256,15,16,0.0037310416810214,0.9141076803207396,0.9783654808998108,0.2286978214979171,0.0009572403505444,64,13555.0,4.411124009710387e+17,1776712960,25658368,16,0.0004339860253355,1592524800.0,3.960737021186656e+17,12171.0,1.8784463365351567,1.898431047572464,bin_0
config_910,256,15,16,0.0037310416810214,0.9141076803207396,0.9783654808998108,0.2286978214979171,0.0009572403505444,64,13555.0,4.411124009710387e+17,1776712960,25658368,16,1.5444342538633617e-06,1776025600.0,4.411124009710387e+17,13555.0,1.8493832620245512,1.869099298031604,bin_0
config_911,704,18,8,0.0141069274395704,0.9357550144195556,0.9593930840492249,0.1959232687950134,0.0058846282772719,64,53662.0,8.475836456882995e+18,7033633280,148962176,8,0.0058846282772719,1592524800.0,1.922392112048059e+18,12171.0,1.7566781043029225,1.7745013030044368,bin_3
config_911,704,18,8,0.0141069274395704,0.9357550144195556,0.9593930840492249,0.1959232687950134,0.0058846282772719,64,53662.0,8.475836456882995e+18,7033633280,148962176,8,0.0058846282772719,3191603200.0,3.844784224096118e+18,24342.0,1.7053059588103998,1.7228724038405496,bin_3
config_911,704,18,8,0.0141069274395704,0.9357550144195556,0.9593930840492249,0.1959232687950134,0.0058846282772719,64,53662.0,8.475836456882995e+18,7033633280,148962176,8,0.0058846282772719,4784128000.0,5.767334284719648e+18,36514.0,1.6859018817104277,1.7011130921567073,bin_3
config_911,704,18,8,0.0141069274395704,0.9357550144195556,0.9593930840492249,0.1959232687950134,0.0058846282772719,64,53662.0,8.475836456882995e+18,7033633280,148962176,8,0.002777468421176,6383206400.0,7.689726396767706e+18,48685.0,1.6168475666397908,1.6313937214945184,bin_3
config_911,704,18,8,0.0141069274395704,0.9357550144195556,0.9593930840492249,0.1959232687950134,0.0058846282772719,64,53662.0,8.475836456882995e+18,7033633280,148962176,8,6.7169732071974825e-06,7032012800.0,8.475836456882995e+18,53662.0,1.5552900203231903,1.568443349169903,bin_3
config_912,384,11,16,0.0351026207208633,0.8047528862953186,0.9364473819732666,0.2826704680919647,0.0008135490934364,32,7361.0,1.6230696441738854e+17,482435616,38779392,16,0.0008135490934364,242483200.0,8.114245741828418e+16,3680.0,2.143975178022853,2.164930452362436,bin_0
config_912,384,11,16,0.0351026207208633,0.8047528862953186,0.9364473819732666,0.2826704680919647,0.0008135490934364,32,7361.0,1.6230696441738854e+17,482435616,38779392,16,4.302423090288905e-06,481689600.0,1.6230696441738854e+17,7361.0,1.9582558698732344,1.9781804751959,bin_0
config_913,384,21,16,0.0284976325929164,0.9427454471588136,0.9698325991630554,0.1457437574863433,0.0007241757703013,64,7827.0,5.509265788667658e+17,1025986496,56481792,16,0.0007241757703013,511180800.0,2.7542809545236422e+17,3913.0,1.9707172211271815,1.9917167089415375,bin_1
config_913,384,21,16,0.0284976325929164,0.9427454471588136,0.9698325991630554,0.1457437574863433,0.0007241757703013,64,7827.0,5.509265788667658e+17,1025986496,56481792,16,1.7151531401874624e-05,1022361600.0,5.509265788667658e+17,7827.0,1.803630271700562,1.8229179582439483,bin_1
config_914,576,16,12,0.0711459368467331,0.9285281896591188,0.9474552273750304,0.2731716334819793,3.684003968373872e-05,32,12133.0,6.221969886025728e+17,795184960,92679552,16,3.684003968373872e-05,396492800.0,3.1107285361107776e+17,6066.0,2.415879484903617,2.441150486664694,bin_1
config_914,576,16,12,0.0711459368467331,0.9285281896591188,0.9474552273750304,0.2731716334819793,3.684003968373872e-05,32,12133.0,6.221969886025728e+17,795184960,92679552,16,3.668440885827988e-07,792985600.0,6.221969886025728e+17,12133.0,2.157021729164436,2.17949727973,bin_1
config_915,704,15,16,0.0105921793729066,0.9516540765762328,0.9355549812316896,0.0227183643728494,7.197462400654331e-05,64,48458.0,6.603107320532828e+18,6351595520,130034432,8,7.197462400654331e-05,1592524800.0,1.658475776924451e+18,12171.0,1.8682682209327568,1.88860192476726,bin_3
config_915,704,15,16,0.0105921793729066,0.9516540765762328,0.9355549812316896,0.0227183643728494,7.197462400654331e-05,64,48458.0,6.603107320532828e+18,6351595520,130034432,8,7.197462400654331e-05,3191603200.0,3.316951553848902e+18,24342.0,1.7530680035567674,1.7718690747706616,bin_3
config_915,704,15,16,0.0105921793729066,0.9516540765762328,0.9355549812316896,0.0227183643728494,7.197462400654331e-05,64,48458.0,6.603107320532828e+18,6351595520,130034432,8,7.197462400654331e-05,4784128000.0,4.975563595318331e+18,36514.0,1.7019073508411158,1.7182957201707558,bin_3
config_915,704,15,16,0.0105921793729066,0.9516540765762328,0.9355549812316896,0.0227183643728494,7.197462400654331e-05,64,48458.0,6.603107320532828e+18,6351595520,130034432,8,5.234518109566708e-07,6350438400.0,6.603107320532828e+18,48458.0,1.648048387941767,1.6636497581591372,bin_3
config_916,832,18,16,0.0390662997961044,0.9717226028442384,0.912940800189972,0.2510578036308288,0.0034470250830054,32,5325.0,5.37168990518784e+17,349001760,195215488,8,0.0034470250830054,173670400.0,2.685340568565264e+17,2662.0,3.479729455768085,3.5114024648510043,bin_0
config_916,832,18,16,0.0390662997961044,0.9717226028442384,0.912940800189972,0.2510578036308288,0.0034470250830054,32,5325.0,5.37168990518784e+17,349001760,195215488,8,6.450271487659859e-05,347340800.0,5.37168990518784e+17,5325.0,3.326939323261136,3.362643587472009,bin_0
config_917,640,11,20,0.0020622315350919,0.8433573842048645,0.9570168852806092,0.1839313805103302,1.4362096408149227e-05,64,15651.0,1.438672085753856e+18,2051449600,88061440,16,1.4362096408149227e-05,1592524800.0,1.1187833336981778e+18,12171.0,2.3590254679273386,2.3835344655005657,bin_1
config_917,640,11,20,0.0020622315350919,0.8433573842048645,0.9570168852806092,0.1839313805103302,1.4362096408149227e-05,64,15651.0,1.438672085753856e+18,2051449600,88061440,16,4.990304519855815e-09,2051276800.0,1.438672085753856e+18,15651.0,2.275866238562787,2.299902768330496,bin_1
config_918,1152,10,24,0.0104153845459222,0.8295677304267883,0.9764506816864014,0.1681028604507446,0.0002709760738071,64,37576.0,7.81209669919703e+18,4925209600,217195776,8,0.0002709760738071,1592524800.0,2.5303658964745334e+18,12171.0,1.7326172168137597,1.7505610047598354,bin_3
config_918,1152,10,24,0.0104153845459222,0.8295677304267883,0.9764506816864014,0.1681028604507446,0.0002709760738071,64,37576.0,7.81209669919703e+18,4925209600,217195776,8,0.0002709760738071,3191603200.0,5.060731792949067e+18,24342.0,1.641720351996969,1.6592796899647009,bin_3
config_918,1152,10,24,0.0104153845459222,0.8295677304267883,0.9764506816864014,0.1681028604507446,0.0002709760738071,64,37576.0,7.81209669919703e+18,4925209600,217195776,8,4.616375164921555e-05,4784128000.0,7.591305590655747e+18,36514.0,1.5614197733558592,1.5762100801897831,bin_3
config_918,1152,10,24,0.0104153845459222,0.8295677304267883,0.9764506816864014,0.1681028604507446,0.0002709760738071,64,37576.0,7.81209669919703e+18,4925209600,217195776,8,1.1154809878063249e-06,4921753600.0,7.81209669919703e+18,37576.0,1.5550535518614972,1.5699451029105265,bin_3
config_919,384,14,12,0.0232007578015327,0.8974153399467468,0.9186419248580932,0.0643006712198257,0.000231892656302,64,9588.0,4.984565327582331e+17,1256841984,44090112,16,0.000231892656302,629145600.0,2.492282663791165e+17,4794.0,2.0446906450537385,2.065339032040268,bin_0
config_919,384,14,12,0.0232007578015327,0.8974153399467468,0.9186419248580932,0.0643006712198257,0.000231892656302,64,9588.0,4.984565327582331e+17,1256841984,44090112,16,1.4305066460193215e-05,1251737600.0,4.984565327582331e+17,9588.0,1.886378397277144,1.906711630391293,bin_0
config_92,768,10,16,0.0375810004770755,0.8442776203155518,0.9599568247795104,0.0991046950221061,8.73399039846845e-05,64,52040.0,5.764395493275992e+18,6821016064,109407744,16,8.73399039846845e-05,1592524800.0,1.348164057430094e+18,12171.0,1.8710159453407664,1.891470203165148,bin_3
config_92,768,10,16,0.0375810004770755,0.8442776203155518,0.9599568247795104,0.0991046950221061,8.73399039846845e-05,64,52040.0,5.764395493275992e+18,6821016064,109407744,16,8.73399039846845e-05,3191603200.0,2.696328114860188e+18,24342.0,1.7611123038510808,1.7806006020014404,bin_3
config_92,768,10,16,0.0375810004770755,0.8442776203155518,0.9599568247795104,0.0991046950221061,8.73399039846845e-05,64,52040.0,5.764395493275992e+18,6821016064,109407744,16,8.73399039846845e-05,4784128000.0,4.044602940843189e+18,36514.0,1.712959878952777,1.7304735075841184,bin_3
config_92,768,10,16,0.0375810004770755,0.8442776203155518,0.9599568247795104,0.0991046950221061,8.73399039846845e-05,64,52040.0,5.764395493275992e+18,6821016064,109407744,16,5.656685656560912e-05,6383206400.0,5.392766998273283e+18,48685.0,1.6713314591079462,1.687802526051881,bin_3
config_92,768,10,16,0.0375810004770755,0.8442776203155518,0.9599568247795104,0.0991046950221061,8.73399039846845e-05,64,52040.0,5.764395493275992e+18,6821016064,109407744,16,6.774473840192696e-07,6815744000.0,5.764395493275992e+18,52040.0,1.6461309266872093,1.6624247793682283,bin_3
config_920,512,4,16,0.0017767241224646,0.9794244170188904,0.906497359275818,0.2044852375984192,0.000137936687679,128,39645.0,2.978307857197302e+18,10392895488,39377920,16,0.000137936687679,1599078400.0,4.5720725485944704e+17,6086.0,2.046617790089279,2.068700529317387,bin_2
config_920,512,4,16,0.0017767241224646,0.9794244170188904,0.906497359275818,0.2044852375984192,0.000137936687679,128,39645.0,2.978307857197302e+18,10392895488,39377920,16,0.000137936687679,3185049600.0,9.14339385293186e+17,12171.0,1.9063788894747125,1.9276820965282253,bin_2
config_920,512,4,16,0.0017767241224646,0.9794244170188904,0.906497359275818,0.2044852375984192,0.000137936687679,128,39645.0,2.978307857197302e+18,10392895488,39377920,16,0.000137936687679,4784128000.0,1.371546640152633e+18,18257.0,1.856328025294132,1.8765901554998805,bin_2
config_920,512,4,16,0.0017767241224646,0.9794244170188904,0.906497359275818,0.2044852375984192,0.000137936687679,128,39645.0,2.978307857197302e+18,10392895488,39377920,16,0.000137936687679,6383206400.0,1.828678770586372e+18,24342.0,1.8272932629897949,1.8471426793395496,bin_2
config_920,512,4,16,0.0017767241224646,0.9794244170188904,0.906497359275818,0.2044852375984192,0.000137936687679,128,39645.0,2.978307857197302e+18,10392895488,39377920,16,0.000137936687679,7982284800.0,2.2858860254458191e+18,30428.0,1.807838528586216,1.827887375862872,bin_2
config_920,512,4,16,0.0017767241224646,0.9794244170188904,0.906497359275818,0.2044852375984192,0.000137936687679,128,39645.0,2.978307857197302e+18,10392895488,39377920,16,5.351725669264118e-05,9568256000.0,2.743093280305266e+18,36514.0,1.7766420856069345,1.7974071974441654,bin_2
config_920,512,4,16,0.0017767241224646,0.9794244170188904,0.906497359275818,0.2044852375984192,0.000137936687679,128,39645.0,2.978307857197302e+18,10392895488,39377920,16,7.657477110235053e-07,10380902400.0,2.978307857197302e+18,39645.0,1.7644396843675707,1.7848915903685525,bin_2
config_922,256,5,16,0.0042797313071787,0.807597815990448,0.9194815158843994,0.0186186265200376,3.944282434531488e-05,32,7234.0,6.364985431130112e+16,474143360,17133568,16,3.944282434531488e-05,235929600.0,3.182492715565056e+16,3617.0,3.04068868809059,3.072733374658178,bin_0
config_922,256,5,16,0.0042797313071787,0.807597815990448,0.9194815158843994,0.0186186265200376,3.944282434531488e-05,32,7234.0,6.364985431130112e+16,474143360,17133568,16,1.0007880804035115e-05,471859200.0,6.364985431130112e+16,7234.0,2.80896415061638,2.8382363517167137,bin_0
config_924,1088,11,8,0.042415764182806,0.9024237394332886,0.9572706818580629,0.0541356354951858,0.0023029716685414,32,4609.0,4.823455537960428e+17,302103264,217108224,8,0.0023029716685414,150732800.0,2.411204504113869e+17,2304.0,3.260709252513823,3.296168601278399,bin_0
config_924,1088,11,8,0.042415764182806,0.9024237394332886,0.9572706818580629,0.0541356354951858,0.0023029716685414,32,4609.0,4.823455537960428e+17,302103264,217108224,8,8.323993982679856e-05,301465600.0,4.823455537960428e+17,4609.0,3.1167880156001107,3.1500804963659066,bin_0
config_925,960,4,12,0.0129958419129252,0.8705670237541199,0.9198662042617798,0.1787852942943573,0.0010649096220731,32,6056.0,2.5777495220852736e+17,396950496,92511360,16,0.0010649096220731,199884800.0,1.2888747610426368e+17,3028.0,2.1251779764988386,2.147139263270331,bin_0
config_925,960,4,12,0.0129958419129252,0.8705670237541199,0.9198662042617798,0.1787852942943573,0.0010649096220731,32,6056.0,2.5777495220852736e+17,396950496,92511360,16,5.905228957891985e-06,396492800.0,2.5777495220852736e+17,6056.0,1.928566180526233,1.9489948545127616,bin_0
config_927,832,17,16,0.0146056618541479,0.878537118434906,0.9482313990592957,0.2072706967592239,8.880994573701173e-05,64,10960.0,2.1083392521450452e+18,1436596608,186694144,8,8.880994573701173e-05,720896000.0,1.0541696260725228e+18,5480.0,1.9613085924601945,1.9824468254652177,bin_2
config_927,832,17,16,0.0146056618541479,0.878537118434906,0.9482313990592957,0.2072706967592239,8.880994573701173e-05,64,10960.0,2.1083392521450452e+18,1436596608,186694144,8,3.910609675782117e-07,1435238400.0,2.1083392521450452e+18,10960.0,1.792216110952565,1.811475041948381,bin_2
config_928,1152,22,6,0.040966048836708,0.8933812975883484,0.9452843070030212,0.0898672565817833,0.0011832199525088,128,53568.0,4.314610606352656e+19,14042663936,408326400,8,0.0011832199525088,1599078400.0,4.90194148563737e+18,6086.0,1.6814990166757928,1.6996976032608846,bin_3
config_928,1152,22,6,0.040966048836708,0.8933812975883484,0.9452843070030212,0.0898672565817833,0.0011832199525088,128,53568.0,4.314610606352656e+19,14042663936,408326400,8,0.0011832199525088,3185049600.0,9.803077525746373e+18,12171.0,1.5979365394349958,1.6142527679928014,bin_3
config_928,1152,22,6,0.040966048836708,0.8933812975883484,0.9452843070030212,0.0898672565817833,0.0011832199525088,128,53568.0,4.314610606352656e+19,14042663936,408326400,8,0.0011832199525088,4784128000.0,1.4705019011383745e+19,18257.0,1.562964804524281,1.5772770914093392,bin_3
config_928,1152,22,6,0.040966048836708,0.8933812975883484,0.9452843070030212,0.0898672565817833,0.0011832199525088,128,53568.0,4.314610606352656e+19,14042663936,408326400,8,0.0011832199525088,6383206400.0,1.9606155051492745e+19,24342.0,1.5423852987758448,1.5565357163108764,bin_3
config_928,1152,22,6,0.040966048836708,0.8933812975883484,0.9452843070030212,0.0898672565817833,0.0011832199525088,128,53568.0,4.314610606352656e+19,14042663936,408326400,8,0.0011832199525088,7982284800.0,2.4508096537130115e+19,30428.0,1.5295996126483695,1.5432255810010629,bin_3
config_928,1152,22,6,0.040966048836708,0.8933812975883484,0.9452843070030212,0.0898672565817833,0.0011832199525088,128,53568.0,4.314610606352656e+19,14042663936,408326400,8,0.0011832199525088,9568256000.0,2.941003802276749e+19,36514.0,1.519593997822433,1.5328025695535004,bin_3
config_928,1152,22,6,0.040966048836708,0.8933812975883484,0.9452843070030212,0.0898672565817833,0.0011832199525088,128,53568.0,4.314610606352656e+19,14042663936,408326400,8,0.0011832199525088,11167334400.0,3.431117406287649e+19,42599.0,1.5124772730225422,1.5249740794447602,bin_3
config_928,1152,22,6,0.040966048836708,0.8933812975883484,0.9452843070030212,0.0898672565817833,0.0011832199525088,128,53568.0,4.314610606352656e+19,14042663936,408326400,8,0.0011832199525088,12766412800.0,3.921311554851386e+19,48685.0,1.5053661729468677,1.5192105637710602,bin_3
config_928,1152,22,6,0.040966048836708,0.8933812975883484,0.9452843070030212,0.0898672565817833,0.0011832199525088,128,53568.0,4.314610606352656e+19,14042663936,408326400,8,4.424170989854271e-06,14037811200.0,4.314610606352656e+19,53568.0,1.42780724052523,1.4393920409093135,bin_3
config_929,256,17,16,0.0420360825955867,0.8865866661071777,0.9066233038902284,0.1935167014598846,0.0056492346338927,32,3783.0,6.721731725021184e+16,247960304,27363328,16,0.0056492346338927,124518400.0,3.359977449647121e+16,1891.0,2.7510907378743905,2.7802428352637367,bin_0
config_929,256,17,16,0.0420360825955867,0.8865866661071777,0.9066233038902284,0.1935167014598846,0.0056492346338927,32,3783.0,6.721731725021184e+16,247960304,27363328,16,0.0002546786105443,245760000.0,6.721731725021184e+16,3783.0,2.369067018970114,2.393351616820351,bin_0
config_93,384,19,8,0.0055541303008794,0.8296937942504883,0.9508715271949768,0.2014370411634445,1.4202274542185478e-05,32,3713.0,1.2090755093866906e+17,243341088,52941312,16,1.4202274542185478e-05,121241600.0,6.04374938169054e+16,1856.0,3.3552332674870726,3.3915366945892083,bin_0
config_93,384,19,8,0.0055541303008794,0.8296937942504883,0.9508715271949768,0.2014370411634445,1.4202274542185478e-05,32,3713.0,1.2090755093866906e+17,243341088,52941312,16,2.471614043486076e-07,242483200.0,1.2090755093866906e+17,3713.0,3.1108293229243795,3.1434428533960563,bin_0
config_930,1152,9,18,0.0281097628176212,0.9671726822853088,0.9874879717826844,0.037679299712181,0.0003100031754001,32,8863.0,8.493835932564849e+17,580861696,201268224,8,0.0003100031754001,291635200.0,4.246438792417335e+17,4431.0,1.960355741762724,1.9802793250904709,bin_1
config_930,1152,9,18,0.0281097628176212,0.9671726822853088,0.9874879717826844,0.037679299712181,0.0003100031754001,32,8863.0,8.493835932564849e+17,580861696,201268224,8,1.2102226066674388e-05,579993600.0,8.493835932564849e+17,8863.0,1.792697706750182,1.811841677427292,bin_1
config_931,832,10,8,0.1750494539737701,0.820957362651825,0.9554890990257264,0.2386589646339416,2.700371805985924e-05,128,41280.0,1.0460335521459732e+19,10821381120,127044736,16,2.700371805985924e-05,1599078400.0,1.542189970533041e+18,6086.0,2.190225172238272,2.2128597764890703,bin_3
config_931,832,10,8,0.1750494539737701,0.820957362651825,0.9554890990257264,0.2386589646339416,2.700371805985924e-05,128,41280.0,1.0460335521459732e+19,10821381120,127044736,16,2.700371805985924e-05,3185049600.0,3.084126541465272e+18,12171.0,1.956917805828032,1.97807630738274,bin_3
config_931,832,10,8,0.1750494539737701,0.820957362651825,0.9554890990257264,0.2386589646339416,2.700371805985924e-05,128,41280.0,1.0460335521459732e+19,10821381120,127044736,16,2.700371805985924e-05,4784128000.0,4.626316511998312e+18,18257.0,1.8639906620197608,1.882854693561304,bin_3
config_931,832,10,8,0.1750494539737701,0.820957362651825,0.9554890990257264,0.2386589646339416,2.700371805985924e-05,128,41280.0,1.0460335521459732e+19,10821381120,127044736,16,2.700371805985924e-05,6383206400.0,6.168253082930543e+18,24342.0,1.8097762637451047,1.8276096425290969,bin_3
config_931,832,10,8,0.1750494539737701,0.820957362651825,0.9554890990257264,0.2386589646339416,2.700371805985924e-05,128,41280.0,1.0460335521459732e+19,10821381120,127044736,16,2.700371805985924e-05,7982284800.0,7.710443053463584e+18,30428.0,1.7724128036420854,1.7901083282564507,bin_3
config_931,832,10,8,0.1750494539737701,0.820957362651825,0.9554890990257264,0.2386589646339416,2.700371805985924e-05,128,41280.0,1.0460335521459732e+19,10821381120,127044736,16,1.3103012113097876e-05,9568256000.0,9.252633023996625e+18,36514.0,1.7359975099954448,1.7541855717877872,bin_3
config_931,832,10,8,0.1750494539737701,0.820957362651825,0.9554890990257264,0.2386589646339416,2.700371805985924e-05,128,41280.0,1.0460335521459732e+19,10821381120,127044736,16,8.223647769726727e-08,10813440000.0,1.0460335521459732e+19,41280.0,1.7195103678937818,1.7372389828963355,bin_3
config_933,320,22,16,0.0389739871025085,0.8672309517860413,0.9578651785850524,0.0846775770187377,0.0004463092191144,32,5527.0,1.642444004772864e+17,362270240,46741120,16,0.0004463092191144,180224000.0,8.210734187058845e+16,2763.0,2.2817637944221496,2.3039691891044867,bin_0
config_933,320,22,16,0.0389739871025085,0.8672309517860413,0.9578651785850524,0.0846775770187377,0.0004463092191144,32,5527.0,1.642444004772864e+17,362270240,46741120,16,2.5748608795066305e-05,360448000.0,1.642444004772864e+17,5527.0,2.0358568236085235,2.055793950205944,bin_0
config_934,832,21,16,0.0064679570496082,0.9427167773246764,0.9213820695877076,0.1144028678536415,0.0006442559533752,64,33161.0,7.623213347268919e+18,4346548736,220779520,8,0.0006442559533752,1592524800.0,2.7979291833663043e+18,12171.0,1.718580218319033,1.7358123620611725,bin_3
config_934,832,21,16,0.0064679570496082,0.9427167773246764,0.9213820695877076,0.1144028678536415,0.0006442559533752,64,33161.0,7.623213347268919e+18,4346548736,220779520,8,0.0006442559533752,3191603200.0,5.595858366732609e+18,24342.0,1.6465527847751242,1.6633982859087773,bin_3
config_934,832,21,16,0.0064679570496082,0.9427167773246764,0.9213820695877076,0.1144028678536415,0.0006442559533752,64,33161.0,7.623213347268919e+18,4346548736,220779520,8,1.868393220966994e-06,4345036800.0,7.623213347268919e+18,33161.0,1.558918613723067,1.5758339536190034,bin_3
config_935,896,23,14,0.0582132264971733,0.92836332321167,0.9909638166427612,0.1182259991765022,0.0021597412414848,64,11362.0,3.231028033722188e+18,1489280768,277218816,8,0.0021597412414848,747110400.0,1.615514016861094e+18,5681.0,3.2080519553090707,3.2398415992689915,bin_2
config_935,896,23,14,0.0582132264971733,0.92836332321167,0.9909638166427612,0.1182259991765022,0.0021597412414848,64,11362.0,3.231028033722188e+18,1489280768,277218816,8,1.929776239599284e-05,1487667200.0,3.231028033722188e+18,11362.0,3.05612717691015,3.088449210573416,bin_2
config_936,640,16,20,0.0453273095190525,0.8921410441398621,0.946416437625885,0.1225025504827499,0.0005639160517603,64,32242.0,3.940077923749724e+18,4226146816,113463040,8,0.0005639160517603,1592524800.0,1.4873360340536532e+18,12171.0,1.7678716472914962,1.786648404637321,bin_2
config_936,640,16,20,0.0453273095190525,0.8921410441398621,0.946416437625885,0.1225025504827499,0.0005639160517603,64,32242.0,3.940077923749724e+18,4226146816,113463040,8,0.0005639160517603,3191603200.0,2.9746720681073065e+18,24342.0,1.7056532847685892,1.7239031671500598,bin_2
config_936,640,16,20,0.0453273095190525,0.8921410441398621,0.946416437625885,0.1225025504827499,0.0005639160517603,64,32242.0,3.940077923749724e+18,4226146816,113463040,8,5.997587787777425e-06,4220518400.0,3.940077923749724e+18,32242.0,1.615393767669553,1.6329561908127832,bin_2
config_937,512,16,16,0.0219347365200519,0.8255900740623474,0.9345985651016236,0.1536719501018524,0.0011180402943864,64,50421.0,4.513402292424671e+18,6608848384,80284672,16,0.0011180402943864,1592524800.0,1.0894789730687744e+18,12171.0,1.811145176105812,1.829394513270894,bin_3
config_937,512,16,16,0.0219347365200519,0.8255900740623474,0.9345985651016236,0.1536719501018524,0.0011180402943864,64,50421.0,4.513402292424671e+18,6608848384,80284672,16,0.0011180402943864,3191603200.0,2.1789579461375488e+18,24342.0,1.746941291543304,1.7659646789363173,bin_3
config_937,512,16,16,0.0219347365200519,0.8255900740623474,0.9345985651016236,0.1536719501018524,0.0011180402943864,64,50421.0,4.513402292424671e+18,6608848384,80284672,16,0.0011180402943864,4784128000.0,3.2685264335414697e+18,36514.0,1.7223098453146513,1.7391875707907756,bin_3
config_937,512,16,16,0.0219347365200519,0.8255900740623474,0.9345985651016236,0.1536719501018524,0.0011180402943864,64,50421.0,4.513402292424671e+18,6608848384,80284672,16,0.0002483411650282,6383206400.0,4.358005406610244e+18,48685.0,1.6444979106402788,1.659874602067666,bin_3
config_937,512,16,16,0.0219347365200519,0.8255900740623474,0.9345985651016236,0.1536719501018524,0.0011180402943864,64,50421.0,4.513402292424671e+18,6608848384,80284672,16,3.0303105552549094e-06,6606028800.0,4.513402292424671e+18,50421.0,1.6280990519289111,1.643065017246809,bin_3
config_939,1088,20,16,0.0057392450980842,0.8282347917556763,0.9159026741981506,0.1805349886417389,0.0094487043097615,64,12686.0,4.3806675014609633e+18,1662858368,349985664,8,0.0022115744585293,1592524800.0,4.202830219161389e+18,12171.0,3.0518972477756563,3.082818910098467,bin_2
config_939,1088,20,16,0.0057392450980842,0.8282347917556763,0.9159026741981506,0.1805349886417389,0.0094487043097615,64,12686.0,4.3806675014609633e+18,1662858368,349985664,8,0.0001485385830355,1658060800.0,4.3806675014609633e+18,12686.0,3.0242964272030064,3.0548573477541816,bin_2
config_94,896,7,8,0.0011437655193731,0.8389226794242859,0.9393162727355956,0.1194719225168228,0.003972927108407,128,49528.0,1.1014142775148413e+19,12983527424,115709440,16,0.003972927108407,1599078400.0,1.3534177218856655e+18,6086.0,1.7410359890343714,1.7584748922410558,bin_3
config_94,896,7,8,0.0011437655193731,0.8389226794242859,0.9393162727355956,0.1194719225168228,0.003972927108407,128,49528.0,1.1014142775148413e+19,12983527424,115709440,16,0.003972927108407,3185049600.0,2.706613061628399e+18,12171.0,1.6723905694289285,1.6891318650714686,bin_3
config_94,896,7,8,0.0011437655193731,0.8389226794242859,0.9393162727355956,0.1194719225168228,0.003972927108407,128,49528.0,1.1014142775148413e+19,12983527424,115709440,16,0.003972927108407,4784128000.0,4.060030783514064e+18,18257.0,1.6446527346235806,1.6587099303573858,bin_3
config_94,896,7,8,0.0011437655193731,0.8389226794242859,0.9393162727355956,0.1194719225168228,0.003972927108407,128,49528.0,1.1014142775148413e+19,12983527424,115709440,16,0.003972927108407,6383206400.0,5.413226123256798e+18,24342.0,1.627098391564166,1.6411776130316686,bin_3
config_94,896,7,8,0.0011437655193731,0.8389226794242859,0.9393162727355956,0.1194719225168228,0.003972927108407,128,49528.0,1.1014142775148413e+19,12983527424,115709440,16,0.003972927108407,7982284800.0,6.766643845142463e+18,30428.0,1.616110245477958,1.6289917887234298,bin_3
config_94,896,7,8,0.0011437655193731,0.8389226794242859,0.9393162727355956,0.1194719225168228,0.003972927108407,128,49528.0,1.1014142775148413e+19,12983527424,115709440,16,0.003972927108407,9568256000.0,8.120061567028129e+18,36514.0,1.605949707070335,1.6187318025260675,bin_3
config_94,896,7,8,0.0011437655193731,0.8389226794242859,0.9393162727355956,0.1194719225168228,0.003972927108407,128,49528.0,1.1014142775148413e+19,12983527424,115709440,16,0.003972927108407,11167334400.0,9.473256906770862e+18,42599.0,1.5983574373995673,1.611129092662061,bin_3
config_94,896,7,8,0.0011437655193731,0.8389226794242859,0.9393162727355956,0.1194719225168228,0.003972927108407,128,49528.0,1.1014142775148413e+19,12983527424,115709440,16,0.000555954646909,12766412800.0,1.0826674628656527e+19,48685.0,1.5523533597148833,1.5643753007591747,bin_3
config_94,896,7,8,0.0011437655193731,0.8389226794242859,0.9393162727355956,0.1194719225168228,0.003972927108407,128,49528.0,1.1014142775148413e+19,12983527424,115709440,16,1.880039868774625e-05,12976128000.0,1.1014142775148413e+19,49528.0,1.543992280999168,1.558912298952947,bin_3
config_940,384,11,12,0.0703652575612068,0.883891761302948,0.9041836261749268,0.2584390342235565,0.0005807465058751,32,3574.0,7.881189666729984e+16,234257760,38779392,16,0.0005807465058751,117964800.0,3.940594833364992e+16,1787.0,2.396543853634693,2.4196830985976048,bin_0
config_940,384,11,12,0.0703652575612068,0.883891761302948,0.9041836261749268,0.2584390342235565,0.0005807465058751,32,3574.0,7.881189666729984e+16,234257760,38779392,16,1.5100667541715468e-05,232652800.0,7.881189666729984e+16,3574.0,2.1365640806370094,2.157159385642067,bin_0
config_941,704,8,4,0.0133236655965447,0.957314133644104,0.9395254850387572,0.247000977396965,0.0001589890016475,64,26951.0,2.30877818062848e+18,3532627200,85869696,16,0.0001589890016475,1592524800.0,1.042638092702654e+18,12171.0,1.818319330449964,1.8387253459164357,bin_2
config_941,704,8,4,0.0133236655965447,0.957314133644104,0.9395254850387572,0.247000977396965,0.0001589890016475,64,26951.0,2.30877818062848e+18,3532627200,85869696,16,6.212896533733887e-05,3191603200.0,2.085276185405308e+18,24342.0,1.7172327409415948,1.7360736881709489,bin_2
config_941,704,8,4,0.0133236655965447,0.957314133644104,0.9395254850387572,0.247000977396965,0.0001589890016475,64,26951.0,2.30877818062848e+18,3532627200,85869696,16,2.388656875713848e-08,3532390400.0,2.30877818062848e+18,26951.0,1.6972081336818758,1.715933524546076,bin_2
config_942,576,23,12,0.1370530575513839,0.8752363920211792,0.9468250870704652,0.2361691445112228,0.0004518312343861,32,6537.0,4.493366586008248e+17,428445152,120556800,8,0.0004518312343861,212992000.0,2.2463396057939357e+17,3268.0,2.107958846932552,2.129165856349664,bin_0
config_942,576,23,12,0.1370530575513839,0.8752363920211792,0.9468250870704652,0.2361691445112228,0.0004518312343861,32,6537.0,4.493366586008248e+17,428445152,120556800,8,1.0834579178411595e-05,425984000.0,4.493366586008248e+17,6537.0,1.893990654730406,1.9137392613145168,bin_0
config_943,1024,21,8,0.005132052116096,0.8877931237220764,0.9553965926170348,0.040259975939989,2.884045352402609e-05,64,27272.0,8.778962880909804e+18,3574698240,321273856,8,2.884045352402609e-05,1592524800.0,3.9178922419900713e+18,12171.0,1.8931950983844816,1.913097032953481,bin_3
config_943,1024,21,8,0.005132052116096,0.8877931237220764,0.9553965926170348,0.040259975939989,2.884045352402609e-05,64,27272.0,8.778962880909804e+18,3574698240,321273856,8,2.884045352402609e-05,3191603200.0,7.835784483980143e+18,24342.0,1.7549617172655512,1.7742666839771584,bin_3
config_943,1024,21,8,0.005132052116096,0.8877931237220764,0.9553965926170348,0.040259975939989,2.884045352402609e-05,64,27272.0,8.778962880909804e+18,3574698240,321273856,8,5.783864881755463e-07,3571712000.0,8.778962880909804e+18,27272.0,1.7155249575708733,1.7342234633985112,bin_3
config_944,512,14,16,0.0326683819293975,0.9036071300506592,0.9280173182487488,0.0802240520715713,0.0001326314231846,32,13557.0,5.481084236444467e+17,888527232,73466880,16,0.0001326314231846,445644800.0,2.740339968622896e+17,6778.0,2.106354288155915,2.1279503586644037,bin_1
config_944,512,14,16,0.0326683819293975,0.9036071300506592,0.9280173182487488,0.0802240520715713,0.0001326314231846,32,13557.0,5.481084236444467e+17,888527232,73466880,16,8.541122008210919e-07,888012800.0,5.481084236444467e+17,13557.0,1.9235299789710123,1.944019037191985,bin_1
config_945,640,18,20,0.1838158220052719,0.9017532467842102,0.9940812587738036,0.1336964666843414,0.000443983473815,64,9408.0,1.2636480934939853e+18,1233169664,123623680,8,0.000443983473815,616038400.0,6.318240467469926e+17,4704.0,1.8727684866404923,1.891559231378993,bin_1
config_945,640,18,20,0.1838158220052719,0.9017532467842102,0.9940812587738036,0.1336964666843414,0.000443983473815,64,9408.0,1.2636480934939853e+18,1233169664,123623680,8,2.825670477740846e-06,1232076800.0,1.2636480934939853e+18,9408.0,1.7099756661399466,1.7280345119609208,bin_1
config_946,512,11,16,0.0299524795264005,0.8208543062210083,0.9324527978897096,0.2667144536972046,0.0013698934344574,128,57223.0,7.767155459830579e+18,15000806400,63240192,16,0.0013698934344574,1599078400.0,8.260823118069466e+17,6086.0,1.8299839362550956,1.8495915693142373,bin_3
config_946,512,11,16,0.0299524795264005,0.8208543062210083,0.9324527978897096,0.2667144536972046,0.0013698934344574,128,57223.0,7.767155459830579e+18,15000806400,63240192,16,0.0013698934344574,3185049600.0,1.6520288887614766e+18,12171.0,1.754802475092841,1.7735691743600563,bin_3
config_946,512,11,16,0.0299524795264005,0.8208543062210083,0.9324527978897096,0.2667144536972046,0.0013698934344574,128,57223.0,7.767155459830579e+18,15000806400,63240192,16,0.0013698934344574,4784128000.0,2.4781112005684234e+18,18257.0,1.726692352334007,1.7431604028920658,bin_3
config_946,512,11,16,0.0299524795264005,0.8208543062210083,0.9324527978897096,0.2667144536972046,0.0013698934344574,128,57223.0,7.767155459830579e+18,15000806400,63240192,16,0.0013698934344574,6383206400.0,3.304057777522953e+18,24342.0,1.7097812847231255,1.726012372892411,bin_3
config_946,512,11,16,0.0299524795264005,0.8208543062210083,0.9324527978897096,0.2667144536972046,0.0013698934344574,128,57223.0,7.767155459830579e+18,15000806400,63240192,16,0.0013698934344574,7982284800.0,4.1301400893299e+18,30428.0,1.6987887132754091,1.715179985781185,bin_3
config_946,512,11,16,0.0299524795264005,0.8208543062210083,0.9324527978897096,0.2667144536972046,0.0013698934344574,128,57223.0,7.767155459830579e+18,15000806400,63240192,16,0.0013698934344574,9568256000.0,4.956222401136847e+18,36514.0,1.6909396327909876,1.7069824540028806,bin_3
config_946,512,11,16,0.0299524795264005,0.8208543062210083,0.9324527978897096,0.2667144536972046,0.0013698934344574,128,57223.0,7.767155459830579e+18,15000806400,63240192,16,0.0013125377861402,11167334400.0,5.782168978091377e+18,42599.0,1.6811475923022283,1.6969376981844668,bin_3
config_946,512,11,16,0.0299524795264005,0.8208543062210083,0.9324527978897096,0.2667144536972046,0.0013698934344574,128,57223.0,7.767155459830579e+18,15000806400,63240192,16,0.0007650112529079,12766412800.0,6.608251289898323e+18,48685.0,1.6487278087803574,1.6638833174549166,bin_3
config_946,512,11,16,0.0299524795264005,0.8208543062210083,0.9324527978897096,0.2667144536972046,0.0013698934344574,128,57223.0,7.767155459830579e+18,15000806400,63240192,16,0.0002219726420792,14352384000.0,7.434197866852853e+18,54770.0,1.615448395541457,1.6279202166541678,bin_3
config_946,512,11,16,0.0299524795264005,0.8208543062210083,0.9324527978897096,0.2667144536972046,0.0013698934344574,128,57223.0,7.767155459830579e+18,15000806400,63240192,16,2.064444305629803e-06,14994636800.0,7.767155459830579e+18,57223.0,1.602681632589121,1.61495935545593,bin_3
config_947,320,23,16,0.0010431179543957,0.8281490802764893,0.9483137130737304,0.0885433703660965,0.0004640633706003,64,45647.0,2.8096703308047974e+18,5983171072,48134400,16,0.0004640633706003,1592524800.0,7.49151041606791e+17,12171.0,1.871279827024116,1.8913418460673972,bin_2
config_947,320,23,16,0.0010431179543957,0.8281490802764893,0.9483137130737304,0.0885433703660965,0.0004640633706003,64,45647.0,2.8096703308047974e+18,5983171072,48134400,16,0.0004640633706003,3191603200.0,1.498302083213582e+18,24342.0,1.8129309812920995,1.832188186020148,bin_2
config_947,320,23,16,0.0010431179543957,0.8281490802764893,0.9483137130737304,0.0885433703660965,0.0004640633706003,64,45647.0,2.8096703308047974e+18,5983171072,48134400,16,0.0004640633706003,4784128000.0,2.2475146769559089e+18,36514.0,1.7826257121758382,1.800808105351495,bin_2
config_947,320,23,16,0.0010431179543957,0.8281490802764893,0.9483137130737304,0.0885433703660965,0.0004640633706003,64,45647.0,2.8096703308047974e+18,5983171072,48134400,16,5.397421038905268e-06,5976883200.0,2.8096703308047974e+18,45647.0,1.7182026873260248,1.7347458732714418,bin_2
config_949,512,18,16,0.0052215522155165,0.80809485912323,0.9188672304153442,0.0149613628163933,2.550324279582128e-05,64,9564.0,9.39010200109056e+17,1253696000,87102464,8,2.550324279582128e-05,629145600.0,4.69505100054528e+17,4782.0,2.6389704064072155,2.667051781572279,bin_1
config_949,512,18,16,0.0052215522155165,0.80809485912323,0.9188672304153442,0.0149613628163933,2.550324279582128e-05,64,9564.0,9.39010200109056e+17,1253696000,87102464,8,2.496820973017468e-06,1251737600.0,9.39010200109056e+17,9564.0,2.30874102637416,2.332895346000546,bin_1
config_95,256,12,16,0.0010575024643912,0.931749165058136,0.9683297276496888,0.1228439435362815,0.0041224812157452,64,44039.0,1.2356654401231258e+18,5772393984,23100928,16,0.0041224812157452,1592524800.0,3.4149921823244314e+17,12171.0,1.906530067529835,1.927535153451513,bin_1
config_95,256,12,16,0.0010575024643912,0.931749165058136,0.9683297276496888,0.1228439435362815,0.0041224812157452,64,44039.0,1.2356654401231258e+18,5772393984,23100928,16,0.0041224812157452,3191603200.0,6.829984364648863e+17,24342.0,1.859808963400419,1.880598813744842,bin_1
config_95,256,12,16,0.0010575024643912,0.931749165058136,0.9683297276496888,0.1228439435362815,0.0041224812157452,64,44039.0,1.2356654401231258e+18,5772393984,23100928,16,0.0041224812157452,4784128000.0,1.02452571313281e+18,36514.0,1.842423594623316,1.8610658354055687,bin_1
config_95,256,12,16,0.0010575024643912,0.931749165058136,0.9683297276496888,0.1228439435362815,0.0041224812157452,64,44039.0,1.2356654401231258e+18,5772393984,23100928,16,2.9723935554457417e-05,5767168000.0,1.2356654401231258e+18,44039.0,1.7844311740359322,1.8014509135386985,bin_1
config_950,448,6,16,0.0326864086091518,0.8447169661521912,0.9848087430000304,0.224954068660736,0.0018887841142714,64,11544.0,4.4190170727284736e+17,1513166336,37668736,16,0.0018887841142714,753664000.0,2.2095085363642368e+17,5772.0,1.917937747494119,1.938364688881108,bin_0
config_950,448,6,16,0.0326864086091518,0.8447169661521912,0.9848087430000304,0.224954068660736,0.0018887841142714,64,11544.0,4.4190170727284736e+17,1513166336,37668736,16,3.201329007239688e-05,1507328000.0,4.4190170727284736e+17,11544.0,1.7886585937171686,1.8082295202036371,bin_0
config_951,832,5,16,0.0149114271625876,0.9243727922439576,0.9936639666557312,0.0261721033602952,0.000240560126258,64,32543.0,2.596873860558422e+18,4265496064,84438016,16,0.000240560126258,1592524800.0,9.712242803938344e+17,12171.0,1.8052866065697597,1.825211445816228,bin_2
config_951,832,5,16,0.0149114271625876,0.9243727922439576,0.9936639666557312,0.0261721033602952,0.000240560126258,64,32543.0,2.596873860558422e+18,4265496064,84438016,16,0.000240560126258,3191603200.0,1.942448560787669e+18,24342.0,1.72876246346802,1.7479455569533051,bin_2
config_951,832,5,16,0.0149114271625876,0.9243727922439576,0.9936639666557312,0.0261721033602952,0.000240560126258,64,32543.0,2.596873860558422e+18,4265496064,84438016,16,1.215521202009001e-05,4259840000.0,2.596873860558422e+18,32543.0,1.6760835941111456,1.6948044904333646,bin_2
config_955,640,5,16,0.0059268493205308,0.913568675518036,0.9000012874603271,0.245637834072113,0.0003065312339458,64,34010.0,1.8904751050928947e+18,4457846784,57579520,16,0.0003065312339458,1592524800.0,6.76535504383582e+17,12171.0,1.8769004883140812,1.8978548545524725,bin_2
config_955,640,5,16,0.0059268493205308,0.913568675518036,0.9000012874603271,0.245637834072113,0.0003065312339458,64,34010.0,1.8904751050928947e+18,4457846784,57579520,16,0.0003065312339458,3191603200.0,1.353071008767164e+18,24342.0,1.8168086977864877,1.837032647523724,bin_2
config_955,640,5,16,0.0059268493205308,0.913568675518036,0.9000012874603271,0.245637834072113,0.0003065312339458,64,34010.0,1.8904751050928947e+18,4457846784,57579520,16,3.669275005337494e-07,4456448000.0,1.8904751050928947e+18,34010.0,1.739224971122429,1.758123614084525,bin_2
config_956,1088,7,16,0.0460517145693302,0.9252250790596008,0.9954620599746704,0.238180860877037,7.310631190193817e-05,32,6108.0,4.545321958877184e+17,400334016,158051584,16,7.310631190193817e-05,199884800.0,2.272660979438592e+17,3054.0,2.2272410596785,2.2500631072091277,bin_0
config_956,1088,7,16,0.0460517145693302,0.9252250790596008,0.9954620599746704,0.238180860877037,7.310631190193817e-05,32,6108.0,4.545321958877184e+17,400334016,158051584,16,4.02235553793336e-07,399769600.0,4.545321958877184e+17,6108.0,2.014666597960425,2.0352881621532752,bin_0
config_957,768,20,16,0.1195246949791908,0.923972487449646,0.9018105268478394,0.0572270415723323,0.000139100360684,32,9626.0,9.201102765616004e+17,630856192,180201984,8,0.000139100360684,314572800.0,4.6005513828080026e+17,4813.0,2.076912997140259,2.0986958438060324,bin_1
config_957,768,20,16,0.1195246949791908,0.923972487449646,0.9018105268478394,0.0572270415723323,0.000139100360684,32,9626.0,9.201102765616004e+17,630856192,180201984,8,6.575653414157292e-06,629145600.0,9.201102765616004e+17,9626.0,1.8802285673970085,1.900333981513977,bin_1
config_958,448,22,8,0.0254484098404645,0.8462859392166138,0.9301247000694276,0.2276359349489212,0.0008469525491818,64,61093.0,5.68878104947517e+18,8007635456,78053248,8,0.0008469525491818,1592524800.0,1.1333238530300084e+18,12171.0,1.8155312763081224,1.8354397976593888,bin_3
config_958,448,22,8,0.0254484098404645,0.8462859392166138,0.9301247000694276,0.2276359349489212,0.0008469525491818,64,61093.0,5.68878104947517e+18,8007635456,78053248,8,0.0008469525491818,3191603200.0,2.266647706060017e+18,24342.0,1.7550277231364957,1.7741933438426158,bin_3
config_958,448,22,8,0.0254484098404645,0.8462859392166138,0.9301247000694276,0.2276359349489212,0.0008469525491818,64,61093.0,5.68878104947517e+18,8007635456,78053248,8,0.0008469525491818,4784128000.0,3.400064675830887e+18,36514.0,1.729754999817395,1.746790639025266,bin_3
config_958,448,22,8,0.0254484098404645,0.8462859392166138,0.9301247000694276,0.2276359349489212,0.0008469525491818,64,61093.0,5.68878104947517e+18,8007635456,78053248,8,0.0007548024551999,6383206400.0,4.533388528860895e+18,48685.0,1.7047733113218526,1.721402743194924,bin_3
config_958,448,22,8,0.0254484098404645,0.8462859392166138,0.9301247000694276,0.2276359349489212,0.0008469525491818,64,61093.0,5.68878104947517e+18,8007635456,78053248,8,1.48000481411763e-05,7975731200.0,5.666712381890903e+18,60856.0,1.621805428676918,1.6372492833215682,bin_3
config_958,448,22,8,0.0254484098404645,0.8462859392166138,0.9301247000694276,0.2276359349489212,0.0008469525491818,64,61093.0,5.68878104947517e+18,8007635456,78053248,8,2.6189385599612166e-06,8001945600.0,5.68878104947517e+18,61093.0,1.621311506931899,1.6367534956580303,bin_3
config_959,1088,22,8,0.1274840086698532,0.8903167843818665,0.9378591775894164,0.1212211325764656,4.417045784066431e-05,64,60793.0,2.2829454247763317e+19,7968281088,379513984,8,4.417045784066431e-05,1592524800.0,4.5705473927841577e+18,12171.0,1.821215460437243,1.8405319407533427,bin_3
config_959,1088,22,8,0.1274840086698532,0.8903167843818665,0.9378591775894164,0.1212211325764656,4.417045784066431e-05,64,60793.0,2.2829454247763317e+19,7968281088,379513984,8,4.417045784066431e-05,3191603200.0,9.141094785568316e+18,24342.0,1.6969911207722836,1.7153970162594905,bin_3
config_959,1088,22,8,0.1274840086698532,0.8903167843818665,0.9378591775894164,0.1212211325764656,4.417045784066431e-05,64,60793.0,2.2829454247763317e+19,7968281088,379513984,8,4.417045784066431e-05,4784128000.0,1.3712017706032431e+19,36514.0,1.6396940199078107,1.656280960567662,bin_3
config_959,1088,22,8,0.1274840086698532,0.8903167843818665,0.9378591775894164,0.1212211325764656,4.417045784066431e-05,64,60793.0,2.2829454247763317e+19,7968281088,379513984,8,4.417045784066431e-05,6383206400.0,1.8282565098816588e+19,48685.0,1.6032816833550814,1.6192183275300949,bin_3
config_959,1088,22,8,0.1274840086698532,0.8903167843818665,0.9378591775894164,0.1212211325764656,4.417045784066431e-05,64,60793.0,2.2829454247763317e+19,7968281088,379513984,8,2.577459203621335e-07,7962624000.0,2.2829454247763317e+19,60793.0,1.5470228783908435,1.5619814793203697,bin_3
config_96,1024,9,16,0.09421207010746,0.8357014656066895,0.9289611577987672,0.1336427181959152,6.733372720191255e-05,64,26162.0,4.214549522024497e+18,3429174784,167108608,8,6.733372720191255e-05,1592524800.0,1.9606789325189263e+18,12171.0,1.8537957928610629,1.873941319262395,bin_2
config_96,1024,9,16,0.09421207010746,0.8357014656066895,0.9289611577987672,0.1336427181959152,6.733372720191255e-05,64,26162.0,4.214549522024497e+18,3429174784,167108608,8,3.489951764584255e-05,3191603200.0,3.9213578650378527e+18,24342.0,1.730770191130091,1.7495083825119206,bin_2
config_96,1024,9,16,0.09421207010746,0.8357014656066895,0.9289611577987672,0.1336427181959152,6.733372720191255e-05,64,26162.0,4.214549522024497e+18,3429174784,167108608,8,2.3112263341617655e-07,3427532800.0,4.214549522024497e+18,26162.0,1.7092756077305216,1.727665924986855,bin_2
config_961,448,13,16,0.0166311562061309,0.8606749773025513,0.9889025688171388,0.0862841606140136,0.0056399167515337,64,14344.0,8.932474570051092e+17,1880205056,55336960,16,0.0056399167515337,1592524800.0,7.579276909655037e+17,12171.0,2.620396303544279,2.649191762267566,bin_1
config_961,448,13,16,0.0166311562061309,0.8606749773025513,0.9889025688171388,0.0862841606140136,0.0056399167515337,64,14344.0,8.932474570051092e+17,1880205056,55336960,16,0.0002006114285104,1874329600.0,8.932474570051092e+17,14344.0,2.469191106694644,2.4961243029891467,bin_1
config_962,384,5,16,0.1872196495532989,0.8258960247039795,0.9223802089691162,0.0974951162934303,8.686401270097122e-05,64,72349.0,2.0493555174958692e+18,9483002880,28157952,16,8.686401270097122e-05,1592524800.0,3.44755366396802e+17,12171.0,2.149726040832332,2.172440836116916,bin_2
config_962,384,5,16,0.1872196495532989,0.8258960247039795,0.9223802089691162,0.0974951162934303,8.686401270097122e-05,64,72349.0,2.0493555174958692e+18,9483002880,28157952,16,8.686401270097122e-05,3191603200.0,6.89510732793604e+17,24342.0,2.0008409024457463,2.023080961274319,bin_2
config_962,384,5,16,0.1872196495532989,0.8258960247039795,0.9223802089691162,0.0974951162934303,8.686401270097122e-05,64,72349.0,2.0493555174958692e+18,9483002880,28157952,16,8.686401270097122e-05,4784128000.0,1.0342944251592168e+18,36514.0,1.9466706219266672,1.968135030465048,bin_2
config_962,384,5,16,0.1872196495532989,0.8258960247039795,0.9223802089691162,0.0974951162934303,8.686401270097122e-05,64,72349.0,2.0493555174958692e+18,9483002880,28157952,16,8.686401270097122e-05,6383206400.0,1.3790497915560187e+18,48685.0,1.9173589904972763,1.937898464320136,bin_2
config_962,384,5,16,0.1872196495532989,0.8258960247039795,0.9223802089691162,0.0974951162934303,8.686401270097122e-05,64,72349.0,2.0493555174958692e+18,9483002880,28157952,16,8.686401270097122e-05,7975731200.0,1.7238051579528207e+18,60856.0,1.898546847828099,1.91896247852044,bin_2
config_962,384,5,16,0.1872196495532989,0.8258960247039795,0.9223802089691162,0.0974951162934303,8.686401270097122e-05,64,72349.0,2.0493555174958692e+18,9483002880,28157952,16,6.034788915848017e-07,9476505600.0,2.0493555174958692e+18,72349.0,1.8521696529232088,1.8723798628322412,bin_2
config_965,768,9,6,0.0010940824868157,0.8894278407096863,0.9024598002433776,0.2743559777736664,0.0001117236097343,64,10270.0,1.055020149793751e+18,1346115328,102328320,16,0.0001117236097343,675020800.0,5.275100748968755e+17,5135.0,1.9904705016730264,2.011374006388617,bin_1
config_965,768,9,6,0.0010940824868157,0.8894278407096863,0.9024598002433776,0.2743559777736664,0.0001117236097343,64,10270.0,1.055020149793751e+18,1346115328,102328320,16,7.932098667683905e-07,1343488000.0,1.055020149793751e+18,10270.0,1.8462096724744703,1.865660092127128,bin_1
config_966,1152,7,16,0.0298108756542205,0.8778911828994751,0.9753968119621276,0.1143874898552894,0.0015226597897708,32,9646.0,7.678018220883149e+17,632166720,169413120,16,0.0015226597897708,314572800.0,3.8390091104415744e+17,4823.0,2.102486400057058,2.124093923998661,bin_1
config_966,1152,7,16,0.0298108756542205,0.8778911828994751,0.9753968119621276,0.1143874898552894,0.0015226597897708,32,9646.0,7.678018220883149e+17,632166720,169413120,16,6.350167754257357e-05,629145600.0,7.678018220883149e+17,9646.0,1.8950102999171272,1.9139286733064496,bin_1
config_967,1088,12,16,0.0019751153886318,0.9347426295280457,0.9050107598304749,0.1360038518905639,0.0003970832331106,32,6486.0,7.277333677509427e+17,425093952,231872384,8,0.0003970832331106,212992000.0,3.6386668387547136e+17,3243.0,2.0615954397936336,2.0817782657068284,bin_1
config_967,1088,12,16,0.0019751153886318,0.9347426295280457,0.9050107598304749,0.1360038518905639,0.0003970832331106,32,6486.0,7.277333677509427e+17,425093952,231872384,8,1.6207478902473737e-05,422707200.0,7.277333677509427e+17,6486.0,1.8613315967067343,1.880312985865796,bin_1
config_968,832,4,4,0.0014715912984684,0.8719964623451233,0.9164458513259888,0.1803254932165146,0.0005636195419356,64,26362.0,1.8563883176171277e+18,3455391232,75916672,16,0.0005636195419356,1592524800.0,8.570708676776442e+17,12171.0,1.8600123858060995,1.880143174265252,bin_2
config_968,832,4,4,0.0014715912984684,0.8719964623451233,0.9164458513259888,0.1803254932165146,0.0005636195419356,64,26362.0,1.8563883176171277e+18,3455391232,75916672,16,0.0002385866859613,3191603200.0,1.7141417353552883e+18,24342.0,1.7653687285986104,1.7848696901368313,bin_2
config_968,832,4,4,0.0014715912984684,0.8719964623451233,0.9164458513259888,0.1803254932165146,0.0005636195419356,64,26362.0,1.8563883176171277e+18,3455391232,75916672,16,1.4229822224337595e-06,3453747200.0,1.8563883176171277e+18,26362.0,1.7368934618058751,1.7560014789612566,bin_2
config_97,576,5,24,0.0035539634991437,0.8424938321113586,0.918358027935028,0.135920450091362,3.684882540255785e-05,32,5939.0,1.41678211567104e+17,389252000,48872448,16,3.684882540255785e-05,193331200.0,7.082717800012322e+16,2969.0,2.83113118468738,2.860892834585221,bin_0
config_97,576,5,24,0.0035539634991437,0.8424938321113586,0.918358027935028,0.135920450091362,3.684882540255785e-05,32,5939.0,1.41678211567104e+17,389252000,48872448,16,1.780798253655213e-06,386662400.0,1.41678211567104e+17,5939.0,2.615843042076611,2.643720206823505,bin_0
config_972,1088,24,8,0.0060667004436254,0.8997802734375,0.966655433177948,0.0756280496716499,0.0002210157981608,64,61675.0,2.502504134533782e+19,8083905024,409042304,8,0.0002210157981608,1592524800.0,4.938464178583001e+18,12171.0,1.6899651656385328,1.707521607993079,bin_3
config_972,1088,24,8,0.0060667004436254,0.8997802734375,0.966655433177948,0.0756280496716499,0.0002210157981608,64,61675.0,2.502504134533782e+19,8083905024,409042304,8,0.0002210157981608,3191603200.0,9.876928357166002e+18,24342.0,1.5977331592411292,1.6144868767261504,bin_3
config_972,1088,24,8,0.0060667004436254,0.8997802734375,0.966655433177948,0.0756280496716499,0.0002210157981608,64,61675.0,2.502504134533782e+19,8083905024,409042304,8,0.0002210157981608,4784128000.0,1.48157982923983e+19,36514.0,1.5569696533484536,1.5713209718172667,bin_3
config_972,1088,24,8,0.0060667004436254,0.8997802734375,0.966655433177948,0.0756280496716499,0.0002210157981608,64,61675.0,2.502504134533782e+19,8083905024,409042304,8,0.0002210157981608,6383206400.0,1.97542624709813e+19,48685.0,1.5310144576772315,1.5451124248934571,bin_3
config_972,1088,24,8,0.0060667004436254,0.8997802734375,0.966655433177948,0.0756280496716499,0.0002210157981608,64,61675.0,2.502504134533782e+19,8083905024,409042304,8,3.909477561806716e-05,7975731200.0,2.46927266495643e+19,60856.0,1.4754589142174015,1.4886328646784923,bin_3
config_972,1088,24,8,0.0060667004436254,0.8997802734375,0.966655433177948,0.0756280496716499,0.0002210157981608,64,61675.0,2.502504134533782e+19,8083905024,409042304,8,1.1846901702444626e-06,8080588800.0,2.502504134533782e+19,61675.0,1.4704396287535058,1.4835531978138157,bin_3
config_973,320,14,20,0.0139355575665831,0.8114351630210876,0.987652599811554,0.2538731098175049,0.0001000051342998,32,12769.0,2.708234588012544e+17,836871680,35594880,16,0.0001000051342998,419430400.0,1.354011246759502e+17,6384.0,2.3602749677955126,2.385366877845076,bin_0
config_973,320,14,20,0.0139355575665831,0.8114351630210876,0.987652599811554,0.2538731098175049,0.0001000051342998,32,12769.0,2.708234588012544e+17,836871680,35594880,16,5.862689144391759e-07,835584000.0,2.708234588012544e+17,12769.0,2.098550042637059,2.120165874684443,bin_0
config_974,1088,22,16,0.002171300118789,0.8533669710159302,0.9573636054992676,0.1080391854047775,0.0015240624779835,64,38073.0,1.4297729874833572e+19,4990409728,379513984,8,0.0015240624779835,1592524800.0,4.5706319519501855e+18,12171.0,1.695170858023597,1.7125795110131874,bin_3
config_974,1088,22,16,0.002171300118789,0.8533669710159302,0.9573636054992676,0.1080391854047775,0.0015240624779835,64,38073.0,1.4297729874833572e+19,4990409728,379513984,8,0.0015240624779835,3191603200.0,9.141263903900372e+18,24342.0,1.6083898737977762,1.625241165747408,bin_3
config_974,1088,22,16,0.002171300118789,0.8533669710159302,0.9573636054992676,0.1080391854047775,0.0015240624779835,64,38073.0,1.4297729874833572e+19,4990409728,379513984,8,0.0005828714509769,4784128000.0,1.3712271390478109e+19,36514.0,1.5335186049586438,1.5480630163091127,bin_3
config_974,1088,22,16,0.002171300118789,0.8533669710159302,0.9573636054992676,0.1080391854047775,0.0015240624779835,64,38073.0,1.4297729874833572e+19,4990409728,379513984,8,8.522595913839498e-06,4987289600.0,1.4297729874833572e+19,38073.0,1.5132928498064886,1.5275042297801034,bin_3
config_975,960,17,16,0.0193163137882947,0.9164415001869202,0.9301259517669678,0.0015402854187414,0.0015484727919101,64,15339.0,3.656666926529004e+18,2010578048,236305920,8,0.0015484727919101,1592524800.0,2.901446845477835e+18,12171.0,1.7282939159674722,1.74580916021691,bin_2
config_975,960,17,16,0.0193163137882947,0.9164415001869202,0.9301259517669678,0.0015402854187414,0.0015484727919101,64,15339.0,3.656666926529004e+18,2010578048,236305920,8,0.0015484727919101,2005401600.0,3.656666926529004e+18,15339.0,1.6944894996041158,1.7114380769846869,bin_2
config_976,640,18,20,0.0088098747655749,0.8203990459442139,0.9784173369407654,0.0165969915688037,7.366479985648766e-05,64,17296.0,2.323123275568251e+18,2267090944,123623680,8,7.366479985648766e-05,1592524800.0,1.6347556306048325e+18,12171.0,1.870563402625381,1.8906282074725045,bin_2
config_976,640,18,20,0.0088098747655749,0.8203990459442139,0.9784173369407654,0.0165969915688037,7.366479985648766e-05,64,17296.0,2.323123275568251e+18,2267090944,123623680,8,1.1806901719158314e-05,2260992000.0,2.323123275568251e+18,17296.0,1.7862910821203326,1.8057384744433107,bin_2
config_977,896,7,16,0.0064735542982816,0.9222034811973572,0.9383334517478944,0.2639292478561401,0.0063503636047244,64,15992.0,1.7781841295047066e+18,2096132480,115709440,16,0.0057815395661969,1592524800.0,1.3533190995623926e+18,12171.0,2.38632233815115,2.410028266515888,bin_2
config_977,896,7,16,0.0064735542982816,0.9222034811973572,0.9383334517478944,0.2639292478561401,0.0063503636047244,64,15992.0,1.7781841295047066e+18,2096132480,115709440,16,6.32026709474938e-05,2090598400.0,1.7781841295047066e+18,15992.0,2.191248059194596,2.213164903062289,bin_2
config_978,1024,6,8,0.0111644053831696,0.8381044864654541,0.9935385584831238,0.2131605744361877,0.0054207001812756,32,7981.0,4.824446836170424e+17,523077984,128567296,16,0.0054207001812756,262144000.0,2.411921172324269e+17,3990.0,3.3796794750651373,3.414411578569256,bin_0
config_978,1024,6,8,0.0111644053831696,0.8381044864654541,0.9935385584831238,0.2131605744361877,0.0054207001812756,32,7981.0,4.824446836170424e+17,523077984,128567296,16,9.878995039361729e-05,521011200.0,4.824446836170424e+17,7981.0,3.202027548258422,3.2358378894211817,bin_0
config_98,448,18,8,0.0129954637959599,0.965359389781952,0.9380303621292114,0.0186958387494087,0.003698862157762,128,55493.0,8.813170688714736e+18,14547407872,67957120,16,0.003698862157762,1599078400.0,9.665535619180416e+17,6086.0,1.787888644601478,1.8071803622558469,bin_3
config_98,448,18,8,0.0129954637959599,0.965359389781952,0.9380303621292114,0.0186958387494087,0.003698862157762,128,55493.0,8.813170688714736e+18,14547407872,67957120,16,0.003698862157762,3185049600.0,1.932948307936984e+18,12171.0,1.7179589660050438,1.736746922829112,bin_3
config_98,448,18,8,0.0129954637959599,0.965359389781952,0.9380303621292114,0.0186958387494087,0.003698862157762,128,55493.0,8.813170688714736e+18,14547407872,67957120,16,0.003698862157762,4784128000.0,2.8995018698550257e+18,18257.0,1.692357092802642,1.7084370699085174,bin_3
config_98,448,18,8,0.0129954637959599,0.965359389781952,0.9380303621292114,0.0186958387494087,0.003698862157762,128,55493.0,8.813170688714736e+18,14547407872,67957120,16,0.003698862157762,6383206400.0,3.865896615873968e+18,24342.0,1.6770975751955002,1.6931710045845785,bin_3
config_98,448,18,8,0.0129954637959599,0.965359389781952,0.9380303621292114,0.0186958387494087,0.003698862157762,128,55493.0,8.813170688714736e+18,14547407872,67957120,16,0.003698862157762,7982284800.0,4.83245017779201e+18,30428.0,1.6664980153568456,1.682489958903829,bin_3
config_98,448,18,8,0.0129954637959599,0.965359389781952,0.9380303621292114,0.0186958387494087,0.003698862157762,128,55493.0,8.813170688714736e+18,14547407872,67957120,16,0.003698862157762,9568256000.0,5.799003739710051e+18,36514.0,1.6592260522920577,1.6748813288719928,bin_3
config_98,448,18,8,0.0129954637959599,0.965359389781952,0.9380303621292114,0.0186958387494087,0.003698862157762,128,55493.0,8.813170688714736e+18,14547407872,67957120,16,0.003698862157762,11167334400.0,6.765398485728993e+18,42599.0,1.6532395522711707,1.6692866213204431,bin_3
config_98,448,18,8,0.0129954637959599,0.965359389781952,0.9380303621292114,0.0186958387494087,0.003698862157762,128,55493.0,8.813170688714736e+18,14547407872,67957120,16,0.003698862157762,12766412800.0,7.731952047647034e+18,48685.0,1.6493925032459322,1.6648466702758289,bin_3
config_98,448,18,8,0.0129954637959599,0.965359389781952,0.9380303621292114,0.0186958387494087,0.003698862157762,128,55493.0,8.813170688714736e+18,14547407872,67957120,16,0.0026501972837195,14352384000.0,8.698346793665977e+18,54770.0,1.6338865194164338,1.6464771490018877,bin_3
config_98,448,18,8,0.0129954637959599,0.965359389781952,0.9380303621292114,0.0186958387494087,0.003698862157762,128,55493.0,8.813170688714736e+18,14547407872,67957120,16,0.000153376155047,14535884800.0,8.813170688714736e+18,55493.0,1.5978267994865043,1.609956305066093,bin_3
config_980,1088,9,16,0.0519159138202667,0.9029125571250916,0.9705094695091248,0.0564652755856514,0.0008452572510577,64,44816.0,8.024130082382414e+18,5874164736,187579904,8,0.0008452572510577,1592524800.0,2.179170100693421e+18,12171.0,1.7233734674141057,1.7414271377540025,bin_3
config_980,1088,9,16,0.0519159138202667,0.9029125571250916,0.9705094695091248,0.0564652755856514,0.0008452572510577,64,44816.0,8.024130082382414e+18,5874164736,187579904,8,0.0008452572510577,3191603200.0,4.358340201386842e+18,24342.0,1.6594294005339263,1.677379041929714,bin_3
config_980,1088,9,16,0.0519159138202667,0.9029125571250916,0.9705094695091248,0.0564652755856514,0.0008452572510577,64,44816.0,8.024130082382414e+18,5874164736,187579904,8,0.0008452572510577,4784128000.0,6.537689348181709e+18,36514.0,1.633510467810709,1.6500915070049098,bin_3
config_980,1088,9,16,0.0519159138202667,0.9029125571250916,0.9705094695091248,0.0564652755856514,0.0008452572510577,64,44816.0,8.024130082382414e+18,5874164736,187579904,8,5.345500401946358e-06,5872025600.0,8.024130082382414e+18,44816.0,1.5550655262001225,1.5701777988183694,bin_3
config_981,448,7,16,0.1650252640247345,0.8600093722343445,0.9899731874465942,0.2626772224903106,0.0081942798569798,32,5266.0,1.0982850246100992e+17,345170080,40192768,16,0.0081942798569798,173670400.0,5.491425123050496e+16,2633.0,3.4854567160371874,3.520212439161832,bin_0
config_981,448,7,16,0.1650252640247345,0.8600093722343445,0.9899731874465942,0.2626772224903106,0.0081942798569798,32,5266.0,1.0982850246100992e+17,345170080,40192768,16,9.480005619065708e-05,344064000.0,1.0982850246100992e+17,5266.0,2.84219762692686,2.8731558691869017,bin_0
config_982,320,9,10,0.0014104673173278,0.9856706857681274,0.9463449120521544,0.1173138171434402,0.0001117541905841,64,47114.0,1.4976121479531725e+18,6175382016,28628480,16,0.0001117541905841,1592524800.0,3.868794297393145e+17,12171.0,2.067555389443382,2.08853942062034,bin_1
config_982,320,9,10,0.0014104673173278,0.9856706857681274,0.9463449120521544,0.1173138171434402,0.0001117541905841,64,47114.0,1.4976121479531725e+18,6175382016,28628480,16,0.0001117541905841,3191603200.0,7.73758859478629e+17,24342.0,1.916276128722019,1.9367417570411185,bin_1
config_982,320,9,10,0.0014104673173278,0.9856706857681274,0.9463449120521544,0.1173138171434402,0.0001117541905841,64,47114.0,1.4976121479531725e+18,6175382016,28628480,16,0.0001117541905841,4784128000.0,1.160670076205844e+18,36514.0,1.864561505513113,1.8832078085180188,bin_1
config_982,320,9,10,0.0014104673173278,0.9856706857681274,0.9463449120521544,0.1173138171434402,0.0001117541905841,64,47114.0,1.4976121479531725e+18,6175382016,28628480,16,2.83075568695233e-07,6173491200.0,1.4976121479531725e+18,47114.0,1.8155155109577488,1.8339516819891384,bin_1
config_983,704,20,8,0.0852379575371742,0.8519636988639832,0.9215052723884584,0.2484911233186721,0.0020802628714591,32,14170.0,1.221519195923964e+18,928671168,161580672,8,0.0020802628714591,465305600.0,6.10759597961982e+17,7085.0,2.080459001846001,2.102446780439283,bin_1
config_983,704,20,8,0.0852379575371742,0.8519636988639832,0.9215052723884584,0.2484911233186721,0.0020802628714591,32,14170.0,1.221519195923964e+18,928671168,161580672,8,1.1816318497353488e-05,927334400.0,1.221519195923964e+18,14170.0,1.829808086235015,1.8496256169530207,bin_1
config_984,640,22,20,0.1086228042840957,0.8259413242340088,0.9227816462516784,0.0551689304411411,3.899680086760782e-05,64,31737.0,5.031440200629289e+18,4159841024,143944960,8,3.899680086760782e-05,1592524800.0,1.9295352012433147e+18,12171.0,2.01002951612238,2.031370866396388,bin_3
config_984,640,22,20,0.1086228042840957,0.8259413242340088,0.9227816462516784,0.0551689304411411,3.899680086760782e-05,64,31737.0,5.031440200629289e+18,4159841024,143944960,8,3.899680086760782e-05,3191603200.0,3.859070402486629e+18,24342.0,1.846901156550548,1.8675709002330656,bin_3
config_984,640,22,20,0.1086228042840957,0.8259413242340088,0.9227816462516784,0.0551689304411411,3.899680086760782e-05,64,31737.0,5.031440200629289e+18,4159841024,143944960,8,8.245037897722802e-07,4154982400.0,5.031440200629289e+18,31737.0,1.777130008115143,1.797155740769183,bin_3
config_985,512,15,16,0.0014714102726429,0.8445362448692322,0.9038357734680176,0.0544733442366123,0.0008719900506548,128,41928.0,7.143354918223479e+18,10991415296,76875776,16,0.0008719900506548,1599078400.0,1.0368836584694738e+18,6086.0,1.8093929178597496,1.82880791449156,bin_3
config_985,512,15,16,0.0014714102726429,0.8445362448692322,0.9038357734680176,0.0544733442366123,0.0008719900506548,128,41928.0,7.143354918223479e+18,10991415296,76875776,16,0.0008719900506548,3185049600.0,2.0735969449937505e+18,12171.0,1.73417307169711,1.7529000179494014,bin_3
config_985,512,15,16,0.0014714102726429,0.8445362448692322,0.9038357734680176,0.0544733442366123,0.0008719900506548,128,41928.0,7.143354918223479e+18,10991415296,76875776,16,0.0008719900506548,4784128000.0,3.110480603463224e+18,18257.0,1.7026100038309566,1.7196421207365442,bin_3
config_985,512,15,16,0.0014714102726429,0.8445362448692322,0.9038357734680176,0.0544733442366123,0.0008719900506548,128,41928.0,7.143354918223479e+18,10991415296,76875776,16,0.0008719900506548,6383206400.0,4.147193889987501e+18,24342.0,1.6824317682375671,1.698757688608326,bin_3
config_985,512,15,16,0.0014714102726429,0.8445362448692322,0.9038357734680176,0.0544733442366123,0.0008719900506548,128,41928.0,7.143354918223479e+18,10991415296,76875776,16,0.0008719900506548,7982284800.0,5.184077548456974e+18,30428.0,1.6692590108074126,1.685238302183933,bin_3
config_985,512,15,16,0.0014714102726429,0.8445362448692322,0.9038357734680176,0.0544733442366123,0.0008719900506548,128,41928.0,7.143354918223479e+18,10991415296,76875776,16,0.0008719900506548,9568256000.0,6.220961206926448e+18,36514.0,1.6585954724765215,1.6745673115136193,bin_3
config_985,512,15,16,0.0014714102726429,0.8445362448692322,0.9038357734680176,0.0544733442366123,0.0008719900506548,128,41928.0,7.143354918223479e+18,10991415296,76875776,16,1.0694577931816122e-05,10983833600.0,7.143354918223479e+18,41928.0,1.607342387770043,1.6222568827378945,bin_3
config_986,896,21,8,0.0740860477089881,0.8252427577972412,0.9238795638084412,0.2966546416282654,0.0085204876959323,64,14048.0,3.6907858023022254e+18,1841367936,257030144,8,0.0038809420798847,1592524800.0,3.197647636661475e+18,12171.0,3.5798282972711037,3.6178683848459214,bin_2
config_986,896,21,8,0.0740860477089881,0.8252427577972412,0.9238795638084412,0.2966546416282654,0.0085204876959323,64,14048.0,3.6907858023022254e+18,1841367936,257030144,8,9.814816640382752e-05,1835008000.0,3.6907858023022254e+18,14048.0,3.528231454560014,3.565468698525038,bin_2
config_987,832,5,16,0.0439998731017112,0.8300049304962158,0.9467779397964478,0.0239667538553476,0.0002807617129292,32,9902.0,3.950885869006602e+17,648952896,84438016,16,0.0002807617129292,324403200.0,1.975442934503301e+17,4951.0,2.0565233303288943,2.076615792337011,bin_0
config_987,832,5,16,0.0439998731017112,0.8300049304962158,0.9467779397964478,0.0239667538553476,0.0002807617129292,32,9902.0,3.950885869006602e+17,648952896,84438016,16,2.369297155520951e-06,648806400.0,3.950885869006602e+17,9902.0,1.9008728363865712,1.9205185173769463,bin_0
config_99,960,16,24,0.1774781048297882,0.9020640254020692,0.9400878548622132,0.01721803098917,3.054274930036627e-05,64,26041.0,5.900816678364611e+18,3413311232,225244800,8,3.054274930036627e-05,1592524800.0,2.757914050626922e+18,12171.0,1.9545127040245491,1.975077942453447,bin_3
config_99,960,16,24,0.1774781048297882,0.9020640254020692,0.9400878548622132,0.01721803098917,3.054274930036627e-05,64,26041.0,5.900816678364611e+18,3413311232,225244800,8,3.054274930036627e-05,3191603200.0,5.515828101253844e+18,24342.0,1.8021958056825107,1.8221550589115891,bin_3
config_99,960,16,24,0.1774781048297882,0.9020640254020692,0.9400878548622132,0.01721803098917,3.054274930036627e-05,64,26041.0,5.900816678364611e+18,3413311232,225244800,8,2.79520696722102e-06,3407872000.0,5.900816678364611e+18,26041.0,1.7721996248159253,1.7916693919994793,bin_3
config_990,704,13,16,0.0177435874938964,0.9853432178497314,0.9188015460968018,0.0542804040014743,0.0026331504341214,64,46362.0,5.64717847342252e+18,6076801536,117415936,16,0.0026331504341214,1592524800.0,1.4825031103064036e+18,12171.0,3.6094405905145113,3.643939180843166,bin_3
config_990,704,13,16,0.0177435874938964,0.9853432178497314,0.9188015460968018,0.0542804040014743,0.0026331504341214,64,46362.0,5.64717847342252e+18,6076801536,117415936,16,0.0026331504341214,3191603200.0,2.965006220612807e+18,24342.0,3.642462703048206,3.679387385024399,bin_3
config_990,704,13,16,0.0177435874938964,0.9853432178497314,0.9188015460968018,0.0542804040014743,0.0026331504341214,64,46362.0,5.64717847342252e+18,6076801536,117415936,16,0.0026331504341214,4784128000.0,4.447631137106896e+18,36514.0,3.564979013536797,3.5903052765424133,bin_3
config_990,704,13,16,0.0177435874938964,0.9853432178497314,0.9188015460968018,0.0542804040014743,0.0026331504341214,64,46362.0,5.64717847342252e+18,6076801536,117415936,16,1.2558746108687608e-05,6075187200.0,5.64717847342252e+18,46362.0,3.4271459014298484,3.461943151364561,bin_3
config_991,960,8,12,0.0619179755449295,0.958158791065216,0.9360157251358032,0.2802999913692474,2.1751902750111185e-05,64,11002.0,1.4554017326297088e+18,1442161536,136755840,16,2.1751902750111185e-05,720896000.0,7.277008663148544e+17,5501.0,2.301991787777572,2.325482810208055,bin_1
config_991,960,8,12,0.0619179755449295,0.958158791065216,0.9360157251358032,0.2802999913692474,2.1751902750111185e-05,64,11002.0,1.4554017326297088e+18,1442161536,136755840,16,1.4110867823619402e-08,1441792000.0,1.4554017326297088e+18,11002.0,2.0873965610832466,2.1089350367374107,bin_1
config_992,1088,19,8,0.0384127683937549,0.9715422987937928,0.9716871380805968,0.1220858097076416,0.0002464149729348,32,6168.0,1.018341190032298e+18,404246496,335221504,8,0.0002464149729348,203161600.0,5.09170595016149e+17,3084.0,2.0751656237782026,2.095341039466076,bin_1
config_992,1088,19,8,0.0384127683937549,0.9715422987937928,0.9716871380805968,0.1220858097076416,0.0002464149729348,32,6168.0,1.018341190032298e+18,404246496,335221504,8,5.890397759399351e-06,403046400.0,1.018341190032298e+18,6168.0,1.8504421347281967,1.8690302607270537,bin_1
config_993,256,4,16,0.001084235147573,0.8189805746078491,0.915785551071167,0.2115098387002945,0.0064638904295861,64,13858.0,2.231339809147453e+17,1816482048,16281088,16,0.0037667433823722,1592524800.0,1.9597082419637507e+17,12171.0,2.0243814333149643,2.0470961212330177,bin_0
config_993,256,4,16,0.001084235147573,0.8189805746078491,0.915785551071167,0.2115098387002945,0.0064638904295861,64,13858.0,2.231339809147453e+17,1816482048,16281088,16,1.7642826146943395e-05,1815347200.0,2.231339809147453e+17,13858.0,1.9771884812292504,1.999423508683189,bin_0
config_994,448,19,4,0.0377534814178943,0.8111656904220581,0.91541588306427,0.1673393249511718,0.0054784687235951,64,16675.0,1.381336757011513e+18,2185752832,70481152,16,0.0054784687235951,1592524800.0,1.0082308647428562e+18,12171.0,1.9248931880857123,1.9452136813617145,bin_1
config_994,448,19,4,0.0377534814178943,0.8111656904220581,0.91541588306427,0.1673393249511718,0.0054784687235951,64,16675.0,1.381336757011513e+18,2185752832,70481152,16,4.909022153759112e-05,2182348800.0,1.381336757011513e+18,16675.0,1.7712231216274323,1.7898277790429162,bin_1
config_995,256,12,16,0.1567889302968979,0.865519642829895,0.9017388224601746,0.0316737070679664,9.140660404227674e-05,64,17189.0,4.822920590642381e+17,2253020672,23100928,16,9.140660404227674e-05,1592524800.0,3.4149611093553094e+17,12171.0,2.176261706313149,2.1989751634832286,bin_0
config_995,256,12,16,0.1567889302968979,0.865519642829895,0.9017388224601746,0.0316737070679664,9.140660404227674e-05,64,17189.0,4.822920590642381e+17,2253020672,23100928,16,6.55304698097204e-06,2247884800.0,4.822920590642381e+17,17189.0,2.070095525765028,2.0930498969750326,bin_0
config_996,832,19,8,0.0019753254018723,0.8552501797676086,0.901537835597992,0.1173550710082054,1.4371056749951094e-05,32,4568.0,4.822750592869048e+17,299415136,203736832,8,1.4371056749951094e-05,150732800.0,2.411375296434524e+17,2284.0,2.925444133828898,2.955814925373577,bin_0
config_996,832,19,8,0.0019753254018723,0.8552501797676086,0.901537835597992,0.1173550710082054,1.4371056749951094e-05,32,4568.0,4.822750592869048e+17,299415136,203736832,8,4.826101147371638e-07,298188800.0,4.822750592869048e+17,4568.0,2.696798707149068,2.7250698683691805,bin_0
config_997,384,10,12,0.1678781658411026,0.9638478755950928,0.9783593416213988,0.2234866917133331,0.0006034533726051,64,27416.0,1.1369373842376622e+18,3593600256,37009152,16,0.0006034533726051,1592524800.0,5.047295339785741e+17,12171.0,1.8668520139866187,1.8868994089032785,bin_1
config_997,384,10,12,0.1678781658411026,0.9638478755950928,0.9783593416213988,0.2234866917133331,0.0006034533726051,64,27416.0,1.1369373842376622e+18,3593600256,37009152,16,0.0003019729134009,3191603200.0,1.0094590679571482e+18,24342.0,1.779404456146428,1.7983136082477258,bin_1
config_997,384,10,12,0.1678781658411026,0.9638478755950928,0.9783593416213988,0.2234866917133331,0.0006034533726051,64,27416.0,1.1369373842376622e+18,3593600256,37009152,16,1.5758534293589454e-06,3591372800.0,1.1369373842376622e+18,27416.0,1.7304978315947486,1.7488396877538963,bin_1
config_998,960,4,24,0.0865956619381904,0.9087481498718262,0.9491114616394044,0.0529725737869739,0.0001744240289554,32,9610.0,4.0899521962192896e+17,629816256,92511360,16,0.0001744240289554,314572800.0,2.0449760981096448e+17,4805.0,2.110109515815485,2.130993254458318,bin_0
config_998,960,4,24,0.0865956619381904,0.9087481498718262,0.9491114616394044,0.0529725737869739,0.0001744240289554,32,9610.0,4.0899521962192896e+17,629816256,92511360,16,3.426798211304512e-06,629145600.0,4.0899521962192896e+17,9610.0,1.932119369975856,1.9524851538314196,bin_0
config_999,1024,5,4,0.045400496572256,0.9839205145835876,0.9742733240127563,0.1779716610908508,4.160497701377608e-05,64,14641.0,1.57378155875559e+18,1919052288,115720192,16,3.978426016941121e-05,1592524800.0,1.308277805588026e+18,12171.0,1.9381530119161137,1.958930082672932,bin_1
config_999,1024,5,4,0.045400496572256,0.9839205145835876,0.9742733240127563,0.1779716610908508,4.160497701377608e-05,64,14641.0,1.57378155875559e+18,1919052288,115720192,16,6.548192159557843e-07,1913651200.0,1.57378155875559e+18,14641.0,1.895631537320184,1.916079898271404,bin_1
