config_id,d_model,n_layers,n_heads,weight_decay,beta1,beta2,warmup_steps,cooldown_steps,initial_lr,global_batch_size,final_step,total_compute,n_data,n_param,micro_batch_size,current_lr,tokens_so_far,train_loss_so_far,flops_so_far,eval_step,valid_loss,test_loss,hellaswag_acc,arc_challenge_acc,arc_easy_acc,copa_acc,openbookqa_acc,piqa_acc
config_1,320,12,16,0.0132792294025421,0.9559746980667114,0.9189565181732178,0.05,0.2744268774986267,0.0004101854865439,32,14725,2.8099033743458304e+17,965026304,32808320,16,2.538276525643104e-06,963379200,1.9660661220550537,2.8099033743458304e+17,14725,1.913160704754214,1.931784472036148,0.2585142401911969,0.2261092150170648,0.2672558922558922,0.54,0.186,0.5348204570184983
config_2,576,13,16,0.0143020534887909,0.8083764314651489,0.934376299381256,0.05,0.2957313954830169,0.0003822118742391,64,70553,6.180364669405889e+18,9247547392,80732160,16,5.4957612285132774e-08,9247129600,1.5797673463821411,6.180364669405889e+18,70553,1.6202779341186315,1.6349321781386863,0.2548297151961761,0.2150170648464164,0.2605218855218855,0.57,0.18,0.528835690968444
config_3,960,8,10,0.0104353344067931,0.8367506861686707,0.9004706740379333,0.05,0.2447778880596161,0.0022849114611744,32,7784,5.148568527925248e+17,510173056,136755840,16,4.078057201046311e-05,507904000,2.841295003890991,5.148568527925248e+17,7784,2.782115927959921,2.8107694244858124,0.2548297151961761,0.220136518771331,0.2512626262626262,0.56,0.158,0.5315560391730142
config_4,832,23,8,0.0087910573929548,0.8677055239677429,0.9440151453018188,0.05,0.0205717030912637,0.0001162478729384,128,49046,2.43900638727399e+19,12857278464,237822208,8,5.304962455522319e-06,12845056000,1.426776647567749,2.43900638727399e+19,49046,1.511295383222381,1.5246791172419272,0.2589125672176857,0.2141638225255972,0.2525252525252525,0.61,0.154,0.5277475516866159
config_5,1088,6,16,0.0046641048975288,0.882346510887146,0.917036771774292,0.05,0.2977033853530884,0.0046755392104387,32,5346,3.5743704595664486e+17,350403808,143287424,16,0.0001351821519045,347340800,3.2105462551116943,3.5743704595664486e+17,5346,3.094616769717565,3.1255770746955336,0.2540330611431985,0.2226962457337884,0.2643097643097643,0.55,0.16,0.5223068552774756
config_6,320,19,16,0.0046177962794899,0.8086081743240356,0.9544946551322936,0.05,0.264844536781311,1.14577369458857e-05,64,13314,7.063091856285696e+17,1745201920,42561280,16,4.549299978513893e-08,1743257600,2.815742254257202,7.063091856285696e+17,13314,2.7888104967746634,2.8178597478224514,0.2568213503286198,0.2244027303754266,0.2516835016835017,0.56,0.176,0.5342763873775843
config_8,320,12,8,0.0015598803292959,0.8480591177940369,0.9169910550117492,0.05,0.2757506668567657,0.0001402002963004,32,3331,6.357286616537088e+16,218333088,32808320,16,4.734432663741151e-06,216268800,2.469862699508667,6.357286616537088e+16,3331,2.470488022940477,2.4951115893974425,0.253236407090221,0.2440273037542662,0.2525252525252525,0.49,0.158,0.5130576713819369
config_9,1088,12,8,0.1977607160806656,0.8288569450378418,0.9649189114570618,0.05,0.0246883407235145,0.0019361430313438,64,9360,2.1003631393989427e+18,1226893952,231872384,8,8.381571564258935e-05,1225523200,1.7256484031677246,2.1003631393989427e+18,9360,1.7958203892767584,1.813974328056425,0.2542322246564429,0.2090443686006826,0.2638888888888889,0.59,0.148,0.5239390642002176
config_10,256,10,8,0.0110481297597289,0.9453505277633668,0.920198917388916,0.05,0.040860541164875,0.0099732372909784,64,74513,1.8679437656362844e+18,9766611968,21395968,16,4.2592669113902457e-05,9764864000,1.7848424911499023,1.8679437656362844e+18,74513,1.802013479400255,1.8179803949541924,0.2608046205935073,0.1996587030716723,0.2571548821548821,0.52,0.154,0.529379760609358
config_11,832,16,16,0.0067849024198949,0.8052833676338196,0.9033308625221252,0.05,0.2222540229558944,0.0002103319420712,32,10867,9.942470508529828e+17,712197184,178172800,8,1.4805975218263082e-06,711065600,1.9188323020935056,9.942470508529828e+17,10867,1.852486517004949,1.87133599249425,0.2524397530372436,0.2175767918088737,0.2676767676767677,0.52,0.204,0.5261153427638737
config_12,1152,11,12,0.011310419999063,0.9212814569473268,0.9259523153305054,0.05,0.01957368850708,0.0040657152421772,64,27527,6.169807591376486e+18,3608057600,233123328,8,0.0002040414712616,3604480000,3.0335731506347656,6.169807591376486e+18,27527,2.953870007300478,2.970385828126956,0.256423023302131,0.2329351535836177,0.247053872053872,0.54,0.156,0.5261153427638737
config_13,512,17,16,0.0077903103083372,0.8364718556404114,0.9210257530212402,0.05,0.1558320522308349,0.0003470052033662,64,51561,4.838694406987973e+18,6758298624,83693568,16,4.751129246986698e-07,6756761600,1.7328426837921145,4.838694406987973e+18,51561,1.6436853906116695,1.6590502277493635,0.256423023302131,0.2064846416382252,0.2601010101010101,0.52,0.178,0.5250272034820457
config_14,256,16,16,0.0269946958869695,0.860435962677002,0.9427583813667296,0.05,0.0423292107880115,0.0002349194401176,64,19182,6.528936458508042e+17,2514246144,26510848,16,9.269324394285152e-06,2510028800,1.7001190185546875,6.528936458508042e+17,19182,1.88754202012802,1.9076201205052403,0.2546305516829317,0.2252559726962457,0.2634680134680134,0.62,0.192,0.5326441784548422
config_15,1152,16,16,0.1281783431768417,0.8709485530853271,0.9239434599876404,0.05,0.1199620142579078,0.0001739525905577,64,8572,2.617362384757162e+18,1123657856,312761088,8,3.722720809601598e-06,1120665600,1.9102357625961304,2.617362384757162e+18,8572,1.7237630352350743,1.742096397006362,0.2556263692491535,0.2389078498293515,0.2533670033670033,0.58,0.176,0.5315560391730142
config_16,704,8,22,0.0021382959093898,0.9441627264022828,0.916120946407318,0.05,0.0944500789046287,0.0002752876898739,128,41875,7.174412678548685e+18,10977462272,85869696,16,1.7401244619086277e-06,10970726400,1.5871561765670776,7.174412678548685e+18,41875,1.6035096502481128,1.6178468345098314,0.2566221868153754,0.204778156996587,0.2622053872053872,0.58,0.162,0.5413492927094669
config_17,384,23,16,0.1259277760982513,0.8496121764183044,0.9804573059082032,0.05,0.2800866663455963,0.0005876030772924,64,12223,9.246103544105532e+17,1602220544,60022272,16,3.948253221655379e-06,1599078400,1.9121729135513303,9.246103544105532e+17,12223,1.7558539189931412,1.7742468720926354,0.2529376618203545,0.2150170648464164,0.2575757575757575,0.54,0.176,0.5179542981501633
config_18,448,12,16,0.0018611494451761,0.8498718738555908,0.928823947906494,0.05,0.207493245601654,0.0042910231277346,64,48493,2.853457141687714e+18,6356115968,52812928,16,1.833952832646768e-05,6350438400,1.653425931930542,2.853457141687714e+18,48493,1.6793646802747286,1.694956267064337,0.2534355706034654,0.2158703071672355,0.2651515151515151,0.5,0.172,0.5266594124047879
config_19,896,14,16,0.0573401786386966,0.9260037541389464,0.951003074645996,0.05,0.2415649443864822,0.0016180668026208,64,8328,1.5570668799407557e+18,1091648768,186369792,8,2.25290255959148e-05,1087897600,1.593435525894165,1.5570668799407557e+18,8328,1.7074293656925517,1.7249662827519412,0.2595100577574188,0.2167235494880546,0.2567340067340067,0.6,0.154,0.5326441784548422
config_20,320,17,20,0.0441352501511573,0.8478574752807617,0.9122387766838074,0.05,0.203784629702568,0.0014226961648091,64,59985,2.926973597194322e+18,7862405632,39774720,16,4.073491964031416e-06,7857766400,1.773730993270874,2.926973597194322e+18,59985,1.7287459863356378,1.7451347641459558,0.2573192591117307,0.2175767918088737,0.2622053872053872,0.57,0.148,0.5484221980413493
config_21,832,20,16,0.0300359409302473,0.977047085762024,0.9784560799598694,0.05,0.091295838356018,0.0004408876993693,128,54998,2.4254581429738144e+19,14417606656,212258176,8,4.2148196713260905e-06,14404812800,1.3157821893692017,2.4254581429738144e+19,54998,1.54476376626823,1.5583773749626784,0.2574188408683529,0.2175767918088737,0.2554713804713804,0.54,0.146,0.5321001088139282
config_22,1024,17,16,0.0110320840030908,0.8064497709274292,0.956723928451538,0.05,0.2669802904129028,2.7464457161840983e-05,64,17016,4.565343240459387e+18,2230351360,269885440,8,9.674841800736448e-08,2228224000,1.8001408576965332,4.565343240459387e+18,17016,1.852088770892128,1.8711459554354413,0.2559251145190201,0.2226962457337884,0.2584175084175084,0.55,0.176,0.5397170837867247
config_23,512,19,16,0.0128449872136116,0.8817463517189026,0.9352611899375916,0.05,0.1104201823472976,0.0053081442601978,32,5347,2.7406118713393152e+17,350451264,90511360,8,0.0004228521698801,347340800,3.302039384841919,2.7406118713393152e+17,5347,3.2304822241282856,3.2641069165995864,0.2533359888468433,0.2363481228668942,0.2605218855218855,0.55,0.154,0.5337323177366703
config_24,768,5,24,0.0375687181949615,0.9681217670440674,0.9104373455047609,0.05,0.0288956891745328,0.0006285262643359,64,50895,3.591534802529157e+18,6670942720,74010624,16,1.92405999286518e-05,6665011200,1.7120001316070557,3.591534802529157e+18,50895,1.6719451241024206,1.6864203290861162,0.2533359888468433,0.2226962457337884,0.2613636363636363,0.56,0.18,0.5326441784548422
config_25,576,5,12,0.0093683768063783,0.8831959962844849,0.916224241256714,0.05,0.0240446273237466,1.0500752068764996e-05,64,55712,2.6578818396855337e+18,7302363648,48872448,16,9.410681465659457e-08,7300710400,2.2204089164733887,2.6578818396855337e+18,55712,2.0901742914856456,2.112107823637665,0.2549292969527982,0.2209897610921501,0.2588383838383838,0.56,0.188,0.5233949945593036
config_27,1088,16,16,0.1406401544809341,0.8610662221908569,0.9939342737197876,0.05,0.1830026060342788,3.582799035939388e-05,64,8196,2.33469858891468e+18,1074324736,290929024,8,1.0994580096945398e-06,1068236800,1.7811812162399292,2.33469858891468e+18,8196,1.923981964451368,1.944166752764436,0.2599083847839076,0.2175767918088737,0.2609427609427609,0.55,0.178,0.5070729053318824
config_29,1088,16,16,0.0086383717134594,0.9294519424438475,0.9863791465759276,0.05,0.0843113660812377,0.0001587443257449,32,7668,1.0921576927769764e+18,502562528,290929024,8,4.423216506824359e-06,501350400,2.0326151847839355,1.0921576927769764e+18,7668,1.8301851863548404,1.848712194239507,0.2541326428998207,0.227815699658703,0.2512626262626262,0.53,0.168,0.5043525571273123
config_30,960,24,16,0.0036745357792824,0.8800628185272217,0.9567224979400636,0.05,0.1875524967908859,0.0001465376699343,32,8416,1.3505007384233165e+18,551595968,313733760,8,1.4858065392581404e-06,550502400,1.9185703992843628,1.3505007384233165e+18,8416,1.8364657036007428,1.856047809632098,0.2557259510057757,0.2167235494880546,0.2588383838383838,0.58,0.176,0.5277475516866159
config_32,1088,14,16,0.0020819171331822,0.947775661945343,0.9180178642272948,0.05,0.2781375646591186,0.0001215056690853,128,50979,2.5960173979201044e+19,13363921920,261400704,8,2.485128996032024e-07,13356236800,1.507077932357788,2.5960173979201044e+19,50979,1.4897400996724113,1.503737561390048,0.2594104760007966,0.2030716723549488,0.2680976430976431,0.58,0.188,0.5331882480957563
config_34,1152,10,24,0.0067783254198729,0.9024069905281068,0.95904278755188,0.05,0.2701653838157654,0.008225092664361,32,5764,5.992355910089687e+17,377793696,217195776,8,7.395715947402376e-05,376832000,3.3881702423095703,5.992355910089687e+17,5764,3.201855779085003,3.2355057163316694,0.2558255327623979,0.2448805460750853,0.2596801346801347,0.52,0.17,0.5321001088139282
config_35,256,4,16,0.047404158860445,0.9645520448684692,0.9335826635360718,0.05,0.2640989124774933,0.0022612609900534,32,4779,3.847261030131302e+16,313196608,16281088,16,5.196241577777247e-05,311296000,2.2918732166290283,3.847261030131302e+16,4779,2.2101192666663496,2.231887065269908,0.2551284604660426,0.2312286689419795,0.2571548821548821,0.52,0.162,0.514145810663765
config_36,704,24,8,0.0051701162010431,0.9035282731056212,0.9945122003555298,0.05,0.0462554991245269,1.6447580492240377e-05,64,19477,3.92114824755875e+18,2552938752,186817664,8,4.93427414767211e-07,2549350400,2.0536978244781494,3.92114824755875e+18,19477,1.951438476492147,1.9717565433510007,0.2514439354710217,0.212457337883959,0.2584175084175084,0.55,0.158,0.5348204570184983
config_37,384,12,24,0.0056938407942652,0.9702830910682678,0.9245150685310364,0.05,0.0677775666117668,6.283398397499695e-05,128,56744,5.302862166196224e+18,14875356160,40549632,16,7.190364876202485e-07,14863564800,1.7956788539886477,5.302862166196224e+18,56744,1.780344376954876,1.794601475019924,0.2530372435769767,0.2226962457337884,0.2537878787878788,0.56,0.168,0.5233949945593036
config_38,704,16,22,0.0141976652666926,0.8837316036224365,0.9634721279144288,0.05,0.093929998576641,2.373611459915992e-05,32,7587,5.443822476183675e+17,497267744,136343680,8,1.233477865405781e-06,494796800,2.517606735229492,5.443822476183675e+17,7587,2.442311825889056,2.468622900032606,0.2576180043815972,0.2406143344709897,0.2655723905723905,0.5,0.158,0.5261153427638737
config_39,704,5,22,0.052173975855112,0.9013373851776124,0.9686514735221864,0.05,0.0799318179488182,0.0069445897825062,32,8547,2.734262151584072e+17,560170176,66941952,16,0.0004778853876688,557056000,3.267240762710572,2.734262151584072e+17,8547,3.1108510090093144,3.1438092467042265,0.2548297151961761,0.2423208191126279,0.2626262626262626,0.54,0.16,0.5321001088139282
config_40,576,5,24,0.0401831865310668,0.9290140867233276,0.9115337133407592,0.05,0.0972509682178497,0.0001781737373676,64,20181,9.627863131844444e+17,2645195008,48872448,16,2.8151813753292854e-06,2641100800,1.6818852424621582,9.627863131844444e+17,20181,1.826764790816385,1.846748716401272,0.2547301334395538,0.2133105802047781,0.2626262626262626,0.6,0.182,0.5348204570184983
config_41,832,5,8,0.0761127769947052,0.9640675783157348,0.9051052331924438,0.05,0.1276539266109466,0.0065104756504297,64,25536,2.0377421121872847e+18,3347094016,84438016,16,7.191688352729993e-05,3342336000,1.7686254978179932,2.0377421121872847e+18,25536,1.736280251995462,1.754306462592766,0.256423023302131,0.2150170648464164,0.2613636363636363,0.54,0.158,0.5413492927094669
config_42,576,20,12,0.0140387089923024,0.8388198614120483,0.9855701327323914,0.05,0.093000628054142,0.0054623712785542,64,61610,7.547468496072081e+18,8075352064,108609408,8,9.53459814724035e-06,8074035200,1.4631541967391968,7.547468496072081e+18,61610,1.5698841026376504,1.5849556478320574,0.2560246962756423,0.2158703071672355,0.273989898989899,0.6,0.178,0.5282916213275299
config_43,384,21,24,0.1175562143325805,0.9758898615837096,0.980487823486328,0.05,0.1420563906431198,0.0027835546061396,64,30466,2.14429587939636e+18,3993306368,56481792,16,1.0292783382998516e-05,3991142400,1.7430723905563354,2.14429587939636e+18,30466,1.7244691998450483,1.7427157466137997,0.2560246962756423,0.2192832764505119,0.2588383838383838,0.56,0.16,0.5266594124047879
config_44,512,10,8,0.1910098493099212,0.8299545645713806,0.9952585697174072,0.05,0.1549912691116333,0.0001025907331495,64,34857,2.2147854619870487e+18,4568900608,59831296,16,1.3293875084171468e-07,4567859200,1.8597031831741333,2.2147854619870487e+18,34857,1.717010974415013,1.734441689780501,0.2542322246564429,0.2116040955631399,0.2622053872053872,0.56,0.178,0.5125136017410229
config_46,832,22,16,0.0036375320050865,0.851310133934021,0.9188998341560364,0.05,0.0943441689014434,0.0005128267221152,32,5158,6.171372320481239e+17,338079648,229300864,8,8.441592133584769e-06,337510400,1.86152184009552,6.171372320481239e+17,5158,1.908745706140018,1.9291815391524887,0.256423023302131,0.2073378839590443,0.2596801346801347,0.51,0.172,0.5369967355821545
config_48,832,19,8,0.0015813215868547,0.9412256479263306,0.9544350504875184,0.05,0.1884922683238983,0.0026103777345269,64,14346,3.0287450779806106e+18,1880362880,203736832,8,4.440731353115438e-05,1874329600,1.6101762056350708,3.0287450779806106e+18,14346,1.672864086119855,1.6904271220965463,0.2546305516829317,0.2329351535836177,0.2592592592592592,0.54,0.16,0.5402611534276387
config_49,448,17,16,0.0703160539269447,0.9858100414276124,0.9020612239837646,0.05,0.2340794652700424,9.315691568190232e-05,64,25754,1.956795672432771e+18,3375675648,65433088,16,6.181613515720229e-08,3375104000,1.991693377494812,1.956795672432771e+18,25754,1.946280138062649,1.9654092502594,0.2541326428998207,0.2244027303754266,0.265993265993266,0.57,0.16,0.5277475516866159
config_50,384,7,16,0.0083937430754303,0.961845874786377,0.9862270355224608,0.05,0.057060707360506,1.3525849681172986e-05,64,44638,1.4990748068826317e+18,5850817024,31698432,16,2.0179909222009305e-07,5845811200,2.279336214065552,1.4990748068826317e+18,44638,2.1812727182419573,2.203814510009328,0.2559251145190201,0.2056313993174061,0.2394781144781144,0.54,0.148,0.4989118607181719
config_51,320,21,4,0.1319144815206527,0.9003822207450867,0.9714474081993104,0.05,0.2767691612243652,0.0013687526807188,64,22977,1.3165813090566144e+18,3011702272,45347840,16,5.811656294922151e-06,3008102400,1.8137626647949217,1.3165813090566144e+18,22977,1.7191335973974131,1.7372388998797683,0.255327623979287,0.2116040955631399,0.2735690235690236,0.57,0.172,0.5326441784548422
config_52,832,10,16,0.0011477335356175,0.8643050193786621,0.9115625619888306,0.05,0.1769309937953949,0.0090134851634502,64,32087,4.065471779085091e+18,4205794304,127044736,16,5.874563168005269e-05,4200857600,2.534385919570923,4.065471779085091e+18,32087,2.6520143782506223,2.680109145367732,0.2575184226249751,0.2269624573378839,0.2592592592592592,0.54,0.162,0.5277475516866159
config_53,448,10,8,0.0153968902304768,0.8785185217857361,0.9309005737304688,0.05,0.0467038415372371,0.0077679315581917,32,14803,3.847898370160804e+17,970140224,47764864,16,3.372473903701188e-05,969932800,2.686922550201416,3.847898370160804e+17,14803,2.675273383015492,2.704319943756354,0.255327623979287,0.2261092150170648,0.2651515151515151,0.51,0.176,0.5348204570184983
config_54,384,24,16,0.0033426827285438,0.8811138868331909,0.903925120830536,0.05,0.2756912112236023,7.142902177292854e-05,64,28044,2.194941409698448e+18,3675790080,61792512,16,4.065291628520009e-07,3670016000,1.7510305643081665,2.194941409698448e+18,28044,1.8504345715632204,1.8709307807781657,0.2577175861382195,0.2098976109215017,0.2491582491582491,0.57,0.176,0.5261153427638737
config_55,832,17,16,0.0913548916578292,0.8025023341178894,0.937713384628296,0.05,0.051903948187828,0.0001684664166532,64,68819,1.3238146885321753e+19,9020311552,186694144,8,8.963488984630851e-07,9017753600,1.5603227615356443,1.3238146885321753e+19,68819,1.5440654580808078,1.561072927166204,0.2573192591117307,0.2218430034129692,0.2617845117845118,0.55,0.178,0.5201305767138193
config_56,512,19,8,0.0167514309287071,0.9526915550231934,0.9388031959533693,0.05,0.2194300591945648,0.0004948822315782,32,4139,2.12127364104192e+17,271254400,90511360,8,2.1255954880562776e-05,268697600,1.722806692123413,2.12127364104192e+17,4139,2.040741389481748,2.061778025158116,0.2560246962756423,0.227815699658703,0.2504208754208754,0.56,0.178,0.530467899891186
config_57,576,21,8,0.1570431143045425,0.9747588634490968,0.9676585793495178,0.05,0.2478415071964264,0.0034987910185009,64,29936,3.816606625067336e+18,3923829504,112591872,8,1.6977554477157816e-05,3919052800,1.7312743663787842,3.816606625067336e+18,29936,1.6491901605246495,1.666332339869171,0.2571200955984863,0.220136518771331,0.2643097643097643,0.59,0.16,0.5228509249183896
config_58,384,8,24,0.0846504420042038,0.90314918756485,0.944480836391449,0.05,0.0648185163736343,0.0005973482038825,64,16350,5.920750720100598e+17,2143100416,33468672,16,0.0,2143027200,1.8339704275131223,5.920750720100598e+17,16350,1.827770896974157,1.84735671074664,0.258016331408086,0.2098976109215017,0.2655723905723905,0.54,0.178,0.5266594124047879
config_59,1152,15,12,0.0020194409880787,0.9488442540168762,0.9065175652503968,0.05,0.2515814304351806,0.0001486756373196,128,49228,2.846111851570633e+19,12904843264,296833536,8,3.3615292675638684e-07,12897484800,1.5835753679275513,2.846111851570633e+19,49228,1.472458775971757,1.486236734517285,0.2546305516829317,0.2107508532423208,0.2558922558922559,0.56,0.15,0.5359085963003264
config_60,896,17,8,0.0049654087051749,0.8443569540977478,0.9319012761116028,0.05,0.0809705629944801,6.851112993899733e-05,32,8514,9.341741751154606e+17,558025664,216652800,8,1.392098431271356e-06,557056000,1.9610905647277832,9.341741751154606e+17,8514,1.9607977910315404,1.9815321856444,0.2549292969527982,0.2158703071672355,0.2584175084175084,0.57,0.196,0.5266594124047879
config_61,320,18,16,0.0417447797954082,0.8730454444885254,0.9468849897384644,0.05,0.2623434662818908,0.0001950511505128,64,16872,8.591515107980083e+17,2211488256,41168000,16,9.695267309722854e-07,2208563200,1.9545223712921145,8.591515107980083e+17,16872,1.846325368177696,1.8666505828841788,0.2554272057359091,0.2209897610921501,0.2626262626262626,0.54,0.174,0.5413492927094669
config_62,576,14,12,0.0210950225591659,0.9314248561859132,0.9198376536369324,0.05,0.2632162272930145,0.0091721760109066,32,10014,4.636184354568438e+17,656340864,84714624,16,4.8732623966867006e-05,655360000,3.3365917205810547,4.636184354568438e+17,10014,3.1965081245391094,3.230177930065843,0.2570205138418642,0.2167235494880546,0.2567340067340067,0.54,0.156,0.5228509249183896
config_63,640,9,16,0.0154457325115799,0.977095663547516,0.9156192541122437,0.05,0.1500952094793319,1.6280939235002734e-05,64,10220,8.157023331950592e+17,1339655552,77900800,16,2.1240625225052618e-07,1336934400,2.401643753051758,8.157023331950592e+17,10220,2.374517433643341,2.399479414986782,0.258016331408086,0.2064846416382252,0.2596801346801347,0.52,0.174,0.514689880304679
config_64,704,19,8,0.0095071587711572,0.9157174825668336,0.9921717047691344,0.05,0.2740767300128937,9.062713797902688e-05,64,20907,3.4534220147499663e+18,2740392704,155271424,8,1.1071378112620237e-07,2739404800,1.679565668106079,3.4534220147499663e+18,20907,1.691450278309525,1.7092915802119208,0.2525393347938657,0.2192832764505119,0.2466329966329966,0.58,0.156,0.5353645266594124
config_65,832,13,16,0.0094582019373774,0.8123701810836792,0.9615921974182128,0.05,0.0611293874680995,0.0063479235395789,64,14405,2.230503002606961e+18,1888125696,152608768,8,3.606774738397142e-05,1887436800,3.1041200160980225,2.230503002606961e+18,14405,3.033392683795241,3.066536859019858,0.2577175861382195,0.2482935153583617,0.2546296296296296,0.52,0.142,0.528835690968444
config_66,832,16,16,0.0311167854815721,0.9072998762130736,0.9719370007514954,0.05,0.1618235558271408,2.14768460864434e-05,32,11290,1.0329229617423974e+18,739901440,178172800,8,4.7046760320796214e-07,737280000,2.419604539871216,1.0329229617423974e+18,11290,2.2098912306887204,2.2323264052828806,0.2574188408683529,0.2337883959044368,0.2516835016835017,0.53,0.162,0.5217627856365615
config_67,512,18,4,0.1484922170639038,0.8368839025497437,0.9812061190605164,0.05,0.1541435569524765,4.523794268607162e-05,64,45606,4.477255472430711e+18,5977695744,87102464,8,3.8615401353881264e-08,5976883200,1.7921380996704102,4.477255472430711e+18,45606,1.717734799560953,1.7343072088429186,0.2528380800637323,0.2090443686006826,0.2676767676767677,0.6,0.184,0.514689880304679
config_68,960,6,16,0.0018442801665514,0.8008342981338501,0.9289605021476746,0.05,0.0794780254364013,1.159663406724576e-05,32,12592,6.843994321917542e+17,825289088,114633600,16,4.870586308243223e-07,822476800,2.39767861366272,6.843994321917542e+17,12592,2.401209581289135,2.425433783374849,0.2562238597888867,0.2158703071672355,0.2508417508417508,0.57,0.162,0.5217627856365615
config_69,704,4,8,0.0020221639424562,0.9063819646835328,0.935690701007843,0.05,0.0581231862306594,0.0011461600661277,64,31705,1.7992425888223396e+18,4155638016,60632704,16,3.111183675699736e-06,4154982400,1.7113959789276123,1.7992425888223396e+18,31705,1.7264940023813091,1.7461831500491158,0.2556263692491535,0.2363481228668942,0.2474747474747475,0.58,0.17,0.5315560391730142
config_70,576,9,12,0.0021633733995258,0.8554425835609436,0.9366718530654908,0.05,0.1451856791973114,0.0005860120872966,64,25460,1.7224506081088635e+18,3337111552,64802304,16,1.5855305392225997e-06,3335782400,1.572055101394653,1.7224506081088635e+18,25460,1.70574701043426,1.7237104440907962,0.2561242780322645,0.2107508532423208,0.2643097643097643,0.59,0.166,0.5331882480957563
config_71,1088,10,8,0.0101549969986081,0.9835765957832336,0.971740424633026,0.05,0.2814498841762543,0.0009788949973881,32,3646,3.53985785371349e+17,238967392,202344064,8,4.388807980492576e-05,235929600,2.764757871627808,3.53985785371349e+17,3646,2.6737999731204547,2.7027616814707147,0.2517426807408883,0.2269624573378839,0.2567340067340067,0.57,0.174,0.5321001088139282
config_73,576,17,6,0.0035822440404444,0.9715679883956908,0.9843760132789612,0.05,0.0545642152428627,0.0021072516683489,64,11018,1.184952579139879e+18,1444184704,96662016,8,6.31123627791684e-05,1441792000,1.8752403259277344,1.184952579139879e+18,11018,1.7682098959703914,1.7869386297757508,0.2579167496514638,0.2209897610921501,0.2584175084175084,0.57,0.178,0.5261153427638737
config_74,448,9,14,0.0041324258781969,0.9229406714439392,0.9746575951576232,0.05,0.2482709437608719,0.0002434874768368,128,42199,4.098461270603858e+18,11062440960,45240832,16,1.138878041715102e-06,11049369600,1.7121788263320925,4.098461270603858e+18,42199,1.6793299348237083,1.697022867906289,0.2557259510057757,0.2252559726962457,0.2588383838383838,0.59,0.18,0.5217627856365615
config_75,1152,17,8,0.0018994017736986,0.8657504320144653,0.9110482931137084,0.05,0.0464258044958114,2.1190589905017987e-05,64,8579,2.758619852644221e+18,1124504832,328688640,8,1.5440379579033211e-06,1120665600,2.193136215209961,2.758619852644221e+18,8579,2.0172860706829634,2.0381590703471764,0.2549292969527982,0.2354948805460751,0.2655723905723905,0.58,0.158,0.5244831338411317
config_76,832,5,16,0.1159383803606033,0.900098443031311,0.9499478936195374,0.05,0.1116463989019393,0.0011595545802265,64,28328,2.2605148219503084e+18,3713009408,84438016,16,1.0268035498527204e-05,3709337600,1.7316765785217283,2.2605148219503084e+18,28328,1.6771578267363252,1.6946513205668965,0.2555267874925314,0.2150170648464164,0.2457912457912457,0.6,0.164,0.5321001088139282
config_77,576,11,12,0.0014019997324794,0.8952630162239075,0.9969131350517272,0.05,0.1869204193353653,0.0006785303703509,32,3561,1.38232245710592e+17,233406800,72767232,16,1.12238106373837e-05,232652800,2.145534038543701,1.38232245710592e+17,3561,1.9891332758840967,2.009364939126812,0.2561242780322645,0.220136518771331,0.2529461279461279,0.52,0.16,0.5282916213275299
config_78,1088,20,8,0.0090747708454728,0.8438695073127747,0.9205968379974364,0.05,0.1442849487066269,0.0005630479427054,64,27855,9.618522192251191e+18,3651096576,349985664,8,7.00482635861469e-07,3650355200,1.494739055633545,9.618522192251191e+18,27855,1.5538458513236435,1.5699827402341562,0.2588129854610635,0.2261092150170648,0.2571548821548821,0.54,0.166,0.5228509249183896
config_79,832,14,16,0.0432093925774097,0.8657392263412476,0.9106143116950988,0.05,0.2066121399402618,9.625749953556806e-05,32,9331,7.662289989647155e+17,611565760,161130112,8,1.5485119281798663e-06,609484800,1.9154279232025144,7.662289989647155e+17,9331,1.9467891628038687,1.9680193596003488,0.2525393347938657,0.2158703071672355,0.2537878787878788,0.53,0.182,0.5321001088139282
config_80,832,22,8,0.0021633363794535,0.9252657890319824,0.933542251586914,0.05,0.0254243742674589,0.0005315479356795,32,11342,1.3569492067458662e+18,743362880,229300864,8,7.751740728660173e-05,740556800,1.9900182485580444,1.3569492067458662e+18,11342,1.7928222759825283,1.81134417522149,0.2543318064130651,0.2363481228668942,0.2491582491582491,0.57,0.176,0.5282916213275299
config_83,512,5,16,0.0590814463794231,0.9042879939079284,0.9319843649864196,0.05,0.290659636259079,0.0019917532335966,32,11867,2.4856130157930086e+17,777722176,42786816,16,9.817281812451051e-06,776601600,1.8251479864120483,2.4856130157930086e+17,11867,1.886267758353812,1.906753520809236,0.2549292969527982,0.2192832764505119,0.2554713804713804,0.57,0.158,0.5261153427638737
config_84,896,6,14,0.0275354739278554,0.8049829006195068,0.9204747676849364,0.05,0.2789964377880096,0.0005907823215238,32,5432,2.726028289082327e+17,355998592,105615104,16,1.2478570487633057e-05,353894400,1.8513702154159544,2.726028289082327e+17,5432,1.9308803870248008,1.9504199302782776,0.2572196773551085,0.2440273037542662,0.25,0.6,0.156,0.5326441784548422
config_85,1088,19,16,0.0023166886530816,0.9207138419151306,0.9767449498176576,0.05,0.0402879975736141,0.0001373999693896,32,12054,1.9900842552113723e+18,789995136,335221504,8,1.1331956238322686e-06,789708800,1.862532615661621,1.9900842552113723e+18,12054,1.7644974028673328,1.783175219649174,0.2560246962756423,0.220136518771331,0.2651515151515151,0.6,0.186,0.5484221980413493
config_86,576,16,24,0.0019819978624582,0.8605764508247375,0.942360818386078,0.05,0.1421839296817779,0.0001457703765481,64,19297,1.979096174226801e+18,2529339648,92679552,16,2.497706050952987e-06,2523136000,1.731040358543396,1.979096174226801e+18,19297,1.7489200839058296,1.7681808529134655,0.2551284604660426,0.1996587030716723,0.2542087542087542,0.51,0.196,0.5380848748639826
config_87,896,16,4,0.1519194096326828,0.8228392601013184,0.9976667761802672,0.05,0.0490393675863742,2.182521166105289e-05,64,18193,3.795271987369476e+18,2384721408,206558464,8,1.0521122213287833e-06,2378956800,2.0115981101989746,3.795271987369476e+18,18193,1.8570299332649984,1.876404748783737,0.2514439354710217,0.2167235494880546,0.2706228956228956,0.62,0.158,0.5212187159956474
config_88,512,10,16,0.0227896273136138,0.9267362356185912,0.9543328285217284,0.05,0.0474278777837753,0.0012014850508421,64,15425,9.801057209352192e+17,2021868800,59831296,16,4.109046001512205e-05,2018508800,1.739344835281372,9.801057209352192e+17,15425,1.7292814887156251,1.7474100816445273,0.2556263692491535,0.2269624573378839,0.2647306397306397,0.51,0.148,0.529379760609358
config_89,320,20,16,0.0380267202854156,0.97506183385849,0.9559102654457092,0.05,0.1020795851945877,3.930078310077079e-05,64,32585,1.7978098112018842e+18,4270991104,43954560,16,4.1356807231719093e-07,4266393600,2.175229787826538,1.7978098112018842e+18,32585,1.9456750555116624,1.967809603566029,0.255327623979287,0.220136518771331,0.2605218855218855,0.57,0.158,0.5413492927094669
config_91,384,4,24,0.0072565493173897,0.8237177729606628,0.9752535820007324,0.05,0.049342293292284,3.632531297625974e-05,128,44934,2.309386371131769e+18,11779321856,26387712,16,5.570864416747087e-07,11770265600,1.9906692504882808,2.309386371131769e+18,44934,2.014437996364031,2.036963759211244,0.253734315873332,0.2141638225255972,0.2542087542087542,0.57,0.172,0.5174102285092492
config_92,768,10,16,0.0375810004770755,0.8442776203155518,0.9599568247795104,0.05,0.0991046950221061,8.73399039846845e-05,64,52040,5.764395493275992e+18,6821016064,109407744,16,6.774473840192696e-07,6815744000,1.7494587898254397,5.764395493275992e+18,52040,1.6461309266872093,1.6624247793682283,0.2566221868153754,0.2167235494880546,0.271043771043771,0.6,0.194,0.530467899891186
config_93,384,19,8,0.0055541303008794,0.8296937942504883,0.9508715271949768,0.05,0.2014370411634445,1.4202274542185478e-05,32,3713,1.2090755093866906e+17,243341088,52941312,16,2.471614043486076e-07,242483200,3.0435869693756104,1.2090755093866906e+17,3713,3.1108293229243795,3.1434428533960563,0.2565226050587532,0.2269624573378839,0.257996632996633,0.53,0.168,0.5397170837867247
config_94,896,7,8,0.0011437655193731,0.8389226794242859,0.9393162727355956,0.05,0.1194719225168228,0.003972927108407,128,49528,1.1014142775148413e+19,12983527424,115709440,16,1.880039868774625e-05,12976128000,1.5878512859344482,1.1014142775148413e+19,49528,1.543992280999168,1.558912298952947,0.253734315873332,0.2192832764505119,0.2651515151515151,0.6,0.17,0.5326441784548422
config_97,576,5,24,0.0035539634991437,0.8424938321113586,0.918358027935028,0.05,0.135920450091362,3.684882540255785e-05,32,5939,1.41678211567104e+17,389252000,48872448,16,1.780798253655213e-06,386662400,2.670329570770264,1.41678211567104e+17,5939,2.615843042076611,2.643720206823505,0.253734315873332,0.2107508532423208,0.2638888888888889,0.5,0.148,0.5212187159956474
config_98,448,18,8,0.0129954637959599,0.965359389781952,0.9380303621292114,0.05,0.0186958387494087,0.003698862157762,128,55493,8.813170688714736e+18,14547407872,67957120,16,0.000153376155047,14535884800,1.6955320835113523,8.813170688714736e+18,55493,1.5978267994865043,1.609956305066093,0.2546305516829317,0.220136518771331,0.2588383838383838,0.57,0.16,0.5059847660500544
config_99,960,16,24,0.1774781048297882,0.9020640254020692,0.9400878548622132,0.05,0.01721803098917,3.054274930036627e-05,64,26041,5.900816678364611e+18,3413311232,225244800,8,2.79520696722102e-06,3407872000,1.7051432132720947,5.900816678364611e+18,26041,1.7721996248159253,1.7916693919994793,0.2542322246564429,0.2218430034129692,0.2613636363636363,0.54,0.166,0.5386289445048966
config_101,448,6,16,0.0169699434190988,0.9789988994598388,0.9388537406921388,0.05,0.1072206497192382,0.0005221497267484,64,54092,2.0705484286358323e+18,7090002432,37668736,16,3.781736251670209e-06,7084441600,1.7861698865890503,2.0705484286358323e+18,54092,1.723590162780149,1.74018399499706,0.2550288787094204,0.2073378839590443,0.2596801346801347,0.58,0.166,0.5261153427638737
config_102,960,11,20,0.0013601216487586,0.9374064803123474,0.9187837839126588,0.05,0.0700860694050788,0.0051341792568564,32,10042,8.417644777739059e+17,658129664,169939200,8,0.0003067361718178,655360000,3.037204504013061,8.417644777739059e+17,10042,3.052902620543453,3.083511560924946,0.2530372435769767,0.2209897610921501,0.2491582491582491,0.56,0.19,0.5326441784548422
config_103,1152,24,16,0.1009353175759315,0.842544674873352,0.9827691316604614,0.05,0.1769083738327026,0.002076867269352,32,13385,2.912552297940271e+18,877214656,440181504,8,3.070990892578042e-05,874905600,3.2682931423187256,2.912552297940271e+18,13385,3.174262734671108,3.208777855028872,0.2542322246564429,0.2235494880546075,0.2567340067340067,0.57,0.156,0.5408052230685527
config_106,640,5,16,0.0536591298878192,0.8733065724372864,0.9073991775512696,0.05,0.2389845848083496,0.0057292403653264,64,51481,2.861589101421527e+18,6747788288,57579520,16,1.4436027905804888e-05,6743654400,1.6609289646148682,2.861589101421527e+18,51481,1.701676914713579,1.7191515603861098,0.2567217685719976,0.2226962457337884,0.2609427609427609,0.55,0.166,0.5337323177366703
config_107,832,13,16,0.0902814045548439,0.8629905581474304,0.9867217540740968,0.05,0.2638017833232879,0.008754183538258,64,8077,1.2507597518088192e+18,1058770880,152608768,8,0.0001109685237243,1055129600,3.3776981830596924,1.2507597518088192e+18,8077,3.486915605641975,3.5227669512043365,0.2563234415455088,0.2209897610921501,0.2537878787878788,0.51,0.16,0.5315560391730142
config_108,1024,19,16,0.1038149520754814,0.8585208654403687,0.9441851377487184,0.05,0.2702661752700805,9.519714512862264e-05,64,18832,5.557502201078219e+18,2468477184,295579648,8,5.986065325438994e-07,2464153600,1.5811042785644531,5.557502201078219e+18,18832,1.6595864712826718,1.677484738753997,0.2472615016928898,0.2261092150170648,0.2575757575757575,0.58,0.154,0.5212187159956474
config_109,640,17,20,0.0551836527884006,0.8369714021682739,0.9658657312393188,0.05,0.283180832862854,0.0002706914383452,32,13809,8.855437939809485e+17,904989632,118543360,8,6.23074922022251e-07,904396800,1.8528636693954468,8.855437939809485e+17,13809,1.7878152372322005,1.8064261387879248,0.2548297151961761,0.2372013651877133,0.2533670033670033,0.54,0.176,0.5369967355821545
config_110,256,12,16,0.1361991614103317,0.8975043296813965,0.9504519701004028,0.05,0.2623507082462311,5.9642545238602906e-05,64,8527,2.3925880826560512e+17,1117694208,23100928,16,7.198697905419228e-07,1114112000,2.441567897796631,2.3925880826560512e+17,8527,2.444515079556053,2.469305005432916,0.2560246962756423,0.2192832764505119,0.263047138047138,0.56,0.156,0.5125136017410229
config_111,832,8,8,0.007774805650115,0.818271815776825,0.9725469946861268,0.05,0.0909768864512443,0.000284937035758,64,8020,8.656860373588378e+17,1051220992,110002048,16,7.817202627106957e-06,1048576000,1.808039188385009,8.656860373588378e+17,8020,1.7762771989761887,1.7939949483476827,0.2572196773551085,0.2107508532423208,0.2483164983164983,0.58,0.164,0.5261153427638737
config_112,896,23,16,0.0061714705079793,0.9794992208480836,0.931119441986084,0.05,0.2892825305461883,0.0001902689546113,64,71354,2.0290701184668795e+19,9352611840,277218816,8,3.687204197692982e-08,9351987200,1.603471279144287,2.0290701184668795e+19,71354,1.4777667775701304,1.4933820006397904,0.2543318064130651,0.2133105802047781,0.2617845117845118,0.58,0.158,0.5223068552774756
config_113,512,18,16,0.1424849778413772,0.8090534806251526,0.9306409358978271,0.05,0.2011738568544387,0.0004382849729154,64,37865,3.71731574942702e+18,4963081216,87102464,8,8.631055000303512e-07,4961075200,1.5377509593963623,3.71731574942702e+18,37865,1.6472754156178828,1.661956813537074,0.2548297151961761,0.2235494880546075,0.2693602693602693,0.58,0.144,0.5228509249183896
config_114,1024,24,16,0.181996688246727,0.812188446521759,0.984758734703064,0.05,0.0859238505363464,0.0007057221373543,32,6606,1.196055049949872e+18,432950176,359815168,8,7.467959125442413e-06,432537600,2.0006494522094727,1.196055049949872e+18,6606,1.818085566895907,1.8374467540764416,0.2588129854610635,0.2175767918088737,0.2584175084175084,0.53,0.12,0.5402611534276387
config_116,640,8,10,0.0024595244321972,0.8885137438774109,0.983272135257721,0.05,0.2443785518407821,9.258812497137114e-05,64,10309,7.603607794709299e+17,1351303936,72820480,16,3.3080314598743813e-07,1350041600,1.9104435443878167,7.603607794709299e+17,10309,1.891634681291694,1.9116127483323,0.2526389165504879,0.2184300341296928,0.2584175084175084,0.57,0.162,0.5195865070729053
config_117,320,21,10,0.0014648116193711,0.819384753704071,0.9335467219352722,0.05,0.029724420979619,0.0001138764273491,64,61953,3.549837203958989e+18,8120313344,45347840,16,1.8556723631043897e-07,8119910400,1.8737637996673584,3.549837203958989e+18,61953,1.74453233492179,1.7625845413129837,0.2570205138418642,0.212457337883959,0.2727272727272727,0.61,0.158,0.530467899891186
config_118,832,7,16,0.0014208995271474,0.8293660283088684,0.9295414686203004,0.05,0.0032023966778069,0.0001637390523683,64,51538,5.079586490405487e+18,6755308544,101480704,16,3.770959993937249e-05,6750208000,1.681861400604248,5.079586490405487e+18,51538,1.6730748413429886,1.6886628956872909,0.2557259510057757,0.2030716723549488,0.2495791245791245,0.61,0.172,0.5353645266594124
config_119,576,23,18,0.0114337289705872,0.8591312170028687,0.9470757842063904,0.05,0.2235157638788223,0.0036880786065012,32,9836,6.760682619869676e+17,644635072,120556800,8,6.0405291098291226e-05,642252800,3.207447528839112,6.760682619869676e+17,9836,3.078154691715016,3.108567746895175,0.2582154949213304,0.2013651877133105,0.2613636363636363,0.52,0.17,0.529379760609358
config_120,896,4,8,0.0435597114264965,0.9696089029312134,0.9930973052978516,0.05,0.1635321974754333,2.475456494721584e-05,128,49289,7.760142440107868e+18,12920852480,85426432,16,1.1978015297040001e-07,12910592000,1.7246971130371094,7.760142440107868e+18,49289,1.810273855748724,1.8302090729650904,0.2526389165504879,0.2141638225255972,0.2634680134680134,0.62,0.184,0.5179542981501633
config_121,832,13,16,0.0113221295177936,0.8992184400558472,0.9905765056610109,0.05,0.15568907558918,0.000264307425823,64,42705,6.612526030458716e+18,5597517824,152608768,8,1.9878717345296745e-07,5596774400,1.5485161542892456,6.612526030458716e+18,42705,1.5599617207050325,1.5733556355413842,0.2559251145190201,0.220136518771331,0.2617845117845118,0.58,0.184,0.5353645266594124
config_122,512,6,8,0.0621223002672195,0.8897701501846313,0.9660729765892028,0.05,0.0235373154282569,1.528522261651233e-05,64,51604,2.3851691410383176e+18,6763908096,46195712,16,5.036317171832788e-08,6763315200,2.15364670753479,2.3851691410383176e+18,51604,2.003034903463832,2.0233573575830643,0.2536347341167098,0.2030716723549488,0.2525252525252525,0.56,0.162,0.5087051142546246
config_123,384,22,16,0.0024510971270501,0.8284271359443665,0.9719297289848328,0.05,0.2322180271148681,0.0008286444935947,64,74994,5.475427131312046e+18,9829741568,58252032,16,2.093738240391014e-06,9823846400,1.5898833274841309,5.475427131312046e+18,74994,1.6352859644029962,1.6521790279716742,0.2562238597888867,0.212457337883959,0.2617845117845118,0.57,0.184,0.514689880304679
config_124,512,6,16,0.0200212094932794,0.9471274614334106,0.9536486864089966,0.05,0.2233599871397018,0.000214345214772,64,12898,5.961734850139914e+17,1690640128,46195712,16,3.5724202462006306e-06,1684275200,1.9130202531814573,5.961734850139914e+17,12898,1.8344413564431847,1.8540224748591327,0.2565226050587532,0.2209897610921501,0.2571548821548821,0.57,0.178,0.5342763873775843
config_125,512,12,16,0.0832136124372482,0.8749970197677612,0.913178563117981,0.05,0.1931610256433487,0.0008339219493791,64,45823,3.308246406268453e+18,6006118912,66649088,16,2.1670099238187872e-06,6003097600,1.8080503940582275,3.308246406268453e+18,45823,1.6607525390062758,1.6771030747189692,0.2595100577574188,0.2056313993174061,0.2575757575757575,0.57,0.158,0.5397170837867247
config_126,960,12,12,0.0010296918917447,0.9298856258392334,0.9253758788108826,0.05,0.1140989959239959,0.0002723115321714,64,22242,3.990995035800699e+18,2915319552,181000320,8,4.50811365833683e-06,2909798400,1.4745886325836182,3.990995035800699e+18,22242,1.6269356436961229,1.6435966649822389,0.2579167496514638,0.2056313993174061,0.2584175084175084,0.63,0.168,0.5255712731229597
config_127,384,23,16,0.1042278259992599,0.9660692811012268,0.9556037187576294,0.05,0.1303469985723495,2.730642518145032e-05,128,60406,9.138144085543748e+18,15835126784,60022272,16,2.081018050154764e-08,15833497600,1.724416732788086,9.138144085543748e+18,60406,1.7918420689614092,1.8103465785354864,0.2542322246564429,0.2226962457337884,0.2554713804713804,0.61,0.196,0.5184983677910773
config_129,896,23,8,0.0045051523484289,0.9197020530700684,0.9563891887664796,0.05,0.136887639760971,0.0002345518587389,64,11066,3.1469122125100155e+18,1450509184,277218816,8,2.478751479408146e-06,1448345600,1.729464411735535,3.1469122125100155e+18,11066,1.6667980675063734,1.6842986214261435,0.2572196773551085,0.2150170648464164,0.2689393939393939,0.59,0.164,0.529379760609358
config_130,256,4,4,0.0314527750015258,0.9241002202033995,0.9116182923316956,0.05,0.2847696542739868,8.906439325073734e-05,64,72640,1.1695644223309087e+18,9521153024,16281088,16,1.7222991201496106e-07,9515827200,1.9287734031677248,1.1695644223309087e+18,72640,1.975528776586424,1.9967008007901428,0.2560246962756423,0.2175767918088737,0.255050505050505,0.61,0.166,0.5266594124047879
config_131,896,16,8,0.1204774156212806,0.9701463580131532,0.9962975978851318,0.05,0.157887578010559,4.5667682570638135e-05,64,7924,1.653042323649282e+18,1038672704,206558464,8,8.761186104678725e-07,1035468800,2.0016493797302246,1.653042323649282e+18,7924,1.9094116517455693,1.9292131064237643,0.2567217685719976,0.2175767918088737,0.2596801346801347,0.61,0.154,0.5223068552774756
config_132,704,14,22,0.0050299628637731,0.8600471615791321,0.9746368527412416,0.05,0.2417212277650833,0.0002583976020105,128,53984,1.3931685170234524e+19,14151749632,123725184,8,6.732713976824022e-07,14142668800,1.661768674850464,1.3931685170234524e+19,53984,1.5338315724544838,1.547806964878176,0.256423023302131,0.2030716723549488,0.2634680134680134,0.61,0.156,0.5321001088139282
config_133,256,19,16,0.0239542946219444,0.8186690807342529,0.9359500408172609,0.05,0.2213456481695175,0.0003435621911194,64,67753,2.609897244741599e+18,8880600064,29068288,16,6.87307664282589e-08,8880128000,1.824519157409668,2.609897244741599e+18,67753,1.7824669899813856,1.80209164843266,0.2595100577574188,0.2064846416382252,0.2491582491582491,0.56,0.16,0.5353645266594124
config_134,1024,5,16,0.0203004758805036,0.92259681224823,0.9090343713760376,0.05,0.1144875958561897,0.0013346225023269,32,12810,6.884882572439716e+17,839535168,115720192,16,9.10383698722356e-06,838860800,1.702206254005432,6.884882572439716e+17,12810,1.8432305422035629,1.8614612691130747,0.2581159131647082,0.2423208191126279,0.2533670033670033,0.57,0.168,0.529923830250272
config_135,896,11,16,0.0449550673365592,0.9500080943107604,0.9579784870147704,0.05,0.2993337213993072,0.000137306182296,64,35254,5.446325124812243e+18,4620941312,156086784,8,5.204934886126602e-08,4620288000,1.6980582475662231,5.446325124812243e+18,35254,1.610162923906704,1.626078359093668,0.2515435172276439,0.2303754266211604,0.2601010101010101,0.56,0.18,0.5261153427638737
config_136,704,13,16,0.0011003592517226,0.8739659786224365,0.9722180366516112,0.05,0.1181619316339492,0.0006436887779273,128,54820,1.3354950531931177e+19,14370961408,117415936,16,1.98761395067866e-06,14365491200,1.4018326997756958,1.3354950531931177e+19,54820,1.5254588417147026,1.5385831894640063,0.2593108942441745,0.220136518771331,0.2655723905723905,0.58,0.17,0.5217627856365615
config_137,640,11,20,0.0377118177711963,0.9578600525856018,0.9398182034492492,0.05,0.1110697239637374,1.040064944390906e-05,32,5331,2.4504339312218112e+17,349415392,88061440,16,5.446286026371298e-07,347340800,3.0231738090515137,2.4504339312218112e+17,5331,2.9061325230889103,2.93544430258938,0.255327623979287,0.2397610921501706,0.2588383838383838,0.56,0.15,0.529923830250272
config_138,1152,17,16,0.0711811631917953,0.8830775022506714,0.9837164878845216,0.05,0.2815972566604614,0.0002150253567378,32,4400,7.074067687705313e+17,288362432,328688640,8,0.0,288358400,1.8596570491790767,7.074067687705313e+17,4400,1.8984541900040672,1.9175247775726632,0.2527384983071101,0.2286689419795221,0.2487373737373737,0.55,0.18,0.515233949945593
config_139,1152,13,24,0.0069242739118635,0.838340163230896,0.9293854832649232,0.05,0.212120771408081,4.95075510116294e-05,128,47354,2.4302744578512912e+19,12413710336,264978432,8,1.97162688218364e-08,12412518400,1.5305540561676023,2.4302744578512912e+19,47354,1.5648159172886709,1.5794747086626584,0.2559251145190201,0.2081911262798634,0.2495791245791245,0.57,0.194,0.5255712731229597
config_140,704,18,16,0.0034730962943285,0.9060853123664856,0.9462706446647644,0.05,0.2942233085632324,3.637058398453519e-05,128,40908,1.2922899703387914e+19,10724007936,148962176,8,2.417453239251768e-08,10721689600,1.798369288444519,1.2922899703387914e+19,40908,1.6743395567526582,1.6915172454177356,0.2528380800637323,0.2116040955631399,0.2521043771043771,0.55,0.17,0.5261153427638737
config_141,384,4,6,0.018301922827959,0.9462901949882508,0.9959050416946412,0.05,0.291961133480072,0.0001284630270674,128,50575,2.599317526637445e+18,13258152960,26387712,16,2.175127447806905e-07,13251379200,1.9084932804107664,2.599317526637445e+18,50575,1.8211758554988795,1.839806724912836,0.2600079665405297,0.2107508532423208,0.273989898989899,0.55,0.198,0.5353645266594124
config_142,640,22,10,0.004982475657016,0.947515904903412,0.9088433384895324,0.05,0.2068767696619033,0.0004552711907308,32,4789,3.7961248055808e+17,313852000,143944960,8,1.7934925695457945e-05,311296000,2.077166557312012,3.7961248055808e+17,4789,1.9853039980921905,2.005757874111056,0.2552280422226648,0.2337883959044368,0.2626262626262626,0.51,0.17,0.5244831338411317
config_144,832,9,16,0.0013798149302601,0.9733240008354188,0.9633411169052124,0.05,0.2119512259960174,0.000199927992071,32,12052,7.069976145102275e+17,789879168,118523392,16,1.565606829060447e-07,789708800,1.749552607536316,7.069976145102275e+17,12052,1.8040425251188683,1.821838771319083,0.2542322246564429,0.2184300341296928,0.2613636363636363,0.59,0.148,0.5348204570184983
config_145,512,13,8,0.0012072670506313,0.9570940732955932,0.9803966283798218,0.05,0.2242175787687301,0.0001036573958117,32,14001,5.357544576671416e+17,917634752,70057984,16,3.30224261904259e-08,917504000,1.9483791589736936,5.357544576671416e+17,14001,1.894562973525678,1.913933694551668,0.2565226050587532,0.2226962457337884,0.2596801346801347,0.51,0.17,0.5130576713819369
config_146,512,6,16,0.0957846716046333,0.806829571723938,0.9084144830703736,0.05,0.1919735223054886,5.182906534173526e-05,32,4260,9.84715465728983e+16,279247488,46195712,16,6.343826847213558e-07,278528000,2.5354132652282715,9.84715465728983e+16,4260,2.6448628621590538,2.671808368295253,0.2554272057359091,0.2320819112627986,0.265993265993266,0.56,0.162,0.543525571273123
config_147,768,15,24,0.0042094280943274,0.8424946069717407,0.9508960247039796,0.05,0.0239343177527189,0.0025765285827219,128,39883,1.2042325546660528e+19,10455205888,144804864,8,8.912520254698549e-05,10446438400,1.634236216545105,1.2042325546660528e+19,39883,1.530611944882596,1.5444577621631934,0.2549292969527982,0.2235494880546075,0.2571548821548821,0.56,0.176,0.5261153427638737
config_148,768,24,6,0.0010892336722463,0.8342776894569397,0.9559993147850036,0.05,0.124794878065586,0.0006141236517578,32,12737,1.4222894254586266e+18,834737088,208519680,8,1.4299921406570135e-05,832307200,1.7688754796981812,1.4222894254586266e+18,12737,1.748129496251649,1.765124737554077,0.2577175861382195,0.2133105802047781,0.2706228956228956,0.58,0.178,0.5375408052230686
config_149,1024,9,16,0.0751291438937187,0.9113813042640686,0.9885201454162598,0.05,0.0741611123085022,0.000153317436343,128,49599,1.5980105768166752e+19,13002237952,167108608,8,2.042565084505127e-06,12989235200,1.1480300426483154,1.5980105768166752e+19,49599,1.519128260886083,1.535141661557995,0.2559251145190201,0.2167235494880546,0.2638888888888889,0.61,0.152,0.5413492927094669
config_150,768,9,12,0.0257197842001914,0.8373668789863586,0.9811001420021056,0.05,0.098066858947277,9.669139399193229e-05,32,8614,4.4245995090886656e+17,564540992,102328320,16,1.6038856823306357e-06,563609600,1.939234733581543,4.4245995090886656e+17,8614,1.9505544801618235,1.97101288115392,0.2547301334395538,0.2286689419795221,0.2457912457912457,0.56,0.174,0.5272034820457019
config_151,704,9,8,0.0990390032529831,0.9255010485649108,0.9917033314704896,0.05,0.1366190612316131,0.0006168645923025,64,7977,7.410789989838766e+17,1045677632,92178944,16,1.5294163445518844e-05,1042022400,1.7725483179092407,7.410789989838766e+17,7977,1.7369555700802413,1.7556605185837042,0.2549292969527982,0.2269624573378839,0.2542087542087542,0.51,0.17,0.5353645266594124
config_152,1152,17,24,0.0105846812948584,0.8561805486679077,0.9279930591583252,0.05,0.036378264427185,0.0075398376211524,64,34296,1.102794553529834e+19,4495355904,328688640,8,0.0002781335449663,4489216000,3.162722587585449,1.102794553529834e+19,34296,3.0739690260808974,3.105610683511515,0.2529376618203545,0.2244027303754266,0.2495791245791245,0.54,0.16,0.528835690968444
config_153,1088,6,16,0.0712016299366951,0.8973424434661865,0.9398059844970704,0.05,0.1634277701377868,0.0018737084465101,64,74638,9.9793427164315e+18,9782980608,143287424,16,5.837576532539664e-06,9777971200,1.5398240089416504,9.9793427164315e+18,74638,1.566627549812442,1.5805516481790387,0.2538338976299542,0.2175767918088737,0.2723063973063973,0.53,0.18,0.528835690968444
config_154,640,10,20,0.0161739960312843,0.9487506747245787,0.9566959738731384,0.05,0.2890935838222503,9.53442431637086e-05,64,22506,1.932485669636014e+18,2949943296,82981120,16,8.792890546914675e-08,2949120000,1.577181339263916,1.932485669636014e+18,22506,1.7651834141621825,1.7841463733501122,0.2552280422226648,0.212457337883959,0.2558922558922559,0.6,0.184,0.5369967355821545
config_155,384,7,6,0.0993761494755745,0.8123986124992371,0.9582383036613464,0.05,0.1867299973964691,0.0001412643323419,32,13357,2.2429634152660992e+17,875417856,31698432,16,3.964917106630728e-07,874905600,2.035042762756348,2.2429634152660992e+17,13357,2.001776912251457,2.0230866311417253,0.2549292969527982,0.227815699658703,0.2601010101010101,0.53,0.162,0.5348204570184983
config_156,1088,8,8,0.0258137267082929,0.9728651642799376,0.926228642463684,0.05,0.2195684760808944,0.0004361973551567,128,53420,1.751462237437467e+19,14003934208,172815744,16,7.437929152643067e-07,13998489600,1.497969388961792,1.751462237437467e+19,53420,1.4982336536391836,1.5094326032966865,0.2575184226249751,0.2056313993174061,0.2689393939393939,0.62,0.14,0.5353645266594124
config_157,704,10,22,0.0051104230806231,0.8986737728118896,0.9799457788467408,0.05,0.0035617949906736,6.420239515136927e-05,32,6358,3.1828535798339174e+17,416682688,98488192,16,2.334632550958883e-05,416153600,2.2428886890411377,3.1828535798339174e+17,6358,2.168284499293468,2.19076670806916,0.2582154949213304,0.2167235494880546,0.2554713804713804,0.52,0.172,0.5168661588683352
config_158,640,9,8,0.0026285052299499,0.8071402311325073,0.9234828352928162,0.05,0.0713945254683494,0.0017585569294169,64,14297,1.1410746200358912e+18,1874025472,77900800,16,8.103154478685958e-05,1867776000,1.6990972757339478,1.1410746200358912e+18,14297,1.7261671223405932,1.7441550186423005,0.2562238597888867,0.2175767918088737,0.2617845117845118,0.54,0.14,0.544069640914037
config_159,384,11,16,0.0794789716601371,0.8028450012207031,0.9460576176643372,0.05,0.1857580244541168,0.0003474590484984,64,10918,4.8148566390964224e+17,1431151360,38779392,16,3.083956051761166e-06,1428684800,1.9465757608413696,4.8148566390964224e+17,10918,1.847476972478335,1.867802096038568,0.2534355706034654,0.2098976109215017,0.2457912457912457,0.57,0.18,0.5331882480957563
config_161,320,24,4,0.0245353486388921,0.8496823310852051,0.9062071442604064,0.05,0.2344718128442764,5.412238897406496e-05,64,52860,3.3660178255252685e+18,6928590336,49527680,16,4.366821766505164e-08,6927155200,2.124871253967285,3.3660178255252685e+18,52860,1.804901343799028,1.821733325270356,0.2614021111332404,0.2030716723549488,0.2605218855218855,0.56,0.16,0.5342763873775843
config_162,256,23,8,0.0120262233540415,0.9294461011886596,0.9287277460098268,0.05,0.2145778089761734,0.0069250403903424,128,47803,4.254423961412567e+18,12531420160,32478208,16,2.025457850348897e-06,12530483200,1.5555698871612549,4.254423961412567e+18,47803,1.6849184182823682,1.7002125657581892,0.2571200955984863,0.2184300341296928,0.2685185185185185,0.61,0.16,0.5212187159956474
config_163,320,11,20,0.0030604095663875,0.8720068335533142,0.9026197791099548,0.05,0.1328626424074173,0.0033498981501907,32,3919,7.06235434712064e+16,256856224,31415040,16,0.0001224001247185,255590400,2.0107617378234863,7.06235434712064e+16,3919,2.189624625542125,2.212939299520899,0.2536347341167098,0.2218430034129692,0.255050505050505,0.57,0.16,0.5125136017410229
config_165,512,22,16,0.0614232383668422,0.8348501324653625,0.9888287782669068,0.05,0.1459586024284362,0.0044183353893458,64,7687,8.878222522509558e+17,1007613248,100738048,8,0.0001458326578107,1002700800,2.967783212661743,8.878222522509558e+17,7687,3.110410858334088,3.14314858401408,0.2563234415455088,0.2175767918088737,0.2596801346801347,0.56,0.174,0.5277475516866159
config_166,768,4,6,0.010904461145401,0.9876170754432678,0.9296854734420776,0.05,0.2462895214557647,0.0001866577076725,64,10323,6.45479292248064e+17,1353083520,66931200,16,1.6888777641498997e-06,1350041600,1.954039096832276,6.45479292248064e+17,10323,1.941892228712801,1.961265926830104,0.252141007767377,0.2184300341296928,0.2474747474747475,0.55,0.172,0.528835690968444
config_168,1152,11,8,0.0049066520296037,0.8577886819839478,0.9984267354011536,0.05,0.1368255466222763,0.0001622918498469,64,37342,8.369798794182918e+18,4894596096,233123328,8,1.334166704555079e-06,4888985600,1.342442750930786,8.369798794182918e+18,37342,1.554868337814925,1.5693919412816155,0.2595100577574188,0.2235494880546075,0.2592592592592592,0.61,0.166,0.5206746463547334
config_169,320,9,16,0.0490764640271663,0.8817325234413147,0.9908536076545716,0.05,0.2501752376556396,0.0015983717748895,32,4790,7.61312821404672e+16,313926240,28628480,16,5.336800583938327e-05,311296000,2.099403619766236,7.61312821404672e+16,4790,2.0099802709016643,2.030234973117953,0.2566221868153754,0.2184300341296928,0.2504208754208754,0.62,0.168,0.5228509249183896
config_170,512,6,8,0.0348906405270099,0.9234339594841005,0.9322679042816162,0.05,0.0113999070599675,0.0001238030527019,64,20156,9.316259289287884e+17,2641922560,46195712,16,3.243748105728918e-06,2641100800,1.6991987228393557,9.316259289287884e+17,20156,1.842895962371201,1.8634362562758024,0.2565226050587532,0.2354948805460751,0.2483164983164983,0.52,0.184,0.5369967355821545
config_171,832,21,16,0.0780559256672859,0.8067910671234131,0.946793496608734,0.05,0.1033859476447105,0.0001132523830165,128,42102,1.935692516799008e+19,11036791808,220779520,8,5.204613190098496e-08,11036262400,1.5134066343307495,1.935692516799008e+19,42102,1.5188891346337363,1.5330967962155575,0.2583150766779526,0.2167235494880546,0.2601010101010101,0.59,0.178,0.5272034820457019
config_172,512,22,16,0.0041630957275629,0.8260307908058167,0.9701148271560668,0.05,0.094092734158039,0.0014550815103575,32,8513,4.915970500625695e+17,557926656,100738048,8,2.361555509943609e-05,557056000,1.8358581066131592,4.915970500625695e+17,8513,1.8409738887919755,1.8602734276310344,0.2550288787094204,0.220136518771331,0.2714646464646464,0.61,0.146,0.5457018498367792
config_173,256,16,4,0.0989229902625083,0.9446476101875304,0.9674342274665833,0.05,0.0337210744619369,0.0026090140454471,128,54144,3.68579524946559e+18,14193730560,26510848,16,6.290225643817678e-05,14181990400,1.776125431060791,3.68579524946559e+18,54144,1.7344152355975793,1.7499482923257546,0.2560246962756423,0.2192832764505119,0.2563131313131313,0.55,0.18,0.5473340587595212
config_174,704,6,8,0.0056233666837215,0.8594385385513306,0.9356430768966676,0.05,0.2209752947092056,0.0059980228543281,64,38677,2.7541051696494674e+18,5069577216,73251200,16,1.894999029567693e-05,5065932800,1.518794298171997,2.7541051696494674e+18,38677,1.66744564154109,1.6830668203557124,0.2565226050587532,0.2226962457337884,0.2680976430976431,0.55,0.166,0.5538628944504896
config_175,384,13,16,0.0023949262686073,0.8833497762680054,0.9059370160102844,0.05,0.2610687911510467,3.0009896363480948e-05,64,53578,2.6443284636055634e+18,7022694912,42319872,16,6.007557719149414e-08,7018905600,1.951024293899536,2.6443284636055634e+18,53578,1.945883110390335,1.9658985134812648,0.2523401712806214,0.2141638225255972,0.2638888888888889,0.55,0.178,0.5163220892274211
config_176,1088,13,16,0.0017619210993871,0.8095828294754028,0.9092755317687988,0.05,0.1330126523971557,1.5252197954396252e-05,128,42766,2.048502574285849e+19,11210874880,246636544,8,4.2903510420243824e-08,11206656000,1.7346473932266235,2.048502574285849e+19,42766,1.7328929587661244,1.7498874233785222,0.253734315873332,0.2389078498293515,0.2601010101010101,0.56,0.166,0.5250272034820457
config_177,704,12,16,0.0204045511782169,0.9717811942100524,0.9783326983451844,0.05,0.2237565666437149,0.0002218099543824,64,49076,5.623050642885181e+18,6432573440,111106688,16,5.251852120885579e-07,6429081600,1.5264945030212402,5.623050642885181e+18,49076,1.587077932084193,1.6021572121635812,0.2586138219478192,0.2150170648464164,0.2567340067340067,0.59,0.188,0.5380848748639826
config_178,1024,20,8,0.0123338690027594,0.8723912835121155,0.9627224206924438,0.05,0.2133075296878814,0.0008379966020584,64,43669,1.347176378324956e+19,5723835904,308426752,8,1.7094626840358533e-06,5721292800,1.425920486450195,1.347176378324956e+19,43669,1.5017803154421634,1.5151533150282062,0.2561242780322645,0.2167235494880546,0.2609427609427609,0.6,0.168,0.5206746463547334
config_179,256,22,4,0.0036397720687091,0.8435739874839783,0.98710960149765,0.05,0.0709967538714408,0.0024289537686854,64,14521,6.244667025958502e+17,1903297408,31625728,16,4.952235839067454e-05,1900544000,2.0174782276153564,6.244667025958502e+17,14521,1.7992793258291775,1.8186403327691751,0.2551284604660426,0.2167235494880546,0.2516835016835017,0.54,0.162,0.5261153427638737
config_180,384,13,16,0.0236900802701711,0.8308934569358826,0.9668469429016112,0.05,0.1727160662412643,0.0040242234244942,32,8956,2.2101218649125683e+17,586954752,42319872,16,1.5617943432707712e-05,586547200,2.163438558578491,2.2101218649125683e+17,8956,2.0407985829134456,2.061792650183693,0.2541326428998207,0.2158703071672355,0.2693602693602693,0.56,0.17,0.529923830250272
config_181,1152,18,6,0.0027816121000796,0.865947961807251,0.9911959171295166,0.05,0.2166959047317505,0.0091243218630552,32,11724,1.9802287958786703e+18,768409344,344616192,8,8.621406484776543e-05,766771200,3.6769609451293945,1.9802287958786703e+18,11724,3.6234212513048143,3.655269183838954,0.2563234415455088,0.2192832764505119,0.2546296296296296,0.65,0.172,0.5114254624591947
config_182,320,10,10,0.0071186386048793,0.9147440195083618,0.9817898869514464,0.05,0.0017712415428832,0.0008199787116609,64,55329,1.876358155631985e+18,7252089856,30021760,16,0.0002426467616139,7248281600,1.6397199630737305,1.876358155631985e+18,55329,1.759188018470514,1.7763236871703727,0.2598088030272854,0.2081911262798634,0.263047138047138,0.67,0.198,0.5321001088139282
config_183,256,14,8,0.0019966410472989,0.9692267775535583,0.9934679269790648,0.05,0.0193282850086689,0.0002155606198357,64,35743,1.1097347972671734e+18,4684972032,24805888,16,1.3433487902807082e-05,4679270400,1.8222432136535645,1.1097347972671734e+18,35743,1.8052138709631125,1.824508571898351,0.2563234415455088,0.220136518771331,0.2571548821548821,0.57,0.176,0.5353645266594124
config_184,448,4,16,0.0026220432482659,0.9690382480621338,0.9007914662361144,0.05,0.0517554432153701,0.0066928705200552,32,7445,1.1698008608657818e+17,487945568,32620672,16,0.0007822835672791,484966400,3.006186008453369,1.1698008608657818e+17,7445,3.038442908505925,3.0676929114294835,0.2542322246564429,0.2346416382252559,0.2626262626262626,0.56,0.188,0.5130576713819369
config_185,1088,22,16,0.1063120737671852,0.908372700214386,0.915748119354248,0.05,0.0626056566834449,0.006519490852952,64,9206,3.457438301756621e+18,1206767360,379513984,8,6.791136305158395e-05,1205862400,3.468592882156372,3.457438301756621e+18,9206,3.591251622028038,3.621683994902939,0.2562238597888867,0.2073378839590443,0.2537878787878788,0.54,0.178,0.5282916213275299
config_186,832,12,16,0.0173051320016384,0.94893479347229,0.9029238820075988,0.05,0.2966277003288269,0.000125523933093,64,22656,3.2955379648286884e+18,2969577728,144087424,8,1.1207494026165305e-07,2968780800,1.564272403717041,3.2955379648286884e+18,22656,1.676723893607249,1.6944246542453767,0.256423023302131,0.2098976109215017,0.2537878787878788,0.66,0.18,0.5408052230685527
config_187,1088,15,8,0.1377591639757156,0.8258185982704163,0.92188161611557,0.05,0.1156944632530212,0.0006645486573688,64,63208,1.704921467676387e+19,8284895744,276164864,8,7.270773056552125e-07,8283750400,1.3969866037368774,1.704921467676387e+19,63208,1.5226446085972865,1.5363176701498813,0.2562238597888867,0.2133105802047781,0.2605218855218855,0.55,0.178,0.530467899891186
config_188,576,22,12,0.0036613482516258,0.9616205096244812,0.9694668650627136,0.05,0.2453773468732834,0.0066955420188605,32,7494,4.9639134196412006e+17,491127648,116574336,8,0.0001602850102447,488243200,3.3087644577026367,4.9639134196412006e+17,7494,3.234262568794313,3.267558099598181,0.2578171678948416,0.2141638225255972,0.2567340067340067,0.51,0.162,0.5397170837867247
config_189,896,5,4,0.150010660290718,0.9394695162773132,0.933585524559021,0.05,0.1099407821893692,2.983872582262848e-05,32,4312,1.93098834781397e+17,282652896,95520768,16,7.55410780319711e-07,281804800,2.411853313446045,1.93098834781397e+17,4312,2.455929874865735,2.479673897868297,0.2560246962756423,0.2226962457337884,0.2617845117845118,0.52,0.168,0.5277475516866159
config_190,640,23,16,0.0680049210786819,0.828018069267273,0.9001417756080627,0.05,0.2165244370698928,0.0007489567506127,64,18266,3.0065043376521216e+18,2394228480,149025280,8,3.0299135296595666e-06,2392064000,1.519629955291748,3.0065043376521216e+18,18266,1.6559334948805513,1.6727572494061267,0.2575184226249751,0.2090443686006826,0.2601010101010101,0.53,0.174,0.5282916213275299
config_191,896,22,8,0.001220831181854,0.8955643773078918,0.9106137156486512,0.05,0.0796689614653587,0.0010045722592622,64,9122,2.495445891526361e+18,1195739904,267124480,8,3.0441583614006272e-05,1192755200,1.553591251373291,2.495445891526361e+18,9122,1.6930587749793882,1.7102472503654291,0.2522405895239992,0.2269624573378839,0.2584175084175084,0.55,0.162,0.5326441784548422
config_192,384,19,8,0.0357538238167762,0.9891937971115112,0.9980051517486572,0.05,0.1837434768676757,2.199548725911881e-05,64,61133,3.981313612158861e+18,8012875776,52941312,16,6.46234935497631e-08,8008499200,1.824440240859985,3.981313612158861e+18,61133,1.855380747982713,1.8740483627553848,0.2561242780322645,0.2209897610921501,0.265993265993266,0.62,0.16,0.5375408052230686
config_193,448,10,8,0.0475836582481861,0.98838073015213,0.9989293217658995,0.05,0.1750710904598236,0.0094161722809076,128,57677,5.997020712333214e+18,15119814656,47764864,16,2.517942473848761e-05,15112601600,3.3989603519439697,5.997020712333214e+18,57677,3.394754635154224,3.431232160193021,0.2571200955984863,0.2022184300341297,0.2672558922558922,0.56,0.146,0.5326441784548422
config_194,896,23,4,0.021770816296339,0.9721643328666688,0.9240269660949708,0.05,0.2948778867721557,0.0012925154296681,64,33565,9.544713482017309e+18,4399453696,277218816,8,1.958950332931527e-06,4397465600,1.560384750366211,9.544713482017309e+18,33565,1.554023357707946,1.5696399165958654,0.2598088030272854,0.2244027303754266,0.2584175084175084,0.54,0.14,0.5190424374319913
config_195,512,23,16,0.0609503835439682,0.9783605337142944,0.9153027534484864,0.05,0.0226972289383411,1.0446694432175718e-05,32,7608,4.5583597094495846e+17,498647744,104146944,8,4.858927642872419e-07,498073600,2.684140920639038,4.5583597094495846e+17,7608,2.8211371661405096,2.8503687110103546,0.2547301334395538,0.2389078498293515,0.2441077441077441,0.54,0.166,0.5206746463547334
config_196,896,22,16,0.014022477902472,0.871102511882782,0.9374001622200012,0.05,0.0230475440621376,2.3862421585363336e-05,128,41842,2.289116880744874e+19,10968734720,267124480,8,1.0396490732212245e-06,10957619200,1.6113687753677368,2.289116880744874e+19,41842,1.647919064291188,1.6642108949481464,0.2549292969527982,0.204778156996587,0.2596801346801347,0.55,0.166,0.5168661588683352
config_198,1024,4,16,0.0012432726798579,0.8015820384025574,0.9507052302360536,0.05,0.0755850821733474,0.0001758049620548,64,12502,1.1763370579761562e+18,1638702720,102873088,16,3.724681399466779e-07,1638400000,1.7432481050491333,1.1763370579761562e+18,12502,1.798439908535754,1.8175555656386204,0.2598088030272854,0.2005119453924914,0.2508417508417508,0.54,0.192,0.530467899891186
config_199,384,7,12,0.0455524660646915,0.942363142967224,0.9417880773544312,0.05,0.1462922394275665,0.000616572855506,64,22873,7.681508590760755e+17,2998055936,31698432,16,4.23824736301261e-06,2994995200,1.8357359170913696,7.681508590760755e+17,22873,1.7922406530380248,1.8110984477058787,0.2550288787094204,0.2073378839590443,0.2596801346801347,0.51,0.162,0.5353645266594124
config_200,448,9,8,0.0155280418694019,0.9784345030784608,0.9626482725143432,0.05,0.1403578966856002,3.872754678013735e-05,64,8832,4.288951164798075e+17,1157660544,45240832,16,1.0002271969042722e-06,1153433600,2.291056156158448,4.288951164798075e+17,8832,2.2319973342145074,2.2550238234879543,0.2507468631746664,0.2303754266211604,0.2495791245791245,0.52,0.176,0.5233949945593036
config_201,1088,23,16,0.0042800987139344,0.8101455569267273,0.913439154624939,0.05,0.0642567574977874,0.0024138456210494,32,11537,2.2534555903416484e+18,756103872,394278144,8,0.0001205294034801,753664000,3.1950571537017822,2.2534555903416484e+18,11537,2.8894478247204765,2.9194541539911363,0.255327623979287,0.2226962457337884,0.2516835016835017,0.57,0.176,0.5326441784548422
config_202,896,21,16,0.0114468429237604,0.9735972285270692,0.9439927339553832,0.05,0.16097392141819,0.001238958328031,64,11816,3.1043570533283267e+18,1548793088,257030144,8,1.042236238091277e-05,1546649600,1.5204267501831057,3.1043570533283267e+18,11816,1.6852710115714151,1.7030677411790751,0.252141007767377,0.2158703071672355,0.2529461279461279,0.55,0.164,0.5282916213275299
config_203,256,24,16,0.0117952236905694,0.9827755689620972,0.997874677181244,0.05,0.1952327340841293,1.2444884305296e-05,64,15707,7.224405353319629e+17,2058799360,33330688,16,2.841297786597216e-08,2057830400,2.6927101612091064,7.224405353319629e+17,15707,2.7871888426483653,2.816628843526371,0.2530372435769767,0.2184300341296928,0.2495791245791245,0.53,0.162,0.5353645266594124
config_205,768,15,16,0.0057737873867154,0.9091055393218994,0.9418526291847228,0.05,0.1627175062894821,0.0011192992096766,64,23334,3.5227386144836813e+18,3058458880,144804864,8,1.0025335386988242e-05,3053977600,1.5831438302993774,3.5227386144836813e+18,23334,1.612430296335064,1.6285530374870925,0.2561242780322645,0.2209897610921501,0.2567340067340067,0.58,0.17,0.5223068552774756
config_206,1152,16,24,0.1280514597892761,0.8733367919921875,0.9942353963851928,0.05,0.1800023913383484,7.440282206516713e-05,128,44121,2.694114875819321e+19,11566084096,312761088,8,1.96758501872364e-07,11560550400,1.2337875366210938,2.694114875819321e+19,44121,1.4963754035312622,1.5110534561657514,0.2565226050587532,0.204778156996587,0.2609427609427609,0.58,0.188,0.5337323177366703
config_207,896,16,16,0.1296555697917938,0.9622085094451904,0.9009727239608764,0.05,0.1180628314614296,0.0034704774152487,64,19446,4.056484938513187e+18,2548851968,206558464,8,6.95607673644634e-05,2542796800,1.6918995380401611,4.056484938513187e+18,19446,1.6964413552987772,1.7138363751427073,0.2560246962756423,0.2184300341296928,0.2786195286195286,0.54,0.148,0.5342763873775843
config_208,1088,22,8,0.1615364104509353,0.8139193058013916,0.93545401096344,0.05,0.0499356351792812,3.295508577139117e-05,32,5412,1.0163463939309772e+18,354740576,379513984,8,1.464670478728498e-06,353894400,2.31492280960083,1.0163463939309772e+18,5412,2.170787486209244,2.193210793968107,0.253236407090221,0.2303754266211604,0.2596801346801347,0.55,0.172,0.5272034820457019
config_209,1152,8,12,0.0079712504521012,0.884700357913971,0.9305753111839294,0.05,0.2760461568832397,0.0005633403779938,32,6111,5.360323756431606e+17,400496704,185340672,8,3.6754117188213297e-06,399769600,1.8738080263137813,5.360323756431606e+17,6111,1.8717710927079936,1.891148660808313,0.2571200955984863,0.2312286689419795,0.2584175084175084,0.59,0.17,0.5331882480957563
config_210,1152,8,8,0.0081880623474717,0.8163630366325378,0.9949122071266174,0.05,0.1082334890961647,0.0015811843331903,64,9347,1.6397537972576256e+18,1225142400,185340672,8,7.350708571705758e-05,1218969600,2.942688226699829,1.6397537972576256e+18,9347,2.8626298007808746,2.8932642235912263,0.2561242780322645,0.2158703071672355,0.2567340067340067,0.52,0.162,0.5228509249183896
config_211,576,6,8,0.0021490943618118,0.9388176202774048,0.9054804444313048,0.05,0.0451525598764419,0.0006428630440495,64,42132,2.220129869709312e+18,5522447360,52854912,16,1.0815782023967891e-05,5518131200,1.8290773630142207,2.220129869709312e+18,42132,1.7168820369439046,1.734849708705652,0.2555267874925314,0.2218430034129692,0.2571548821548821,0.55,0.164,0.544613710554951
config_212,384,11,16,0.0880805552005767,0.8167279362678528,0.9445584416389464,0.05,0.1777094900608062,0.0002531666250433,32,5630,1.2413522770454938e+17,368975264,38779392,16,7.594998751301316e-06,367001600,2.2234694957733154,1.2413522770454938e+17,5630,2.09967833659688,2.120116409004712,0.256423023302131,0.2133105802047781,0.265993265993266,0.57,0.168,0.5315560391730142
config_213,1088,5,8,0.0316794402897357,0.8535974025726318,0.9638176560401917,0.05,0.0973559096455574,0.0001746552297845,64,14550,1.725537892505813e+18,1907174912,128523264,16,0.0,1907097600,1.715991735458374,1.725537892505813e+18,14550,1.7320859935635426,1.75142890035129,0.2544313881696873,0.2150170648464164,0.2596801346801347,0.58,0.174,0.5163220892274211
config_214,512,22,16,0.0020820929203182,0.8292973041534424,0.9081192016601562,0.05,0.1115973144769668,0.0030502434819936,64,33727,3.895171972765581e+18,4420734976,100738048,8,2.18858820127104e-05,4417126400,1.7356441020965576,3.895171972765581e+18,33727,1.6363867415365625,1.652381468092809,0.2550288787094204,0.2158703071672355,0.2617845117845118,0.53,0.168,0.5424374319912949
config_216,640,4,20,0.0010342149762436,0.9683133959770204,0.9143857359886168,0.05,0.2372587025165558,0.0001819146709749,128,50000,4.952929159190938e+18,13107314688,52499200,16,0.0,13107200000,1.819386959075928,4.952929159190938e+18,50000,1.7006125931270788,1.7191099211036185,0.2591117307309301,0.2235494880546075,0.2521043771043771,0.6,0.174,0.5397170837867247
config_217,640,15,10,0.0286927781999111,0.8349365592002869,0.9655855894088744,0.05,0.0864721164107322,2.718383802857716e-05,64,74709,8.67702079988564e+18,9792295936,108382720,8,3.7872220163651544e-08,9791078400,1.821455121040344,8.67702079988564e+18,74709,1.7025282622751643,1.721203471715333,0.2512447719577773,0.2073378839590443,0.2647306397306397,0.54,0.154,0.530467899891186
config_218,1024,15,16,0.0374038219451904,0.9586784839630128,0.9632535576820374,0.05,0.0482639744877815,0.0072204219177365,32,3133,3.783856134209864e+17,205371536,244191232,8,0.0015779730018894,203161600,3.6996376514434814,3.783856134209864e+17,3133,3.48550026053288,3.5192315769977256,0.2560246962756423,0.2090443686006826,0.2592592592592592,0.56,0.174,0.528835690968444
config_219,896,5,16,0.0134088154882192,0.921682834625244,0.921558916568756,0.05,0.107504017651081,0.0001120632659876,64,53580,4.79778498069096e+18,7022868992,95520768,16,5.836628436858002e-07,7018905600,1.6918423175811768,4.79778498069096e+18,53580,1.6799409765102824,1.6950005627460167,0.2578171678948416,0.2056313993174061,0.2634680134680134,0.63,0.158,0.544069640914037
config_220,1024,12,8,0.0324628613889217,0.9000729918479919,0.945777952671051,0.05,0.2702809274196625,0.0069995243102312,32,8620,8.676492543672975e+17,564972992,205649920,8,6.010755096806566e-05,563609600,3.033360242843628,8.676492543672975e+17,8620,3.1933500297733994,3.22666996678368,0.2572196773551085,0.2244027303754266,0.2617845117845118,0.55,0.156,0.5375408052230686
config_222,512,7,8,0.0042387307621538,0.93626070022583,0.942180633544922,0.05,0.1624442040920257,4.25016951339785e-05,128,43693,4.417376391668957e+18,11454011392,49604608,16,2.575134409977541e-07,11442585600,1.791374921798706,4.417376391668957e+18,43693,1.801838806887142,1.8200475054099912,0.2528380800637323,0.2184300341296928,0.2584175084175084,0.61,0.182,0.5402611534276387
config_223,512,10,4,0.0065804910846054,0.8704584240913391,0.9597530961036682,0.05,0.2560728788375854,0.0002472805790603,32,8213,2.6094796328750285e+17,538311872,59831296,16,1.528600821580628e-06,537395200,1.9729470014572144,2.6094796328750285e+17,8213,1.9300240950897087,1.9508547378368064,0.2548297151961761,0.2286689419795221,0.2697811447811448,0.56,0.192,0.5217627856365615
config_225,704,11,16,0.0215001329779624,0.8420057892799377,0.9875066876411438,0.05,0.0428169816732406,0.0088472785428166,32,10732,5.7605603877022925e+17,703361664,104797440,16,0.0006168037328325,701235200,3.4380156993865967,5.7605603877022925e+17,10732,3.3653405406045134,3.40040617778653,0.2559251145190201,0.2218430034129692,0.2588383838383838,0.54,0.158,0.5233949945593036
config_227,832,13,16,0.0087939342483878,0.8717712759971619,0.9271061420440674,0.05,0.1865526288747787,1.1683040611387696e-05,32,4526,3.5040691499913216e+17,296620224,152608768,8,3.599040946636016e-07,294912000,2.972825527191162,3.5040691499913216e+17,4526,2.822460675864923,2.851407443343616,0.2539334793865764,0.2303754266211604,0.2668350168350168,0.55,0.154,0.5391730141458106
config_228,704,18,4,0.0399384871125221,0.9040734171867372,0.990315079689026,0.05,0.1099712327122688,1.9380742742214352e-05,64,22573,3.5653836083901235e+18,2958716928,148962176,8,1.7959592388031e-07,2955673600,2.008857488632202,3.5653836083901235e+18,22573,1.8964572584042785,1.9159705004926588,0.2522405895239992,0.2184300341296928,0.2525252525252525,0.54,0.15,0.514689880304679
config_230,640,10,10,0.0160612966865301,0.9632174372673036,0.9026671648025512,0.05,0.0283447820693254,7.486332469852641e-05,64,71492,6.13863940241621e+18,9370645504,82981120,16,1.5519544113218643e-06,9365094400,1.5204510688781738,6.13863940241621e+18,71492,1.6568258378935643,1.67394110824241,0.2559251145190201,0.2098976109215017,0.2647306397306397,0.58,0.164,0.5174102285092492
config_231,448,8,8,0.1367519795894622,0.8640304803848267,0.90659499168396,0.05,0.0998118296265602,1.1065585567848755e-05,32,7425,1.6757083768836096e+17,486649920,42716800,16,3.733328464186497e-07,484966400,2.8940141201019287,1.6757083768836096e+17,7425,2.926259589664272,2.9568963773915025,0.2567217685719976,0.2286689419795221,0.2512626262626262,0.52,0.148,0.5560391730141458
config_232,896,19,16,0.0012096071150153,0.9311397671699524,0.9063278436660768,0.05,0.1701404452323913,1.730688745738007e-05,32,7465,8.999114680669962e+17,489289472,236841472,8,2.044120565832311e-07,488243200,2.500035285949707,8.999114680669962e+17,7465,2.4297356691125964,2.455849669937228,0.2570205138418642,0.2218430034129692,0.2638888888888889,0.54,0.154,0.5348204570184983
config_233,576,14,8,0.0028341829311102,0.945094883441925,0.9845348596572876,0.05,0.1750780642032623,0.0001151748219854,32,10724,4.964677524469924e+17,702845376,84714624,16,1.4726668767448543e-06,701235200,2.0029218196868896,4.964677524469924e+17,10724,1.903807691159796,1.9225187637766847,0.2545309699263095,0.2184300341296928,0.2596801346801347,0.56,0.182,0.5282916213275299
config_235,640,5,4,0.0166207216680049,0.8390088677406311,0.9678124189376832,0.05,0.0067464355379343,0.0001447020622435,128,56113,6.238137151751455e+18,14709878784,57579520,16,4.976525950176573e-06,14706278400,1.7530375719070437,6.238137151751455e+18,56113,1.6906470656394958,1.7012752809290026,0.2582154949213304,0.2073378839590443,0.2596801346801347,0.6,0.178,0.5266594124047879
config_236,1088,24,4,0.0097922459244728,0.9681309461593628,0.969487190246582,0.05,0.2159206420183181,0.0004706831241492,32,11638,2.361143090537054e+18,762726272,409042304,8,7.12020649588788e-06,760217600,1.6267008781433103,2.361143090537054e+18,11638,1.7209755117775964,1.7398250416654055,0.2579167496514638,0.2329351535836177,0.2693602693602693,0.61,0.164,0.5310119695321001
config_237,512,18,16,0.0035268056672066,0.818118155002594,0.913414716720581,0.05,0.2401838898658752,8.280602924060076e-05,32,3775,1.853087903391744e+17,247410400,87102464,8,2.284934581694281e-06,245760000,2.4612090587615967,1.853087903391744e+17,3775,2.4246500059229428,2.4494558916521854,0.2540330611431985,0.2295221843003413,0.257996632996633,0.51,0.156,0.514145810663765
config_238,512,5,16,0.0786180272698402,0.9583942890167236,0.9177591800689696,0.05,0.0957598909735679,0.0001197840028908,64,68589,2.873267109268292e+18,8990150656,42786816,16,7.112631109533403e-07,8984985600,1.729038953781128,2.873267109268292e+18,68589,1.748343592979869,1.768737702877795,0.2567217685719976,0.1979522184300341,0.2529461279461279,0.58,0.168,0.529923830250272
config_240,512,9,4,0.0013622512342408,0.924500286579132,0.9645702242851256,0.05,0.0669594705104827,1.406307546858443e-05,64,17640,1.0444352449727692e+18,2312118272,56422400,16,4.763107694694152e-07,2306867200,2.085846185684204,1.0444352449727692e+18,17640,2.2738554216994613,2.297038252510008,0.251643098984266,0.220136518771331,0.2554713804713804,0.5,0.146,0.5277475516866159
config_241,896,11,16,0.1561229526996612,0.824482262134552,0.9044187664985656,0.05,0.2416485100984573,1.450438048777869e-05,64,21066,3.254358240044384e+18,2761164288,156086784,8,4.559333748614006e-08,2759065600,1.86458432674408,3.254358240044384e+18,21066,2.047189003092344,2.069616350424094,0.256423023302131,0.2184300341296928,0.2558922558922559,0.6,0.14,0.5190424374319913
config_242,960,4,8,0.0199514832347631,0.9552431106567384,0.9658665060997008,0.05,0.0346337929368019,0.0028835874982178,64,9714,8.268394075302298e+17,1273259136,92511360,16,0.0001201494790924,1271398400,1.7866822481155396,8.268394075302298e+17,9714,1.8153943308845888,1.834286714108264,0.2577175861382195,0.2448805460750853,0.2478956228956229,0.57,0.158,0.5212187159956474
config_243,960,20,16,0.0097154676914215,0.9685583114624025,0.9046288132667542,0.05,0.2653071880340576,0.0037286246661096,64,14985,4.1021859681755136e+18,1964122880,269489280,8,3.2830657437443646e-05,1959526400,3.0461184978485107,4.1021859681755136e+18,14985,3.152508307480421,3.186298953744232,0.2551284604660426,0.220136518771331,0.2601010101010101,0.59,0.152,0.5348204570184983
config_244,256,4,16,0.0121004208922386,0.8728266954421997,0.962993323802948,0.05,0.0739754140377044,1.4641314010077622e-05,64,14230,2.2912100105197978e+17,1865220992,16281088,16,4.175279660668529e-07,1861222400,2.82669734954834,2.2912100105197978e+17,14230,2.8283099992939684,2.858447571426141,0.2571200955984863,0.2303754266211604,0.2605218855218855,0.53,0.19,0.5331882480957563
config_245,256,24,16,0.0014359467895701,0.9754559993743896,0.907706618309021,0.05,0.2666901350021362,0.0081082070246338,64,37246,1.7130992303595848e+18,4881962496,33330688,16,3.754933284336702e-05,4875878400,3.3413846492767334,1.7130992303595848e+18,37246,3.162598804880361,3.195441439112679,0.2546305516829317,0.2090443686006826,0.2563131313131313,0.55,0.158,0.5179542981501633
config_246,1024,8,16,0.0042749219574034,0.9832297563552856,0.983565866947174,0.05,0.1073950082063674,3.982575799454935e-05,64,54469,8.044625773338821e+18,7139411456,154261504,16,1.2937073036355448e-07,7136870400,1.662761688232422,8.044625773338821e+18,54469,1.6565135381651706,1.6732014955458094,0.2548297151961761,0.2303754266211604,0.263047138047138,0.57,0.182,0.5255712731229597
config_247,320,11,20,0.0067448839545249,0.886860191822052,0.9277928471565248,0.05,0.2392595559358596,2.698613388929516e-05,32,4442,8.0052146740224e+16,291147840,31415040,16,1.0672482329099778e-06,288358400,3.092040061950684,8.0052146740224e+16,4442,2.972751537776384,3.004172098441202,0.2525393347938657,0.2337883959044368,0.2474747474747475,0.55,0.178,0.5315560391730142
config_248,448,13,16,0.0040794294327497,0.9873132705688475,0.962724268436432,0.05,0.0973278954625129,0.0017047111177816,32,9931,3.0922666495984435e+17,650894144,55336960,16,5.470605036359488e-05,648806400,2.072356939315796,3.0922666495984435e+17,9931,2.0312819217853857,2.0512189864721453,0.2563234415455088,0.2261092150170648,0.2596801346801347,0.58,0.162,0.5397170837867247
config_249,640,21,16,0.0022195363417267,0.9591811895370485,0.9919294714927672,0.05,0.2207741886377334,0.0007560073281638,64,32173,4.905840653057065e+18,4217088256,138864640,8,2.44834814809461e-06,4213964800,1.4391247034072876,4.905840653057065e+18,32173,1.5722970425496336,1.5892591498718889,0.2570205138418642,0.2167235494880546,0.2584175084175084,0.5,0.16,0.5326441784548422
config_250,896,15,16,0.0039356108754873,0.881286084651947,0.9572030901908876,0.05,0.224277526140213,3.0575040000258014e-05,32,3906,3.86259552311722e+17,255984192,196464128,8,2.0941808219354386e-07,255590400,2.4424853324890137,3.86259552311722e+17,3906,2.502946289171938,2.5283484965074257,0.2546305516829317,0.2474402730375426,0.2521043771043771,0.48,0.156,0.5272034820457019
config_252,1152,7,16,0.0073581109754741,0.8167036771774292,0.9361596703529358,0.05,0.1766027212142944,3.973675484303385e-05,64,26566,4.229270058051698e+18,3482153472,169413120,16,1.3553359144926905e-07,3479961600,1.8293436765670776,4.229270058051698e+18,26566,1.7747041862519062,1.793595739309905,0.253236407090221,0.2192832764505119,0.2634680134680134,0.55,0.156,0.5321001088139282
config_253,256,9,16,0.0606688857078552,0.8122206330299377,0.9495726227760316,0.05,0.2543847262859344,2.2981621441431344e-05,32,11661,1.37449517975765e+17,764224704,20543488,16,8.523190689674529e-08,763494400,2.850728988647461,1.37449517975765e+17,11661,2.8205883635849247,2.850595575864198,0.2555267874925314,0.2372013651877133,0.2651515151515151,0.52,0.152,0.5201305767138193
config_254,832,18,16,0.0014520587865263,0.9431080222129822,0.9604704976081848,0.05,0.0490252561867237,1.7880396626424044e-05,64,70732,1.4269674745449677e+19,9271089152,195215488,8,1.650339463644565e-07,9266790400,1.5994364023208618,1.4269674745449677e+19,70732,1.691324779205635,1.7088618639062665,0.2517426807408883,0.2209897610921501,0.2563131313131313,0.53,0.188,0.5282916213275299
config_255,320,16,16,0.0041961395181715,0.9791050553321838,0.927950084209442,0.05,0.2309212535619735,0.0001256780960829,32,6690,1.561200443891712e+17,438472448,38381440,16,3.255909224948012e-06,435814400,2.656144857406616,1.561200443891712e+17,6690,2.692452110853352,2.720769730239618,0.2568213503286198,0.2269624573378839,0.247053872053872,0.56,0.168,0.5369967355821545
config_256,320,7,10,0.0332165360450744,0.8064897656440735,0.953630030155182,0.05,0.193866565823555,0.0012097773142158,64,13863,3.8173791435595776e+17,1817168256,25841920,16,5.853035014814507e-06,1815347200,2.0160207748413086,3.8173791435595776e+17,13863,1.840691421031952,1.8604897979048431,0.2554272057359091,0.2167235494880546,0.2613636363636363,0.58,0.19,0.528835690968444
config_257,1152,9,16,0.0444585382938385,0.8571687936782837,0.9411231279373168,0.05,0.1687253415584564,2.9584420190076344e-05,32,9069,8.691314657870316e+17,594366528,201268224,8,3.673882245826474e-07,593100800,2.104087829589844,8.691314657870316e+17,9069,2.114934283553577,2.1376150277794386,0.2538338976299542,0.2303754266211604,0.2474747474747475,0.52,0.168,0.5277475516866159
config_258,256,14,16,0.0915262922644615,0.9447681903839112,0.9202937483787536,0.05,0.1037943586707115,0.0057521876879036,32,4351,6.754903230077338e+16,285172032,24805888,16,1.2754296425506774e-05,285081600,2.205068349838257,6.754903230077338e+16,4351,2.163031937489744,2.185017933571925,0.2573192591117307,0.2320819112627986,0.2596801346801347,0.56,0.152,0.5277475516866159
config_259,576,19,24,0.0018001337302848,0.902701497077942,0.9458271861076356,0.05,0.2790288627147674,0.0022349336650222,64,23344,2.7433608902953206e+18,3059783424,104626944,8,1.5098584563331616e-05,3053977600,1.6036885976791382,2.7433608902953206e+18,23344,1.638907356027697,1.6563956091833896,0.2608046205935073,0.2116040955631399,0.2575757575757575,0.49,0.156,0.5125136017410229
config_260,832,6,16,0.0991600677371025,0.9110540151596068,0.933419108390808,0.05,0.1280960440635681,0.000305013731122,64,9522,8.491779377564221e+17,1248103424,92959360,16,5.504759708518784e-06,1245184000,1.8473296165466309,8.491779377564221e+17,9522,1.7803804930311735,1.7993036275613503,0.2568213503286198,0.2056313993174061,0.2592592592592592,0.57,0.17,0.5282916213275299
config_261,640,23,16,0.1013193577527999,0.877369225025177,0.9131836891174316,0.05,0.0856294333934784,0.0052501140162348,64,11383,1.8735546663100416e+18,1492004480,149025280,8,0.0001778786062995,1487667200,3.704256296157837,1.8735546663100416e+18,11383,3.613873288436014,3.650935625678203,0.2547301334395538,0.2244027303754266,0.2483164983164983,0.54,0.16,0.5375408052230686
config_262,640,7,20,0.0152613511309027,0.9343929290771484,0.9087176322937012,0.05,0.2953790426254272,0.0036164547782391,32,5984,2.025735563390976e+17,392216640,67740160,16,6.958656619135807e-05,389939200,3.0061020851135254,2.025735563390976e+17,5984,2.98258665483506,3.0135911839125584,0.2560246962756423,0.2261092150170648,0.2596801346801347,0.54,0.154,0.5282916213275299
config_263,320,17,16,0.0021297268103808,0.9189876317977904,0.9105565547943116,0.05,0.2053686380386352,0.001977928681299,64,29083,1.4191088119765402e+18,3811995136,39774720,16,1.0929612605972694e-05,3807641600,1.6164573431015017,1.4191088119765402e+18,29083,1.7416391922215946,1.7607481084886143,0.2590121489743079,0.212457337883959,0.271043771043771,0.59,0.154,0.5380848748639826
config_264,832,20,16,0.0367078371345996,0.9458777904510498,0.9256864786148072,0.05,0.2296593487262725,1.86446777661331e-05,64,7920,1.7464713918441554e+18,1038151808,212258176,8,2.051119666241256e-07,1035468800,2.3513946533203125,1.7464713918441554e+18,7920,2.246335199914995,2.2698775304340923,0.2573192591117307,0.2286689419795221,0.2613636363636363,0.5,0.186,0.5353645266594124
config_265,960,9,16,0.0263782795518636,0.9385005831718444,0.9463416934013368,0.05,0.1028058230876922,0.0049177194014191,32,11548,8.31851818743767e+17,756828224,147816960,16,0.0001988631265948,753664000,3.00698471069336,8.31851818743767e+17,11548,3.022204484236045,3.05329207068584,0.2514439354710217,0.2184300341296928,0.2542087542087542,0.58,0.166,0.5353645266594124
config_266,960,13,10,0.0063493219204247,0.9245458841323853,0.9697742462158204,0.05,0.2051762640476226,0.0011462841648608,32,5397,5.161063778528256e+17,353758816,192061440,8,4.8667891371688985e-05,350617600,2.0937719345092773,5.161063778528256e+17,5397,1.964667898299264,1.9857719125317743,0.2545309699263095,0.2261092150170648,0.2558922558922559,0.62,0.16,0.530467899891186
config_267,384,24,12,0.0057418784126639,0.8900291919708252,0.9348431825637816,0.05,0.0855846256017685,1.181805146188708e-05,128,42622,6.671851560840462e+18,11173111808,61792512,16,7.129068608761027e-08,11167334400,2.1538877487182617,6.671851560840462e+18,42622,2.045821719599552,2.067232148920904,0.2560246962756423,0.2244027303754266,0.2601010101010101,0.6,0.176,0.5136017410228509
config_268,512,20,16,0.0132315587252378,0.9523652791976928,0.971203863620758,0.05,0.1582098305225372,0.0001352336694253,64,37450,4.000819782442549e+18,4908657152,93920256,8,0.0,4908646400,1.699937343597412,4.000819782442549e+18,37450,1.6577748745582144,1.6742418596392772,0.2560246962756423,0.2150170648464164,0.2596801346801347,0.58,0.158,0.5331882480957563
config_269,1152,9,24,0.0026329786051064,0.8984911441802979,0.9733958840370178,0.05,0.2594406306743622,3.1542946089757606e-05,32,7458,7.14767177221079e+17,488802560,201268224,8,1.3047754328752049e-07,488243200,2.263295412063598,7.14767177221079e+17,7458,2.162712949631644,2.1850833748403145,0.2542322246564429,0.2244027303754266,0.2533670033670033,0.51,0.168,0.5233949945593036
config_270,1088,15,16,0.158280998468399,0.8818374872207642,0.9985269904136658,0.05,0.038118626922369,0.0002319696213817,32,4436,5.983692867962634e+17,290771584,276164864,8,4.9413647158236745e-05,288358400,1.865168094635009,5.983692867962634e+17,4436,1.9022766825019333,1.921603161565593,0.2570205138418642,0.2116040955631399,0.2474747474747475,0.53,0.146,0.5228509249183896
config_272,960,13,10,0.1097631156444549,0.8763185143470764,0.952290415763855,0.05,0.1890444606542587,0.0001887619873741,32,3184,3.045059529527808e+17,208719888,192061440,8,1.0678714759936076e-05,206438400,2.18420934677124,3.045059529527808e+17,3184,2.046336592318582,2.066298662170035,0.2547301334395538,0.2372013651877133,0.2449494949494949,0.6,0.152,0.5331882480957563
config_273,320,15,10,0.0057379072532057,0.9898402094841005,0.987259030342102,0.05,0.0477402657270431,0.004171370062977,32,14247,3.173096568331469e+17,933718912,36988160,16,0.0002883152837645,930611200,2.9877750873565674,3.173096568331469e+17,14247,2.9875179692565417,3.0199066492768583,0.2557259510057757,0.220136518771331,0.2622053872053872,0.52,0.162,0.5244831338411317
config_274,896,8,16,0.0013994369655847,0.9175933599472046,0.9839277863502502,0.05,0.0202722623944282,0.0036979857832193,64,28204,3.4413795728291267e+18,3696862208,125803776,16,2.5905329479645068e-05,3696230400,2.575176239013672,3.4413795728291267e+18,28204,2.711744487715549,2.7419182205981896,0.2554272057359091,0.2150170648464164,0.2651515151515151,0.55,0.156,0.5402611534276387
config_275,448,20,16,0.013170707039535,0.9600280523300172,0.9095777869224548,0.05,0.0689961090683937,0.0018641861388459,32,14382,6.203181993567928e+17,942558272,73005184,16,6.013503673696699e-05,940441600,1.7922756671905518,6.203181993567928e+17,14382,1.8806326960344784,1.8988275746830168,0.2579167496514638,0.2235494880546075,0.2584175084175084,0.57,0.166,0.5277475516866159
config_276,512,19,16,0.1484456360340118,0.9141913056373596,0.9700859785079956,0.05,0.0785673409700393,0.0003187198599334,64,9467,9.70384831461458e+17,1240863744,90511360,8,7.292379029433596e-06,1238630400,1.5240166187286377,9.70384831461458e+17,9467,1.7639557781375823,1.7824906073632787,0.256423023302131,0.2056313993174061,0.2643097643097643,0.56,0.192,0.529379760609358
config_277,1088,20,16,0.0117900948971509,0.867542564868927,0.973539650440216,0.05,0.1696777492761612,0.0004952197778038,128,59689,4.122108838414084e+19,15647120384,349985664,8,1.907136499886583e-06,15636889600,1.3732264041900637,4.122108838414084e+19,59689,1.4227680897126431,1.4315858931619614,0.2586138219478192,0.2073378839590443,0.2638888888888889,0.61,0.168,0.5228509249183896
config_278,1088,20,16,0.0016925551462918,0.8753906488418579,0.98145592212677,0.05,0.1065762937068939,0.0002264612558064,32,5982,1.0328969400285636e+18,392077536,349985664,8,1.1376389616652967e-05,389939200,1.6499141454696655,1.0328969400285636e+18,5982,1.8325453142846213,1.851354624795132,0.259609639514041,0.2226962457337884,0.257996632996633,0.57,0.164,0.514145810663765
config_279,576,10,6,0.0082534896209836,0.8475520610809326,0.942897081375122,0.05,0.1939813047647476,5.560690988204442e-05,64,11077,8.046670408903066e+17,1451959680,68784768,16,6.989695376234632e-07,1448345600,2.067533254623413,8.046670408903066e+17,11077,1.9895507836341857,2.01096896601505,0.2529376618203545,0.2056313993174061,0.2533670033670033,0.56,0.156,0.5277475516866159
config_280,640,22,8,0.0407310873270034,0.8881247043609619,0.921944260597229,0.05,0.1636008620262146,0.0008252391708083,32,15164,1.2020419835132314e+18,993811584,143944960,8,4.658608222305252e-06,992870400,1.630711317062378,1.2020419835132314e+18,15164,1.7752920687003213,1.7937481660921066,0.2566221868153754,0.2235494880546075,0.2474747474747475,0.59,0.134,0.5282916213275299
config_281,1088,22,8,0.0486693158745765,0.9689316749572754,0.9904478192329408,0.05,0.1163442358374595,0.0080355471000075,64,18037,6.773610356925235e+18,2364227840,379513984,8,0.0001417136523833,2359296000,3.7440130710601807,6.773610356925235e+18,18037,3.520491738827502,3.5577624015339087,0.2540330611431985,0.2141638225255972,0.2613636363636363,0.58,0.172,0.5326441784548422
config_283,448,4,16,0.0170505419373512,0.923178493976593,0.9484933018684388,0.05,0.1760314404964447,0.0078569380566477,128,45476,2.858064266759504e+18,11921514496,32620672,16,2.5519099247075724e-05,11914444800,1.9073662757873533,2.858064266759504e+18,45476,1.7341747190522363,1.7545582676324687,0.2600079665405297,0.2269624573378839,0.2558922558922559,0.51,0.168,0.5353645266594124
config_284,384,20,12,0.0483192093670368,0.903019905090332,0.9865307211875916,0.05,0.1901404410600662,7.008380634943023e-05,64,17552,1.18926223328025e+18,2300676352,54711552,16,4.200407932240769e-08,2300313600,1.9202948808670044,1.18926223328025e+18,17552,1.899196789850954,1.919641466766108,0.2533359888468433,0.2252559726962457,0.2584175084175084,0.6,0.16,0.5364526659412405
config_286,320,17,16,0.0161458626389503,0.9404575824737548,0.9531689286231996,0.05,0.131152719259262,4.229031765135005e-05,128,55232,5.390083514748764e+18,14478785536,39774720,16,1.8684111070595442e-07,14470348800,1.8452926874160769,5.390083514748764e+18,55232,1.8184372896444605,1.836841668379112,0.2572196773551085,0.2244027303754266,0.2647306397306397,0.58,0.166,0.5277475516866159
config_287,1024,13,16,0.0097906207665801,0.8016343712806702,0.9397841691970824,0.05,0.1279297918081283,0.0067702042870223,32,7088,7.60899147561173e+17,464537344,218497024,8,0.0002839600032084,462028800,3.388403415679932,7.60899147561173e+17,7088,3.3064308401795683,3.340640398947919,0.2544313881696873,0.2226962457337884,0.2588383838383838,0.54,0.146,0.5272034820457019
config_288,768,20,12,0.0089467922225594,0.8394425511360168,0.956773281097412,0.05,0.0143849020823836,2.4499251594534144e-05,64,43013,8.22297019422081e+18,5637923840,180201984,8,5.153564251277385e-07,5636096000,1.834687352180481,8.22297019422081e+18,43013,1.7422460162053344,1.7596230941522315,0.2542322246564429,0.2209897610921501,0.2563131313131313,0.54,0.172,0.5326441784548422
config_289,1152,17,12,0.0569113194942474,0.9144594073295592,0.940680980682373,0.05,0.2087820023298263,0.0005520299309864,64,11775,3.786195773294936e+18,1543378816,328688640,8,5.6146250100332345e-06,1540096000,1.6093658208847046,3.786195773294936e+18,11775,1.618006936780742,1.634862146631616,0.2543318064130651,0.2073378839590443,0.2605218855218855,0.56,0.168,0.5402611534276387
config_290,960,22,20,0.0028631549794226,0.9267964959144592,0.9625800251960754,0.05,0.0033187151420861,0.00013824722555,32,6480,9.634534336117556e+17,424717888,291611520,8,0.00013824722555,422707200,1.7815943956375122,9.634534336117556e+17,6480,1.9351278976338808,1.955439010467685,0.2542322246564429,0.2329351535836177,0.2512626262626262,0.57,0.176,0.5130576713819369
config_291,896,20,16,0.0196014903485775,0.8226928114891052,0.9482616782188416,0.05,0.2294032126665115,0.0014036647044122,64,43525,1.09637890275811e+19,5704969216,246935808,8,3.514785417698795e-06,5701632000,1.5613300800323486,1.09637890275811e+19,43525,1.5177067243662037,1.5323328961505265,0.2571200955984863,0.2269624573378839,0.2575757575757575,0.57,0.17,0.514145810663765
config_292,256,17,16,0.0010449101682752,0.8722184300422668,0.9318816065788268,0.05,0.0088135600090026,0.0079233804717659,64,24221,8.606040634294272e+17,3174712320,27363328,16,0.0007811783563712,3171942400,1.7576377391815186,8.606040634294272e+17,24221,1.8505370630201745,1.869993664866588,0.2586138219478192,0.2141638225255972,0.2756734006734007,0.57,0.156,0.5261153427638737
config_293,256,7,16,0.0614839829504489,0.9377123713493348,0.9271611571311952,0.05,0.0922957956790924,0.0005476031801663,64,23238,4.783573827374285e+17,3045924864,18838528,16,9.70565337981373e-06,3040870400,1.9294129610061648,4.783573827374285e+17,23238,1.8960559056235144,1.9172223837258384,0.2575184226249751,0.2312286689419795,0.2483164983164983,0.58,0.176,0.5348204570184983
config_294,448,16,14,0.1759200394153595,0.9729136824607848,0.9087342023849488,0.05,0.0245700366795063,0.0020660266745835,64,44773,3.248412171514675e+18,5868576768,62909056,16,4.319873955947436e-05,5865472000,1.803476095199585,3.248412171514675e+18,44773,1.7563383867310696,1.773044035161128,0.253734315873332,0.2244027303754266,0.2525252525252525,0.59,0.152,0.5484221980413493
config_295,256,23,16,0.0187963470816612,0.921316921710968,0.952395796775818,0.05,0.0807119980454444,2.1157613446121104e-05,64,34135,1.5190084784050668e+18,4474244608,32478208,16,2.6879000748248493e-07,4469555200,2.109044551849365,1.5190084784050668e+18,34135,2.1967673833252954,2.2200794910993733,0.2527384983071101,0.1996587030716723,0.2680976430976431,0.56,0.172,0.5380848748639826
config_296,1088,4,16,0.0196296032518148,0.908617377281189,0.9621769189834596,0.05,0.144216239452362,0.0005919601535424,32,4569,2.364289422244946e+17,299485408,113759104,16,1.7093074342411385e-05,298188800,1.8210563659667969,2.364289422244946e+17,4569,1.9300179086356863,1.949439605142249,0.2525393347938657,0.2064846416382252,0.2638888888888889,0.56,0.184,0.5310119695321001
config_298,576,23,18,0.0013176158536225,0.8768689036369324,0.9861904382705688,0.05,0.097722090780735,3.260996891185641e-05,64,27425,3.7699935214790246e+18,3594711040,120556800,8,3.0419747119269345e-07,3591372800,1.6233210563659668,3.7699935214790246e+18,27425,1.8317065847310865,1.8521661746306497,0.2549292969527982,0.2116040955631399,0.2617845117845118,0.55,0.174,0.5386289445048966
config_299,960,15,20,0.019781544804573,0.8675929307937622,0.9738726019859314,0.05,0.1579572111368179,6.507160287583247e-05,64,40048,8.602503373227295e+18,5249212416,214183680,8,4.938240218244994e-07,5242880000,1.5903112888336182,8.602503373227295e+18,40048,1.6168726708263648,1.6337208408996706,0.2570205138418642,0.2192832764505119,0.2457912457912457,0.6,0.158,0.5369967355821545
config_300,832,5,8,0.0010897214524447,0.8723223209381104,0.9202178120613098,0.05,0.0364016890525817,8.596925908932462e-05,32,9485,3.784420834742845e+17,621610176,84438016,16,8.721519038047419e-06,619315200,2.114539384841919,3.784420834742845e+17,9485,2.0200157464527693,2.0416887933308963,0.2508464449312886,0.2005119453924914,0.2643097643097643,0.54,0.138,0.5342763873775843
config_302,448,15,16,0.0014507265295833,0.8194030523300171,0.9073783755302428,0.05,0.1171997711062431,0.000108386244392,128,51307,7.093266404169351e+18,13450073088,60385024,16,1.2617723444938481e-07,13447987200,1.7123982906341553,7.093266404169351e+18,51307,1.6805338550004802,1.6973465480960783,0.2540330611431985,0.2158703071672355,0.2483164983164983,0.57,0.178,0.5315560391730142
config_303,256,5,16,0.1235965564846992,0.9474732279777528,0.9563267827033995,0.05,0.2561911046504974,2.1409810869954526e-05,64,22116,3.891492651616174e+17,2898868224,17133568,16,6.046901569625478e-08,2896691200,2.6923940181732178,3.891492651616174e+17,22116,2.575811384036893,2.6034812783413246,0.2575184226249751,0.2192832764505119,0.2546296296296296,0.51,0.162,0.5228509249183896
config_304,960,9,12,0.0204262062907218,0.8904656171798706,0.9608121514320374,0.05,0.0511055067181587,8.919249376049265e-05,32,13052,9.401965303018292e+17,855401472,147816960,16,2.6744375940178605e-07,855244800,1.7306318283081057,9.401965303018292e+17,13052,1.8611523627453164,1.8802616025189884,0.2587134037044413,0.2252559726962457,0.2542087542087542,0.56,0.158,0.5462459194776932
config_305,1152,19,16,0.0030687800608575,0.9721531271934508,0.9535703659057616,0.05,0.1416828632354736,0.0054168840870261,64,33054,1.1701821743824896e+19,4332544000,360543744,8,4.626849529810843e-06,4331929600,2.8979947566986084,1.1701821743824896e+19,33054,2.7710145167053724,2.8004221176319435,0.2552280422226648,0.2116040955631399,0.2558922558922559,0.54,0.144,0.5239390642002176
config_306,704,6,16,0.0094222538173198,0.8286904692649841,0.9457385540008544,0.05,0.201420783996582,3.485264824121259e-05,64,42555,3.030249779544785e+18,5577886208,73251200,16,2.0331728060442943e-08,5577113600,1.9060066938400269,3.030249779544785e+18,42555,1.8459917237719552,1.8636691928300704,0.2551284604660426,0.2073378839590443,0.2478956228956229,0.55,0.166,0.5179542981501633
config_307,896,17,16,0.0023603285662829,0.8000351190567017,0.9097041487693788,0.05,0.0772125050425529,3.818804907496087e-05,64,34708,7.615848263401341e+18,4549300224,216652800,8,1.140367273608369e-07,4548198400,1.4463870525360107,7.615848263401341e+18,34708,1.7191380410116226,1.7366388182171055,0.253236407090221,0.2056313993174061,0.257996632996633,0.56,0.178,0.5310119695321001
config_308,256,4,16,0.0030492197256535,0.8645064830780029,0.983383297920227,0.05,0.0162963345646858,0.0014561301795765,64,12593,2.0276745517400064e+17,1650682880,16281088,16,0.0003054321840087,1644953600,2.0366551876068115,2.0276745517400064e+17,12593,1.962221613360233,1.9841635970600315,0.256423023302131,0.220136518771331,0.2542087542087542,0.58,0.158,0.5364526659412405
config_309,960,8,16,0.0504826679825782,0.9497694969177246,0.9985332489013672,0.05,0.0492629557847976,0.0050490838475525,32,3309,2.188694526271488e+17,216878336,136755840,16,0.0002787837707237,216268800,3.4708237648010254,2.188694526271488e+17,3309,3.4302417458862555,3.464844455875334,0.2513443537143995,0.227815699658703,0.2453703703703703,0.61,0.162,0.5250272034820457
config_310,576,8,12,0.1007096990942955,0.8349400758743286,0.9244853258132936,0.05,0.1941493451595306,0.0032142661511898,64,13922,8.724681947476132e+17,1824840704,60819840,16,2.617093091272218e-05,1821900800,1.8800196647644043,8.724681947476132e+17,13922,1.7456064658868509,1.7642594474260924,0.2556263692491535,0.2252559726962457,0.2613636363636363,0.51,0.142,0.5250272034820457
config_311,512,21,16,0.0113588469102978,0.8945737481117249,0.9178847670555116,0.05,0.0846230685710907,0.0004506785189732,64,13839,1.5383447473217864e+18,1813906176,97329152,8,1.500978842011811e-05,1808793600,1.4384454488754272,1.5383447473217864e+18,13839,1.7298851658281733,1.7481868870141075,0.2559251145190201,0.2303754266211604,0.2554713804713804,0.55,0.194,0.5228509249183896
config_312,640,21,8,0.0808069184422493,0.8592009544372559,0.9267439246177672,0.05,0.1586446613073349,3.169764386257157e-05,32,4092,3.1198336301776896e+17,268182656,138864640,8,2.051311313140225e-06,265420800,2.637230157852173,3.1198336301776896e+17,4092,2.5556176602058724,2.5818098319749363,0.2540330611431985,0.2354948805460751,0.255050505050505,0.55,0.17,0.5337323177366703
config_313,256,10,16,0.0347329527139663,0.9173092246055604,0.9973372220993042,0.05,0.2025797665119171,9.949818922905251e-05,32,10546,1.3218717809206886e+17,691145472,21395968,16,2.142751266168735e-06,688128000,2.1349105834960938,1.3218717809206886e+17,10546,2.242744814372453,2.265470100621708,0.2544313881696873,0.2090443686006826,0.2546296296296296,0.57,0.172,0.5125136017410229
config_314,576,13,18,0.0011189912911504,0.8712970018386841,0.9021955728530884,0.05,0.2582781910896301,3.114954597549513e-05,32,7249,3.17540607849087e+17,475129216,80732160,16,8.153460217944775e-07,471859200,2.277780532836914,3.17540607849087e+17,7249,2.529608475966532,2.556552358768025,0.2554272057359091,0.2167235494880546,0.2626262626262626,0.53,0.178,0.5239390642002176
config_315,704,13,16,0.0096093602478504,0.8106499910354614,0.9948049187660216,0.05,0.1488329917192459,0.0001214048970723,64,9928,1.209292499636306e+18,1301292416,117415936,16,2.3015146364427044e-06,1297612800,1.6777217388153076,1.209292499636306e+18,9928,1.8001104882115224,1.8198046344225525,0.2557259510057757,0.2107508532423208,0.2449494949494949,0.6,0.156,0.5272034820457019
config_316,832,4,16,0.009393404237926,0.8634306788444519,0.9663178324699402,0.05,0.1829550564289093,7.840470061637461e-05,64,47539,3.3476072077036093e+18,6231073792,75916672,16,3.515905857236467e-07,6225920000,1.6688405275344849,3.3476072077036093e+18,47539,1.743146152457253,1.7591548446358227,0.2566221868153754,0.1996587030716723,0.2601010101010101,0.59,0.17,0.5408052230685527
config_317,512,9,4,0.0954451933503151,0.8176335692405701,0.9104537963867188,0.05,0.1078761294484138,0.0005088574835099,32,8810,2.608372864253952e+17,577428480,56422400,16,5.35639456326236e-06,576716800,1.780797839164734,2.608372864253952e+17,8810,1.93792210668814,1.9572016041786944,0.2545309699263095,0.2320819112627986,0.2651515151515151,0.56,0.162,0.5348204570184983
config_318,768,13,12,0.0162910427898168,0.8843373656272888,0.9317058324813844,0.05,0.0812874734401702,1.8264625396113843e-05,32,4809,3.243595992545526e+17,315181984,130646016,8,4.2149135529493707e-07,314572800,2.5579628944396973,3.243595992545526e+17,4809,2.664450461571334,2.69223988439216,0.2572196773551085,0.227815699658703,0.2617845117845118,0.54,0.136,0.5282916213275299
config_319,384,9,24,0.0022542846854776,0.8774423003196716,0.9923590421676636,0.05,0.0453899502754211,0.0002411720633972,64,19203,7.458783393377157e+17,2517101056,35238912,16,8.306730082568482e-07,2516582400,1.7234699726104736,7.458783393377157e+17,19203,1.826213899557708,1.8463867375108065,0.2556263692491535,0.2226962457337884,0.2638888888888889,0.56,0.168,0.5239390642002176
config_320,256,9,16,0.1050161495804786,0.9192008972167968,0.9594610929489136,0.05,0.2426553964614868,1.127895029640058e-05,32,5513,6.498342131746406e+16,361310368,20543488,16,1.09668177900679e-07,360448000,3.398149251937866,6.498342131746406e+16,5513,3.318533871525624,3.3545590947885984,0.2556263692491535,0.227815699658703,0.2664141414141414,0.56,0.144,0.5342763873775843
config_321,320,8,10,0.1329120248556137,0.8612205386161804,0.9115259647369384,0.05,0.1907256096601486,0.0058645294047892,32,3275,4.857611010471936e+16,214660128,27235200,16,0.0002349571075636,212992000,2.369134426116944,4.857611010471936e+16,3275,2.3503033328838034,2.373769612312317,0.2547301334395538,0.2218430034129692,0.2558922558922559,0.56,0.17,0.5206746463547334
config_322,768,5,8,0.0015762264374643,0.8294346332550049,0.9725618958473206,0.05,0.2328995615243911,5.047874947194941e-05,64,51844,3.658489554177884e+18,6795304960,74010624,16,1.839543628263845e-07,6789529600,1.7442537546157837,3.658489554177884e+18,51844,1.7638037216077085,1.7813927391318023,0.2481577375024895,0.2064846416382252,0.2664141414141414,0.61,0.192,0.5250272034820457
config_323,768,4,24,0.0023167571052908,0.8521632552146912,0.9628558158874512,0.05,0.2678549289703369,0.0015705209225416,32,4550,1.422705856684032e+17,298234176,66931200,16,0.0,298188800,1.8599045276641848,1.422705856684032e+17,4550,1.968251569427428,1.9894747264658816,0.2604062935670185,0.2133105802047781,0.2655723905723905,0.58,0.17,0.5495103373231773
config_325,256,11,16,0.0136110140010714,0.9309593439102172,0.919180393218994,0.05,0.1074723675847053,0.0013728543417528,64,18848,5.006659215151596e+17,2470455552,22248448,16,3.2541732545252186e-05,2464153600,1.7975001335144043,5.006659215151596e+17,18848,1.858125958481773,1.8778441422884584,0.2576180043815972,0.2235494880546075,0.273989898989899,0.56,0.16,0.5391730141458106
config_326,960,24,12,0.0658076778054237,0.9538992643356324,0.9490440487861632,0.05,0.2320783883333206,0.0005187226342968,32,12658,2.0310496533669888e+18,829558080,313733760,8,1.4129319286261804e-06,829030400,1.5592284202575684,2.0310496533669888e+18,12658,1.7167733907699585,1.734329172724583,0.2601075482971519,0.220136518771331,0.2626262626262626,0.6,0.178,0.5321001088139282
config_327,1088,24,16,0.0500851385295391,0.9632472395896912,0.98127943277359,0.05,0.029932864010334,1.2304918527661355e-05,32,9117,1.849683780968104e+18,597508224,409042304,8,7.690574079788348e-07,596377600,2.512420892715454,1.849683780968104e+18,9117,2.2820218070413247,2.3060079037166035,0.2559251145190201,0.2141638225255972,0.2554713804713804,0.53,0.152,0.529379760609358
config_328,704,5,16,0.0294565800577402,0.9055126905441284,0.984049677848816,0.05,0.1745802462100982,0.001080350135453,64,10007,6.402275749959598e+17,1311638656,66941952,16,4.328821378460964e-06,1310720000,1.7552517652511597,6.402275749959598e+17,10007,1.748211543091008,1.7682607853608052,0.2542322246564429,0.2252559726962457,0.2529461279461279,0.54,0.208,0.5315560391730142
config_329,576,12,18,0.0054459427483379,0.8333979249000549,0.9817357063293456,0.05,0.017713202163577,4.717555930255912e-05,64,21040,1.7381931779473736e+18,2757806336,76749696,16,5.072640785221408e-06,2752512000,1.9195829629898071,1.7381931779473736e+18,21040,1.871694326048992,1.892391752102336,0.2528380800637323,0.2269624573378839,0.2668350168350168,0.55,0.162,0.5097932535364527
config_330,576,8,18,0.0265005268156528,0.8581200242042542,0.9967872500419616,0.05,0.1209078878164291,0.0001496758923167,32,3104,9.727365054958387e+16,203456032,60819840,16,1.5965428513785166e-06,203161600,2.3532183170318604,9.727365054958387e+16,3104,2.2665391722663504,2.289889193401962,0.2529376618203545,0.2167235494880546,0.2521043771043771,0.56,0.178,0.5130576713819369
config_331,640,16,16,0.0160514507442712,0.9867626428604126,0.9623345732688904,0.05,0.0724877938628196,0.0001259349664906,32,3822,2.3357627793094656e+17,250535056,113463040,8,1.0002055100336772e-05,249036800,2.524078369140625,2.3357627793094656e+17,3822,2.510112609589686,2.535726337765084,0.2568213503286198,0.227815699658703,0.2609427609427609,0.57,0.148,0.5250272034820457
config_332,640,12,20,0.0656398236751556,0.9093673825263976,0.9980979561805724,0.05,0.0303106792271137,2.877649421861861e-05,64,74369,7.286391440521298e+18,9747703808,93141760,16,2.4257027069820244e-07,9745203200,1.7954343557357788,7.286391440521298e+18,74369,1.7107657628762918,1.7283137881560404,0.2560246962756423,0.2226962457337884,0.2575757575757575,0.57,0.186,0.5201305767138193
config_333,576,20,18,0.1543812602758407,0.8041682243347168,0.9485495686531068,0.05,0.0376243479549884,0.0016893701395019,64,46136,5.651919389577314e+18,6047224832,108609408,8,3.505321326920563e-05,6042419200,1.6759161949157717,5.651919389577314e+18,46136,1.649134210074534,1.6651174910146682,0.2552280422226648,0.2141638225255972,0.2588383838383838,0.55,0.156,0.5277475516866159
config_334,640,5,10,0.0131190652027726,0.8562263250350952,0.9346939325332642,0.05,0.2671234011650085,0.0002730154374148,32,3714,1.032231830667264e+17,243406080,57579520,16,3.8530404473872525e-06,242483200,2.139787197113037,1.032231830667264e+17,3714,2.1102058930475205,2.131620472845484,0.2538338976299542,0.2269624573378839,0.2588383838383838,0.56,0.158,0.5206746463547334
config_335,576,14,8,0.0595030188560485,0.8149394392967224,0.963992476463318,0.05,0.0086675947532057,0.0029162305872887,64,27721,2.56661856913195e+18,3633541120,84714624,16,0.0002551701763877,3630694400,1.7654893398284912,2.56661856913195e+18,27721,1.702418676438879,1.7206922600308403,0.2544313881696873,0.2158703071672355,0.2609427609427609,0.56,0.148,0.5342763873775843
config_336,256,18,16,0.0029498888179659,0.945767343044281,0.9552015662193298,0.05,0.2582761645317077,0.0087498938664793,32,14089,2.608336748861522e+17,923356608,28215808,16,9.380040153729972e-05,920780800,3.124223232269287,2.608336748861522e+17,14089,3.003528330756016,3.0347456315306367,0.2495518820952001,0.2184300341296928,0.2731481481481481,0.48,0.176,0.5266594124047879
config_337,896,6,14,0.1105519160628318,0.8360485434532166,0.9371925592422484,0.05,0.2649151682853699,0.0001907320547616,64,35629,3.5760202583054746e+18,4670010880,105615104,16,5.860595028699545e-07,4666163200,1.6141806840896606,3.5760202583054746e+18,35629,1.657989146162252,1.6741919322092025,0.2567217685719976,0.1919795221843003,0.2542087542087542,0.64,0.166,0.5397170837867247
config_338,704,19,22,0.0014690435491502,0.8781927227973938,0.9874109625816344,0.05,0.0572703853249549,0.0021728475112468,64,31392,5.185298480136192e+18,4114688000,155271424,8,5.0784415955684725e-05,4109107200,1.3103023767471311,5.185298480136192e+18,31392,1.5760025896009853,1.592635338384597,0.2573192591117307,0.2098976109215017,0.2689393939393939,0.57,0.174,0.5342763873775843
config_339,1024,20,16,0.0011731486301869,0.9736136794090272,0.9218024015426636,0.05,0.1805884391069412,0.0044099958613514,64,25901,7.990468752772694e+18,3394962432,308426752,8,9.42911238262234e-07,3394764800,3.402665853500366,7.990468752772694e+18,25901,3.3692726002364863,3.4032634420473067,0.2625970922127066,0.2175767918088737,0.2525252525252525,0.63,0.15,0.5212187159956474
config_340,896,24,14,0.0126449093222618,0.8357028961181641,0.982084572315216,0.05,0.0206923671066761,0.0007067553233355,128,60566,3.5756792303096955e+19,15877104640,287313152,8,9.02480859805944e-06,15872819200,1.503469705581665,3.5756792303096955e+19,60566,1.4487725125570767,1.459693820593787,0.2590121489743079,0.2090443686006826,0.2638888888888889,0.66,0.16,0.5233949945593036
config_341,640,7,20,0.1301916986703872,0.885168194770813,0.9838002920150756,0.05,0.225354790687561,0.0012938744621351,64,20542,1.3906480601766298e+18,2692529664,67740160,16,1.1739625709586334e-05,2686976000,1.7067452669143677,1.3906480601766298e+18,20542,1.681361683353049,1.699021903413241,0.2560246962756423,0.2235494880546075,0.2617845117845118,0.56,0.17,0.5473340587595212
config_342,768,22,24,0.0055214865133166,0.9888175129890442,0.9070473313331604,0.05,0.2614226341247558,0.0014111776836216,32,4453,4.615022797174702e+17,291869536,194360832,8,3.637055885622864e-06,291635200,3.088002443313598,4.615022797174702e+17,4453,3.134754124469445,3.1680310868435217,0.2572196773551085,0.2244027303754266,0.2735690235690236,0.53,0.174,0.5310119695321001
config_343,960,22,12,0.0014896097127348,0.8099730014801025,0.9304035902023317,0.05,0.1182584539055824,0.005105476360768,64,16582,4.930480423698924e+18,2173497088,291611520,8,8.335471609417257e-05,2169241600,3.4072370529174805,4.930480423698924e+18,16582,2.727359110976829,2.756302014882447,0.2543318064130651,0.2167235494880546,0.2533670033670033,0.58,0.138,0.530467899891186
config_344,704,24,4,0.0875655934214592,0.886063814163208,0.9374412894248962,0.05,0.1585273146629333,0.0007177779334597,32,11884,1.1963047103104205e+18,778877120,186817664,8,1.2960408782597302e-05,776601600,1.9637451171875,1.1963047103104205e+18,11884,1.7768667941015277,1.7954263557762395,0.2558255327623979,0.2158703071672355,0.2601010101010101,0.57,0.172,0.5337323177366703
config_345,512,9,16,0.0076495544053614,0.9608064293861388,0.9168024063110352,0.05,0.0887841582298278,2.681366459000856e-05,64,52961,3.1357677295396454e+18,6941805056,56422400,16,6.272869215016936e-08,6940262400,1.9836504459381104,3.1357677295396454e+18,52961,1.8593874389617169,1.8789256889702843,0.2533359888468433,0.2414675767918088,0.273989898989899,0.64,0.19,0.5331882480957563
config_347,512,14,8,0.0014546492602676,0.9703224301338196,0.9161967039108276,0.05,0.1553281843662262,0.0003883715544361,32,7968,3.2215608994922496e+17,522240576,73466880,16,5.651324155093681e-06,521011200,2.019916534423828,3.2215608994922496e+17,7968,1.9296913690645188,1.9483178313052067,0.2569209320852419,0.2261092150170648,0.2584175084175084,0.57,0.154,0.5342763873775843
config_348,384,10,16,0.001752340933308,0.9314836263656616,0.9405074119567872,0.05,0.2699307799339294,6.621400098083541e-05,32,14505,3.007520506263306e+17,950608768,37009152,16,8.456449678268638e-08,950272000,2.216646671295166,3.007520506263306e+17,14505,2.15426023745146,2.1766371880984696,0.2556263692491535,0.2354948805460751,0.2529461279461279,0.54,0.17,0.5195865070729053
config_349,704,19,22,0.0010439156321808,0.8924535512924194,0.9364830255508424,0.05,0.1082175746560096,0.0041447458788752,64,14842,2.451665771592745e+18,1945469440,155271424,8,0.000108393105176,1939865600,2.744377851486206,2.451665771592745e+18,14842,2.882806060587773,2.9137177136296133,0.2551284604660426,0.2337883959044368,0.2558922558922559,0.58,0.176,0.5402611534276387
config_351,768,23,12,0.0010750442743301,0.8375259637832642,0.92042875289917,0.05,0.2818653285503387,5.130747376824729e-05,64,76122,1.638844875543203e+19,9977531392,201440256,8,5.260833440070173e-08,9974579200,1.6373237371444702,1.638844875543203e+19,76122,1.5960156029365102,1.61234829427766,0.256423023302131,0.2192832764505119,0.2588383838383838,0.6,0.188,0.5272034820457019
config_352,1152,11,24,0.0262677185237407,0.9401131868362428,0.9811730980873108,0.05,0.0274136792868375,0.0001197044039145,32,11440,1.282096740469801e+18,749760640,233123328,8,1.5297687401215497e-05,747110400,1.7018511295318604,1.282096740469801e+18,11440,1.8115688603432447,1.830726764983818,0.2536347341167098,0.2252559726962457,0.2495791245791245,0.62,0.194,0.5174102285092492
config_353,448,4,16,0.0074136857874691,0.943619191646576,0.9962298274040222,0.05,0.2234905809164047,3.6946014006389305e-05,64,12595,3.957973980769321e+17,1650944128,32620672,16,5.908211195051598e-07,1644953600,2.3311212062835693,3.957973980769321e+17,12595,2.253426654456092,2.276610188953212,0.2535351523600876,0.2167235494880546,0.2697811447811448,0.5,0.168,0.5233949945593036
config_355,384,19,24,0.0091700283810496,0.9725356101989746,0.9924817085266112,0.05,0.113319993019104,5.758667248301208e-05,128,60456,7.874473379501703e+18,15848331264,52941312,16,5.044088100701676e-08,15846604800,1.6462345123291016,7.874473379501703e+18,60456,1.7368148075166296,1.7532739009231817,0.2548297151961761,0.2261092150170648,0.2613636363636363,0.58,0.182,0.5228509249183896
config_356,704,22,16,0.0031224319245666,0.8063367605209351,0.9425479769706726,0.05,0.2931093275547027,0.0001046135512297,32,6717,6.27592679448109e+17,440218816,174199168,8,9.036739689557868e-07,439091200,1.9863790273666384,6.27592679448109e+17,6717,2.016385992804512,2.0374936516558537,0.2545309699263095,0.2244027303754266,0.2537878787878788,0.54,0.17,0.528835690968444
config_357,384,4,8,0.0030039921402931,0.8579988479614258,0.9845930337905884,0.05,0.2530900537967682,0.0018693900201469,32,5229,6.719322579664896e+16,342727680,26387712,16,4.097680316270764e-05,340787200,2.052891492843628,6.719322579664896e+16,5229,2.033544679313409,2.055653048695111,0.2586138219478192,0.2329351535836177,0.2588383838383838,0.54,0.154,0.5375408052230686
config_358,1024,11,8,0.0140782734379172,0.909735381603241,0.916336178779602,0.05,0.110927052795887,0.0001113926264224,64,74966,1.4085636349231104e+19,9826048000,192802816,8,2.1434540261687626e-07,9823846400,1.5492194890975952,1.4085636349231104e+19,74966,1.5560029460953884,1.570377010087498,0.2550288787094204,0.2064846416382252,0.2613636363636363,0.57,0.176,0.515233949945593
config_359,1024,20,8,0.0144238313660025,0.9737749099731444,0.931054949760437,0.05,0.0760165601968765,0.0037173093296587,32,5395,8.322678904537743e+17,353611072,308426752,8,0.0004079973654503,350617600,3.5323739051818848,8.322678904537743e+17,5395,3.352245126083249,3.386449763618532,0.2552280422226648,0.2209897610921501,0.2478956228956229,0.49,0.184,0.5326441784548422
config_360,640,13,8,0.0210473574697971,0.8691765666007996,0.9489502906799316,0.05,0.1596058309078216,0.0084162913262844,64,16057,1.6704882447571354e+18,2104681728,98222080,16,2.299533149258126e-05,2103705600,3.150625467300415,1.6704882447571354e+18,16057,3.065115200417941,3.0973131982615736,0.2542322246564429,0.2286689419795221,0.2689393939393939,0.58,0.172,0.5315560391730142
config_361,576,19,24,0.0013895373558625,0.8222805857658386,0.9885231852531432,0.05,0.0977745503187179,0.0001611687039257,32,4881,2.8681203595548672e+17,319893280,104626944,8,1.0474276355764509e-05,317849600,1.9882060289382928,2.8681203595548672e+17,4881,2.066828224893476,2.088337581372652,0.256423023302131,0.2474402730375426,0.25,0.57,0.152,0.5353645266594124
config_362,1024,16,16,0.0047677103430032,0.8581838011741638,0.9469996094703674,0.05,0.1941602975130081,0.0003925334312953,64,26646,6.79189348085819e+18,3492549888,257038336,8,3.4905350550133523e-06,3486515200,1.5229699611663818,6.79189348085819e+18,26646,1.5723381717185505,1.5887219806381914,0.2574188408683529,0.2116040955631399,0.2575757575757575,0.57,0.178,0.5516866158868335
config_363,1088,22,16,0.0037232432514429,0.8582589030265808,0.9044780135154724,0.05,0.2180307060480117,0.0003017889976035,64,20672,7.763005834702848e+18,2709561600,379513984,8,1.473121355065202e-06,2706636800,1.558276891708374,7.763005834702848e+18,20672,1.58753064524932,1.6042427044618326,0.256423023302131,0.2175767918088737,0.2626262626262626,0.57,0.172,0.5190424374319913
config_364,1088,7,8,0.0015274054603651,0.829801619052887,0.9134795665740968,0.05,0.0946737229824066,0.0004570894816424,32,4554,3.389277415809024e+17,298514176,158051584,16,4.242129760022881e-06,298188800,1.8455755710601809,3.389277415809024e+17,4554,1.9520625243030607,1.9724823880195617,0.2563234415455088,0.2389078498293515,0.2529461279461279,0.57,0.174,0.529923830250272
config_367,384,14,16,0.0063899182714521,0.9714251756668092,0.9154441952705384,0.05,0.0415639765560627,0.0041856756433844,64,58811,3.0571461358174863e+18,7708494848,44090112,16,1.883896566171397e-05,7707033600,1.6411782503128052,3.0571461358174863e+18,58811,1.7112157707917883,1.7267738705384927,0.2522405895239992,0.2312286689419795,0.2537878787878788,0.59,0.166,0.5108813928182807
config_368,1088,19,16,0.0035268291831016,0.8615473508834839,0.9073721170425416,0.05,0.1952930241823196,0.0052543715573847,64,55694,1.8389489705819505e+19,7299996160,335221504,8,2.12571118540757e-05,7294156800,3.1191580295562744,1.8389489705819505e+19,55694,3.0430724415622774,3.0682528102202493,0.2554272057359091,0.2167235494880546,0.2596801346801347,0.55,0.17,0.5266594124047879
config_369,1088,16,16,0.0172708705067634,0.9822660088539124,0.9632694721221924,0.05,0.1139906495809555,0.0001278270647162,64,28880,8.226497877032632e+18,3785469440,290929024,8,1.1648881960776717e-06,3781427200,1.736052393913269,8.226497877032632e+18,28880,1.5684965333391407,1.585350897683472,0.2570205138418642,0.2107508532423208,0.2702020202020202,0.57,0.172,0.5359085963003264
config_371,640,5,20,0.0060323416255414,0.8161618709564209,0.9732842445373536,0.05,0.025093013420701,0.0015700086951255,64,49768,2.766377832140636e+18,6523274752,57579520,16,2.264435617969603e-05,6520832000,1.7633516788482666,2.766377832140636e+18,49768,1.687415955340276,1.704770498666607,0.2519418442541326,0.2107508532423208,0.2613636363636363,0.55,0.182,0.5315560391730142
config_372,960,14,6,0.0011467898730188,0.8688241243362427,0.9794131517410278,0.05,0.2992032468318939,0.0006899771979078,64,21351,4.33454706498945e+18,2798522624,203122560,8,1.0801145865809836e-07,2798387200,1.6197587251663208,4.33454706498945e+18,21351,1.586358846074245,1.6028564175816833,0.2584146584345748,0.2141638225255972,0.2592592592592592,0.59,0.17,0.5261153427638737
config_374,576,13,18,0.0115746259689331,0.8755624890327454,0.9386836886405944,0.05,0.1006982997059822,0.0037527957465499,64,34878,3.0553095135471206e+18,4571594240,80732160,16,2.9919783856320777e-05,4567859200,1.7672443389892578,3.0553095135471206e+18,34878,1.6380751626608805,1.6548911320576902,0.2577175861382195,0.212457337883959,0.2655723905723905,0.66,0.168,0.5321001088139282
config_375,1152,23,12,0.0770118832588195,0.9820305109024048,0.9313522577285768,0.05,0.2937497198581695,1.5161052033363376e-05,32,4222,8.845620261902254e+17,276740032,424253952,8,2.689864070435433e-07,275251200,2.805654287338257,8.845620261902254e+17,4222,2.5885553559123493,2.615237816552647,0.2601075482971519,0.2295221843003413,0.2483164983164983,0.54,0.174,0.5163220892274211
config_377,256,8,16,0.0525498427450656,0.8026305437088013,0.953645646572113,0.05,0.0406963005661964,0.0001330681407125,64,18655,4.119028370968412e+17,2445229824,19691008,16,8.766017174740746e-07,2444492800,2.124781608581543,4.119028370968412e+17,18655,2.00952870302513,2.031903366026332,0.2575184226249751,0.2218430034129692,0.2588383838383838,0.57,0.172,0.5277475516866159
config_378,704,4,16,0.0026393479201942,0.9275038242340088,0.9654542207717896,0.05,0.2796150147914886,0.0002171796077163,64,23919,1.3574195704279204e+18,3135177216,60632704,16,6.169875219215449e-07,3132620800,1.7066094875335691,1.3574195704279204e+18,23919,1.7611969078173404,1.780930122742887,0.2558255327623979,0.2167235494880546,0.2676767676767677,0.55,0.18,0.545157780195865
config_379,256,14,16,0.0020587611943483,0.9717686772346495,0.9814202189445496,0.05,0.1958454400300979,0.002732214750722,64,24202,7.514056146427576e+17,3172212224,24805888,16,1.1530764932360556e-06,3171942400,1.7108949422836304,7.514056146427576e+17,24202,1.80536850202279,1.8253758126790407,0.2551284604660426,0.1928327645051194,0.2605218855218855,0.5,0.17,0.5206746463547334
config_380,576,10,6,0.0018162111518904,0.8562465310096741,0.9674994945526124,0.05,0.2250396311283111,0.0021890364587306,128,41812,6.074423630818836e+18,10960829440,68784768,16,2.791841588348308e-06,10957619200,1.5459507703781128,6.074423630818836e+18,41812,1.5934467817916245,1.6082268873199088,0.2570205138418642,0.212457337883959,0.2521043771043771,0.54,0.176,0.5353645266594124
config_381,1152,8,6,0.1323904395103454,0.9490640163421632,0.966964602470398,0.05,0.1400066167116165,0.0008113985531963,64,21946,3.8500295487307776e+18,2876550400,185340672,8,1.214984812728892e-05,2870476800,1.5261746644973757,3.8500295487307776e+18,21946,1.6083064597356516,1.624738171471924,0.2584146584345748,0.2261092150170648,0.265993265993266,0.57,0.158,0.544069640914037
config_383,384,16,12,0.0056632542982697,0.983685314655304,0.9770740270614624,0.05,0.1369165331125259,0.0003763558634091,32,7810,2.2354427411022643e+17,511891488,47630592,16,3.5206348307681608e-06,511180800,2.0700161457061768,2.2354427411022643e+17,7810,2.025662552802289,2.0455662414285003,0.2554272057359091,0.2303754266211604,0.2584175084175084,0.58,0.174,0.530467899891186
config_384,960,8,10,0.0797690451145172,0.8145352602005005,0.9233595728874208,0.05,0.0945527553558349,6.607137765968218e-05,64,12460,1.6482647413628928e+18,1633270016,136755840,16,5.608775692672493e-07,1631846400,1.8714407682418823,1.6482647413628928e+18,12460,1.837811143710965,1.857372528646813,0.2518422624975104,0.220136518771331,0.2676767676767677,0.53,0.17,0.5223068552774756
config_385,320,17,8,0.1015648394823074,0.8603706359863281,0.9792016744613647,0.05,0.2261504083871841,0.0001407812524121,64,74355,3.628143593847521e+18,9745881088,39774720,16,4.1861805653338345e-08,9745203200,1.7839608192443848,3.628143593847521e+18,74355,1.6988574597483777,1.7160927033424378,0.2513443537143995,0.2218430034129692,0.2508417508417508,0.64,0.162,0.5342763873775843
config_386,832,19,8,0.0267548281699419,0.8584039807319641,0.9332371354103088,0.05,0.28179731965065,0.0062275840900838,64,12983,2.741033021202039e+18,1701740032,203736832,8,5.618104837965161e-05,1697382400,2.901395797729492,2.741033021202039e+18,12983,2.8994077391898045,2.9297003928950573,0.2572196773551085,0.2372013651877133,0.2617845117845118,0.56,0.182,0.544613710554951
config_387,704,20,16,0.1090689003467559,0.81899493932724,0.981365203857422,0.05,0.1236629486083984,0.0005375139298848,64,23586,4.066379551548408e+18,3091502336,161580672,8,6.635974443023186e-06,3086745600,1.52286696434021,4.066379551548408e+18,23586,1.5973780684783812,1.6142526320160413,0.2558255327623979,0.2192832764505119,0.2601010101010101,0.61,0.168,0.5233949945593036
config_388,640,24,16,0.0036109511274844,0.8726160526275635,0.930816411972046,0.05,0.1340634226799011,0.0007127816206775,32,8272,7.058214741602304e+17,542133568,154105600,8,1.415270365966268e-05,540672000,1.6742498874664309,7.058214741602304e+17,8272,1.849130280193736,1.868519348961408,0.2544313881696873,0.227815699658703,0.2575757575757575,0.57,0.168,0.5250272034820457
config_389,384,14,16,0.0436412505805492,0.8618155717849731,0.95359468460083,0.05,0.2383837550878524,0.0001543074322398,128,57649,5.993472525532398e+18,15112346624,44090112,16,5.502157022088477e-07,15099494400,1.727144718170166,5.993472525532398e+18,57649,1.6880984685850926,1.7024635094501932,0.253734315873332,0.2184300341296928,0.2575757575757575,0.56,0.182,0.5359085963003264
config_391,448,21,4,0.023701412603259,0.91665118932724,0.9034250378608704,0.05,0.2078039199113845,3.076363282161765e-05,64,27262,2.445123810942812e+18,3573328128,75529216,8,6.51656829407627e-08,3571712000,1.9428141117095947,2.445123810942812e+18,27262,1.904720094809767,1.926009382380813,0.2549292969527982,0.227815699658703,0.2478956228956229,0.54,0.178,0.5087051142546246
config_393,384,6,8,0.0010251259664073,0.8142458200454712,0.9021746516227722,0.05,0.0318898744881153,0.0009211389697156,64,18126,5.6109908363791565e+17,2375904512,29928192,16,4.143531697683013e-05,2372403200,1.6185204982757568,5.6109908363791565e+17,18126,1.860582616133768,1.8801725220289387,0.2561242780322645,0.220136518771331,0.2596801346801347,0.54,0.138,0.5250272034820457
config_394,256,16,8,0.0992780104279518,0.8141578435897827,0.9329516887664796,0.05,0.1726442128419876,0.0026363867800682,32,6761,1.1507344956014592e+17,443139520,26510848,16,2.485026099464548e-05,442368000,1.928591012954712,1.1507344956014592e+17,6761,2.021070953978867,2.041221890957629,0.2593108942441745,0.2141638225255972,0.2554713804713804,0.55,0.166,0.544069640914037
config_395,576,8,12,0.1427061557769775,0.9009849429130554,0.9885208606719972,0.05,0.157696858048439,0.000709387823008,32,7630,2.3909709610296115e+17,500091712,60819840,16,1.769046940169579e-05,498073600,1.9705368280410769,2.3909709610296115e+17,7630,1.8580248895629508,1.876973150949009,0.2549292969527982,0.2022184300341297,0.2668350168350168,0.59,0.16,0.5239390642002176
config_396,1024,22,16,0.0021180387120693,0.9880083799362184,0.9290487766265868,0.05,0.1968290656805038,1.2180064004496671e-05,128,47966,3.216610390177953e+19,12574229504,334120960,8,2.0641989627364293e-08,12569804800,1.8155211210250848,3.216610390177953e+19,47966,1.6830712610385457,1.7008530793033665,0.2528380800637323,0.2218430034129692,0.2617845117845118,0.56,0.156,0.5206746463547334
config_397,1088,22,16,0.1994882375001907,0.8678081035614014,0.979910373687744,0.05,0.0542008131742477,1.1180967703694478e-05,128,46705,3.5078567206097388e+19,12243651584,379513984,8,2.2088043665930642e-08,12242124800,1.8008331060409546,3.5078567206097388e+19,46705,1.6904239973279296,1.7068932045874048,0.2560246962756423,0.2150170648464164,0.2643097643097643,0.57,0.176,0.5228509249183896
config_398,1152,14,6,0.169340044260025,0.9828420877456664,0.9201869964599608,0.05,0.280400812625885,0.0096469977870583,32,3978,5.427223775067709e+17,260724016,280905984,8,0.0002422564466705,258867200,3.7335457801818848,5.427223775067709e+17,3978,3.719356757812813,3.747397859448293,0.2587134037044413,0.2226962457337884,0.2588383838383838,0.59,0.168,0.5272034820457019
config_399,640,11,10,0.0239374469965696,0.8794302940368652,0.9895592331886292,0.05,0.0890058353543281,0.0008631240343675,32,6488,2.981920437932851e+17,425201792,88061440,16,5.684352392714917e-05,422707200,1.887433409690857,2.981920437932851e+17,6488,1.85532443601577,1.874162018572698,0.2551284604660426,0.2133105802047781,0.257996632996633,0.58,0.162,0.5369967355821545
config_400,448,19,16,0.0068316608667373,0.8585625886917114,0.9467555284500122,0.05,0.1488325297832489,0.0074829282239079,128,58647,9.71606805088174e+18,15374182400,70481152,16,4.029532842846854e-05,15361638400,1.5809326171875,9.71606805088174e+18,58647,1.5810834617692917,1.5915447822946016,0.2551284604660426,0.2167235494880546,0.271043771043771,0.55,0.158,0.5233949945593036
config_401,768,22,12,0.0403382368385791,0.9798499941825868,0.9529121518135072,0.05,0.0541707351803779,7.781993190292269e-05,32,10226,1.0597614736885678e+18,670228736,194360832,8,3.6588033082748505e-06,668467200,1.9923603534698489,1.0597614736885678e+18,10226,1.8914366478607303,1.91120913675574,0.2571200955984863,0.2320819112627986,0.2457912457912457,0.54,0.152,0.5228509249183896
config_402,512,16,8,0.1489379703998565,0.9219158291816713,0.9732590913772584,0.05,0.130660131573677,0.000902320316527,64,63236,5.660535037767451e+18,8288562688,80284672,16,3.931678939115635e-06,8283750400,1.5848978757858276,5.660535037767451e+18,63236,1.5973508704685777,1.6123693449770815,0.2594104760007966,0.2295221843003413,0.2588383838383838,0.65,0.166,0.5315560391730142
config_403,256,13,16,0.0202211681753397,0.8581398129463196,0.915706992149353,0.05,0.0709576085209846,0.001472788862884,32,5703,8.427392851761562e+16,373773504,23953408,16,1.0936550962010192e-05,373555200,2.1903982162475586,8.427392851761562e+16,5703,2.109225670118801,2.130242339626688,0.2540330611431985,0.2141638225255972,0.2516835016835017,0.55,0.168,0.5408052230685527
config_405,448,24,4,0.0631351023912429,0.9440246820449828,0.935495913028717,0.05,0.0374105423688888,0.0001780481979949,32,14793,7.394687120520806e+17,969518720,83101312,8,1.3844615757291916e-05,966656000,1.559894561767578,7.394687120520806e+17,14793,1.8430267206371809,1.862775960398502,0.2530372435769767,0.2218430034129692,0.2676767676767677,0.58,0.164,0.5266594124047879
config_406,1024,20,16,0.1036277040839195,0.9354130625724792,0.9713687300682068,0.05,0.1071501597762107,0.0002696947485674,32,9716,1.4986952148269138e+18,636760384,308426752,8,4.145164243111131e-06,635699200,1.7152776718139648,1.4986952148269138e+18,9716,1.757990088404202,1.7749258651694313,0.2561242780322645,0.2107508532423208,0.257996632996633,0.57,0.16,0.5321001088139282
config_407,512,22,8,0.0113647188991308,0.873883843421936,0.9617615342140198,0.05,0.0306900683790445,4.2482690332690254e-05,32,3637,2.1005572928996966e+17,238397872,100738048,8,1.416089677756342e-05,235929600,2.67740249633789,2.1005572928996966e+17,3637,2.5974465077626903,2.624893508446021,0.2548297151961761,0.2372013651877133,0.2647306397306397,0.51,0.16,0.5342763873775843
config_408,1088,8,8,0.0011940028052777,0.9483165740966796,0.9810276627540588,0.05,0.0197206735610961,0.0007761174347251,32,8002,6.559154338332672e+17,524441600,172815744,16,9.886846302231384e-06,524288000,1.9655325412750244,6.559154338332672e+17,8002,1.852990945323569,1.872244366856872,0.2512447719577773,0.2184300341296928,0.2508417508417508,0.59,0.168,0.5255712731229597
config_409,768,15,16,0.0161314029246568,0.9062357544898988,0.9519384503364564,0.05,0.1323668211698532,0.0006774883368052,64,8854,1.3367543279822438e+18,1160576640,144804864,8,2.3142214749965508e-06,1159987200,1.745607852935791,1.3367543279822438e+18,8854,1.7017404039961392,1.719280916843258,0.2542322246564429,0.2337883959044368,0.2546296296296296,0.55,0.152,0.5413492927094669
config_410,1152,8,24,0.0138102946802973,0.8828459978103638,0.9570432305336,0.05,0.1718286871910095,0.0001075466716429,32,7519,6.595361079726735e+17,492772544,185340672,8,1.5827937732111006e-06,491520000,1.9830611944198608,6.595361079726735e+17,7519,1.9478347022611584,1.9679294888308791,0.2543318064130651,0.2175767918088737,0.2554713804713804,0.51,0.158,0.529379760609358
config_411,1152,11,18,0.0356561206281185,0.8315529823303223,0.9245007038116456,0.05,0.2626673579216003,0.0005346476682461,64,17676,3.961962061610877e+18,2316925952,233123328,8,2.994579787677916e-06,2313420800,1.8080874681472776,3.961962061610877e+18,17676,1.6125672795733468,1.630128114985638,0.2544313881696873,0.2073378839590443,0.2655723905723905,0.51,0.186,0.5391730141458106
config_412,384,8,12,0.0012446850305423,0.901610553264618,0.9189532399177552,0.05,0.0570378750562667,0.0032724242191761,32,8030,1.453939876348969e+17,526274336,33468672,16,0.000214350931387,524288000,2.133633613586426,1.453939876348969e+17,8030,2.014612671469078,2.0345899021820943,0.2515435172276439,0.2218430034129692,0.263047138047138,0.51,0.158,0.5326441784548422
config_413,256,21,8,0.0010310852667316,0.8891617059707642,0.9577582478523254,0.05,0.1876858174800872,0.0006168783875182,64,53807,2.233542424304812e+18,7052682752,30773248,16,4.276241545482507e-07,7051673600,1.6744240522384644,2.233542424304812e+18,53807,1.7401847106120625,1.75603021355926,0.2542322246564429,0.2064846416382252,0.2533670033670033,0.53,0.18,0.5321001088139282
config_414,960,24,16,0.0174011662602424,0.8200139999389648,0.9576188325881958,0.05,0.0054498733952641,0.0003051306703127,32,7260,1.164981908756091e+18,475823008,313733760,8,7.823863341353642e-05,475136000,1.8842664957046509,1.164981908756091e+18,7260,1.849035474667784,1.8669468655742585,0.2560246962756423,0.2269624573378839,0.2563131313131313,0.57,0.174,0.5326441784548422
config_415,1024,18,16,0.0411340445280075,0.8989241719245911,0.944077968597412,0.05,0.0371687673032283,6.249877333175391e-05,32,3371,4.748591897578045e+17,220951808,282732544,8,1.0499793919734656e-05,219545600,2.111760139465332,4.748591897578045e+17,3371,2.234488201199985,2.257107260383544,0.2548297151961761,0.2346416382252559,0.2558922558922559,0.52,0.16,0.5228509249183896
config_416,256,23,16,0.0227594040334224,0.8725208044052124,0.929986834526062,0.05,0.0620394796133041,0.009905656799674,32,4150,9.235045996211405e+16,272018592,32478208,16,0.0,271974400,3.104919195175171,9.235045996211405e+16,4150,3.1518783762415903,3.183938529061489,0.2559251145190201,0.2474402730375426,0.257996632996633,0.53,0.162,0.5418933623503809
config_417,320,13,4,0.0816669017076492,0.8451610207557678,0.9422065615653992,0.05,0.0388608276844024,1.5376646842923947e-05,64,27316,1.1006150284320768e+18,3580471040,34201600,16,2.318815735030946e-07,3578265600,2.249052762985229,1.1006150284320768e+18,27316,2.2599982922585284,2.2836706435484966,0.2577175861382195,0.2329351535836177,0.2588383838383838,0.52,0.188,0.5380848748639826
config_418,512,18,16,0.0235838219523429,0.9319478869438172,0.9860756397247314,0.05,0.2749770879745483,0.0002033618657151,128,39511,7.757872278357934e+18,10357729280,87102464,8,2.059076328117115e-07,10354688000,1.6979868412017822,7.757872278357934e+18,39511,1.5937532186703605,1.6098568325746254,0.2586138219478192,0.2261092150170648,0.265993265993266,0.52,0.174,0.5201305767138193
config_419,640,4,16,0.0229826606810092,0.8328509330749512,0.9956916570663452,0.05,0.220205932855606,0.0004896487225778,32,5960,1.475979080159232e+17,390599616,52499200,16,3.732078678184733e-06,389939200,1.9900096654891968,1.475979080159232e+17,5960,1.933217912736486,1.953790201046428,0.2561242780322645,0.2150170648464164,0.2609427609427609,0.55,0.154,0.514145810663765
config_420,576,18,18,0.0020551772322505,0.948917806148529,0.9349015355110168,0.05,0.1020556092262268,0.009232017211616,64,21396,2.407730340477174e+18,2804437760,100644480,8,0.0001945363223702,2798387200,3.446608781814575,2.407730340477174e+18,21396,3.3023003463666947,3.3358377784979147,0.2526389165504879,0.2218430034129692,0.2605218855218855,0.56,0.15,0.514145810663765
config_421,448,4,16,0.0061795329675078,0.956964075565338,0.9762089252471924,0.05,0.1696716696023941,2.6685143893701024e-05,32,5186,8.148446080085606e+16,339886752,32620672,16,1.092906917148167e-06,337510400,3.2939367294311523,8.148446080085606e+16,5186,2.8311731418234403,2.861041989404648,0.2569209320852419,0.2261092150170648,0.2584175084175084,0.54,0.16,0.5272034820457019
config_422,384,11,6,0.021287040784955,0.8086002469062805,0.9263935089111328,0.05,0.1494925618171692,1.787889596016612e-05,32,7235,1.5952417875615744e+17,474164160,38779392,16,5.788726721607885e-07,471859200,2.579928398132324,1.5952417875615744e+17,7235,2.830089424164569,2.8598599919334786,0.2535351523600876,0.2295221843003413,0.2588383838383838,0.52,0.176,0.5233949945593036
config_423,1088,9,16,0.0312167648226022,0.8522573113441467,0.928579032421112,0.05,0.1805836111307144,0.0001129858210333,64,14924,2.6721514699638866e+18,1956181888,187579904,8,1.0061817086458888e-06,1952972800,1.8189702033996584,2.6721514699638866e+18,14924,1.7218396077390576,1.740031555930122,0.2545309699263095,0.212457337883959,0.2563131313131313,0.57,0.182,0.5337323177366703
config_424,704,21,8,0.0030360256787389,0.8375550508499146,0.9283867478370668,0.05,0.0645041763782501,0.0041097216308116,64,10054,1.806082512750084e+18,1317837568,167889920,8,2.536865204204753e-05,1317273600,2.535001277923584,1.806082512750084e+18,10054,2.7427581889316683,2.772882365633229,0.2565226050587532,0.2235494880546075,0.2626262626262626,0.53,0.176,0.5326441784548422
config_425,1088,10,16,0.0767761170864105,0.9686793684959412,0.9796754717826844,0.05,0.2890152633190155,8.977491961559281e-05,64,7702,1.495427094623748e+18,1009527296,202344064,8,8.069655695783727e-08,1009254400,1.8271485567092896,1.495427094623748e+18,7702,1.8245844841394268,1.8441326447002224,0.2529376618203545,0.2244027303754266,0.2508417508417508,0.59,0.186,0.5163220892274211
config_426,320,24,16,0.0070151519030332,0.8497564792633057,0.9525163173675536,0.05,0.2569499909877777,8.643505134386942e-05,32,12285,3.9115568402878464e+17,805152448,49527680,16,9.58563623902229e-07,802816000,2.226856708526612,3.9115568402878464e+17,12285,2.119871256585981,2.142334630411179,0.2565226050587532,0.2158703071672355,0.2647306397306397,0.59,0.174,0.5272034820457019
config_427,640,20,4,0.025717930868268,0.909534215927124,0.9891121983528136,0.05,0.1734955161809921,0.000200479189516,32,14234,1.0421326641271604e+18,932873344,133784320,8,2.76075028090138e-06,930611200,1.8235043287277224,1.0421326641271604e+18,14234,1.7569411864632465,1.7752145255002818,0.2547301334395538,0.2184300341296928,0.2529461279461279,0.56,0.156,0.5391730141458106
config_428,960,7,8,0.1567834764719009,0.8057945966720581,0.94278222322464,0.05,0.2971674501895904,3.120499604847282e-05,64,48069,5.791721230915338e+18,6300604416,125694720,16,4.150762565954684e-08,6298009600,1.7833714485168457,5.791721230915338e+18,48069,1.74882676859371,1.7659244257113973,0.2530372435769767,0.2098976109215017,0.2592592592592592,0.6,0.18,0.5190424374319913
config_429,1152,9,8,0.0092852693051099,0.897749125957489,0.960605800151825,0.05,0.2289566993713379,4.624730718205683e-05,64,21053,4.0352682545717576e+18,2759569152,201268224,8,2.8784631026174477e-08,2759065600,1.5603241920471191,4.0352682545717576e+18,21053,1.7417589816695354,1.7604599755123014,0.2538338976299542,0.220136518771331,0.2680976430976431,0.63,0.176,0.5282916213275299
config_430,256,6,8,0.0036235079169273,0.8727726936340332,0.902118980884552,0.05,0.005625307559967,0.0002984958409797,128,50216,1.9172624568963564e+18,13163937792,17986048,16,1.6935934239985272e-05,13159628800,1.9086177349090576,1.9172624568963564e+18,50216,1.8705317136107893,1.889511693266572,0.259609639514041,0.2081911262798634,0.2584175084175084,0.55,0.174,0.5223068552774756
config_431,448,15,8,0.0085530616343021,0.913076400756836,0.9170024394989014,0.05,0.056988701224327,1.3817887520417573e-05,32,7804,2.6974750052262298e+17,511488416,60385024,16,1.2448547315691324e-07,511180800,2.84104871749878,2.6974750052262298e+17,7804,2.792013834343582,2.8214340019226074,0.255327623979287,0.2423208191126279,0.2626262626262626,0.56,0.156,0.5244831338411317
config_433,896,5,16,0.0061138593591749,0.8220089673995972,0.9793564081192015,0.05,0.2192663550376892,0.0002885026042349,64,74549,6.675475322425836e+18,9771381760,95520768,16,8.648371226913673e-07,9764864000,1.5776902437210083,6.675475322425836e+18,74549,1.60017113951386,1.6162567169939883,0.2571200955984863,0.2167235494880546,0.2571548821548821,0.61,0.184,0.5310119695321001
config_434,1024,8,8,0.0015841940185055,0.804408073425293,0.99294114112854,0.05,0.1421934068202972,0.0009460877045057,64,7660,1.131441696565887e+18,1004127232,154261504,16,8.687674054231112e-06,1002700800,1.6925427913665771,1.131441696565887e+18,7660,1.723050263123434,1.74200850873697,0.2524397530372436,0.2226962457337884,0.2765151515151515,0.54,0.134,0.528835690968444
config_436,1152,12,18,0.1257834434509277,0.931308925151825,0.9954248666763306,0.05,0.1916379630565643,2.7249350750935264e-05,64,31056,7.464969213233725e+18,4070607360,249050880,8,2.747371945985695e-08,4069785600,1.6848944425582886,7.464969213233725e+18,31056,1.7138114485779747,1.7330386774852629,0.2527384983071101,0.2150170648464164,0.2601010101010101,0.58,0.168,0.5212187159956474
config_437,768,19,6,0.0013912146678194,0.937439262866974,0.9763609170913696,0.05,0.2651500403881073,2.234501880593598e-05,128,42080,1.5412379100960522e+19,11031151616,173122560,8,6.00834063079759e-08,11023155200,1.3125383853912354,1.5412379100960522e+19,42080,1.6951658293849132,1.7122517351635167,0.2531368253335989,0.2098976109215017,0.2554713804713804,0.54,0.156,0.5228509249183896
config_438,768,22,12,0.0256236288696527,0.8854967355728149,0.9660998582839966,0.05,0.0225114412605762,0.0083476500585675,128,57345,2.3769767859921617e+19,15032799232,194360832,8,0.0002911970950663,15020851200,3.530768871307373,2.3769767859921617e+19,57345,3.3528839068725462,3.387899815371779,0.2571200955984863,0.212457337883959,0.2521043771043771,0.54,0.136,0.528835690968444
config_439,256,17,16,0.0056647234596312,0.8207029700279236,0.9441677927970886,0.05,0.0504670888185501,0.0005815839977003,32,3367,5.983097698615296e+16,220712576,27363328,16,5.85025323130543e-05,219545600,2.286799669265747,5.983097698615296e+16,3367,2.2453021138613343,2.2674181096671058,0.2560246962756423,0.2440273037542662,0.2596801346801347,0.54,0.156,0.5195865070729053
config_440,256,16,4,0.0112751871347427,0.9399657845497132,0.979595959186554,0.05,0.2927257716655731,0.0009727148571982,64,43915,1.4947336029292462e+18,5756110848,26510848,16,1.1350231705931383e-06,5754060800,1.7751375436782837,1.4947336029292462e+18,43915,1.7400374913997338,1.757462731033075,0.2551284604660426,0.2303754266211604,0.2689393939393939,0.55,0.168,0.5212187159956474
config_441,640,17,16,0.1444144994020462,0.9585089683532716,0.9383854269981384,0.05,0.0193174853920936,0.0021046076435595,64,37102,4.758619254602465e+18,4863114752,118543360,8,5.878792300445697e-06,4862771200,1.5600980520248413,4.758619254602465e+18,37102,1.6776263434965102,1.6934940888647174,0.2576180043815972,0.2218430034129692,0.2575757575757575,0.6,0.168,0.529379760609358
config_442,768,7,16,0.0037212572060525,0.98037987947464,0.9561781883239746,0.05,0.0566612742841243,2.1857331375940703e-05,32,3922,1.6993071309562675e+17,257054704,88169472,16,2.1660418480661968e-06,255590400,2.6691694259643555,1.6993071309562675e+17,3922,2.734847493953392,2.763506905055437,0.2558255327623979,0.2329351535836177,0.2588383838383838,0.53,0.178,0.5206746463547334
config_443,384,11,6,0.0024962285533547,0.8575440645217896,0.9386717677116394,0.05,0.1234442591667175,0.0060745133087038,64,11015,4.857620693999616e+17,1443862400,38779392,16,6.704760826383924e-05,1441792000,1.9950177669525144,4.857620693999616e+17,11015,1.8291507487218888,1.8486140202303405,0.2563234415455088,0.2116040955631399,0.2693602693602693,0.57,0.16,0.5342763873775843
config_444,960,7,20,0.0024611281696707,0.9126481413841248,0.9073897004127502,0.05,0.0365006998181343,0.000222373768338,64,15937,1.9202368034628403e+18,2088956288,125694720,16,1.416149643460599e-05,2084044800,1.730415105819702,1.9202368034628403e+18,15937,1.7254911661148071,1.7442412585117777,0.2560246962756423,0.2167235494880546,0.2563131313131313,0.58,0.196,0.529379760609358
config_445,960,15,12,0.0025999851059168,0.8830950856208801,0.997972011566162,0.05,0.1923551112413406,4.298264320823364e-05,64,13221,2.839987652766843e+18,1732948864,214183680,8,3.549490787939114e-07,1730150400,1.807298302650452,2.839987652766843e+18,13221,1.8162159742292807,1.8356175408402424,0.2536347341167098,0.2167235494880546,0.2605218855218855,0.59,0.148,0.5228509249183896
config_446,832,13,16,0.070756696164608,0.9360437393188475,0.9850977659225464,0.05,0.001352620194666,0.0043706325814127,32,3275,2.5362257099851776e+17,214692064,152608768,8,0.0043706325814127,212992000,3.629884719848633,2.5362257099851776e+17,3275,3.52671032690611,3.558186828660183,0.2566221868153754,0.2235494880546075,0.2525252525252525,0.56,0.186,0.5282916213275299
config_447,960,15,24,0.0039843725971877,0.8282538652420044,0.944128155708313,0.05,0.1955503672361374,0.0023508057929575,64,31422,6.749696632886231e+18,4118637312,214183680,8,8.417598868012185e-06,4115660800,2.5466551780700684,6.749696632886231e+18,31422,2.545492531237055,2.5731418754038264,0.2567217685719976,0.2116040955631399,0.2592592592592592,0.59,0.162,0.5397170837867247
config_448,512,14,16,0.0090883681550621,0.8009518384933472,0.9694865942001344,0.05,0.1315535902976989,0.0006096421275287,64,17956,1.4519086780553626e+18,2353659136,73466880,16,1.5486252181086011e-06,2352742400,1.6761518716812134,1.4519086780553626e+18,17956,1.6965861100446982,1.7149064143759305,0.2593108942441745,0.2158703071672355,0.2558922558922559,0.63,0.162,0.5168661588683352
config_449,320,11,10,0.0261048432439565,0.8514614105224609,0.9400065541267396,0.05,0.224967673420906,0.0041894097812473,64,59833,2.1563113868623872e+18,7842455552,31415040,16,1.0271212688051264e-05,7838105600,1.66771399974823,2.1563113868623872e+18,59833,1.7310952065811782,1.7476936149597169,0.2562238597888867,0.2107508532423208,0.2478956228956229,0.67,0.194,0.530467899891186
config_450,576,23,12,0.0035565963480621,0.8183761835098267,0.9914408326148988,0.05,0.0851434171199798,4.383165287435986e-05,64,17173,2.360772572134441e+18,2251010560,120556800,8,6.895540465870579e-07,2247884800,1.900903463363648,2.360772572134441e+18,17173,1.849507224520699,1.8695020129055275,0.2563234415455088,0.2064846416382252,0.2495791245791245,0.58,0.16,0.5364526659412405
config_451,960,8,10,0.0013068965636193,0.9212535619735718,0.9555465579032898,0.05,0.0001451253920095,0.0065238415263593,64,21299,2.817371601462067e+18,2791741184,136755840,16,0.0065238415263593,2785280000,2.528083086013794,2.817371601462067e+18,21299,2.6723512743340163,2.6938506775215023,0.2557259510057757,0.2226962457337884,0.2592592592592592,0.61,0.154,0.5223068552774756
config_452,1088,11,16,0.0462528690695762,0.8532684445381165,0.9478209018707277,0.05,0.1955594718456268,0.0003090526734013,64,15970,3.3422335819836457e+18,2093311872,217108224,8,1.9792038002005e-06,2090598400,1.539737582206726,3.3422335819836457e+18,15970,1.6371117192409077,1.6541085589127462,0.2597092212706632,0.2397610921501706,0.2626262626262626,0.57,0.19,0.5353645266594124
config_453,896,5,14,0.1221770644187927,0.8414026498794556,0.9015281796455384,0.05,0.1546180844306945,6.624501111218706e-05,128,39983,7.160619425557119e+18,10481522688,95520768,16,3.536210557590001e-07,10472652800,1.587318778038025,7.160619425557119e+18,39983,1.6934102006818428,1.710874388257011,0.2572196773551085,0.2209897610921501,0.2617845117845118,0.63,0.188,0.5326441784548422
config_454,1088,13,16,0.0088058672845363,0.9264971613883972,0.9016724824905396,0.05,0.2574591338634491,4.21366530645173e-05,32,7799,9.3403772791006e+17,511172416,246636544,8,1.0287473842358503e-06,507904000,1.952713131904602,9.3403772791006e+17,7799,2.0733820698300347,2.096315318033344,0.2547301334395538,0.2192832764505119,0.2525252525252525,0.58,0.182,0.5206746463547334
config_455,960,16,24,0.026420148089528,0.9178988337516784,0.9369154572486876,0.05,0.0720773637294769,0.0002415412600385,32,5807,6.580197074855117e+17,380629696,225244800,8,4.0449493307883006e-06,380108800,1.6920478343963623,6.580197074855117e+17,5807,1.9016467239426784,1.920796705308508,0.2544313881696873,0.2354948805460751,0.2617845117845118,0.55,0.138,0.5315560391730142
config_456,512,22,16,0.0700742900371551,0.8523126840591431,0.9135717749595642,0.05,0.2776541411876678,1.4003881005919538e-05,64,20225,2.335845522259575e+18,2651013632,100738048,8,6.235031614389841e-08,2647654400,2.3455018997192383,2.335845522259575e+18,20225,2.257258751255567,2.2809496710144104,0.255327623979287,0.2209897610921501,0.2529461279461279,0.57,0.15,0.5212187159956474
config_457,704,22,8,0.0076647796668112,0.9031093120574952,0.9969581961631776,0.05,0.0358837209641933,8.931838237913325e-05,64,29629,5.536566375599407e+18,3883570944,174199168,8,2.4367197450563216e-06,3879731200,1.7170225381851196,5.536566375599407e+18,29629,1.634290408482317,1.6516169949242323,0.2574188408683529,0.2286689419795221,0.2613636363636363,0.59,0.166,0.5386289445048966
config_458,384,12,16,0.0198859944939613,0.8173035383224487,0.9750396013259888,0.05,0.030469162389636,0.0001936872431542,64,10031,4.687386172121088e+17,1314884992,40549632,16,1.968624438617196e-05,1310720000,1.925498485565185,4.687386172121088e+17,10031,1.900407739115543,1.9213923013796568,0.2548297151961761,0.2005119453924914,0.2575757575757575,0.62,0.14,0.5369967355821545
config_459,256,20,16,0.0063249212689697,0.8187616467475891,0.9658255577087402,0.05,0.2439539581537246,0.0004558377258945,32,12549,2.510924701434839e+17,822469952,29920768,16,7.296977644178943e-06,819200000,2.0204548835754395,2.510924701434839e+17,12549,1.9520492499382769,1.972177133677436,0.2584146584345748,0.2056313993174061,0.242003367003367,0.51,0.17,0.5228509249183896
config_460,896,23,8,0.0010162896942347,0.8859100937843323,0.998332679271698,0.05,0.2034689038991928,1.3384660633164458e-05,128,39655,2.255338270162472e+19,10395551744,277218816,8,8.294906193087446e-09,10394009600,1.807976007461548,2.255338270162472e+19,39655,1.7248547750418304,1.743324271596846,0.2542322246564429,0.227815699658703,0.2651515151515151,0.56,0.148,0.5223068552774756
config_461,896,24,14,0.0298680327832698,0.9059614539146424,0.932022213935852,0.05,0.1268952488899231,0.0033247990068048,128,45042,2.659216651712358e+19,11807731712,287313152,8,2.443421842271247e-05,11796480000,1.2257440090179443,2.659216651712358e+19,45042,1.4608924294397478,1.472602878525609,0.2581159131647082,0.220136518771331,0.2651515151515151,0.56,0.166,0.5272034820457019
config_463,576,22,8,0.0062254699878394,0.9400070905685424,0.9493823647499084,0.05,0.1312830150127411,5.251553011476062e-05,64,40943,5.424060688360538e+18,5366544384,116574336,8,4.2012424091809e-07,5360844800,1.7398420572280884,5.424060688360538e+18,40943,1.6973001624521662,1.7141894650654714,0.2552280422226648,0.2150170648464164,0.2516835016835017,0.59,0.142,0.5413492927094669
config_464,384,15,12,0.1077658832073211,0.8639999032020569,0.9298667311668396,0.05,0.255592405796051,5.705048170057125e-05,32,10425,2.846722188865536e+17,683243200,45860352,16,5.353836495924422e-07,681574400,2.30460786819458,2.846722188865536e+17,10425,2.278974591474064,2.302696764508232,0.2520414260107548,0.2073378839590443,0.2613636363636363,0.56,0.162,0.5282916213275299
config_465,1088,8,16,0.0015990562969818,0.8089659810066223,0.9602773189544678,0.05,0.0939427092671394,0.0001080675210687,64,13277,2.1766710238508485e+18,1740371968,172815744,16,2.339874153051965e-06,1736704000,1.8776977062225344,2.1766710238508485e+18,13277,1.7468903861671197,1.765338520378363,0.2549292969527982,0.2133105802047781,0.2664141414141414,0.58,0.182,0.530467899891186
config_466,448,9,14,0.1274635195732116,0.8008636832237244,0.950128734111786,0.05,0.0987331047654151,0.0042574433609843,64,34423,1.6715980811536955e+18,4511926272,45240832,16,2.8817303502837004e-05,4508876800,1.7990899085998535,1.6715980811536955e+18,34423,1.740628634085421,1.756951820225012,0.2586138219478192,0.2337883959044368,0.2529461279461279,0.58,0.172,0.5212187159956474
config_468,576,20,24,0.1477396190166473,0.9021043181419371,0.9312154650688172,0.05,0.2174163460731506,0.0002618669532239,32,8055,4.93416682715861e+17,527927136,108609408,8,7.477640012106012e-07,527564800,2.062323570251465,4.93416682715861e+17,8055,1.9175895812863208,1.9384237733434453,0.253236407090221,0.2133105802047781,0.265993265993266,0.58,0.178,0.5364526659412405
config_469,896,18,16,0.0205510184168815,0.8425233364105225,0.966022491455078,0.05,0.20390684902668,0.0021284781396389,32,3736,4.3020167208689664e+17,244899520,226747136,8,0.0001006901616649,242483200,2.831669569015503,4.3020167208689664e+17,3736,3.10373450545014,3.136271079407364,0.2520414260107548,0.2354948805460751,0.247053872053872,0.53,0.17,0.530467899891186
config_470,576,5,8,0.0011564474552869,0.853035569190979,0.9627637267112732,0.05,0.1491836309432983,0.0002036858204519,128,45839,4.373772867670376e+18,12016666624,48872448,16,1.1617062002962234e-06,12006195200,1.749912977218628,4.373772867670376e+18,45839,1.6987229126789531,1.71562943067707,0.2595100577574188,0.2013651877133105,0.2554713804713804,0.62,0.15,0.5353645266594124
config_471,1152,18,12,0.0369792580604553,0.93490332365036,0.9554860591888428,0.05,0.1531489193439483,0.0042035672813653,128,50758,3.4290499284094943e+19,13306108928,344616192,8,4.326326804440957e-06,13303808000,1.4376676082611084,3.4290499284094943e+19,50758,1.4428673833510914,1.4548607131496805,0.2560246962756423,0.2235494880546075,0.2563131313131313,0.54,0.168,0.5364526659412405
config_472,896,7,4,0.0112031530588865,0.8318111300468445,0.9452764391899108,0.05,0.0528621412813663,0.0030265511013567,64,21255,2.363384513657438e+18,2785969664,115709440,16,1.3475294307020366e-05,2785280000,1.5274497270584106,2.363384513657438e+18,21255,1.6831315903976316,1.6998638974252294,0.2577175861382195,0.2150170648464164,0.2558922558922559,0.55,0.164,0.5364526659412405
config_474,1088,19,16,0.1269980669021606,0.9784902930259703,0.9493076801300048,0.05,0.2620872259140014,0.0029329834505915,128,46642,3.080129974690657e+19,12227058688,335221504,8,1.0077331881941027e-05,12215910400,1.603568434715271,3.080129974690657e+19,46642,1.466255934013695,1.4782506108283997,0.2589125672176857,0.2226962457337884,0.2697811447811448,0.61,0.16,0.5364526659412405
config_475,576,22,12,0.1206451654434204,0.982081413269043,0.910350501537323,0.05,0.0139491502195596,0.0024615789297968,128,56476,1.4963691382869197e+19,14805017600,116574336,8,8.132281089544757e-05,14798028800,3.389119863510132,1.4963691382869197e+19,56476,3.205776186184805,3.238619812941942,0.2562238597888867,0.2192832764505119,0.265993265993266,0.6,0.148,0.528835690968444
config_476,448,13,16,0.001475044991821,0.859876811504364,0.9494199752807616,0.05,0.0224562231451272,6.164417573018e-05,32,11265,3.507581265726505e+17,738314112,55336960,16,3.66929617441548e-06,737280000,2.137248039245605,3.507581265726505e+17,11265,2.1516845115286407,2.173322971140752,0.2543318064130651,0.2295221843003413,0.2584175084175084,0.52,0.174,0.5228509249183896
config_477,832,14,16,0.0020638527348637,0.8298234939575195,0.984631359577179,0.05,0.135431483387947,0.0001018697657855,64,46616,7.655428202710499e+18,6110180864,161130112,8,2.581841046362093e-07,6107955200,1.4171912670135498,7.655428202710499e+18,46616,1.5911193972142017,1.6060758398986257,0.2533359888468433,0.2064846416382252,0.265993265993266,0.59,0.17,0.5364526659412405
config_478,640,18,10,0.0014902690891176,0.8973298072814941,0.9800864458084106,0.05,0.061700090765953,3.989475226262584e-05,64,29097,3.908110876065792e+18,3813849600,123623680,8,1.0445979701077478e-06,3807641600,1.7111879587173462,3.908110876065792e+18,29097,1.7606145717667752,1.780467642506615,0.2526389165504879,0.2150170648464164,0.2647306397306397,0.54,0.182,0.5353645266594124
config_479,960,14,20,0.0067977686412632,0.8826828598976135,0.9558453559875488,0.05,0.1384450197219848,0.0007258646073751,64,7903,1.604548976206971e+18,1035948288,203122560,8,1.9904879544107093e-06,1035468800,1.7654118537902832,1.604548976206971e+18,7903,1.6886690253898746,1.7065916045962788,0.2573192591117307,0.2303754266211604,0.2613636363636363,0.56,0.17,0.5386289445048966
config_480,640,20,16,0.0188879147171974,0.8142209053039551,0.9528288245201112,0.05,0.0825691074132919,0.0005217669531702,128,59436,1.7405639807627428e+19,15580796928,133784320,8,3.827921400882542e-06,15571353600,1.424959421157837,1.7405639807627428e+19,59436,1.5195750491443227,1.5288305163090343,0.2571200955984863,0.2158703071672355,0.2685185185185185,0.59,0.154,0.5277475516866159
config_482,448,17,16,0.1264475286006927,0.8114882111549377,0.9503838419914246,0.05,0.0452058799564838,0.0001571544125908,64,10871,8.260173289205268e+17,1424965632,65433088,16,6.7214718216066654e-06,1422131200,1.8806989192962649,8.260173289205268e+17,10871,1.859389841595634,1.8797825979404763,0.2551284604660426,0.2252559726962457,0.2655723905723905,0.57,0.188,0.529379760609358
config_483,256,10,4,0.0042962892912328,0.8026132583618164,0.93720942735672,0.05,0.0043204487301409,0.0058540408499538,64,35131,8.807063333791334e+17,4604805120,21395968,16,0.0012018229559507,4600627200,1.7610830068588257,8.807063333791334e+17,35131,1.850091259987628,1.868121572869723,0.2560246962756423,0.2329351535836177,0.2542087542087542,0.62,0.196,0.5163220892274211
config_484,960,6,8,0.0313409604132175,0.869844377040863,0.954807698726654,0.05,0.261494517326355,0.0091756051406264,32,7133,3.876800653183795e+17,467487424,114633600,16,0.0001623565520861,465305600,3.220010995864868,3.876800653183795e+17,7133,3.228801069337813,3.263242667463959,0.2548297151961761,0.2320819112627986,0.2449494949494949,0.49,0.16,0.5239390642002176
config_485,704,14,16,0.0511975660920143,0.8246739506721497,0.966161012649536,0.05,0.0696039199829101,0.0012334220809862,64,55250,7.129193310190043e+18,7241805824,123725184,8,0.0,7241728000,1.7015671730041504,7.129193310190043e+18,55250,1.573820300453999,1.5886200279876834,0.2588129854610635,0.2175767918088737,0.263047138047138,0.57,0.168,0.529923830250272
config_486,640,16,10,0.074686087667942,0.8206585049629211,0.9659572839736938,0.05,0.0508006103336811,2.5044668291229755e-05,128,52798,1.2903922234388644e+19,13840809984,113463040,8,4.482267255701079e-07,13828096000,1.774806022644043,1.2903922234388644e+19,52798,1.70543327440981,1.7218729799301895,0.2546305516829317,0.2167235494880546,0.2575757575757575,0.54,0.172,0.5331882480957563
config_487,640,21,20,0.0017253569094464,0.8196843266487122,0.9812544584274292,0.05,0.1865979731082916,0.0012047385098412,32,3519,2.683029419108352e+17,230634720,138864640,8,3.489334098625619e-05,229376000,2.077434778213501,2.683029419108352e+17,3519,2.016293669470021,2.0381138160971344,0.2551284604660426,0.2261092150170648,0.2596801346801347,0.58,0.158,0.544613710554951
config_488,512,6,16,0.0230451170355081,0.8609876036643982,0.9257186055183412,0.05,0.0334363281726837,0.000126554412418,64,11906,5.503270168343347e+17,1560627840,46195712,16,1.9078554635886056e-06,1559756800,2.1232235431671143,5.503270168343347e+17,11906,1.928743928143236,1.9501519622568224,0.2543318064130651,0.2226962457337884,0.255050505050505,0.57,0.174,0.5261153427638737
config_489,640,12,20,0.1916545927524566,0.8891705274581909,0.9283386468887328,0.05,0.0763898491859436,2.6288120352546684e-05,64,8545,8.372931344960717e+17,1120127232,93141760,16,1.8143641347616568e-06,1114112000,2.284411668777466,8.372931344960717e+17,8545,2.283608671602656,2.307729920754668,0.2585142401911969,0.2098976109215017,0.2702020202020202,0.53,0.17,0.5337323177366703
config_490,704,14,8,0.0408889129757881,0.8500092029571533,0.9119710326194764,0.05,0.192073568701744,0.0003030409570783,64,58429,7.539370547422298e+18,7658462208,123725184,8,7.831213469320915e-07,7654604800,1.506297588348389,7.539370547422298e+18,58429,1.592723259105057,1.6070506878954465,0.256423023302131,0.220136518771331,0.257996632996633,0.57,0.168,0.5239390642002176
config_491,448,14,16,0.0089975884184241,0.8511417508125305,0.9142993092536926,0.05,0.240860566496849,0.0022270602639764,64,13773,9.049016597745009e+17,1805366912,57860992,16,1.544238350059072e-05,1802240000,1.9024670124053955,9.049016597745009e+17,13773,1.7548488994113731,1.7732083356575887,0.2582154949213304,0.2269624573378839,0.2689393939393939,0.59,0.18,0.5272034820457019
config_492,1152,15,8,0.0083908224478363,0.8502747416496277,0.9859278202056884,0.05,0.2702932059764862,0.0003547737433109,128,42498,2.457051560743168e+19,11140765696,296833536,8,1.4825996586213938e-06,11128012800,1.341289520263672,2.457051560743168e+19,42498,1.4559645061219324,1.469533454424045,0.2545309699263095,0.2107508532423208,0.2634680134680134,0.6,0.164,0.5380848748639826
config_493,320,12,20,0.0129365064203739,0.8381062150001526,0.9216985702514648,0.05,0.1351104080677032,1.6150541341630742e-05,64,61006,2.3282803212956467e+18,7996188672,32808320,16,1.1757249217395951e-08,7995392000,2.158350944519043,2.3282803212956467e+18,61006,2.14526290139214,2.16627573826274,0.2611033658633738,0.2269624573378839,0.2542087542087542,0.61,0.182,0.5321001088139282
config_494,704,8,22,0.0192013904452323,0.8905170559883118,0.981151819229126,0.05,0.1197257116436958,7.17077637091279e-05,32,3072,1.316026003539456e+17,201363184,85869696,16,4.298558042509031e-06,199884800,2.508768320083618,1.316026003539456e+17,3072,2.4121378958029824,2.436347408451018,0.2508464449312886,0.2192832764505119,0.255050505050505,0.54,0.17,0.5195865070729053
config_495,256,9,16,0.0281912609934806,0.9464691281318665,0.9952691793441772,0.05,0.1372711509466171,0.0005507500027306,128,55876,2.634464179321307e+18,14647724032,20543488,16,1.8669491617988529e-06,14640742400,1.863303542137146,2.634464179321307e+18,55876,1.779369758308911,1.7959128530299078,0.2559251145190201,0.2261092150170648,0.2483164983164983,0.64,0.182,0.5321001088139282
config_496,576,20,8,0.0018646048847585,0.9377455711364746,0.9597693085670472,0.05,0.0149675132706761,0.0014300198527052,128,57301,1.4039340380269314e+19,15021277184,108609408,8,1.6686346005897676e-06,15020851200,1.667863845825195,1.4039340380269314e+19,57301,1.5371409955571909,1.549702092760899,0.2592113124875523,0.2337883959044368,0.2609427609427609,0.54,0.17,0.529923830250272
config_497,256,14,16,0.0012291338061913,0.9117496609687804,0.9832018613815308,0.05,0.2638459503650665,0.0016050561098381,64,56440,1.7523065920967148e+18,7397720064,24805888,16,4.311479712143388e-06,7392460800,1.7903248071670532,1.7523065920967148e+18,56440,1.7592938626789656,1.7777659591690438,0.2590121489743079,0.2184300341296928,0.2638888888888889,0.61,0.168,0.515778019586507
config_498,512,8,16,0.0254929028451442,0.9228127598762512,0.9675859808921814,0.05,0.0618723779916763,5.18905908393208e-05,128,51434,5.645279900048818e+18,13483129856,53013504,16,5.544563446061888e-07,13474201600,1.869980931282044,5.645279900048818e+18,51434,1.7529185734029675,1.7702176574019135,0.2529376618203545,0.2252559726962457,0.2731481481481481,0.58,0.192,0.5310119695321001
config_499,896,20,8,0.0474343113601207,0.9318466782569884,0.9346397519111632,0.05,0.2197601050138473,0.0006206760881468,128,45317,2.2830459505450942e+19,11879749632,246935808,8,1.0595996684571209e-06,11875123200,1.6252175569534302,2.2830459505450942e+19,45317,1.4608764797253686,1.4737850703567754,0.2567217685719976,0.2141638225255972,0.2693602693602693,0.59,0.156,0.5457018498367792
config_500,384,20,24,0.0013248142786324,0.8208386301994324,0.9900239706039428,0.05,0.0253468584269285,1.0995965567417444e-05,64,34730,2.35312509160312e+18,4552216576,54711552,16,3.74862462525595e-07,4548198400,2.0435707569122314,2.35312509160312e+18,34730,2.3000625974623885,2.324859883941588,0.2549292969527982,0.2226962457337884,0.2613636363636363,0.52,0.164,0.5233949945593036
config_501,1088,21,16,0.1493234634399414,0.8486040234565735,0.956749677658081,0.05,0.2494333833456039,2.008528463193216e-05,32,3790,6.83159634506539e+17,248446016,364749824,8,8.501707780712029e-07,245760000,2.614650249481201,6.83159634506539e+17,3790,2.5705614512670234,2.5973380567792987,0.2562238597888867,0.2158703071672355,0.2491582491582491,0.5,0.178,0.5386289445048966
config_502,960,21,16,0.0581918284296989,0.856961190700531,0.9302119612693788,0.05,0.1407425552606582,0.0087657710537314,64,50689,1.4473827382111764e+19,6643920896,280550400,8,4.792053141232551e-05,6638796800,3.016152858734131,1.4473827382111764e+19,50689,3.3223104588321,3.3574473172719363,0.256423023302131,0.2090443686006826,0.2685185185185185,0.51,0.168,0.5250272034820457
config_503,960,14,24,0.0011783193331211,0.9354840517044068,0.936651647090912,0.05,0.0170160233974456,0.0016353050014004,64,55740,1.1316020856729108e+19,7305986048,203122560,8,6.900021102955304e-05,7300710400,1.6388044357299805,1.1316020856729108e+19,55740,1.5378115231287284,1.5516376215121783,0.2585142401911969,0.2209897610921501,0.2567340067340067,0.6,0.146,0.5337323177366703
config_504,640,24,20,0.0013615739298984,0.924587607383728,0.902468740940094,0.05,0.18942691385746,0.0011440513189882,32,5434,4.63720549920768e+17,356178560,154105600,8,3.780150130767643e-05,353894400,2.1105599403381348,4.63720549920768e+17,5434,1.9820915942113908,2.002840389189173,0.2545309699263095,0.220136518771331,0.2571548821548821,0.57,0.18,0.5130576713819369
config_505,960,16,16,0.0558501966297626,0.868812084197998,0.9611580967903136,0.05,0.2147871255874633,5.991202124278061e-05,64,23967,5.430967598975386e+18,3141528320,225244800,8,1.978831088259736e-07,3139174400,1.7619726657867432,5.430967598975386e+18,23967,1.6882149705925926,1.70644366971782,0.2531368253335989,0.1953924914675767,0.2529461279461279,0.55,0.168,0.5348204570184983
config_506,832,9,16,0.1190796643495559,0.8746420741081238,0.9713238477706908,0.05,0.0159573554992675,2.262823909404688e-05,128,60855,1.4279055139301622e+19,15952993280,118523392,16,1.1652028369745928e-07,15951462400,1.8170630931854248,1.4279055139301622e+19,60855,1.7042028332929142,1.7185645658070925,0.2554272057359091,0.2252559726962457,0.2680976430976431,0.57,0.174,0.5223068552774756
config_507,768,18,24,0.0114987380802631,0.8275234699249268,0.9063839316368104,0.05,0.2512412667274475,0.0002540716959629,64,8404,1.4714835257604833e+18,1101552512,166043136,8,4.814243410003103e-07,1101004800,1.8343863487243648,1.4714835257604833e+18,8404,1.7769995500220628,1.795355307489145,0.255327623979287,0.2218430034129692,0.2558922558922559,0.58,0.176,0.5255712731229597
config_508,512,19,8,0.0050425971858203,0.9701493382453918,0.909663736820221,0.05,0.0640771389007568,0.0026841617655009,128,41335,8.473930719433851e+18,10835900416,90511360,8,3.547796895488368e-05,10826547200,1.6326861381530762,8.473930719433851e+18,41335,1.5835713394938922,1.5973091006474416,0.2551284604660426,0.2244027303754266,0.2567340067340067,0.54,0.164,0.5348204570184983
config_509,768,5,24,0.008763643912971,0.9857308864593506,0.9491299390792848,0.05,0.2453163862228393,1.279683601751458e-05,32,3260,1.1504566806714778e+17,213686656,74010624,16,1.6016065103272285e-07,212992000,3.149445056915283,1.1504566806714778e+17,3260,3.0992642882612884,3.1323021872317205,0.2594104760007966,0.227815699658703,0.2643097643097643,0.58,0.164,0.5315560391730142
config_510,640,16,16,0.0136814201250672,0.8966094255447388,0.9930834174156188,0.05,0.1668714880943298,0.0001326794881606,64,34967,4.272975696296018e+18,4583214592,113463040,8,3.86621751582273e-07,4580966400,1.7350612878799438,4.272975696296018e+18,34967,1.6325126871320068,1.6489210149499236,0.2551284604660426,0.2286689419795221,0.2508417508417508,0.58,0.188,0.5560391730141458
config_511,704,15,8,0.0600347109138965,0.9757289886474608,0.9846251606941224,0.05,0.2302553355693817,0.0001168762682937,64,65917,8.98211787163435e+18,8639989760,130034432,8,1.3091497403920258e-07,8637644800,1.5917110443115234,8.98211787163435e+18,65917,1.5615358593229387,1.5780556607637248,0.2601075482971519,0.2167235494880546,0.2672558922558922,0.57,0.176,0.5331882480957563
config_512,1024,18,16,0.006664571352303,0.9015079140663148,0.9228784441947936,0.05,0.1720050871372223,0.0008505224832333,64,40814,1.1497086190551564e+19,5349590016,282732544,8,1.6961986845109335e-06,5347737600,1.4860740900039673,1.1497086190551564e+19,40814,1.5261241042223133,1.5404235301056846,0.2585142401911969,0.2184300341296928,0.2516835016835017,0.58,0.176,0.5261153427638737
config_513,1152,11,18,0.021796291694045,0.969523549079895,0.9008085131645204,0.05,0.0923496559262275,8.231047831941396e-05,32,13146,1.4733275168296305e+18,861590976,233123328,8,3.1188484371441963e-06,858521600,1.6107224225997925,1.4733275168296305e+18,13146,1.812428330749762,1.8319088876638256,0.2531368253335989,0.2192832764505119,0.2697811447811448,0.54,0.174,0.5261153427638737
config_514,256,8,16,0.0012891307706013,0.8309714198112488,0.9680466055870056,0.05,0.1736661791801452,0.0050509767606854,32,4680,5.167381979539046e+16,306757696,19691008,16,0.0001866124418972,304742400,2.0639877319335938,5.167381979539046e+16,4680,2.116307212602897,2.1378224779738755,0.2535351523600876,0.2235494880546075,0.2575757575757575,0.56,0.126,0.530467899891186
config_515,448,15,4,0.0596547536551952,0.8705202341079712,0.9955307841300964,0.05,0.247731551527977,0.0096232360228896,64,18608,1.2862969305351782e+18,2439043840,60385024,16,1.6703382118272644e-05,2437939200,3.821377038955689,1.2862969305351782e+18,18608,3.4555278299675614,3.4919348133587444,0.2577175861382195,0.2337883959044368,0.2643097643097643,0.58,0.14,0.5190424374319913
config_516,384,4,8,0.0129207363352179,0.8981428742408752,0.9680227041244508,0.05,0.2702667117118835,0.0039954590611159,32,10996,1.4128544144469197e+17,720644544,26387712,16,6.186170205699573e-05,717619200,2.089238405227661,1.4128544144469197e+17,10996,1.9616957662144645,1.9813222605673992,0.2573192591117307,0.2320819112627986,0.2634680134680134,0.59,0.148,0.5429815016322089
config_517,640,19,20,0.0386167988181114,0.8629231452941895,0.9456698894500732,0.05,0.2195897996425628,5.999744462314993e-05,64,20985,2.945616541340467e+18,2750551808,128704000,8,4.557097573372956e-07,2745958400,1.8317523002624512,2.945616541340467e+18,20985,1.7925056142494329,1.8120944773955423,0.2526389165504879,0.2175767918088737,0.2601010101010101,0.56,0.192,0.5386289445048966
config_518,832,5,16,0.0101413028314709,0.8071586489677429,0.9132411479949952,0.05,0.1607573926448822,1.3125815712555776e-05,128,57192,9.127754706605704e+18,14992796672,84438016,16,5.996130736647197e-08,14981529600,1.7297135591506958,9.127754706605704e+18,57192,1.904591223685468,1.919738959679838,0.2555267874925314,0.2295221843003413,0.2533670033670033,0.55,0.164,0.5418933623503809
config_519,1152,18,18,0.0324112400412559,0.8759667873382568,0.997452974319458,0.05,0.1324141919612884,3.013485184055753e-05,64,39627,1.3385494797305903e+19,5194116608,344616192,8,1.55067848236145e-07,5190451200,1.5971256494522097,1.3385494797305903e+19,39627,1.6325785058639088,1.6489557510125832,0.2522405895239992,0.2235494880546075,0.2613636363636363,0.59,0.15,0.5321001088139282
config_520,384,4,12,0.0021800042595714,0.9720236659049988,0.9543788433074952,0.05,0.2211609035730362,0.0003733811026904,128,58746,3.019249139311706e+18,15400068096,26387712,16,1.322008214575286e-06,15387852800,1.727308988571167,3.019249139311706e+18,58746,1.7851514480543915,1.7963666548885282,0.2594104760007966,0.2133105802047781,0.2596801346801347,0.58,0.188,0.5402611534276387
config_522,1024,20,16,0.1187035143375396,0.9263126850128174,0.909536600112915,0.05,0.1029413118958473,4.130613160668872e-05,64,8357,2.578369847987012e+18,1095488768,308426752,8,3.362126991242147e-07,1094451200,1.8765637874603271,2.578369847987012e+18,8357,1.905545990564784,1.92593402575274,0.2544313881696873,0.2116040955631399,0.2457912457912457,0.6,0.168,0.528835690968444
config_523,256,19,8,0.054744079709053,0.926685631275177,0.9812597632408142,0.05,0.1486766338348388,0.0003829843190032,64,9669,3.724574850318336e+17,1267347200,29068288,16,5.063814934629573e-06,1264844800,2.006293535232544,3.724574850318336e+17,9669,1.875389557275616,1.8950833924871977,0.2548297151961761,0.2295221843003413,0.2765151515151515,0.57,0.166,0.515778019586507
config_524,1024,17,16,0.0870832055807113,0.8135992884635925,0.9210616946220398,0.05,0.0444895699620246,5.0453916628612205e-05,64,51842,1.3909077780039991e+19,6795136512,269885440,8,9.189351684309208e-07,6789529600,1.5680456161499023,1.3909077780039991e+19,51842,1.6056494974699176,1.6207000162171536,0.2527384983071101,0.2098976109215017,0.2664141414141414,0.61,0.17,0.5380848748639826
config_525,832,5,8,0.0139867914840579,0.8149358034133911,0.9973348379135132,0.05,0.187633991241455,7.431998528772965e-05,64,14767,1.178452979582681e+18,1935668352,84438016,16,4.561154331737859e-07,1933312000,1.7710715532302856,1.178452979582681e+18,14767,1.8372029729749333,1.8575089197471493,0.2523401712806214,0.2184300341296928,0.2504208754208754,0.61,0.154,0.5168661588683352
config_526,1152,6,6,0.0029606858734041,0.8050237894058228,0.9015265703201294,0.05,0.0254907682538032,0.0006367419264279,32,9499,6.790068112823747e+17,622546304,153485568,16,0.0001289270842767,619315200,1.980720043182373,6.790068112823747e+17,9499,1.884040434086909,1.9040924757425903,0.2576180043815972,0.2261092150170648,0.2613636363636363,0.56,0.156,0.5136017410228509
config_527,512,22,16,0.0015504432376474,0.9185720682144164,0.9741712808609008,0.05,0.1314922571182251,2.356519325985573e-05,64,21682,2.504042057697067e+18,2841904384,100738048,8,2.644988370099574e-07,2837708800,2.155332565307617,2.504042057697067e+18,21682,1.9925903581595807,2.0143409157581016,0.2551284604660426,0.2158703071672355,0.2542087542087542,0.57,0.176,0.5217627856365615
config_528,384,17,24,0.0144912954419851,0.8312855362892151,0.9103177785873412,0.05,0.1698274612426757,7.474860467482358e-05,32,4457,1.3342396118851584e+17,292111808,49400832,16,6.921167099520727e-07,291635200,2.5036869049072266,1.3342396118851584e+17,4457,2.583990934207791,2.611284394186052,0.2558255327623979,0.2389078498293515,0.2516835016835017,0.51,0.166,0.5233949945593036
config_529,896,14,14,0.0354368835687637,0.912324607372284,0.9951472282409668,0.05,0.1012118011713028,9.96192466118373e-05,64,8404,1.5711899239492485e+18,1101550336,186369792,8,4.6879645464393193e-07,1101004800,1.8448892831802368,1.5711899239492485e+18,8404,1.7878265922968506,1.8073555061856248,0.2568213503286198,0.2175767918088737,0.25,0.56,0.164,0.5331882480957563
config_530,576,19,6,0.0052441013976931,0.8492331504821777,0.9935017824172974,0.05,0.2893713414669037,0.0004991202731616,64,12573,1.4776109067246797e+18,1648040320,104626944,8,3.155515745662126e-06,1644953600,1.655950903892517,1.4776109067246797e+18,12573,1.6856691028251023,1.7025535806866945,0.2578171678948416,0.2039249146757679,0.257996632996633,0.62,0.17,0.5375408052230686
config_531,448,11,4,0.0270210187882184,0.863174319267273,0.9720531105995178,0.05,0.1728066354990005,0.0001456454483559,128,56690,6.282991197178429e+18,14861063168,50288896,16,5.947139581704175e-07,14850457600,1.6508090496063232,6.282991197178429e+18,56690,1.6593694556736556,1.6751393066468787,0.2558255327623979,0.2184300341296928,0.2609427609427609,0.6,0.186,0.5310119695321001
config_532,384,22,16,0.0017820738721638,0.8639664053916931,0.9635403752326964,0.05,0.1379625350236892,0.0013503121444955,32,8003,2.9217358545924096e+17,524523616,58252032,16,3.669326479607436e-06,524288000,2.0241920948028564,2.9217358545924096e+17,8003,1.90689691066742,1.9260444165839523,0.2565226050587532,0.2218430034129692,0.2571548821548821,0.57,0.158,0.5261153427638737
config_533,640,21,20,0.0062043196521699,0.9438592195510864,0.927529752254486,0.05,0.0299133192747831,1.924391835927964e-05,128,60847,1.8556024719546778e+19,15950863360,138864640,8,4.969583312561243e-07,15938355200,1.8640661239624023,1.8556024719546778e+19,60847,1.7148023218209627,1.730376313983417,0.2548297151961761,0.2116040955631399,0.2613636363636363,0.67,0.166,0.5201305767138193
config_534,640,14,20,0.0073418808169662,0.8177918791770935,0.9802511930465698,0.05,0.1192711889743805,8.134889503708109e-05,64,41682,4.5887839236096e+18,5463462400,103302400,16,5.236702154871479e-07,5459148800,1.6834912300109863,4.5887839236096e+18,41682,1.67238162185325,1.688924623551916,0.2544313881696873,0.2192832764505119,0.263047138047138,0.56,0.166,0.5282916213275299
config_536,512,9,16,0.0051707420498132,0.8613818287849426,0.9828129410743712,0.05,0.2085537165403366,0.0024074912071228,64,75530,4.472015599372861e+18,9899923456,56422400,16,4.585115300513153e-06,9895936000,1.465726613998413,4.472015599372861e+18,75530,1.6248149978528257,1.639262125374841,0.2573192591117307,0.2320819112627986,0.2512626262626262,0.53,0.17,0.5195865070729053
config_537,576,8,8,0.0146732199937105,0.8849349617958069,0.9577398300170898,0.05,0.0717504546046257,3.5714525438379496e-05,64,48249,3.023602149710758e+18,6324118528,60819840,16,5.056376037216407e-07,6317670400,1.7361860275268557,3.023602149710758e+18,48249,1.816315806615548,1.834246876200692,0.2556263692491535,0.1996587030716723,0.2584175084175084,0.55,0.162,0.5321001088139282
config_538,1024,10,16,0.0012346813455224,0.8859559893608093,0.9563424587249756,0.05,0.0449907332658767,0.0008458995143882,32,6858,5.984135027630408e+17,449507936,179955712,8,2.197141595813748e-05,448921600,1.8491342067718504,5.984135027630408e+17,6858,1.8596755660948203,1.879615251803008,0.2566221868153754,0.2244027303754266,0.2609427609427609,0.6,0.148,0.5364526659412405
config_539,1152,11,12,0.0050892131403088,0.8077093958854675,0.9000211954116821,0.05,0.0262959320098161,0.0003256532363593,64,9298,2.084079250112643e+18,1218754048,233123328,8,6.406293174282448e-05,1212416000,2.012364864349365,2.084079250112643e+18,9298,1.7259963471967663,1.7438414571128908,0.2548297151961761,0.2312286689419795,0.257996632996633,0.55,0.152,0.5315560391730142
config_540,896,14,4,0.0594098567962646,0.8597028851509094,0.988943874835968,0.05,0.1891155242919922,8.245614299084991e-05,64,34766,6.499805478932054e+18,4556968448,186369792,8,2.006842543129917e-07,4554752000,1.774768590927124,6.499805478932054e+18,34766,1.6141238326322838,1.6307793956897298,0.2557259510057757,0.2150170648464164,0.2457912457912457,0.57,0.172,0.5337323177366703
config_541,960,21,12,0.0496094301342964,0.9690523743629456,0.9887842535972596,0.05,0.0006916702259331,0.0028270387556403,64,16787,4.793644818168054e+18,2200426752,280550400,8,0.0028270387556403,2195456000,3.1834278106689453,4.793644818168054e+18,16787,3.2433676234620514,3.276052163194437,0.2545309699263095,0.2218430034129692,0.2647306397306397,0.54,0.146,0.5201305767138193
config_542,960,5,12,0.0745801776647567,0.9723525047302246,0.9781431555747986,0.05,0.2694425582885742,3.703452239278704e-05,32,9828,4.762159162406093e+17,644112704,103572480,16,3.916037111019737e-07,642252800,2.134801387786865,4.762159162406093e+17,9828,2.130299350042812,2.151743703670189,0.2581159131647082,0.2098976109215017,0.2516835016835017,0.5,0.16,0.5261153427638737
config_543,704,12,8,0.0336865782737731,0.9599584937095642,0.9285777807235718,0.05,0.2352309226989746,0.0001739056460792,64,12076,1.3836845597499556e+18,1582886784,111106688,16,1.59209394297877e-06,1579417600,1.6025468111038208,1.3836845597499556e+18,12076,1.7423516937552903,1.7608002766624826,0.2535351523600876,0.2192832764505119,0.2571548821548821,0.63,0.176,0.5244831338411317
config_544,640,11,16,0.0135884601622819,0.9044287204742432,0.9328563809394836,0.05,0.13579723238945,1.7222686437889934e-05,32,3434,1.5784146677471232e+17,225071312,88061440,16,1.2565908559833853e-06,222822400,3.038127422332764,1.5784146677471232e+17,3434,2.8921326655247173,2.922405312334905,0.2552280422226648,0.2440273037542662,0.2537878787878788,0.54,0.156,0.5310119695321001
config_545,704,5,4,0.0057585355825722,0.9879997372627258,0.9012895226478576,0.05,0.2537324130535126,0.0003537924203556,64,26660,1.7057078654111908e+18,3494495488,66941952,16,5.230520703068827e-07,3493068800,4.0937604904174805,1.7057078654111908e+18,26660,4.342342909437711,4.3552831573173645,0.2565226050587532,0.2150170648464164,0.2478956228956229,0.58,0.168,0.5413492927094669
config_546,576,21,18,0.0337359756231308,0.8424671292304993,0.9280006885528564,0.05,0.0687674954533577,0.0007750855875201,64,45403,5.788533456912384e+18,5951155200,112591872,8,7.447971693019285e-07,5950668800,1.7118431329727173,5.788533456912384e+18,45403,1.6131272508081842,1.628642087295407,0.2601075482971519,0.2064846416382252,0.2672558922558922,0.54,0.18,0.5217627856365615
config_547,768,13,24,0.0187355801463127,0.9003478288650513,0.969220757484436,0.05,0.0454691834747791,0.0008537071989849,32,4319,2.9132137285853184e+17,283078560,130646016,8,8.275733051384441e-05,281804800,1.984257221221924,2.9132137285853184e+17,4319,1.9382335433412767,1.9580449608310324,0.2558255327623979,0.212457337883959,0.257996632996633,0.57,0.18,0.5331882480957563
config_548,256,8,16,0.0016087478725239,0.9556512832641602,0.9124953746795654,0.05,0.2993775308132171,8.889654418453574e-05,32,3078,3.398561377436467e+16,201753008,19691008,16,2.7026093780314902e-06,199884800,3.057244062423706,3.398561377436467e+16,3078,2.996230657530613,3.0283059008395083,0.2587134037044413,0.2269624573378839,0.2647306397306397,0.52,0.154,0.5380848748639826
config_549,576,17,12,0.0212197378277778,0.8939684629440308,0.9714889526367188,0.05,0.1606993377208709,0.0001172821357613,32,3374,1.814284832076288e+17,221119600,96662016,8,5.193304904561319e-06,219545600,2.109571695327759,1.814284832076288e+17,3374,2.235590824748649,2.258325902184502,0.251643098984266,0.2295221843003413,0.2567340067340067,0.56,0.148,0.5272034820457019
config_551,512,5,16,0.0025389841757714,0.8631035089492798,0.984102725982666,0.05,0.1035406067967414,0.0067458520643413,64,10223,4.282631615840256e+17,1339990400,42786816,16,0.0001466489579204,1336934400,2.891412734985352,4.282631615840256e+17,10223,2.8957133286116554,2.926596856977119,0.2571200955984863,0.2235494880546075,0.2601010101010101,0.51,0.152,0.5233949945593036
config_552,448,4,8,0.0024217499885708,0.9200093746185304,0.9134805202484132,0.05,0.2251429706811905,0.0003273439942859,64,34051,1.0700011438634436e+18,4463172608,32620672,16,4.270075584214463e-08,4463001600,1.927816390991211,1.0700011438634436e+18,34051,1.8243466236161403,1.842739344542144,0.2585142401911969,0.2081911262798634,0.2622053872053872,0.53,0.194,0.5315560391730142
config_554,896,12,16,0.0361963361501693,0.9114911556243896,0.9548929929733276,0.05,0.0853696390986442,0.0001572812616359,32,7804,6.45069829060952e+17,511475712,166181120,8,9.446322020176884e-07,511180800,1.808792352676392,6.45069829060952e+17,7804,1.8901412748313344,1.910637812790324,0.2536347341167098,0.2116040955631399,0.2558922558922559,0.55,0.184,0.5321001088139282
config_555,768,18,16,0.0237780660390853,0.8432180285453796,0.985576868057251,0.05,0.0072029652073979,1.451543630537344e-05,32,12567,1.100233493736358e+18,823634752,166043136,8,2.7418046354594287e-06,822476800,2.3897275924682617,1.100233493736358e+18,12567,2.339746394997737,2.3642866943312475,0.2554272057359091,0.2175767918088737,0.2605218855218855,0.57,0.154,0.5201305767138193
config_556,256,21,16,0.0402980595827102,0.8564178347587585,0.904316246509552,0.05,0.147310122847557,1.0677696991479024e-05,128,55549,4.611710219358044e+18,14562037760,30773248,16,6.394611984630581e-08,14548992000,2.1804256439208984,4.611710219358044e+18,55549,2.26448864635874,2.287192174762976,0.2573192591117307,0.2226962457337884,0.2525252525252525,0.54,0.172,0.528835690968444
config_557,512,13,16,0.137888953089714,0.8199853897094727,0.9093714952468872,0.05,0.1425899267196655,0.0026003892999142,32,10581,4.048810367173264e+17,693476096,70057984,16,5.345627871176494e-05,691404800,1.7430294752120972,4.048810367173264e+17,10581,1.907873637637154,1.9269052201411765,0.2576180043815972,0.2073378839590443,0.255050505050505,0.61,0.164,0.529379760609358
config_558,1088,19,16,0.0333790853619575,0.987553596496582,0.9805797338485718,0.05,0.0831183344125747,7.688154437346384e-05,32,6890,1.1376397672214076e+18,451603936,335221504,8,5.376331774368108e-06,448921600,1.9627782106399536,1.1376397672214076e+18,6890,1.9755604377535525,1.995050494416816,0.2551284604660426,0.2363481228668942,0.2478956228956229,0.58,0.172,0.5261153427638737
config_559,832,16,8,0.0033777125645428,0.9824081659317015,0.9580312967300416,0.05,0.0200356543064117,3.480388841126114e-05,64,75233,1.3766187281200054e+19,9860969472,178172800,8,7.621289433122828e-07,9856614400,1.7491655349731443,1.3766187281200054e+19,75233,1.605347765879553,1.6205273881896598,0.2599083847839076,0.2218430034129692,0.2664141414141414,0.54,0.158,0.5353645266594124
config_560,1024,10,8,0.0284035708755254,0.9472997784614564,0.976985514163971,0.05,0.1711904257535934,7.679024565732107e-05,128,40598,1.4168108801829372e+19,10642603008,179955712,8,5.304262183841371e-07,10629939200,1.6559810638427734,1.4168108801829372e+19,40598,1.568235685561524,1.5826089474021412,0.2559251145190201,0.1979522184300341,0.2512626262626262,0.68,0.184,0.528835690968444
config_561,704,17,22,0.0233295951038599,0.9751349091529846,0.9973720908164978,0.05,0.2383238971233368,7.444753282470629e-05,32,14736,1.1105197901464044e+18,965757312,142652928,8,7.633469614609515e-07,963379200,1.7665287256240845,1.1105197901464044e+18,14736,1.8564156781454555,1.8758708575319072,0.2538338976299542,0.212457337883959,0.2643097643097643,0.53,0.154,0.515778019586507
config_563,1024,11,16,0.0021812457125633,0.9771543741226196,0.9166333079338074,0.05,0.1419489830732345,0.0012113230768591,64,42554,7.995668922784285e+18,5577726464,192802816,8,8.02200713151879e-07,5577113600,1.4541354179382324,7.995668922784285e+18,42554,1.5465061033260628,1.5615295540504768,0.2509460266879108,0.2320819112627986,0.2647306397306397,0.58,0.16,0.5261153427638737
config_564,576,21,12,0.0027806148864328,0.8113366961479187,0.933566153049469,0.05,0.1756224483251571,1.061269358615391e-05,64,25565,3.2594087047775846e+18,3350977792,112591872,8,3.5462330985143644e-08,3348889600,2.0352892875671387,3.2594087047775846e+18,25565,2.199051720060286,2.2221244459660325,0.2543318064130651,0.2116040955631399,0.2546296296296296,0.53,0.172,0.5337323177366703
config_565,1024,4,8,0.0030066547915339,0.8205553293228149,0.9262250065803528,0.05,0.1680163294076919,0.0002023865527007,64,26166,2.4620297304444764e+18,3429743872,102873088,16,7.366207559627604e-07,3427532800,1.7914940118789673,2.4620297304444764e+18,26166,1.7259538911991432,1.745290927926048,0.2554272057359091,0.2107508532423208,0.2537878787878788,0.6,0.204,0.5168661588683352
config_566,320,16,10,0.0303500033915042,0.8595975637435913,0.9823294281959534,0.05,0.2661530971527099,0.0001448235561838,64,39641,1.8500124493873152e+18,5195870208,38381440,16,5.628214031788855e-07,5190451200,1.5976877212524414,1.8500124493873152e+18,39641,1.7548750803900546,1.7737841581516578,0.2534355706034654,0.2150170648464164,0.2558922558922559,0.55,0.184,0.5190424374319913
config_567,512,21,16,0.0132428193464875,0.8406775593757629,0.9730409979820251,0.05,0.2373949587345123,1.1994316992058884e-05,64,66815,7.427214244347642e+18,8757640192,97329152,8,1.1343216372289892e-08,8755609600,2.05653977394104,7.427214244347642e+18,66815,1.919005558647093,1.939816954702628,0.258016331408086,0.2337883959044368,0.2756734006734007,0.55,0.162,0.5119695321001088
config_568,448,13,16,0.0505226179957389,0.8974802494049072,0.9220789670944214,0.05,0.0325861051678657,1.5806368537596427e-05,32,3433,1.0689421101069312e+17,225002640,55336960,16,4.699190646312451e-06,222822400,3.1908488273620605,1.0689421101069312e+17,3433,3.04430082336801,3.076060287053468,0.2555267874925314,0.2295221843003413,0.2601010101010101,0.55,0.164,0.5359085963003264
config_570,1024,22,16,0.0164758954197168,0.9564697742462158,0.9476053714752196,0.05,0.1442816853523254,0.0009751581237651,32,7117,1.1931898686255268e+18,466436448,334120960,8,1.61575907446466e-05,465305600,2.0260746479034424,1.1931898686255268e+18,7117,1.892948850862316,1.913809894479689,0.2554272057359091,0.2406143344709897,0.2525252525252525,0.57,0.168,0.5233949945593036
config_571,768,21,24,0.0482745207846164,0.8041978478431702,0.998424768447876,0.05,0.2594394385814667,6.55403928249143e-05,128,58943,2.348426063141772e+19,15451675648,187281408,8,1.842948529604579e-07,15440281600,1.449562430381775,2.348426063141772e+19,58943,1.5399849892053448,1.5530912894889957,0.2549292969527982,0.2235494880546075,0.255050505050505,0.59,0.15,0.5331882480957563
config_572,896,13,16,0.0061977170407772,0.9103610515594482,0.993830144405365,0.05,0.1999456584453582,0.0039911954663693,64,8021,1.4128674463697633e+18,1051421504,176275456,8,5.228640348955548e-05,1048576000,3.426943778991699,1.4128674463697633e+18,8021,3.1980990360994808,3.2319621814665247,0.2559251145190201,0.2098976109215017,0.2558922558922559,0.53,0.156,0.5310119695321001
config_573,768,16,6,0.0326770022511482,0.8339313864707947,0.970871925354004,0.05,0.2652803063392639,0.0001464052475057,64,39873,6.340318490212172e+18,5226354688,151884288,8,3.183625501212376e-07,5223219200,1.3687970638275146,6.340318490212172e+18,39873,1.5916427265034347,1.6068243551645125,0.2523401712806214,0.2150170648464164,0.2546296296296296,0.56,0.184,0.5321001088139282
config_574,1024,22,16,0.054877869784832,0.8202833533287048,0.9876415133476256,0.05,0.2172895222902298,1.0279468369844835e-05,64,45479,1.5249179975230683e+19,5961141248,334120960,8,3.0166422052772385e-08,5957222400,1.8013920783996582,1.5249179975230683e+19,45479,1.7974658995378212,1.8161973770524635,0.2549292969527982,0.2039249146757679,0.2655723905723905,0.51,0.162,0.5272034820457019
config_575,512,6,16,0.0602449402213096,0.9865899682044984,0.9441213607788086,0.05,0.2848384976387024,0.0007248498150147,64,35160,1.6251454726267208e+18,4608618496,46195712,16,7.238364439931698e-07,4607180800,1.7597576379776,1.6251454726267208e+18,35160,1.7205510687828065,1.7395539390063677,0.2535351523600876,0.2209897610921501,0.2685185185185185,0.57,0.186,0.5386289445048966
config_576,768,19,8,0.0055495449341833,0.9035104513168336,0.9022383093833924,0.05,0.2527274787425995,0.0039229355752468,128,47591,1.7430669991319962e+19,12475709440,173122560,8,1.3373273350388015e-05,12464947200,1.5085111856460571,1.7430669991319962e+19,47591,1.4929865938327351,1.505354898747851,0.2584146584345748,0.2218430034129692,0.2537878787878788,0.62,0.15,0.5174102285092492
config_577,256,11,16,0.001548814587295,0.9092930555343628,0.9043208956718444,0.05,0.0018160165054723,0.0020044059492647,64,26549,7.052351290107494e+17,3479869440,22248448,16,0.0020044059492647,3473408000,2.028740167617798,7.052351290107494e+17,26549,1.897407554876609,1.9175238550686449,0.2570205138418642,0.2226962457337884,0.2723063973063973,0.58,0.148,0.5342763873775843
config_579,512,5,16,0.1567452847957611,0.8537575006484985,0.9360372424125672,0.05,0.2746214568614959,3.0333601898746565e-05,32,4008,8.39520702148608e+16,262677200,42786816,16,2.2060801380906745e-07,262144000,2.8736305236816406,8.39520702148608e+16,4008,2.8296588039398194,2.85917962668372,0.2571200955984863,0.2235494880546075,0.2529461279461279,0.52,0.154,0.5282916213275299
config_580,576,15,18,0.0262810606509447,0.8472017049789429,0.9300700426101683,0.05,0.2924958169460296,9.766355651663616e-05,64,41028,4.003180634400031e+18,5377640960,88697088,16,2.278816318721449e-07,5373952000,1.6388732194900513,4.003180634400031e+18,41028,1.702179320249401,1.7198572875241764,0.2573192591117307,0.2073378839590443,0.2609427609427609,0.58,0.17,0.5250272034820457
config_581,384,20,24,0.0021029114723205,0.8069424629211426,0.9627206325531006,0.05,0.0755791068077087,0.0009261413360945,64,16271,1.102422765695828e+18,2132681856,54711552,16,1.5825035034976675e-05,2129920000,1.7002151012420654,1.102422765695828e+18,16271,1.7679026720172069,1.7867701466747972,0.2571200955984863,0.2064846416382252,0.2592592592592592,0.59,0.158,0.545157780195865
config_582,896,22,14,0.0020173157099634,0.8690100908279419,0.9420214295387268,0.05,0.2820554673671722,0.0021592881530523,32,3449,4.7182474078529126e+17,226083712,267124480,8,0.0001088530036003,222822400,3.040597915649414,4.7182474078529126e+17,3449,3.104230114397456,3.1367482622725062,0.2552280422226648,0.2192832764505119,0.2554713804713804,0.48,0.168,0.529379760609358
config_583,704,16,8,0.0192495044320821,0.8384490609169006,0.9091221690177916,0.05,0.2962200343608856,0.0008558075060136,64,14235,2.0427042543884692e+18,1865914880,136343680,8,7.104663830758556e-06,1861222400,1.715273141860962,2.0427042543884692e+18,14235,1.6828580186992397,1.7004696183321906,0.2556263692491535,0.2192832764505119,0.2584175084175084,0.55,0.16,0.5321001088139282
config_584,832,5,16,0.0620119646191597,0.8550779819488525,0.990144908428192,0.05,0.1801085919141769,0.0030684508383274,64,32454,2.5897857222785434e+18,4253853440,84438016,16,2.0998808132268072e-06,4253286400,1.687717318534851,2.5897857222785434e+18,32454,1.649126989020676,1.6669402860813454,0.2568213503286198,0.2312286689419795,0.25,0.58,0.154,0.5201305767138193
config_585,832,15,8,0.0573441982269287,0.8907828330993652,0.9428888559341432,0.05,0.1179441586136818,3.553934584488161e-05,32,7179,6.232216801123123e+17,470546880,169651456,8,1.2182518079214728e-06,468582400,2.3052399158477783,6.232216801123123e+17,7179,2.1679123601170835,2.190323962735348,0.2548297151961761,0.2312286689419795,0.2457912457912457,0.57,0.158,0.528835690968444
config_586,1088,5,16,0.0016122865490615,0.9127430319786072,0.94182687997818,0.05,0.1785632371902465,7.563173858216032e-05,128,55481,1.315909356798306e+19,14544272384,128523264,16,2.3668321179557146e-07,14535884800,1.7212316989898682,1.315909356798306e+19,55481,1.62088579416275,1.6340380129266958,0.2570205138418642,0.2175767918088737,0.2723063973063973,0.59,0.19,0.5331882480957563
config_587,1152,23,16,0.0118777733296155,0.9765505790710448,0.9751272797584534,0.05,0.2411236464977264,1.428163523087278e-05,32,4855,1.0170901531900476e+18,318202176,424253952,8,6.103262919176277e-08,317849600,2.470287322998047,1.0170901531900476e+18,4855,2.5561548714755014,2.5822552423399,0.2571200955984863,0.2303754266211604,0.271043771043771,0.52,0.184,0.5266594124047879
config_588,1088,24,4,0.0035761937033385,0.8347225785255432,0.9302756786346436,0.05,0.129166767001152,4.762711250805296e-05,32,13091,2.655925047376184e+18,857950464,409042304,8,1.1554506584793907e-06,855244800,1.9123501777648928,2.655925047376184e+18,13091,1.843726400449628,1.86381686746097,0.2527384983071101,0.2226962457337884,0.2478956228956229,0.57,0.184,0.5212187159956474
config_589,1088,12,8,0.0214336887001991,0.9423906803131104,0.9775222539901732,0.05,0.2049128264188766,0.0001045537137542,64,46887,1.0520982141811753e+19,6145665536,231872384,8,4.0267382209935494e-07,6140723200,1.540152072906494,1.0520982141811753e+19,46887,1.555087369426352,1.5700086706192766,0.2545309699263095,0.2192832764505119,0.271043771043771,0.62,0.166,0.5315560391730142
config_590,576,10,12,0.0604275204241275,0.8029288649559021,0.9645113348960876,0.05,0.1754683256149292,1.7606142137083225e-05,32,8390,3.047247245265961e+17,549852288,68784768,16,4.78427775464219e-07,547225600,2.7736501693725586,3.047247245265961e+17,8390,2.6461022209730305,2.674086073343871,0.2587134037044413,0.2184300341296928,0.2596801346801347,0.53,0.172,0.5310119695321001
config_591,384,20,24,0.0073671024292707,0.8797757625579834,0.9861792325973512,0.05,0.1648503541946411,0.0009627122781239,32,12334,4.178654252257444e+17,808377728,54711552,16,1.610045128195485e-05,806092800,1.775964379310608,4.178654252257444e+17,12334,1.8457628417015075,1.863890670322981,0.2571200955984863,0.2150170648464164,0.2403198653198653,0.61,0.152,0.5282916213275299
config_592,576,19,8,0.002674781018868,0.9547093510627748,0.91329026222229,0.05,0.2824147045612335,0.0003567366220522,64,37289,4.382223001764102e+18,4887673856,104626944,8,1.3212467483417396e-06,4882432000,1.861357569694519,4.382223001764102e+18,37289,1.613520999228368,1.6285980527518225,0.2616012746464847,0.204778156996587,0.25,0.57,0.166,0.5266594124047879
config_593,1024,13,8,0.0426379740238189,0.8519279956817627,0.9967116117477416,0.05,0.1725050508975982,0.0018105431227013,64,15000,3.220462759160316e+18,1966128128,218497024,8,0.0,1966080000,2.488852262496948,3.220462759160316e+18,15000,2.988015450141469,3.020373537540436,0.2585142401911969,0.2465870307167235,0.2554713804713804,0.57,0.158,0.5239390642002176
config_594,704,24,16,0.0011866728309541,0.8018476963043213,0.9348432421684264,0.05,0.0454221367835998,4.22266821260564e-05,64,30655,6.171409463637344e+18,4018014464,186817664,8,1.516763007401473e-07,4017356800,1.5890376567840576,6.171409463637344e+18,30655,1.7351931349957574,1.753670683356582,0.2535351523600876,0.2090443686006826,0.2617845117845118,0.59,0.168,0.5337323177366703
config_596,704,19,16,0.0198181737214326,0.9293049573898317,0.9649824500083924,0.05,0.1885184943675995,4.0413437091046944e-05,128,48151,1.5906965278774397e+19,12622648320,155271424,8,4.4522900838461625e-09,12622233600,1.5057742595672607,1.5906965278774397e+19,48151,1.628197544422306,1.6445842065772072,0.2534355706034654,0.2286689419795221,0.2626262626262626,0.58,0.176,0.5206746463547334
config_597,1152,15,18,0.0026473163161426,0.850172758102417,0.9165214896202089,0.05,0.0646920800209045,0.0043902755714952,64,19619,5.671567440315482e+18,2571602688,296833536,8,6.57330463817267e-05,2569011200,2.75905442237854,5.671567440315482e+18,19619,2.8198084020223773,2.849349868102152,0.256423023302131,0.2269624573378839,0.2546296296296296,0.57,0.156,0.5326441784548422
config_598,1088,5,16,0.0303825102746486,0.8525532484054565,0.9020458459854126,0.05,0.2697309553623199,0.0008020345703698,64,24424,2.896486401486127e+18,3201382144,128523264,16,2.922245284481024e-06,3198156800,1.6245620250701904,2.896486401486127e+18,24424,1.660637717403349,1.6780786387646784,0.2572196773551085,0.2116040955631399,0.2697811447811448,0.52,0.158,0.5310119695321001
config_599,1024,7,8,0.0066798268817365,0.9321144223213196,0.959773063659668,0.05,0.1864256858825683,0.0009543098858557,32,6893,4.628607734250209e+17,451767616,141414400,16,3.193410512980369e-05,448921600,1.7163467407226562,4.628607734250209e+17,6893,1.8551865780939825,1.8734815132813376,0.2557259510057757,0.2150170648464164,0.2563131313131313,0.54,0.162,0.5277475516866159
config_600,896,16,14,0.1452754884958267,0.9571967124938964,0.9981171488761902,0.05,0.219929352402687,0.0025116461329162,128,43406,1.8109405993742109e+19,11378865152,206558464,8,1.5786587887595648e-06,11377049600,1.6242494583129885,1.8109405993742109e+19,43406,1.485417664754586,1.498938660738898,0.2585142401911969,0.2252559726962457,0.2596801346801347,0.52,0.15,0.5250272034820457
config_601,576,19,18,0.0332305096089839,0.8555945158004761,0.9611414074897766,0.05,0.2335353344678878,4.3819491111207753e-05,64,7964,9.35995063362822e+17,1043953856,104626944,8,3.300015468299709e-07,1042022400,2.072739839553833,9.35995063362822e+17,7964,2.1328869672290613,2.155672966574059,0.2528380800637323,0.2141638225255972,0.2697811447811448,0.59,0.15,0.5326441784548422
config_602,320,6,4,0.069398432970047,0.8000057935714722,0.975033700466156,0.05,0.1030577346682548,0.0002574343816377,32,8455,1.074216960479232e+17,554140544,24448640,16,1.4778093090569446e-06,553779200,2.0035345554351807,1.074216960479232e+17,8455,2.0257766498503136,2.0475550633571187,0.2547301334395538,0.220136518771331,0.2655723905723905,0.54,0.18,0.5233949945593036
config_603,832,20,16,0.0169115234166383,0.9518827199935912,0.9852215051651,0.05,0.0336577743291854,0.0007785512134432,64,14138,3.117462548854358e+18,1853107584,212258176,8,6.228409707546238e-05,1848115200,1.7291101217269895,3.117462548854358e+18,14138,1.6301229472043084,1.6473916285350674,0.2546305516829317,0.2150170648464164,0.2533670033670033,0.59,0.162,0.5206746463547334
config_604,896,12,16,0.0051371227018535,0.9812216758728028,0.9013312458992004,0.05,0.2400801628828048,2.4993250917759724e-05,32,11948,9.876144961735556e+17,783079296,166181120,8,4.182970864897016e-07,779878400,2.063446521759033,9.876144961735556e+17,11948,2.062693083813933,2.084165007540437,0.2550288787094204,0.212457337883959,0.255050505050505,0.57,0.164,0.5179542981501633
config_605,896,14,16,0.001452799886465,0.8172444701194763,0.9710742235183716,0.05,0.1843582838773727,1.49333482113434e-05,64,18459,3.45098723743472e+18,2419463168,186369792,8,3.9494602968582926e-08,2418278400,1.8708475828170776,3.45098723743472e+18,18459,2.022896764356582,2.0446041911742725,0.2542322246564429,0.2150170648464164,0.2609427609427609,0.53,0.18,0.5239390642002176
config_606,768,15,16,0.1905363500118255,0.8383827209472656,0.9186953902244568,0.05,0.2007235288619995,0.0002450779138598,64,15942,2.4067936587078697e+18,2089590016,144804864,8,3.217653136015669e-06,2084044800,1.7126388549804688,2.4067936587078697e+18,15942,1.677921781618087,1.6960728419217908,0.256423023302131,0.2209897610921501,0.2571548821548821,0.58,0.192,0.5326441784548422
config_609,512,22,8,0.0292354170233011,0.92827707529068,0.9658415913581848,0.05,0.2121502608060836,1.989567135751713e-05,32,12969,7.489443448087511e+17,849996992,100738048,8,1.374110344575881e-07,848691200,2.106015205383301,7.489443448087511e+17,12969,2.339150069228938,2.3633731634304174,0.2569209320852419,0.2235494880546075,0.2457912457912457,0.55,0.168,0.5380848748639826
config_610,384,20,24,0.1197462081909179,0.8530887365341187,0.9590307474136353,0.05,0.0749426186084747,0.0001034348097164,32,5243,1.7762617467283046e+17,343625088,54711552,16,1.1346165351545887e-05,340787200,2.420769691467285,1.7762617467283046e+17,5243,2.3577263127389503,2.381826475604636,0.2539334793865764,0.2209897610921501,0.2567340067340067,0.52,0.204,0.529923830250272
config_611,512,10,8,0.006843140348792,0.9415168762207032,0.9788856506347656,0.05,0.2549175024032593,8.646366040920839e-05,32,3482,1.106407838245847e+17,228241856,59831296,16,3.1193203304336688e-06,226099200,2.444664001464844,1.106407838245847e+17,3482,2.396422698106922,2.420104863370052,0.2548297151961761,0.2226962457337884,0.2567340067340067,0.51,0.162,0.5217627856365615
config_612,320,16,16,0.0010085372487083,0.8524972200393677,0.9884806275367736,0.05,0.0679784640669822,0.0026654789689928,64,20925,9.76559346966528e+17,2742725120,38381440,16,4.686144460254622e-05,2739404800,1.8248947858810425,9.76559346966528e+17,20925,1.7427334209739185,1.7612319512445418,0.2616012746464847,0.2098976109215017,0.2398989898989899,0.53,0.162,0.5386289445048966
config_613,1152,9,8,0.0166794098913669,0.9463942050933838,0.9959974884986876,0.05,0.234353169798851,0.0001300519506912,32,3250,3.114906991188664e+17,213016848,201268224,8,0.0,212992000,2.17371153831482,3.114906991188664e+17,3250,2.072445863348539,2.092738417699689,0.2538338976299542,0.2380546075085324,0.2525252525252525,0.55,0.182,0.5097932535364527
config_614,832,20,16,0.1780615448951721,0.8936485052108765,0.9615750312805176,0.05,0.0308149885386228,0.0040709082968533,32,6537,7.207946857212641e+17,428460672,212258176,8,0.0007493711790227,425984000,3.200990438461304,7.207946857212641e+17,6537,3.4691696881466223,3.505521344825869,0.256423023302131,0.2295221843003413,0.2815656565656566,0.54,0.156,0.530467899891186
config_615,960,18,16,0.0350282676517963,0.8306406140327454,0.947144091129303,0.05,0.1094379425048828,0.0010081361979246,64,19709,4.930681475764224e+18,2583317760,247367040,8,4.208360752004344e-06,2582118400,1.47462797164917,4.930681475764224e+18,19709,1.5889181080997967,1.6053635729336349,0.2568213503286198,0.2192832764505119,0.2634680134680134,0.57,0.16,0.5315560391730142
config_616,1024,13,8,0.0098717957735061,0.9188482761383056,0.950031280517578,0.05,0.1492869555950164,1.054442509484943e-05,32,11970,1.2849636924012626e+18,784484544,218497024,8,1.1807866847535733e-07,783155200,2.441652297973633,1.2849636924012626e+18,11970,2.302513606216087,2.326554586125202,0.2572196773551085,0.2175767918088737,0.2596801346801347,0.52,0.156,0.5239390642002176
config_617,960,7,16,0.0030505852773785,0.805935263633728,0.9671975374221802,0.05,0.1192327961325645,0.008216269314289,32,8521,5.1338310486921216e+17,558490944,125694720,16,0.0001699917789163,557056000,3.410909652709961,5.1338310486921216e+17,8521,3.219729720412708,3.252337935009941,0.2554272057359091,0.2397610921501706,0.2533670033670033,0.53,0.164,0.530467899891186
config_619,832,21,16,0.1663405895233154,0.94354510307312,0.9594632387161256,0.05,0.0099263554438948,5.140410576132126e-05,128,44257,2.034784781672959e+19,11601788928,220779520,8,8.196554449413438e-07,11599872000,1.5485692024230957,2.034784781672959e+19,44257,1.5690342362005203,1.584046590504099,0.2561242780322645,0.2209897610921501,0.2626262626262626,0.62,0.164,0.5408052230685527
config_621,960,19,10,0.0039040432311594,0.8572428226470947,0.9803773164749146,0.05,0.2053119391202926,0.0001620289549464,64,17396,4.55714571475796e+18,2280156928,258428160,8,2.0871834017183004e-06,2274099200,1.5890662670135498,4.55714571475796e+18,17396,1.629097722123881,1.6464239166212864,0.2493527185819558,0.220136518771331,0.2702020202020202,0.54,0.178,0.5201305767138193
config_623,832,15,8,0.0269491542130708,0.8720285892486572,0.9842405915260316,0.05,0.0588726475834846,0.0029694915283471,64,33654,5.842335908739613e+18,4411099648,169651456,8,5.995944529726526e-06,4410572800,2.9714205265045166,5.842335908739613e+18,33654,2.7912300344177936,2.8215925245206863,0.2557259510057757,0.2252559726962457,0.2558922558922559,0.56,0.16,0.5244831338411317
config_624,704,22,8,0.0019217941444367,0.9323139786720276,0.9310545325279236,0.05,0.1496846973896026,0.0029872069135308,32,6451,6.028067421938074e+17,422832960,174199168,8,3.0955512057315e-06,422707200,2.8480029106140137,6.028067421938074e+17,6451,3.166452007059191,3.1993364864099223,0.2579167496514638,0.2286689419795221,0.2542087542087542,0.49,0.174,0.5380848748639826
config_625,960,14,20,0.0019072396680712,0.92179137468338,0.956865131855011,0.05,0.1328595131635666,0.0008087163441814,32,13409,1.3611917490477466e+18,878829056,203122560,8,4.086719313662604e-06,878182400,1.5428558588027954,1.3611917490477466e+18,13409,1.7330854596075465,1.7508777485714584,0.2544313881696873,0.2218430034129692,0.2584175084175084,0.57,0.18,0.529379760609358
config_626,640,11,16,0.0020218717399984,0.9577905535697936,0.9531345963478088,0.05,0.0093220174312591,0.0013054895680397,64,57522,5.287506514030756e+18,7539628544,88061440,16,5.3583527046408745e-05,7536640000,1.62626850605011,5.287506514030756e+18,57522,1.6151971956550095,1.6302359768601715,0.2628958374825731,0.2320819112627986,0.2609427609427609,0.59,0.154,0.5331882480957563
config_627,896,14,16,0.0319534018635749,0.9215885400772096,0.9507226943969728,0.05,0.2292302101850509,5.875921488041058e-05,128,48439,1.8112047727434009e+19,12698230784,186369792,8,2.063955129547011e-07,12687769600,1.7184598445892334,1.8112047727434009e+19,48439,1.5687577863599431,1.5837386432827496,0.2567217685719976,0.2133105802047781,0.2668350168350168,0.58,0.18,0.5386289445048966
config_629,1088,20,8,0.0094318417832255,0.8747395873069763,0.9542895555496216,0.05,0.2751357555389404,0.0009889703942462,64,24806,8.565748236467896e+18,3251473920,349985664,8,8.694245224143138e-07,3250585600,1.3831279277801514,8.565748236467896e+18,24806,1.5407252597808838,1.556431462725655,0.253236407090221,0.2320819112627986,0.2584175084175084,0.56,0.184,0.514145810663765
config_630,768,16,6,0.0010465971427038,0.9639302492141724,0.9453306198120116,0.05,0.0720944553613662,6.597780884476379e-05,64,36079,5.737009818033193e+18,4729044480,151884288,8,7.356233973464655e-07,4725145600,1.663030028343201,5.737009818033193e+18,36079,1.656800671835415,1.673605953552684,0.2573192591117307,0.2261092150170648,0.2668350168350168,0.56,0.174,0.530467899891186
config_631,256,15,16,0.0056168516166508,0.8155454993247986,0.9293661117553712,0.05,0.0418831594288349,0.0007412059931084,64,67632,2.2008891384193352e+18,8864743424,25658368,16,8.375208961677524e-06,8860467200,1.823078870773316,2.2008891384193352e+18,67632,1.798830171960299,1.8165424298849264,0.2586138219478192,0.2039249146757679,0.2676767676767677,0.57,0.18,0.5190424374319913
config_632,832,17,8,0.001197550445795,0.9229767918586732,0.9622541666030884,0.05,0.2180172353982925,0.0002916329249273,32,6943,6.678683645597983e+17,455077344,186694144,8,8.28831181221289e-06,452198400,1.8300044536590576,6.678683645597983e+17,6943,1.841143889759408,1.8601160648611723,0.2546305516829317,0.2320819112627986,0.25,0.54,0.152,0.5184983677910773
config_633,512,9,16,0.1185832321643829,0.8993059396743774,0.9804521203041076,0.05,0.2732408940792084,3.650280268630013e-05,32,4431,1.311832463450112e+17,290406880,56422400,16,9.351957713019036e-07,288358400,2.8323471546173096,1.311832463450112e+17,4431,2.699639414021226,2.7280996614206035,0.2555267874925314,0.2226962457337884,0.2592592592592592,0.53,0.142,0.5261153427638737
config_634,448,12,4,0.0013247202150523,0.802402675151825,0.9436036348342896,0.05,0.0657769069075584,0.0001104300972656,32,10852,3.192898008891064e+17,711222528,52812928,16,3.097618436623609e-07,711065600,2.0301873683929443,3.192898008891064e+17,10852,2.004978843634246,2.0247130176669264,0.255327623979287,0.2372013651877133,0.2605218855218855,0.54,0.15,0.5223068552774756
config_635,832,11,4,0.0701439902186393,0.9631476402282716,0.9876906275749208,0.05,0.1646698266267776,0.0021615379955619,32,5113,3.479153137956987e+17,335113568,135566080,16,3.341259683984016e-05,334233600,3.175375699996948,3.479153137956987e+17,5113,3.073430575933613,3.104602736019697,0.255327623979287,0.2303754266211604,0.2601010101010101,0.54,0.142,0.530467899891186
config_636,320,23,8,0.0389161482453346,0.9228765964508056,0.987999141216278,0.05,0.1896567195653915,6.647727423114702e-05,32,5963,1.8351621613154304e+17,390796352,48134400,16,7.647828008893034e-07,389939200,2.4175636768341064,1.8351621613154304e+17,5963,2.37656085604527,2.401137720326908,0.2568213503286198,0.2116040955631399,0.2592592592592592,0.56,0.162,0.5331882480957563
config_637,896,16,16,0.0730792731046676,0.9756656289100648,0.97012859582901,0.05,0.2212615609169006,2.3870046788943e-05,64,26172,5.459679672731763e+18,3430535424,206558464,8,9.06979325313933e-08,3427532800,1.6232367753982544,5.459679672731763e+18,26172,1.803284883088753,1.822268341525656,0.2543318064130651,0.2192832764505119,0.2592592592592592,0.56,0.158,0.5359085963003264
config_639,448,17,16,0.0119686778634786,0.947599470615387,0.903523087501526,0.05,0.055996373295784,0.00019859985332,128,52865,8.033388447463637e+18,13858428928,65433088,16,1.006418175608355e-06,13854310400,1.7618736028671265,8.033388447463637e+18,52865,1.6301359065243457,1.6441948377890665,0.256423023302131,0.2226962457337884,0.2605218855218855,0.63,0.186,0.5364526659412405
config_640,320,6,8,0.0595837086439132,0.9456387758255004,0.967432141304016,0.05,0.298259824514389,0.0007268794579431,64,14505,3.685586255732736e+17,1901229312,24448640,16,8.401288233277635e-07,1900544000,2.066713571548462,3.685586255732736e+17,14505,1.843978007347857,1.864483244809948,0.2543318064130651,0.220136518771331,0.2533670033670033,0.57,0.162,0.5255712731229597
config_641,384,24,16,0.003957328852266,0.8589186668395996,0.9690735340118408,0.05,0.0783124268054962,1.0924939488177188e-05,64,10888,8.522200183501947e+17,1427182464,61792512,16,4.872625593318461e-07,1422131200,2.750399351119995,8.522200183501947e+17,10888,2.7402445697784423,2.768934296858115,0.2542322246564429,0.2192832764505119,0.2613636363636363,0.51,0.176,0.5168661588683352
config_642,512,16,8,0.001346914214082,0.8875948786735535,0.949960231781006,0.05,0.291630208492279,2.020335523411632e-05,64,8348,7.472971606488515e+17,1094246272,80284672,16,3.984227819382006e-07,1087897600,2.430372953414917,7.472971606488515e+17,8348,2.42907300374547,2.454659061979075,0.256423023302131,0.2107508532423208,0.257996632996633,0.56,0.166,0.5380848748639826
config_643,1024,12,8,0.0062462459318339,0.9424455761909484,0.9841293692588806,0.05,0.2136854976415634,0.0020627507474273,64,49347,9.933299217529307e+18,6468104192,205649920,8,9.194734932576295e-06,6461849600,1.6456083059310913,9.933299217529307e+18,49347,1.511715748994077,1.5261927721734907,0.2544313881696873,0.2081911262798634,0.2563131313131313,0.53,0.176,0.529379760609358
config_644,960,15,24,0.0290421470999717,0.95586359500885,0.930825173854828,0.05,0.0298686698079109,0.0086695356294512,32,11968,1.2854286777172378e+18,784363328,214183680,8,0.0004371194435017,783155200,3.72236704826355,1.2854286777172378e+18,11968,3.603256464825302,3.6396478699074417,0.2611033658633738,0.2244027303754266,0.2584175084175084,0.59,0.178,0.5272034820457019
config_645,576,11,18,0.0741793662309646,0.8428144454956055,0.9296664595603944,0.05,0.0848031193017959,0.0066611180081963,64,72280,5.61081437272277e+18,9473927168,72767232,16,3.260459132744132e-05,9469952000,1.6493077278137207,5.61081437272277e+18,72280,1.670387394389168,1.6854564873898616,0.2576180043815972,0.2209897610921501,0.2647306397306397,0.56,0.158,0.5359085963003264
config_646,896,7,14,0.0013611954636871,0.8639132976531982,0.9327144622802734,0.05,0.2647346258163452,0.0049737426452338,64,16732,1.8604489669051023e+18,2193106688,115709440,16,3.593582403420281e-05,2188902400,2.549283504486084,1.8604489669051023e+18,16732,2.490592381367918,2.51848985398402,0.2568213503286198,0.2184300341296928,0.257996632996633,0.56,0.148,0.530467899891186
config_647,320,12,8,0.0743722468614578,0.8410512804985046,0.9384770393371582,0.05,0.0886981338262558,0.0055660395883023,32,11676,2.2281096901312512e+17,765216512,32808320,16,0.0001398232167109,763494400,2.6019949913024902,2.2281096901312512e+17,11676,2.541666011849388,2.568517187696989,0.2567217685719976,0.2286689419795221,0.2558922558922559,0.52,0.168,0.5233949945593036
config_649,1088,9,16,0.0031406688503921,0.8207845687866211,0.914045751094818,0.05,0.167186826467514,0.0007234116783365,64,8844,1.5836353624271094e+18,1159320064,187579904,8,2.1535936296893576e-05,1153433600,1.7486127614974976,1.5836353624271094e+18,8844,1.704677335746953,1.721850795100947,0.2592113124875523,0.2252559726962457,0.2584175084175084,0.58,0.146,0.5310119695321001
config_650,576,18,12,0.0059471018612384,0.8149183988571167,0.959528923034668,0.05,0.2505551278591156,0.000247110845521,64,21224,2.388382710490792e+18,2781902336,100644480,8,1.115414762555239e-06,2778726400,1.7726593017578125,2.388382710490792e+18,21224,1.6744235517353308,1.6923535211750718,0.2577175861382195,0.2150170648464164,0.2588383838383838,0.62,0.16,0.5282916213275299
config_651,448,22,4,0.0018611849518492,0.8748365044593811,0.907974123954773,0.05,0.1487135142087936,1.0368047696829308e-05,64,37841,3.523685137723097e+18,4960005632,78053248,8,7.554468732361948e-08,4954521600,2.1227505207061768,3.523685137723097e+18,37841,2.1048648042561577,2.1275263458392657,0.2586138219478192,0.2167235494880546,0.2516835016835017,0.57,0.162,0.5321001088139282
config_652,1024,24,16,0.0135826682671904,0.9649642109870912,0.9135048389434814,0.05,0.1442619711160659,0.0043294690549373,32,3653,6.614976307774095e+17,239450112,359815168,8,2.469278928671475e-05,239206400,3.5991125106811523,6.614976307774095e+17,3653,3.414356949720226,3.4502521172898715,0.2557259510057757,0.2235494880546075,0.2537878787878788,0.56,0.168,0.5261153427638737
config_653,704,6,8,0.0053194756619632,0.840510368347168,0.9097306728363036,0.05,0.2725782990455627,1.291704575123731e-05,32,5833,2.0770517564658893e+17,382330144,73251200,16,2.68258344739354e-07,380108800,2.790980577468872,2.0770517564658893e+17,5833,2.824165383088784,2.8528442941728187,0.2549292969527982,0.2346416382252559,0.2613636363636363,0.5,0.154,0.5250272034820457
config_654,832,16,16,0.0013725375756621,0.8204009532928467,0.9345871210098268,0.05,0.1308972239494323,1.2184083061583806e-05,64,32551,5.956204818256822e+18,4266537472,178172800,8,2.8601133947385823e-09,4266393600,1.9122651815414429,5.956204818256822e+18,32551,1.9532616393487965,1.9742889460188444,0.2543318064130651,0.2184300341296928,0.2584175084175084,0.54,0.16,0.5233949945593036
config_656,704,22,22,0.1272299140691757,0.8294371962547302,0.9085408449172974,0.05,0.0695957839488983,8.781161886872724e-05,32,10172,9.503816700545924e+17,666636032,174199168,8,2.732469045420085e-06,665190400,2.0073952674865723,9.503816700545924e+17,10172,1.9677079382880789,1.988066473104915,0.2549292969527982,0.2252559726962457,0.2647306397306397,0.53,0.156,0.5059847660500544
config_657,512,16,16,0.1183145567774772,0.9257889986038208,0.9449554681777954,0.05,0.2476976811885833,0.007004024926573,64,15829,1.4169392382647992e+18,2074784384,80284672,16,5.181549052821893e-05,2070937600,1.861175894737244,1.4169392382647992e+18,15829,1.7607582121598917,1.7790209440715978,0.2541326428998207,0.2107508532423208,0.2601010101010101,0.59,0.15,0.5233949945593036
config_658,576,8,18,0.0023173857480287,0.8783503770828247,0.9491342306137084,0.05,0.2933639883995056,0.0008478823583573,64,9885,6.194613359896658e+17,1295655552,60819840,16,1.0236592805279638e-05,1291059200,1.7029414176940918,6.194613359896658e+17,9885,1.7648329584715796,1.784083577453113,0.2582154949213304,0.2218430034129692,0.25,0.57,0.164,0.530467899891186
config_660,320,18,10,0.0030710520222783,0.9209198355674744,0.9894753694534302,0.05,0.0450173579156398,2.0045596102136187e-05,32,3910,9.956617427625984e+16,256287072,41168000,16,1.1389543239850113e-06,255590400,3.08233904838562,9.956617427625984e+16,3910,3.036006926005004,3.0682949607880388,0.2549292969527982,0.2337883959044368,0.255050505050505,0.56,0.178,0.5217627856365615
config_661,384,11,12,0.0018677122425287,0.9892368316650392,0.9524800181388856,0.05,0.2656666338443756,2.3377995603368618e-05,64,13223,5.831090865366958e+17,1733213312,38779392,16,1.531019074252475e-07,1730150400,2.7586982250213623,5.831090865366958e+17,13223,2.762252323822897,2.7918262476999254,0.2572196773551085,0.220136518771331,0.2592592592592592,0.53,0.17,0.5272034820457019
config_662,576,24,18,0.0010115425102412,0.9740352034568788,0.9937158823013306,0.05,0.274935245513916,0.00136142980773,64,19428,2.7675907020380897e+18,2546538752,124539264,8,7.137246698453491e-06,2542796800,1.6568795442581177,2.7675907020380897e+18,19428,1.6546696084249215,1.6721323391844014,0.2558255327623979,0.2184300341296928,0.2685185185185185,0.52,0.156,0.5348204570184983
config_663,1152,16,6,0.1269046664237976,0.8144844174385071,0.9830544590950012,0.05,0.078771561384201,5.876375507796183e-05,32,3125,4.7704547900554445e+17,204800032,312761088,8,5.971926329061167e-06,203161600,1.9943740367889404,4.7704547900554445e+17,3125,2.1558407413373226,2.176822580861264,0.2578171678948416,0.2209897610921501,0.2563131313131313,0.5,0.174,0.5326441784548422
config_664,320,8,20,0.0019385144114494,0.8655336499214172,0.9507524371147156,0.05,0.2685021460056305,1.7326507077086717e-05,64,10867,3.223510953018163e+17,1424484736,27235200,16,1.0097724385000953e-07,1422131200,2.765538215637207,3.223510953018163e+17,10867,2.7644580963009693,2.7937999726123497,0.2573192591117307,0.2303754266211604,0.2588383838383838,0.51,0.166,0.5321001088139282
config_665,1152,12,24,0.0024506263434886,0.8686057329177856,0.9449254274368286,0.05,0.275324285030365,0.0001266427861992,64,21347,5.131268294754042e+18,2798052864,249050880,8,1.0127975074636288e-06,2791833600,1.660199761390686,5.131268294754042e+18,21347,1.6454759089282305,1.6632420678998605,0.2513443537143995,0.2073378839590443,0.2495791245791245,0.58,0.156,0.5250272034820457
config_666,384,7,8,0.0521544851362705,0.8063266277313232,0.950849950313568,0.05,0.2110768407583236,0.0001276146358577,64,31137,1.0456908704464896e+18,4081281280,31698432,16,7.184634094243615e-07,4076339200,2.0164599418640137,1.0456908704464896e+18,31137,1.8471915775439776,1.8669723074553444,0.2582154949213304,0.1979522184300341,0.2609427609427609,0.59,0.174,0.5402611534276387
config_667,960,6,24,0.0049448050558567,0.935039520263672,0.915516436100006,0.05,0.2556680142879486,0.0003126205410808,64,25147,2.733441806084014e+18,3296144896,114633600,16,2.285451148047776e-06,3289907200,1.8417004346847528,2.733441806084014e+18,25147,1.6706196208078352,1.6881077579592094,0.2558255327623979,0.2184300341296928,0.2403198653198653,0.61,0.18,0.5272034820457019
config_668,512,18,8,0.0172912161797285,0.8929434418678284,0.9924066662788392,0.05,0.0518920198082923,0.0004652105853892,64,39987,3.925646491897037e+18,5241228800,87102464,8,8.29532128164025e-06,5236326400,1.5768957138061523,3.925646491897037e+18,39987,1.6121608224657715,1.627199007761283,0.2589125672176857,0.220136518771331,0.2529461279461279,0.54,0.18,0.5467899891186072
config_669,384,4,16,0.018870286643505,0.8704004287719727,0.9763401746749878,0.05,0.2513622641563415,0.0028432831168174,64,41700,1.0715887596900188e+18,5465776128,26387712,16,0.0,5465702400,1.835108518600464,1.0715887596900188e+18,41700,1.7967256775449534,1.816153211476373,0.2555267874925314,0.2320819112627986,0.2563131313131313,0.59,0.17,0.5418933623503809
config_671,896,24,16,0.0679471641778945,0.9182204008102416,0.9314806461334229,0.05,0.1388522237539291,0.0043886993080377,64,35887,1.0593624714939337e+19,4703891968,287313152,8,3.259371224355583e-05,4698931200,3.1754133701324463,1.0593624714939337e+19,35887,3.337201936792155,3.3730228963836293,0.2548297151961761,0.2286689419795221,0.2483164983164983,0.56,0.158,0.5310119695321001
config_672,768,14,16,0.1891667544841766,0.8782299160957336,0.9247434735298156,0.05,0.0675132274627685,0.0011522030690684,64,46941,6.709251789123748e+18,6152679424,137725440,8,1.4907013515875036e-05,6147276800,1.7237776517868042,6.709251789123748e+18,46941,1.614872930890224,1.628817659010653,0.2585142401911969,0.2184300341296928,0.263047138047138,0.56,0.164,0.5321001088139282
config_673,832,6,8,0.0826783627271652,0.896855354309082,0.9068812131881714,0.05,0.0909914076328277,2.770278661046177e-05,64,38651,3.446857344423887e+18,5066116608,92959360,16,7.879063313557546e-09,5065932800,1.6873596906661987,3.446857344423887e+18,38651,1.842842643847231,1.8611626769675584,0.255327623979287,0.2141638225255972,0.2680976430976431,0.52,0.158,0.5386289445048966
config_674,640,15,10,0.0090897809714078,0.9825397729873656,0.9432373046875,0.05,0.2807127237319946,0.0040009841322898,64,28126,3.2667367656023654e+18,3686617088,108382720,8,1.31761352045014e-05,3683123200,1.6828233003616333,3.2667367656023654e+18,28126,1.6532442590447722,1.6708737234991105,0.2611033658633738,0.2192832764505119,0.2504208754208754,0.52,0.152,0.5315560391730142
config_675,320,10,16,0.0016044478397816,0.8150126338005066,0.9679356217384338,0.05,0.2336708754301071,0.0020939209498465,32,3842,6.515449082569728e+16,251820912,30021760,16,9.804312139749528e-05,249036800,2.0534684658050537,6.515449082569728e+16,3842,2.0804343339263416,2.1022114665000164,0.2573192591117307,0.2286689419795221,0.2558922558922559,0.48,0.148,0.5239390642002176
config_676,1088,5,8,0.0267410911619663,0.9208921790122986,0.9709389805793762,0.05,0.1288028806447982,1.647532008064445e-05,32,13795,8.179925018633994e+17,904097664,128523264,16,4.174489885298435e-07,901120000,2.247121572494507,8.179925018633994e+17,13795,2.184643489259188,2.20651890133248,0.2570205138418642,0.2261092150170648,0.2592592592592592,0.56,0.148,0.5353645266594124
config_677,448,14,16,0.004386241082102,0.8608471155166626,0.946341037750244,0.05,0.2926788032054901,2.218235931650269e-05,64,52622,3.4571252732335227e+18,6897301504,57860992,16,3.1687027138694554e-08,6894387200,1.8961031436920168,3.4571252732335227e+18,52622,1.9311731845433595,1.9523333585457725,0.2579167496514638,0.2261092150170648,0.2752525252525252,0.61,0.15,0.5457018498367792
config_678,576,13,18,0.0028486056253314,0.8919584155082703,0.9926815629005432,0.05,0.2985275089740753,0.0020951165352016,64,8256,7.232358361299517e+17,1082162304,80732160,16,5.101744809744239e-06,1081344000,1.797910451889038,7.232358361299517e+17,8256,1.7580681945065983,1.7769072681176858,0.2543318064130651,0.2244027303754266,0.255050505050505,0.57,0.154,0.5239390642002176
config_679,1088,15,16,0.0961426496505737,0.9487536549568176,0.9681182503700256,0.05,0.252667635679245,0.0009612645953893,128,53644,2.89389185294492e+19,14062578688,276164864,8,3.120528419443087e-06,14050918400,1.231013298034668,2.89389185294492e+19,53644,1.4390735769858125,1.45033723123738,0.2594104760007966,0.2261092150170648,0.2626262626262626,0.56,0.166,0.5266594124047879
config_680,768,14,8,0.092214897274971,0.8034257888793945,0.9774534702301024,0.05,0.2704801559448242,6.69809669489041e-05,64,35812,5.118587748313989e+18,4693970432,137725440,8,8.298282091543491e-08,4692377600,1.6254976987838743,5.118587748313989e+18,35812,1.664158012866974,1.680915577313939,0.2536347341167098,0.2218430034129692,0.2676767676767677,0.63,0.154,0.5277475516866159
config_681,576,5,18,0.1447630226612091,0.8404940366744995,0.90774005651474,0.05,0.202007383108139,0.0009597998578101,32,6592,1.572440074947625e+17,432018048,48872448,16,3.028669724119157e-05,429260800,1.992935299873352,1.572440074947625e+17,6592,1.9710812884080608,1.9924548118231729,0.2555267874925314,0.2158703071672355,0.2521043771043771,0.54,0.148,0.5331882480957563
config_683,576,20,18,0.0010329867945984,0.8104372024536133,0.9746691584587096,0.05,0.0999374166131019,0.0072088558226823,64,16950,2.076545687000187e+18,2221783040,108609408,8,0.0,2221670400,3.054992198944092,2.076545687000187e+18,16950,3.041413923912361,3.073777238267367,0.253734315873332,0.2244027303754266,0.255050505050505,0.61,0.154,0.5261153427638737
config_684,576,18,16,0.022196052595973,0.8223684430122375,0.9954942464828492,0.05,0.0391060560941696,1.0143279723706655e-05,64,35917,4.04186054585765e+18,4707813888,100644480,8,1.2281748953205965e-07,4705484800,2.160043954849243,4.04186054585765e+18,35917,2.055682418991308,2.077672165788588,0.2581159131647082,0.2192832764505119,0.247053872053872,0.58,0.148,0.5364526659412405
config_685,1024,4,4,0.0906278416514396,0.9804498553276062,0.9718497395515442,0.05,0.088304579257965,1.4886397366353776e-05,32,6776,3.188186601158738e+17,444132064,102873088,16,6.472346681023388e-07,442368000,2.487295627593994,3.188186601158738e+17,6776,2.59375125115035,2.6204051972998945,0.2583150766779526,0.2098976109215017,0.2680976430976431,0.51,0.152,0.5217627856365615
config_686,960,23,10,0.1036543399095535,0.8769903779029846,0.9619134068489076,0.05,0.0387625880539417,0.0009234416647814,32,9506,1.4692770429585408e+18,622996544,302672640,8,1.5056114099696975e-05,622592000,1.9215240478515625,1.4692770429585408e+18,9506,1.803801021263248,1.8227473722129568,0.2562238597888867,0.2209897610921501,0.265993265993266,0.54,0.164,0.5375408052230686
config_687,512,20,16,0.0613085329532623,0.9384379386901855,0.9360055923461914,0.05,0.1619830429553985,2.1792495317640714e-05,64,45839,4.897019061073871e+18,6008215552,93920256,8,1.1446563197144589e-07,6003097600,1.979328870773316,4.897019061073871e+18,45839,1.855837686022774,1.8749400384895136,0.2557259510057757,0.2116040955631399,0.2525252525252525,0.57,0.164,0.5321001088139282
config_688,576,20,8,0.0937859937548637,0.8414503335952759,0.9687420725822448,0.05,0.1424410790205001,0.0003788138565141,64,42237,5.174201235440665e+18,5536094208,108609408,8,2.3298059659282444e-06,5531238400,1.6059406995773315,5.174201235440665e+18,42237,1.5912363004879873,1.60681036280804,0.2586138219478192,0.2090443686006826,0.257996632996633,0.53,0.162,0.5353645266594124
config_689,384,20,16,0.005698004271835,0.8837832808494568,0.9649093747138976,0.05,0.0501873530447483,0.0015757936052978,128,52495,7.113532059813151e+18,13761418240,54711552,16,2.69213030517849e-05,13749452800,1.534229397773743,7.113532059813151e+18,52495,1.621747130565956,1.635498716088592,0.259609639514041,0.227815699658703,0.2613636363636363,0.59,0.172,0.5342763873775843
config_690,640,11,10,0.013579967431724,0.9660028219223022,0.9002856612205505,0.05,0.0294365473091602,0.000351758004399,128,56960,1.0471549678100152e+19,14931725312,88061440,16,2.0987947756504225e-06,14929100800,1.5409339666366575,1.0471549678100152e+19,56960,1.572019637334542,1.5865303524986645,0.2594104760007966,0.2107508532423208,0.2714646464646464,0.6,0.19,0.5244831338411317
config_691,576,9,16,0.0195221118628978,0.9801703691482544,0.9013912677764891,0.05,0.1138575971126556,0.0006094177369959,32,5335,1.8048810909332275e+17,349681408,64802304,16,3.513940822876232e-05,347340800,2.247840166091919,1.8048810909332275e+17,5335,2.198951729829194,2.220967485005738,0.2567217685719976,0.2286689419795221,0.2664141414141414,0.52,0.14,0.5206746463547334
config_692,1088,12,8,0.0018013779772445,0.9496066570281982,0.9224780201911926,0.05,0.1854515373706817,1.3297318218974397e-05,64,23775,5.334846367430246e+18,3116266240,231872384,8,7.539871977191241e-08,3112960000,2.028204917907715,5.334846367430246e+18,23775,1.9038162345768976,1.9241720259189603,0.2544313881696873,0.2269624573378839,0.2655723905723905,0.54,0.166,0.5244831338411317
config_693,1152,11,24,0.0128307789564132,0.8462530970573425,0.9636000394821168,0.05,0.1737161576747894,0.0060589089989662,32,9548,1.070055740533801e+18,625760640,233123328,8,0.0001754087044332,622592000,3.2254955768585205,1.070055740533801e+18,9548,3.1834920990271645,3.216541107013577,0.2558255327623979,0.2346416382252559,0.2567340067340067,0.5,0.164,0.5277475516866159
config_694,576,20,6,0.0084877712652087,0.8075336813926697,0.943446397781372,0.05,0.2573681771755218,0.0003130973491352,64,17705,2.1690241372864512e+18,2320729600,108609408,8,3.436099090597055e-07,2319974400,1.6732999086380005,2.1690241372864512e+18,17705,1.6811008127595557,1.69867919867156,0.2581159131647082,0.2141638225255972,0.255050505050505,0.51,0.204,0.5114254624591947
config_695,1152,12,12,0.0745404660701751,0.8159363269805908,0.9223309755325316,0.05,0.0964366495609283,5.912655979045667e-05,64,14769,3.550246995966788e+18,1935930496,249050880,8,7.889077500131169e-07,1933312000,1.9260594844818115,3.550246995966788e+18,14769,1.7605928768486274,1.779795453997909,0.2550288787094204,0.2261092150170648,0.2613636363636363,0.58,0.186,0.5321001088139282
config_696,832,10,16,0.0035061161033809,0.8280691504478455,0.9636754393577576,0.05,0.0008073628414422,0.0008917820523492,64,37410,4.739836579122119e+18,4903435264,127044736,16,0.0002972606841164,4902092800,1.609703779220581,4.739836579122119e+18,37410,1.6347620729149366,1.6503325060156526,0.2566221868153754,0.2320819112627986,0.257996632996633,0.55,0.146,0.5277475516866159
config_698,512,23,16,0.0150124859064817,0.9128549098968506,0.9817200303077698,0.05,0.1606981456279754,4.006415110779926e-05,64,19254,2.3070361265354834e+18,2523711232,104146944,8,5.1795929034001626e-08,2523136000,1.898672580718994,2.3070361265354834e+18,19254,1.8886229697602688,1.9091634957516777,0.2529376618203545,0.2167235494880546,0.2546296296296296,0.59,0.16,0.5272034820457019
config_699,256,20,8,0.0176966320723295,0.856200098991394,0.9179382920265198,0.05,0.2407484054565429,0.0022388054057955,32,4882,9.76900805408686e+16,319990304,29920768,16,6.097172168975174e-05,317849600,2.049609661102295,9.76900805408686e+16,4882,2.116614887479876,2.137066336303461,0.2544313881696873,0.2337883959044368,0.2567340067340067,0.53,0.136,0.5516866158868335
config_700,512,17,4,0.031878150999546,0.8824419975280762,0.951210618019104,0.05,0.0107985557988286,5.1830746087944135e-05,32,8177,3.8367767941595136e+17,535890080,83693568,16,1.5902615276982864e-05,534118400,2.235734462738037,3.8367767941595136e+17,8177,2.150533881304694,2.172389146148181,0.2530372435769767,0.2167235494880546,0.2697811447811448,0.5,0.17,0.5119695321001088
config_701,1024,22,16,0.0216421913355588,0.91529780626297,0.9060887098312378,0.05,0.157991886138916,0.0002591554657556,32,13766,2.307847865866912e+18,902173568,334120960,8,1.9073079356438831e-06,901120000,1.611526608467102,2.307847865866912e+18,13766,1.740945142859318,1.759203578546399,0.2546305516829317,0.2252559726962457,0.2533670033670033,0.54,0.156,0.5462459194776932
config_702,768,5,8,0.0147751374170184,0.903531014919281,0.9961085915565492,0.05,0.1365995705127716,0.000254164537182,32,8229,2.9035678035551846e+17,539310784,74010624,16,6.557625959324059e-06,537395200,1.9345800876617432,2.9035678035551846e+17,8229,1.8936286715601311,1.9128744841403649,0.2567217685719976,0.2150170648464164,0.2617845117845118,0.56,0.172,0.5272034820457019
config_703,1088,20,16,0.1008146330714225,0.9618801474571228,0.9257341027259828,0.05,0.2679194211959839,0.0001097813801607,32,7271,1.2554988626280038e+18,476575040,349985664,8,1.1834748374614702e-06,475136000,1.9328787326812744,1.2554988626280038e+18,7271,1.8905452345824632,1.908970603512936,0.2571200955984863,0.2363481228668942,0.2558922558922559,0.55,0.176,0.5239390642002176
config_704,832,21,8,0.0099479407072067,0.9398114085197448,0.9389932155609132,0.05,0.0110499504953622,1.768649963196367e-05,64,24390,5.606827951175074e+18,3196860672,220779520,8,2.62996277055222e-06,3191603200,1.7743500471115112,5.606827951175074e+18,24390,1.8599287782731604,1.8796909107731992,0.2563234415455088,0.2269624573378839,0.2685185185185185,0.58,0.176,0.5277475516866159
config_705,576,8,12,0.0044562770053744,0.8449442982673645,0.9204265475273132,0.05,0.0408580563962459,0.0005829436122439,32,6628,2.0768005272655872e+17,434380320,60819840,16,6.045341164011655e-05,432537600,1.8982075452804563,2.0768005272655872e+17,6628,1.956785273708281,1.9769467038404749,0.2548297151961761,0.2252559726962457,0.2487373737373737,0.52,0.19,0.5353645266594124
config_706,384,7,16,0.0044598863460123,0.9571568369865416,0.971009373664856,0.05,0.0153508549556136,3.8843842048663646e-05,128,45983,3.0885295475943014e+18,12054382592,31698432,16,1.818222393767236e-06,12045516800,1.9415571689605715,3.0885295475943014e+18,45983,1.89354165065484,1.9141804270275304,0.2582154949213304,0.2226962457337884,0.2542087542087542,0.59,0.168,0.5136017410228509
config_707,320,20,10,0.0055963681079447,0.8101410865783691,0.92073255777359,0.05,0.0857290178537368,0.0002304161171196,64,24082,1.3286746514497536e+18,3156483840,43954560,16,3.57234290107914e-06,3152281600,1.7189525365829468,1.3286746514497536e+18,24082,1.787178539604437,1.8062763968842928,0.2540330611431985,0.2329351535836177,0.2693602693602693,0.63,0.206,0.5272034820457019
config_708,512,20,16,0.0669433251023292,0.9135338664054872,0.9364457726478576,0.05,0.1880503445863723,0.0084221689030528,32,8308,4.4380058901774336e+17,544504640,93920256,8,4.313530808221743e-05,543948800,3.686360359191896,4.4380058901774336e+17,8308,3.5218758460732755,3.5590499274457086,0.2552280422226648,0.2150170648464164,0.2702020202020202,0.5,0.154,0.5272034820457019
config_709,832,9,8,0.0456802435219287,0.855776846408844,0.9483096599578856,0.05,0.2611383199691772,0.0001414981379639,128,54883,1.2877679689571891e+19,14387334144,118523392,16,3.258050902044314e-07,14378598400,1.4979631900787354,1.2877679689571891e+19,54883,1.567879056774202,1.5811867725653723,0.259609639514041,0.2150170648464164,0.2533670033670033,0.59,0.178,0.5391730141458106
config_710,512,16,8,0.059191420674324,0.9725216627120972,0.9076849222183228,0.05,0.1265088021755218,2.7772171961260028e-05,32,3850,1.7234301298286592e+17,252357040,80284672,16,0.0,252313600,2.7828288078308105,1.7234301298286592e+17,3850,2.7860275344379613,2.8149666364857406,0.2578171678948416,0.2517064846416382,0.2529461279461279,0.54,0.158,0.5244831338411317
config_711,1152,15,12,0.0500970818102359,0.9347087144851683,0.9950228333473206,0.05,0.0278175119310617,4.6555611334042624e-05,32,11703,1.6915702069767537e+18,766991936,296833536,8,4.297441046219325e-07,766771200,1.9437226057052608,1.6915702069767537e+18,11703,1.862396409648364,1.8823104484354864,0.2504481179047998,0.1988054607508532,0.2584175084175084,0.56,0.144,0.5217627856365615
config_712,832,9,16,0.0215689614415168,0.8526833653450012,0.980858564376831,0.05,0.0783860087394714,2.852044053724967e-05,64,20672,2.4252165969043784e+18,2709525504,118523392,16,3.873146245799306e-07,2706636800,1.88074791431427,2.4252165969043784e+18,20672,1.890206143582453,1.9105725452548168,0.2523401712806214,0.2090443686006826,0.2453703703703703,0.56,0.152,0.5125136017410229
config_713,1152,19,18,0.1039065718650817,0.8378977179527283,0.9988051056861876,0.05,0.07396150380373,0.0001299929281231,32,11530,2.0409514869490967e+18,755652608,360543744,8,4.577215778982458e-06,753664000,2.0264763832092285,2.0409514869490967e+18,11530,1.7488713451291693,1.7673332493422462,0.2579167496514638,0.2175767918088737,0.2626262626262626,0.56,0.188,0.5277475516866159
config_714,256,20,16,0.0297300238162279,0.9161108136177064,0.932673156261444,0.05,0.0263557266443967,0.0010201428085565,64,7885,3.155255438640415e+17,1033524736,29920768,16,0.0001724879144902,1028915200,1.9192709922790527,3.155255438640415e+17,7885,1.9156088141926,1.936377657984124,0.2562238597888867,0.2090443686006826,0.265993265993266,0.56,0.178,0.5206746463547334
config_715,640,10,20,0.074920043349266,0.8924638628959656,0.978118896484375,0.05,0.0565723516047,0.001683086506091,32,5354,2.2989130004348928e+17,350929536,82981120,16,2.2292536504517173e-05,350617600,1.9765604734420776,2.2989130004348928e+17,5354,1.946691695510364,1.9663011634545249,0.2548297151961761,0.2218430034129692,0.2563131313131313,0.59,0.194,0.530467899891186
config_716,704,22,16,0.0598586574196815,0.929834008216858,0.9390429854393004,0.05,0.1858315169811248,0.0028265845030546,32,3419,3.195272220667085e+17,224129280,174199168,8,8.457496938273643e-05,222822400,3.1829774379730225,3.195272220667085e+17,3419,3.25639559554272,3.289721330111144,0.2514439354710217,0.2303754266211604,0.263047138047138,0.6,0.174,0.5255712731229597
config_717,960,11,6,0.0019363710889592,0.9342352151870728,0.9715167880058287,0.05,0.1124250814318656,3.577261304599233e-05,64,44149,7.40149377762263e+18,5786823680,169939200,8,3.531851781691801e-07,5780275200,1.6734203100204468,7.40149377762263e+18,44149,1.6780891796018256,1.6946731598064548,0.2565226050587532,0.2158703071672355,0.2588383838383838,0.61,0.176,0.5179542981501633
config_718,640,9,16,0.1031805351376533,0.9012197852134703,0.9247916340827942,0.05,0.0952487140893936,0.0075379791669547,64,20615,1.6452737101430784e+18,2702088704,77900800,16,5.76004521163128e-05,2700083200,1.7729275226593018,1.6452737101430784e+18,20615,1.7670868077043629,1.7846655887853904,0.2567217685719976,0.2209897610921501,0.2664141414141414,0.61,0.164,0.5315560391730142
config_720,768,11,16,0.0038147738669067,0.9701622128486632,0.907460629940033,0.05,0.0235442537814378,1.2918905667902436e-05,32,4852,2.88247020032213e+17,318000736,116487168,16,2.2664746785793765e-07,317849600,2.6648595333099365,2.88247020032213e+17,4852,2.7620362678903048,2.7910011687825937,0.2547301334395538,0.2269624573378839,0.2664141414141414,0.52,0.154,0.5261153427638737
config_721,384,8,24,0.0011695130961015,0.8836775422096252,0.9016852378845216,0.05,0.0107332533225417,3.239454235881567e-05,32,8288,1.5006852592327066e+17,543194496,33468672,16,1.3988552382215858e-05,540672000,2.678440570831299,1.5006852592327066e+17,8288,2.661959716218417,2.6902313857000384,0.2550288787094204,0.2346416382252559,0.2664141414141414,0.52,0.18,0.5244831338411317
config_722,768,20,16,0.1428120136260986,0.8037372827529907,0.907921016216278,0.05,0.090318851172924,5.695795698557049e-05,64,73023,1.3959970428121252e+19,9571389440,180201984,8,1.9864033520365762e-07,9568256000,1.633159637451172,1.3959970428121252e+19,73023,1.5997598964073618,1.615275839313132,0.2549292969527982,0.212457337883959,0.2567340067340067,0.55,0.182,0.5310119695321001
config_724,960,14,20,0.0066998023539781,0.8289960026741028,0.9017101526260376,0.05,0.0476975291967392,6.795619265176356e-05,64,52824,1.0723994757539758e+19,6923755008,203122560,8,6.474587628591992e-07,6920601600,1.829312205314636,1.0723994757539758e+19,52824,1.6249408413152229,1.640488788260788,0.2514439354710217,0.2167235494880546,0.2689393939393939,0.55,0.184,0.5337323177366703
config_725,576,15,24,0.0012891965452581,0.8000158071517944,0.9252943992614746,0.05,0.2600564360618591,0.0009289702284149,64,10854,1.0590754981712856e+18,1422700672,88697088,16,1.3167543988872304e-06,1422131200,1.7547537088394165,1.0590754981712856e+18,10854,1.740567157034014,1.7591032878688124,0.2549292969527982,0.2372013651877133,0.2571548821548821,0.6,0.168,0.5261153427638737
config_727,960,7,20,0.0245003271847963,0.8457738161087036,0.9439943432807922,0.05,0.1057042330503463,0.0057361288927495,32,4006,2.4133944076010496e+17,262544464,125694720,16,8.13635303936102e-05,262144000,3.2664921283721924,2.4133944076010496e+17,4006,3.223700412922218,3.257168532043207,0.2522405895239992,0.2320819112627986,0.2529461279461279,0.54,0.152,0.5337323177366703
config_728,384,17,24,0.0643305853009224,0.8541787266731262,0.9624219536781312,0.05,0.2206505984067917,2.635051896504592e-05,128,39667,4.749612585910272e+18,10398566400,49400832,16,5.118359488183078e-08,10394009600,2.0765438079833984,4.749612585910272e+18,39667,1.946817138507718,1.968125725378756,0.2546305516829317,0.2073378839590443,0.2592592592592592,0.55,0.158,0.5184983677910773
config_729,768,14,6,0.1448873281478881,0.9514679312705994,0.96370667219162,0.05,0.0040422142483294,0.0067138229496777,64,56862,8.127304745181512e+18,7453096448,137725440,8,0.0003518160497647,7451443200,2.0187041759490967,8.127304745181512e+18,56862,2.065194794604036,2.0843002676182105,0.2555267874925314,0.2261092150170648,0.257996632996633,0.54,0.148,0.5244831338411317
config_730,320,18,16,0.0782708674669265,0.8912646770477295,0.9391283988952636,0.05,0.0140838511288166,9.120537288254128e-05,32,11322,2.8828018843951104e+17,742044032,41168000,16,1.2619611342238413e-05,740556800,2.3362791538238525,2.8828018843951104e+17,11322,2.150197539290444,2.172876899007891,0.2490539733120892,0.2226962457337884,0.2634680134680134,0.55,0.188,0.5266594124047879
config_731,768,21,12,0.0046827639453113,0.954605519771576,0.9774730205535888,0.05,0.0249472633004188,0.0002105057210428,128,38251,1.524016611381687e+19,10027401216,187281408,8,2.206558920784911e-07,10027008000,1.4671834707260132,1.524016611381687e+19,38251,1.5196992706470802,1.5332679402828218,0.2571200955984863,0.2081911262798634,0.2546296296296296,0.64,0.162,0.528835690968444
config_732,576,10,8,0.0016130479052662,0.9299361705780028,0.934737503528595,0.05,0.2004774510860443,2.993580528709572e-05,32,4646,1.6876488469417574e+17,304523232,68784768,16,1.479105309566491e-06,301465600,2.633265972137451,1.6876488469417574e+17,4646,2.643669430623289,2.671018982324444,0.2557259510057757,0.2150170648464164,0.25,0.55,0.148,0.5272034820457019
config_733,768,18,16,0.0224868543446064,0.8689357042312622,0.9081039428710938,0.05,0.2223656475543975,0.0005827107233926,32,4407,3.858965088492257e+17,288882112,166043136,8,4.166470953777929e-06,288358400,1.922179818153381,3.858965088492257e+17,4407,1.959302816840469,1.9801670085797545,0.2574188408683529,0.2141638225255972,0.2542087542087542,0.53,0.154,0.5114254624591947
config_734,960,6,12,0.0168947018682956,0.8170038461685181,0.9300928115844728,0.05,0.0461524315178394,4.716390685644001e-05,128,44129,9.59338535171457e+18,11568268288,114633600,16,6.71784527915892e-07,11560550400,1.5165455341339111,9.59338535171457e+18,44129,1.68346227575521,1.7002289498047751,0.256423023302131,0.2167235494880546,0.2634680134680134,0.58,0.168,0.5369967355821545
config_735,1152,16,12,0.0069817840121686,0.8890353441238403,0.9904550313949584,0.05,0.2444171160459518,0.0001175290235551,64,8882,2.7117914354978e+18,1164197120,312761088,8,1.7331468911352334e-06,1159987200,1.7673619985580444,2.7117914354978e+18,8882,1.7224816265067115,1.74056767922933,0.2542322246564429,0.220136518771331,0.2571548821548821,0.58,0.18,0.5255712731229597
config_736,256,21,16,0.0010148882865905,0.8423331379890442,0.9781225919723512,0.05,0.2218004614114761,0.0006266343407332,64,9562,3.969168564861665e+17,1253313408,30773248,16,3.546986834339393e-06,1251737600,1.869013428688049,3.969168564861665e+17,9562,1.88662181690091,1.9071411801557072,0.2551284604660426,0.2150170648464164,0.2613636363636363,0.56,0.16,0.528835690968444
config_737,320,4,8,0.0040349373593926,0.9426829814910888,0.9430006146430968,0.05,0.164415031671524,4.1469145799055696e-05,64,40547,8.578451525301043e+17,5314614784,21662080,16,2.9238671655500186e-07,5308416000,2.029097080230713,8.578451525301043e+17,40547,2.045592502414203,2.066988355253564,0.2495518820952001,0.2073378839590443,0.2596801346801347,0.58,0.182,0.514145810663765
config_739,1024,22,16,0.0021330807358026,0.8460180163383484,0.9524922370910645,0.05,0.1537852138280868,0.0001702956215012,32,8582,1.4388033196641485e+18,562450560,334120960,8,4.131508633844588e-06,560332800,1.9071565866470337,1.4388033196641485e+18,8582,1.81674261984278,1.8351374996490168,0.2579167496514638,0.2261092150170648,0.255050505050505,0.6,0.164,0.5397170837867247
config_740,768,14,12,0.1944297552108764,0.9586019515991212,0.9060513973236084,0.05,0.0550382174551487,0.0021414314396679,64,10339,1.477832645028741e+18,1355237632,137725440,8,0.0001467764958647,1350041600,1.7542262077331543,1.477832645028741e+18,10339,1.7750391864581183,1.793099001919637,0.2554272057359091,0.2150170648464164,0.2626262626262626,0.54,0.16,0.5261153427638737
config_741,576,21,16,0.190570518374443,0.9724090099334716,0.9500474333763124,0.05,0.2698352038860321,0.0009347703307867,64,22130,2.8214072578606694e+18,2900671232,112591872,8,4.696551653592487e-06,2896691200,1.758116602897644,2.8214072578606694e+18,22130,1.6359593354287694,1.6528915897158325,0.2585142401911969,0.2133105802047781,0.2605218855218855,0.59,0.154,0.5282916213275299
config_742,448,10,14,0.1996979117393493,0.8463528156280518,0.953440010547638,0.05,0.2748601138591766,0.0021153348498046,32,11097,2.884543938258125e+17,727257280,47764864,16,3.259696325928459e-05,724172800,1.8905339241027832,2.884543938258125e+17,11097,1.8661605505083427,1.8845689444854608,0.2578171678948416,0.2218430034129692,0.2512626262626262,0.56,0.176,0.5277475516866159
config_743,768,6,16,0.1868115812540054,0.9556628465652466,0.9064823389053344,0.05,0.1891055107116699,4.734258618555032e-05,32,4318,1.6971924787583386e+17,282994368,81090048,16,1.0443217540930195e-06,281804800,2.38293719291687,1.6971924787583386e+17,4318,2.428751284411696,2.4532056103378044,0.2577175861382195,0.2329351535836177,0.2622053872053872,0.52,0.166,0.529379760609358
config_744,1152,18,8,0.0031101638451218,0.8774908781051636,0.926428496837616,0.05,0.0114138722419738,5.527566463570111e-05,64,52540,1.774721274367574e+19,6886640640,344616192,8,3.691196302884879e-06,6881280000,1.211032509803772,1.774721274367574e+19,52540,1.578505741768196,1.5933767666191352,0.2547301334395538,0.204778156996587,0.2558922558922559,0.57,0.17,0.514145810663765
config_745,1088,16,16,0.00249008461833,0.8470131754875183,0.9325708150863647,0.05,0.1713699549436569,0.0014596554683521,128,38262,2.179731114077376e+19,10030155776,290929024,8,2.6717305705041463e-06,10027008000,1.401577115058899,2.179731114077376e+19,38262,1.458914072689463,1.4720355749618812,0.2551284604660426,0.2056313993174061,0.2474747474747475,0.59,0.166,0.5315560391730142
config_746,768,13,16,0.0193640198558568,0.8517617583274841,0.9336842894554138,0.05,0.2511405944824219,7.895290036685765e-05,32,8367,5.643465672213136e+17,548378624,130646016,8,6.38838318056442e-07,547225600,1.8682687282562256,5.643465672213136e+17,8367,2.02579304941365,2.048159452168668,0.2536347341167098,0.2098976109215017,0.2516835016835017,0.55,0.174,0.5402611534276387
config_747,320,19,8,0.1254696100950241,0.8514379262924194,0.9711863994598388,0.05,0.0062883319333195,0.0011499938555061,64,43634,2.31468419432448e+18,5719296000,42561280,16,0.0001426999674715,5714739200,1.784697651863098,2.31468419432448e+18,43634,1.7503754861628422,1.767959466723145,0.2581159131647082,0.2184300341296928,0.2760942760942761,0.52,0.166,0.5228509249183896
config_748,1152,22,8,0.0033552646636962,0.8477159142494202,0.9187544584274292,0.05,0.169462114572525,0.0044556246139109,64,7856,3.164031176324088e+18,1029789952,408326400,8,2.0085460318156403e-05,1028915200,3.099846839904785,3.164031176324088e+18,7856,3.0058811229565103,3.036939509813903,0.2547301334395538,0.2235494880546075,0.2651515151515151,0.5,0.148,0.5184983677910773
config_749,832,7,8,0.064362958073616,0.9657579660415648,0.9305720329284668,0.05,0.1261874735355377,0.0006654600147157,64,12156,1.1980755517839114e+18,1593312768,101480704,16,2.6045401750128105e-06,1592524800,1.6336886882781982,1.1980755517839114e+18,12156,1.71384855981733,1.732100788257161,0.2557259510057757,0.2209897610921501,0.2567340067340067,0.59,0.156,0.5212187159956474
config_750,576,18,18,0.0027840377297252,0.8507624864578247,0.9677154421806335,0.05,0.2203635275363922,1.1314437870169058e-05,64,51154,5.756499389378986e+18,6704963584,100644480,8,4.0150595706782595e-09,6704332800,2.08011794090271,5.756499389378986e+18,51154,1.984371445042188,2.00379444757446,0.2573192591117307,0.2218430034129692,0.2411616161616161,0.57,0.156,0.5331882480957563
config_751,256,10,16,0.0020595104433596,0.8509556651115417,0.9088932275772096,0.05,0.129275843501091,9.2725531430915e-05,128,52124,2.613399021051445e+18,13664251904,21395968,16,3.302779392018376e-07,13657702400,1.888165831565857,2.613399021051445e+18,52124,1.883740447818256,1.903549620909769,0.2547301334395538,0.2312286689419795,0.2605218855218855,0.62,0.188,0.5310119695321001
config_753,1152,21,12,0.0315340086817741,0.927095592021942,0.903426706790924,0.05,0.0973085835576057,0.0015728696016594,32,9086,1.755807488188711e+18,595463808,392398848,8,6.405351318975231e-05,593100800,3.1119351387023926,1.755807488188711e+18,9086,3.104843692623201,3.137073602520052,0.2545309699263095,0.2226962457337884,0.2571548821548821,0.53,0.15,0.5261153427638737
config_754,256,5,16,0.0221895445138216,0.9530310034751892,0.9193756580352784,0.05,0.2345913499593734,0.0003279883530922,64,15127,2.6616955620753408e+17,1982762240,17133568,16,2.49596548294531e-06,1979187200,2.006901502609253,2.6616955620753408e+17,15127,1.978824005986824,2.001106194160024,0.2536347341167098,0.2175767918088737,0.2474747474747475,0.52,0.214,0.5348204570184983
config_755,1152,17,18,0.0261438582092523,0.8056340217590332,0.9145852327346802,0.05,0.0817004293203353,0.0009862644365057,64,62142,1.998145098329083e+19,8145101312,328688640,8,8.15897308119773e-06,8139571200,1.4082310199737549,1.998145098329083e+19,62142,1.5034300102757625,1.5169949337693511,0.2548297151961761,0.2167235494880546,0.2533670033670033,0.56,0.186,0.5375408052230686
config_756,704,22,22,0.0161959901452064,0.9280139207839966,0.9185270667076112,0.05,0.1931466311216354,2.5706256565172225e-05,64,67791,1.2667575067413185e+19,8885548032,174199168,8,8.049771016360259e-08,8880128000,1.881987452507019,1.2667575067413185e+19,67791,1.696580507188547,1.715223727519395,0.2552280422226648,0.2022184300341297,0.2601010101010101,0.6,0.172,0.5397170837867247
config_757,960,6,6,0.0400218442082405,0.8117691874504089,0.9142698049545288,0.05,0.2402243912220001,3.105373980361037e-05,64,64999,7.065170038988145e+18,8519597568,114633600,16,9.74531350311821e-08,8513126400,1.6854681968688965,7.065170038988145e+18,64999,1.7424440541423736,1.760047209731868,0.2539334793865764,0.2098976109215017,0.2575757575757575,0.61,0.186,0.545157780195865
config_758,384,9,12,0.1597993820905685,0.9719820618629456,0.9281602501869202,0.05,0.1783487498760223,1.190273633255856e-05,64,51521,2.0010982051581788e+18,6753067008,35238912,16,2.7204773942506042e-08,6750208000,2.1726577281951904,2.0010982051581788e+18,51521,2.1412758738486493,2.1635060811433635,0.2528380800637323,0.220136518771331,0.2445286195286195,0.49,0.174,0.5136017410228509
config_760,832,14,16,0.0015796424122527,0.9651939868927002,0.9597629904747008,0.05,0.2262949049472808,0.0066237971186637,32,3630,2.98073373598421e+17,237907296,161130112,8,0.0002420388715711,235929600,3.474820137023926,2.98073373598421e+17,3630,3.331073441661772,3.3653752966005293,0.2541326428998207,0.2303754266211604,0.2529461279461279,0.51,0.176,0.5168661588683352
config_761,832,23,16,0.0148246996104717,0.9648487567901612,0.9356499910354614,0.05,0.2435070723295211,0.0016510498244315,64,14272,3.548697595425915e+18,1870704128,237822208,8,1.0452689535969542e-05,1867776000,1.7465240955352783,3.548697595425915e+18,14272,1.6567925896996358,1.6741927417575335,0.2567217685719976,0.2184300341296928,0.2601010101010101,0.54,0.16,0.5103373231773667
config_762,960,15,6,0.0061247167177498,0.8517707586288452,0.9735087156295776,0.05,0.1723206341266632,0.00718459719792,64,16867,3.623182774782198e+18,2210851328,214183680,8,4.202964637461948e-05,2208563200,3.233120918273926,3.623182774782198e+18,16867,3.069374756969389,3.101711404831683,0.2551284604660426,0.2261092150170648,0.2626262626262626,0.53,0.172,0.5266594124047879
config_765,832,17,8,0.0025467916857451,0.8963652849197388,0.9789242148399352,0.05,0.2165414243936538,0.0001972500613192,64,16842,3.23991166316082e+18,2207636224,186694144,8,2.272216833627762e-06,2202009600,1.6572449207305908,3.23991166316082e+18,16842,1.645659920700261,1.6631010420009738,0.2581159131647082,0.2252559726962457,0.2575757575757575,0.57,0.156,0.5348204570184983
config_766,256,23,16,0.0707924738526344,0.9818114042282104,0.97754567861557,0.05,0.1878903657197952,0.0001318474969593,32,6754,1.5027574945092403e+17,442637728,32478208,16,4.155949470744909e-07,442368000,2.4379727840423584,1.5027574945092403e+17,6754,2.526918798079256,2.5538394092340937,0.2576180043815972,0.2482935153583617,0.2436868686868686,0.51,0.162,0.5130576713819369
config_767,512,13,16,0.0464259274303913,0.814947247505188,0.9186774492263794,0.05,0.1437496542930603,0.0003020331496372,64,23599,1.805970772370129e+18,3093248256,70057984,16,4.363096796057456e-06,3086745600,1.8652911186218264,1.805970772370129e+18,23599,1.719575065784767,1.738434793323767,0.2579167496514638,0.2005119453924914,0.2647306397306397,0.54,0.168,0.528835690968444
config_768,320,12,20,0.0149336131289601,0.9278803467750548,0.9389981627464294,0.05,0.0374334827065467,0.0020129438489675,32,10015,1.9111141752164352e+17,656348352,32808320,16,8.073304207089119e-05,655360000,2.161096334457397,1.9111141752164352e+17,10015,1.972388767492576,1.9930632636977024,0.2549292969527982,0.2218430034129692,0.2588383838383838,0.57,0.17,0.529923830250272
config_769,896,18,14,0.0011259589809924,0.8521500825881958,0.9042542576789856,0.05,0.1443623006343841,0.0001820899778977,32,3748,4.314992570291773e+17,245638192,226747136,8,1.615585755839147e-05,242483200,1.843017816543579,4.314992570291773e+17,3748,2.051987370506662,2.072440740319549,0.2535351523600876,0.2354948805460751,0.2655723905723905,0.57,0.174,0.5223068552774756
config_770,384,8,16,0.0021063506137579,0.8635945916175842,0.9389774203300476,0.05,0.1890006810426712,3.7903155316598713e-05,32,7306,1.3229690833118822e+17,478867584,33468672,16,1.647963274634706e-07,478412800,2.651938915252685,1.3229690833118822e+17,7306,2.651718895318078,2.6799715222687017,0.2556263692491535,0.2090443686006826,0.2546296296296296,0.52,0.146,0.5174102285092492
config_771,704,20,22,0.013642462901771,0.8213260173797607,0.9629472494125366,0.05,0.2983619272708893,5.651082392432727e-05,32,3862,3.3294117919538995e+17,253121584,161580672,8,5.886544158784091e-07,252313600,2.4393579959869385,3.3294117919538995e+17,3862,2.4097064945932294,2.4344703799193024,0.2569209320852419,0.2192832764505119,0.2680976430976431,0.55,0.172,0.5223068552774756
config_772,320,20,16,0.0020191087387502,0.9114524722099304,0.9087376594543456,0.05,0.081053227186203,0.0024484221357852,64,55569,3.065951282975539e+18,7283668480,43954560,16,1.032860137209577e-05,7281049600,1.7416167259216309,3.065951282975539e+18,55569,1.7116042246193182,1.727915301791957,0.2552280422226648,0.2226962457337884,0.2647306397306397,0.58,0.166,0.5174102285092492
config_773,576,23,18,0.0019880016334354,0.842632532119751,0.9597398042678832,0.05,0.0524972155690193,6.889369979035109e-05,128,38847,1.0680104713335863e+19,10183542784,120556800,8,1.588035257551001e-06,10171187200,1.6838462352752686,1.0680104713335863e+19,38847,1.6349692291705336,1.650788376585382,0.2563234415455088,0.2081911262798634,0.2664141414141414,0.65,0.182,0.5337323177366703
config_774,256,17,16,0.0101596275344491,0.8297298550605774,0.9675235748291016,0.05,0.2030788511037826,7.439764158334583e-05,128,42958,3.052753638575309e+18,11261409280,27363328,16,6.823124299744747e-08,11259084800,1.936312198638916,3.052753638575309e+18,42958,1.859218119910506,1.8786078668031536,0.2569209320852419,0.2141638225255972,0.2697811447811448,0.57,0.166,0.5364526659412405
config_775,896,8,16,0.0010783732868731,0.9022493958473206,0.937137007713318,0.05,0.2671664655208587,0.0001092425809474,64,14111,1.721785528254726e+18,1849608192,125803776,16,3.188295013059606e-07,1848115200,1.9219138622283936,1.721785528254726e+18,14111,1.7733700473191307,1.7928105341411027,0.2548297151961761,0.220136518771331,0.2478956228956229,0.58,0.186,0.5386289445048966
config_776,256,24,4,0.0210985839366912,0.8096269965171814,0.9473833441734314,0.05,0.2539562880992889,0.0022666198201477,32,14226,3.271540543706235e+17,932318336,33330688,16,1.631564654591385e-05,930611200,1.9321403503417969,3.271540543706235e+17,14226,1.9004879758397089,1.9190353499475072,0.2540330611431985,0.2269624573378839,0.2533670033670033,0.59,0.154,0.529923830250272
config_777,768,11,8,0.0581560730934143,0.8172925710678101,0.9667165875434875,0.05,0.1334295868873596,0.0015146059449762,64,10882,1.2928860798985175e+18,1426341632,116487168,16,3.340274999258353e-05,1422131200,1.7072268724441528,1.2928860798985175e+18,10882,1.692772801469584,1.7109134919135296,0.2545309699263095,0.2209897610921501,0.2697811447811448,0.54,0.158,0.5239390642002176
config_778,448,19,14,0.1295799762010574,0.88786381483078,0.9553414583206176,0.05,0.1153574511408805,3.877167182508856e-05,32,4483,1.8569657786239795e+17,293836256,70481152,16,2.474787563303524e-06,291635200,2.569767713546753,1.8569657786239795e+17,4483,2.652605682435583,2.6809276304088656,0.2514439354710217,0.2098976109215017,0.2647306397306397,0.57,0.154,0.5277475516866159
config_779,1088,17,4,0.0026818998157978,0.9751346111297609,0.978769838809967,0.05,0.070836067199707,0.0002551269426476,128,38979,2.338426430565581e+19,10218214400,305693184,8,2.6797107340749524e-06,10210508800,1.4637681245803833,2.338426430565581e+19,38979,1.474275657485743,1.487218805776268,0.2592113124875523,0.2056313993174061,0.2592592592592592,0.57,0.176,0.5331882480957563
config_780,384,24,16,0.0285761132836341,0.8788357973098755,0.9237896203994752,0.05,0.2161082178354263,1.298620190937072e-05,32,14200,5.557265086862131e+17,930655360,61792512,16,0.0,930611200,2.700462818145752,5.557265086862131e+17,14200,2.7043797423409632,2.732648225768668,0.253734315873332,0.220136518771331,0.257996632996633,0.49,0.156,0.5337323177366703
config_781,576,22,8,0.0459881201386451,0.933683693408966,0.978369414806366,0.05,0.2348031848669052,0.0008960287668742,64,24194,3.205146928881107e+18,3171159808,116574336,8,6.941067912405951e-06,3165388800,1.6274369955062866,3.205146928881107e+18,24194,1.6089773215035923,1.6260580089639445,0.2618004381597291,0.2252559726962457,0.2529461279461279,0.55,0.156,0.530467899891186
config_783,896,6,4,0.0088888499885797,0.9492620229721068,0.9128844738006592,0.05,0.1202849522233009,0.0001552041649119,64,9119,9.15341043397165e+17,1195365888,105615104,16,2.690583150846584e-06,1192755200,1.6867355108261108,9.15341043397165e+17,9119,1.812903136034481,1.8323967427113017,0.2535351523600876,0.2013651877133105,0.2491582491582491,0.56,0.172,0.5342763873775843
config_784,704,22,16,0.1195189952850341,0.8475511074066162,0.9378842711448668,0.05,0.2744840383529663,0.000865239650011,64,23941,4.473730378842735e+18,3138054912,174199168,8,5.398695122577004e-06,3132620800,1.476360321044922,4.473730378842735e+18,23941,1.597676154023311,1.6144365229372115,0.2605058753236407,0.2192832764505119,0.271043771043771,0.52,0.158,0.5217627856365615
config_785,704,19,8,0.001652866252698,0.977919101715088,0.9611130356788636,0.05,0.2316925078630447,4.9213900638278574e-05,64,8247,1.3623080513033503e+18,1081031808,155271424,8,1.2110226858633931e-06,1074790400,1.9149141311645508,1.3623080513033503e+18,8247,1.950887135013205,1.9708816657691703,0.2511451902011551,0.2448805460750853,0.2638888888888889,0.56,0.164,0.5250272034820457
config_787,256,6,8,0.0073365368880331,0.9516593217849731,0.9878206849098206,0.05,0.2007330060005188,1.3966562619316392e-05,64,42959,8.200870517122007e+17,5630723584,17986048,16,1.4577184689068153e-08,5629542400,2.4744887351989746,8.200870517122007e+17,42959,2.3965771650095453,2.4211570200372914,0.253734315873332,0.2073378839590443,0.2613636363636363,0.58,0.17,0.5125136017410229
config_788,704,20,16,0.0010160242673009,0.9537416100502014,0.9362081289291382,0.05,0.0048941732384264,4.9837348342407495e-05,32,6536,5.634944948279624e+17,428401856,161580672,8,4.9837348342407495e-05,425984000,1.907878398895264,5.634944948279624e+17,6536,2.1676436593884327,2.190468460360512,0.2530372435769767,0.2150170648464164,0.2609427609427609,0.55,0.164,0.5174102285092492
config_789,768,5,12,0.0314971171319484,0.944067656993866,0.9308843016624452,0.05,0.2047320008277893,0.0015087507199496,64,15244,1.0757878468629628e+18,1998176128,74010624,16,2.1277253742879023e-05,1992294400,1.8379954099655151,1.0757878468629628e+18,15244,1.7240269025036543,1.743407714523253,0.2545309699263095,0.2192832764505119,0.2521043771043771,0.56,0.162,0.5315560391730142
config_790,448,11,14,0.0029223652090877,0.8479397892951965,0.944105863571167,0.05,0.0525210164487361,0.0003669055586215,32,7547,2.0913205784819712e+17,494656864,50288896,16,4.354687185659348e-05,491520000,2.115207433700561,2.0913205784819712e+17,7547,1.957378002463794,1.976752621893023,0.2540330611431985,0.2261092150170648,0.2638888888888889,0.51,0.156,0.5348204570184983
config_791,384,22,16,0.0194434467703104,0.9364713430404664,0.9259013533592224,0.05,0.1921719163656234,3.944508353015408e-05,64,31557,2.304052791952343e+18,4136342784,58252032,16,4.5533572676626063e-08,4135321600,1.958344578742981,2.304052791952343e+18,31557,1.9041319772845409,1.925756708598528,0.2568213503286198,0.2150170648464164,0.2529461279461279,0.55,0.176,0.5168661588683352
config_792,1088,12,8,0.0410772897303104,0.8530546426773071,0.90278160572052,0.05,0.2834625542163849,0.0009826133027672,32,5141,5.768011482513408e+17,336929280,231872384,8,2.76507518280428e-05,334233600,1.9939801692962649,5.768011482513408e+17,5141,1.9803681223705167,2.00195451812666,0.2571200955984863,0.2337883959044368,0.2634680134680134,0.56,0.154,0.5331882480957563
config_793,640,18,20,0.0016934552695602,0.9003567099571228,0.9365323781967164,0.05,0.2425736337900161,2.92265358439181e-05,64,25550,3.4317430925819904e+18,3348971520,123623680,8,0.0,3348889600,1.7214455604553225,3.4317430925819904e+18,25550,1.8936527960417704,1.9145405361886885,0.255327623979287,0.212457337883959,0.2613636363636363,0.51,0.168,0.5462459194776932
config_794,1024,8,16,0.0018637399189174,0.9555505514144896,0.9473907947540284,0.05,0.2794954776763916,0.0002012083859881,64,18973,2.802225861856592e+18,2486907904,154261504,16,8.728390942525641e-07,2483814400,1.685879826545715,2.802225861856592e+18,18973,1.6639370652886687,1.681391287983441,0.2563234415455088,0.2150170648464164,0.2605218855218855,0.64,0.158,0.5342763873775843
config_795,256,9,4,0.0036670686677098,0.951662540435791,0.9086677432060242,0.05,0.2303676754236221,3.003254278155509e-05,32,7978,9.404599642280755e+16,522899424,20543488,16,4.577633085920222e-07,521011200,2.890644073486328,9.404599642280755e+16,7978,2.7676337332021994,2.797099173186256,0.2565226050587532,0.2269624573378839,0.2634680134680134,0.54,0.142,0.5310119695321001
config_797,768,13,6,0.0026751803234219,0.965923309326172,0.9239662885665894,0.05,0.2390543222427368,5.911618791287765e-05,32,9453,6.375715238527304e+17,619531712,130646016,8,7.850755366916615e-08,619315200,1.693765640258789,6.375715238527304e+17,9453,1.9779253539491872,1.9985469691870643,0.2500497908783111,0.2030716723549488,0.2546296296296296,0.57,0.196,0.5277475516866159
config_798,1088,24,8,0.0019967856351286,0.8185062408447266,0.956879496574402,0.05,0.2033477276563644,8.510197949362919e-05,32,6791,1.377828445270192e+18,445083552,409042304,8,2.5283921443759315e-06,442368000,2.0457518100738525,1.377828445270192e+18,6791,1.903556453595396,1.92394506346984,0.2535351523600876,0.2380546075085324,0.255050505050505,0.55,0.172,0.5282916213275299
config_799,576,16,18,0.001515396288596,0.957454800605774,0.9805163741111756,0.05,0.0052500846795737,0.001310943509452,32,10845,5.5614886555262976e+17,710773632,92679552,16,0.0010534367486668,707788800,1.889699935913086,5.5614886555262976e+17,10845,1.8622064482970315,1.8814497951210525,0.2577175861382195,0.227815699658703,0.2676767676767677,0.56,0.16,0.5326441784548422
config_800,1088,21,16,0.0027792588807642,0.895333468914032,0.9379719495773317,0.05,0.0376054495573043,0.0002115823008352,64,8464,3.050581318319849e+18,1109410944,364749824,8,9.314944061930938e-06,1107558400,1.7410470247268677,3.050581318319849e+18,8464,1.7086203904034662,1.7264679233167992,0.2531368253335989,0.2064846416382252,0.2424242424242424,0.54,0.174,0.528835690968444
config_801,704,11,4,0.0039491723291575,0.816459596157074,0.9689831733703612,0.05,0.1036526635289192,0.0014008216094225,64,18805,2.018787438244921e+18,2464929792,104797440,16,3.5936932001605533e-06,2464153600,1.6021727323532104,2.018787438244921e+18,18805,1.6643470514797774,1.6818164041003243,0.2536347341167098,0.2303754266211604,0.2609427609427609,0.56,0.156,0.529923830250272
config_802,704,22,16,0.0120765576139092,0.8215843439102173,0.9284685850143432,0.05,0.1703574359416961,1.948569479282014e-05,64,11836,2.2118203106829435e+18,1551459968,174199168,8,3.47958835586072e-07,1546649600,1.9652507305145264,2.2118203106829435e+18,11836,2.1704042515793787,2.1933181789663974,0.2567217685719976,0.2167235494880546,0.2567340067340067,0.55,0.14,0.5397170837867247
config_803,704,22,4,0.0089789098128676,0.881318986415863,0.9843334555625916,0.05,0.2436027228832245,2.4019802367547527e-05,32,7297,6.818160572446925e+17,478253280,174199168,8,6.35301469484938e-07,475136000,2.3460867404937744,6.818160572446925e+17,7297,2.28935291343048,2.3129470141598434,0.2578171678948416,0.2346416382252559,0.2622053872053872,0.51,0.164,0.5277475516866159
config_805,320,23,10,0.0183222070336341,0.8609092831611633,0.9392439126968384,0.05,0.245130181312561,4.010658449260518e-05,64,31123,1.915707124797604e+18,4079483392,48134400,16,1.2091380827499273e-07,4076339200,2.111047744750977,1.915707124797604e+18,31123,1.946492784492305,1.96864741587248,0.2534355706034654,0.2192832764505119,0.25,0.59,0.182,0.514145810663765
config_806,576,23,18,0.004852969199419,0.8105490207672119,0.9299166202545166,0.05,0.2766675949096679,3.0294369935290888e-05,64,22344,3.071554931052085e+18,2928745728,120556800,8,2.156531754008723e-07,2922905600,1.892039060592652,3.071554931052085e+18,22344,1.9332790064225431,1.954800051470272,0.2546305516829317,0.2312286689419795,0.273989898989899,0.6,0.18,0.530467899891186
config_807,960,10,20,0.1145418211817741,0.824111819267273,0.9229976534843444,0.05,0.0250021759420633,0.0002024087589234,64,18877,2.942154407722844e+18,2474317568,158878080,8,1.1603049874590464e-05,2470707200,1.6487033367156982,2.942154407722844e+18,18877,1.6887644429675868,1.706146476835501,0.2520414260107548,0.2244027303754266,0.2689393939393939,0.56,0.17,0.5195865070729053
config_808,512,8,16,0.0718510448932647,0.8495674729347229,0.9487031698226928,0.05,0.0891523733735084,1.6396712453570217e-05,32,3865,1.0605684492125798e+17,253305104,53013504,16,7.149729267545151e-07,252313600,2.974355936050415,1.0605684492125798e+17,3865,2.979079816224145,3.010562801204744,0.2555267874925314,0.2261092150170648,0.2605218855218855,0.59,0.146,0.5261153427638737
config_809,640,18,20,0.0205130018293857,0.957073986530304,0.9193385243415833,0.05,0.2906400561332702,0.000108226246084,128,51514,1.3837946208335954e+19,13504183296,123623680,8,1.0120006980878785e-07,13500416000,1.564261555671692,1.3837946208335954e+19,51514,1.5711380803780477,1.5855765011662342,0.2598088030272854,0.2141638225255972,0.2689393939393939,0.56,0.174,0.558215451577802
config_810,512,23,4,0.1391545087099075,0.910499393939972,0.9720612168312072,0.05,0.2741803228855133,7.927174010546878e-05,64,9201,1.1025178820939612e+18,1206065536,104146944,8,3.143209361834557e-08,1205862400,1.7161911725997925,1.1025178820939612e+18,9201,1.8963907506622253,1.916150884217904,0.2567217685719976,0.2150170648464164,0.2546296296296296,0.53,0.176,0.5174102285092492
config_811,256,24,8,0.001409217598848,0.8570031523704529,0.9476889967918396,0.05,0.1867288649082183,0.0006193539011292,32,5365,1.233825511845888e+17,351613600,33330688,16,9.28102748944874e-06,350617600,2.131364822387696,1.233825511845888e+17,5365,2.098540482716482,2.1196860916888127,0.2557259510057757,0.2414675767918088,0.2516835016835017,0.59,0.174,0.5315560391730142
config_812,320,18,8,0.0229967292398214,0.8856288194656372,0.9314915537834167,0.05,0.0170178115367889,3.151191776851192e-05,64,19711,1.0037164006844006e+18,2583603712,41168000,16,1.034719687921285e-06,2582118400,1.9936892986297607,1.0037164006844006e+18,19711,2.1129610025296444,2.135758322027863,0.2501493726349332,0.2286689419795221,0.2601010101010101,0.59,0.16,0.515233949945593
config_813,960,23,10,0.1700346916913986,0.8750517964363098,0.905539333820343,0.05,0.279208093881607,0.000886476074811,64,20874,6.45276443179991e+18,2736073472,302672640,8,3.65055349956509e-06,2732851200,1.4442572593688965,6.45276443179991e+18,20874,1.584445027073876,1.600982408347677,0.2546305516829317,0.2150170648464164,0.2605218855218855,0.55,0.168,0.5310119695321001
config_814,1088,21,8,0.134509727358818,0.9362145066261292,0.9350354671478271,0.05,0.0705396309494972,0.0001361849135719,64,39032,1.406770033615523e+19,5116028416,364749824,8,1.58297029941937e-06,5111808000,1.3944010734558103,1.406770033615523e+19,39032,1.5341765837200352,1.5485858619603954,0.2514439354710217,0.227815699658703,0.2622053872053872,0.57,0.18,0.5114254624591947
config_815,768,8,6,0.0681371614336967,0.8362150192260742,0.9428708553314208,0.05,0.0020836652256548,0.0043482943437993,128,59570,1.1281235682404598e+19,15616112640,95248896,16,0.0007013377973869,15610675200,1.7081749439239502,1.1281235682404598e+19,59570,1.6639703099844885,1.6761778271393697,0.2560246962756423,0.2022184300341297,0.2504208754208754,0.61,0.186,0.5337323177366703
config_816,1088,23,16,0.0049761552363634,0.8059919476509094,0.9338050484657288,0.05,0.0092958034947514,0.000346931250533,32,6211,1.2132020609808998e+18,407066720,394278144,8,6.695164483971894e-05,406323200,1.6997759342193604,1.2132020609808998e+18,6211,1.8739473191050235,1.89353866682678,0.2579167496514638,0.212457337883959,0.2655723905723905,0.58,0.18,0.5359085963003264
config_817,640,4,10,0.014066812582314,0.9644613265991212,0.9039985537528992,0.05,0.0158556289970874,0.0007936750771477,32,7198,1.782756063688704e+17,471784352,52499200,16,0.0003341789798516,468582400,2.0353763103485107,1.782756063688704e+17,7198,2.0243681055209675,2.046431483948817,0.2574188408683529,0.2252559726962457,0.2638888888888889,0.54,0.148,0.514145810663765
config_818,256,21,8,0.0028228198643773,0.8362492918968201,0.9356076717376708,0.05,0.2885521948337555,0.0010025925002992,128,43622,3.621485517484327e+18,11435282432,30773248,16,1.752366330863694e-06,11429478400,1.746739625930786,3.621485517484327e+18,43622,1.7131268881578914,1.7281800569862615,0.2565226050587532,0.2235494880546075,0.257996632996633,0.62,0.188,0.5342763873775843
config_819,640,11,4,0.0026054186746478,0.800910472869873,0.953665018081665,0.05,0.1349585056304931,0.004564297851175,32,10536,4.8425079701078016e+17,690509056,88061440,16,0.0001156331616061,688128000,2.69901442527771,4.8425079701078016e+17,10536,2.7925168089006767,2.8221656460058493,0.2545309699263095,0.2312286689419795,0.2445286195286195,0.55,0.14,0.5228509249183896
config_821,960,20,16,0.0102004464715719,0.8224140405654907,0.977712333202362,0.05,0.0923461318016052,1.2624827832041774e-05,64,24192,6.622824646827049e+18,3171002368,269489280,8,2.373512842192269e-07,3165388800,1.9130030870437624,6.622824646827049e+18,24192,1.9296587989760228,1.949978354993413,0.2507468631746664,0.2098976109215017,0.2588383838383838,0.53,0.17,0.5174102285092492
config_822,896,23,14,0.0019574109464883,0.9072592258453368,0.95185649394989,0.05,0.2894245982170105,5.48382340639364e-05,128,48852,2.778370986861763e+19,12806371328,277218816,8,7.757566001407527e-09,12805734400,1.7194058895111084,2.778370986861763e+19,48852,1.537608477678455,1.5518796510970003,0.2567217685719976,0.1902730375426621,0.2584175084175084,0.58,0.186,0.5402611534276387
config_823,832,18,16,0.1077295020222663,0.8407419919967651,0.9271214604377748,0.05,0.0161154102534055,0.0015960815362632,64,23537,4.748402071631462e+18,3085063936,195215488,8,0.0001558179863898,3080192000,1.6174595355987549,4.748402071631462e+18,23537,1.654894813181924,1.6722302787225751,0.2593108942441745,0.2372013651877133,0.2786195286195286,0.58,0.162,0.5418933623503809
config_824,1088,21,8,0.0160215962678194,0.9519205093383788,0.9732155203819276,0.05,0.2996519804000854,0.0030576279386878,32,3591,6.471505252829123e+17,235350512,364749824,8,0.0001165081277752,232652800,3.292339563369751,6.471505252829123e+17,3591,3.3198462643779694,3.3523078726158766,0.2576180043815972,0.227815699658703,0.2609427609427609,0.53,0.17,0.5386289445048966
config_825,448,5,14,0.1255468726158142,0.9168097972869872,0.9209222793579102,0.05,0.0926535874605178,3.110418765572831e-05,64,18013,6.277712219379794e+17,2361028352,35144704,16,2.424187287316965e-07,2359296000,2.183420419692993,6.277712219379794e+17,18013,2.172465057724812,2.1953257273064284,0.253236407090221,0.2116040955631399,0.2605218855218855,0.52,0.166,0.5326441784548422
config_826,320,17,16,0.0011291558621451,0.903867483139038,0.93341326713562,0.05,0.2536405920982361,0.000354524992872,64,60232,2.939051637280604e+18,7894849536,39774720,16,7.426065177655638e-07,7890534400,1.6893932819366455,2.939051637280604e+18,60232,1.7229588563324976,1.740506926012821,0.2583150766779526,0.2005119453924914,0.2487373737373737,0.58,0.17,0.5408052230685527
config_827,256,17,16,0.0039818827062845,0.8070783615112305,0.912441611289978,0.05,0.1767237186431884,1.976220301003196e-05,32,13702,2.4344046966915072e+17,898036032,27363328,16,1.6325653044221842e-08,897843200,2.7366607189178467,2.4344046966915072e+17,13702,2.7613025365892003,2.790354748553917,0.2531368253335989,0.2346416382252559,0.2487373737373737,0.56,0.156,0.5179542981501633
config_828,256,13,16,0.1670511215925216,0.8317388296127319,0.9187300205230712,0.05,0.2056170403957367,7.726515468675643e-05,32,7020,1.0373900196082483e+17,460105408,23953408,16,1.0708961148545634e-06,458752000,2.73928451538086,1.0373900196082483e+17,7020,2.5826925311323072,2.6103313237330954,0.253236407090221,0.220136518771331,0.2495791245791245,0.52,0.172,0.5348204570184983
config_829,512,13,8,0.0044736028648912,0.91437828540802,0.9500446915626526,0.05,0.2890263497829437,4.615275611286052e-05,64,7699,5.891793448509112e+17,1009140352,70057984,16,1.0163977750697373e-06,1002700800,2.179384469985962,5.891793448509112e+17,7699,2.157762383828397,2.180471919872722,0.2555267874925314,0.2252559726962457,0.2436868686868686,0.55,0.168,0.528835690968444
config_830,960,21,16,0.0847128704190254,0.8358458280563354,0.952652871608734,0.05,0.2655577957630157,0.0012281835079193,64,13599,3.883085548650824e+18,1782452736,280550400,8,1.666601824648205e-05,1776025600,1.6109185218811035,3.883085548650824e+18,13599,1.6134055800516098,1.6302525562731949,0.256423023302131,0.2209897610921501,0.2744107744107744,0.5,0.17,0.528835690968444
config_833,960,8,6,0.0750849843025207,0.9121943712234496,0.9117282032966614,0.05,0.0657769441604614,0.0049976115114986,32,13238,8.75538781175808e+17,867573760,136755840,16,0.0002182864798125,865075200,3.302511215209961,8.75538781175808e+17,13238,3.2876676048997973,3.321860240326553,0.2539334793865764,0.2303754266211604,0.2689393939393939,0.55,0.174,0.5386289445048966
config_835,320,9,10,0.1795784682035446,0.9526937007904052,0.9775941967964172,0.05,0.1582572609186172,2.2098469344200566e-05,64,14662,4.660832074641408e+17,1921887360,28628480,16,1.1430242764241725e-07,1920204800,2.5939183235168457,4.660832074641408e+17,14662,2.457218330140974,2.483104928985971,0.2578171678948416,0.2167235494880546,0.2563131313131313,0.58,0.198,0.5342763873775843
config_845,320,12,16,0.0012124730274081,0.8600640892982483,0.9920790195465088,0.05,0.2238373756408691,7.517202902818099e-05,32,3347,6.388208803971072e+16,219395072,32808320,16,4.717069912315767e-06,216268800,2.7266862392425537,6.388208803971072e+16,3347,2.70083833616288,2.729209412199552,0.2547301334395538,0.2226962457337884,0.2525252525252525,0.52,0.192,0.5201305767138193
config_846,448,16,14,0.0079101072624325,0.9721585512161256,0.9414173364639282,0.05,0.0422329902648925,0.0001702709269011,32,4258,1.544877303610368e+17,279097312,62909056,16,7.609873827983877e-06,278528000,2.106069803237915,1.544877303610368e+17,4258,2.2712292974894166,2.2934438182096013,0.2556263692491535,0.2329351535836177,0.2588383838383838,0.54,0.184,0.5261153427638737
config_859,1088,7,8,0.0023740928154438,0.951324999332428,0.903632879257202,0.05,0.2893902063369751,0.0033874597866088,32,5697,4.239195614659584e+17,373371616,158051584,16,9.660837983653784e-05,370278400,3.102778673171997,4.239195614659584e+17,5697,3.1184864208346506,3.151349335498497,0.2559251145190201,0.2303754266211604,0.263047138047138,0.52,0.188,0.5244831338411317
config_862,384,17,16,0.0013547409325838,0.8236398696899414,0.977879762649536,0.05,0.0758784264326095,0.0014446800341829,32,3779,1.1314368846047232e+17,247711184,49400832,16,0.0001464885349346,245760000,2.1266586780548096,1.1314368846047232e+17,3779,2.047838989711199,2.068940936151098,0.2548297151961761,0.2116040955631399,0.2609427609427609,0.6,0.164,0.530467899891186
config_865,448,20,16,0.018082171678543,0.8735572099685669,0.9880908131599426,0.05,0.1393782943487167,2.6283081751898862e-05,32,6520,2.81247753894568e+17,427349056,73005184,16,5.789225055484355e-07,425984000,2.719245433807373,2.81247753894568e+17,6520,2.648440812923869,2.676682050501714,0.2544313881696873,0.2098976109215017,0.2689393939393939,0.54,0.174,0.5364526659412405
config_866,1152,4,18,0.0060122343711555,0.951362133026123,0.9612060189247132,0.05,0.0362669713795185,0.0003250472655054,32,6647,3.672418108543304e+17,435653952,121630464,16,6.33909604927579e-05,432537600,1.849451303482056,3.672418108543304e+17,6647,1.904088991157344,1.9244107339812109,0.2545309699263095,0.2423208191126279,0.2558922558922559,0.53,0.172,0.5244831338411317
config_872,448,9,16,0.0010718533303588,0.8219834566116333,0.9898051619529724,0.05,0.2496910989284515,2.368013338127639e-05,32,8259,2.005488110997504e+17,541315200,45240832,16,1.033565472509646e-07,540672000,2.6935722827911377,2.005488110997504e+17,8259,2.6724695232266287,2.7008704869473568,0.2550288787094204,0.2218430034129692,0.255050505050505,0.55,0.164,0.5195865070729053
config_880,704,6,16,0.0063744946382939,0.8609716296195984,0.9564546942710876,0.05,0.1879262775182724,1.858719224401284e-05,32,8773,3.123559925269217e+17,574964544,73251200,16,2.594086296191136e-07,573440000,2.695777177810669,3.123559925269217e+17,8773,2.574803504162148,2.602045215465983,0.255327623979287,0.2235494880546075,0.2668350168350168,0.56,0.158,0.5277475516866159
config_883,320,5,10,0.0977244079113006,0.8068435192108154,0.9849778413772584,0.05,0.1445946991443634,1.6844946003402583e-05,32,14087,1.6399855898062848e+17,923245632,23055360,16,3.061213173506357e-07,920780800,2.8690781593322754,1.6399855898062848e+17,14087,2.750947909980524,2.780282435573515,0.2587134037044413,0.2226962457337884,0.2647306397306397,0.52,0.164,0.5315560391730142
config_885,512,9,4,0.0037863254547119,0.8964377641677856,0.9922852516174316,0.05,0.2600913643836975,0.0001835050061345,32,11709,3.466629797835571e+17,767425088,56422400,16,5.423793284763947e-07,766771200,1.86907172203064,3.466629797835571e+17,11709,1.870740536705392,1.8908758013365696,0.2515435172276439,0.2269624573378839,0.2626262626262626,0.57,0.184,0.5201305767138193
config_890,384,6,8,0.0010404915083199,0.8796330094337463,0.9554351568222046,0.05,0.1165261417627334,0.0011129138292744,32,5399,8.35704711217152e+16,353868800,29928192,16,8.669757970500682e-05,350617600,2.027895450592041,8.35704711217152e+16,5399,2.0033327228905726,2.0237389035693933,0.2559251145190201,0.2346416382252559,0.2495791245791245,0.56,0.174,0.5233949945593036
config_891,384,20,8,0.1881317347288131,0.8032315969467163,0.9453505277633668,0.05,0.2703138887882232,0.0041462779045104,32,7653,2.5927698775781376e+17,501581920,54711552,16,6.014909919502959e-06,501350400,2.586547613143921,2.5927698775781376e+17,7653,2.4127844684241246,2.437510890257163,0.2571200955984863,0.2312286689419795,0.2584175084175084,0.55,0.166,0.5272034820457019
config_902,384,15,12,0.0602959245443344,0.8119219541549683,0.9831368327140808,0.05,0.0626044273376464,0.0003531480615492,32,5771,1.5758380271178547e+17,378217664,45860352,16,2.0543239037493395e-05,376832000,2.0491483211517334,1.5758380271178547e+17,5771,1.98191743647466,2.001511428668851,0.2556263692491535,0.2286689419795221,0.2613636363636363,0.53,0.158,0.5212187159956474
config_903,704,5,22,0.0689216032624244,0.970841646194458,0.925786018371582,0.05,0.1555619090795517,0.0098203206434845,32,8581,2.7452674153945498e+17,562424832,66941952,16,0.0002282083507856,560332800,3.451727390289306,2.7452674153945498e+17,8581,3.4292514923752333,3.4651135185116626,0.2566221868153754,0.2141638225255972,0.2592592592592592,0.59,0.152,0.5359085963003264
config_904,512,16,8,0.0024229753762483,0.8716394305229187,0.967993438243866,0.05,0.0954430326819419,1.289624378841836e-05,32,12130,5.4290186124322406e+17,794955968,80284672,16,3.343883436927835e-07,792985600,2.8107612133026123,5.4290186124322406e+17,12130,2.579488611690333,2.606988779208699,0.261202947619996,0.2337883959044368,0.2525252525252525,0.52,0.148,0.5250272034820457
config_914,576,16,12,0.0711459368467331,0.9285281896591188,0.9474552273750304,0.05,0.2731716334819793,3.684003968373872e-05,32,12133,6.221969886025728e+17,795184960,92679552,16,3.668440885827988e-07,792985600,2.405191659927368,6.221969886025728e+17,12133,2.157021729164436,2.17949727973,0.2497510456084445,0.2098976109215017,0.2626262626262626,0.5,0.19,0.529923830250272
config_921,768,12,12,0.0025205111596733,0.9157546162605286,0.9385696053504944,0.05,0.1850803196430206,0.0085158245638012,32,4955,3.142812471902208e+17,324745600,123566592,16,4.643306741440242e-05,324403200,3.4433846473693848,3.142812471902208e+17,4955,3.2948981192072884,3.326861701949698,0.2535351523600876,0.2303754266211604,0.2533670033670033,0.54,0.16,0.5233949945593036
config_922,256,5,16,0.0042797313071787,0.807597815990448,0.9194815158843994,0.05,0.0186186265200376,3.944282434531488e-05,32,7234,6.364985431130112e+16,474143360,17133568,16,1.0007880804035115e-05,471859200,2.5696558952331543,6.364985431130112e+16,7234,2.80896415061638,2.8382363517167137,0.2557259510057757,0.2303754266211604,0.255050505050505,0.53,0.176,0.5315560391730142
config_925,960,4,12,0.0129958419129252,0.8705670237541199,0.9198662042617798,0.05,0.1787852942943573,0.0010649096220731,32,6056,2.5777495220852736e+17,396950496,92511360,16,5.905228957891985e-06,396492800,1.8395887613296509,2.5777495220852736e+17,6056,1.928566180526233,1.9489948545127616,0.255327623979287,0.220136518771331,0.257996632996633,0.56,0.188,0.5233949945593036
config_929,256,17,16,0.0420360825955867,0.8865866661071777,0.9066233038902284,0.05,0.1935167014598846,0.0056492346338927,32,3783,6.721731725021184e+16,247960304,27363328,16,0.0002546786105443,245760000,2.4124679565429688,6.721731725021184e+16,3783,2.369067018970114,2.393351616820351,0.2544313881696873,0.2261092150170648,0.2546296296296296,0.55,0.18,0.5174102285092492
config_933,320,22,16,0.0389739871025085,0.8672309517860413,0.9578651785850524,0.05,0.0846775770187377,0.0004463092191144,32,5527,1.642444004772864e+17,362270240,46741120,16,2.5748608795066305e-05,360448000,2.0264265537261963,1.642444004772864e+17,5527,2.0358568236085235,2.055793950205944,0.2547301334395538,0.2269624573378839,0.2718855218855219,0.57,0.154,0.5277475516866159
config_940,384,11,12,0.0703652575612068,0.883891761302948,0.9041836261749268,0.05,0.2584390342235565,0.0005807465058751,32,3574,7.881189666729984e+16,234257760,38779392,16,1.5100667541715468e-05,232652800,2.3043572902679443,7.881189666729984e+16,3574,2.1365640806370094,2.157159385642067,0.2552280422226648,0.2354948805460751,0.2563131313131313,0.59,0.156,0.529923830250272
config_944,512,14,16,0.0326683819293975,0.9036071300506592,0.9280173182487488,0.05,0.0802240520715713,0.0001326314231846,32,13557,5.481084236444467e+17,888527232,73466880,16,8.541122008210919e-07,888012800,2.0040643215179443,5.481084236444467e+17,13557,1.9235299789710123,1.944019037191985,0.2555267874925314,0.2286689419795221,0.2563131313131313,0.58,0.15,0.529923830250272
config_952,576,5,6,0.0010198529344052,0.9815547466278076,0.9330384135246276,0.05,0.0596671551465988,0.0086375931277871,32,12172,2.903684441733366e+17,797769088,48872448,16,0.0002617452462965,796262400,3.335520505905152,2.903684441733366e+17,12172,3.187227532980872,3.220056616126514,0.2551284604660426,0.2261092150170648,0.2474747474747475,0.59,0.176,0.5184983677910773
config_956,1088,7,16,0.0460517145693302,0.9252250790596008,0.9954620599746704,0.05,0.238180860877037,7.310631190193817e-05,32,6108,4.545321958877184e+17,400334016,158051584,16,4.02235553793336e-07,399769600,2.0436792373657227,4.545321958877184e+17,6108,2.014666597960425,2.0352881621532752,0.2561242780322645,0.2261092150170648,0.2521043771043771,0.56,0.17,0.5130576713819369
config_966,1152,7,16,0.0298108756542205,0.8778911828994751,0.9753968119621276,0.05,0.1143874898552894,0.0015226597897708,32,9646,7.678018220883149e+17,632166720,169413120,16,6.350167754257357e-05,629145600,1.872991919517517,7.678018220883149e+17,9646,1.8950102999171272,1.9139286733064496,0.2547301334395538,0.220136518771331,0.2529461279461279,0.54,0.174,0.5125136017410229
config_969,512,8,16,0.0017774045700207,0.9450258016586304,0.9842374324798584,0.05,0.2373764365911483,3.071608080063015e-05,32,6204,1.7024166663163085e+17,406603488,53013504,16,8.346761087127437e-08,406323200,2.641597509384156,1.7024166663163085e+17,6204,2.626539627450412,2.6544701645804234,0.2549292969527982,0.2175767918088737,0.265993265993266,0.53,0.152,0.5282916213275299
config_971,832,5,16,0.0045982119627296,0.8599691987037659,0.9132108688354492,0.05,0.1208895966410636,0.0001913301530294,32,3819,1.5239635623222067e+17,250318688,84438016,16,7.885624528327175e-06,249036800,2.0840535163879395,1.5239635623222067e+17,3819,2.126728089637444,2.1472425437364424,0.2565226050587532,0.2261092150170648,0.255050505050505,0.56,0.154,0.5364526659412405
config_973,320,14,20,0.0139355575665831,0.8114351630210876,0.987652599811554,0.05,0.2538731098175049,0.0001000051342998,32,12769,2.708234588012544e+17,836871680,35594880,16,5.862689144391759e-07,835584000,1.941417098045349,2.708234588012544e+17,12769,2.098550042637059,2.120165874684443,0.2551284604660426,0.2244027303754266,0.2718855218855219,0.55,0.158,0.530467899891186
config_978,1024,6,8,0.0111644053831696,0.8381044864654541,0.9935385584831238,0.05,0.2131605744361877,0.0054207001812756,32,7981,4.824446836170424e+17,523077984,128567296,16,9.878995039361729e-05,521011200,3.3727288246154785,4.824446836170424e+17,7981,3.202027548258422,3.2358378894211817,0.2549292969527982,0.2286689419795221,0.2554713804713804,0.49,0.164,0.5315560391730142
config_981,448,7,16,0.1650252640247345,0.8600093722343445,0.9899731874465942,0.05,0.2626772224903106,0.0081942798569798,32,5266,1.0982850246100992e+17,345170080,40192768,16,9.480005619065708e-05,344064000,2.885784387588501,1.0982850246100992e+17,5266,2.84219762692686,2.8731558691869017,0.2545309699263095,0.2372013651877133,0.2575757575757575,0.55,0.176,0.5195865070729053
config_998,960,4,24,0.0865956619381904,0.9087481498718262,0.9491114616394044,0.05,0.0529725737869739,0.0001744240289554,32,9610,4.0899521962192896e+17,629816256,92511360,16,3.426798211304512e-06,629145600,1.9040976762771609,4.0899521962192896e+17,9610,1.932119369975856,1.95248515383142,0.2558255327623979,0.2141638225255972,0.257996632996633,0.56,0.18,0.5201305767138193
config_1000,704,16,8,0.0019037378951907,0.8819778561592102,0.9847095608711244,0.05,0.1628177165985107,0.0012314933119341,32,8672,6.222046588633498e+17,568354880,136343680,8,1.920117141215568e-05,566886400,1.8802998065948489,6.222046588633498e+17,8672,1.8093905598218325,1.8281533119717583,0.2558255327623979,0.227815699658703,0.2605218855218855,0.54,0.17,0.5266594124047879
