real_data/nll,real_data/roc_auc,val/val_loss,val/small/val_loss,val/medium/val_loss,total_flops,total_cells,config/effective_batch_size,config/lr,config/max_features,config/model_config.embedding_size,config/model_config.num_layers,config/num_datapoints_max,config/weight_decay,parameters
0.911585441657475,0.5,1.6137518882751465,1.6155048608779907,1.6119989156723022,5623525670912.0,637682560.0,64,0.07071068,4,8,1,200,0.0001,1826.0
0.8340474509057545,0.5101369087185178,2.1074106693267822,2.106013059616089,2.108808279037476,316814229504.0,328448.0,32,5e-05,2,64,2,200,0.0001,152970.0
0.8240540126959482,0.5133481054078965,1.29477459192276,1.2427239418029783,1.3468252420425415,3162691076096.0,12779008.0,64,0.000144,2,32,2,100,0.0001,39626.0
0.6441655584744045,0.6038768177940732,1.4688527584075928,1.3185750246047974,1.6191304922103882,1000029552640.0,7824768.0,64,0.00347,2,32,1,100,0.0,22634.0
0.8400062123934428,0.4850888280641465,1.5106480717658997,1.5084877014160156,1.5128084421157837,1000825421824.0,4242944.0,64,5e-05,4,32,2,100,0.1,39626.0
0.8441018348648435,0.4890225217455909,1.4953466653823853,1.4931172132492063,1.497576117515564,1004621725696.0,2118976.0,64,5e-05,4,64,1,100,0.1,86218.0
0.611607673622313,0.5635442038377126,1.1600289940834043,1.1043561697006226,1.2157018184661863,1000259780608.0,60991680.0,64,0.01,4,8,2,100,0.1,3002.0
0.7148129308507556,0.5102650452227819,1.1294949054718018,1.133452296257019,1.1255375146865845,10001395482624.0,21251552.0,32,0.01,4,64,1,200,0.0,86218.0
0.9154670664242336,0.5138754156373796,1.8101302981376648,1.810400485992432,1.809860110282898,186035601408.0,425536.0,32,0.000416,8,32,4,200,0.0,73610.0
0.8041240615504128,0.4923111917007537,1.2430222630500791,1.2321114540100098,1.253933072090149,1925544542208.0,1043072.0,64,0.0012,4,64,4,400,0.0,286474.0
0.8612762717973619,0.4991940380561919,1.749477505683899,1.751981258392334,1.746973752975464,180058603520.0,1513408.0,64,0.0012,8,16,4,400,0.1,19402.0
0.9577278211003258,0.5006453309740339,1.6085922122001648,1.6112549304962158,1.6059294939041138,565421277184.0,2277888.0,32,0.07071068,2,32,2,200,0.0001,39626.0
0.6263090393372944,0.5279452907187598,1.4789904356002808,1.384061336517334,1.5739195346832275,1778305990656.0,27388736.0,32,0.01,2,16,2,200,0.1,10602.0
0.6538521576495397,0.5170375577041081,1.0849101543426514,1.080930471420288,1.0888898372650146,316561883136.0,35937088.0,64,0.07071068,4,8,1,200,0.1,1826.0
0.9064627516837348,0.5,1.6112812757492063,1.6116153001785278,1.6109472513198853,100122935296.0,6210624.0,64,0.5,8,8,2,200,0.0,3002.0
0.8856082047734942,0.5094268116213027,1.9115245938301089,1.9142074584960935,1.9088417291641235,183355375616.0,1496896.0,64,0.000144,4,16,4,200,0.1,19402.0
0.7652989881379264,0.5167466813609713,1.2674609422683716,1.256750226020813,1.2781716585159302,569035522048.0,1139616.0,32,0.000144,2,64,1,200,0.1,86218.0
0.9784579277038574,0.4984412179106757,2.1563926935195923,2.1576263904571533,2.1551589965820312,317781770240.0,5088384.0,64,0.5,4,16,2,400,0.1,10602.0
0.9144506965364728,0.503696491320928,1.6101992726325989,1.6113228797912598,1.609075665473938,5624160059392.0,44012288.0,32,0.07071068,2,32,1,200,0.0,22634.0
0.5980018994637898,0.6274922064372471,1.1518223881721497,1.0507484674453735,1.2528963088989258,5632074186752.0,11244480.0,64,0.00347,2,64,1,200,0.0,86218.0
0.9276570620990936,0.5,1.623796045780182,1.6244487762451172,1.6231433153152466,1778544541696.0,50206848.0,64,0.5,2,8,4,200,0.1,5354.0
0.6440339528378987,0.5360505978266398,1.2330174446105957,1.0905004739761353,1.3755344152450562,10000502095872.0,21465728.0,32,0.000416,4,32,4,200,0.1,73610.0
0.6279781226600919,0.5677101392121542,1.0616320371627808,1.063309907913208,1.0599541664123535,3163839791104.0,107184960.0,64,0.000144,8,16,1,200,0.1,6202.0
0.8784862955411276,0.5,1.6149729490280151,1.6141830682754517,1.6157628297805786,1779121651712.0,14890880.0,64,0.5,4,32,1,100,0.0,22634.0
0.7421752789190837,0.5198177014078412,1.2444037199020386,1.237546443939209,1.2512609958648682,10045850910720.0,5733696.0,64,5e-05,8,64,4,100,0.0,286474.0
0.9629005051794506,0.5086228272744587,1.6202873587608335,1.6222478151321411,1.6183269023895264,101205917696.0,3135808.0,32,0.07071068,4,16,1,400,0.1,6202.0
0.7013998145148868,0.4622568495216824,1.1888429522514343,1.1581121683120728,1.219573736190796,1012351959040.0,8559040.0,64,0.00347,8,16,4,400,0.1,19402.0
0.7980236992949531,0.5052435908998761,1.3098182082176208,1.3052797317504885,1.3143566846847534,1000742125568.0,29282336.0,32,0.07071068,2,16,1,400,0.0,6202.0
0.8644089414959862,0.485125937632152,1.3611380457878113,1.3617180585861206,1.360558032989502,1014793568256.0,594496.0,32,0.00347,8,64,4,200,0.1,286474.0
0.6783118162836347,0.5666809947717757,1.1122918128967283,1.0920720100402832,1.1325116157531738,316722937856.0,2488384.0,32,0.0012,2,32,1,100,0.0,22634.0
0.7369063368865422,0.5461279182207017,1.0737770795822144,1.0414836406707764,1.1060705184936523,316550086656.0,39894848.0,64,0.01,8,8,1,100,0.1,1826.0
0.8992186813127427,0.5142011188325428,1.9029314517974851,1.9030084609985352,1.9028544425964355,569309986816.0,1224000.0,32,5e-05,4,32,4,200,0.1,73610.0
0.8383546159380958,0.5,1.6289029121398926,1.628886342048645,1.62891948223114,317212000256.0,5041056.0,32,0.5,4,16,2,400,0.0001,10602.0
0.6177499535537901,0.5251298319725763,1.264516830444336,1.111818790435791,1.4172148704528809,1780690845696.0,14722656.0,32,0.00347,4,16,4,200,0.0,19402.0
0.7825060728050414,0.4865025508971441,1.3851553201675415,1.3748202323913574,1.3954904079437256,592872734720.0,605248.0,64,0.000416,2,64,2,200,0.0,152970.0
0.9019551333926972,0.5090880117246083,1.8630170822143557,1.863412618637085,1.862621545791626,186048200704.0,102848.0,64,0.0012,4,64,4,200,0.1,286474.0
0.7506779666457858,0.5521047399157569,1.1963146328926086,1.1370621919631958,1.2555670738220217,3179913150464.0,3243264.0,64,0.0012,2,64,2,200,0.1,152970.0
0.9061622250647772,0.5,1.60760498046875,1.6088093519210815,1.6064006090164185,1000067301376.0,64463456.0,32,0.07071068,8,8,2,100,0.1,3002.0
0.8515786982717968,0.5116106222073237,1.2943249940872192,1.259770750999451,1.3288792371749878,1012656439296.0,559584.0,32,0.0012,4,64,4,200,0.0001,286474.0
0.6659842133522034,0.5301709927263714,1.1020377278327942,1.102851152420044,1.1012243032455444,100882726912.0,3023360.0,64,0.00347,2,16,1,200,0.0,6202.0
0.897908798285893,0.5136478046576182,1.2932091355323792,1.2844460010528564,1.301972270011902,179519537152.0,1444416.0,64,0.00347,4,16,4,400,0.0001,19402.0
0.9079792840140206,0.5000287124088832,1.6077694296836853,1.60827374458313,1.6072651147842407,3162319355904.0,25073600.0,64,0.07071068,2,16,4,100,0.0001,19402.0
0.9009688155991692,0.5005143313180833,1.616193413734436,1.6162352561950684,1.6161515712738037,100760125440.0,2988032.0,64,0.07071068,4,8,4,200,0.1,5354.0
0.9161249966848464,0.501138958193007,1.610504150390625,1.6119766235351562,1.6090316772460938,178958352384.0,19962752.0,64,0.5,8,8,1,400,0.1,1826.0
0.6410746872425079,0.5654419504460835,1.164894938468933,1.0748188495635986,1.2549710273742676,3214486274048.0,1741184.0,64,0.00347,4,64,4,100,0.0,286474.0
0.6842568665742874,0.5257729341586431,1.114328920841217,1.105907917022705,1.122749924659729,1016097210368.0,2152128.0,64,0.0012,4,64,1,200,0.1,86218.0
0.829283941359747,0.5,1.647769033908844,1.646867275238037,1.6486707925796509,317120512000.0,2656512.0,64,0.5,4,16,4,100,0.0,19402.0
0.7508504475866046,0.5564768144062587,1.1689603328704834,1.123387098312378,1.2145335674285889,1001402138624.0,8363200.0,32,0.000416,4,32,1,100,0.1,22634.0
0.8917057003293719,0.5149028350909551,1.9517894983291624,1.9548194408416748,1.9487595558166504,317014147072.0,2755776.0,32,5e-05,8,16,4,200,0.0001,19402.0
0.6060260158209574,0.5743820305381503,1.2422270774841309,1.130348801612854,1.3541053533554075,10000101539840.0,301485888.0,32,0.00347,2,16,1,100,0.0,6202.0
0.7681777739808673,0.5071099939800444,1.2305241227149963,1.2137343883514404,1.2473138570785522,10010817986560.0,42253376.0,64,5e-05,4,32,2,400,0.0,39626.0
0.8372937128657386,0.5147801651841118,2.0966655015945435,2.096260070800781,2.0970709323883057,207250718720.0,235712.0,64,0.000144,8,64,2,100,0.0,152970.0
0.6958090911308924,0.5910735861176536,2.3177133798599243,2.0969042778015137,2.538522481918335,10000915234816.0,79253248.0,64,0.000416,2,16,4,100,0.0001,19402.0
1.1322349962734042,0.5213930408159891,1.489794671535492,1.42548930644989,1.5541000366210938,329517957120.0,1293952.0,64,0.01,2,32,2,400,0.1,39626.0
0.9414377269290742,0.5016025006771088,1.6141268014907837,1.614041447639465,1.614212155342102,1779711606784.0,29047552.0,64,0.07071068,4,16,2,200,0.0001,10602.0
0.6739089105810437,0.5380550367491586,1.1131960153579712,1.074885368347168,1.1515066623687744,5629234118656.0,11923648.0,64,0.000416,4,64,1,200,0.0001,86218.0
0.7766053016696658,0.4905605060713632,1.210959017276764,1.1913787126541138,1.230539321899414,1789543579648.0,965120.0,64,0.000416,4,64,4,100,0.0,286474.0
0.542400951896395,0.7544734392847333,0.981737583875656,0.9588780999183656,1.0045970678329468,3162827653120.0,94150784.0,32,0.01,4,8,4,200,0.0,5354.0
0.856089574950082,0.5062608945937384,1.4749183654785156,1.4507567882537842,1.499079942703247,1785728991232.0,3656256.0,64,5e-05,2,32,4,100,0.0,73610.0
0.8052535411857423,0.4888340681791305,1.4696892499923706,1.4668183326721191,1.472560167312622,192774291456.0,1701632.0,64,0.0012,8,32,1,400,0.0001,22634.0
0.599409607904298,0.5919331496670133,0.9981693029403688,0.9904559850692748,1.0058826208114624,5624090853376.0,44235424.0,32,0.0012,2,32,1,100,0.0,22634.0
0.8660148666018531,0.4942682144187745,1.6134823560714722,1.613536715507507,1.613427996635437,569897254912.0,2286880.0,32,0.07071068,2,32,2,400,0.0001,39626.0
0.7885772458144596,0.5014298104104542,1.3050969243049622,1.2483967542648315,1.3617970943450928,3165129277440.0,24639808.0,32,0.000144,2,32,1,400,0.0001,22634.0
0.9828154785292488,0.5006953676541647,1.6293625831604004,1.631243348121643,1.6274818181991575,570756890624.0,2404544.0,64,0.07071068,4,32,2,200,0.0,39626.0
0.710084875424703,0.5119690426758358,1.1372576355934143,1.0757094621658323,1.198805809020996,5633634467840.0,23817792.0,64,0.0012,4,32,2,400,0.1,39626.0
0.6242365673893974,0.5561794525101071,1.1239556670188904,1.067417025566101,1.1804943084716797,5627266990080.0,49437440.0,64,0.000144,8,16,4,100,0.1,19402.0
0.868051773025876,0.5,1.6457844376564026,1.6484864950180054,1.6430823802947998,562606243840.0,17619296.0,32,0.5,8,8,4,200,0.0001,5354.0
0.6736615442094349,0.533916962998254,1.2057925462722778,1.155271291732788,1.2563138008117676,10012777775104.0,10220480.0,64,0.01,2,64,2,400,0.0,152970.0
0.8159569998582205,0.4792140807424273,1.5532575845718384,1.555173635482788,1.551341533660889,179009699840.0,6074464.0,32,0.000144,8,16,1,200,0.0001,6202.0
0.9773582276843844,0.4992415223802839,1.6116511821746826,1.6142141819000244,1.6090881824493408,10000855465984.0,163281920.0,64,0.07071068,4,16,2,200,0.0,10602.0
0.8224401119209471,0.5631891950255349,1.85408753156662,1.7070430517196655,2.001132011413574,10000571301888.0,40181760.0,64,0.000416,2,32,2,200,0.0,39626.0
0.8385259331691832,0.4933253711178189,1.3183495998382568,1.275611162185669,1.3610880374908447,108733644800.0,110656.0,64,0.00347,2,64,2,100,0.1,152970.0
0.7639860156036559,0.4981880202179863,1.228842318058014,1.221843957901001,1.2358406782150269,3163599667200.0,7134912.0,64,5e-05,8,64,1,100,0.0,86218.0
0.9267708829471044,0.5056238245396387,1.610861599445343,1.6136828660964966,1.6080403327941897,566211051520.0,9567168.0,64,0.07071068,8,16,2,400,0.1,10602.0
0.8561949545428866,0.5064472726413182,1.4758180975914,1.451876163482666,1.4997600317001345,1785728991232.0,3656256.0,64,5e-05,2,32,4,100,0.1,73610.0
0.7559954481465476,0.5029857137373516,1.5159072279930117,1.5116477012634275,1.5201667547225952,318192910336.0,181952.0,64,0.00347,8,64,4,100,0.0,286474.0
0.6783714386678877,0.5744326299145108,1.0956308245658877,1.0499773025512695,1.1412843465805054,10001395482624.0,21251552.0,32,0.000416,4,64,1,200,0.0001,86218.0
0.9507599302700588,0.5,1.6164023280143738,1.6176682710647583,1.6151363849639893,564851310592.0,2217920.0,64,0.5,2,32,2,400,0.1,39626.0
0.7108683288097382,0.4759099384148915,1.1661158800125122,1.161746621131897,1.1704851388931274,318463508480.0,2797632.0,64,0.01,8,32,1,400,0.0,22634.0
0.6361857837154752,0.571041586853209,1.081298828125,1.0633723735809326,1.0992252826690674,5626181189632.0,25254944.0,32,0.000144,8,32,2,200,0.0001,39626.0
0.8971003350757417,0.4871359077237901,1.6827862858772278,1.684274435043335,1.6812981367111206,184994037760.0,771584.0,64,0.000416,4,32,2,200,0.0001,39626.0
0.8002234285786038,0.4859698790879476,1.316717505455017,1.302710771560669,1.3307242393493652,646483673088.0,740480.0,32,0.0012,8,64,2,400,0.0,152970.0
0.6104360598893392,0.5425582826137543,0.9740412831306458,0.9719702005386353,0.9761123657226562,5626778877952.0,48849984.0,32,0.01,8,16,4,200,0.0001,19402.0
0.8789911809421721,0.5,1.62902170419693,1.6299433708190918,1.628100037574768,10000439181312.0,163331232.0,32,0.5,4,16,2,200,0.0,10602.0
0.751523589804059,0.5243654513642901,1.256266951560974,1.2407584190368652,1.271775484085083,3169061699584.0,6330560.0,64,5e-05,2,64,1,200,0.0001,86218.0
0.637967939887728,0.5457450761681512,1.101753652095795,1.0697513818740845,1.1337559223175049,5632314834944.0,6075552.0,32,0.0012,4,64,2,400,0.1,152970.0
0.9155662400381904,0.5,1.6074546575546265,1.6084169149398804,1.6064924001693726,3162462748672.0,185200224.0,32,0.07071068,4,8,2,200,0.0001,3002.0
0.8831023346810114,0.5071538083610081,1.654782772064209,1.6472755670547483,1.6622899770736694,327782793216.0,659424.0,32,0.000416,2,32,4,400,0.1,73610.0
0.8002839783827463,0.5,1.6557222604751587,1.655146241188049,1.656298279762268,177897996288.0,22417920.0,32,0.5,8,8,1,100,0.0001,1826.0
0.6304578177985691,0.4945332351185026,1.1302798986434937,1.0926949977874756,1.1678647994995115,5624308957184.0,98053632.0,64,5e-05,8,16,2,100,0.0,10602.0
0.7090520901339394,0.5154465075050082,1.153257131576538,1.0922467708587646,1.2142674922943115,5623428153344.0,591495040.0,32,0.07071068,4,8,1,400,0.1,1826.0
0.8175697504054933,0.4982076145353771,1.6900339126586914,1.5362236499786377,1.843844175338745,3163481440256.0,6401408.0,32,0.00347,2,32,4,400,0.1,73610.0
0.7759054799874624,0.501558902717772,1.4137187004089355,1.4079912900924685,1.4194461107254028,180439973888.0,1485376.0,32,0.000416,4,32,1,400,0.1,22634.0
0.7431190553165617,0.4919669259162176,1.1715760827064514,1.1646183729171753,1.1785337924957275,320324435968.0,1441472.0,32,0.0012,8,32,2,200,0.0,39626.0
0.6930331204618726,0.5331571762050901,1.7016491293907166,1.6483018398284912,1.754996418952942,10000447569920.0,282293056.0,32,0.01,2,8,4,200,0.1,5354.0
0.6302439740725926,0.5151210739499047,1.1658210754394531,1.026520848274231,1.3051213026046753,5635496214528.0,12099776.0,64,0.00347,4,32,4,200,0.0001,73610.0
0.8730868214652652,0.4949576230276198,1.7278878688812256,1.7304184436798096,1.7253572940826416,103581138944.0,893248.0,64,0.0012,8,16,4,200,0.0,19402.0
0.7047986459164393,0.4280299899123964,1.1419408321380615,1.1172364950180054,1.1666451692581177,1794173304832.0,7594752.0,64,0.01,4,32,2,400,0.0001,39626.0
0.9710338995570228,0.5,1.62600839138031,1.6247169971466064,1.6272997856140137,5623980752896.0,180996096.0,64,0.5,4,16,1,100,0.0001,6202.0
0.8948101458095369,0.4935393248285566,1.608889937400818,1.6098870038986206,1.6078928709030151,10008665260032.0,22485664.0,32,0.01,8,32,4,400,0.1,73610.0
0.8170668667271024,0.4899394462505976,1.3159510493278503,1.297075271606445,1.3348268270492554,1011263602688.0,1030848.0,64,0.000144,2,64,2,100,0.0001,152970.0
0.6239347677855265,0.5358837034021106,1.3095663189888,1.2565586566925049,1.3625739812850952,562544377856.0,31119456.0,32,0.01,2,8,2,200,0.1,3002.0
0.8100766255742028,0.4904002334390367,1.3973442912101746,1.3932877779006958,1.401400804519653,106327384064.0,229472.0,32,0.000416,4,64,1,100,0.0,86218.0
0.5920126182692391,0.6232269335360754,1.3137379884719849,1.1538763046264648,1.4735996723175049,3165093888000.0,25615840.0,32,0.00347,4,16,4,400,0.1,19402.0
0.7799726497559321,0.5283377347957521,1.7014630436897278,1.699823021888733,1.7031030654907229,177838505984.0,1480480.0,32,5e-05,4,32,1,100,0.0001,22634.0
0.941700694106874,0.5013614282721565,1.6112583875656128,1.6143649816513062,1.6081517934799194,566211051520.0,9567168.0,64,0.07071068,8,16,2,400,0.0,10602.0
0.8379213838350206,0.4855029064984548,1.2485459446907043,1.2368344068527222,1.2602574825286863,100625694720.0,454944.0,32,0.0012,8,32,2,100,0.1,39626.0
0.9005405186187654,0.5008998619658607,1.3522249460220337,1.2889564037322998,1.4154934883117676,101855363072.0,435200.0,64,0.00347,4,32,2,100,0.0,39626.0
0.8295130332310995,0.4744267704940977,1.8569045066833496,1.856287956237793,1.8575210571289065,320000294912.0,333888.0,64,0.000416,2,64,2,400,0.0001,152970.0
0.8951320733342852,0.4898728557995387,1.6956332921981812,1.6971515417099,1.6941150426864624,109150158848.0,425984.0,64,0.0012,2,32,2,400,0.1,39626.0
0.9248710501761664,0.5,1.617247462272644,1.617179036140442,1.6173158884048462,1778362220544.0,52911648.0,32,0.5,4,8,4,200,0.0001,5354.0
0.5803038626909256,0.775251030921936,0.9340498149394988,0.931961178779602,0.9361384510993958,10000204300288.0,155904160.0,32,0.01,2,16,2,100,0.0,10602.0
0.6855500319174358,0.4833410921550932,1.2980768084526062,1.2029337882995603,1.393219828605652,1000975499264.0,7679680.0,32,0.0012,2,16,4,400,0.0,19402.0
0.7978397075619016,0.5434438018571763,1.6643876433372498,1.614910364151001,1.7138649225234983,5623543496704.0,169608320.0,32,0.0012,2,16,1,100,0.1,6202.0
0.6131040617114022,0.6189073764142536,1.0019258856773376,0.98793363571167,1.0159181356430054,1778859114496.0,29059616.0,32,0.01,4,16,2,200,0.0,10602.0
0.8630973526409694,0.5,1.616548240184784,1.6165012121200562,1.6165952682495115,316618244096.0,18605184.0,64,0.5,4,8,2,200,0.0,3002.0
0.6507323426859719,0.4470411865484147,1.156541883945465,1.1377612352371216,1.1753225326538086,569447415808.0,4468800.0,64,0.01,2,32,1,400,0.1,22634.0
0.7263221911021641,0.5393401490790504,1.21893709897995,1.1850098371505735,1.2528643608093262,1778625675264.0,53680128.0,64,0.000416,2,16,1,100,0.0,6202.0
0.8302855661937169,0.4830640455087026,1.4831409454345703,1.4792581796646118,1.4870237112045288,187735031808.0,192192.0,64,0.0012,2,64,2,200,0.0001,152970.0
1.0143741624695914,0.4907030903157733,1.62322735786438,1.6258702278137207,1.620584487915039,3206507397120.0,1653120.0,64,0.01,2,64,4,400,0.0001,286474.0
0.5485769396736508,0.7121311681611198,0.9729254841804504,0.9432035684585572,1.0026473999023438,10003605880832.0,275230848.0,64,0.01,4,8,4,400,0.0001,5354.0
0.7901440170549211,0.5113177888450169,1.2552029490470886,1.1965988874435425,1.3138070106506348,1784524046336.0,3819616.0,32,0.000416,4,32,4,400,0.1,73610.0
0.6890570954197929,0.5255243934336162,1.1077129244804382,1.0960019826889038,1.1194238662719729,1001576726528.0,16852928.0,64,0.00347,8,16,2,400,0.1,10602.0
0.6816202728521257,0.5052626062007177,1.055208146572113,1.0439748764038086,1.0664414167404177,316387983360.0,31145728.0,64,0.01,2,8,1,400,0.1,1826.0
0.8282107767604646,0.4760936952772595,1.8306591510772705,1.8306330442428589,1.830685257911682,128190062592.0,149248.0,64,0.0012,8,64,2,200,0.0001,152970.0
0.6106458689485278,0.5635614423524766,1.0145237147808075,0.9843260645866394,1.0447213649749756,10008902238208.0,44767104.0,64,0.00347,8,32,2,200,0.1,39626.0
0.7393176023449216,0.5300138181164151,1.2405266761779783,1.233178734779358,1.2478746175765991,192560939008.0,386368.0,64,0.0012,2,64,1,200,0.1,86218.0
1.167135891460237,0.5,1.6670808792114258,1.6711114645004272,1.6630502939224243,1778859114496.0,29059616.0,32,0.5,4,16,2,200,0.0,10602.0
0.8502875481333051,0.5003330196653094,1.96983540058136,1.9698666334152224,1.9698041677474976,567929012224.0,9788672.0,64,5e-05,8,16,2,200,0.0,10602.0
0.782281083720071,0.5006689989850635,1.7568325996398926,1.754957914352417,1.7587072849273682,179433111552.0,1401216.0,64,0.000144,2,32,1,200,0.0,22634.0
0.7035563581046604,0.53559933531852,1.1592851877212524,1.1074641942977903,1.2111061811447144,5625704087552.0,47068288.0,64,0.000144,4,32,1,200,0.0001,22634.0
0.9036943855739776,0.5009279350439707,1.619092881679535,1.6191279888153076,1.6190577745437622,3214486274048.0,1741184.0,64,0.01,4,64,4,100,0.1,286474.0
0.7676880572523389,0.5407752110844567,1.4288936257362366,1.422176957130432,1.435610294342041,1785682460672.0,1846784.0,32,0.01,2,64,2,200,0.0001,152970.0
0.911981707527524,0.5121994181757882,1.870215117931366,1.870278000831604,1.870152235031128,317690871808.0,685344.0,32,5e-05,4,32,4,100,0.0,73610.0
0.754673556912513,0.5311698537497294,1.2536943554878237,1.1752500534057615,1.3321386575698853,562730434560.0,4329536.0,64,0.00347,2,16,4,400,0.0,19402.0
0.9707514870734442,0.5,1.617759644985199,1.620501160621643,1.6150181293487549,1000742453248.0,8756672.0,64,0.5,8,16,4,100,0.1,19402.0
0.7389611303806305,0.5763699483303797,1.7117891311645508,1.5538493394851685,1.869728922843933,10001493000192.0,78367360.0,64,0.000416,2,16,4,200,0.1,19402.0
0.6188307709637142,0.5582624688034966,1.0363240242004397,1.0367637872695925,1.0358842611312866,10000691888128.0,342486400.0,64,5e-05,8,16,1,100,0.1,6202.0
0.6538918493759065,0.5519893722874778,1.1043684482574463,1.0894116163253784,1.1193252801895142,3177394995200.0,14194784.0,32,0.000416,8,32,2,400,0.1,39626.0
0.6229995879388991,0.5787454417773655,1.3097463250160215,1.270801067352295,1.3486915826797483,5623821893632.0,84932288.0,64,0.000144,2,16,2,400,0.0001,10602.0
2.658884054848126,0.5142076824392591,9.968891143798828,9.934146881103516,10.00363540649414,564353368064.0,18734016.0,64,0.5,8,16,1,400,0.1,6202.0
0.9381316204865774,0.5117437988519669,1.23857444524765,1.2247220277786257,1.2524268627166748,180966834176.0,402784.0,32,0.00347,8,64,1,100,0.0,86218.0
0.7755779240812574,0.511678315344311,1.2966976165771484,1.2892298698425293,1.3041653633117676,3166392287232.0,6690624.0,64,5e-05,4,64,1,200,0.0,86218.0
0.7971525334176564,0.497281218568484,1.3650630712509155,1.3600940704345703,1.3700320720672607,1016097210368.0,2152128.0,64,0.000144,4,64,1,200,0.0001,86218.0
0.6186161254133496,0.5539645453294119,1.0645698308944702,1.005795955657959,1.1233437061309814,10006601662464.0,22648896.0,64,0.0012,8,32,4,100,0.1,73610.0
0.9016426574616204,0.5057384712355477,1.3144691586494446,1.288356900215149,1.3405814170837402,104626421760.0,852352.0,64,0.00347,4,16,4,200,0.0,19402.0
0.7783410662696475,0.5051831375984919,1.3935579657554626,1.3850480318069458,1.4020678997039795,398361198592.0,895424.0,64,0.00347,8,32,4,400,0.0001,73610.0
0.9469996577217464,0.5,1.622121036052704,1.6225264072418213,1.6217156648635864,1778353045504.0,108447296.0,32,0.5,4,8,2,100,0.0001,3002.0
0.8162486780257452,0.4740611485072544,2.0368449687957764,2.0382025241851807,2.035487413406372,101385879552.0,3459392.0,32,5e-05,8,16,1,200,0.0,6202.0
0.9099644933428084,0.5222362776597341,2.370070457458496,2.372051239013672,2.3680896759033203,194707243008.0,109696.0,64,5e-05,8,64,4,200,0.0001,286474.0
0.6454466269129798,0.585510926587241,1.0711097717285156,1.0542969703674316,1.0879225730895996,10074621739008.0,11504704.0,32,0.00347,8,64,2,400,0.0001,152970.0
0.82283582786719,0.5343916430359795,1.2390562891960144,1.1900672912597656,1.2880452871322632,1023291621376.0,4326336.0,64,0.01,4,32,2,400,0.0001,39626.0
0.9581077155612764,0.5,1.622742772102356,1.6259472370147705,1.6195383071899414,178641846272.0,3016384.0,64,0.5,8,16,2,400,0.1,10602.0
0.7523604106335413,0.4573043655781519,1.2775426506996157,1.2677017450332642,1.2873835563659668,1000742453248.0,8756672.0,64,0.000144,8,16,4,100,0.1,19402.0
0.8777747948964437,0.5103795436166582,1.8735252022743225,1.876169204711914,1.870881199836731,317580574720.0,2625792.0,32,5e-05,4,16,4,200,0.1,19402.0
0.7269239092157,0.4761718937328884,1.1545631885528564,1.1506494283676147,1.158476948738098,317014147072.0,2755776.0,32,0.0012,8,16,4,200,0.0001,19402.0
0.8687681271916344,0.5057741077173323,1.7860350012779236,1.788333296775818,1.7837367057800293,178339692544.0,1408288.0,32,5e-05,2,16,4,100,0.0,19402.0
0.9168374424888974,0.4956506618431636,1.2548466324806211,1.2040574550628662,1.3056358098983765,10000021848064.0,1059973888.0,32,0.07071068,2,8,1,200,0.1,1826.0
0.7135550393944695,0.6346093849057243,1.0798906087875366,1.054052472114563,1.1057287454605105,178297716736.0,2782048.0,32,0.01,2,16,2,100,0.0001,10602.0
0.9065112868944804,0.5,1.6204331517219543,1.6211864948272705,1.6196798086166382,3162451476480.0,398069184.0,64,0.5,8,8,1,100,0.0,1826.0
0.8547286448024568,0.4910371303558349,1.617455542087555,1.6185787916183472,1.6163322925567627,1011575291904.0,2053024.0,32,0.01,2,32,4,400,0.1,73610.0
0.8314227156695866,0.5279680987199148,1.1602826118469238,1.146206617355347,1.174358606338501,571411791872.0,2546048.0,64,0.00347,8,32,2,200,0.0001,39626.0
0.8658794931003025,0.4857151274170194,1.5940099358558657,1.5937097072601318,1.5943101644515991,321046052864.0,1364032.0,64,0.000144,4,32,2,100,0.0,39626.0
0.6523438472123373,0.5048316511369887,1.1008201837539673,1.0750945806503296,1.126545786857605,1023663865856.0,2180480.0,64,0.00347,4,32,4,200,0.0001,73610.0
0.9526370082582746,0.4979141326177688,1.6213367581367493,1.6209744215011597,1.6216990947723389,5623542972416.0,362532896.0,32,0.07071068,8,8,2,100,0.1,3002.0
0.81435598220144,0.5375220257611502,1.2827078104019165,1.1977859735488892,1.3676296472549438,5627867299840.0,5724288.0,64,0.000416,2,64,2,200,0.0001,152970.0
0.6039117248285384,0.5633905231952667,0.9960795640945436,0.9927515983581544,0.9994075298309326,5633771831296.0,12696736.0,32,0.00347,8,64,1,100,0.1,86218.0
0.7915028362047105,0.5208426195950735,1.4080256819725037,1.2934491634368896,1.5226022005081177,1781114601472.0,13987968.0,64,0.000416,2,16,4,200,0.0,19402.0
0.8963984620003473,0.510368804136912,1.608018934726715,1.6082066297531128,1.6078312397003174,100291018752.0,2951936.0,32,0.07071068,2,8,4,100,0.0,5354.0
0.5984635693686349,0.7477928258123852,1.715314269065857,1.589961290359497,1.8406672477722168,10005736587264.0,20420672.0,64,0.00347,2,32,4,100,0.1,73610.0
0.64678298220748,0.5522436336392448,1.1168975234031675,1.1094423532485962,1.1243526935577393,1000149942272.0,30160480.0,32,0.0012,2,16,1,100,0.1,6202.0
0.8373042884327117,0.4775750920886085,1.6664159297943115,1.6657310724258425,1.6671007871627808,1037806600192.0,1145984.0,64,0.000416,8,64,2,400,0.0001,152970.0
0.9123605234282356,0.5,1.6101866960525513,1.610796332359314,1.6095770597457886,5623514660864.0,174406272.0,32,0.07071068,4,8,4,100,0.0001,5354.0
0.6261793382111049,0.565523202930178,1.0599282383918762,1.0615237951278689,1.0583326816558838,3163839791104.0,107184960.0,64,0.000144,8,16,1,200,0.0001,6202.0
0.9306041030656724,0.5255384416807265,2.125874638557434,2.1292872428894043,2.122462034225464,100744757248.0,774976.0,32,5e-05,2,16,4,400,0.0001,19402.0
0.9023794673738026,0.4995852950073424,1.6104803681373596,1.6114437580108645,1.609516978263855,582073843712.0,1237376.0,64,0.5,4,32,4,200,0.1,73610.0
0.8174392254579634,0.5292796684162957,1.3961848616600037,1.3326714038848877,1.4596983194351196,572563521536.0,595968.0,32,0.00347,2,64,2,200,0.0,152970.0
0.6096844304175604,0.5542676477205186,1.0139634013175964,1.0029298067092896,1.024996995925903,5631155109888.0,46677376.0,64,0.00347,4,32,1,400,0.0001,22634.0
0.802652426418804,0.4795684935081573,1.2586733102798462,1.238948106765747,1.278398513793945,1793226178560.0,1939584.0,64,0.000144,4,64,2,100,0.1,152970.0
0.639058054912658,0.536962016707375,1.138506829738617,1.1070643663406372,1.169949293136597,5725384867840.0,3111936.0,64,0.0012,4,64,4,200,0.1,286474.0
0.8669921159744263,0.5028561488503501,1.2579993605613708,1.246498465538025,1.2695002555847168,1071714467840.0,579776.0,32,0.0012,4,64,4,400,0.0,286474.0
0.6967527823788779,0.4722146207378024,1.17795991897583,1.1686805486679075,1.1872392892837524,584127217664.0,318368.0,32,0.0012,4,64,4,100,0.1,286474.0
0.61342063333307,0.6112359421593803,1.148694932460785,1.0184296369552612,1.2789602279663086,10000011362304.0,78126144.0,64,0.01,2,32,1,400,0.0,22634.0
0.6109033893971216,0.5661293055330004,1.0357892513275146,1.036885142326355,1.0346933603286743,1778679545856.0,60194688.0,32,0.000416,8,16,1,200,0.1,6202.0
0.811222255939529,0.5364662245625541,1.280603051185608,1.2270160913467407,1.334190011024475,570756890624.0,2404544.0,64,0.0012,4,32,2,200,0.0,39626.0
0.8991096786090306,0.5004552673725855,1.6061450242996216,1.6070085763931274,1.6052814722061155,562833588224.0,32986688.0,64,0.07071068,4,8,2,200,0.0001,3002.0
0.7866564350468772,0.4868978985718318,1.3602705597877502,1.3524019718170166,1.368139147758484,3168908345344.0,3634816.0,32,0.000144,8,64,2,400,0.0001,152970.0
0.6691660143080211,0.5205595848106203,1.1215903162956238,1.1069815158843994,1.136199116706848,10026536140800.0,5757312.0,32,5e-05,8,64,4,100,0.0001,286474.0
1.05091446070444,0.5,1.6467666625976562,1.6468636989593506,1.646669626235962,1780467630080.0,8029792.0,32,0.5,8,32,2,100,0.0001,39626.0
0.9273530897640048,0.4769184007531121,1.617891550064087,1.6203731298446655,1.6154099702835083,578799337472.0,5097728.0,64,0.07071068,8,32,1,400,0.0001,22634.0
0.819921924954369,0.4806592833428156,1.710087537765503,1.712122678756714,1.708052396774292,316951494656.0,9842944.0,64,0.000144,4,16,1,400,0.0,6202.0
0.6291460366476149,0.5682964126269022,1.0944119691848757,1.0869110822677612,1.1019128561019895,100291018752.0,2951936.0,32,0.01,2,8,4,100,0.1,5354.0
0.77252040377685,0.5568495584385735,1.336026906967163,1.237583041191101,1.434470772743225,3162770767872.0,48785664.0,64,0.0012,2,16,2,200,0.0001,10602.0
0.7468514676604953,0.4770279831829525,1.1705350279808044,1.1523622274398804,1.1887078285217283,179433111552.0,1401216.0,64,0.01,2,32,1,200,0.0,22634.0
0.9809208881287348,0.5000288883845011,1.6268261075019836,1.630536437034607,1.6231157779693604,180360396800.0,1386976.0,32,0.5,2,16,4,400,0.1,19402.0
0.9038696232296172,0.5184386400949388,1.999885976314545,2.0030128955841064,1.996759057044983,320394100736.0,2623360.0,64,5e-05,4,16,4,200,0.1,19402.0
0.6654450772773652,0.5685437009448097,1.1031295657157898,1.1045546531677246,1.101704478263855,1778440732672.0,60904896.0,32,5e-05,8,16,1,100,0.1,6202.0
0.8359815648623875,0.4736214209170568,1.5778125524520874,1.5755574703216553,1.5800676345825195,1832723808256.0,1889024.0,64,0.000144,2,64,2,400,0.1,152970.0
0.8802672454289028,0.5136389618828183,2.020657777786255,2.020626306533813,2.0206892490386963,1029095489536.0,2113216.0,64,5e-05,2,32,4,400,0.0,73610.0
0.6163021297681899,0.5275327818734306,1.1944650411605835,1.1290676593780518,1.2598624229431152,5623884283904.0,91853088.0,32,5e-05,4,16,2,200,0.0001,10602.0
0.6489698709476561,0.557393661567143,1.128573298454285,1.1262816190719604,1.1308649778366089,5623812456448.0,164199232.0,64,5e-05,2,16,1,400,0.0001,6202.0
0.9619808111871992,0.4997347295284271,1.6106945276260376,1.6134268045425415,1.6079622507095337,320073859072.0,2520832.0,64,0.07071068,2,16,4,200,0.1,19402.0
1.2792110769521623,0.5110469545636859,2.471583366394043,2.470146656036377,2.473020076751709,336268591104.0,191840.0,32,0.01,8,64,4,100,0.1,286474.0
0.8427086500894456,0.5091575448002134,1.3864960074424744,1.3760850429534912,1.3969069719314575,567824220160.0,1288736.0,32,0.000416,8,32,4,200,0.0001,73610.0
0.92581387928554,0.4860238681236903,1.694793164730072,1.6949454545974731,1.694640874862671,185153929216.0,374400.0,64,0.000144,2,64,1,100,0.0001,86218.0
0.9209941256613958,0.5088390211264292,2.1254066228866577,2.1270456314086914,2.123767614364624,336268591104.0,191840.0,32,5e-05,8,64,4,100,0.1,286474.0
0.6161728629044124,0.5997652241161892,1.0526394248008728,1.0355490446090698,1.0697298049926758,10031065989120.0,11479680.0,64,0.00347,8,64,2,200,0.1,152970.0
0.5887314357927868,0.6172353015059516,1.3216103315353394,1.2117652893066406,1.431455373764038,10001832738816.0,78233248.0,32,0.0012,2,32,1,200,0.1,22634.0
0.6265921947501955,0.5589259096554348,1.0085207223892212,1.0066919326782229,1.0103495121002195,1000029552640.0,7824768.0,64,0.01,2,32,1,100,0.0,22634.0
0.8926036414645967,0.5129785651252383,1.674035906791687,1.6780129671096802,1.6700588464736938,109221519360.0,908928.0,64,0.00347,8,16,4,400,0.0001,19402.0
0.7109398962486357,0.4456289751189096,1.1654141545295715,1.1576064825057983,1.1732218265533447,10271046238208.0,5939584.0,64,0.000416,8,64,4,400,0.1,286474.0
1.4152654182343256,0.4802426255884625,2.051115393638611,2.0465002059936523,2.0557305812835693,100940963840.0,842304.0,64,0.07071068,4,32,1,200,0.0001,22634.0
0.9018653971808296,0.4876587816647121,1.671963393688202,1.6733988523483276,1.6705279350280762,103191584768.0,435968.0,32,0.000416,4,32,2,200,0.0,39626.0
0.6732220302025477,0.5425833875224704,1.1202075481414795,1.1209909915924072,1.1194241046905518,179009699840.0,6074464.0,32,0.0012,8,16,1,200,0.0001,6202.0
0.7067470628590811,0.5089139413265955,1.244601488113403,1.1844148635864258,1.3047881126403809,565842673664.0,4570656.0,32,0.00347,4,16,4,400,0.1,19402.0
1.0018859917209262,0.5609484534888041,1.582652568817139,1.4595061540603638,1.7057989835739136,3164248211456.0,24760256.0,32,0.000416,2,32,1,200,0.0001,22634.0
0.6164635654006686,0.614397413673855,1.029221534729004,1.0148409605026243,1.0436021089553833,1781379629056.0,14907648.0,64,0.00347,4,32,1,200,0.0001,22634.0
0.9210730989774067,0.5124395283914748,1.749182045459747,1.747313141822815,1.7510509490966797,337603231744.0,730112.0,32,0.000416,4,32,4,400,0.0001,73610.0
0.7241087939058032,0.4938627999453318,1.167598009109497,1.16779887676239,1.167397141456604,316422488064.0,10831040.0,32,0.000144,8,16,1,100,0.0001,6202.0
1.0017263435182118,0.5078848905506588,1.332716166973114,1.3251264095306396,1.3403059244155884,1012656439296.0,559584.0,32,0.00347,4,64,4,200,0.0001,286474.0
0.8850854692004976,0.5,1.609710514545441,1.6117734909057615,1.6076475381851196,1778314903552.0,188300416.0,64,0.5,2,8,1,200,0.0,1826.0
0.7563964667774382,0.4762494024776277,1.376575231552124,1.3758525848388672,1.3772978782653809,102502473728.0,3192000.0,64,0.0012,4,16,1,400,0.0,6202.0
0.7546680463211877,0.5280394078720183,1.1743468642234802,1.152079463005066,1.1966142654418943,102007398400.0,1653888.0,64,0.01,4,16,2,200,0.0,10602.0
0.6146754437968844,0.5568360636631647,1.030558466911316,1.0308738946914673,1.0302430391311646,564493418496.0,19088320.0,64,0.01,8,16,1,200,0.0,6202.0
0.7388054111174175,0.5260433881055742,1.4062336087226868,1.3362773656845093,1.4761898517608645,3164248211456.0,24760256.0,32,0.000144,2,32,1,200,0.1,22634.0
0.6610238410177685,0.5578300938719795,1.3432329297065737,1.121107578277588,1.565358281135559,10000439181312.0,163331232.0,32,0.000416,4,16,2,200,0.0001,10602.0
0.8347226069087074,0.4996666212876637,2.038726091384888,2.0377449989318848,2.03970718383789,189078667264.0,194368.0,64,0.000416,2,64,2,400,0.0001,152970.0
1.7333446542421975,0.5409832412288302,1.5553312301635742,1.567331314086914,1.5433311462402344,186063159296.0,396352.0,32,0.01,4,64,1,200,0.0,86218.0
0.8894210514568147,0.5,1.6127570867538452,1.612587809562683,1.612926363945007,3162388561920.0,26427904.0,64,0.5,4,16,4,100,0.1,19402.0
0.782063589209602,0.5195504803033102,1.2403113842010498,1.2306126356124878,1.2500101327896118,316760522752.0,2808800.0,32,0.000144,8,32,1,100,0.1,22634.0
0.9473536411921184,0.4968740102790651,1.6191566586494446,1.619418025016785,1.6188952922821045,5632576978944.0,11468864.0,64,0.01,2,32,4,200,0.0,73610.0
0.8230002919832865,0.5160645899318513,2.163138270378113,2.1628119945526123,2.1634645462036133,192774291456.0,1701632.0,64,0.000144,8,32,1,400,0.0,22634.0
0.9007468876384552,0.4962949766999199,1.6076552271842957,1.6087439060211182,1.6065665483474731,10001193107456.0,77896640.0,32,0.07071068,2,32,1,400,0.0,22634.0
0.6871934334437052,0.5107420753865015,1.1843186020851135,1.141129493713379,1.227507710456848,10002633850880.0,82828448.0,32,5e-05,4,32,1,400,0.0001,22634.0
0.9671198888903572,0.6786379473549979,1.4142420887947085,1.3443934917449951,1.4840906858444214,10000008216576.0,154143360.0,64,0.00347,2,16,2,200,0.0001,10602.0
0.6483626457906905,0.5600696220284417,1.084900140762329,1.083242654800415,1.0865576267242432,100316364800.0,1662272.0,32,0.00347,4,16,2,100,0.0001,10602.0
0.5873413937432426,0.5857368083227248,1.0709158182144165,1.030053734779358,1.111777901649475,562474254336.0,16746112.0,32,0.01,4,8,4,200,0.0,5354.0
0.7513581251814252,0.4664616144838787,1.1859686970710754,1.177935004234314,1.194002389907837,1012351959040.0,8559040.0,64,0.0012,8,16,4,400,0.1,19402.0
0.9256494641304016,0.5,1.6067865490913391,1.6085543632507324,1.6050187349319458,5623586488320.0,162829376.0,32,0.07071068,8,8,4,400,0.0,5354.0
0.9526227386224836,0.5337612905672618,1.243369698524475,1.1231471300125122,1.363592267036438,316293185536.0,37269472.0,32,0.01,4,8,1,100,0.1,1826.0
0.7839032695406959,0.4955162476925623,1.254587173461914,1.2330446243286133,1.2761297225952148,1778364841984.0,7537088.0,64,0.000144,4,32,2,200,0.0,39626.0
0.6483191322712671,0.5537602709872382,1.1069987416267395,1.106339693069458,1.107657790184021,3162470612992.0,94558976.0,64,5e-05,2,16,1,200,0.1,6202.0
0.8680707045963832,0.5087381672291529,2.15450918674469,2.155362844467163,2.153655529022217,108815384576.0,246208.0,64,0.000144,8,32,4,200,0.0,73610.0
0.7586828576666969,0.536838520140875,1.156136333942413,1.117100477218628,1.1951721906661987,1000121565184.0,8388992.0,64,0.000416,4,32,1,100,0.0,22634.0
0.6383778076796305,0.521239045120421,1.0883067846298218,1.0688849687576294,1.1077286005020142,10021918212096.0,22651456.0,64,0.01,8,32,4,200,0.0,73610.0
2.886603078671864,0.5015034760747638,39.36629104614258,39.56055068969727,39.17203140258789,179519537152.0,1444416.0,64,0.5,4,16,4,400,0.0,19402.0
0.854109213465736,0.5033717574108214,1.656830012798309,1.654126524925232,1.6595335006713867,618072571904.0,320064.0,64,0.000416,2,64,4,200,0.1,286474.0
0.66010815401872,0.5979047587939671,1.037623405456543,1.010693907737732,1.064552903175354,10005628583936.0,22521280.0,32,0.0012,8,64,1,200,0.1,86218.0
0.9650926107452028,0.5,1.6156357526779177,1.6180192232131958,1.6132522821426392,566295199744.0,4403520.0,32,0.5,2,32,1,400,0.0,22634.0
0.6277960375660941,0.5178072182905107,1.0453343987464905,1.0350382328033447,1.0556305646896362,1000342552576.0,17223424.0,64,0.01,8,16,2,200,0.0001,10602.0
0.6319258631694884,0.4783878851504552,1.0955249667167664,1.0970239639282229,1.09402596950531,1778358026240.0,188485312.0,32,0.07071068,2,8,1,200,0.1,1826.0
0.7778640786806742,0.5120825909432911,1.2780444622039795,1.2235087156295776,1.3325802087783811,103191584768.0,435968.0,32,0.00347,4,32,2,200,0.1,39626.0
0.7803784601745152,0.446431658807255,1.183716356754303,1.1697312593460083,1.1977014541625977,1836835274752.0,1007616.0,64,0.0012,4,64,4,200,0.1,286474.0
0.8679348570959908,0.5101639280716578,2.450291395187378,2.4480581283569336,2.4525246620178223,101083742208.0,112576.0,64,0.000144,8,64,2,400,0.0,152970.0
0.9117240536780584,0.5,1.622877061367035,1.625514268875122,1.6202398538589478,10000264069120.0,1133927680.0,64,0.5,4,8,1,200,0.0001,1826.0
0.805452660435722,0.5284989171084904,1.5374184846878052,1.3549822568893433,1.719854712486267,569654575104.0,1162880.0,64,0.00347,2,32,4,100,0.0,73610.0
0.923900218237014,0.4832652927864165,1.856662929058075,1.8573180437088013,1.8560078144073489,112119840768.0,243040.0,32,0.000416,4,64,1,400,0.1,86218.0
0.876268188158671,0.5097676692974,2.181687355041504,2.1825342178344727,2.180840492248535,101399019520.0,225024.0,64,5e-05,8,32,4,100,0.0,73610.0
0.6117721810227349,0.5200592946438563,0.9891287982463836,0.9902124404907228,0.9880451560020448,5625704087552.0,47068288.0,64,0.01,4,32,1,200,0.0,22634.0
0.6375959515571594,0.5504269074826014,1.162447452545166,1.1027380228042605,1.2221568822860718,1778859114496.0,29059616.0,32,0.000416,4,16,2,200,0.0001,10602.0
0.9166180917194912,0.4999301036198934,1.6140983700752258,1.6140217781066897,1.6141749620437622,100123566080.0,11360896.0,32,0.5,4,8,1,200,0.0001,1826.0
0.7359374506132943,0.6036019013041541,1.8535099029541016,1.626215934753418,2.080803871154785,10001493000192.0,78367360.0,64,0.000416,2,16,4,200,0.0,19402.0
0.9418179172845114,0.5132452909435544,1.4502055644989014,1.35032057762146,1.5500905513763428,100307025920.0,401184.0,32,0.0012,2,32,2,100,0.0,39626.0
0.9151832801955088,0.5,1.609239637851715,1.6100252866744995,1.6084539890289309,3163275395072.0,25098560.0,32,0.07071068,2,16,4,100,0.0001,19402.0
0.9728477682386126,0.5,1.6379331946372986,1.6398013830184937,1.6360650062561035,1000031846400.0,2253888.0,64,0.5,8,32,4,100,0.0,73610.0
0.6617170416173481,0.4886226682435898,1.1475722193717957,1.0970462560653689,1.1980981826782229,3169890074624.0,1738560.0,32,0.0012,4,64,4,200,0.1,286474.0
0.8421175678571066,0.4996952088106246,2.022137999534607,2.0218660831451416,2.0224099159240723,180352155648.0,3052736.0,32,0.000144,8,16,2,400,0.0001,10602.0
0.917870058899834,0.5002944994540441,1.62657231092453,1.6272095441818235,1.6259350776672363,100400136192.0,830240.0,32,0.07071068,4,16,4,200,0.0,19402.0
5.628174140339806,0.5099173060485295,13.350031852722168,13.328821182250977,13.37124252319336,197723160576.0,412608.0,64,0.07071068,2,32,4,400,0.0001,73610.0
0.7348051354998634,0.455030966372717,1.1891932487487793,1.18147873878479,1.1969077587127686,1000651816960.0,16510592.0,32,5e-05,4,16,2,100,0.1,10602.0
0.6231102099021276,0.5320658634106318,1.0975576639175415,1.034416437149048,1.1606988906860352,5624576344064.0,178935040.0,64,0.0012,4,16,1,200,0.1,6202.0
0.6044534757023766,0.6102193324338823,1.3644423484802246,1.242772340774536,1.486112356185913,3164041904128.0,24765120.0,64,0.00347,2,32,1,400,0.0001,22634.0
0.9131288897423516,0.4882900757449014,1.611399531364441,1.612033128738403,1.6107659339904783,317303095296.0,10871360.0,64,0.07071068,8,16,1,100,0.0001,6202.0
0.6279097114290509,0.5491708474499839,1.003951132297516,1.002857685089111,1.0050445795059204,3162815332352.0,100549376.0,64,0.000416,4,16,1,200,0.0001,6202.0
0.6375498388494764,0.6099620333739689,1.022234559059143,1.0053050518035889,1.0391640663146973,10005628583936.0,22521280.0,32,0.0012,8,64,1,200,0.0001,86218.0
0.7013870527346929,0.5390566771938687,1.1938899755477903,1.1723865270614624,1.2153934240341189,5633337720832.0,3064992.0,32,5e-05,4,64,4,100,0.0001,286474.0
12.09232271285284,0.5045476811272758,97.17746353149414,97.150634765625,97.20429229736328,107570167808.0,847808.0,64,0.5,2,32,1,400,0.1,22634.0
0.9620170479729062,0.5,1.6141746044158936,1.617608666419983,1.6107405424118042,320073859072.0,2520832.0,64,0.5,2,16,4,200,0.0,19402.0
0.94480923527763,0.5,1.6156389117240906,1.618987202644348,1.612290620803833,10000472735744.0,87871680.0,32,0.5,8,32,1,400,0.0001,22634.0
0.8611496076697395,0.4895750532547633,1.4352177381515503,1.4318044185638428,1.4386310577392578,186063159296.0,396352.0,32,0.000416,4,64,1,200,0.0,86218.0
0.8938235697292146,0.5,1.6097420454025269,1.6099826097488403,1.6095014810562134,10000214786048.0,297815936.0,32,0.07071068,4,8,4,200,0.0001,5354.0
0.8857901919455755,0.5,1.6346639394760132,1.6347137689590454,1.634614109992981,3162531692544.0,49252032.0,64,0.5,2,16,2,100,0.0,10602.0
0.9141469200452168,0.5142339460906529,2.271519541740417,2.2730891704559326,2.2699499130249023,367430139904.0,202944.0,64,0.000144,4,64,4,400,0.0,286474.0
0.9379816197213672,0.5062356875056312,1.6052823066711426,1.6070011854171753,1.60356342792511,3162833682432.0,185271104.0,64,0.07071068,4,8,2,200,0.0001,3002.0
0.6375972706647146,0.5351417632330031,1.1088660955429075,1.0903304815292358,1.1274017095565796,1789863788544.0,1825280.0,64,0.00347,2,64,2,100,0.0,152970.0
0.7863378801516124,0.5271802594264349,1.2026293873786926,1.178192377090454,1.2270663976669312,100316364800.0,1662272.0,32,0.0012,4,16,2,100,0.1,10602.0
0.8528243828387487,0.4914708449727013,1.2743242383003237,1.2597973346710205,1.2888511419296265,186894385152.0,835680.0,32,0.0012,8,32,2,200,0.0001,39626.0
0.6229040750435421,0.6158468645243418,1.803899109363556,1.659198760986328,1.948599457740784,5626038059008.0,43163648.0,32,0.0012,2,16,4,400,0.0,19402.0
0.6686875131868181,0.5523785806837536,1.0961530208587646,1.0973063707351685,1.0949996709823608,180038565888.0,6087872.0,64,0.00347,8,16,1,200,0.0001,6202.0
0.6543957569769451,0.5336756791387286,1.0981731414794922,1.0890871286392212,1.1072591543197632,179190235136.0,3104000.0,32,0.01,8,16,2,200,0.0,10602.0
0.6382001588741938,0.5430756104843957,1.0652561783790588,1.0671638250350952,1.0633485317230225,564493418496.0,19088320.0,64,0.0012,8,16,1,200,0.1,6202.0
0.7776134915295101,0.4775125015349615,1.2208740711212158,1.2039591073989868,1.2377890348434448,3175344766976.0,3417344.0,64,0.000416,4,64,2,400,0.0001,152970.0
0.5998907763333547,0.5834987858931223,0.9728287756443024,0.9710276126861572,0.9746299386024476,5624088756224.0,46984896.0,64,0.00347,4,32,1,100,0.0,22634.0
0.9020263779731024,0.5,1.611466407775879,1.6141992807388306,1.6087335348129272,3163612250112.0,47775424.0,64,0.5,2,16,2,400,0.1,10602.0
0.685557002112979,0.4955314681643531,1.0797153115272522,1.0796054601669312,1.0798251628875732,316550086656.0,39894848.0,64,0.07071068,8,8,1,100,0.0001,1826.0
0.622698711497443,0.5883023341496786,1.1739441752433777,1.1406105756759644,1.207277774810791,178286002176.0,9127072.0,32,0.01,2,8,2,400,0.1,3002.0
1.1355019836198716,0.4833965847889582,1.394930064678192,1.370274782180786,1.419585347175598,108100059136.0,466112.0,32,0.01,8,32,2,400,0.0001,39626.0
0.8952636264619374,0.5454048358258747,1.608426809310913,1.6089837551116943,1.6078698635101318,10003092078592.0,10239808.0,32,0.01,2,64,2,100,0.0,152970.0
0.8648473336583092,0.4754734890801566,1.6212725043296814,1.6211411952972412,1.6214038133621216,3176823521280.0,3419904.0,32,0.01,4,64,2,200,0.0,152970.0
0.8610428940682184,0.5005005484535581,1.771174132823944,1.771154761314392,1.771193504333496,178005262336.0,2936416.0,32,5e-05,4,16,2,100,0.0,10602.0
0.6631431905996232,0.5227245234307789,1.0806124210357666,1.081054925918579,1.080169916152954,316722937856.0,2488384.0,32,0.01,2,32,1,100,0.0,22634.0
0.9403121556554522,0.4826931272234235,1.6448733806610107,1.6432576179504397,1.646489143371582,318060298240.0,2644096.0,32,0.07071068,4,32,1,200,0.0001,22634.0
0.8677584273474557,0.5239678805782682,1.266415774822235,1.2463151216506958,1.2865164279937744,5756507652096.0,3326400.0,64,0.00347,8,64,4,400,0.0001,286474.0
0.7719806248233432,0.5404029375030881,1.2244401574134829,1.1887538433074951,1.2601264715194702,3163728379904.0,3241280.0,32,0.000144,2,64,2,100,0.0,152970.0
0.8224661293483916,0.5158373025201616,1.1699623465538025,1.1735763549804688,1.1663483381271362,1016097210368.0,2152128.0,64,0.01,4,64,1,200,0.0,86218.0
0.5961799146164031,0.6508611696107047,1.1721941828727722,1.0622732639312744,1.28211510181427,5626632077312.0,45570240.0,64,0.00347,4,16,4,400,0.0001,19402.0
0.7400275660412652,0.5320766624950227,1.1963382363319397,1.151283860206604,1.2413926124572754,1018610450432.0,2189984.0,32,0.00347,4,32,4,400,0.1,73610.0
0.8928866045815604,0.5079325238863627,1.6424064636230469,1.6342703104019165,1.6505426168441772,564548468736.0,1156960.0,32,5e-05,2,32,4,100,0.0001,73610.0
0.6769135565984816,0.4935880324670246,1.175533890724182,1.1489663124084473,1.202101469039917,1001751642112.0,16519296.0,64,0.000144,4,16,2,100,0.0001,10602.0
0.8738540042014349,0.5009056230386099,1.7042211890220642,1.7040013074874878,1.7044410705566406,317182345216.0,4941824.0,64,5e-05,2,16,2,100,0.0001,10602.0
0.8810011914798191,0.485763376667386,1.6987857222557068,1.6967614889144895,1.7008099555969238,1009277861888.0,1089088.0,64,0.01,4,64,2,400,0.1,152970.0
0.6324474549009687,0.5637172148341224,1.0715711116790771,1.0585356950759888,1.0846065282821655,10002451398656.0,22531808.0,32,5e-05,8,64,1,100,0.1,86218.0
0.803106739407494,0.4735706051190694,1.3464767336845398,1.3313225507736206,1.361630916595459,1783019077632.0,1819488.0,32,0.000144,2,64,2,400,0.1,152970.0
0.7088663180669149,0.4877090823082697,1.1209670305252075,1.112223982810974,1.129710078239441,1009276944384.0,8891456.0,64,0.000416,8,32,1,200,0.1,22634.0
0.6201009516205106,0.6268084148565928,1.0062565803527832,1.0046842098236084,1.007828950881958,1779102121984.0,13929856.0,64,0.01,2,32,1,100,0.0001,22634.0
12.139529001145135,0.5000047641141074,203.98497009277344,204.7737579345703,203.19618225097656,187311570944.0,837504.0,64,0.5,8,32,2,200,0.0,39626.0
0.6123156306289491,0.6105574667453766,1.0794846415519714,1.02427077293396,1.134698510169983,10000147677184.0,172320128.0,32,0.000144,8,16,2,200,0.0,10602.0
0.6806904879354295,0.5160502507573083,1.4574337601661682,1.3984655141830444,1.516402006149292,10000320692224.0,78319296.0,64,0.000144,2,32,1,200,0.1,22634.0
0.6038421321482885,0.7208996514479319,0.9999096989631652,0.993295669555664,1.0065237283706665,3165580951552.0,54614208.0,64,0.01,8,16,2,200,0.0,10602.0
0.5833027078991845,0.6164525051911672,0.984573245048523,0.9817608594894408,0.987385630607605,3165133471744.0,26386016.0,32,0.00347,4,32,1,200,0.0,22634.0
0.8832478551637559,0.5,1.6227073073387146,1.6251578330993652,1.620256781578064,316303704064.0,35457152.0,32,0.5,8,8,1,400,0.0,1826.0
0.7185023966289702,0.5713455577691396,1.0394959449768066,1.029592752456665,1.0493991374969482,3162748747776.0,95382464.0,64,0.01,2,16,1,100,0.0,6202.0
0.892411816687811,0.5,1.610631823539734,1.6125746965408323,1.6086889505386353,178095357952.0,9117696.0,64,0.5,2,8,2,400,0.0001,3002.0
0.9250484733354478,0.486592805811337,1.7358513474464417,1.7367281913757324,1.7349745035171509,316248719360.0,680256.0,32,5e-05,4,64,1,100,0.1,86218.0
0.8311577978588286,0.5129319855145046,1.644379198551178,1.64300274848938,1.645755648612976,1807143010304.0,1039584.0,32,5e-05,8,64,4,100,0.0001,286474.0
0.8631465576943897,0.5096373167775926,2.1183615922927856,2.1184983253479004,2.118224859237671,197723160576.0,412608.0,64,0.000144,2,32,4,400,0.0001,73610.0
0.5894905059110551,0.6862350759052095,0.972632110118866,0.9543795585632324,0.9908846616744996,5623514660864.0,174406272.0,32,0.01,4,8,4,100,0.0,5354.0
0.6260522603988647,0.5476408714339847,1.063645839691162,1.0642073154449463,1.063084363937378,316552609792.0,10126208.0,32,0.0012,4,16,1,200,0.0001,6202.0
0.6153811485994429,0.5792773039568038,1.0212151408195496,1.0061280727386477,1.0363022089004517,5633634467840.0,23817792.0,64,0.01,4,32,2,400,0.0001,39626.0
0.7789868584700993,0.5038333861600786,1.1990970969200134,1.1920912265777588,1.206102967262268,571123499008.0,1285952.0,64,0.000416,8,64,1,100,0.0,86218.0
0.961544170266106,0.4998740788017,1.5622662901878357,1.5617897510528564,1.562742829322815,326372982784.0,187808.0,32,0.00347,8,64,4,200,0.0,286474.0
0.8966575548762367,0.5239328429812476,1.6982068419456482,1.7006847858428955,1.6957288980484009,340592852992.0,176640.0,32,0.01,2,64,4,200,0.0001,286474.0
0.7772823785032544,0.501400066273553,1.3554945588111875,1.3497989177703855,1.3611901998519895,5677652115456.0,3208064.0,32,0.000144,8,64,4,400,0.1,286474.0
0.8681745983305431,0.5014308364618392,1.8018820881843567,1.8023455142974851,1.801418662071228,178848923648.0,3130880.0,64,0.000144,8,16,2,100,0.1,10602.0
0.7495238099779401,0.5264554669459661,1.1875076293945312,1.18658185005188,1.1884334087371826,100337074176.0,3197952.0,64,0.0012,4,16,1,200,0.1,6202.0
0.99016539255778,0.4999781449635823,1.6142159700393677,1.6163251399993896,1.6121068000793457,10001927110656.0,151059616.0,32,0.5,2,16,2,400,0.1,10602.0
0.8627942289624896,0.4774457074346996,1.7111344933509829,1.7113831043243408,1.7108858823776243,328804630528.0,356416.0,64,0.000416,4,64,2,200,0.0,152970.0
0.8780555129051208,0.5142031602916264,1.998926877975464,1.998691439628601,1.9991623163223269,101449588736.0,207104.0,64,0.000144,2,32,4,100,0.0001,73610.0
0.7172731366895494,0.5480732328834987,1.1132779717445374,1.105870485305786,1.1206854581832886,568617074688.0,1201856.0,64,0.0012,4,64,1,100,0.0001,86218.0
0.6152308661313284,0.6223495801289877,1.0365590453147888,1.013500690460205,1.0596174001693726,3166506844160.0,6719456.0,32,0.00347,4,64,1,200,0.0001,86218.0
0.8569091728755406,0.4997783104578654,1.6221557259559631,1.6209834814071655,1.6233279705047607,3171821813760.0,6454656.0,64,0.07071068,2,32,4,200,0.1,73610.0
0.8747282269455138,0.4943988365786416,1.3884615302085876,1.3267956972122192,1.450127363204956,105713549312.0,226400.0,32,0.00347,4,32,4,200,0.0001,73610.0
0.9211857205345516,0.4997793393475668,1.6105455160140991,1.6111050844192505,1.6099859476089478,5630299996160.0,23893824.0,64,0.07071068,4,32,2,200,0.1,39626.0
0.6180814795550846,0.5628444744007928,1.2241466641426086,1.1385172605514526,1.3097760677337646,1002556882944.0,8290560.0,32,0.0012,4,16,4,200,0.0,19402.0
0.6361068033036732,0.4623481929302215,1.1435003876686096,1.1213606595993042,1.165640115737915,177838505984.0,1480480.0,32,0.00347,4,32,1,100,0.0001,22634.0
0.9094789851279486,0.5,1.6112956404685974,1.6112242937088013,1.6113669872283936,10000709713920.0,83622624.0,32,0.07071068,4,16,4,100,0.0,19402.0
0.6220089544852575,0.5157124187265124,1.057206153869629,1.057395577430725,1.0570167303085327,100882726912.0,3023360.0,64,0.01,2,16,1,200,0.1,6202.0
0.9656426509221396,0.5,1.614877164363861,1.6159005165100098,1.6138538122177124,10000008216576.0,154143360.0,64,0.07071068,2,16,2,200,0.1,10602.0
0.6145700237580708,0.5382223356337774,0.9823612868785858,0.979112446308136,0.9856101274490356,10001841127424.0,87951936.0,64,0.01,8,16,4,100,0.0,19402.0
0.831279939129239,0.4963019163835616,1.465160310268402,1.463720440864563,1.4666001796722412,1001502015488.0,17495936.0,64,5e-05,8,16,2,100,0.0,10602.0
0.8610576760201227,0.5114623322373345,2.389725923538208,2.387568235397339,2.391883611679077,125153845248.0,127744.0,64,0.000144,2,64,2,400,0.0,152970.0
0.8883361248742967,0.506604077560561,1.64500093460083,1.6402324438095093,1.6497694253921509,101399019520.0,225024.0,64,0.0012,8,32,4,100,0.1,73610.0
0.6253802719570342,0.5650401243141719,1.0992168188095093,1.064809799194336,1.1336238384246826,10004996292608.0,42477504.0,64,0.000144,4,32,2,200,0.0,39626.0
0.8434860536030361,0.5056440191609519,1.6368409991264343,1.6331437826156616,1.640538215637207,3206507397120.0,1653120.0,64,0.000144,2,64,4,400,0.0,286474.0
0.9231918028422764,0.5146634408405849,2.2810633182525635,2.2821929454803467,2.2799336910247803,235036966912.0,116544.0,64,0.000144,2,64,4,400,0.0001,286474.0
0.6411431296950295,0.5545729271003178,1.0654913187026978,1.064911723136902,1.0660709142684937,100209016832.0,3197408.0,32,0.01,4,16,1,200,0.0,6202.0
0.6133463829755783,0.588634980576379,1.0268778204917908,1.0181570053100586,1.035598635673523,10009666650112.0,22410816.0,64,0.00347,8,64,1,400,0.0,86218.0
0.6439063215539569,0.5595243771870931,1.1277731657028198,1.0967953205108645,1.1587510108947754,3174351503360.0,3432832.0,64,0.00347,4,64,2,100,0.1,152970.0
0.6430180235987618,0.5970240788800376,1.0962689518928528,1.044461727142334,1.1480761766433716,10004231880704.0,10811296.0,32,0.000416,4,64,2,200,0.0,152970.0
0.7044185279380708,0.5284966854822069,1.3400561213493347,1.2554652690887451,1.4246469736099243,562667520000.0,4433856.0,64,0.01,2,16,4,200,0.0001,19402.0
0.8946068286895752,0.5,1.6090553998947144,1.609848976135254,1.6082618236541748,100068687872.0,6436192.0,32,0.5,8,8,2,100,0.1,3002.0
0.8710659941037496,0.5004823591027941,1.6288607716560364,1.6287612915039062,1.6289602518081665,316573712384.0,10739008.0,32,0.5,8,16,1,200,0.1,6202.0
0.9169292478334335,0.4870215767905825,1.604768991470337,1.6064226627349854,1.6031153202056885,1779242500096.0,58925760.0,64,0.07071068,8,16,1,400,0.0,6202.0
0.840996923900786,0.5,1.6243178248405457,1.625317931175232,1.6233177185058594,178119507968.0,2910016.0,32,0.5,4,16,2,200,0.0,10602.0
0.9948825438817342,0.4906492630640666,1.6182302832603457,1.6193833351135254,1.6170772314071655,100364058624.0,11232512.0,64,0.5,8,8,1,400,0.1,1826.0
0.6998222420612971,0.5338734970206306,1.1764301657676697,1.1753849983215332,1.1774753332138062,316237086720.0,9553600.0,64,0.000144,2,16,1,100,0.1,6202.0
0.7021964057570412,0.54131038132168,1.080550491809845,1.0430924892425537,1.1180084943771362,3165133471744.0,26386016.0,32,0.000416,4,32,1,200,0.0001,22634.0
0.9863621734437488,0.4870988705328533,2.186569929122925,2.187796831130981,2.185343027114868,179170508800.0,811264.0,64,5e-05,8,32,2,100,0.1,39626.0
0.6175283207779839,0.5500291997478122,1.095231592655182,1.071601629257202,1.1188615560531616,1780976844800.0,28419264.0,32,0.000416,4,16,2,400,0.0,10602.0
0.7654518038034439,0.432504497823261,1.222036063671112,1.165241003036499,1.278831124305725,319740215296.0,4803776.0,64,0.01,2,16,2,400,0.0001,10602.0
0.6935379987671262,0.544336526166825,1.115680694580078,1.0827128887176514,1.1486485004425049,10013264314368.0,10836096.0,64,0.000144,4,64,2,100,0.1,152970.0
0.5823517413366408,0.6183318140960875,0.9723835587501526,0.9702328443527222,0.974534273147583,3163839791104.0,107184960.0,64,0.01,8,16,1,200,0.0,6202.0
0.8929629723230997,0.5,1.615138053894043,1.6163352727890017,1.6139408349990845,100308877312.0,9874560.0,64,0.5,2,8,1,400,0.0001,1826.0
0.6139066964387894,0.533039560630208,1.002510279417038,0.9900348782539368,1.0149856805801392,5624077221888.0,190309984.0,32,0.0012,8,16,1,200,0.1,6202.0
0.607295138495309,0.5778448908101945,0.9838058352470398,0.9729955196380616,0.994616150856018,3162795147264.0,106978944.0,32,0.00347,8,16,1,200,0.0001,6202.0
0.7613793937932878,0.5149798371962139,1.363290786743164,1.3544576168060305,1.372123956680298,10014324424704.0,5461824.0,64,5e-05,4,64,4,200,0.1,286474.0
0.9375234416552952,0.4852775363695054,1.797863781452179,1.7989284992218018,1.7967990636825562,181701279744.0,384448.0,64,0.000144,4,64,1,100,0.1,86218.0
0.6290756534962427,0.5457955542064848,1.0239028930664062,1.023537516593933,1.0242682695388794,5623567089664.0,180926880.0,32,5e-05,4,16,1,100,0.0,6202.0
0.6067951506092435,0.6116541255088079,1.0240512192249298,0.9955442547798156,1.052558183670044,10003835518976.0,88411776.0,64,0.0012,8,32,1,200,0.0001,22634.0
0.9767435647192456,0.5,1.6185344457626345,1.6208728551864624,1.6161960363388062,10000214786048.0,297815936.0,32,0.5,4,8,4,200,0.0001,5354.0
0.9175365056310382,0.5,1.6435158252716064,1.6414082050323486,1.6456234455108645,5623427104768.0,662902720.0,32,0.5,4,8,1,100,0.0,1826.0
0.6954882116544814,0.5072468448252905,1.1761303544044497,1.1190637350082395,1.2331969738006592,1000402124800.0,105212672.0,32,0.07071068,4,8,1,400,0.1,1826.0
0.9938545936629886,0.4870107954456693,2.2449381351470947,2.245677947998047,2.2441983222961426,106443694080.0,480704.0,64,5e-05,8,32,2,100,0.0001,39626.0
0.6162776052951813,0.5911709935892195,1.210684359073639,1.069999933242798,1.35136878490448,5623664082944.0,92782528.0,64,0.0012,4,16,2,100,0.0,10602.0
0.6533425407750266,0.5307562620866866,1.0574361681938171,1.0571166276931765,1.057755708694458,5629234118656.0,11923648.0,64,0.01,4,64,1,200,0.0,86218.0
0.6451080370517004,0.5331858836469197,1.0416176915168762,1.0366188287734983,1.046616554260254,1000121565184.0,8388992.0,64,0.00347,4,32,1,100,0.0,22634.0
0.9389727115631104,0.4854041224434262,2.0711870193481445,2.0716001987457275,2.070773839950561,195956916224.0,402944.0,64,0.000144,2,64,1,400,0.1,86218.0
0.6397922557024729,0.610810671533857,1.0391618013381958,1.0062347650527954,1.0720888376235962,10004105003008.0,87822080.0,64,0.0012,8,32,1,400,0.0001,22634.0
0.717579491081692,0.5173341333866119,1.154089331626892,1.1318827867507937,1.1762958765029907,178305728512.0,1402208.0,32,0.0012,2,32,1,100,0.0001,22634.0
0.8990256786346436,0.5,1.606553077697754,1.6075197458267212,1.6055864095687866,10004996292608.0,42477504.0,64,0.07071068,4,32,2,200,0.0,39626.0
0.8241013579425358,0.5309360225995382,1.462807834148407,1.347947120666504,1.57766854763031,5626038059008.0,43163648.0,32,0.000144,2,16,4,400,0.1,19402.0
0.9830630960918608,0.5,1.6795559525489807,1.6857867240905762,1.6733251810073853,5625940541440.0,46484800.0,32,0.5,4,16,4,200,0.1,19402.0
0.9193848371505736,0.5013852942557562,1.7350841760635376,1.7332565784454346,1.7369117736816406,105236561920.0,220160.0,64,0.0012,4,32,4,200,0.0001,73610.0
0.8976105678649176,0.5152097720475424,1.9172425866127012,1.9182206392288208,1.916264533996582,568584699904.0,1292864.0,64,0.000144,8,32,4,200,0.0,73610.0
0.9539661407470704,0.4818432785215832,1.9294690489768984,1.930800437927246,1.9281376600265503,183094165504.0,411200.0,64,0.000144,8,64,1,100,0.0001,86218.0
0.8493012211152485,0.5522860203470502,1.1578667163848877,1.126420497894287,1.1893129348754885,1782100000768.0,13978560.0,64,0.0012,2,32,1,400,0.0001,22634.0
0.930570934500013,0.5,1.6213690638542175,1.6250770092010498,1.6176611185073853,1788089729024.0,4003296.0,32,0.5,8,32,4,400,0.0,73610.0
0.6584799041350683,0.5307500092756181,1.1513711810112,1.113348126411438,1.189394235610962,10110363500544.0,5507840.0,64,0.0012,4,64,4,400,0.1,286474.0
0.8795479394140697,0.510768860578537,2.09482741355896,2.0954651832580566,2.0941896438598637,102934167552.0,220192.0,32,5e-05,4,32,4,100,0.1,73610.0
0.6776088625192642,0.4929046857924688,1.1005449891090393,1.1025445461273191,1.0985454320907593,101205917696.0,3135808.0,32,0.01,4,16,1,400,0.0001,6202.0
0.7361399063042232,0.5532066098281315,1.1769155263900757,1.15274977684021,1.2010812759399414,1782380625920.0,7567168.0,64,0.000144,4,32,2,100,0.1,39626.0
0.7294442398207528,0.532540466104235,1.1972568035125732,1.1503926515579224,1.244120955467224,100526080000.0,1550496.0,32,0.00347,2,16,2,200,0.1,10602.0
0.6597697053636823,0.4923578784579322,1.0834617614746094,1.0815420150756836,1.0853815078735352,1003314348032.0,2018560.0,64,0.01,2,64,1,100,0.0,86218.0
0.9168467606816972,0.5,1.6166567206382751,1.6177870035171509,1.6155264377593994,1779843596288.0,14107648.0,64,0.5,2,16,4,100,0.0001,19402.0
0.901900663262322,0.5095657394045875,1.6145127415657043,1.6154215335845947,1.613603949546814,102173925376.0,209792.0,32,0.01,2,32,4,100,0.0001,73610.0
0.6617157934677034,0.5388765292508262,1.0935141444206238,1.0885796546936035,1.098448634147644,567630954496.0,1204960.0,32,0.00347,4,64,1,200,0.0001,86218.0
0.5800249846208663,0.6836284611906324,1.034939527511597,0.9775224924087524,1.092356562614441,10007070375936.0,84782016.0,64,0.00347,8,16,4,400,0.0001,19402.0
2.0206375966469445,0.5043589572111765,8.896141529083252,8.852485656738281,8.939797401428223,109150158848.0,425984.0,64,0.07071068,2,32,2,400,0.1,39626.0
0.9202362582797096,0.4847995582081023,1.8930584788322449,1.8933641910552976,1.892752766609192,577058373632.0,1155712.0,64,5e-05,2,64,1,200,0.0001,86218.0
0.8927573192687261,0.4519658159641992,1.6348646879196167,1.634161114692688,1.6355682611465454,1000788590592.0,1088832.0,32,0.01,4,64,2,100,0.0,152970.0
0.747139743396214,0.4808862337044307,1.2934969067573547,1.2926985025405884,1.294295310974121,316341911552.0,9466432.0,64,0.000144,2,16,1,200,0.0001,6202.0
0.6288262066386995,0.513543154512133,1.1503092646598816,1.1040897369384766,1.1965287923812866,1778859114496.0,29059616.0,32,0.000144,4,16,2,200,0.0001,10602.0
0.6922230287676766,0.5323800352357683,1.14540034532547,1.122675538063049,1.1681251525878906,10004231880704.0,10811296.0,32,5e-05,4,64,2,200,0.1,152970.0
0.950709825470334,0.5053694602989015,2.109442353248596,2.1099746227264404,2.108910083770752,602821165056.0,305280.0,64,0.000144,2,64,4,400,0.0,286474.0
0.9011185594967434,0.5009364939871288,1.3521925806999209,1.307561278343201,1.3968238830566406,102490488832.0,410880.0,64,0.0012,2,32,2,100,0.0001,39626.0
0.7509804190624327,0.5281048885413578,1.7766528725624084,1.486754059791565,2.066551685333252,3163067514880.0,6450400.0,32,0.0012,2,32,4,100,0.0,73610.0
0.7563984308923993,0.476249288944971,1.3765782713890076,1.3758556842803955,1.3773008584976196,102502473728.0,3192000.0,64,0.0012,4,16,1,400,0.0001,6202.0
0.8146494995980036,0.4971753401415689,1.4904666543006897,1.4890813827514648,1.4918519258499146,178811174912.0,3119488.0,32,0.000144,8,16,2,100,0.0001,10602.0
0.662598899432591,0.5348815009707496,1.0904003977775574,1.0881942510604858,1.092606544494629,100874190848.0,1666240.0,64,0.01,4,16,2,100,0.0,10602.0
0.821149488290151,0.477183617296673,1.23973286151886,1.2391304969787598,1.24033522605896,10004105003008.0,87822080.0,64,0.07071068,8,32,1,400,0.0,22634.0
0.9804699165480476,0.4930063727356139,2.1128361225128174,2.113852500915528,2.1118197441101074,108560564224.0,118272.0,64,0.01,4,64,2,100,0.0,152970.0
0.837552581514631,0.4988065574850355,1.510509371757507,1.507807731628418,1.513211011886597,179271450624.0,2925312.0,64,0.000416,4,16,2,200,0.0001,10602.0
0.6132755549181075,0.4862637633369082,0.9761927127838136,0.9753883481025696,0.9769970774650574,3162346356736.0,95431616.0,32,0.01,2,16,1,100,0.0001,6202.0
0.7860840303557259,0.4965535430681138,1.3739309310913086,1.3718162775039673,1.37604558467865,181687943168.0,2892352.0,64,0.0012,4,16,2,400,0.0,10602.0
0.7983796014672234,0.4892781320072356,1.334227442741394,1.326585054397583,1.341869831085205,3173686444032.0,13399360.0,32,5e-05,4,32,2,400,0.0001,39626.0
0.6068896175850005,0.5663425553412664,1.079003989696503,1.0151633024215698,1.1428446769714355,10003940376576.0,172428096.0,64,0.0012,8,16,2,200,0.1,10602.0
0.9001073865663438,0.5,1.627453625202179,1.6264044046401978,1.6285028457641602,563155632128.0,4720864.0,32,0.5,4,16,4,100,0.0001,19402.0
0.9056227377482824,0.5,1.6108598709106443,1.6105341911315918,1.6111855506896973,1778600640512.0,58030080.0,32,0.07071068,8,8,4,100,0.0001,5354.0
0.90898350023088,0.4915957947572072,1.607227087020874,1.6083869934082031,1.606067180633545,1781568503808.0,13861408.0,32,0.07071068,2,32,1,400,0.0,22634.0
0.625642139287222,0.540700288045974,1.0469254851341248,1.0463603734970093,1.0474905967712402,1778625675264.0,53680128.0,64,0.000144,2,16,1,100,0.0,6202.0
0.8645906221298945,0.5098888540551776,2.4260709285736084,2.423907995223999,2.4282338619232178,336738746368.0,362624.0,64,5e-05,4,64,2,400,0.0001,152970.0
0.744819001072929,0.5694255034128824,1.180165469646454,1.11445152759552,1.2458794116973877,5624540168192.0,46970496.0,32,0.000416,4,32,1,100,0.1,22634.0
0.8383683420362926,0.5120861956051418,1.707332968711853,1.7059186697006226,1.7087472677230835,1008215130112.0,548192.0,32,5e-05,4,64,4,100,0.0001,286474.0
0.6461557753029323,0.5658120073023296,1.0289676785469055,1.0143169164657593,1.0436184406280518,316396306432.0,10173056.0,32,0.00347,4,16,1,100,0.0001,6202.0
0.6033297159842083,0.6494049500851404,1.1044601202011108,1.0344728231430054,1.1744474172592163,10004483538944.0,42575232.0,32,0.000416,4,32,2,200,0.0001,39626.0
0.6487361582971755,0.5130810638268789,1.2451173067092896,1.1645766496658323,1.3256579637527466,5677478576128.0,2936448.0,64,0.0012,2,64,4,200,0.1,286474.0
0.8664217052005586,0.5134399987402416,1.3269970417022705,1.3196717500686646,1.3343223333358765,565641543680.0,4776960.0,64,0.0012,8,16,4,400,0.0,19402.0
0.84417610509055,0.5,1.6217098236083984,1.6229830980300903,1.6204365491867063,564718600192.0,4723264.0,64,0.5,4,16,4,100,0.1,19402.0
0.7317087111018953,0.478982789175851,1.1956369876861572,1.170017123222351,1.2212568521499634,316375236608.0,33464544.0,32,0.07071068,2,8,1,200,0.1,1826.0
0.9577037408238366,0.5,1.6244553327560425,1.624147891998291,1.624762773513794,5624055726080.0,97984288.0,32,0.5,8,16,2,100,0.0,10602.0
0.909805417060852,0.5065486764624005,1.6192057132720947,1.6189833879470823,1.619428038597107,100809064448.0,1753056.0,32,0.5,8,16,2,100,0.1,10602.0
1.5825918033009485,0.5373460352420807,1.4838921427726746,1.4903297424316406,1.4774545431137085,186063159296.0,396352.0,32,0.01,4,64,1,200,0.1,86218.0
0.628530699582327,0.5847152166423344,1.0578500628471377,1.0430063009262085,1.0726938247680664,10022830473216.0,22466624.0,64,0.000416,8,64,1,200,0.1,86218.0
0.8339163973217919,0.5088006357351939,2.10942280292511,2.1080515384674072,2.1107940673828125,109149192192.0,111360.0,32,0.000144,2,64,2,200,0.0,152970.0
0.6809986922002974,0.5873371972924187,1.113669514656067,1.0731134414672852,1.1542255878448486,5629234118656.0,11923648.0,64,0.0012,4,64,1,200,0.1,86218.0
0.6201770192100888,0.5139090369145075,1.0515000224113464,1.0399895906448364,1.0630104541778564,178501386240.0,5319072.0,32,0.01,4,8,4,200,0.1,5354.0
0.6244368169988904,0.5286278355689276,1.3149945735931396,1.1608984470367432,1.469090700149536,1780690845696.0,14722656.0,32,0.0012,4,16,4,200,0.1,19402.0
0.9023373666263762,0.499566022838865,1.6058338284492493,1.6075352430343628,1.6041324138641355,10000502095872.0,21465728.0,32,0.01,4,32,4,200,0.0001,73610.0
0.9941084186236064,0.5,1.6394920945167542,1.642681360244751,1.636302828788757,1000645984256.0,57184128.0,32,0.5,8,8,2,400,0.0001,3002.0
0.9065221207482476,0.5002772481668563,1.6080032587051392,1.608271241188049,1.607735276222229,563642302464.0,4466944.0,64,0.07071068,2,16,4,100,0.0001,19402.0
4.788629829883575,0.4992413903985704,14.410970211029053,14.309773445129396,14.512166976928713,398361198592.0,895424.0,64,0.07071068,8,32,4,400,0.0,73610.0
0.8947375019391378,0.5,1.6096699237823486,1.6093878746032717,1.6099519729614258,3162343211008.0,192893952.0,64,0.07071068,4,8,2,100,0.0,3002.0
0.8285753216062274,0.479738549107597,1.54869544506073,1.5506525039672852,1.5467383861541748,178858000384.0,5340096.0,64,0.000144,2,16,1,200,0.0001,6202.0
0.8333589633305868,0.4909161350556782,2.005549669265747,2.005521059036255,2.0055782794952397,604083257344.0,696320.0,64,0.000144,8,64,2,200,0.1,152970.0
0.6810682160513741,0.5445038349855513,1.1263299584388733,1.10670268535614,1.1459572315216064,3162813235200.0,6728192.0,32,5e-05,4,64,1,100,0.0,86218.0
0.6774061414457503,0.5201861780314219,1.1883691549301147,1.1720452308654783,1.204693078994751,3162480836608.0,92472672.0,32,0.00347,2,16,1,400,0.1,6202.0
0.9174550913629078,0.4985353648662567,1.6096417903900146,1.609799027442932,1.6094845533370972,318501683200.0,1282944.0,32,0.07071068,2,32,2,200,0.0,39626.0
0.6093455340181079,0.5395059883594513,1.1123521327972412,1.0505744218826294,1.174129843711853,10014324424704.0,5461824.0,64,0.0012,4,64,4,200,0.1,286474.0
0.6320896333172208,0.5389235935040882,1.1032527685165403,1.0784122943878174,1.1280932426452637,3176823521280.0,3419904.0,32,0.000416,4,64,2,200,0.0,152970.0
0.8598497339657375,0.5,1.6234105825424194,1.6234180927276611,1.6234030723571775,316520660992.0,18198464.0,64,0.5,2,8,2,100,0.1,3002.0
0.8442264397939047,0.4997393928823017,1.6647136211395264,1.6636086702346802,1.6658185720443726,319824003072.0,731456.0,32,0.07071068,8,32,4,100,0.1,73610.0
0.9385721314521064,0.5089219780195327,1.7985077500343325,1.7981394529342651,1.7988760471343994,347910635520.0,791040.0,64,0.000416,8,32,4,200,0.1,73610.0
0.9104869138626824,0.4719236862091791,1.6267836093902588,1.6272283792495728,1.6263388395309448,1782437642240.0,15715776.0,64,0.5,8,32,1,200,0.1,22634.0
0.7041968369767779,0.5411865924085889,1.1262091398239136,1.126515507698059,1.125902771949768,570177421312.0,1148160.0,64,0.01,2,64,1,100,0.0001,86218.0
0.8194047609965006,0.474525864635195,1.793862760066986,1.7959487438201904,1.7917767763137815,180038565888.0,6087872.0,64,0.000144,8,16,1,200,0.0,6202.0
0.8687376805714199,0.5103077242771784,1.2777769565582275,1.248095154762268,1.307458758354187,316729491456.0,2637504.0,64,0.0012,4,32,1,400,0.0001,22634.0
0.8470821437381563,0.5113461280152911,1.5497270822525024,1.5441805124282837,1.5552736520767212,179196477440.0,1498912.0,32,0.000144,4,16,4,100,0.0001,19402.0
0.6525309809616634,0.5557755948532195,1.1734243035316467,1.0871930122375488,1.2596555948257446,1778521079808.0,53644832.0,32,0.00347,2,16,1,100,0.0,6202.0
0.8041122271901086,0.5283269286155701,1.9930636882781985,1.992563009262085,1.9935643672943115,184790646784.0,1622464.0,64,0.000144,8,32,1,200,0.1,22634.0
0.8929461723282224,0.5,1.617519199848175,1.6177234649658203,1.6173149347305298,1779130957824.0,14878432.0,32,0.07071068,4,16,4,100,0.0,19402.0
0.8988511931328547,0.4929513391994294,1.6420581340789795,1.6462597846984863,1.6378564834594729,102591512576.0,914560.0,32,0.07071068,8,32,1,200,0.0,22634.0
1.296685604822068,0.4907825120857784,2.0443300008773804,2.043402194976806,2.045257806777954,105318801408.0,927488.0,64,0.07071068,8,32,1,200,0.0,22634.0
0.8979745436282385,0.4972976893186569,1.34760981798172,1.338366985321045,1.356852650642395,1001272770560.0,548096.0,64,0.00347,4,64,4,400,0.0001,286474.0
0.7387187104849589,0.512285400004614,1.2243741750717163,1.190821647644043,1.2579267024993896,1780665286656.0,1831008.0,32,0.000144,2,64,2,100,0.1,152970.0
0.6141085163468406,0.5805381763549078,1.2194867730140686,1.07464861869812,1.364324927330017,10003810353152.0,21552896.0,32,0.000416,4,32,4,100,0.0001,73610.0
0.9112447500228882,0.5180343574001676,2.31656813621521,2.3183188438415527,2.314817428588867,346798358528.0,191552.0,64,5e-05,4,64,4,200,0.0,286474.0
0.9260555534135728,0.4878541926542918,1.6069806814193726,1.6093443632125854,1.6046169996261597,1000628682752.0,54230784.0,32,0.07071068,4,8,2,400,0.0,3002.0
0.8729831008684068,0.5,1.6264471411705017,1.6250377893447876,1.6278564929962158,317403234304.0,2810720.0,32,0.5,8,32,1,200,0.0,22634.0
0.8181237322943551,0.4724112451076507,1.950851023197174,1.9523054361343384,1.9493966102600095,317751951360.0,9228160.0,64,5e-05,2,16,1,400,0.0,6202.0
0.7769929681505475,0.6789242100147974,1.7633163928985596,1.5621933937072754,1.964439392089844,3166767939584.0,24312960.0,64,0.00347,2,16,4,400,0.0,19402.0
0.8105302623340062,0.5345993822529203,1.283696472644806,1.1990363597869873,1.3683565855026243,5627867299840.0,5724288.0,64,0.000416,2,64,2,200,0.1,152970.0
0.634861898564157,0.4998468529610407,1.191341519355774,1.116959571838379,1.265723466873169,3169246248960.0,1724224.0,32,0.0012,4,64,4,100,0.1,286474.0
0.6984007784298488,0.5823557816800617,1.0584704279899595,1.050991415977478,1.0659494400024414,316547694592.0,9433120.0,32,0.01,2,16,1,200,0.0,6202.0
0.9470941452752976,0.5051665206750234,2.0887640714645386,2.089141130447388,2.088387012481689,235036966912.0,116544.0,64,0.000416,2,64,4,400,0.0,286474.0
0.9304177250180926,0.5,1.6278918385505676,1.629176378250122,1.6266072988510132,5623721754624.0,164498208.0,32,0.5,2,16,1,400,0.0001,6202.0
0.7725986284869057,0.4832734458503269,1.2257490754127502,1.2087653875350952,1.2427327632904053,1056133480448.0,549120.0,64,0.0012,2,64,4,200,0.1,286474.0
0.7287066075063887,0.5320120730570385,1.2170639038085938,1.1444880962371826,1.2896397113800049,563917815808.0,8699776.0,64,0.0012,2,16,2,200,0.0001,10602.0
5.714527405443645,0.5,160.22283935546875,159.70481872558594,160.74085998535156,337603231744.0,730112.0,32,0.5,4,32,4,400,0.0001,73610.0
0.6186864425738653,0.5545475639048076,1.0202093124389648,1.019831657409668,1.0205869674682615,1001916334080.0,31168448.0,64,0.00347,4,16,1,400,0.0,6202.0
1.123611955415635,0.4976161973817007,1.7033926844596865,1.70363187789917,1.7031534910202026,329517957120.0,1293952.0,64,0.07071068,2,32,2,400,0.0001,39626.0
0.9403702595404216,0.6258395328408196,1.7933896780014038,1.5810613632202148,2.0057179927825928,10000469590016.0,78408704.0,32,0.000144,2,16,4,200,0.1,19402.0
0.9188568052791414,0.5246234067848751,2.0825045108795166,2.085783004760742,2.079226016998291,183355375616.0,1496896.0,64,5e-05,4,16,4,200,0.0001,19402.0
0.6376158566701979,0.5613244275252024,1.073154628276825,1.0569109916687012,1.0893982648849487,3172972625920.0,3622080.0,32,0.00347,8,64,2,100,0.0,152970.0
0.6810285803817567,0.5518990187417894,1.157045304775238,1.0977730751037598,1.2163175344467163,178297716736.0,2782048.0,32,0.0012,2,16,2,100,0.0,10602.0
0.6097022110507602,0.5561917956386294,1.0873550772666931,1.0499446392059326,1.1247655153274536,1783331160064.0,30050272.0,32,0.0012,8,16,2,400,0.0,10602.0
0.7129667763199125,0.513435674565179,1.0863309502601624,1.0845125913619995,1.0881493091583252,1781898018816.0,7514112.0,32,0.01,4,32,2,400,0.0,39626.0
0.9190644139335268,0.5036185468946185,1.6073092818260193,1.6081982851028442,1.6064202785491943,3164687564800.0,27789440.0,32,0.07071068,8,32,1,400,0.0,22634.0
0.6608190032697859,0.5399389621757326,1.0395994782447815,1.0368304252624512,1.0423685312271118,100031430656.0,11781760.0,64,0.07071068,4,8,1,100,0.0,1826.0
0.5647812641802288,0.6690418762820107,0.9652970433235168,0.9563007354736328,0.9742933511734008,5624121262080.0,362677888.0,64,0.01,8,8,2,100,0.0001,3002.0
0.7876327562899816,0.4570373083863939,1.3315529823303225,1.3138684034347534,1.3492375612258911,1000975499264.0,7679680.0,32,0.000144,2,16,4,400,0.0,19402.0
0.7017243057489395,0.5812520995026543,1.092473030090332,1.077768087387085,1.107177972793579,3162677182464.0,6379200.0,64,0.00347,2,64,1,400,0.0001,86218.0
0.6530537349837167,0.5310315972282773,1.0991206765174866,1.0984269380569458,1.0998144149780271,100625604608.0,5442368.0,64,0.01,4,8,2,400,0.0001,3002.0
0.8939291380700611,0.5074000330198378,1.6626956462860107,1.664818286895752,1.6605730056762695,602821165056.0,305280.0,64,0.01,2,64,4,400,0.0001,286474.0
0.6286424994468689,0.5264452582313901,1.1322575211524963,1.0889971256256104,1.1755179166793823,3166249680896.0,7191488.0,32,0.000416,8,32,4,200,0.0001,73610.0
0.6060919974531446,0.5884726288772765,1.0862899422645569,1.0412017107009888,1.131378173828125,5623445454848.0,342951744.0,64,0.01,4,8,2,100,0.1,3002.0
0.92198208684013,0.5,1.6087902188301086,1.610305666923523,1.6072747707366943,10003911016448.0,76773472.0,32,0.07071068,2,16,4,400,0.1,19402.0
0.8969069378716605,0.5,1.6111575961112976,1.6127630472183228,1.6095521450042725,10009017581568.0,80917248.0,64,0.5,4,16,4,400,0.1,19402.0
0.7686901873066312,0.5887366036574045,1.609912931919098,1.606826901435852,1.6129989624023438,336472768512.0,364864.0,64,0.01,4,64,2,100,0.0001,152970.0
0.6464240792251769,0.5220389706747872,1.0739452838897705,1.074013352394104,1.073877215385437,10000222126080.0,1209240448.0,32,0.07071068,8,8,1,200,0.1,1826.0
0.8359631732815788,0.4840181874377386,1.3068258166313171,1.2766541242599487,1.3369975090026855,1027739877376.0,1047104.0,64,0.000416,2,64,2,200,0.1,152970.0
0.8753734656742641,0.5122421256133488,1.6146216988563538,1.6140642166137695,1.615179181098938,179059228672.0,2952704.0,64,0.07071068,4,16,2,100,0.1,10602.0
1.0570161598069328,0.5022130055086953,1.3585600852966309,1.3568649291992188,1.360255241394043,325221548032.0,664256.0,64,0.01,2,64,1,400,0.0001,86218.0
0.66661094554833,0.5116497789110456,1.0998575091362,1.093138337135315,1.106576681137085,178054381568.0,5387200.0,32,0.0012,2,16,1,100,0.0,6202.0
0.9084703269458952,0.5073471282209668,1.6086817979812622,1.6106386184692385,1.606724977493286,3173787631616.0,12717888.0,64,0.5,2,32,2,400,0.1,39626.0
1.115354801927294,0.4652586657376516,1.4729703664779663,1.3993794918060305,1.5465612411499023,3162447020032.0,94450176.0,32,0.00347,2,16,1,200,0.1,6202.0
0.9061082289332436,0.5,1.6065875887870789,1.6077549457550049,1.6054202318191528,5623796203520.0,146873184.0,32,0.07071068,2,8,4,400,0.0,5354.0
0.9009162868772236,0.5095435693150475,1.905138731002808,1.9059436321258545,1.9043338298797607,1024561905664.0,568416.0,32,0.000144,8,64,4,400,0.1,286474.0
0.8203642538615635,0.4743208572978065,1.9063673615455627,1.908186197280884,1.9045485258102417,178469552128.0,6114688.0,64,5e-05,8,16,1,100,0.0,6202.0
0.751523589804059,0.5243654513642901,1.256266951560974,1.2407584190368652,1.271775484085083,3169061699584.0,6330560.0,64,5e-05,2,64,1,200,0.0,86218.0
0.7451695870785486,0.4853904453061876,1.2599738240242004,1.259974241256714,1.259973406791687,1001158213632.0,33884768.0,32,5e-05,8,16,1,200,0.0001,6202.0
0.9426032730511256,0.5,1.6225957870483398,1.6220794916152954,1.6231120824813845,5623413473280.0,707844608.0,32,0.5,8,8,1,100,0.0,1826.0
0.934871997152056,0.5213461610532942,1.613671064376831,1.6147501468658447,1.6125919818878174,316396306432.0,10173056.0,32,0.07071068,4,16,1,100,0.1,6202.0
0.9967215884299504,0.5,1.6175429821014404,1.6198898553848269,1.6151961088180542,5635496214528.0,12099776.0,64,0.5,4,32,4,200,0.0,73610.0
0.618717664764041,0.5459224702346892,1.0956223011016846,1.059805154800415,1.131439447402954,1000153808896.0,17434880.0,32,0.000416,8,16,2,100,0.0001,10602.0
0.6285318285226822,0.5390854335966564,1.1188341975212095,1.0804328918457031,1.1572355031967163,1784573067264.0,15166592.0,32,0.0012,8,16,4,400,0.0001,19402.0
0.9074450929959617,0.5064136378821873,1.9486358761787412,1.949256420135498,1.9480153322219849,1844630650880.0,995072.0,32,5e-05,4,64,4,400,0.0001,286474.0
0.989296189376286,0.4865736776874179,2.197983980178833,2.198824405670166,2.1971435546875,103191584768.0,435968.0,32,5e-05,4,32,2,200,0.0001,39626.0
0.7052133409749894,0.691102364233562,1.080272614955902,1.0306246280670166,1.1299206018447876,316291514368.0,4927872.0,32,0.01,2,16,2,100,0.0,10602.0
0.704209450454939,0.4950750172138214,1.2002155184745789,1.146701693534851,1.2537293434143066,1783413473280.0,3842464.0,32,0.000144,4,32,4,100,0.0,73610.0
0.8282904099850428,0.4831921053784234,1.5915737748146055,1.589582085609436,1.5935654640197754,565547302912.0,582336.0,32,5e-05,2,64,2,100,0.1,152970.0
0.6246055087872914,0.5330193049850918,1.0957978963851929,1.0629520416259766,1.1286437511444092,562859540480.0,9268224.0,32,0.000416,4,16,2,100,0.0,10602.0
0.6311574230591456,0.5645994217622847,1.0637410879135132,1.0644179582595823,1.0630642175674438,3162366279680.0,101719104.0,64,5e-05,4,16,1,100,0.0001,6202.0
0.9348039825757344,0.4577534241335733,1.190877377986908,1.1997401714324951,1.1820145845413208,320673742848.0,642528.0,32,0.01,2,64,1,200,0.0001,86218.0
0.9019636852400644,0.490124306508473,1.608465552330017,1.6097631454467771,1.6071679592132568,1778313330688.0,55458400.0,32,0.07071068,4,16,1,400,0.1,6202.0
0.6135446237666267,0.5215152204036713,1.0210577845573423,1.0024179220199585,1.0396976470947266,1001284370432.0,31326592.0,32,0.01,8,8,4,200,0.1,5354.0
0.552748822030567,0.7436263390949794,0.988567590713501,0.9640623331069946,1.013072848320007,5628734996480.0,97107968.0,64,0.01,8,16,2,200,0.0001,10602.0
0.7787211239337921,0.524739608168602,1.232979655265808,1.178635835647583,1.2873234748840332,3221139750912.0,3318144.0,64,0.0012,2,64,2,400,0.0001,152970.0
0.8176267516045344,0.475846970365161,1.3732449412345886,1.3461220264434814,1.4003678560256958,580056842240.0,609280.0,64,0.0012,2,64,2,400,0.0001,152970.0
0.7883045715945107,0.4969271506581987,1.3776747584342957,1.3755534887313845,1.379796028137207,181687943168.0,2892352.0,64,0.0012,4,16,2,400,0.1,10602.0
0.7627805244354975,0.5509711085330873,1.9089966416358948,1.6177033185958862,2.2002899646759038,5627400683520.0,11483904.0,32,0.0012,2,32,4,200,0.1,73610.0
0.9226119972410656,0.5043693851856959,1.6423771977424622,1.6381720304489136,1.6465823650360107,187289600000.0,405376.0,32,0.0012,4,32,4,400,0.0001,73610.0
0.6001489112774531,0.7455345562526158,0.9944413900375366,0.9876726865768432,1.00121009349823,1000070512640.0,15575136.0,32,0.01,2,16,2,100,0.0001,10602.0
0.839302006221953,0.4732189093317304,1.6891249418258667,1.68865704536438,1.6895928382873535,1783019077632.0,1819488.0,32,5e-05,2,64,2,400,0.1,152970.0
0.6112185411510014,0.5622943951970055,1.06409353017807,1.0397907495498655,1.0883963108062744,1781974302720.0,30695168.0,64,0.0012,8,16,2,200,0.1,10602.0
0.660343872649329,0.5341567170052302,1.4262357950210571,1.3554872274398804,1.496984362602234,5623420813312.0,43959552.0,64,0.000416,2,32,1,400,0.0001,22634.0
0.6309125139599755,0.5418036296254113,1.036855697631836,1.0046180486679075,1.0690933465957642,562635210752.0,18100128.0,32,0.00347,4,16,1,100,0.0001,6202.0
0.7542899180026281,0.5540352775937035,1.2642033100128174,1.2258071899414062,1.3025994300842283,563004702720.0,4400032.0,32,0.01,2,32,1,200,0.1,22634.0
0.6898330790655953,0.6204493414788019,1.0422306656837463,1.0168588161468506,1.067602515220642,5623812456448.0,164199232.0,64,0.01,2,16,1,400,0.0,6202.0
0.8907747495742071,0.5006678374040694,1.6180437803268433,1.6166561841964722,1.6194313764572144,5633557397504.0,6114144.0,32,0.01,4,64,2,100,0.0,152970.0
0.7096264553921563,0.5554078902517047,1.1187918782234192,1.0713715553283691,1.1662122011184692,3166393597952.0,26503808.0,64,0.000416,4,32,1,200,0.0001,22634.0
0.8630721086547488,0.495118620849791,1.632307529449463,1.6333764791488647,1.631238579750061,181687943168.0,2892352.0,64,0.07071068,4,16,2,400,0.0001,10602.0
0.6337146233944666,0.5465768902074724,1.1078256964683533,1.087915301322937,1.1277360916137695,179007258624.0,5342016.0,64,0.01,4,8,4,200,0.1,5354.0
0.8374756262415931,0.5289093014739809,1.3191677331924438,1.2710007429122925,1.3673347234725952,177883496448.0,715328.0,32,0.000416,2,32,2,100,0.0001,39626.0
0.7421003722009205,0.4630697518587112,1.2013372778892517,1.191982626914978,1.2106919288635254,1000869527552.0,15439872.0,64,0.000144,2,16,2,200,0.0001,10602.0
0.869445834841047,0.5104947203681582,2.098660707473755,2.09876012802124,2.098561286926269,110862991360.0,227712.0,64,0.000144,2,32,4,200,0.1,73610.0
0.9050328532854716,0.5150998355377288,1.79649019241333,1.7962722778320312,1.796708106994629,1033478537216.0,2359040.0,64,0.000144,8,32,4,200,0.0,73610.0
0.625320567261605,0.5558883852901912,1.1313854455947876,1.057167410850525,1.2056034803390503,3162845478912.0,52139008.0,32,0.000416,4,16,2,100,0.0,10602.0
0.7506222909405118,0.5410241285959879,1.1877107620239258,1.178893804550171,1.1965277194976809,3167145164800.0,7119360.0,32,0.000144,8,64,1,400,0.1,86218.0
0.8666281983965919,0.4990210646674746,1.4905003905296326,1.4840047359466553,1.49699604511261,179435339776.0,1538560.0,64,0.0012,8,16,4,200,0.1,19402.0
0.8064334498984473,0.7050046580178397,1.4324679970741272,1.394555687904358,1.4703803062438965,10002805817344.0,150962496.0,64,0.00347,2,16,2,400,0.1,10602.0
0.8818714533533368,0.5030535062154134,1.6791833639144895,1.6800800561904907,1.6782866716384888,100612816896.0,1604736.0,64,0.0012,4,16,2,400,0.1,10602.0
0.7200888750099,0.6127645188853854,1.9557474255561829,1.7504199743270874,2.1610748767852783,3163275395072.0,25098560.0,32,0.000416,2,16,4,100,0.0001,19402.0
0.6639304969991956,0.4887882258210863,1.139415681362152,1.1114600896835327,1.1673712730407717,1780532903936.0,30718816.0,32,0.000144,8,16,2,200,0.0,10602.0
0.94459163858777,0.5003700639520373,1.6757612824440002,1.673801064491272,1.6777215003967283,572201435136.0,1178496.0,64,0.07071068,2,32,4,200,0.1,73610.0
0.8759637560163226,0.4707586098284948,1.4137970805168152,1.3506793975830078,1.4769147634506226,180915191808.0,371712.0,64,0.0012,2,32,4,100,0.0001,73610.0
0.6544600732269741,0.5556196989048094,1.2141488194465635,1.117777943611145,1.3105196952819824,1780727939072.0,14889536.0,64,0.000416,4,16,4,100,0.0,19402.0
0.9785003435044062,0.6202200651168823,1.965051591396332,1.6740139722824097,2.256089210510254,10000469590016.0,78408704.0,32,0.000144,2,16,4,200,0.0,19402.0
0.9396891707465762,0.5,1.610900342464447,1.6116670370101929,1.6101336479187012,562710773760.0,4639872.0,64,0.5,4,16,4,200,0.0,19402.0
0.7546518445014954,0.5005226688725608,1.2839940190315249,1.2097195386886597,1.3582684993743896,563642302464.0,4466944.0,64,0.000416,2,16,4,100,0.0001,19402.0
1.0760874436015175,0.4993570915290287,2.048265814781189,2.0581016540527344,2.038429975509644,103642284032.0,418016.0,32,0.5,2,32,2,200,0.0001,39626.0
0.6253749174731118,0.5303982283387866,1.0353875160217283,1.0235035419464111,1.047271490097046,1779843596288.0,14107648.0,64,0.01,2,16,4,100,0.0,19402.0
0.6568419450805301,0.4689547164099557,1.0956517457962036,1.0927029848098757,1.0986005067825315,1778445975552.0,215072128.0,32,0.07071068,8,8,1,200,0.1,1826.0
0.7556484887997309,0.5265358289082845,1.335599660873413,1.248172163963318,1.4230271577835083,10002471321600.0,20033024.0,32,5e-05,2,64,1,200,0.1,86218.0
0.6437057845649266,0.5398141855285281,1.0830073952674866,1.0742990970611572,1.091715693473816,3186454429696.0,7166784.0,64,0.0012,8,64,1,200,0.1,86218.0
0.867372180734362,0.5087277321588426,2.1589980125427246,2.159353256225586,2.1586427688598637,129021149184.0,265472.0,64,0.000144,2,32,4,400,0.0001,73610.0
0.6078143609421593,0.5675111696833656,1.02158921957016,1.0226870775222778,1.020491361618042,1001158213632.0,33884768.0,32,0.0012,8,16,1,200,0.1,6202.0
0.8208566584757396,0.4681826560270218,1.276279866695404,1.2143019437789917,1.3382577896118164,179433111552.0,1401216.0,64,0.00347,2,32,1,200,0.1,22634.0
0.8773494589896429,0.5005879856291271,1.648072600364685,1.6490269899368286,1.6471182107925415,1018610450432.0,2189984.0,32,0.07071068,4,32,4,400,0.0,73610.0
0.6614204680635816,0.5297687323320479,1.075631856918335,1.0649348497390747,1.0863288640975952,5624968511488.0,49904000.0,32,5e-05,8,32,1,100,0.1,22634.0
0.7534796389795485,0.5034956477937245,1.2124332785606384,1.1715706586837769,1.2532958984375,3167072288768.0,6784448.0,64,0.000416,4,32,4,400,0.0001,73610.0
0.6233787288268408,0.5368959605693817,1.1327612400054932,1.0658206939697266,1.1997017860412598,3162850721792.0,13412352.0,64,0.0012,4,32,2,200,0.0,39626.0
0.8684658095950172,0.5027242047446114,1.6112515330314636,1.6120129823684692,1.610490083694458,10003835518976.0,88411776.0,64,0.07071068,8,32,1,200,0.1,22634.0
0.830739554904756,0.4928769199621109,1.3585636615753174,1.3447014093399048,1.37242591381073,3168648298496.0,7113696.0,32,0.000144,8,32,4,400,0.0001,73610.0
0.8686757655370803,0.5067883751222065,2.4719022512435918,2.469412088394165,2.4743924140930176,125153845248.0,127744.0,64,5e-05,2,64,2,400,0.0,152970.0
0.9127242536771863,0.510065720194862,1.6164442300796509,1.6179815530776978,1.614906907081604,1001517285376.0,8811904.0,64,0.07071068,8,32,1,400,0.0001,22634.0
0.9620574116706848,0.5,1.6148825287818909,1.6156249046325684,1.6141401529312134,316396306432.0,10173056.0,32,0.5,4,16,1,100,0.0001,6202.0
0.6634895319030398,0.4798054922194708,1.1204492449760437,1.0746495723724363,1.1662489175796509,1001859842048.0,4029632.0,64,0.01,2,32,2,200,0.0,39626.0
0.6175209986312049,0.5434541929335821,1.1148475408554075,1.0668740272521973,1.1628210544586182,3168638337024.0,7170144.0,32,0.000416,8,32,4,100,0.0,73610.0
0.9129099306606112,0.4852054842880794,2.0146409273147583,2.014765501022339,2.0145163536071777,184284758016.0,368896.0,32,5e-05,2,64,1,200,0.1,86218.0
0.6360188204617727,0.480625657808213,1.274491846561432,1.2372430562973022,1.3117406368255615,178248466432.0,2749216.0,32,0.01,2,16,2,200,0.1,10602.0
0.6071712360495612,0.5350126255126226,0.9992803037166595,0.9991621971130372,0.999398410320282,10001828544512.0,40217856.0,32,0.01,2,32,2,200,0.0,39626.0
0.7838949071509498,0.4943458622410184,1.174683392047882,1.1516157388687134,1.1977510452270508,1001137373184.0,7889216.0,64,0.000416,2,32,1,400,0.0001,22634.0
0.6185412257909775,0.5600401603040241,1.0111129879951477,1.0065219402313232,1.0157040357589722,3163839791104.0,107184960.0,64,0.0012,8,16,1,200,0.1,6202.0
0.8053809120541527,0.50190079779852,1.7204684019088743,1.7221261262893677,1.7188106775283811,3177394995200.0,14194784.0,32,0.5,8,32,2,400,0.1,39626.0
0.6552764283759254,0.583123661222912,1.1092126965522766,1.0754159688949585,1.1430094242095947,3162908655616.0,6709184.0,64,0.0012,4,64,1,100,0.0001,86218.0
0.9517021065666562,0.4670986391249157,1.6218256950378418,1.6213319301605225,1.6223194599151611,102325788672.0,1788736.0,64,0.07071068,8,16,2,100,0.0,10602.0
0.8427823980649313,0.5787483865306491,1.141572892665863,1.0955924987792969,1.1875532865524292,5624088756224.0,46984896.0,64,0.000416,4,32,1,100,0.0001,22634.0
0.7258078569457644,0.5349489762669518,1.1509760022163391,1.143155574798584,1.1587964296340942,10008902238208.0,44767104.0,64,5e-05,8,32,2,200,0.1,39626.0
0.7003425913197654,0.5216478769268308,1.162145733833313,1.1414399147033691,1.1828515529632568,1788684926976.0,3789984.0,32,0.000144,4,64,1,200,0.0001,86218.0
0.7989920235815502,0.5243260782389414,1.291795551776886,1.2750377655029297,1.3085533380508425,566295199744.0,4403520.0,32,0.000144,2,32,1,400,0.0,22634.0
0.8749570874940782,0.4993119261094502,1.5107288360595703,1.497146487236023,1.5243111848831177,1001482813440.0,2153920.0,32,5e-05,4,32,4,100,0.0001,73610.0
0.8919618810926165,0.5148167461156845,1.9174925684928892,1.916950345039368,1.9180347919464111,110862991360.0,227712.0,64,0.000416,2,32,4,200,0.1,73610.0
0.8828375878788176,0.512899392417499,2.040878415107727,2.0412144660949707,2.0405423641204834,192439042048.0,410176.0,64,0.000144,4,32,4,200,0.0001,73610.0
0.8939080295108613,0.5004196223758516,1.6110262870788574,1.6121740341186523,1.6098785400390625,1785385844736.0,14412608.0,64,0.07071068,4,16,4,400,0.0001,19402.0
0.605697648865836,0.6248220829736619,1.0732622146606443,1.0506895780563354,1.0958348512649536,5665295695872.0,6462752.0,32,0.00347,8,64,2,200,0.0001,152970.0
0.9237964096523468,0.4930859534513382,1.605077087879181,1.6063183546066284,1.6038358211517334,3170697216000.0,12664064.0,32,0.07071068,2,32,2,400,0.0001,39626.0
0.9552976574216572,0.5130736331144968,1.6106076836586,1.6119287014007568,1.6092866659164429,1000137031680.0,31885408.0,32,0.07071068,4,16,1,200,0.0,6202.0
0.6324799713634309,0.5922796371437254,1.1201152205467224,1.0860376358032229,1.1541928052902222,5661282271232.0,12010496.0,64,0.00347,4,64,1,400,0.0,86218.0
0.933671201978411,0.4997403586194628,2.042618155479431,2.042779922485352,2.0424563884735107,160633208832.0,86976.0,64,0.0012,4,64,4,400,0.1,286474.0
0.9173212704204378,0.5,1.606542885303497,1.6074985265731812,1.6055872440338137,3164342845440.0,91676032.0,32,0.07071068,8,8,4,400,0.0001,5354.0
4.8347389953477045,0.5001523352804638,19.526257514953613,19.3634033203125,19.689111709594727,1000741535744.0,8730176.0,32,0.5,8,16,4,200,0.1,19402.0
0.9374305549122038,0.5005981950532823,1.6119520664215088,1.6132107973098757,1.610693335533142,180702380032.0,3079104.0,64,0.5,8,16,2,200,0.1,10602.0
0.9923844592911856,0.5,1.630837619304657,1.6356755495071411,1.6259996891021729,564548468736.0,1156960.0,32,0.5,2,32,4,100,0.0,73610.0
0.6315351093099231,0.529166022226924,1.058936595916748,1.0585819482803345,1.0592912435531616,5709781532672.0,3296832.0,32,0.00347,8,64,4,200,0.1,286474.0
0.6630618245828719,0.5545287061305273,1.117905676364899,1.068830132484436,1.166981220245361,10001322082304.0,42637120.0,64,0.000144,4,32,2,100,0.1,39626.0
0.6060965252774102,0.5778117123104277,1.0036624372005465,0.9936383366584778,1.0136865377426147,10020266704896.0,44658496.0,64,0.00347,8,32,2,400,0.0,39626.0
0.8901229472387404,0.5094117465473357,1.7668052315711975,1.7640998363494873,1.7695106267929075,572201435136.0,1178496.0,64,0.000144,2,32,4,200,0.1,73610.0
0.8092822886648632,0.5109225277389798,2.063342571258545,2.0626368522644043,2.064048290252685,564485816320.0,4659008.0,64,5e-05,4,32,1,400,0.1,22634.0
0.8413085426603045,0.5154247056870234,2.1673585176467896,2.1667611598968506,2.1679558753967285,1060794138624.0,1218240.0,64,5e-05,8,64,2,200,0.0,152970.0
0.6189687706175304,0.5922381210894812,1.0455950498580933,1.0432624816894531,1.0479276180267334,562515017728.0,4694432.0,32,0.00347,4,32,1,200,0.0,22634.0
0.7055687244449343,0.5288001682077136,1.167170763015747,1.1395260095596311,1.1948155164718628,10004996292608.0,42477504.0,64,5e-05,4,32,2,200,0.0,39626.0
0.9652872993832544,0.5177925867693765,1.634975790977478,1.6370412111282349,1.6329103708267212,575336742912.0,312896.0,64,0.01,4,64,4,100,0.1,286474.0
0.9612666141419184,0.5,1.6156501770019531,1.6164008378982544,1.614899516105652,562650087424.0,4396672.0,64,0.5,2,32,1,100,0.0001,22634.0
0.98276891878673,0.4865568280220032,2.1777360439300537,2.178414821624756,2.177057266235352,182400909312.0,731648.0,64,5e-05,2,32,2,200,0.1,39626.0
0.6589921528384799,0.5322095020895913,1.148603081703186,1.1108360290527344,1.1863701343536377,10110363500544.0,5507840.0,64,0.0012,4,64,4,400,0.0,286474.0
0.9317585769153776,0.4997618127436865,1.6089898347854614,1.611250877380371,1.6067287921905518,3162447020032.0,94450176.0,32,0.07071068,2,16,1,200,0.0001,6202.0
0.6265709584667569,0.5562805902390253,1.0224328339099884,0.9959307312965392,1.0489349365234375,5627480899584.0,186330560.0,64,0.0012,8,16,1,400,0.1,6202.0
0.8467308226085845,0.4849353595858529,1.5630242228507996,1.561980128288269,1.56406831741333,1778364841984.0,7537088.0,64,5e-05,4,32,2,200,0.0,39626.0
1.1869767677216303,0.496241542555037,1.7911471128463743,1.793769121170044,1.788525104522705,100322099200.0,1633120.0,32,0.5,4,16,2,200,0.1,10602.0
0.912386281149728,0.5107491470518566,1.778788149356842,1.7778666019439695,1.7797096967697144,592189587456.0,1277376.0,64,0.000416,4,32,4,400,0.0001,73610.0
0.9644849385534014,0.500482562042418,1.78113853931427,1.7814043760299685,1.7808727025985718,100260085760.0,769728.0,64,0.07071068,2,16,4,400,0.0001,19402.0
0.7437581916650137,0.5356270465112868,1.1947184801101685,1.145655870437622,1.2437810897827148,3162792525824.0,6336512.0,64,0.000144,2,64,1,100,0.0001,86218.0
0.7984310431139809,0.5128205255383537,1.187553584575653,1.1889028549194336,1.1862043142318726,328524005376.0,732480.0,64,0.00347,8,32,4,100,0.1,73610.0
0.9002481471924555,0.4811363489854903,1.6110737919807434,1.6125271320343018,1.609620451927185,1781379629056.0,14907648.0,64,0.07071068,4,32,1,200,0.1,22634.0
1.1789562191282,0.5074984771864754,1.6882025003433228,1.6902436017990112,1.6861613988876345,178582257664.0,1576896.0,32,0.07071068,8,32,1,200,0.1,22634.0
0.8359895745913187,0.500628928343455,2.511637568473816,2.5038578510284424,2.519417285919189,325782601728.0,2647872.0,64,0.5,4,16,4,400,0.1,19402.0
0.6198236701034364,0.5461564092409044,0.9789772629737854,0.977708339691162,0.9802461862564088,10000754802688.0,338498368.0,32,0.000416,8,16,1,200,0.1,6202.0
0.9051342861992973,0.5002828212011428,1.6154407858848572,1.618505597114563,1.6123759746551514,5625532645376.0,89823488.0,64,0.5,4,16,2,400,0.1,10602.0
0.8845848270824977,0.4779586039838336,1.5220264792442322,1.4106850624084473,1.633367896080017,179018104832.0,364672.0,32,0.0012,2,32,4,100,0.0001,73610.0
0.9187438175791786,0.5012957964624677,1.6085566878318789,1.610403299331665,1.6067100763320925,3162342948864.0,174806976.0,64,0.07071068,2,8,2,200,0.1,3002.0
0.9119378895986648,0.5,1.6056296229362488,1.6067448854446411,1.6045143604278564,10001421697024.0,619499840.0,64,0.07071068,8,8,2,200,0.0,3002.0
0.8424383572169712,0.5160994834843136,2.112041473388672,2.1118171215057373,2.1122658252716064,327348092928.0,376576.0,32,5e-05,8,64,2,100,0.1,152970.0
0.9213852570170448,0.5038262974648249,1.6117077469825745,1.6122885942459106,1.6111268997192385,100068687872.0,6436192.0,32,0.07071068,8,8,2,100,0.0,3002.0
0.9126101363272894,0.5,1.6086485981941223,1.6103615760803225,1.6069356203079224,3164350185472.0,12726432.0,32,0.07071068,2,32,2,200,0.0001,39626.0
0.9275039037068684,0.5,1.612210035324097,1.612323760986328,1.6120963096618652,10001503485952.0,45010560.0,32,0.5,8,32,2,100,0.0001,39626.0
0.6248095844473157,0.5456856787204742,1.171441614627838,1.088288187980652,1.2545950412750244,5634627993600.0,5803904.0,32,0.00347,2,64,2,200,0.1,152970.0
1.017530313559941,0.5143091948259444,1.6281769275665283,1.631991624832153,1.624362230300903,325374312448.0,2830720.0,32,0.07071068,8,32,1,400,0.0001,22634.0
0.8339974312555223,0.5165183260327294,2.2861346006393437,2.285733222961426,2.2865359783172607,119698702336.0,1064128.0,64,5e-05,8,32,1,400,0.0,22634.0
0.8533892262549627,0.5381859214532942,1.2302774786949158,1.1951128244400024,1.265442132949829,574130290688.0,2537568.0,32,0.00347,8,32,2,400,0.1,39626.0
0.8893140611194429,0.5,1.6272162795066831,1.6291885375976562,1.6252440214157104,1003154243584.0,8903744.0,64,0.5,8,32,1,100,0.0,22634.0
0.7061820342427209,0.5333826059386844,1.118944525718689,1.0833531618118286,1.154535889625549,3165854367744.0,28154880.0,64,0.000144,8,32,1,100,0.0,22634.0
0.8017274056162152,0.4863156356981822,1.3717918395996094,1.3628369569778442,1.3807467222213743,564103151616.0,2263264.0,32,5e-05,2,32,2,100,0.0,39626.0
0.9075360950969514,0.5,1.6385905146598816,1.6388112306594849,1.6383697986602783,562564694016.0,55427296.0,32,0.5,2,8,1,400,0.0001,1826.0
0.619594619387672,0.5566127924692064,1.1623268127441406,1.0827420949935913,1.24191153049469,1778913116160.0,15636224.0,32,0.000416,8,16,4,100,0.0001,19402.0
0.6270121449515933,0.5716387757233211,1.106113314628601,1.0702364444732666,1.1419901847839355,10001395482624.0,21251552.0,32,0.000144,4,64,1,200,0.0001,86218.0
0.9241570574896676,0.5,1.6158753633499146,1.6183152198791504,1.6134355068206787,178501386240.0,5319072.0,32,0.5,4,8,4,200,0.0001,5354.0
0.8330698964141664,0.4698443866911388,1.4330977201461792,1.4338752031326294,1.432320237159729,1002577002496.0,33945024.0,64,0.07071068,8,16,1,200,0.0,6202.0
0.9533599473181223,0.4989290918622698,1.7032288908958435,1.7072292566299438,1.6992285251617432,3173857624064.0,6809280.0,64,0.5,4,32,4,200,0.1,73610.0
1.2447926487241472,0.4619608053139278,1.911420822143555,1.908671736717224,1.9141699075698853,192813858816.0,211328.0,64,0.01,4,64,2,400,0.0001,152970.0
0.7001845006431852,0.5380408941280275,1.2365395426750183,1.1680874824523926,1.304991602897644,178248466432.0,2749216.0,32,0.00347,2,16,2,200,0.1,10602.0
0.9359689780644008,0.5068298067365374,1.6090222001075745,1.6103873252868652,1.6076570749282837,178204180480.0,5535104.0,64,0.07071068,4,8,4,100,0.1,5354.0
0.6746362547079722,0.5356440884726388,1.098483145236969,1.0918327569961548,1.1051335334777832,1794807824384.0,1949056.0,64,0.00347,4,64,2,200,0.0,152970.0
0.903337279955546,0.4920716001873925,1.606874704360962,1.6082161664962769,1.605533242225647,1779765608448.0,51919744.0,64,0.07071068,2,16,1,400,0.0,6202.0
0.9839767671766736,0.486333131080582,2.1582707166671757,2.15909743309021,2.1574440002441406,103642284032.0,418016.0,32,5e-05,2,32,2,200,0.0,39626.0
0.7719708219880149,0.4816044902517682,1.225255310535431,1.208079814910889,1.2424308061599731,1056133480448.0,549120.0,64,0.0012,2,64,4,200,0.0001,286474.0
0.5798866564319247,0.6192187283720288,0.9749710559844972,0.9705113768577576,0.9794307351112366,10001141727232.0,88381472.0,32,0.0012,8,32,1,200,0.0001,22634.0
0.9592628961517696,0.5048721858433315,1.6108302474021912,1.6117157936096191,1.6099447011947632,181426716672.0,4987200.0,64,0.07071068,4,8,4,400,0.0001,5354.0
0.6683343187684104,0.5539311213152749,1.1277145743370056,1.092542052268982,1.1628870964050293,10001395482624.0,21251552.0,32,5e-05,4,64,1,200,0.0001,86218.0
0.826563991251446,0.5174057888133186,1.2338384985923767,1.195706129074097,1.2719708681106567,317020405760.0,2432384.0,64,0.00347,2,16,4,400,0.1,19402.0
0.9316850560052056,0.50619885183516,2.0511358976364136,2.0518062114715576,2.050465583801269,224885293056.0,120256.0,64,0.000144,4,64,4,100,0.0001,286474.0
0.8177827589568638,0.4768973553464526,1.3095828294754028,1.287806510925293,1.3313591480255127,565547302912.0,582336.0,32,0.000144,2,64,2,100,0.0,152970.0
0.6296689907709757,0.563734864904767,1.4321247339248655,1.3718079328536987,1.4924415349960327,3162531692544.0,49252032.0,64,0.000144,2,16,2,100,0.0001,10602.0
0.8639997016815912,0.5155891336145855,1.6987695693969729,1.6932200193405151,1.7043191194534302,577614577664.0,1184384.0,64,0.000416,2,32,4,400,0.1,73610.0
0.9102236543382916,0.5,1.6092267632484436,1.6096291542053225,1.608824372291565,1778519113728.0,52286208.0,32,0.07071068,2,8,4,100,0.1,5354.0
0.7989664020992461,0.5305789588462739,1.967061281204224,1.966164350509644,1.967958211898804,100755169280.0,840288.0,32,5e-05,4,32,1,100,0.0001,22634.0
0.943048139413198,0.4829129966951552,1.8068925738334656,1.8092120885849,1.8045730590820312,180615397376.0,770752.0,64,0.000144,4,32,2,100,0.0001,39626.0
0.9543935770080204,0.4978468673569815,1.6118569374084473,1.614058256149292,1.6096556186676023,5633634467840.0,23817792.0,64,0.07071068,4,32,2,400,0.1,39626.0
0.6805544069835118,0.4995006663458688,1.1416943669319153,1.1203550100326538,1.1630337238311768,179196477440.0,1498912.0,32,0.0012,4,16,4,100,0.1,19402.0
0.6362101684014002,0.5606896231571833,1.0726763606071472,1.0556398630142212,1.0897128582000732,1780154761216.0,26918336.0,64,0.00347,2,16,2,400,0.1,10602.0
0.7182040682860783,0.5184867438815889,1.1746824979782104,1.1465535163879397,1.2028114795684814,5629070540800.0,23944672.0,32,5e-05,4,32,2,200,0.0,39626.0
0.7109460071438835,0.5347861647605896,1.1199713945388794,1.0849000215530396,1.1550427675247192,3165854367744.0,28154880.0,64,0.000144,8,32,1,100,0.1,22634.0
0.7896970340183803,0.5434704295226506,1.334305226802826,1.3247638940811155,1.343846559524536,563775012864.0,4703040.0,64,0.000144,4,32,1,200,0.0001,22634.0
0.6650161594152451,0.5021574227582841,1.0681163668632507,1.0678200721740725,1.0684126615524292,1000024506368.0,2000512.0,32,0.01,2,64,1,100,0.1,86218.0
1.0352292883963812,0.5,1.6279935240745544,1.632155179977417,1.623831868171692,5626778877952.0,48849984.0,32,0.5,8,16,4,200,0.1,19402.0
0.6109577147733598,0.5795796187151045,1.053105711936951,1.010884165763855,1.0953272581100464,3163326251008.0,55121952.0,32,0.0012,8,16,2,100,0.1,10602.0
0.6208161399478004,0.5425483257997603,1.0020321011543274,1.000905990600586,1.0031582117080688,3164879716352.0,98420544.0,64,0.0012,4,16,1,400,0.1,6202.0
0.873575903120495,0.5,1.6165819764137268,1.616494059562683,1.6166698932647705,10000167600128.0,1059715904.0,64,0.5,2,8,1,200,0.0,1826.0
0.6553971292007537,0.581071919628552,1.156978726387024,1.0700204372406006,1.2439370155334473,10004996292608.0,42477504.0,64,0.000416,4,32,2,200,0.0001,39626.0
0.6150923882211957,0.5915080592745826,1.2695505619049072,1.1317991018295288,1.4073020219802856,10000439181312.0,163331232.0,32,0.000144,4,16,2,200,0.0001,10602.0
0.6920168960378283,0.5508408440010888,1.2391768097877502,1.1946817636489868,1.2836718559265137,10000011362304.0,78126144.0,64,0.0012,2,32,1,400,0.1,22634.0
0.8480145902860732,0.491338448865073,1.41408509016037,1.3855217695236206,1.4426484107971191,319519981568.0,648256.0,32,0.000416,2,32,4,200,0.0,73610.0
0.8490352176484608,0.5,1.6425158977508545,1.6407771110534668,1.6442546844482422,178054381568.0,5387200.0,32,0.5,2,16,1,100,0.0001,6202.0
0.8039299930844989,0.4751142376945132,1.3200104236602783,1.2976479530334473,1.3423728942871094,564628226048.0,2285184.0,64,0.000144,2,32,2,100,0.1,39626.0
0.6710312721275148,0.5692963302135468,1.1225773692131042,1.1236534118652344,1.121501326560974,1000156692480.0,32197728.0,32,5e-05,4,16,1,100,0.0,6202.0
0.6195387960899443,0.5722418242976779,1.0116659998893738,1.0118649005889893,1.0114670991897583,1778477039616.0,58964928.0,32,0.01,8,16,1,400,0.0,6202.0
0.7230777357305799,0.5793315094141733,1.7658584713935852,1.6253650188446045,1.906351923942566,3163275395072.0,25098560.0,32,0.000416,2,16,4,100,0.1,19402.0
0.8123930607523236,0.4744993079276312,2.153600811958313,2.154533863067627,2.152667760848999,101883551744.0,3356416.0,64,5e-05,8,16,1,400,0.0,6202.0
0.7786197392713456,0.5352687778927031,1.4035611152648926,1.3989036083221436,1.4082186222076416,1782437642240.0,15715776.0,64,5e-05,8,32,1,200,0.1,22634.0
0.8679513533910116,0.5,1.62940776348114,1.6287165880203247,1.6300989389419556,1784573067264.0,15166592.0,32,0.5,8,16,4,400,0.0001,19402.0
0.9087992026692344,0.5029070945013137,1.6106141209602356,1.610381007194519,1.610847234725952,316876226560.0,20412608.0,64,0.07071068,8,8,2,100,0.0001,3002.0
0.691805804059619,0.4950593000366574,1.164949119091034,1.107505202293396,1.222393035888672,3171576971264.0,13421952.0,64,0.0012,4,32,2,400,0.0,39626.0
0.6696574808586211,0.5163113254876364,1.1124607920646667,1.0768883228302002,1.1480332612991333,5688250073088.0,3081248.0,32,0.0012,4,64,4,400,0.0,286474.0
12.03745074499221,0.5001170067560106,422.31044006347656,421.2840576171875,423.3368225097656,177997873152.0,381888.0,64,0.5,4,32,4,400,0.1,73610.0
0.9959815059389386,0.5132812495742526,1.5763835906982422,1.4677397012710571,1.6850274801254272,3162577043456.0,6430528.0,64,0.0012,2,32,4,400,0.1,73610.0
0.8558694237754458,0.5203068880807786,1.4570075869560242,1.4409997463226318,1.4730154275894165,181168832512.0,404864.0,64,0.0012,8,32,4,100,0.0,73610.0
0.5604518453280131,0.7053525305929638,1.2859869599342346,1.0614359378814695,1.5105379819869995,5625940541440.0,46484800.0,32,0.0012,4,16,4,200,0.0,19402.0
0.7645100348052525,0.4646093483482088,1.2013099193572998,1.1763349771499634,1.2262848615646362,316846637056.0,344480.0,32,0.0012,4,64,2,100,0.1,152970.0
0.9212740092050462,0.5027215338888622,1.612265944480896,1.6120132207870483,1.6125186681747437,1001932455936.0,524928.0,64,0.01,2,64,4,100,0.0,286474.0
0.7168534561282113,0.5301361907096136,1.122266948223114,1.1232922077178955,1.1212416887283323,178267521024.0,5920000.0,64,0.01,8,16,1,400,0.1,6202.0
0.7960232396920522,0.5108458449443182,1.4116169810295105,1.406990885734558,1.416243076324463,180397441024.0,1506496.0,64,0.000416,4,32,1,200,0.0001,22634.0
0.9304874851590113,0.5,1.6051654815673828,1.6066677570343018,1.603663206100464,1001011806208.0,26144352.0,32,0.07071068,2,8,4,400,0.0,5354.0
0.6380254555316198,0.5593773353667486,1.0572686195373535,1.05735981464386,1.0571774244308472,1000372436992.0,8358784.0,64,0.01,4,32,1,200,0.0,22634.0
0.7789979349999201,0.5034586155698413,1.2425280809402466,1.2356079816818235,1.2494481801986694,1800047427584.0,4057344.0,64,0.000416,8,64,1,400,0.1,86218.0
0.934144065493629,0.5,1.616677165031433,1.618045210838318,1.6153091192245483,100213145600.0,790048.0,32,0.5,2,16,4,200,0.0,19402.0
0.8143811211699531,0.5537026822566986,1.5811723470687866,1.4137450456619265,1.748599648475647,1779843596288.0,14107648.0,64,0.000416,2,16,4,100,0.0001,19402.0
0.7364236471198854,0.5498920303015482,1.1878103613853457,1.1835956573486328,1.192025065422058,325221548032.0,664256.0,64,0.00347,2,64,1,400,0.0001,86218.0
0.8819894052687145,0.5,1.6505075097084043,1.651195406913757,1.6498196125030518,5627013234688.0,49951936.0,64,0.5,8,32,1,100,0.0001,22634.0
12.08786305927095,0.5000507973489308,30.70418930053711,30.85728645324707,30.55109214782715,319519981568.0,648256.0,32,0.5,2,32,4,200,0.0001,73610.0
0.9595223998739606,0.459475386710394,1.5607144832611084,1.430387258529663,1.6910417079925537,321373241344.0,658432.0,64,0.0012,2,32,4,100,0.0001,73610.0
0.8685729191416786,0.5,1.6164465546607971,1.6157618761062622,1.617131233215332,10000904749056.0,282307328.0,64,0.5,2,8,4,200,0.1,5354.0
1.3336518974531264,0.4779212687696729,1.7864593863487244,1.789036512374878,1.7838822603225708,108733644800.0,110656.0,64,0.01,2,64,2,100,0.1,152970.0
0.8937611054806482,0.5206504776364281,1.4420347809791565,1.3630372285842896,1.5210323333740234,3162577043456.0,6430528.0,64,0.000416,2,32,4,400,0.1,73610.0
0.70970537903763,0.4675448160795938,1.2034963965415957,1.1635040044784546,1.2434887886047363,178082054144.0,1381248.0,64,0.01,2,32,1,100,0.1,22634.0
0.592309887210528,0.6072789331277212,0.9704596698284148,0.9583559632301332,0.9825633764266968,3162426572800.0,373038784.0,64,0.01,4,8,1,100,0.0001,1826.0
0.7641514341036478,0.5269373350200199,1.1687917113304138,1.150359869003296,1.1872235536575315,1023291621376.0,4326336.0,64,0.0012,4,32,2,400,0.1,39626.0
0.913322837579818,0.5001904708998544,1.6162188053131104,1.618062973022461,1.6143746376037598,567824220160.0,1288736.0,32,0.07071068,8,32,4,200,0.0,73610.0
2.872653069240706,0.4906036328701746,11.659790992736816,11.640424728393556,11.679157257080078,105236561920.0,220160.0,64,0.07071068,4,32,4,200,0.0001,73610.0
0.8037721727575574,0.5247674343131837,1.2714969515800476,1.2210935354232788,1.3219003677368164,592872734720.0,605248.0,64,0.0012,2,64,2,200,0.1,152970.0
0.9647063102040973,0.4864120327291034,1.9753457307815552,1.977455496788025,1.9732359647750852,572110929920.0,2407872.0,32,5e-05,4,32,2,400,0.0001,39626.0
1.0755185939016796,0.5,1.640098750591278,1.6432948112487793,1.6369026899337769,1000095023104.0,16320064.0,64,0.5,4,16,2,200,0.0,10602.0
0.7761883749848321,0.4839768849668048,1.225043535232544,1.2206532955169678,1.22943377494812,121571909632.0,272384.0,64,0.00347,8,64,1,100,0.0,86218.0
0.929707890465146,0.5,1.6101120114326477,1.6105035543441772,1.6097204685211182,1000095875072.0,57548768.0,32,0.07071068,2,8,2,100,0.1,3002.0
0.6941778773353213,0.5135311221792584,1.1314318776130676,1.1323728561401367,1.1304908990859983,178069602304.0,6067616.0,32,0.000416,8,16,1,100,0.0,6202.0
0.8307812611262003,0.4854788929224014,1.856835186481476,1.8563257455825808,1.857344627380371,108304465920.0,109760.0,32,0.000144,2,64,2,100,0.0,152970.0
5.709192369665418,0.4982937787260328,22.372787475585938,22.54582023620605,22.19975471496582,562515017728.0,4694432.0,32,0.5,4,32,1,200,0.1,22634.0
0.5965093892245066,0.6157601262841906,0.9733743071556092,0.9662992358207704,0.980449378490448,1778538512384.0,114641728.0,32,0.01,8,8,2,100,0.0001,3002.0
0.9773610972222828,0.5005116718155997,1.611647605895996,1.6142103672027588,1.6090848445892334,10000855465984.0,163281920.0,64,0.07071068,4,16,2,200,0.0001,10602.0
0.8306822578112284,0.5045359361739385,1.662486732006073,1.6605584621429443,1.6644150018692017,1007745695744.0,4480640.0,64,0.07071068,8,32,2,400,0.1,39626.0
0.7467222043446132,0.4779735023067111,1.2236173152923584,1.222192645072937,1.2250419855117798,178641846272.0,3016384.0,64,0.01,8,16,2,400,0.1,10602.0
0.9805836847850254,0.4872649979023706,2.173469305038452,2.1747477054595947,2.1721909046173096,186894385152.0,835680.0,32,5e-05,8,32,2,200,0.1,39626.0
0.8201679374490466,0.4732803603013356,1.5808741450309751,1.5781704187393188,1.5835778713226318,189433741312.0,195712.0,32,0.000416,2,64,2,200,0.1,152970.0
0.7892233360381353,0.5164581154073987,1.3995841145515442,1.2936171293258667,1.5055510997772217,1781114601472.0,13987968.0,64,0.000416,2,16,4,200,0.1,19402.0
0.9197550075394768,0.4858405185597284,1.818183779716492,1.818877339363098,1.8174902200698853,320237142016.0,669376.0,64,0.000144,4,64,1,200,0.0,86218.0
0.8295130360694158,0.4744296698343186,1.8569039702415464,1.8562874794006348,1.8575204610824585,320000294912.0,333888.0,64,0.000416,2,64,2,400,0.0,152970.0
0.6347927408558982,0.5224344361396063,1.070127010345459,1.054626226425171,1.085627794265747,316692201472.0,4878528.0,32,0.00347,2,16,2,200,0.0,10602.0
1.036231509986378,0.5259939914657956,1.6269540190696716,1.509820580482483,1.7440874576568604,320659652608.0,1285216.0,32,0.00347,2,32,2,400,0.1,39626.0
0.7739967207113901,0.4878109721910386,1.1577656865119934,1.1596866846084597,1.1558446884155271,104174387200.0,857664.0,32,0.01,4,32,1,400,0.0,22634.0
0.7314770271380743,0.4882766717956179,1.1764485836029053,1.169387936592102,1.1835092306137085,563114147840.0,9190080.0,64,0.000416,4,16,2,200,0.1,10602.0
0.9154243980135236,0.5241784581116268,1.6123341917991638,1.589364767074585,1.635303616523743,1781267693568.0,1935200.0,32,0.01,4,64,2,100,0.0,152970.0
0.8422881648654029,0.4887106063820067,1.468937635421753,1.466567873954773,1.471307396888733,567494705152.0,1209024.0,32,5e-05,4,64,1,100,0.0,86218.0
0.5950467245919364,0.6384178854170299,1.128393828868866,1.0100303888320925,1.2467572689056396,10005477588992.0,85051456.0,32,0.0012,8,16,4,400,0.0001,19402.0
0.9272634784380596,0.5077689133939289,1.6076804399490356,1.608342170715332,1.6070187091827393,562582126592.0,16538048.0,32,0.07071068,2,8,4,100,0.0,5354.0
0.7929200473285857,0.47806145463671,1.2988091111183169,1.2967361211776731,1.30088210105896,3162431029248.0,53303552.0,32,5e-05,8,16,2,400,0.1,10602.0
0.7797418726342065,0.5100646451825187,1.1941567063331604,1.1640225648880005,1.2242908477783203,178305728512.0,1402208.0,32,0.000416,2,32,1,100,0.0001,22634.0
0.9936822000003996,0.5,1.6179526448249817,1.619540452957153,1.61636483669281,10000007168000.0,1100732160.0,32,0.5,2,8,1,100,0.0,1826.0
2.570367733637492,0.5002847995076861,5.938247680664063,5.968440532684326,5.908054828643799,179603144704.0,409856.0,64,0.07071068,8,32,4,200,0.0001,73610.0
0.6561719562326159,0.4902758662189756,1.141362726688385,1.1030913591384888,1.1796340942382812,564228653056.0,2544032.0,32,0.00347,8,32,2,100,0.1,39626.0
0.9055795761800948,0.5634971388748714,1.7005207538604736,1.595884919166565,1.8051565885543823,5624215633920.0,167926976.0,64,0.000416,2,16,1,200,0.0001,6202.0
11.917795317513605,0.5014661578905015,10.299834728240969,10.344525337219238,10.255144119262695,1001517285376.0,8811904.0,64,0.5,8,32,1,400,0.1,22634.0
0.8522717299915495,0.4851238507600057,1.5266880989074707,1.5250215530395508,1.5283546447753906,1002228547584.0,4253344.0,32,5e-05,4,32,2,200,0.0,39626.0
11.43985114778791,0.4994312255155472,25.28008079528809,25.24141502380371,25.31874656677246,5623569186816.0,49430080.0,64,0.5,8,32,1,400,0.1,22634.0
0.7739546228022802,0.484318162713732,1.3660495281219482,1.359349489212036,1.3727495670318604,215813783552.0,244960.0,32,0.00347,8,64,2,400,0.0001,152970.0
0.8977034439643224,0.4635998670543943,1.2963963150978088,1.2551004886627195,1.337692141532898,100160897024.0,429056.0,32,0.0012,4,32,2,100,0.1,39626.0
0.6318549052590415,0.5139413426319758,1.1166757941246033,1.0763336420059204,1.157017946243286,3166697160704.0,26849632.0,32,0.000416,8,16,4,400,0.0,19402.0
0.7238487977357138,0.5045337038380759,1.3965126276016235,1.3254942893981934,1.4675309658050537,5625584549888.0,43803456.0,32,0.000144,2,32,1,400,0.1,22634.0
0.9088001960799807,0.5119361267203376,1.6064568758010864,1.6080197095870972,1.6048940420150757,1780665286656.0,1831008.0,32,0.01,2,64,2,100,0.0,152970.0
0.6787235275620506,0.5203383238542647,1.0802862644195557,1.0685043334960938,1.0920681953430176,3164687564800.0,27789440.0,32,0.000416,8,32,1,400,0.1,22634.0
0.6093515455722809,0.5315897095771063,1.0903888940811155,1.0614858865737915,1.11929190158844,3164282290176.0,51586944.0,64,0.000416,4,16,2,200,0.1,10602.0
0.9109946744782584,0.5135972577901113,2.200567603111267,2.2019009590148926,2.1992342472076416,141723516928.0,78592.0,64,0.000144,8,64,4,100,0.0001,286474.0
0.917747940335955,0.5,1.6084304451942444,1.609159231185913,1.6077016592025757,1000441380864.0,31021728.0,32,0.07071068,4,8,4,100,0.0001,5354.0
0.8071681147529965,0.4919425703230358,1.3565521836280825,1.3407447338104248,1.3723596334457395,321227456512.0,362336.0,32,0.0012,8,64,2,200,0.0001,152970.0
0.619418279046104,0.5685104578733444,1.1816924214363098,1.0798686742782593,1.2835161685943604,10019729833984.0,5457600.0,32,0.000416,4,64,4,100,0.0,286474.0
0.8399954438209534,0.5,1.6459540724754331,1.6449096202850342,1.6469985246658323,1778636816384.0,26855328.0,32,0.5,2,16,2,400,0.1,10602.0
0.8029688199361166,0.4810812643596104,1.468538463115692,1.4655685424804688,1.4715083837509155,5660350087168.0,6476800.0,64,5e-05,8,64,2,200,0.0,152970.0
0.923915372008369,0.5,1.619257628917694,1.6207643747329712,1.617750883102417,178286002176.0,9127072.0,32,0.5,2,8,2,400,0.0001,3002.0
0.9296199480692544,0.495617443606967,1.608485221862793,1.6108680963516235,1.6061023473739624,100337074176.0,3197952.0,64,0.07071068,4,16,1,200,0.1,6202.0
0.8114539895738874,0.5136275241772333,1.3225166201591492,1.2657043933868408,1.3793288469314575,10018670772224.0,10232512.0,32,0.000144,2,64,2,400,0.1,152970.0
0.7459555353437152,0.4850917699791136,1.1482981443405151,1.132334589958191,1.1642616987228394,1781868920832.0,14702432.0,32,0.000144,4,32,1,400,0.0001,22634.0
0.6776634923049382,0.4993291816541126,1.2002182006835938,1.1772364377975464,1.2231999635696411,179052871680.0,1418368.0,64,0.01,2,16,4,100,0.0001,19402.0
0.8474237294424147,0.507423229870342,1.2924202680587769,1.259727954864502,1.3251125812530518,102934167552.0,220192.0,32,0.00347,4,32,4,100,0.0001,73610.0
0.885141446476891,0.4765467189607166,1.6010650992393494,1.5990843772888184,1.6030458211898804,192813858816.0,211328.0,64,0.00347,4,64,2,400,0.0,152970.0
0.6420356609991619,0.5576544531754085,1.163196086883545,1.108871340751648,1.217520833015442,317580574720.0,2625792.0,32,0.00347,4,16,4,200,0.0,19402.0
0.8425461820193699,0.5182749941235497,1.5093973875045776,1.505628228187561,1.5131665468215942,180058603520.0,1513408.0,64,0.00347,8,16,4,400,0.0,19402.0
0.7717348656484059,0.5302955714010057,1.18739253282547,1.177026391029358,1.197758674621582,1037806600192.0,1145984.0,64,0.00347,8,64,2,400,0.1,152970.0
1.0183618068695068,0.5028922032742273,1.6330110430717468,1.6353377103805542,1.6306843757629397,316354199552.0,1348288.0,32,0.07071068,4,32,2,100,0.0,39626.0
0.8722361468133473,0.5067680783215023,1.5551379919052124,1.5390130281448364,1.5712629556655884,5653759787008.0,11477824.0,64,5e-05,2,32,4,400,0.0,73610.0
0.7967894872029623,0.4860510705482392,1.226268231868744,1.1971412897109983,1.2553951740264893,317372071936.0,2436192.0,32,0.01,2,16,4,400,0.0,19402.0
0.9406962820461818,0.501346944343476,1.619894564151764,1.6202211380004885,1.6195679903030396,1779711606784.0,29047552.0,64,0.07071068,4,16,2,200,0.0,10602.0
0.78311939679441,0.5361797767026084,1.225939929485321,1.2139769792556765,1.2379028797149658,1000940503040.0,8880768.0,32,5e-05,8,32,1,100,0.1,22634.0
0.7989920235815502,0.5243260782389414,1.291795551776886,1.2750377655029297,1.3085533380508425,566295199744.0,4403520.0,32,0.000144,2,32,1,400,0.0001,22634.0
0.6156480454263233,0.5532886016936529,1.0463378131389618,0.99387127161026,1.0988043546676636,10003734855680.0,168591136.0,32,0.0012,8,16,2,400,0.0,10602.0
0.6179786012286231,0.495248380161467,1.1231424808502195,1.0770623683929443,1.1692225933074951,10002243780608.0,168235264.0,64,0.000144,8,16,2,400,0.0001,10602.0
0.8001732045695895,0.559935314314706,1.1325291395187378,1.1037713289260864,1.1612869501113892,1000372436992.0,8358784.0,64,0.0012,4,32,1,200,0.0,22634.0
0.6033956706523895,0.524951077642895,1.0593895316123962,1.0394878387451172,1.0792912244796753,562803834880.0,16439264.0,32,0.01,8,8,4,400,0.0,5354.0
0.9180134534835817,0.4998782972494761,1.616534948348999,1.6177068948745728,1.6153630018234253,179485835264.0,4949120.0,32,0.5,4,8,4,400,0.1,5354.0
0.7936965475479761,0.4978682952267783,1.4192134737968445,1.3047053813934326,1.5337215662002563,563308855296.0,4459616.0,32,0.000416,2,16,4,100,0.1,19402.0
0.8331992313975379,0.4702430970612026,1.258859157562256,1.2180103063583374,1.2997080087661743,336472768512.0,364864.0,64,0.0012,4,64,2,100,0.0,152970.0
0.8985785898708162,0.5028596903596606,1.6116337180137634,1.6120754480361938,1.611191987991333,1780117012480.0,7944320.0,64,0.07071068,8,32,2,400,0.0001,39626.0
0.6369616935650507,0.53848106946264,1.1283052563667295,1.08722984790802,1.1693806648254397,1000984018944.0,16379104.0,32,0.000416,4,16,2,200,0.0,10602.0
0.8327193487258184,0.4985069845403944,2.0671452283859253,2.0664737224578857,2.067816734313965,100524326912.0,1610848.0,32,0.000144,4,16,2,400,0.0,10602.0
0.8689313786370414,0.4899627112206958,1.6124586462974548,1.6126458644866943,1.612271428108215,562785878016.0,17948000.0,32,0.07071068,4,16,1,200,0.0001,6202.0
0.862012539591108,0.5139307095890954,1.1237258315086365,1.08732807636261,1.160123586654663,1000593096704.0,29212416.0,64,0.01,2,16,1,400,0.0,6202.0
0.8784151957148597,0.500919405903135,1.6156294345855713,1.6153298616409302,1.6159290075302124,317163601920.0,2622784.0,32,0.07071068,4,32,1,400,0.1,22634.0
0.6755631353173938,0.5319680301916032,1.1053742170333862,1.0831928253173828,1.1275556087493896,316550086656.0,39894848.0,64,0.07071068,8,8,1,100,0.1,1826.0
0.7813665724935985,0.5332477192083994,1.3330897688865662,1.2847414016723633,1.381438136100769,10000079519744.0,301686400.0,64,0.000144,2,16,1,100,0.0,6202.0
0.911174632254101,0.517644702678635,2.316525101661682,2.3182313442230225,2.314818859100342,661613248512.0,361856.0,64,5e-05,4,64,4,400,0.0001,286474.0
0.8248739526385352,0.4842399600006285,1.5620188117027285,1.5569342374801636,1.567103385925293,179603144704.0,409856.0,64,0.01,8,32,4,200,0.0,73610.0
0.7148919368074054,0.5511741035041355,1.318374752998352,1.1596983671188354,1.4770511388778689,5623801970688.0,179131072.0,32,0.0012,4,16,1,200,0.0,6202.0
0.6870337518907729,0.4744100897085099,1.103749454021454,1.0985941886901855,1.1089047193527222,1780117012480.0,7944320.0,64,0.01,8,32,2,400,0.0001,39626.0
0.8680532290821984,0.5,1.612543702125549,1.613901138305664,1.6111862659454346,1785385844736.0,14412608.0,64,0.5,4,16,4,400,0.1,19402.0
0.8194317065534138,0.4821628516628629,1.3166935443878174,1.2938570976257324,1.3395299911499023,5627867299840.0,5724288.0,64,5e-05,2,64,2,200,0.0,152970.0
0.86549616143817,0.4825356971649897,1.9329913854599,1.9334022998809812,1.9325804710388184,178738888704.0,195008.0,64,0.000416,4,64,2,200,0.1,152970.0
0.927260296685355,0.5023003731455121,1.6096572875976562,1.6100975275039673,1.6092170476913452,10000691888128.0,342486400.0,64,0.07071068,8,16,1,100,0.1,6202.0
0.6191185109672093,0.5509548343363262,1.044925034046173,1.045706272125244,1.044143795967102,100187725824.0,12009024.0,64,0.01,8,8,1,200,0.0,1826.0
0.6277528802553812,0.529643619344348,1.115150809288025,1.067241072654724,1.1630605459213257,10005477588992.0,85051456.0,32,0.000144,8,16,4,400,0.1,19402.0
0.9356338041169304,0.5058501298938479,1.6080628037452698,1.6098648309707642,1.6062607765197754,5628691480576.0,11381696.0,32,0.01,2,32,4,400,0.1,73610.0
0.9482856364477248,0.5054433572859991,1.6080800890922546,1.609929084777832,1.6062310934066772,3162480836608.0,92472672.0,32,0.07071068,2,16,1,400,0.0001,6202.0
0.6182873937345686,0.621717305410476,1.459069311618805,1.3539226055145264,1.5642160177230835,5624164253696.0,44111104.0,64,0.00347,2,32,1,100,0.0,22634.0
0.8966225527581715,0.4875516905671074,1.6154788732528689,1.6153807640075684,1.615576982498169,572263170048.0,1210432.0,64,0.000144,4,64,1,200,0.1,86218.0
0.9566479523976644,0.500189490261532,1.6149533987045288,1.6152675151824951,1.6146392822265625,10000646799360.0,88686048.0,32,0.07071068,8,32,1,100,0.1,22634.0
0.6897652574947902,0.5009100132045292,1.134420394897461,1.0986857414245603,1.170155048370361,3166393597952.0,26503808.0,64,0.000144,4,32,1,200,0.0001,22634.0
0.8355033198992411,0.5482200923420134,1.5051677823066711,1.3876813650131226,1.6226541996002195,1001688006656.0,4028224.0,32,0.0012,2,32,2,200,0.1,39626.0
0.597601130604744,0.6949460534822374,1.1920655369758606,1.0149636268615725,1.369167447090149,10001263362048.0,87951040.0,32,0.000416,8,16,4,100,0.0001,19402.0
10.189253273464384,0.5000154603095281,14.548189163208008,14.730660438537598,14.365717887878418,1794173304832.0,7594752.0,64,0.5,4,32,2,400,0.1,39626.0
0.91856849193573,0.499981552362442,1.6059368252754211,1.6070457696914673,1.604827880859375,1778324340736.0,98259040.0,32,0.07071068,2,8,2,200,0.0,3002.0
0.616246128366107,0.5374985741717475,1.053835690021515,1.0379856824874878,1.069685697555542,316948480000.0,9936544.0,32,0.01,8,8,4,200,0.0001,5354.0
0.922556249868302,0.5,1.610813021659851,1.6108007431030271,1.6108253002166748,3162337443840.0,181870848.0,32,0.07071068,2,8,2,100,0.0001,3002.0
0.9960069429306756,0.5,1.6243939995765686,1.6273741722106934,1.6214138269424438,5625704087552.0,47068288.0,64,0.5,4,32,1,200,0.0,22634.0
0.6698499350320726,0.5231163430781591,1.1684969663619995,1.1325767040252686,1.2044172286987305,100079853568.0,5544416.0,32,0.01,2,8,2,200,0.0,3002.0
0.6124001869133541,0.6219153347469512,1.0304489731788635,1.0137743949890137,1.0471235513687134,1780613513216.0,14855520.0,32,0.00347,4,32,1,200,0.0001,22634.0
0.9498163972582137,0.4998730009510403,1.6124548316001892,1.6130982637405396,1.6118113994598389,5632576978944.0,11468864.0,64,0.07071068,2,32,4,200,0.0,73610.0
0.89831014474233,0.5091050728445962,1.7386619448661804,1.7349328994750977,1.7423909902572632,319519981568.0,648256.0,32,0.000144,2,32,4,200,0.1,73610.0
1.0451933372588385,0.5,1.644155740737915,1.647502303123474,1.640809178352356,1778651496448.0,201753088.0,64,0.5,4,8,1,200,0.0001,1826.0
0.7258684358426503,0.5428049486307871,1.137416422367096,1.1393836736679075,1.1354491710662842,102090661888.0,3440704.0,64,0.00347,8,16,1,200,0.0001,6202.0
1.0338350846653892,0.5015955496402014,1.6305638551712036,1.632627248764038,1.6285004615783691,564685635584.0,8531712.0,64,0.5,2,16,2,400,0.1,10602.0
0.9170578576269603,0.4995706975460052,1.6118113994598389,1.6122626066207886,1.6113601922988892,1778364841984.0,7537088.0,64,0.07071068,4,32,2,200,0.0,39626.0
0.8763134933653332,0.5091708983693805,2.214099168777466,2.214972734451294,2.2132256031036377,108815384576.0,246208.0,64,5e-05,8,32,4,200,0.0001,73610.0
0.6420915701559612,0.5523954381545385,1.070634126663208,1.0630348920822144,1.0782333612442017,1780426342400.0,4023552.0,32,0.0012,8,64,1,100,0.0001,86218.0
0.7091684057599023,0.5276272169181279,1.1032678484916687,1.1009576320648191,1.105578064918518,100123566080.0,11360896.0,32,0.07071068,4,8,1,200,0.0001,1826.0
0.7603497590337481,0.519503523906072,1.2237063646316528,1.2167290449142456,1.23068368434906,1780467630080.0,8029792.0,32,5e-05,8,32,2,100,0.0,39626.0
0.9349092699232556,0.5513102192254293,1.387574553489685,1.3642503023147583,1.4108988046646118,1832723808256.0,1889024.0,64,0.01,2,64,2,400,0.0,152970.0
0.8801937330336798,0.5,1.61383718252182,1.6137378215789795,1.6139365434646606,562547720192.0,32349952.0,64,0.5,2,8,2,100,0.1,3002.0
0.6999594242799849,0.4700352592127664,1.164911866188049,1.1393603086471558,1.1904634237289429,3208137146368.0,3684480.0,64,0.00347,8,64,2,200,0.0,152970.0
1.0197104102089292,0.5,1.6314064860343933,1.6336991786956787,1.629113793373108,564628226048.0,2285184.0,64,0.5,2,32,2,100,0.0001,39626.0
0.62024706247307,0.5366838574409485,1.1626547574996948,1.0887044668197632,1.2366050481796265,1002450190336.0,8108800.0,32,0.00347,4,16,4,400,0.0001,19402.0
0.6110752459083285,0.5491859040090016,1.032140076160431,1.029346227645874,1.0349339246749878,1000855306240.0,31844736.0,64,0.0012,4,16,1,200,0.1,6202.0
0.964897252264477,0.5008842590309325,1.6162700653076172,1.6170063018798828,1.6155338287353516,316616704000.0,5172160.0,32,0.07071068,4,16,2,200,0.1,10602.0
0.889073888460795,0.5,1.610089361667633,1.609905481338501,1.6102732419967651,10000249389056.0,326446144.0,32,0.07071068,8,8,4,100,0.0001,5354.0
0.911920482204074,0.4995001625447046,1.6049835085868835,1.6063061952590942,1.6036608219146729,1778362220544.0,52911648.0,32,0.07071068,4,8,4,200,0.0001,5354.0
0.7445757133620126,0.4867762540067945,1.3407024145126345,1.339177489280701,1.342227339744568,255894355968.0,566272.0,64,0.00347,8,64,1,400,0.1,86218.0
0.8996131221453348,0.5000419418017069,1.606415331363678,1.608217477798462,1.604613184928894,1001539043328.0,4486272.0,64,0.07071068,8,32,2,200,0.0,39626.0
0.7687954803307852,0.516637079062916,1.3251219987869265,1.3231210708618164,1.327122926712036,1113698205696.0,627648.0,64,0.0012,8,64,4,200,0.1,286474.0
0.6350439637899399,0.5325088586126056,1.0470933318138125,1.022884726524353,1.0713019371032717,1781337554944.0,15609344.0,64,0.01,8,16,4,100,0.0,19402.0
0.9321985187984648,0.4905460235618409,1.6192275881767273,1.6205302476882937,1.6179249286651611,101914099712.0,795328.0,32,0.07071068,2,32,1,200,0.0,22634.0
0.903055455003466,0.5144386270216533,2.003385663032532,2.006316661834717,2.0004546642303467,184132288512.0,1414656.0,64,0.000144,2,16,4,400,0.0001,19402.0
0.5434831714346295,0.7680104403268724,0.9283815324306488,0.9207038283348083,0.9360592365264891,10000439181312.0,163331232.0,32,0.01,4,16,2,200,0.0,10602.0
0.6274319816203344,0.5329742247150058,1.2468682527542114,1.1654192209243774,1.3283172845840454,5657483804672.0,3097632.0,32,0.0012,4,64,4,200,0.0001,286474.0
0.8646331230799357,0.5,1.62378591299057,1.6229708194732666,1.6246010065078735,316402827264.0,9549760.0,32,0.5,2,16,1,100,0.0,6202.0
0.865987533614749,0.5099163225718907,2.117312788963318,2.117878198623657,2.1167473793029785,184777326592.0,399168.0,32,5e-05,4,32,4,200,0.0,73610.0
0.9280804480825152,0.5,1.6105507612228394,1.6109822988510132,1.6101192235946655,10000768434176.0,326475264.0,64,0.07071068,8,8,4,100,0.0001,5354.0
0.711432546377182,0.5619516727470216,1.14625483751297,1.1168395280838013,1.175670146942139,1778364841984.0,7537088.0,64,0.000416,4,32,2,200,0.0001,39626.0
0.8680202478454226,0.4995449199562981,1.2504209280014038,1.242308259010315,1.258533596992493,104715108352.0,1768992.0,32,0.00347,8,16,2,400,0.1,10602.0
0.6425676778668449,0.5444031073933556,1.081571877002716,1.079169750213623,1.083974003791809,100316364800.0,1662272.0,32,0.01,4,16,2,100,0.1,10602.0
0.92244101138342,0.5,1.6226589679718018,1.6240434646606443,1.621274471282959,1023663865856.0,2180480.0,64,0.5,4,32,4,200,0.0,73610.0
0.7029024213552475,0.5415290097395579,1.216390609741211,1.154233455657959,1.278547763824463,5623946149888.0,12117504.0,32,5e-05,4,32,4,100,0.0001,73610.0
0.8765874561809358,0.5023621512310845,1.7409407496452332,1.737523913383484,1.7443575859069824,197723160576.0,412608.0,64,0.0012,2,32,4,400,0.0,73610.0
0.6169495923178536,0.5531483661560785,1.050047218799591,1.0512207746505735,1.0488736629486084,100187725824.0,12009024.0,64,0.01,8,8,1,200,0.1,1826.0
0.7879719166528611,0.5041173348824183,1.4456268548965454,1.4389348030090332,1.4523189067840576,3212375752704.0,1731456.0,32,0.000144,4,64,4,400,0.0,286474.0
0.8911294823601132,0.4997483051958538,1.6236082315444946,1.625550627708435,1.6216658353805542,178248466432.0,2749216.0,32,0.07071068,2,16,2,200,0.0001,10602.0
1.0630913483245032,0.5762650931165332,1.6073103547096252,1.4746276140213013,1.7399930953979492,3164177170432.0,24781184.0,64,0.000416,2,32,1,100,0.0,22634.0
0.6408153247265589,0.5319347956350872,1.013601005077362,1.0120114088058472,1.015190601348877,1000307949568.0,34276416.0,32,0.0012,8,16,1,100,0.0,6202.0
0.8018918016127178,0.5830096276033492,1.263771951198578,1.1841773986816406,1.3433665037155151,3162792525824.0,6336512.0,64,0.0012,2,64,1,100,0.0,86218.0
0.94486741792588,0.5,1.6128689050674438,1.6127407550811768,1.612997055053711,3162321190912.0,92985216.0,32,0.07071068,2,8,4,100,0.0,5354.0
0.9696022527558464,0.5200178750923702,1.1959657073020935,1.173837661743164,1.218093752861023,1000997650432.0,7882464.0,32,0.01,2,32,1,100,0.1,22634.0
0.9586644626799083,0.4992808217094058,1.6042181849479675,1.6044813394546509,1.6039550304412842,325438865408.0,183552.0,64,0.00347,8,64,4,200,0.0,286474.0
0.7761890519232977,0.4839732462451571,1.2250433564186096,1.2206531763076782,1.229433536529541,121571909632.0,272384.0,64,0.00347,8,64,1,100,0.0001,86218.0
0.7475524793068568,0.5261602572032383,1.2807299494743347,1.2596088647842407,1.3018510341644287,331321540608.0,745536.0,64,0.01,8,64,1,100,0.0001,86218.0
0.7741628530479613,0.5039848678168797,1.1314218044281006,1.1149892807006836,1.1478543281555176,179473612800.0,1515456.0,64,0.00347,4,32,1,100,0.1,22634.0
3.286903733298892,0.480211249419621,20.549824714660645,20.503990173339844,20.595659255981445,180397441024.0,1506496.0,64,0.5,4,32,1,200,0.1,22634.0
1.0058723233994984,0.5,1.623940110206604,1.626286506652832,1.621593713760376,3165129277440.0,24639808.0,32,0.5,2,32,1,400,0.0,22634.0
0.8642477861472538,0.5326281771773383,1.8490384221076963,1.647774338722229,2.050302505493164,3162319355904.0,25073600.0,64,0.000416,2,16,4,100,0.0001,19402.0
0.9092366042591276,0.4827837333792731,1.7310165762901306,1.7333043813705444,1.7287287712097168,1786275430400.0,8013120.0,64,5e-05,8,32,2,200,0.1,39626.0
0.7038556614092418,0.6206592605227516,1.16395503282547,1.0540748834609983,1.2738351821899414,10000298672128.0,321762784.0,32,0.0012,4,16,1,100,0.0001,6202.0
0.913985394296192,0.4772509733835856,1.6220192909240725,1.623034119606018,1.6210044622421265,1000031846400.0,2253888.0,64,0.01,8,32,4,100,0.0001,73610.0
0.9238112086341494,0.4836310410783404,1.780333399772644,1.7823368310928345,1.7783299684524536,1005140246528.0,4251840.0,64,5e-05,4,32,2,200,0.1,39626.0
0.8909322704587664,0.5,1.609447181224823,1.6107072830200195,1.6081870794296265,5625462390784.0,175145984.0,64,0.5,4,16,1,400,0.0001,6202.0
0.8772939954485212,0.5,1.6227734684944153,1.6238247156143188,1.6217222213745115,562417434624.0,16777984.0,32,0.5,2,16,1,200,0.0,6202.0
0.8602080401920137,0.5002339496499016,1.640219271183014,1.6415736675262451,1.6388648748397827,3166249680896.0,7191488.0,32,0.07071068,8,32,4,200,0.0,73610.0
0.8037628659180233,0.4751499990622203,1.3196176290512085,1.2969964742660522,1.3422387838363647,564628226048.0,2285184.0,64,0.000144,2,32,2,100,0.0001,39626.0
0.7942789565949213,0.4880825593357994,1.250804781913757,1.246643304824829,1.2549662590026855,317092495360.0,5162304.0,64,0.000416,4,16,2,200,0.0,10602.0
0.5920799821615219,0.5923564732074738,1.047090470790863,1.0361649990081787,1.0580159425735474,3176823521280.0,3419904.0,32,0.00347,4,64,2,200,0.0001,152970.0
0.988793739250728,0.5,1.635471761226654,1.6358777284622192,1.6350657939910889,10000614293504.0,78552480.0,32,0.5,2,32,1,100,0.0001,22634.0
0.7120970799809411,0.490214215857642,1.1604402661323547,1.1504844427108765,1.170396089553833,1000342552576.0,17223424.0,64,0.000416,8,16,2,200,0.0001,10602.0
5.714527405443645,0.5,506.9478912353516,510.6618041992188,503.2339782714844,398361198592.0,895424.0,64,0.5,8,32,4,400,0.1,73610.0
1.0120145508221217,0.5006120041722343,1.4565072655677795,1.4397770166397097,1.4732375144958496,316717400064.0,175328.0,32,0.00347,4,64,4,200,0.1,286474.0
0.9283599938665118,0.5,1.6109858751296997,1.6137763261795044,1.608195424079895,10000214786048.0,297815936.0,32,0.5,4,8,4,200,0.1,5354.0
0.7262053510972432,0.5151632484935579,1.188844084739685,1.1886178255081177,1.1890703439712524,1002577002496.0,33945024.0,64,0.000144,8,16,1,200,0.0001,6202.0
0.7530818347420011,0.5758388496580578,1.205451786518097,1.1237043142318726,1.2871992588043213,3162717552640.0,6351072.0,32,0.0012,2,64,1,200,0.0,86218.0
0.7296978902249109,0.5602042838221505,1.2141878008842468,1.1591925621032717,1.2691830396652222,317182345216.0,4941824.0,64,0.0012,2,16,2,100,0.0,10602.0
0.6345260902529671,0.5788333962361017,1.0739447474479675,1.06351637840271,1.084373116493225,178811174912.0,3119488.0,32,0.01,8,16,2,100,0.0,10602.0
0.6525749777044568,0.5563050522690728,1.049433350563049,1.0484834909439087,1.05038321018219,562714640384.0,19082272.0,32,0.00347,8,16,1,200,0.0001,6202.0
0.6813832308564868,0.5508434644767216,1.074569582939148,1.0663797855377195,1.0827593803405762,1787095285760.0,4026720.0,32,0.0012,8,64,1,200,0.1,86218.0
0.5772810315801984,0.6305696637857527,0.9896211624145508,0.9793401956558228,0.9999021291732788,10010817986560.0,42253376.0,64,0.01,4,32,2,400,0.0001,39626.0
0.8883760443755558,0.4782160215434574,1.456933856010437,1.3940033912658691,1.5198643207550049,181799419904.0,372896.0,32,0.0012,2,32,4,200,0.0001,73610.0
0.7983551855598178,0.4761592270362945,1.2431678175926208,1.205567717552185,1.2807679176330566,100896702464.0,1754304.0,32,0.01,8,16,2,200,0.0001,10602.0
0.6199634032590049,0.5434783824852535,1.0937050580978394,1.0667073726654053,1.1207027435302734,3166588370944.0,26826752.0,64,0.0012,8,16,4,400,0.0,19402.0
0.5811984759001505,0.6192550290198553,0.9913635551929474,0.9782995581626892,1.0044275522232056,3163612250112.0,47775424.0,64,0.01,2,16,2,400,0.0,10602.0
0.9070937860579718,0.5,1.6180435419082642,1.6196730136871338,1.6164140701293943,178193711104.0,10988096.0,32,0.5,8,8,2,200,0.0001,3002.0
0.9084007867744992,0.5336123633952368,1.400563359260559,1.3677544593811035,1.4333722591400146,1056133480448.0,549120.0,64,0.00347,2,64,4,200,0.0,286474.0
0.8112619540521077,0.5223298221826553,1.4888546466827393,1.3977669477462769,1.5799423456192017,1785728991232.0,3656256.0,64,0.000416,2,32,4,100,0.1,73610.0
0.8588173133986337,0.5136389654307139,2.3597253561019897,2.3579037189483643,2.3615469932556152,577359118336.0,620800.0,64,5e-05,4,64,2,400,0.1,152970.0
0.6348200561035247,0.5399773170550665,1.3258774280548096,1.2071363925933838,1.4446184635162354,3162886373376.0,24788800.0,64,0.01,2,16,4,200,0.0001,19402.0
0.8037052551905314,0.4819574512186504,1.3263965249061584,1.3251234292984009,1.327669620513916,5633386479616.0,94902464.0,64,5e-05,8,16,2,400,0.1,10602.0
0.761302188748405,0.501390604036195,1.21990305185318,1.1892870664596558,1.250519037246704,3198969708544.0,1650432.0,64,0.000416,2,64,4,200,0.1,286474.0
0.9575799327521096,0.465771945459502,1.3520905375480652,1.2992337942123413,1.404947280883789,107570167808.0,847808.0,64,0.00347,2,32,1,400,0.0,22634.0
0.8629620188758487,0.5237623282841274,1.6187167763710022,1.6175031661987305,1.619930386543274,1779606618112.0,15763680.0,32,0.07071068,8,32,1,100,0.1,22634.0
0.8931380623862857,0.4982808147157941,1.608319342136383,1.6088945865631104,1.6077440977096558,317074735104.0,8944256.0,64,0.07071068,2,8,4,200,0.0001,5354.0
0.8965237963767279,0.4627611395858583,1.4034851789474487,1.3211671113967896,1.485803246498108,564851310592.0,2217920.0,64,0.0012,2,32,2,400,0.1,39626.0
0.5839418144453139,0.7223925306683495,0.9614591300487518,0.9486685395240784,0.9742497205734252,3162349240320.0,103210464.0,32,0.01,8,8,4,100,0.0001,5354.0
0.8181396552494594,0.4769229065804254,1.555777072906494,1.5534491539001465,1.5581049919128418,3180308463616.0,3447808.0,64,5e-05,4,64,2,200,0.1,152970.0
0.769729482276099,0.4799314077411379,1.2527614831924438,1.240842342376709,1.2646806240081787,5638506151936.0,6405824.0,64,5e-05,8,64,2,100,0.1,152970.0
0.8887164025079637,0.5,1.6222222447395325,1.6206982135772705,1.6237462759017944,10000915234816.0,79253248.0,64,0.5,2,16,4,100,0.0001,19402.0
0.6150688727696737,0.5073670035316831,0.9865740537643432,0.9866394996643066,0.98650860786438,1778440732672.0,60904896.0,32,0.01,8,16,1,100,0.0001,6202.0
0.8439459942636036,0.4995465065751757,1.9879392385482788,1.9874329566955569,1.988445520401001,564685635584.0,8531712.0,64,5e-05,2,16,2,400,0.1,10602.0
0.8851173108532315,0.5188118850901013,1.6316606998443604,1.6310499906539917,1.632271409034729,108815384576.0,246208.0,64,0.01,8,32,4,200,0.1,73610.0
0.8822903831799825,0.4958964529491606,1.7240847945213318,1.7220301628112793,1.7261394262313845,3170771927040.0,27969024.0,64,0.5,8,32,1,200,0.1,22634.0
0.8001628574870882,0.5221156712089267,2.011503219604492,2.0106101036071777,2.012396335601806,179473612800.0,1515456.0,64,5e-05,4,32,1,100,0.0,22634.0
12.08786305927095,0.4993403837794349,70.04776382446289,70.74071502685547,69.35481262207031,566295199744.0,4403520.0,32,0.5,2,32,1,400,0.1,22634.0
0.865504842428934,0.5041785410472325,1.2681342363357544,1.2164971828460691,1.3197712898254397,578623504384.0,2569536.0,64,0.00347,8,32,2,400,0.0001,39626.0
0.6229719122250875,0.5405270492746717,1.1280860304832458,1.0721266269683838,1.184045433998108,10023462764544.0,5434496.0,64,0.000416,4,64,4,100,0.0,286474.0
0.6150806759084974,0.5598814700331006,1.0391283631324768,1.0405356884002686,1.037721037864685,5624074600448.0,190544512.0,64,0.000144,8,16,1,200,0.0001,6202.0
0.6576390812794367,0.5971460881687346,1.0812600255012512,1.051200032234192,1.1113200187683103,5625704087552.0,47068288.0,64,0.0012,4,32,1,200,0.0,22634.0
0.948524460906074,0.5,1.614230453968048,1.6156820058822632,1.612778902053833,1779566903296.0,110224576.0,64,0.5,8,8,2,200,0.1,3002.0
0.6375051878747486,0.6214810538859594,1.0242503881454468,1.0012983083724976,1.047202467918396,10002451398656.0,22531808.0,32,0.0012,8,64,1,100,0.0001,86218.0
0.8064471554188501,0.4885459897064027,1.2751235961914062,1.2564911842346191,1.2937560081481934,100213145600.0,790048.0,32,0.0012,2,16,4,200,0.0001,19402.0
0.9175377999033246,0.5,1.6074078679084778,1.6094367504119873,1.6053789854049685,100694171648.0,2628800.0,64,0.5,2,8,4,400,0.0001,5354.0
0.9047269111587888,0.4974584991023654,1.608780801296234,1.6104390621185305,1.607122540473938,141723516928.0,78592.0,64,0.00347,8,64,4,100,0.0,286474.0
0.5979194981711251,0.6595487509454999,1.3230569958686829,1.146320104598999,1.4997938871383667,3162842071040.0,26123872.0,32,0.0012,4,16,4,200,0.0001,19402.0
0.920336785770598,0.5025469476268405,1.652552843093872,1.6537801027297974,1.6513255834579468,179826163712.0,2852544.0,32,0.07071068,4,16,2,400,0.0,10602.0
0.8518387448220026,0.4768776418197722,1.4235786199569702,1.375721096992493,1.4714361429214478,577614577664.0,1184384.0,64,0.0012,2,32,4,400,0.1,73610.0
0.8376217654773167,0.5287235336644309,1.80192106962204,1.8033597469329836,1.8004823923110962,5688828887040.0,6142784.0,64,0.01,4,64,2,400,0.1,152970.0
0.8836829520407177,0.501445274977457,1.6110001802444458,1.6114150285720823,1.610585331916809,10001584226304.0,331301696.0,64,0.07071068,8,16,1,400,0.0,6202.0
0.9455336133639016,0.5,1.6136071681976318,1.6166179180145264,1.6105964183807373,565113192448.0,16319488.0,64,0.5,8,8,4,400,0.0001,5354.0
0.934263166927156,0.4999529875460125,1.6127196550369265,1.613528609275818,1.611910700798035,1779288506368.0,57954240.0,64,0.07071068,8,8,4,100,0.0001,5354.0
0.6175182710091273,0.5553800697837558,1.0920057892799375,1.0464365482330322,1.1375750303268433,1001751642112.0,16519296.0,64,0.0012,4,16,2,100,0.0,10602.0
0.9179844416323162,0.5902629622391292,1.6169525980949402,1.5013349056243896,1.7325702905654907,5624160059392.0,44012288.0,32,0.000416,2,32,1,200,0.1,22634.0
0.6531065212828773,0.4867251181886309,1.7526941299438477,1.704760193824768,1.8006280660629272,5623653597184.0,165405824.0,32,0.01,2,8,4,100,0.1,5354.0
0.7108381277038938,0.537835989679609,1.1694937348365784,1.1485835313796997,1.190403938293457,3166392287232.0,6690624.0,64,0.000144,4,64,1,200,0.1,86218.0
0.6446134249369303,0.5138154590413684,1.1093721985816956,1.0930864810943604,1.1256579160690308,563541901312.0,4930688.0,64,0.01,8,16,4,100,0.1,19402.0
0.954282658440726,0.5001672165734428,1.607884645462036,1.610135555267334,1.6056337356567385,10010817986560.0,42253376.0,64,0.07071068,4,32,2,400,0.0001,39626.0
0.6666976284413111,0.5606638874326434,1.1016157865524292,1.0976992845535278,1.1055322885513306,1800047427584.0,4057344.0,64,0.00347,8,64,1,400,0.0,86218.0
0.8967502599670774,0.4960824435665494,1.6084394454956057,1.609650492668152,1.607228398323059,101757026304.0,2981152.0,32,0.07071068,8,8,4,400,0.0001,5354.0
0.7953925317242032,0.5052505483229955,1.3811385035514832,1.3852109909057615,1.3770660161972046,1236890681344.0,709824.0,64,0.00347,8,64,4,400,0.0001,286474.0
0.8157989113103776,0.4796834375177111,1.4164624214172363,1.4106768369674685,1.4222480058670044,183879352320.0,200384.0,32,0.000416,4,64,2,100,0.0001,152970.0
1.6590150126389094,0.5380452637161527,2.7090452909469604,2.7025351524353027,2.715555429458618,10000021848064.0,1059973888.0,32,0.01,2,8,1,200,0.1,1826.0
0.5932220887570154,0.6553652229763213,1.3073837757110596,1.1319921016693115,1.4827754497528076,5623571808256.0,45463936.0,32,0.0012,4,16,4,400,0.0001,19402.0
0.6098585015251523,0.6329837725276038,0.9811590611934662,0.9810841083526612,0.9812340140342712,5624164253696.0,44111104.0,64,0.01,2,32,1,100,0.0,22634.0
0.6376122470412936,0.5418573454731986,1.107444941997528,1.0879796743392944,1.1269102096557615,317247029248.0,2497120.0,32,0.01,2,16,4,200,0.0,19402.0
0.8790496332304818,0.4725831278732845,1.6153366565704346,1.6161068677902222,1.614566445350647,100279934976.0,3001696.0,32,0.07071068,2,16,1,200,0.0,6202.0
0.9163549684342884,0.5000001759756179,1.6062524914741516,1.6076618432998655,1.6048431396484375,10008665260032.0,22485664.0,32,0.07071068,8,32,4,400,0.0,73610.0
0.9740475245884488,0.5,1.6108090281486511,1.613165259361267,1.6084527969360352,318356062208.0,10753664.0,64,0.5,8,16,1,200,0.0001,6202.0
0.8245224101202828,0.4975121872765677,2.182860016822815,2.18202543258667,2.18369460105896,100896702464.0,1754304.0,32,5e-05,8,16,2,200,0.0,10602.0
0.8480992288816542,0.5041050896758125,1.4161123633384705,1.4074140787124634,1.4248106479644775,562730434560.0,4329536.0,64,0.000416,2,16,4,400,0.0,19402.0
0.910866033463251,0.5162079121385302,2.251713871955872,2.2526352405548096,2.2507925033569336,108275867648.0,56192.0,32,5e-05,2,64,4,100,0.1,286474.0
0.7052867937655676,0.6435329261280242,2.6844574213027954,2.4531209468841557,2.9157938957214355,10000489512960.0,79290912.0,32,0.000416,2,16,4,100,0.0001,19402.0
0.9040935096286592,0.5026453875360035,1.60581773519516,1.607120394706726,1.6045150756835938,3164297756672.0,53254016.0,64,0.07071068,8,16,2,400,0.0,10602.0
0.6563748057399478,0.5273804025990623,1.111939787864685,1.08920419216156,1.13467538356781,1787087552512.0,7961280.0,32,0.0012,8,32,2,400,0.0,39626.0
0.9375689370291572,0.500445279337111,1.609549641609192,1.611276388168335,1.6078228950500488,1009455988736.0,2066944.0,64,0.07071068,2,32,4,200,0.0,73610.0
1.0868497859864008,0.5,1.648365080356598,1.6494847536087036,1.6472454071044922,316616704000.0,5172160.0,32,0.5,4,16,2,200,0.0,10602.0
0.9305650393168132,0.5068918225311098,1.6126527190208435,1.614978313446045,1.610327124595642,1006872494080.0,4506976.0,32,0.07071068,8,32,2,200,0.0,39626.0
0.8096159895261129,0.49326206105096,1.266884982585907,1.249001145362854,1.28476881980896,582945800192.0,616512.0,32,0.000416,4,64,2,200,0.0,152970.0
0.6107845590228126,0.5258469978968302,1.0872610807418823,1.0361452102661133,1.1383769512176514,5626848608256.0,94906560.0,32,0.01,8,16,2,400,0.1,10602.0
0.951772201628912,0.5048169025353023,1.6114449501037598,1.6143203973770142,1.6085695028305054,100976394240.0,2851968.0,64,0.07071068,2,8,4,200,0.0001,5354.0
0.8402302236784072,0.5076233645280203,1.2420375347137451,1.2292815446853638,1.2547935247421265,598882189312.0,332704.0,32,0.0012,4,64,4,200,0.1,286474.0
0.5893170705863408,0.6917905211448669,1.3536676168441772,1.1119461059570312,1.5953891277313232,10004257046528.0,82752128.0,64,0.0012,4,16,4,200,0.0,19402.0
0.8830140573637826,0.5071193753253846,1.6538909077644348,1.6462998390197754,1.6614819765090942,327782793216.0,659424.0,32,0.000416,2,32,4,400,0.0,73610.0
0.7889471266950879,0.5212102610440481,1.544938862323761,1.5427391529083252,1.5471385717391968,179169280000.0,1490784.0,32,0.000144,4,32,1,200,0.0,22634.0
0.6214757320426759,0.4316255308332897,1.112570822238922,1.098382592201233,1.126759052276611,3168908345344.0,3634816.0,32,0.0012,8,64,2,400,0.0,152970.0
0.6109626300278164,0.5601673026879629,1.052678465843201,1.02327561378479,1.082081317901611,5626848608256.0,94906560.0,32,0.000416,8,16,2,400,0.0,10602.0
0.7511711787609827,0.5181673382009778,1.2569920420646667,1.2472901344299316,1.266693949699402,570177421312.0,1148160.0,64,0.000144,2,64,1,100,0.0001,86218.0
0.6770118411098208,0.5347129638705935,1.111518681049347,1.100877046585083,1.1221603155136108,100874190848.0,1666240.0,64,0.01,4,16,2,100,0.1,10602.0
0.7908640170381183,0.5469608037244706,1.1668482422828674,1.163741946220398,1.169954538345337,320771293184.0,640544.0,32,0.00347,2,64,1,400,0.0,86218.0
0.7007202747322264,0.7158971726894379,1.1664231419563291,1.147457718849182,1.1853885650634766,3163612250112.0,47775424.0,64,0.00347,2,16,2,400,0.0001,10602.0
0.829501850264413,0.4970025476955232,1.3780911564826963,1.3688771724700928,1.3873051404953003,319862865920.0,1356288.0,64,0.0012,4,32,2,400,0.1,39626.0
0.880179070291065,0.5,1.6605420112609863,1.657088279724121,1.6639957427978516,102325788672.0,1788736.0,64,0.5,8,16,2,100,0.0,10602.0
0.9102124770482382,0.5164419128781274,1.6830238699913025,1.6802411079406738,1.6858066320419312,568584699904.0,1292864.0,64,0.000416,8,32,4,200,0.1,73610.0
0.9084322736376808,0.5153150991314933,1.9232802391052248,1.924479961395264,1.922080516815185,582310690816.0,1311936.0,32,0.000144,8,32,4,400,0.0001,73610.0
0.6195125288906551,0.4935769268444606,1.108936369419098,1.0723235607147217,1.145549178123474,5626848608256.0,94906560.0,32,0.000144,8,16,2,400,0.1,10602.0
0.6491226035924185,0.5464080217338744,1.192923665046692,1.1093615293502808,1.276485800743103,1783413473280.0,3842464.0,32,0.000416,4,32,4,100,0.0001,73610.0
0.9060987943694704,0.5,1.6465137600898745,1.6490271091461182,1.6440004110336304,100526080000.0,1550496.0,32,0.5,2,16,2,200,0.0,10602.0
0.8312055667241415,0.4980792644478026,2.11954116821289,2.1187744140625,2.120307922363281,100322099200.0,1633120.0,32,5e-05,4,16,2,200,0.1,10602.0
0.6246031707241422,0.5573325213931856,1.4125769138336182,1.35433030128479,1.4708235263824463,5625354911744.0,86690944.0,64,0.000144,2,16,2,200,0.0001,10602.0
0.9310403721673148,0.5149923442375093,1.9179686307907104,1.918963074684143,1.9169741868972776,191470993408.0,424480.0,32,0.000416,8,32,4,400,0.0,73610.0
0.8395498196283976,0.5345761272169295,1.213585078716278,1.215118646621704,1.212051510810852,1788089729024.0,4003296.0,32,0.01,8,32,4,400,0.1,73610.0
0.6356082182554972,0.5317927095152083,1.0775359272956848,1.0772939920425415,1.077777862548828,5732368384000.0,6428288.0,64,0.0012,8,64,2,400,0.0,152970.0
0.8146304885546366,0.4692616008576892,1.2817798256874084,1.2829593420028689,1.2806003093719482,185801981952.0,199872.0,32,0.01,4,64,2,200,0.0,152970.0
0.9150519995462328,0.5004958765847343,1.6160354018211365,1.6179143190383911,1.6141564846038818,5626153926656.0,25061824.0,64,0.07071068,8,32,2,400,0.1,39626.0
0.9010623892148336,0.5,1.620188295841217,1.624042272567749,1.616334319114685,574130290688.0,2537568.0,32,0.5,8,32,2,400,0.1,39626.0
0.8937601532254901,0.5036594371000925,1.6077488660812378,1.6086279153823853,1.6068698167800903,562678792192.0,31064384.0,64,0.07071068,2,8,2,200,0.0001,3002.0
0.8333998095421564,0.5615829527378082,1.2891197204589844,1.2863972187042236,1.2918422222137451,121571909632.0,272384.0,64,0.01,8,64,1,100,0.0,86218.0
0.8802962927591234,0.5035730713889712,1.5762214064598083,1.5754423141479492,1.5770004987716677,104715108352.0,1768992.0,32,0.0012,8,16,2,400,0.0,10602.0
0.6863786450454167,0.4995955186230795,1.126770555973053,1.1289814710617063,1.1245596408843994,179883311104.0,5966688.0,32,0.00347,8,16,1,400,0.0001,6202.0
0.7524551444110417,0.5087876703057971,1.214189529418945,1.2070770263671875,1.2213020324707031,1780426342400.0,4023552.0,32,5e-05,8,64,1,100,0.1,86218.0
0.9221856764384678,0.4829974075158437,1.9625524878501888,1.9631975889205933,1.9619073867797847,572263170048.0,1210432.0,64,5e-05,4,64,1,200,0.0,86218.0
0.9884517590204874,0.4984784764902932,1.61973774433136,1.6210803985595703,1.6183950901031494,317506715648.0,5567232.0,64,0.5,8,16,2,100,0.1,10602.0
0.8924763713564191,0.509335492338453,1.636918842792511,1.6382356882095337,1.6356019973754885,103530905600.0,837920.0,32,0.0012,4,16,4,400,0.0001,19402.0
0.6141574631134669,0.5729552180994124,1.0225103497505188,1.0065292119979858,1.0384914875030518,3162688978944.0,14230048.0,32,0.00347,8,32,2,100,0.1,39626.0
0.936693807442983,0.4826916534276235,1.7774266600608826,1.778725266456604,1.7761280536651611,598080618496.0,1359840.0,32,0.000144,8,64,1,400,0.1,86218.0
0.8641668359438578,0.5,1.6243270635604858,1.6239453554153442,1.6247087717056274,10001421697024.0,42611392.0,32,0.5,4,32,2,100,0.0001,39626.0
0.8542774007433936,0.5454658716917038,1.1559166312217712,1.1227222681045532,1.1891109943389893,1779765608448.0,51919744.0,64,0.01,2,16,1,400,0.1,6202.0
0.8745922304335094,0.5,1.658995509147644,1.655176043510437,1.662814974784851,316291514368.0,4927872.0,32,0.5,2,16,2,100,0.1,10602.0
0.8211618704455239,0.4860081076622009,1.3297409415245056,1.3287105560302734,1.3307713270187378,1004002607104.0,16943328.0,32,0.000144,8,16,2,400,0.0001,10602.0
0.8400829491161165,0.5160037910654431,2.171264171600342,2.170386552810669,2.172141790390014,1791166382080.0,1980288.0,64,5e-05,8,64,2,400,0.1,152970.0
0.9108804407573882,0.5202724046650387,2.3421592712402344,2.344123125076294,2.340195417404175,325438865408.0,183552.0,64,5e-05,8,64,4,200,0.0001,286474.0
0.7737160764989399,0.5332984016055152,1.6910115480422974,1.6900032758712769,1.692019820213318,100155400192.0,891488.0,32,0.000144,8,32,1,100,0.0,22634.0
0.8285771750268482,0.5161186761799312,2.253220796585083,2.2526440620422363,2.2537975311279297,107570167808.0,847808.0,64,5e-05,2,32,1,400,0.0001,22634.0
5.672727122193291,0.5034370379788535,212.6529541015625,212.08837890625,213.217529296875,184462376960.0,771040.0,32,0.5,4,32,2,400,0.0,39626.0
0.9712057596161252,0.4296622013761884,1.3274873495101929,1.1710726022720337,1.483902096748352,5625431982080.0,11220000.0,32,0.01,2,64,1,100,0.1,86218.0
0.7935149783179873,0.5248378124975023,1.9485476613044737,1.9471148252487185,1.9499804973602293,318480384000.0,2492800.0,64,5e-05,2,32,1,200,0.0001,22634.0
0.7953388549032665,0.5106158526170821,1.223454833030701,1.2156786918640137,1.2312309741973877,104558616576.0,233920.0,32,0.0012,8,64,1,100,0.0001,86218.0
0.8948441630318051,0.5,1.621659517288208,1.6221178770065308,1.6212011575698853,316609462272.0,2502112.0,32,0.5,2,16,4,100,0.1,19402.0
0.6913259050675801,0.5547832087391898,1.1825660467147827,1.175844430923462,1.1892876625061035,104097841152.0,208576.0,64,0.00347,2,64,1,100,0.1,86218.0
5.714527405443645,0.5006277447655088,121.13681411743164,121.6799087524414,120.59371948242188,101711036416.0,790784.0,64,0.5,2,32,1,200,0.0,22634.0
0.7427741054977689,0.4948288386776334,1.1999172568321228,1.1668596267700195,1.232974886894226,1781120237568.0,13954176.0,64,0.000144,2,32,1,200,0.1,22634.0
0.9051735344387236,0.5066979747442972,2.006625294685364,2.007361650466919,2.0058889389038086,616973139968.0,336832.0,32,0.000144,4,64,4,400,0.0,286474.0
0.6376722696281615,0.5109104194811412,1.1279061436653135,1.0848206281661987,1.1709916591644287,5625606045696.0,47704256.0,64,0.000416,8,16,4,400,0.0,19402.0
0.929402266229902,0.4824033833685375,1.7655790448188782,1.768218159675598,1.7629399299621582,3171453239296.0,14134336.0,64,5e-05,8,32,2,400,0.1,39626.0
0.8346290630953652,0.5,1.6493219137191772,1.6474790573120115,1.6511647701263428,1000153808896.0,17434880.0,32,0.5,8,16,2,100,0.0,10602.0
0.5825511720918474,0.7393608008112226,0.9477450251579284,0.9360592365264891,0.9594308137893676,10000204300288.0,155904160.0,32,0.00347,2,16,2,100,0.0,10602.0
0.9298501582372756,0.5,1.6151607632637024,1.6176843643188477,1.6126371622085571,3162447020032.0,94450176.0,32,0.5,2,16,1,200,0.0,6202.0
0.6118327265694028,0.5669500700065068,1.0736737847328186,1.018001675605774,1.1293458938598633,3162686619648.0,24923488.0,32,0.0012,2,32,1,100,0.1,22634.0
0.9143334456852504,0.5,1.619416117668152,1.6195099353790283,1.6193222999572754,100316364800.0,1662272.0,32,0.5,4,16,2,100,0.0001,10602.0
0.95519795304253,0.4993928443817865,1.6235476732254028,1.6267565488815308,1.620338797569275,1000342552576.0,17223424.0,64,0.5,8,16,2,200,0.1,10602.0
0.8415449772562299,0.4818289038680848,1.7094805836677551,1.70959734916687,1.70936381816864,221198647296.0,258432.0,64,0.0012,8,64,2,200,0.0,152970.0
0.6698536141997292,0.5052922722839174,1.2069761157035828,1.1796977519989014,1.2342544794082642,1017671516160.0,1145664.0,32,0.00347,8,64,2,200,0.0001,152970.0
0.6104027543749128,0.54008901261148,1.0704295635223389,1.032327651977539,1.108531475067139,3171725606912.0,14189760.0,64,0.00347,8,32,2,200,0.0001,39626.0
0.9191467080797469,0.4994954551969255,1.612265646457672,1.6127862930297852,1.611744999885559,316532293632.0,10347904.0,32,0.07071068,8,8,4,100,0.0001,5354.0
0.9461247097878228,0.4954495231310526,1.609642505645752,1.6110481023788452,1.6082369089126587,178204180480.0,5535104.0,64,0.07071068,4,8,4,100,0.0,5354.0
0.8366762399673462,0.4860929279100327,1.4796714186668396,1.4780186414718628,1.4813241958618164,3171725606912.0,14189760.0,64,5e-05,8,32,2,200,0.0,39626.0
0.8950244018009731,0.5144036114215851,1.9439562559127808,1.9470964670181277,1.940816044807434,317931028480.0,2781824.0,64,5e-05,8,16,4,100,0.0001,19402.0
0.782153192730177,0.5028673233020873,1.1794607639312744,1.1692392826080322,1.1896822452545166,1779608846336.0,15661376.0,32,0.000144,8,32,1,400,0.0,22634.0
0.6742477097681591,0.5711452960968018,1.3008331060409546,1.1793848276138306,1.4222813844680786,1779130957824.0,14878432.0,32,0.000416,4,16,4,100,0.0001,19402.0
0.883046547571818,0.5114709053720746,2.090223908424377,2.0915236473083496,2.0889241695404053,117102804992.0,266848.0,32,0.000144,8,32,4,200,0.1,73610.0
0.9168966781525384,0.5,1.6274505257606506,1.628407001495361,1.62649405002594,1778475073536.0,7573664.0,32,0.5,4,32,2,100,0.0001,39626.0
0.6109729764007387,0.5510362698918297,1.0861937403678894,1.055685043334961,1.116702437400818,3163600715776.0,50496096.0,32,0.000416,4,16,2,400,0.0,10602.0
0.6976726920831771,0.4709064435391199,1.1693210005760193,1.1416029930114746,1.197039008140564,564493680640.0,4790432.0,32,0.00347,8,16,4,400,0.1,19402.0
0.6448011731817609,0.4455333834602719,1.0372709035873413,1.0354775190353394,1.0390642881393433,100075618304.0,11028992.0,64,0.07071068,2,8,1,100,0.0001,1826.0
0.9070772102900914,0.4984466014873414,1.7201078534126282,1.7213774919509888,1.7188382148742676,194707243008.0,109696.0,64,0.00347,8,64,4,200,0.0001,286474.0
0.8574846699124291,0.5118994343848455,2.31807804107666,2.316489696502685,2.3196663856506348,185801981952.0,199872.0,32,5e-05,4,64,2,200,0.0,152970.0
0.6312024068264734,0.5551799053237552,1.0357242226600647,1.034477949142456,1.0369704961776731,316922888192.0,10059456.0,64,0.01,4,16,1,200,0.0,6202.0
0.8512985365731376,0.5070800525801522,1.618546724319458,1.6186110973358154,1.6184823513031006,1023291621376.0,4326336.0,64,0.07071068,4,32,2,400,0.1,39626.0
0.6447761704524358,0.4935822579122725,1.0924233198165894,1.0865349769592283,1.0983116626739502,3162689503232.0,6443040.0,32,0.01,2,32,4,200,0.0,73610.0
0.6356179728394463,0.5473474838903972,1.0732263922691343,1.0737836360931396,1.0726691484451294,178653446144.0,5734656.0,64,0.0012,4,16,1,100,0.0,6202.0
0.6953492703891936,0.5352079641251337,1.131943941116333,1.1271196603775024,1.1367682218551636,3162780991488.0,7119904.0,32,5e-05,8,64,1,100,0.1,86218.0
0.6356257895628611,0.4906719256015051,1.0630921721458435,1.0512199401855469,1.07496440410614,3171453239296.0,14134336.0,64,0.00347,8,32,2,400,0.0001,39626.0
0.627589858004025,0.5340869313194638,1.023673176765442,1.010940670967102,1.0364056825637815,5623569186816.0,49430080.0,64,0.01,8,32,1,400,0.0,22634.0
0.784878154595693,0.532687627133869,1.3073213696479795,1.2325372695922852,1.3821054697036743,10007028432896.0,20049856.0,64,5e-05,2,64,1,100,0.0,86218.0
0.5515121512469792,0.7587395168486095,1.1713470816612244,1.0446096658706665,1.2980844974517822,10000491610112.0,82664576.0,32,0.00347,4,16,4,200,0.0,19402.0
0.8120550868057069,0.5108904469580877,1.2221612930297852,1.1936033964157104,1.25071918964386,563004702720.0,4400032.0,32,0.000144,2,32,1,200,0.1,22634.0
0.7654965704395658,0.5149201623031071,1.2932535409927368,1.28557288646698,1.3009341955184937,192560939008.0,386368.0,64,0.01,2,64,1,200,0.1,86218.0
0.7885772458144596,0.5014298104104542,1.3050969243049622,1.2483967542648315,1.3617970943450928,3165129277440.0,24639808.0,32,0.000144,2,32,1,400,0.0,22634.0
0.607009728040014,0.5437663594881693,1.086545467376709,1.0415515899658203,1.1315393447875977,10000452812800.0,159636320.0,32,0.000416,4,16,2,400,0.0,10602.0
0.9127294137364342,0.5067128304924283,2.020088195800781,2.020259141921997,2.019917249679565,584408563712.0,301504.0,32,5e-05,2,64,4,200,0.0,286474.0
0.793263011035465,0.4910503299463363,1.3919323086738586,1.3870373964309692,1.396827220916748,574130290688.0,2537568.0,32,0.000416,8,32,2,400,0.1,39626.0
0.8129403215079081,0.5195718634696234,1.2302228212356567,1.2132091522216797,1.2472364902496338,567187931136.0,4968512.0,32,0.000416,8,32,1,400,0.1,22634.0
0.6214710509493238,0.5683728839669909,1.2282047867774963,1.1309806108474731,1.3254289627075195,10000439181312.0,163331232.0,32,5e-05,4,16,2,200,0.1,10602.0
0.8096009265808832,0.4979247997204463,1.425667583942413,1.315528392791748,1.5358067750930786,3166767939584.0,24312960.0,64,0.000416,2,16,4,400,0.0,19402.0
0.7556598498707726,0.5247322022914886,1.2615450024604795,1.2442288398742676,1.278861165046692,1780790984704.0,3571744.0,32,5e-05,2,64,1,200,0.1,86218.0
0.9417604718889508,0.5,1.6134477257728577,1.6144790649414062,1.612416386604309,177908891648.0,18833408.0,32,0.5,2,8,1,200,0.0,1826.0
0.9169492721557616,0.5227097734099343,2.0675628185272217,2.070945501327514,2.0641801357269287,323936845824.0,2837632.0,64,5e-05,8,16,4,200,0.0,19402.0
0.8337346712748209,0.4890816481340499,1.942606329917908,1.9423049688339236,1.942907691001892,316846637056.0,344480.0,32,5e-05,4,64,2,100,0.0001,152970.0
0.9551719001361302,0.5,1.62733793258667,1.6284825801849363,1.626193284988403,3164177170432.0,24781184.0,64,0.5,2,32,1,100,0.0001,22634.0
0.8229340598696754,0.4788851752167656,1.9303691387176516,1.9298192262649536,1.930919051170349,336127950848.0,359104.0,64,0.000416,8,64,2,400,0.1,152970.0
0.6153979230494726,0.5366179481858299,1.0243910551071167,1.0183590650558472,1.0304230451583862,3177394995200.0,14194784.0,32,0.00347,8,32,2,400,0.1,39626.0
0.8748282250903902,0.5093200582833517,2.1170599460601807,2.117422819137573,2.116697072982788,105236561920.0,220160.0,64,0.000144,4,32,4,200,0.1,73610.0
5.714527405443645,0.5003507463704973,34.59233856201172,34.69034194946289,34.49433517456055,178641846272.0,3016384.0,64,0.5,8,16,2,400,0.0,10602.0
0.7485735054527011,0.4633131183329083,1.1206754446029663,1.11113703250885,1.1302138566970823,317163601920.0,2622784.0,32,0.00347,4,32,1,400,0.1,22634.0
0.8397104257629031,0.5056890064761752,1.4166948199272156,1.412776231765747,1.420613408088684,564493680640.0,4790432.0,32,0.000416,8,16,4,400,0.0,19402.0
0.7843187337829953,0.5,2.3091824054718018,2.301019191741944,2.31734561920166,316473933824.0,18573824.0,32,0.5,4,8,2,200,0.1,3002.0
0.8813570794605073,0.5,1.6220868825912476,1.6204570531845093,1.6237167119979858,177924358144.0,20939264.0,64,0.5,4,8,1,100,0.0001,1826.0
0.6766371244475955,0.4728158854302906,1.1309136152267456,1.1164482831954956,1.1453789472579956,1817678708736.0,2078976.0,64,0.00347,8,64,2,200,0.1,152970.0
0.7683556143726621,0.5093515941074916,1.1845166087150574,1.1572457551956177,1.211787462234497,563581026304.0,4412928.0,64,0.000416,2,32,1,200,0.0001,22634.0
12.08786305927095,0.5,355.10765075683594,357.7461242675781,352.4691772460937,187289600000.0,405376.0,32,0.5,4,32,4,400,0.0,73610.0
0.8234791273162478,0.4736770817211696,1.9171005487442017,1.918728828430176,1.9154722690582275,178858000384.0,5340096.0,64,5e-05,2,16,1,200,0.0,6202.0
0.831897204830533,0.4817277029866263,1.8421992659568789,1.841991186141968,1.8424073457717896,3175344766976.0,3417344.0,64,5e-05,4,64,2,400,0.1,152970.0
0.8996904691060384,0.4868143725962865,1.5907135605812073,1.581756830215454,1.5996702909469604,318356062208.0,10753664.0,64,0.07071068,8,16,1,200,0.0001,6202.0
0.6602190704572768,0.5427789517811367,1.110207974910736,1.10290265083313,1.1175132989883425,178858000384.0,5340096.0,64,0.00347,2,16,1,200,0.1,6202.0
0.6351181779588971,0.5489984310808635,1.0420231223106384,1.0162649154663086,1.0677813291549685,1779858014208.0,14875968.0,32,0.00347,4,32,1,100,0.0001,22634.0
0.742104077623004,0.4852101164204733,1.2926098704338074,1.295305252075195,1.2899144887924194,100612816896.0,1604736.0,64,0.00347,4,16,2,400,0.0001,10602.0
0.9091181528000604,0.4890779214245932,1.6119847893714905,1.6119496822357178,1.6120198965072632,179433111552.0,1401216.0,64,0.07071068,2,32,1,200,0.0,22634.0
0.5928336452870142,0.6889534606820061,1.4939584732055664,1.2283589839935305,1.7595579624176023,10000769482752.0,83653952.0,64,0.000416,4,16,4,100,0.0,19402.0
0.9042418677182424,0.5189731880312874,1.3528445959091189,1.2637012004852295,1.4419879913330078,1011575291904.0,2053024.0,32,0.00347,2,32,4,400,0.1,73610.0
0.6243738815897987,0.6076700871899015,1.0442719459533691,1.007601261138916,1.0809426307678225,1000259780608.0,60991680.0,64,0.01,4,8,2,100,0.0,3002.0
0.92203589564278,0.4997129340966542,1.6157660484313965,1.6166404485702517,1.6148916482925415,3165129277440.0,24639808.0,32,0.5,2,32,1,400,0.1,22634.0
0.8608305276859374,0.5266889972346169,1.4966787695884705,1.388143539428711,1.60521399974823,10001493000192.0,78367360.0,64,5e-05,2,16,4,200,0.1,19402.0
0.6759815443129766,0.4872045204752967,1.132563292980194,1.1101963520050049,1.1549302339553833,5635353608192.0,6441664.0,32,0.000416,8,64,2,400,0.0,152970.0
0.9039744763147264,0.5,1.6278218030929563,1.6284582614898682,1.627185344696045,316859154432.0,2804480.0,64,0.5,8,32,1,100,0.0001,22634.0
6.29300027801877,0.5005304117997488,14.59060001373291,14.6892671585083,14.49193286895752,102173925376.0,209792.0,32,0.5,2,32,4,100,0.0,73610.0
0.62129497669992,0.5514508790913082,1.0470131039619446,1.047632336616516,1.046393871307373,179195166720.0,9711680.0,64,0.01,4,8,2,400,0.1,3002.0
0.9094330952281044,0.5068730626787458,1.987370252609253,1.988108515739441,1.986631989479065,3240086208512.0,1756608.0,64,5e-05,4,64,4,400,0.0001,286474.0
0.9092791839724496,0.4543480120954059,1.4298529624938965,1.3955849409103394,1.4641209840774536,119000342528.0,127552.0,32,0.00347,4,64,2,200,0.0001,152970.0
0.8143832335869471,0.5958546016897474,1.3169302344322205,1.2568299770355225,1.3770304918289185,10003092078592.0,10239808.0,32,0.000144,2,64,2,100,0.1,152970.0
0.9477533357484,0.5124758730332056,1.778444528579712,1.7784228324890137,1.7784662246704102,107630723072.0,247488.0,32,0.000416,8,32,4,100,0.0,73610.0
0.6356673205182666,0.5008729667890639,1.126409351825714,1.0850006341934204,1.1678180694580078,1784225857536.0,15110208.0,64,0.00347,8,16,4,400,0.0001,19402.0
0.9406138743673051,0.5,1.613283395767212,1.6152422428131104,1.6113245487213137,1000102690816.0,125845696.0,32,0.5,8,8,1,100,0.0,1826.0
0.9398477162633624,0.5,1.6135889291763306,1.6141902208328247,1.6129876375198364,562710773760.0,4639872.0,64,0.5,4,16,4,200,0.0001,19402.0
0.8283097878808067,0.4946337399028596,1.2487923502922058,1.1939256191253662,1.3036590814590454,180006125568.0,384768.0,32,0.0012,4,32,4,100,0.0001,73610.0
0.95574589854195,0.5,1.633125901222229,1.63506817817688,1.631183624267578,1778720440320.0,27416384.0,64,0.07071068,2,16,2,200,0.1,10602.0
0.8234965886388507,0.4944487370195843,1.3979169130325315,1.4265546798706057,1.369279146194458,129021149184.0,265472.0,64,0.01,2,32,4,400,0.1,73610.0
0.6334939684186663,0.5782768527666727,1.0484725832939148,1.035294771194458,1.0616503953933716,1778612174848.0,13914592.0,32,0.0012,2,32,1,200,0.1,22634.0
0.8541290249143328,0.5130583388464791,1.483065664768219,1.4793530702590942,1.4867782592773438,104120172544.0,1755648.0,64,0.00347,8,16,2,400,0.0001,10602.0
0.787642505906877,0.4572529693444569,1.3328421115875244,1.315778732299805,1.349905490875244,1000975499264.0,7679680.0,32,0.000144,2,16,4,400,0.1,19402.0
0.9477206213133677,0.4833777568170002,1.8540289402008057,1.8558533191680908,1.8522045612335205,317539155968.0,1282688.0,64,5e-05,2,32,2,100,0.1,39626.0
0.90003293185007,0.4947631103651864,1.6064910292625427,1.6081721782684326,1.6048098802566528,563263373312.0,16459744.0,32,0.07071068,2,16,1,400,0.0001,6202.0
0.7519945317790622,0.4835580502237592,1.314988374710083,1.3151061534881592,1.3148705959320068,564493418496.0,19088320.0,64,0.000144,8,16,1,200,0.0001,6202.0
0.6652407830669766,0.4875461608171463,1.1369280219078064,1.1218618154525757,1.151994228363037,582945800192.0,616512.0,32,0.00347,4,64,2,200,0.0001,152970.0
0.9118517495336986,0.5,1.609370470046997,1.6108945608139038,1.6078463792800903,10000491610112.0,82664576.0,32,0.5,4,16,4,200,0.0001,19402.0
0.7964286236535936,0.5318166805165154,1.5579464435577393,1.556498646736145,1.5593942403793335,184790646784.0,1622464.0,64,0.000416,8,32,1,200,0.1,22634.0
0.9150921674001784,0.5137857794761658,1.8865089416503904,1.8870046138763428,1.8860132694244385,346639073280.0,744960.0,64,0.000416,4,32,4,400,0.1,73610.0
0.6917547732591629,0.4843232340755917,1.1372175216674805,1.1380873918533323,1.1363476514816284,317303095296.0,10871360.0,64,0.000416,8,16,1,100,0.0,6202.0
0.7317563976560321,0.4798535051799956,1.2057666182518003,1.2049211263656616,1.2066121101379397,179009699840.0,6074464.0,32,0.000416,8,16,1,200,0.0,6202.0
0.9687238704590572,0.4858758988834563,1.971017956733704,1.973272681236267,1.96876323223114,103191584768.0,435968.0,32,0.000144,4,32,2,200,0.1,39626.0
0.8078422333512988,0.5372603067329952,1.180034101009369,1.1734681129455566,1.1866000890731812,317014147072.0,2755776.0,32,0.01,8,16,4,200,0.0001,19402.0
0.7829440051601047,0.5173597115845907,1.2874579429626465,1.2305629253387451,1.344352960586548,103191584768.0,435968.0,32,0.00347,4,32,2,200,0.0,39626.0
0.8980550652458554,0.5021199569815681,1.6147449016571045,1.6140049695968628,1.6154848337173462,10000315449344.0,644547776.0,32,0.5,8,8,2,100,0.1,3002.0
0.7157924537147794,0.4954669766482852,1.1828545928001404,1.17199969291687,1.1937094926834106,10025570402304.0,5698432.0,32,0.000144,8,64,4,400,0.0,286474.0
0.6738405107032686,0.4420501611062458,1.1669230461120603,1.1412619352340698,1.1925841569900513,316303704064.0,35457152.0,32,0.07071068,8,8,1,400,0.1,1826.0
0.8288985334691548,0.5166990146750495,1.2259913682937622,1.186652660369873,1.2653300762176514,319862865920.0,1356288.0,64,0.00347,4,32,2,400,0.0001,39626.0
0.877019981543223,0.4551533872172946,1.2997844815254211,1.284962177276611,1.314606785774231,575336742912.0,312896.0,64,0.00347,4,64,4,100,0.0,286474.0
0.938135101681664,0.5,1.6352543234825134,1.636910319328308,1.6335983276367188,562515935232.0,8774848.0,64,0.5,2,16,2,100,0.0,10602.0
0.7447185069322586,0.5502223854973203,1.1851747632026672,1.172648787498474,1.1977007389068604,185153929216.0,374400.0,64,0.0012,2,64,1,100,0.0001,86218.0
0.8676454219080153,0.5280434794369198,1.31171053647995,1.2984191179275513,1.3250019550323486,325308055552.0,169024.0,32,0.0012,2,64,4,100,0.0,286474.0
0.9417023772285098,0.5,1.6098065376281738,1.6106679439544678,1.60894513130188,10001421697024.0,619499840.0,64,0.5,8,8,2,200,0.1,3002.0
0.9193735832259768,0.5,1.6219173669815063,1.6214240789413452,1.6224106550216677,10003597492224.0,88713280.0,64,0.5,8,32,1,100,0.0001,22634.0
0.8699164844694591,0.5065764075233823,1.616444110870361,1.6065785884857178,1.6263096332550049,180915191808.0,371712.0,64,0.000416,2,32,4,100,0.1,73610.0
0.6384947094179335,0.5629020986102876,1.097317814826965,1.0777642726898191,1.116871356964111,10009666650112.0,22410816.0,64,0.000416,8,64,1,400,0.1,86218.0
0.8502001478558495,0.5006039923145658,1.2851938605308533,1.2700417041778564,1.30034601688385,1009299619840.0,556032.0,64,0.0012,4,64,4,200,0.1,286474.0
0.6256780780497051,0.5767280416829246,1.047976553440094,1.047411561012268,1.04854154586792,177840259072.0,19993536.0,32,0.01,8,8,1,400,0.0,1826.0
0.8477264358883813,0.4815568356286911,1.7943086624145508,1.7946956157684326,1.793921709060669,185795198976.0,210560.0,32,0.000416,8,64,2,200,0.1,152970.0
0.6976124729428973,0.5293836231742587,1.1812735199928284,1.1768568754196167,1.18569016456604,178287149056.0,753760.0,32,0.01,4,32,2,200,0.0,39626.0
0.6546601638907478,0.5638293467816853,1.251964032649994,1.1198405027389526,1.3840875625610352,10003810353152.0,21552896.0,32,0.000144,4,32,4,100,0.0,73610.0
0.6433719708805993,0.544092093195234,1.0697129964828491,1.0713050365447998,1.0681209564208984,564087095296.0,18661440.0,32,0.0012,8,16,1,400,0.1,6202.0
0.8058069532825833,0.4751941533315749,1.4958720803260803,1.4976508617401123,1.4940932989120483,562714640384.0,19082272.0,32,5e-05,8,16,1,200,0.1,6202.0
0.8775066449528649,0.5090312489441463,1.3968769907951355,1.3770369291305542,1.4167170524597168,337603231744.0,730112.0,32,0.0012,4,32,4,400,0.0,73610.0
0.888701203323546,0.5,1.6292130947113037,1.6291652917861938,1.6292608976364136,3162604830720.0,26158528.0,64,0.5,4,16,4,200,0.0001,19402.0
0.8942462546484811,0.5,1.6273873448371887,1.6279889345169067,1.6267857551574707,1778362220544.0,52911648.0,32,0.5,4,8,4,200,0.1,5354.0
0.7241926278386798,0.4564762378022784,1.0516743659973145,1.0138331651687622,1.0895155668258667,1000441380864.0,31021728.0,32,0.01,4,8,4,100,0.0,5354.0
0.7738572940939948,0.4775680104891459,1.3756672143936155,1.376133680343628,1.3752007484436035,178513166336.0,5697344.0,32,0.000144,4,16,1,200,0.1,6202.0
0.7890631528127761,0.5211522593384698,1.54615718126297,1.5439791679382324,1.5483351945877075,179169280000.0,1490784.0,32,0.000144,4,32,1,200,0.1,22634.0
0.7983265093394688,0.5318133398180916,1.9914779663085935,1.9901554584503172,1.99280047416687,101893824512.0,783328.0,32,0.000144,2,32,1,400,0.0001,22634.0
0.7479763698010218,0.54399340848128,1.6818860173225405,1.6208356618881226,1.742936372756958,5623445454848.0,619341440.0,64,0.01,2,8,1,100,0.1,1826.0
0.8461039406912667,0.5013889343965621,1.6274120211601255,1.6276848316192627,1.6271392107009888,1005140246528.0,4251840.0,64,0.07071068,4,32,2,200,0.1,39626.0
0.7171404418491182,0.489888330300649,1.1390634775161743,1.1261546611785889,1.1519722938537598,1780117012480.0,7944320.0,64,0.00347,8,32,2,400,0.0,39626.0
0.649217834784871,0.5348373289619174,1.068756282329559,1.0515031814575195,1.0860093832015991,5627230289920.0,49753632.0,32,0.000144,8,32,1,200,0.0,22634.0
0.637593592206637,0.5269402804828826,1.1132405996322632,1.0879908800125122,1.1384903192520142,5677478576128.0,2936448.0,64,0.00347,2,64,4,200,0.0,286474.0
0.6650991709459395,0.5429869343837103,1.1720764636993408,1.100103497505188,1.2440494298934937,3173686444032.0,13399360.0,32,0.0012,4,32,2,400,0.0,39626.0
0.6730655027287347,0.5037229096605664,1.087317168712616,1.0762596130371094,1.0983747243881226,1787457044480.0,15699392.0,64,0.0012,8,32,1,400,0.0001,22634.0
0.9478823457445416,0.5,1.6135472655296326,1.61711585521698,1.6099786758422852,1002556882944.0,8290560.0,32,0.5,4,16,4,200,0.1,19402.0
0.8930807369095939,0.497341676836922,1.6115062236785889,1.6115078926086426,1.6115045547485352,178036391936.0,10222848.0,64,0.07071068,2,8,2,100,0.0,3002.0
0.8314906841232663,0.4958344683760688,1.965958595275879,1.9659606218338013,1.9659565687179563,344094965760.0,397952.0,64,0.000144,8,64,2,100,0.0001,152970.0
0.632998159953526,0.5582331745397477,1.2260310649871826,1.111788630485535,1.3402734994888306,5624909791232.0,46549504.0,64,0.000416,4,16,4,200,0.0,19402.0
0.8287427453767686,0.5168060589404333,1.2265884280204773,1.187386989593506,1.2657898664474487,319862865920.0,1356288.0,64,0.00347,4,32,2,400,0.1,39626.0
0.89020298350425,0.5404600955191112,1.2998003363609314,1.2355562448501587,1.364044427871704,1001395191808.0,7831392.0,32,0.000416,2,32,1,200,0.1,22634.0
0.9079174938656036,0.5,1.6084125638008118,1.6099522113800049,1.6068729162216189,317014147072.0,2755776.0,32,0.5,8,16,4,200,0.0,19402.0
0.630447445880799,0.5902205038638342,1.1683694124221802,1.0909675359725952,1.2457712888717651,5623664082944.0,92782528.0,64,0.000144,4,16,2,100,0.0001,10602.0
0.6473083446423212,0.5068976779778799,1.15053129196167,1.0964722633361816,1.2045903205871582,564967768064.0,4671712.0,32,0.0012,4,16,4,200,0.0001,19402.0
0.9781155302411034,0.4999162185759771,1.6222787499427795,1.6254490613937378,1.6191084384918213,316806365184.0,9918144.0,64,0.5,8,8,4,200,0.1,5354.0
0.6122494453475589,0.5629821973187583,1.0376957654953003,1.0387535095214844,1.0366380214691162,10000754802688.0,338498368.0,32,5e-05,8,16,1,200,0.1,6202.0
0.5817768218971434,0.6042307288873763,0.9471313059329988,0.9447240233421326,0.9495385885238647,10000067985408.0,1134070144.0,32,0.01,4,8,1,200,0.0,1826.0
0.8585870691708156,0.5137768068483898,2.3577412366867065,2.3561508655548096,2.3593316078186035,111146221568.0,126496.0,32,5e-05,8,64,2,100,0.1,152970.0
0.9769179224967957,0.4985953590699604,1.729823350906372,1.7309439182281494,1.7287027835845947,118902202368.0,59648.0,64,0.00347,2,64,4,200,0.0001,286474.0
0.6718816991363253,0.516225034282321,1.0749078392982483,1.0712440013885498,1.0785716772079468,5633771831296.0,12696736.0,32,0.01,8,64,1,100,0.0,86218.0
0.6133345784175963,0.5849650828611284,1.1286331415176392,1.0303932428359983,1.2268730401992798,3162310967296.0,101803168.0,32,0.00347,4,16,1,100,0.0001,6202.0
0.9512329328627812,0.5,1.6232903599739077,1.6258952617645264,1.6206854581832886,317751951360.0,9228160.0,64,0.5,2,16,1,400,0.0001,6202.0
0.8555054238864354,0.5,1.6399887800216677,1.637220859527588,1.642756700515747,1000742125568.0,29282336.0,32,0.5,2,16,1,400,0.0001,6202.0
0.7690408435605821,0.5419157076449621,1.3960571885108948,1.3309732675552368,1.4611411094665527,3162447020032.0,94450176.0,32,0.000144,2,16,1,200,0.0,6202.0
0.5956401086988903,0.6057050256502061,0.9724069833755492,0.9648022055625916,0.9800117611885072,3162833682432.0,185271104.0,64,0.01,4,8,2,200,0.0,3002.0
0.8507948659715199,0.5184482144457954,2.2633031606674194,2.2619740962982178,2.264632225036621,336738746368.0,362624.0,64,0.000144,4,64,2,400,0.0001,152970.0
0.949986545812516,0.5,1.6121594905853271,1.6152499914169312,1.6090689897537231,5623854923776.0,321836064.0,32,0.5,8,8,2,400,0.0001,3002.0
0.8580637489046369,0.5130843867858251,2.381563186645508,2.379624366760254,2.3835020065307617,617714089984.0,677760.0,64,5e-05,8,64,2,400,0.0,152970.0
0.913754389399574,0.5,1.610482633113861,1.6101597547531128,1.6108055114746094,1778300878848.0,102318464.0,32,0.07071068,2,8,2,100,0.0001,3002.0
0.944582374322982,0.5003971741313026,1.9714605808258057,1.976826906204224,1.966094255447388,578623504384.0,2569536.0,64,0.07071068,8,32,2,400,0.0,39626.0
0.9420957366625468,0.5147212757950738,1.8855341672897337,1.8864272832870483,1.8846410512924197,187289600000.0,405376.0,32,0.000416,4,32,4,400,0.1,73610.0
0.6863440729322887,0.5710707718417758,1.130244791507721,1.0942753553390503,1.1662142276763916,1782704373760.0,7578816.0,32,0.000416,4,32,2,200,0.0001,39626.0
0.6541974984464192,0.5456759376185281,1.072271704673767,1.0634708404541016,1.0810725688934326,1001140846592.0,8320512.0,64,0.00347,4,32,1,400,0.0001,22634.0
0.7827717264493307,0.5265954931577047,1.2663697600364685,1.233950138092041,1.298789381980896,3163728379904.0,3241280.0,32,5e-05,2,64,2,100,0.1,152970.0
0.9242893201964242,0.5,1.605903148651123,1.6078599691390991,1.603946328163147,1780443906048.0,55724416.0,64,0.5,8,8,4,200,0.1,5354.0
0.6224422284535,0.5538265832832882,1.0077564120292664,1.006779670715332,1.008733153343201,1778973933568.0,56695232.0,32,0.000416,4,16,1,200,0.0,6202.0
0.6246424445084163,0.5510755372898919,1.0641276836395264,1.0412116050720217,1.0870437622070312,10003835518976.0,88411776.0,64,0.000144,8,32,1,200,0.1,22634.0
0.691370848388899,0.5235879995993206,1.222433090209961,1.1352441310882568,1.309622049331665,1000825421824.0,4242944.0,64,0.00347,4,32,2,100,0.0001,39626.0
0.5996520192850203,0.6429139616943541,0.9706986546516418,0.9689416885375975,0.972455620765686,10001421697024.0,42611392.0,32,0.00347,4,32,2,100,0.0,39626.0
0.6543712821744737,0.5375035845098042,1.0228394269943235,1.0212080478668213,1.0244708061218262,5624359813120.0,11252096.0,64,0.01,2,64,1,100,0.0,86218.0
0.9363249235209964,0.5040951541491917,1.5274785161018372,1.421419382095337,1.6335376501083374,317539155968.0,1282688.0,64,0.0012,2,32,2,100,0.0,39626.0
0.924057682355245,0.4994202227819533,1.6051276326179504,1.6070185899734497,1.6032366752624512,5626960281600.0,25133568.0,64,0.07071068,8,32,2,200,0.0,39626.0
0.6611452024607432,0.4800898986203329,1.1429202556610107,1.1174070835113523,1.168433427810669,1001576726528.0,16852928.0,64,0.01,8,16,2,400,0.1,10602.0
0.7513469351189477,0.5549739734047935,1.2984039783477783,1.1866161823272705,1.410191774368286,3167131795456.0,3237952.0,64,0.0012,2,64,2,100,0.0,152970.0
0.8641432665643238,0.5495276692367735,1.2727395296096802,1.2440375089645386,1.3014415502548218,331281793024.0,726016.0,64,0.01,8,64,1,200,0.0,86218.0
0.9073798713229952,0.4935897063641321,1.608053743839264,1.6085796356201172,1.6075278520584106,562351505408.0,34303168.0,64,0.07071068,4,8,2,100,0.0,3002.0
0.7831713017963228,0.4855183902240935,1.3425330519676208,1.3350356817245483,1.3500304222106934,1784573067264.0,15166592.0,32,0.000144,8,16,4,400,0.1,19402.0
0.6685680874756404,0.542658208381562,1.0389176607131958,1.0356807708740234,1.0421545505523682,1778475073536.0,7573664.0,32,0.01,4,32,2,100,0.0001,39626.0
0.8783405749570756,0.5016631874300185,1.3710231184959412,1.3023898601531982,1.439656376838684,179568148480.0,725024.0,32,0.0012,2,32,2,200,0.0001,39626.0
0.8937694941248212,0.5,1.612305462360382,1.6122634410858154,1.6123474836349487,1780690845696.0,14722656.0,32,0.5,4,16,4,200,0.0001,19402.0
0.506480600862276,0.7409914845512027,0.9394638240337372,0.917505145072937,0.9614225029945374,10001097687040.0,297822528.0,64,0.01,4,8,4,200,0.0,5354.0
1.0515560720648085,0.4830953138215201,1.8575091361999512,1.8409844636917116,1.874033808708191,354954870784.0,412352.0,64,0.01,8,64,2,200,0.0,152970.0
0.825637278102693,0.4994407054923829,1.3628361225128174,1.360107183456421,1.365565061569214,178110742528.0,2745152.0,64,0.000416,2,16,2,200,0.0,10602.0
0.7825337634200141,0.4844967538402194,1.3404651880264282,1.3326462507247925,1.348284125328064,1784573067264.0,15166592.0,32,0.000144,8,16,4,400,0.0,19402.0
0.89823241460891,0.5,1.6325450539588928,1.6312370300292969,1.6338530778884888,100625694720.0,454944.0,32,0.5,8,32,2,100,0.0,39626.0
0.6165788854871478,0.5404502167588189,1.0502430200576782,1.0235837697982788,1.0769022703170776,10045850910720.0,5733696.0,64,0.0012,8,64,4,100,0.0001,286474.0
0.5986771292629696,0.742543563956306,1.4702650904655457,1.2329320907592771,1.707598090171814,1000901378048.0,7846464.0,32,0.00347,2,16,4,200,0.0001,19402.0
0.7504726407073793,0.5504295911107745,1.8310311436653135,1.6749690771102903,1.987093210220337,10005736587264.0,20420672.0,64,0.000416,2,32,4,100,0.1,73610.0
0.78968469727607,0.4923302942798251,1.2995480298995972,1.2943501472473145,1.30474591255188,10020266704896.0,44658496.0,64,5e-05,8,32,2,400,0.1,39626.0
0.9413777731713796,0.5,1.6211156845092771,1.6226718425750732,1.6195595264434814,3163067514880.0,6450400.0,32,0.5,2,32,4,100,0.0,73610.0
0.964963932832082,0.4958469172318776,1.6087273359298706,1.6105026006698608,1.6069520711898804,1781439135744.0,13656544.0,32,0.07071068,2,16,4,400,0.1,19402.0
0.8429581153960455,0.4995566861970084,1.9955807328224184,1.995397925376892,1.9957635402679443,100896702464.0,1754304.0,32,0.000144,8,16,2,200,0.1,10602.0
0.8668437827201116,0.5075252261899766,1.711535394191742,1.7100812196731567,1.7129895687103271,325308055552.0,169024.0,32,0.000144,2,64,4,100,0.1,286474.0
0.712900004926182,0.5499837966192336,1.1524750590324402,1.1394439935684204,1.16550612449646,1031642677248.0,2077312.0,64,0.0012,2,64,1,400,0.1,86218.0
0.6339176084314074,0.5582755165440696,1.070987343788147,1.068940043449402,1.073034644126892,316402827264.0,9549760.0,32,0.000416,2,16,1,100,0.1,6202.0
0.8076645206837427,0.4782272577285766,1.3205893635749817,1.3180381059646606,1.3231406211853027,1000984018944.0,16379104.0,32,5e-05,4,16,2,200,0.0001,10602.0
0.8696300869896298,0.5080283128079914,1.7546140551567078,1.7546442747116089,1.7545838356018066,182526525440.0,102752.0,32,0.000416,8,64,4,100,0.1,286474.0
0.7068248859473637,0.5146419476895105,1.141848623752594,1.1200541257858276,1.1636431217193604,1779858014208.0,14875968.0,32,5e-05,4,32,1,100,0.1,22634.0
0.8453751688911801,0.4743588481630598,1.748515784740448,1.7484755516052246,1.7485560178756714,577359118336.0,620800.0,64,0.000416,4,64,2,400,0.0001,152970.0
0.6217811313413438,0.5619215504044578,1.0566876530647278,1.0578056573867798,1.0555696487426758,5624077221888.0,190309984.0,32,5e-05,8,16,1,200,0.0001,6202.0
0.7272886839650926,0.4741223922797611,1.132556676864624,1.1318527460098269,1.1332606077194214,1007627796480.0,2119744.0,32,0.01,4,64,1,400,0.0,86218.0
0.8448336209569659,0.5167964036975589,2.2112704515457158,2.209733009338379,2.212807893753052,320000294912.0,333888.0,64,0.000144,2,64,2,400,0.0,152970.0
0.7457468509674072,0.5270336681888217,1.1906896233558657,1.1982070207595823,1.1831722259521484,1009455988736.0,2066944.0,64,0.01,2,32,4,200,0.0,73610.0
0.6330054303010305,0.559120352779116,1.0734819769859314,1.0556344985961914,1.0913294553756714,10001503485952.0,45010560.0,32,5e-05,8,32,2,100,0.0,39626.0
0.615230455285027,0.563487626966976,1.1796176433563232,1.1014727354049685,1.2577625513076782,1779878461440.0,14725952.0,64,0.0012,4,16,4,200,0.0,19402.0
0.7815260418823787,0.5181085027399517,1.2230066657066343,1.1962372064590454,1.2497761249542236,1794173304832.0,7594752.0,64,0.000416,4,32,2,400,0.0,39626.0
0.818669597307841,0.5303599536418915,1.2817659378051758,1.2800105810165403,1.283521294593811,316521021440.0,2563328.0,32,0.01,4,16,4,400,0.1,19402.0
0.8272605751241956,0.5347581931522915,1.3580254912376404,1.29050874710083,1.425542235374451,1781196390400.0,7197632.0,64,0.000144,2,32,2,100,0.0,39626.0
0.7834693363734654,0.4568566566421872,1.2809711694717407,1.2718967199325562,1.2900456190109253,10074621739008.0,11504704.0,32,5e-05,8,64,2,400,0.0,152970.0
0.8945915755771455,0.4999203014941442,1.609019100666046,1.6092472076416016,1.6087909936904907,563308855296.0,4459616.0,32,0.07071068,2,16,4,100,0.0001,19402.0
0.7818170814287095,0.4638789878005073,1.203257381916046,1.1821439266204834,1.2243708372116089,578623504384.0,2569536.0,64,0.01,8,32,2,400,0.0,39626.0
0.9690101913043432,0.5,1.6122146248817444,1.6130869388580322,1.6113423109054563,102090661888.0,3440704.0,64,0.5,8,16,1,200,0.0,6202.0
0.7789767171655383,0.5458898728802091,1.1692333817481997,1.1716574430465698,1.166809320449829,598080618496.0,1359840.0,32,0.00347,8,64,1,400,0.1,86218.0
0.7520455647082556,0.5470250064418429,1.7530248761177063,1.553868055343628,1.952181696891785,1779148259328.0,14105696.0,32,0.000416,2,16,4,100,0.0001,19402.0
0.6885756225813002,0.5283191629818508,1.1381930112838743,1.1148778200149536,1.1615082025527954,3170082488320.0,7180288.0,64,0.000416,8,32,4,200,0.1,73610.0
0.9465989555631366,0.5114076932271322,1.6073522567749023,1.6094664335250854,1.6052380800247192,10000184377344.0,311196480.0,32,0.07071068,4,16,1,400,0.1,6202.0
0.7566249342191786,0.4906764903238841,1.1865347027778623,1.1468912363052368,1.2261781692504885,563004702720.0,4400032.0,32,0.000416,2,32,1,200,0.0001,22634.0
0.8423250800087339,0.5122588269767308,1.644659161567688,1.641697883605957,1.647620439529419,563642302464.0,4466944.0,64,5e-05,2,16,4,100,0.1,19402.0
0.8363621703216008,0.4815628138326463,1.305228769779205,1.30584454536438,1.3046129941940308,104120172544.0,1755648.0,64,0.01,8,16,2,400,0.0,10602.0
0.65498995639029,0.5092813166834059,1.1224713921546936,1.097201228141785,1.1477415561676023,1782585753600.0,969952.0,32,0.000416,4,64,4,100,0.0,286474.0
0.668363427122434,0.5201367239157358,1.0765149593353271,1.075924515724182,1.0771054029464722,3166392287232.0,6690624.0,64,0.01,4,64,1,200,0.1,86218.0
0.7323263039191564,0.5113175199145362,1.1635993719100952,1.1605260372161863,1.166672706604004,178848923648.0,3130880.0,64,0.0012,8,16,2,100,0.1,10602.0
0.9453589235033308,0.5052223134608496,1.5454373955726624,1.4275869131088257,1.663287878036499,565571223552.0,1143008.0,32,0.0012,2,32,4,400,0.0001,73610.0
0.7150647193193436,0.5168599138657252,1.1700242161750791,1.1703803539276123,1.1696680784225464,1778679545856.0,60194688.0,32,5e-05,8,16,1,200,0.1,6202.0
0.6969165958109356,0.510908610764004,1.2251012921333313,1.1671724319458008,1.2830301523208618,565842673664.0,4570656.0,32,0.00347,4,16,4,400,0.0,19402.0
1.0866597777321223,0.4968189909344628,1.334911286830902,1.3186107873916626,1.3512117862701416,1783774445568.0,3826368.0,64,0.01,4,32,4,100,0.1,73610.0
0.619100224404108,0.5862224456809816,1.0668433904647827,1.0452744960784912,1.0884122848510742,562720342016.0,15564800.0,64,0.01,4,8,4,400,0.0001,5354.0
0.8167229961781275,0.514547335250037,1.2966651916503906,1.254666090011597,1.3386642932891846,10012777775104.0,10220480.0,64,0.000144,2,64,2,400,0.1,152970.0
0.7900225591091883,0.4503927713348752,1.1828797459602356,1.1606684923171997,1.2050909996032717,5720884379648.0,3127232.0,64,0.00347,4,64,4,400,0.0001,286474.0
0.5922942275092715,0.6496853303341639,1.3386244773864746,1.1904103755950928,1.4868385791778564,10003092078592.0,10239808.0,32,0.0012,2,64,2,100,0.0001,152970.0
0.8180692678406125,0.4769272477853866,1.555269718170166,1.5529261827468872,1.5576132535934448,3180308463616.0,3447808.0,64,5e-05,4,64,2,200,0.0,152970.0
1.4342050623326077,0.5944123949323382,1.8754392266273496,1.7807499170303345,1.9701285362243648,10000079519744.0,301686400.0,64,0.000416,2,16,1,100,0.0,6202.0
0.8432252917970929,0.5095084146374748,1.3880252242088318,1.377748727798462,1.3983017206192017,567824220160.0,1288736.0,32,0.000416,8,32,4,200,0.1,73610.0
0.9300817251205444,0.5,1.6159377694129944,1.6163409948349,1.6155345439910889,10000004022272.0,321656512.0,64,0.07071068,4,16,1,100,0.0001,6202.0
0.7901898799907594,0.534069245060285,1.3020765781402588,1.243261456489563,1.3608916997909546,3179913150464.0,3243264.0,64,0.000416,2,64,2,200,0.0,152970.0
0.7182045869884037,0.528169123899369,1.161789894104004,1.1623375415802002,1.1612422466278076,1779451035648.0,60889664.0,64,5e-05,8,16,1,100,0.1,6202.0
0.7586692954812732,0.5368694577898298,1.1561378836631775,1.1171034574508667,1.1951723098754885,1000121565184.0,8388992.0,64,0.000416,4,32,1,100,0.0001,22634.0
0.6309392956041154,0.5296384195486704,1.0951770544052124,1.0804489850997925,1.1099051237106323,179007258624.0,5342016.0,64,0.01,4,8,4,200,0.0001,5354.0
0.6792847556727273,0.5333145537546703,1.0519523620605469,1.0502188205718994,1.0536859035491943,1000014675968.0,117817600.0,64,0.07071068,4,8,1,100,0.0001,1826.0
0.6935711148239317,0.4325703723090036,1.081746518611908,1.0762441158294678,1.087248921394348,1000741535744.0,8730176.0,32,0.01,8,16,4,200,0.0001,19402.0
0.632455913793473,0.4859795251062938,1.354821801185608,1.3273085355758667,1.3823350667953491,1000060485632.0,29408672.0,32,0.01,2,8,4,100,0.1,5354.0
0.7834877435650144,0.5191430818466913,1.3395575881004331,1.2758231163024902,1.4032920598983765,576574324736.0,588736.0,64,0.0012,2,64,2,100,0.0,152970.0
0.6783033857742945,0.5341411665791557,1.1277312636375427,1.099704027175903,1.155758500099182,5629234118656.0,11923648.0,64,0.000144,4,64,1,200,0.0001,86218.0
0.8844215330623445,0.5043170296010517,1.5603373050689695,1.558984637260437,1.5616899728775024,102993903616.0,1527040.0,64,0.0012,2,16,2,400,0.1,10602.0
0.8754845190615881,0.5078740744363694,1.755275547504425,1.7541072368621826,1.7564438581466677,101893824512.0,783328.0,32,0.07071068,2,32,1,400,0.1,22634.0
0.6563580908945629,0.5047813235294252,1.1210266947746277,1.120582103729248,1.121471285820007,562417434624.0,16777984.0,32,0.000144,2,16,1,200,0.0,6202.0
0.611411819145793,0.5879798630873362,1.0020284950733185,0.9934218525886536,1.0106351375579834,562477727744.0,70815904.0,32,0.01,8,8,1,100,0.0,1826.0
0.6130537624870028,0.5925980692818051,1.029812932014465,0.9847915172576904,1.0748343467712402,5624308957184.0,98053632.0,64,0.0012,8,16,2,100,0.0001,10602.0
0.9236867796807062,0.5061795924391065,1.6053338050842283,1.6070334911346436,1.6036341190338137,1779451035648.0,60889664.0,64,0.07071068,8,16,1,100,0.1,6202.0
0.8850704616024381,0.482414797658012,1.3315398693084717,1.2841426134109497,1.3789371252059937,566172123136.0,2392064.0,64,0.0012,4,32,2,400,0.0,39626.0
0.890356202920278,0.5,1.6135071516036987,1.6157609224319458,1.6112533807754517,178501386240.0,5319072.0,32,0.5,4,8,4,200,0.1,5354.0
0.6303026491687411,0.5523492033992495,1.0192907452583313,1.01906418800354,1.0195173025131226,10000098394112.0,342279840.0,32,5e-05,8,16,1,100,0.1,6202.0
0.9654111840895244,0.5396107562950679,1.33098304271698,1.26678466796875,1.39518141746521,186055081984.0,751968.0,32,0.01,2,32,2,400,0.0001,39626.0
0.8213457493554979,0.4973427170798892,2.214038729667664,2.213008403778076,2.215069055557251,100524326912.0,1610848.0,32,5e-05,4,16,2,400,0.0,10602.0
0.9335552851359048,0.4837940959703354,1.6084307432174685,1.6088883876800537,1.6079730987548828,1778405081088.0,57237888.0,64,0.07071068,4,16,1,100,0.0001,6202.0
0.906059722105662,0.5075545516752061,1.9571571946144104,1.957910418510437,1.956403970718384,1836835274752.0,1007616.0,64,5e-05,4,64,4,200,0.1,286474.0
0.7984438425018674,0.5214108782155173,1.3007952570915222,1.2886136770248413,1.3129768371582031,1781868920832.0,14702432.0,32,5e-05,4,32,1,400,0.0001,22634.0
0.9664174176397776,0.5,1.6224594116210938,1.6243605613708496,1.620558261871338,5627266990080.0,49437440.0,64,0.5,8,16,4,100,0.1,19402.0
1.0781071668579465,0.5176852160976047,1.5590025782585144,1.4352067708969116,1.6827983856201172,327782793216.0,659424.0,32,0.00347,2,32,4,400,0.0,73610.0
0.8856569869177682,0.5,1.6145414113998413,1.6154983043670654,1.6135845184326172,10001493000192.0,78367360.0,64,0.07071068,2,16,4,200,0.1,19402.0
0.6062503719613666,0.6194088941528684,0.965501308441162,0.9615957140922546,0.9694069027900696,10000098394112.0,342279840.0,32,0.01,8,16,1,100,0.0001,6202.0
0.7451749507869992,0.5151820424057189,1.217481255531311,1.1548057794570925,1.2801567316055298,10002914869248.0,80850912.0,32,5e-05,4,16,4,400,0.0001,19402.0
12.08786305927095,0.4999947874318985,121.9020652770996,122.20945739746094,121.59467315673828,102490488832.0,410880.0,64,0.5,2,32,2,100,0.0001,39626.0
0.9312939516135624,0.5243579404694694,1.4902804493904114,1.4212206602096558,1.559340238571167,192439042048.0,410176.0,64,0.00347,4,32,4,200,0.0001,73610.0
0.6115923523902893,0.5641252881004697,1.096714198589325,1.0755481719970703,1.1178802251815796,1782100000768.0,13978560.0,64,0.01,2,32,1,400,0.0,22634.0
0.9651517775796709,0.4994093711887087,1.993981957435608,1.9928232431411743,1.9951406717300413,185262850048.0,95872.0,64,0.01,2,64,4,200,0.1,286474.0
0.6458402205081213,0.5742425946962266,1.0354612469673157,1.023293375968933,1.0476291179656982,1778313330688.0,55458400.0,32,0.00347,4,16,1,400,0.0001,6202.0
0.9243442529723758,0.4947200162070138,1.614121437072754,1.6162866353988647,1.611956238746643,178299994112.0,5211168.0,32,0.07071068,2,16,1,400,0.1,6202.0
0.8742672148204985,0.4962891723428453,1.6137837171554563,1.6141492128372192,1.6134182214736938,5677478576128.0,2936448.0,64,0.01,2,64,4,200,0.0001,286474.0
0.6875064096280507,0.5190892404034024,1.2107001543045044,1.1931532621383667,1.228247046470642,567481991168.0,653408.0,32,0.00347,8,64,2,100,0.0,152970.0
0.8099859995501382,0.4817560528005872,1.3423752188682556,1.3395575284957886,1.3451929092407229,1002049830912.0,15140224.0,64,0.000144,2,16,2,400,0.0001,10602.0
0.6053062492892856,0.5484542477698553,0.9850050806999208,0.9840786457061768,0.9859315156936646,10020266704896.0,44658496.0,64,0.01,8,32,2,400,0.0001,39626.0
0.581298481850397,0.6288160667532966,0.961003839969635,0.9603899717330932,0.9616177082061768,10000784162816.0,331466688.0,32,0.01,8,16,1,400,0.0,6202.0
0.6649403345017206,0.6951459092753274,1.2952501773834229,1.1773535013198853,1.4131468534469604,1778300878848.0,102318464.0,32,0.01,2,8,2,100,0.0001,3002.0
1.0284794937996635,0.5,1.6287607550621033,1.6331720352172852,1.6243494749069214,1001916334080.0,31168448.0,64,0.5,4,16,1,400,0.0001,6202.0
12.05431470416841,0.5001196690968105,34.97272491455078,34.98930740356445,34.95614242553711,3165133471744.0,26386016.0,32,0.5,4,32,1,200,0.1,22634.0
0.6964880781514304,0.5591151302769071,1.151950180530548,1.129536509513855,1.1743638515472412,5626917814272.0,23968000.0,64,5e-05,4,32,2,100,0.1,39626.0
0.8656910799798512,0.512191368000848,2.0631625652313232,2.063133716583252,2.0631914138793945,102173925376.0,209792.0,32,5e-05,2,32,4,100,0.1,73610.0
2.062751616040865,0.5008611608119238,4.268318176269531,4.253870964050293,4.2827653884887695,101162172416.0,2853760.0,64,0.5,8,8,4,400,0.1,5354.0
0.6164994984865189,0.4991452211425418,1.043562650680542,1.0325655937194824,1.0545597076416016,1780674330624.0,7177024.0,32,0.01,2,32,2,200,0.0,39626.0
0.8882711898712885,0.4971801681177957,1.8735337257385252,1.869267225265503,1.877800226211548,141723516928.0,78592.0,64,0.01,8,64,4,100,0.0,286474.0
0.7091462690205801,0.5311864628678277,1.1257154941558838,1.114500880241394,1.1369301080703735,566295199744.0,4403520.0,32,0.01,2,32,1,400,0.1,22634.0
0.8201515106927781,0.4936045039267767,1.3526665568351746,1.3383461236953735,1.3669869899749756,3170082488320.0,7180288.0,64,0.000144,8,32,4,200,0.0,73610.0
0.9193765265601022,0.5,1.627103328704834,1.6282339096069336,1.6259727478027344,3162405339136.0,311519424.0,32,0.5,2,8,1,400,0.0001,1826.0
0.6037455506268001,0.6106932361920675,0.9916814863681792,0.9784711003303528,1.004891872406006,1000230354944.0,64501760.0,64,0.01,8,8,2,100,0.0001,3002.0
0.9830783889407204,0.5,1.6285194754600525,1.6293680667877195,1.6276708841323853,316550086656.0,39894848.0,64,0.5,8,8,1,100,0.0,1826.0
0.5750118614662261,0.7024334456239428,1.2124909162521362,1.072929620742798,1.3520522117614746,3165093888000.0,25615840.0,32,0.00347,4,16,4,400,0.0,19402.0
0.9007077898297992,0.5125482877095541,1.6065650582313538,1.607635736465454,1.6054943799972534,1782437642240.0,15715776.0,64,0.07071068,8,32,1,200,0.1,22634.0
0.8867205778757731,0.5120478336300168,1.8686445951461792,1.869761824607849,1.8675273656845093,1824966049792.0,1046272.0,64,5e-05,8,64,4,100,0.0,286474.0
0.844557353428432,0.4929752860750471,1.35818749666214,1.330163598060608,1.386211395263672,3164416507904.0,6789248.0,32,5e-05,4,32,4,200,0.1,73610.0
0.8313833957626706,0.5091662385634014,1.5899327993392944,1.5842909812927246,1.5955746173858645,1783436279808.0,14425472.0,32,5e-05,4,16,4,400,0.0001,19402.0
0.800641268491745,0.5190647102537609,1.1581230759620669,1.1365089416503906,1.179737210273743,318161289216.0,2474688.0,64,0.0012,2,32,1,100,0.0001,22634.0
0.68087599391029,0.5295117738701048,1.1107260584831238,1.1022565364837646,1.119195580482483,563263373312.0,16459744.0,32,0.00347,2,16,1,400,0.1,6202.0
0.8402260286467416,0.5141815961826415,1.7097072005271912,1.7085020542144775,1.7109123468399048,1942543007744.0,1124672.0,64,0.000416,8,64,4,400,0.1,286474.0
0.6283683940058663,0.5381372641949427,1.1044270396232605,1.061180591583252,1.147673487663269,562781749248.0,9813280.0,32,0.0012,8,16,2,100,0.1,10602.0
0.934139316990262,0.4816910482588268,1.943604052066803,1.944412350654602,1.942795753479004,317257252864.0,670720.0,64,5e-05,4,64,1,100,0.1,86218.0
0.5927197528736932,0.7493219290460859,0.9760352671146392,0.9659351706504822,0.9861353635787964,1778447548416.0,27719232.0,32,0.01,2,16,2,100,0.0,10602.0
0.6371985688096001,0.5609533133960906,1.0837362408638,1.0660659074783323,1.1014065742492676,178149605376.0,9858496.0,64,0.01,2,8,2,200,0.1,3002.0
0.89382232938494,0.513603361589568,2.024760603904724,2.0252718925476074,2.024249315261841,110365114368.0,236544.0,64,0.000144,4,32,4,100,0.0001,73610.0
0.6088685996475673,0.6040084560712179,1.2006953358650208,1.1098318099975586,1.291558861732483,1793991639040.0,3588480.0,64,0.00347,2,64,1,200,0.0001,86218.0
0.8426024495136171,0.4931761821111043,1.3891119360923767,1.3151144981384275,1.4631093740463257,3163067514880.0,6450400.0,32,5e-05,2,32,4,100,0.0001,73610.0
0.94851758650371,0.5,1.6254838705062866,1.6258565187454224,1.6251112222671509,3162278461440.0,181832192.0,64,0.5,2,8,2,100,0.1,3002.0
0.5950419051306588,0.6146994204748244,1.1506918668746948,1.07224702835083,1.2291367053985596,1778579537920.0,48982720.0,64,0.01,4,8,4,400,0.0001,5354.0
1.0247212705158053,0.5,1.6264666318893433,1.629682183265686,1.6232510805130005,10004257046528.0,82752128.0,64,0.5,4,16,4,200,0.0001,19402.0
0.7883165152299971,0.5038838372344062,1.4119533896446228,1.3466603755950928,1.4772464036941528,10005736587264.0,20420672.0,64,5e-05,2,32,4,100,0.1,73610.0
0.6405965111085347,0.5613559654780796,1.161533772945404,1.0976486206054688,1.2254189252853394,10010817986560.0,42253376.0,64,0.000416,4,32,2,400,0.0,39626.0
0.9252688941501436,0.4999749078637078,1.60730642080307,1.6097973585128784,1.6048154830932615,1000742453248.0,8756672.0,64,0.07071068,8,16,4,100,0.0001,19402.0
0.8925332171576363,0.5000745796021961,1.615894615650177,1.6153628826141355,1.6164263486862185,1783774445568.0,3826368.0,64,0.07071068,4,32,4,100,0.0,73610.0
0.6504477184443247,0.5403233504011518,1.0781126618385315,1.062496781349182,1.0937285423278809,564685635584.0,8531712.0,64,0.00347,2,16,2,400,0.0001,10602.0
0.9397110456512088,0.4813179139580045,2.129006862640381,2.12943172454834,2.128582000732422,255894355968.0,566272.0,64,0.000144,8,64,1,400,0.0,86218.0
0.8606259936378116,0.5,1.617839813232422,1.6174074411392212,1.6182721853256226,10000244146176.0,294062336.0,32,0.07071068,2,8,4,100,0.1,5354.0
1.1339110810132254,0.4891900448572068,2.062557816505432,2.0631542205810547,2.0619614124298096,136295129088.0,307136.0,64,0.01,8,64,1,400,0.0,86218.0
0.7202527948788234,0.4875017326502573,1.2541452050209043,1.2176308631896973,1.2906595468521118,1002477322240.0,519040.0,32,0.0012,2,64,4,100,0.0,286474.0
0.9129301110903422,0.5,1.614590346813202,1.6156023740768433,1.6135783195495603,1000060485632.0,29408672.0,32,0.5,2,8,4,100,0.0,5354.0
0.8923229319708688,0.5,1.6269603967666626,1.6289819478988647,1.6249388456344604,1003154243584.0,8903744.0,64,0.5,8,32,1,100,0.0001,22634.0
0.6369465454703286,0.550286937327612,1.072376728057861,1.0344464778900146,1.110306978225708,1000137031680.0,31885408.0,32,0.0012,4,16,1,200,0.0,6202.0
0.8223702467623211,0.4862835222766513,1.3324989676475525,1.3315482139587402,1.3334497213363647,1004002607104.0,16943328.0,32,0.000144,8,16,2,400,0.1,10602.0
0.9499559884979611,0.5,1.6163513660430908,1.6173537969589231,1.6153489351272583,10001350393856.0,44956160.0,64,0.5,8,32,2,100,0.0001,39626.0
0.919646314212254,0.5,1.6131784319877625,1.6136294603347778,1.612727403640747,10000093151232.0,575234816.0,32,0.07071068,2,8,2,100,0.0001,3002.0
0.767954367966879,0.519538687808173,1.3675693273544312,1.3585028648376465,1.3766357898712158,10004472004608.0,5416736.0,32,5e-05,4,64,4,400,0.0001,286474.0
0.7333771614801317,0.4728369060016814,1.192911684513092,1.1830297708511353,1.2027935981750488,562515935232.0,8774848.0,64,0.000144,2,16,2,100,0.0001,10602.0
0.7909404763153621,0.6143574104422614,1.6405096054077148,1.495832443237305,1.785186767578125,5624123359232.0,86686400.0,32,0.000416,2,16,2,200,0.0,10602.0
0.8428636022976467,0.4932953317960103,1.5632108449935913,1.560866117477417,1.5655555725097656,1780154761216.0,26918336.0,64,5e-05,2,16,2,400,0.1,10602.0
0.680237971601032,0.5909015621457782,1.1464672684669497,1.1240613460540771,1.1688731908798218,569035522048.0,1139616.0,32,0.0012,2,64,1,200,0.0,86218.0
0.9287381285712832,0.504935819478262,1.6121566891670227,1.6144284009933472,1.6098849773406982,562678792192.0,31064384.0,64,0.07071068,2,8,2,200,0.1,3002.0
1.0217150052388508,0.5,1.6251790523529053,1.6268436908721924,1.6235144138336182,101116551168.0,5800224.0,32,0.5,8,8,2,400,0.0,3002.0
0.887379697390965,0.5,1.6175324320793152,1.6197618246078491,1.6153030395507812,100882726912.0,3023360.0,64,0.5,2,16,1,200,0.0001,6202.0
0.7873227780773526,0.480045063155038,1.3927962183952332,1.3796465396881104,1.405945897102356,316814229504.0,328448.0,32,0.000416,2,64,2,200,0.0,152970.0
0.6651676495869955,0.4688639463413329,1.1006925106048584,1.0849542617797852,1.1164307594299316,5628974071808.0,3228736.0,64,0.0012,8,64,4,200,0.1,286474.0
0.8665921035267058,0.5081521010115033,2.4476068019866943,2.4454538822174072,2.449759721755981,103761469440.0,118464.0,32,5e-05,8,64,2,200,0.0,152970.0
1.0219545293421972,0.4698036568505423,1.3117247819900513,1.2630743980407717,1.360375165939331,320659652608.0,1285216.0,32,0.01,2,32,2,400,0.0,39626.0
0.8525893205688113,0.5192970690273103,2.208937883377075,2.2079789638519287,2.2098968029022217,108560564224.0,118272.0,64,0.000144,4,64,2,100,0.0001,152970.0
0.7690816833859399,0.5059886425733566,1.1750442385673523,1.165588617324829,1.1844998598098757,1000966848512.0,8837760.0,32,0.000144,8,32,1,200,0.0,22634.0
0.9497410569872174,0.4758556002662295,1.6072813272476196,1.6090375185012815,1.6055251359939575,10086494765056.0,10846912.0,64,0.01,4,64,2,400,0.1,152970.0
0.5869486317748115,0.624668958641234,1.03447163105011,1.0208863019943235,1.048056960105896,10012166455296.0,20030720.0,64,0.00347,2,64,1,200,0.0001,86218.0
0.7258186049404598,0.6104089617729187,2.040682554244995,1.8280932903289795,2.2532718181610107,5624016404480.0,22602176.0,32,0.0012,2,32,2,200,0.1,39626.0
4.062972732952663,0.4996241004694076,7.859050512313843,7.843931674957275,7.87416934967041,101399019520.0,225024.0,64,0.07071068,8,32,4,100,0.0001,73610.0
0.8864587517011733,0.500694411851111,1.3394079804420471,1.3172264099121094,1.3615895509719849,101855363072.0,435200.0,64,0.0012,4,32,2,100,0.1,39626.0
0.6854334665196282,0.5495391140381495,1.0748716592788696,1.066573143005371,1.0831701755523682,1787095285760.0,4026720.0,32,0.0012,8,64,1,200,0.0001,86218.0
0.8068436554500035,0.4772172414121173,1.496100127696991,1.497438907623291,1.494761347770691,562781814784.0,16830208.0,64,5e-05,2,16,1,200,0.1,6202.0
0.7616525668473471,0.5200989970139095,1.2072930932044983,1.1907002925872805,1.2238858938217163,5630299996160.0,23893824.0,64,5e-05,4,32,2,200,0.1,39626.0
0.9146956375667028,0.5,1.6146204471588137,1.6140283346176147,1.6152125597000122,10003634192384.0,21522176.0,64,0.07071068,4,32,4,100,0.0,73610.0
0.8550261145546323,0.5,1.622365415096283,1.622453689575195,1.6222771406173706,100431626240.0,3119616.0,64,0.5,4,8,4,100,0.1,5354.0
0.9187794895399184,0.4819010176828929,1.9922789335250852,1.992883801460266,1.9916740655899048,123667169280.0,257920.0,64,0.000416,4,64,1,400,0.1,86218.0
0.6536172656785875,0.4992148351101648,1.2156135439872742,1.1575748920440674,1.273652195930481,5624691163136.0,2905120.0,32,0.0012,2,64,4,400,0.1,286474.0
0.7623536260355086,0.4637731413046519,1.1940094828605652,1.182711839675903,1.205307126045227,563925286912.0,8993632.0,32,0.000416,4,16,2,400,0.0,10602.0
0.8418946521622794,0.5,1.630872666835785,1.6306830644607544,1.6310622692108154,10008665260032.0,22485664.0,32,0.5,8,32,4,400,0.0,73610.0
0.6960398405790329,0.5436524110180991,1.1586340069770813,1.108718752861023,1.2085492610931396,5635538681856.0,6079296.0,32,0.000416,4,64,2,200,0.0,152970.0
0.9088586795897712,0.4987206061681111,1.6076911687850952,1.609080195426941,1.6063021421432495,1001395191808.0,7831392.0,32,0.07071068,2,32,1,200,0.0,22634.0
0.9915000398953756,0.4852544140248072,1.5206860303878784,1.5087456703186035,1.532626390457153,3162766573568.0,332535744.0,64,0.07071068,4,8,1,400,0.0,1826.0
0.7985256903228306,0.4908439786661239,1.4775237441062927,1.350263237953186,1.6047842502593994,564548468736.0,1156960.0,32,0.0012,2,32,4,100,0.0,73610.0
0.8433496356010437,0.4832341486499423,1.799929678440094,1.7996826171875,1.800176739692688,187735031808.0,192192.0,64,0.000416,2,64,2,200,0.0,152970.0
0.6121679984387898,0.5678672201576687,1.007384955883026,1.0000630617141724,1.01470685005188,562942377984.0,18366144.0,32,0.01,8,8,4,100,0.0001,5354.0
0.6547544875315258,0.5356892262186322,1.1203889846801758,1.121687889099121,1.1190900802612305,100260298752.0,2916992.0,32,0.00347,2,16,1,400,0.0,6202.0
0.8423651683898199,0.4997200809773944,2.015114903450012,2.0149049758911133,2.015324831008911,1001576726528.0,16852928.0,64,5e-05,8,16,2,400,0.1,10602.0
0.9262139116014751,0.5,1.61518532037735,1.6157282590866089,1.6146423816680908,1779256131584.0,14004896.0,32,0.5,2,32,1,100,0.0001,22634.0
0.6896466662486395,0.5437587364798501,1.731876254081726,1.4710969924926758,1.9926555156707764,5628691480576.0,11381696.0,32,0.00347,2,32,4,400,0.1,73610.0
0.5843190820444197,0.6102439548288073,0.973495364189148,0.9724125266075134,0.9745782017707824,3162368376832.0,398044480.0,32,0.01,8,8,1,100,0.0,1826.0
0.900667150815328,0.5077813040642511,1.856101870536804,1.8565762042999268,1.8556275367736816,1009299619840.0,556032.0,64,0.000144,4,64,4,200,0.1,286474.0
0.9651817651022048,0.4878344571306592,2.062407851219177,2.0643482208251958,2.060467481613159,181970960384.0,793024.0,32,0.000144,8,32,2,400,0.1,39626.0
0.8668496686787832,0.5691330553520293,1.8002662658691406,1.5985651016235352,2.001967430114746,1785728991232.0,3656256.0,64,0.00347,2,32,4,100,0.1,73610.0
0.9640040738242012,0.4856829217502049,1.9515280723571775,1.9542394876480105,1.9488166570663448,1780117012480.0,7944320.0,64,5e-05,8,32,2,400,0.1,39626.0
0.6021578262249628,0.6066531354472751,1.1089850068092346,1.0411726236343384,1.1767973899841309,3163216150528.0,87193472.0,64,0.01,4,8,4,400,0.0001,5354.0
0.7245127246493385,0.5228954276868275,1.2806710600852966,1.2785084247589111,1.282833695411682,108086239232.0,238336.0,64,0.00347,8,64,1,200,0.0,86218.0
0.6592964494512195,0.4542175006298792,1.050370693206787,1.0461541414260864,1.0545872449874878,316715728896.0,33223488.0,64,0.07071068,4,8,1,400,0.0,1826.0
12.08786305927095,0.4998773818924313,32.75663375854492,32.952632904052734,32.56063461303711,101855363072.0,435200.0,64,0.5,4,32,2,100,0.1,39626.0
0.7207711750552768,0.5363922580367043,1.2063583135604858,1.1842968463897705,1.2284197807312012,3179229216768.0,1650752.0,64,0.000144,2,64,4,100,0.1,286474.0
0.8570155529748826,0.4978434798263368,1.6177114248275757,1.6189842224121094,1.616438627243042,1784524046336.0,3819616.0,32,0.07071068,4,32,4,400,0.0001,73610.0
0.899922978310358,0.5100106504701433,1.9628453850746157,1.9632426500320437,1.9624481201171875,141723516928.0,78592.0,64,0.000416,8,64,4,100,0.0001,286474.0
0.9222860279537384,0.5002311950638181,1.6064493656158447,1.6080659627914429,1.6048327684402466,5624074600448.0,190544512.0,64,0.07071068,8,16,1,200,0.0,6202.0
0.6471921262286958,0.5400633939674923,1.1815001368522644,1.1542457342147827,1.208754539489746,177834344448.0,5014304.0,32,0.01,2,8,4,200,0.1,5354.0
0.6075094143549601,0.565589542899813,1.0061036348342896,0.9947290420532228,1.0174782276153564,562833588224.0,32986688.0,64,0.01,4,8,2,200,0.0,3002.0
0.646001011842773,0.5235043451899574,1.2582271099090576,1.2255603075027466,1.2908939123153689,10002805817344.0,150962496.0,64,5e-05,2,16,2,400,0.1,10602.0
0.9421308523132688,0.5,1.6106661558151243,1.6119896173477173,1.6093426942825315,3162874839040.0,98220800.0,64,0.07071068,4,8,4,100,0.1,5354.0
0.6421438774892262,0.5797144586131686,1.0702754855155945,1.0717753171920776,1.068775653839111,1001043984384.0,33130432.0,64,0.0012,8,16,1,400,0.1,6202.0
0.6537514215423947,0.5291692728088015,1.121664583683014,1.0804569721221924,1.1628721952438354,100273790976.0,3104416.0,32,0.01,4,8,4,100,0.0,5354.0
0.7794755328269232,0.4681855184691293,1.29574453830719,1.2884423732757568,1.303046703338623,1037806600192.0,1145984.0,64,0.0012,8,64,2,400,0.0,152970.0
0.5876962556725457,0.6151299873987833,0.974715530872345,0.9683325290679932,0.9810985326766968,1778318966784.0,201658144.0,32,0.01,4,8,1,200,0.0,1826.0
0.9231884365990048,0.4857595357156935,1.5231093168258667,1.5221500396728516,1.5240685939788818,112119840768.0,243040.0,32,0.0012,4,64,1,400,0.0001,86218.0
0.932695229848226,0.5,1.6143385767936709,1.613951325416565,1.6147258281707764,179094126592.0,5864576.0,64,0.5,8,8,4,100,0.0,5354.0
0.8536222236497062,0.4812535842259725,1.799299716949463,1.7994718551635742,1.7991275787353516,119000342528.0,127552.0,32,0.000416,4,64,2,200,0.1,152970.0
1.0401693071637834,0.4781122555335362,1.4688273668289185,1.454041838645935,1.483612895011902,1829968543744.0,1971264.0,64,0.01,4,64,2,400,0.1,152970.0
0.6531917310896374,0.5089224406651088,1.0402832627296448,1.040230631828308,1.0403358936309814,1000138080256.0,113453952.0,64,0.07071068,4,8,1,200,0.0001,1826.0
0.6945257697786603,0.5427819383995873,1.592402458190918,1.3445727825164795,1.8402321338653564,3169145847808.0,6470976.0,64,0.00347,2,32,4,100,0.0,73610.0
0.6445230905498777,0.5046622788622266,1.0019010305404663,1.0021803379058838,1.0016217231750488,562535464960.0,16963680.0,32,0.01,2,16,1,100,0.0001,6202.0
0.9266649711699712,0.5,1.634774684906006,1.633178949356079,1.6363704204559326,10002100125696.0,83577920.0,64,0.5,4,32,1,100,0.0,22634.0
0.6100152198757444,0.7698578210104079,0.971826583147049,0.969267189502716,0.9743859767913818,5623833952256.0,87657568.0,32,0.01,2,16,2,100,0.0001,10602.0
0.671353966707275,0.5018289656866164,1.1680644154548645,1.107750415802002,1.228378415107727,1002450190336.0,8108800.0,32,0.0012,4,16,4,400,0.0001,19402.0
0.7836707723992211,0.4773688053800946,1.2139061093330383,1.1820907592773438,1.245721459388733,1002477322240.0,519040.0,32,0.000416,2,64,4,100,0.0001,286474.0
5.714527405443645,0.5,99.92140197753906,99.75357055664062,100.0892333984375,101437964288.0,814016.0,64,0.5,4,16,4,400,0.0001,19402.0
0.9124449377968198,0.5017728933266231,1.6102275252342224,1.6114671230316162,1.6089879274368286,562417434624.0,16777984.0,32,0.07071068,2,16,1,200,0.0001,6202.0
0.8428557642868587,0.578731792313712,1.1415528655052185,1.0955864191055298,1.1875193119049072,5624088756224.0,46984896.0,64,0.000416,4,32,1,100,0.0,22634.0
0.6979350021907261,0.4504768621353876,1.1758983731269836,1.1713342666625977,1.1804624795913696,100755169280.0,840288.0,32,0.01,4,32,1,100,0.1,22634.0
0.8523420833405995,0.4888826537699926,1.6365284323692322,1.635079860687256,1.6379770040512085,177974444032.0,716096.0,64,0.07071068,2,32,2,100,0.0,39626.0
0.8387220019385928,0.5,1.632612943649292,1.6325198411941528,1.6327060461044312,5628734996480.0,97107968.0,64,0.5,8,16,2,200,0.1,10602.0
0.7833669824259621,0.5129178010282063,1.21381413936615,1.1998039484024048,1.227824330329895,568364302336.0,2558592.0,64,0.000416,8,32,2,100,0.0,39626.0
0.6217731237411499,0.5618236433892023,1.0370730757713318,1.0349668264389038,1.0391793251037598,316490383360.0,9262944.0,32,0.01,2,16,1,400,0.0,6202.0
0.7438674583321526,0.4883436794791903,1.163078546524048,1.1547187566757202,1.1714383363723757,5732368384000.0,6428288.0,64,0.000416,8,64,2,400,0.0001,152970.0
0.6121044137648174,0.5594879850035622,1.0766537189483645,1.0423272848129272,1.1109801530838013,1001502015488.0,17495936.0,64,0.0012,8,16,2,100,0.0001,10602.0
0.7840001639865694,0.494845810390654,1.253616452217102,1.2355103492736816,1.2717225551605225,1781898018816.0,7514112.0,32,0.000144,4,32,2,400,0.1,39626.0
0.7031977574030558,0.4907232324282328,1.1488781571388245,1.1316434144973757,1.1661128997802734,10005770141696.0,86946432.0,64,5e-05,8,16,4,200,0.0,19402.0
0.610008601631437,0.4955833681992122,1.0039831399917605,1.0027079582214355,1.005258321762085,1778466160640.0,223793152.0,64,0.07071068,8,8,1,100,0.0001,1826.0
0.7683494041363398,0.5093506014063245,1.1845130324363708,1.1572422981262207,1.211783766746521,563581026304.0,4412928.0,64,0.000416,2,32,1,200,0.0,22634.0
0.8220633495421636,0.4787913603442056,1.550553560256958,1.552509307861328,1.548597812652588,1000593096704.0,29212416.0,64,5e-05,2,16,1,400,0.0001,6202.0
0.929632047812144,0.5009519911947704,1.6084771752357483,1.610083818435669,1.6068705320358276,3162542964736.0,100739744.0,32,0.07071068,4,16,1,200,0.0001,6202.0
1.003015092441014,0.5,1.629831612110138,1.6298604011535645,1.6298028230667114,3163290337280.0,26443392.0,32,0.5,4,16,4,100,0.0001,19402.0
0.8546954393386841,0.5060431694700604,1.4053528308868408,1.3713284730911257,1.4393771886825562,179018104832.0,364672.0,32,0.000416,2,32,4,100,0.0001,73610.0
0.8494974999200731,0.490662266810735,1.6351977586746216,1.6349886655807495,1.6354068517684937,316256387072.0,5381824.0,64,0.07071068,8,16,2,400,0.1,10602.0
0.9262289858999706,0.5,1.60843425989151,1.6102863550186155,1.6065821647644043,319740215296.0,4803776.0,64,0.5,2,16,2,400,0.0,10602.0
0.7533708605028334,0.5087024037327085,1.1647244691848757,1.156941294670105,1.172507643699646,1782437642240.0,15715776.0,64,0.000144,8,32,1,200,0.1,22634.0
0.7529054681460062,0.4833169544026965,1.3178632855415344,1.318020224571228,1.3177063465118408,564493418496.0,19088320.0,64,0.000144,8,16,1,200,0.1,6202.0
0.6636928674720582,0.4546454690751575,1.0934834480285645,1.088053822517395,1.098913073539734,3162792525824.0,6336512.0,64,0.01,2,64,1,100,0.0001,86218.0
0.9179554979006448,0.5053202382155827,1.613046407699585,1.6138498783111572,1.6122429370880127,319740215296.0,4803776.0,64,0.07071068,2,16,2,400,0.0001,10602.0
0.8762662240437099,0.5097674436512447,2.181703209877014,2.1825501918792725,2.180856227874756,101399019520.0,225024.0,64,5e-05,8,32,4,100,0.1,73610.0
0.8610559247788929,0.5141097257534663,2.0146154165267944,2.0154123306274414,2.0138185024261475,108815384576.0,246208.0,64,0.000416,8,32,4,200,0.0001,73610.0
0.8302409251530966,0.5154610921939214,2.2315752506256104,2.231224775314331,2.2319257259368896,119698702336.0,1064128.0,64,0.000144,8,32,1,400,0.0,22634.0
0.6059583751928239,0.6059528716972896,1.038668930530548,1.0091590881347656,1.0681787729263306,1778475073536.0,7573664.0,32,0.00347,4,32,2,100,0.0,39626.0
0.855036905833653,0.5205583763974053,2.233451247215271,2.2323811054229736,2.2345213890075684,586366320640.0,643328.0,64,5e-05,4,64,2,200,0.1,152970.0
1.1250905784822645,0.5000029263042268,2.212393879890442,2.204169511795044,2.22061824798584,3162691076096.0,12779008.0,64,0.5,2,32,2,100,0.1,39626.0
0.8335170121419997,0.4849565561328615,1.9080434441566467,1.907421827316284,1.9086650609970093,1027739877376.0,1047104.0,64,5e-05,2,64,2,200,0.0,152970.0
0.5851659292266482,0.6277885195754823,1.0460671484470367,0.9957197308540344,1.096414566040039,5626917814272.0,23968000.0,64,0.00347,4,32,2,100,0.0001,39626.0
0.8471789303280058,0.5082328645955949,1.498956024646759,1.4917657375335691,1.5061463117599487,316521021440.0,2563328.0,32,0.000416,4,16,4,400,0.0,19402.0
0.7783110737800598,0.5148073803810846,1.2828736901283264,1.2755239009857178,1.290223479270935,1788684926976.0,3789984.0,32,5e-05,4,64,1,200,0.0001,86218.0
0.8050707252252669,0.4922594718989871,1.2439557313919067,1.233068346977234,1.2548431158065796,1925544542208.0,1043072.0,64,0.0012,4,64,4,400,0.1,286474.0
0.8153707157997858,0.4790109055382864,1.4875062704086304,1.4835805892944336,1.4914319515228271,1795995860992.0,1924800.0,32,5e-05,4,64,2,200,0.1,152970.0
0.6260485677492051,0.5152129970845722,1.0827902555465698,1.0712363719940186,1.094344139099121,5657483804672.0,3097632.0,32,0.00347,4,64,4,200,0.0001,286474.0
0.8307559994005022,0.5048382317736035,1.4794376492500303,1.3766015768051147,1.5822737216949463,1006960508928.0,2045568.0,32,0.0012,2,32,4,200,0.1,73610.0
0.8528323059990293,0.5171171873807907,1.505983591079712,1.413527011871338,1.598440170288086,1780674330624.0,7177024.0,32,0.000416,2,32,2,200,0.1,39626.0
0.6884400213048572,0.5673711924325853,1.1165622472763062,1.086933135986328,1.1461913585662842,5661282271232.0,12010496.0,64,0.0012,4,64,1,400,0.0001,86218.0
0.8125433084510622,0.4937562374841599,1.192989706993103,1.1848890781402588,1.2010903358459473,1820800319488.0,1027712.0,32,0.0012,8,64,4,400,0.0001,286474.0
0.896366726784479,0.5145229654652732,1.944527089595795,1.9444175958633425,1.944636583328247,105236561920.0,220160.0,64,0.000416,4,32,4,200,0.0001,73610.0
0.8828023558571225,0.5000297611667996,1.6126447319984436,1.6132744550704956,1.6120150089263916,565641543680.0,4776960.0,64,0.07071068,8,16,4,400,0.0001,19402.0
0.6499480321293786,0.5231822459470659,1.3560475707054138,1.2823573350906372,1.4297378063201904,3165285777408.0,24788288.0,64,0.000416,2,32,1,200,0.0001,22634.0
0.6296624214876265,0.5484135789530618,1.129715621471405,1.0867843627929688,1.1726468801498413,10002633850880.0,82828448.0,32,0.000144,4,32,1,400,0.0001,22634.0
0.7836060609136309,0.5344075929550898,1.1944862604141235,1.182389497756958,1.206583023071289,585689792512.0,1308608.0,64,0.0012,8,64,1,200,0.1,86218.0
0.8369043831314359,0.5009383552131199,1.300937533378601,1.2760672569274902,1.325807809829712,181624619008.0,1426112.0,64,0.0012,2,32,1,400,0.1,22634.0
0.7948966083072481,0.5408985834746134,1.615171492099762,1.4696351289749146,1.7607078552246094,1794177368064.0,7185472.0,64,0.00347,2,32,2,400,0.1,39626.0
0.8910856814611525,0.5,1.6137149930000303,1.614898920059204,1.612531065940857,1778691211264.0,104176704.0,64,0.07071068,4,8,2,200,0.1,3002.0
0.9130178491274517,0.5,1.6100279688835144,1.6118805408477783,1.6081753969192505,1778734202880.0,13934784.0,32,0.07071068,2,16,4,200,0.1,19402.0
0.6130831922803607,0.5560800844714755,1.1260777711868286,1.0802593231201172,1.17189621925354,10025570402304.0,5698432.0,32,0.0012,8,64,4,400,0.0001,286474.0
0.9155183746701197,0.5000776478222438,1.6200644969940186,1.623482584953308,1.616646409034729,1794173304832.0,7594752.0,64,0.07071068,4,32,2,400,0.0001,39626.0
0.7210825851985386,0.5747437150705428,1.0590417981147766,1.0533488988876345,1.064734697341919,316547694592.0,9433120.0,32,0.01,2,16,1,200,0.0001,6202.0
0.8806233150618417,0.501643710902759,1.856702446937561,1.859258055686951,1.8541468381881716,103530905600.0,837920.0,32,0.000416,4,16,4,400,0.0001,19402.0
0.6419733003491447,0.5542700262296767,1.0621888041496277,1.0662219524383545,1.0581556558609009,567929012224.0,9788672.0,64,0.01,8,16,2,200,0.0,10602.0
0.968067759559268,0.4888326596646082,1.611257255077362,1.6133841276168823,1.6091303825378418,1787457044480.0,15699392.0,64,0.07071068,8,32,1,400,0.0,22634.0
0.9008100799151828,0.49976875100817,1.6107560396194458,1.6125348806381226,1.608977198600769,1781114601472.0,13987968.0,64,0.07071068,2,16,4,200,0.1,19402.0
3.6688784999506816,0.5004588833877018,36.81183052062988,37.00404357910156,36.6196174621582,109221519360.0,908928.0,64,0.5,8,16,4,400,0.0,19402.0
0.9594766242163522,0.4776772501922789,1.6620804071426392,1.663617491722107,1.6605433225631714,323947921408.0,2846784.0,64,0.07071068,8,32,1,200,0.1,22634.0
0.6295528546685264,0.5251036243779319,1.1323129534721377,1.0897704362869265,1.1748554706573486,3166249680896.0,7191488.0,32,0.000416,8,32,4,200,0.1,73610.0
0.6633136215664092,0.5291687782321658,1.3288747668266296,1.254298448562622,1.4034510850906372,10000568156160.0,154208160.0,32,0.01,2,16,2,200,0.1,10602.0
0.6318648081450235,0.479343491650763,1.1042912602424622,1.0419777631759644,1.16660475730896,10000616390656.0,1209324160.0,64,0.01,8,8,1,200,0.1,1826.0
0.7816790242989858,0.4897031145436423,1.2760895490646362,1.269869327545166,1.2823097705841064,1006872494080.0,4506976.0,32,0.000144,8,32,2,200,0.0001,39626.0
0.9279620136533464,0.4950090788659595,1.6093239784240725,1.6103408336639404,1.608307123184204,1779173163008.0,31007104.0,32,0.07071068,8,16,2,100,0.0001,10602.0
0.8839962028321766,0.513583066208022,1.5856534838676453,1.5780625343322754,1.5932444334030151,328524005376.0,732480.0,64,0.000416,8,32,4,100,0.1,73610.0
0.8846434496697926,0.4911742437453497,1.6113049387931824,1.6116589307785034,1.610950946807861,1001392111616.0,8296064.0,32,0.07071068,4,32,1,400,0.0,22634.0
0.9747075949396404,0.4999766718773615,1.6177470684051514,1.6195611953735352,1.6159329414367676,3164177170432.0,24781184.0,64,0.5,2,32,1,100,0.1,22634.0
0.8085060751154309,0.5184924588316963,1.1521781086921692,1.1330275535583496,1.1713286638259888,1001137373184.0,7889216.0,64,0.0012,2,32,1,400,0.1,22634.0
0.7735518798941657,0.5616638312737147,1.1285160779953003,1.109368085861206,1.1476640701293943,1781420785664.0,3575488.0,32,0.0012,2,64,1,400,0.0,86218.0
0.7183931320905685,0.5358989082631611,1.1683332324028015,1.132909893989563,1.20375657081604,100526080000.0,1550496.0,32,0.00347,2,16,2,200,0.0,10602.0
0.6074020145904451,0.5345387905836105,1.1143727898597715,1.0824313163757324,1.146314263343811,316463513600.0,16204256.0,32,0.01,2,8,2,400,0.1,3002.0
0.6076426172540301,0.5556728974694297,1.006013125181198,0.9968273043632508,1.0151989459991455,3164282290176.0,51586944.0,64,0.00347,4,16,2,200,0.1,10602.0
0.9151374158405122,0.5117507598229817,1.880003333091736,1.8810522556304927,1.8789544105529783,184576344064.0,423872.0,32,0.000144,8,32,4,100,0.0001,73610.0
0.6478080139273689,0.536001714922133,1.243256449699402,1.2127633094787598,1.273749589920044,100976394240.0,2851968.0,64,0.01,2,8,4,200,0.0001,5354.0
0.9829470884232294,0.4866233276469366,2.179099798202514,2.179769515991211,2.1784300804138184,186055081984.0,751968.0,32,5e-05,2,32,2,400,0.1,39626.0
0.9006830198424203,0.5132191074745995,2.009864568710327,2.012847185134888,2.0068819522857666,324578050048.0,2724096.0,64,0.000144,8,16,4,400,0.1,19402.0
0.8939980353627887,0.4995385536125728,1.6119732856750488,1.6129862070083618,1.6109603643417358,562803834880.0,16439264.0,32,0.07071068,8,8,4,400,0.0001,5354.0
0.9025607023920332,0.5,1.6788654327392578,1.678186058998108,1.6795448064804075,1779608846336.0,15661376.0,32,0.5,8,32,1,400,0.0001,22634.0
0.651092665536063,0.5440996246678489,1.1812334060668943,1.0943337678909302,1.2681330442428589,1001006825472.0,8376928.0,32,0.000416,4,16,4,100,0.0001,19402.0
0.8875980206898281,0.5000805343900409,1.6518362164497375,1.6571451425552368,1.6465272903442385,179435339776.0,1538560.0,64,0.5,8,16,4,200,0.1,19402.0
0.8682274506205604,0.5,1.6302289366722107,1.6330766677856443,1.6273812055587769,10005477588992.0,85051456.0,32,0.5,8,16,4,400,0.0001,19402.0
0.6231237153212229,0.5634420258658273,1.0951606631278992,1.0590825080871582,1.13123881816864,3164761227264.0,14264320.0,64,0.000416,8,32,2,100,0.0,39626.0
0.8853634028207689,0.4835825448944455,1.626487910747528,1.6268177032470703,1.6261581182479858,568727568384.0,1280640.0,32,5e-05,8,64,1,100,0.1,86218.0
0.7844537794589996,0.4760528206825256,1.136452853679657,1.0368576049804688,1.2360481023788452,1778351996928.0,214927744.0,64,0.01,8,8,1,200,0.1,1826.0
0.7035791817165556,0.5305516081196922,1.1114248633384705,1.107304573059082,1.1155451536178589,1034964172800.0,2188928.0,64,0.00347,4,64,1,400,0.0,86218.0
0.8004816756362007,0.4808969043550037,1.2730400562286377,1.257455587387085,1.2886245250701904,572110929920.0,2407872.0,32,0.000416,4,32,2,400,0.0001,39626.0
0.634699522739365,0.5859397592998686,1.109306514263153,1.0055687427520752,1.213044285774231,5629278683136.0,22640896.0,64,0.01,2,32,2,200,0.0,39626.0
0.8585128379719598,0.5402088193666368,1.2126182913780212,1.1991376876831057,1.226098895072937,186063159296.0,396352.0,32,0.0012,4,64,1,200,0.1,86218.0
0.8122388819853464,0.5542024899096716,1.394924879074097,1.3196454048156738,1.4702043533325195,1000096333824.0,15396352.0,32,0.000416,2,16,2,200,0.0,10602.0
0.8720460931460062,0.4869179867562793,1.6136346459388733,1.6137676239013672,1.6135016679763794,3164297756672.0,53254016.0,64,0.07071068,8,16,2,400,0.1,10602.0
0.7279693406252634,0.5278344551722208,1.1856554746627808,1.1850836277008057,1.186227321624756,320796131328.0,10703104.0,64,0.0012,8,16,1,400,0.0,6202.0
0.6125405139866329,0.4605203987587066,1.1137327551841736,1.0423310995101929,1.1851344108581543,5623590158336.0,175904640.0,32,0.01,8,8,4,200,0.1,5354.0
0.950387003875914,0.5,1.609350562095642,1.6121270656585691,1.6065740585327148,5623801970688.0,179131072.0,32,0.07071068,4,16,1,200,0.0,6202.0
0.8967497377168565,0.5068627255303519,1.6121001839637756,1.6134196519851685,1.6107807159423828,317781770240.0,5088384.0,64,0.07071068,4,16,2,400,0.1,10602.0
0.8453410069147745,0.4867870381900242,1.4397043585777285,1.4376873970031738,1.4417213201522827,1054437736448.0,1217984.0,32,0.000416,8,64,2,400,0.0,152970.0
0.8534836400122869,0.5065744341838927,1.7193840742111206,1.7199231386184692,1.718845009803772,1785848659968.0,15559872.0,64,5e-05,8,16,4,200,0.0,19402.0
0.7475905908005578,0.4821407468546004,1.1893731951713562,1.1587685346603394,1.219977855682373,1004753715200.0,8299520.0,64,0.000416,4,16,4,200,0.0,19402.0
0.8821560882386708,0.5,1.6505438089370728,1.6512340307235718,1.6498535871505735,5627013234688.0,49951936.0,64,0.5,8,32,1,100,0.0,22634.0
0.8608011376290094,0.5004542143571944,1.2869967222213743,1.2193872928619385,1.3546061515808103,318480384000.0,2492800.0,64,0.00347,2,32,1,200,0.0001,22634.0
0.8569917955568859,0.5992500938120342,2.018632650375366,1.8405916690826416,2.196673631668091,10001828544512.0,40217856.0,32,0.000416,2,32,2,200,0.1,39626.0
0.6044855202947345,0.569026238151959,1.0697171688079834,1.028706431388855,1.1107279062271118,5625606045696.0,47704256.0,64,0.0012,8,16,4,400,0.1,19402.0
0.8792345836049035,0.5,1.6453254222869873,1.6472398042678833,1.6434110403060913,178248466432.0,2749216.0,32,0.5,2,16,2,200,0.0001,10602.0
0.6938507599490029,0.42661852425053,1.1801514029502869,1.15779447555542,1.2025083303451538,101914099712.0,795328.0,32,0.01,2,32,1,200,0.0001,22634.0
0.7404540791398003,0.5163461317618688,1.2534435391426086,1.235849380493164,1.2710376977920532,1780579172352.0,3577792.0,64,5e-05,2,64,1,100,0.0,86218.0
0.7081413063265029,0.4936728775501251,1.1243865489959717,1.1164525747299194,1.132320523262024,562372673536.0,63840128.0,64,0.07071068,4,8,1,200,0.0,1826.0
0.7278677168346587,0.527429610490799,1.2866092324256897,1.281407356262207,1.2918111085891724,198675136512.0,413120.0,64,0.0012,4,64,1,200,0.0,86218.0
0.941673999740964,0.52481685649781,1.614170253276825,1.616241216659546,1.612099289894104,177841438720.0,10439840.0,32,0.07071068,4,8,2,200,0.0,3002.0
0.6763666818539301,0.5005478858947754,1.1232206225395205,1.1245977878570557,1.1218434572219849,3167145164800.0,7119360.0,32,0.01,8,64,1,400,0.0,86218.0
0.9385464560417902,0.4802494879279818,1.8895177841186523,1.8907395601272583,1.8882960081100464,571123499008.0,1285952.0,64,5e-05,8,64,1,100,0.0,86218.0
0.8943782448768616,0.5,1.6198219060897827,1.6191145181655884,1.620529294013977,1000401797120.0,32170816.0,64,0.5,4,16,1,100,0.0001,6202.0
0.805835193111783,0.5707767690931048,1.2648727893829346,1.1847162246704102,1.345029354095459,5642424156160.0,11363648.0,64,0.0012,2,64,1,400,0.1,86218.0
0.700085386633873,0.6584125828175318,1.1461190581321716,1.116816759109497,1.1754213571548462,1778720440320.0,27416384.0,64,0.00347,2,16,2,200,0.0001,10602.0
0.8314773674522128,0.5187782212382271,1.4351795315742493,1.3305811882019043,1.5397778749465942,1778734202880.0,13934784.0,32,0.000144,2,16,4,200,0.0001,19402.0
0.8665538203148615,0.5,1.6323295831680298,1.6325968503952026,1.632062315940857,100079853568.0,5544416.0,32,0.5,2,8,2,200,0.1,3002.0
1.005334158738454,0.5,1.634445309638977,1.6356594562530518,1.6332311630249023,562686328832.0,70835904.0,64,0.5,8,8,1,100,0.0,1826.0
0.8627940955616179,0.4774462211699712,1.71113520860672,1.711383819580078,1.7108865976333618,328804630528.0,356416.0,64,0.000416,4,64,2,200,0.0001,152970.0
0.910840474423908,0.5200890203317007,2.3453598022460938,2.347270965576172,2.343448638916016,200353333248.0,112576.0,64,0.000144,8,64,4,400,0.0001,286474.0
0.936143452212924,0.5248347804659889,2.148883938789368,2.152458667755127,2.1453092098236084,109221519360.0,908928.0,64,0.000144,8,16,4,400,0.1,19402.0
0.8069937186581748,0.4870414421671912,1.3815101981163025,1.364034652709961,1.398985743522644,326691422208.0,332992.0,64,0.000416,2,64,2,100,0.0001,152970.0
0.9600882331530252,0.5117304090942655,1.839349627494812,1.8401305675506592,1.8385686874389648,115675471872.0,258400.0,32,0.0012,8,32,4,400,0.0001,73610.0
0.6051497005280995,0.5844345135348183,1.0755767822265625,1.0142420530319214,1.1369115114212036,1779780157440.0,52981632.0,64,0.01,4,8,4,200,0.0,5354.0
0.8156177969205947,0.4746330309481847,1.8155263662338257,1.81751549243927,1.8135372400283811,179883311104.0,5966688.0,32,0.000144,8,16,1,400,0.0,6202.0
0.6347159899416424,0.474876609586534,1.0265225768089294,1.0265101194381714,1.0265350341796875,562744262656.0,59076544.0,64,0.07071068,4,8,1,400,0.0,1826.0
0.779977546561332,0.4979021506650107,1.2563417553901672,1.2013098001480105,1.3113737106323242,5628638003200.0,12095680.0,64,5e-05,4,32,4,100,0.0001,73610.0
0.9465625825382414,0.500130044562476,1.6094239950180054,1.6100813150405884,1.6087666749954224,1000008712192.0,4254016.0,32,0.07071068,4,32,2,100,0.0001,39626.0
0.6660056717339016,0.5456202342396691,1.093144774436951,1.0658762454986572,1.120413303375244,10004105003008.0,87822080.0,64,0.000144,8,32,1,400,0.1,22634.0
0.8393855293591818,0.4932160661334083,1.9437296986579893,1.943143606185913,1.944315791130066,341601910784.0,347008.0,64,0.000144,2,64,2,200,0.0001,152970.0
0.6214001498052052,0.5525681333882468,1.0564188957214355,1.0564838647842407,1.0563539266586304,1778521079808.0,53644832.0,32,5e-05,2,16,1,100,0.0,6202.0
0.8735048997969854,0.5737073407286689,1.1648012399673462,1.1066012382507324,1.22300124168396,100065050624.0,10993184.0,32,0.01,2,8,1,100,0.0001,1826.0
0.910684293224698,0.5,1.6084155440330503,1.609473705291748,1.607357382774353,1000372436992.0,8358784.0,64,0.5,4,32,1,200,0.0,22634.0
0.9491264280818758,0.5,1.6116673350334167,1.6143648624420166,1.608969807624817,10009017581568.0,80917248.0,64,0.07071068,4,16,4,400,0.0001,19402.0
0.6646790263198671,0.5191586315631866,1.1215267777442932,1.1195348501205444,1.123518705368042,1788684926976.0,3789984.0,32,0.01,4,64,1,200,0.0,86218.0
0.9893143035116648,0.486941336166291,2.2017083168029785,2.202765941619873,2.200650691986084,578623504384.0,2569536.0,64,5e-05,8,32,2,400,0.1,39626.0
0.8604911650930133,0.4760111272335052,1.5751083493232727,1.573628544807434,1.576588153839111,211769475072.0,229024.0,32,0.0012,4,64,2,400,0.0001,152970.0
0.6939292344309035,0.5574544625622886,1.1510233879089355,1.1284648180007937,1.1735819578170776,5626917814272.0,23968000.0,64,5e-05,4,32,2,100,0.0,39626.0
0.8194320088341123,0.5149250747192473,1.6373526453971865,1.6337512731552124,1.6409540176391602,1002477322240.0,519040.0,32,5e-05,2,64,4,100,0.1,286474.0
0.8557514250278473,0.5504880902313051,1.3675644993782043,1.2905668020248413,1.4445621967315674,1779918831616.0,7154240.0,64,0.000416,2,32,2,200,0.0,39626.0
0.5904015863225573,0.5681915098712558,0.9790206253528596,0.9595797657966614,0.9984614849090576,3164342845440.0,91676032.0,32,0.01,8,8,4,400,0.0,5354.0
0.9080998982701984,0.5193593012435096,2.0171650648117065,2.0203680992126465,2.0139620304107666,316521021440.0,2563328.0,32,5e-05,4,16,4,400,0.0,19402.0
0.8608184031077794,0.5,1.621913492679596,1.6206958293914795,1.6231311559677124,177878712320.0,20948352.0,32,0.5,4,8,1,100,0.0,1826.0
0.8461906569344657,0.499924681016377,1.9788654446601868,1.9787434339523315,1.978987455368042,565798240256.0,9558304.0,32,5e-05,8,16,2,400,0.1,10602.0
0.8586949535778591,0.5,1.6330835819244385,1.6328624486923218,1.6333047151565552,569897254912.0,2286880.0,32,0.5,2,32,2,400,0.0,39626.0
0.7996175636847814,0.5055973863317853,1.4355068802833555,1.3099534511566162,1.5610603094100952,563308855296.0,4459616.0,32,0.000416,2,16,4,100,0.0001,19402.0
0.9139885334741502,0.5002049974032811,1.6303175687789917,1.6318086385726929,1.6288264989852903,177862557696.0,1395776.0,32,0.07071068,2,32,1,200,0.1,22634.0
0.6353588565474465,0.5458284815152487,1.243425965309143,1.1532090902328491,1.333642840385437,1785385844736.0,14412608.0,64,0.00347,4,16,4,400,0.0001,19402.0
0.9739568999835424,0.5,1.6140172481536863,1.6168607473373413,1.6111737489700315,10010817986560.0,42253376.0,64,0.5,4,32,2,400,0.1,39626.0
0.9426263712701344,0.5,1.6114519238471985,1.613734483718872,1.609169363975525,318394138624.0,8315072.0,64,0.5,2,8,4,400,0.0,5354.0
0.9004245627494085,0.5129620560577938,1.6149806380271912,1.6150577068328855,1.6149035692214966,10010691108864.0,10843936.0,32,0.01,4,64,2,100,0.0,152970.0
0.8797376269385928,0.5400611197664624,1.4855431914329529,1.4724663496017456,1.4986200332641602,103530905600.0,837920.0,32,0.01,4,16,4,400,0.1,19402.0
0.7829245811416989,0.5252747507322402,1.8450586795806885,1.8435280323028564,1.8465893268585205,107570167808.0,847808.0,64,0.000416,2,32,1,400,0.0,22634.0
0.9115469739550636,0.4971475587004706,1.6084916591644287,1.609041690826416,1.6079416275024414,5653243363328.0,2934336.0,64,0.01,2,64,4,100,0.0,286474.0
0.6358066137347903,0.5519694614978063,1.047261118888855,1.041857123374939,1.052665114402771,1778612174848.0,13914592.0,32,0.0012,2,32,1,200,0.0,22634.0
1.1234766642252605,0.5110582425480797,1.7023909091949463,1.5330984592437744,1.8716833591461184,5624090853376.0,44235424.0,32,0.01,2,32,1,100,0.1,22634.0
0.9801766900789172,0.4996947901589529,1.617019772529602,1.6197408437728882,1.614298701286316,564628226048.0,2285184.0,64,0.5,2,32,2,100,0.1,39626.0
0.7493215912864322,0.4913145814623151,1.1855342388153076,1.167921781539917,1.2031466960906982,572658286592.0,1305888.0,32,0.000416,8,32,4,100,0.0,73610.0
0.9118762044679553,0.5,1.6062041521072388,1.607402801513672,1.6050055027008057,10000469590016.0,78408704.0,32,0.07071068,2,16,4,200,0.1,19402.0
0.752217499982743,0.5540997783342997,1.3246373534202576,1.2517467737197876,1.3975279331207275,318161289216.0,2474688.0,64,0.00347,2,32,1,100,0.1,22634.0
0.7254729001294999,0.5214273283878962,1.119241714477539,1.1138795614242554,1.1246038675308228,578799337472.0,5097728.0,64,0.00347,8,32,1,400,0.0,22634.0
0.8659479788371495,0.5026403424285707,1.7699567079544067,1.7687177658081057,1.771195650100708,1036313755648.0,529504.0,32,0.000144,2,64,4,400,0.0,286474.0
0.6179657393977755,0.4957875467482067,1.108179211616516,1.0706846714019775,1.145673751831055,5626848608256.0,94906560.0,32,0.000144,8,16,2,400,0.0001,10602.0
0.9447928808984304,0.5,1.6166756749153135,1.6160351037979126,1.6173162460327148,3163459158016.0,99075872.0,32,0.5,8,8,4,200,0.0001,5354.0
0.853433486961183,0.4923975652172452,1.6254225373268127,1.6252033710479736,1.625641703605652,108100059136.0,466112.0,32,0.0012,8,32,2,400,0.1,39626.0
0.8468213563873654,0.4999556527251289,1.9976694583892824,1.997521996498108,1.9978169202804563,180702380032.0,3079104.0,64,0.000144,8,16,2,200,0.0001,10602.0
0.9333979459035964,0.5048099280822844,2.092505931854248,2.09347939491272,2.0915324687957764,103735279616.0,57280.0,32,0.000144,4,64,4,100,0.0,286474.0
1.0411785677784966,0.5037145259834471,2.144912362098694,2.1454896926879883,2.1443350315093994,102934167552.0,220192.0,32,0.07071068,4,32,4,100,0.0,73610.0
0.9229318045434498,0.5,1.606197476387024,1.6074168682098389,1.604978084564209,5623437590528.0,596001856.0,64,0.07071068,2,8,1,200,0.0001,1826.0
0.8497215346211479,0.4835724830627441,1.385558784008026,1.3184446096420288,1.4526729583740234,3171821813760.0,6454656.0,64,0.000144,2,32,4,200,0.1,73610.0
0.6872237133128303,0.5652793518134526,1.1334781050682068,1.109514594078064,1.1574416160583496,3162616102912.0,13452416.0,64,0.000144,4,32,2,100,0.1,39626.0
0.6644825012910933,0.5285465596687227,1.0969864130020142,1.084434986114502,1.1095378398895264,10003835518976.0,88411776.0,64,5e-05,8,32,1,200,0.1,22634.0
0.9381555049192338,0.5117435831399191,1.2385900020599363,1.2247371673583984,1.2524428367614746,180966834176.0,402784.0,32,0.00347,8,64,1,100,0.0001,86218.0
0.6168573278756369,0.541873954591297,1.0936715602874756,1.0329357385635376,1.1544073820114136,3166697160704.0,26849632.0,32,0.00347,8,16,4,400,0.1,19402.0
0.6916699210802714,0.5372661380540757,1.1541147232055664,1.1458382606506348,1.162391185760498,581708873728.0,1176000.0,64,0.00347,2,64,1,400,0.0001,86218.0
0.7115938095819383,0.4893720050652821,1.269985556602478,1.2711913585662842,1.268779754638672,188385673216.0,98912.0,32,0.00347,2,64,4,100,0.1,286474.0
0.7212316684779667,0.5482702198482695,1.1781771779060364,1.1578243970870972,1.1985299587249756,319365513216.0,636640.0,32,0.000416,2,64,1,100,0.0,86218.0
0.6806955188512802,0.5452163780019397,1.0725385546684263,1.0477863550186155,1.0972907543182373,1782437642240.0,15715776.0,64,0.0012,8,32,1,200,0.0001,22634.0
0.8619060118993124,0.4660647837888627,1.240294098854065,1.2279412746429443,1.2526469230651855,604083257344.0,696320.0,64,0.00347,8,64,2,200,0.0,152970.0
0.936186705316816,0.4826328122899646,1.776499629020691,1.778669834136963,1.774329423904419,100160897024.0,429056.0,32,0.000144,4,32,2,100,0.0,39626.0
0.617006663055647,0.676293188617343,1.5350782871246338,1.2118314504623413,1.8583251237869265,5623416094720.0,46999744.0,32,0.000416,4,16,4,100,0.0001,19402.0
0.7783880879481634,0.5298350339844113,1.2069038152694702,1.1916240453720093,1.2221835851669312,1016097210368.0,2152128.0,64,0.000416,4,64,1,200,0.0001,86218.0
0.9372723074186416,0.499639956724076,1.6054900288581848,1.607352375984192,1.6036276817321775,10020266704896.0,44658496.0,64,0.07071068,8,32,2,400,0.0001,39626.0
0.8404345554964883,0.504248443103972,1.3008463978767395,1.2645149230957031,1.337177872657776,331532140544.0,351328.0,32,0.0012,4,64,2,200,0.0,152970.0
0.6288913821890241,0.5253834206433523,1.128056824207306,1.079334378242493,1.1767792701721191,3169044398080.0,27527488.0,64,0.000416,8,16,4,200,0.0,19402.0
0.8874236004693168,0.5098045737970442,1.907333254814148,1.9101158380508425,1.9045506715774536,100400136192.0,830240.0,32,0.000144,4,16,4,200,0.1,19402.0
0.6271127937805085,0.6293827238537016,0.9793298840522766,0.9711521863937378,0.9875075817108154,10000459104256.0,291962880.0,64,0.01,2,16,1,400,0.0,6202.0
0.6665335687853041,0.549489051813171,1.0565974712371826,1.0402675867080688,1.0729273557662964,1780846821376.0,15747840.0,32,0.0012,8,32,1,200,0.0001,22634.0
0.6187922550099236,0.4833974426700955,1.4307896494865415,1.3743706941604614,1.487208604812622,3162378338304.0,174762272.0,32,0.01,2,8,2,200,0.1,3002.0
1.1716179421969823,0.5,1.7423878908157349,1.7445393800735474,1.7402364015579224,5624016404480.0,22602176.0,32,0.5,2,32,2,200,0.1,39626.0
0.6506088085117794,0.536058254185177,1.0819442868232727,1.0836869478225708,1.0802016258239746,562600738816.0,17442112.0,64,0.0012,4,16,1,400,0.1,6202.0
0.9091243545214336,0.500308830113638,1.6094079613685608,1.6099271774291992,1.6088887453079224,10000173891584.0,585743296.0,64,0.07071068,4,8,2,200,0.1,3002.0
0.7536231832844871,0.5306203649157569,1.1582040190696716,1.1468591690063477,1.1695488691329956,179896942592.0,2693376.0,64,0.00347,2,16,2,400,0.1,10602.0
0.7833964484078544,0.4894702377773466,1.3818119764328003,1.3177810907363892,1.4458428621292114,568617009152.0,1153184.0,32,0.01,2,32,4,200,0.0,73610.0
0.6248778253793716,0.5464810118788764,1.008127212524414,1.007460355758667,1.0087940692901611,3162815332352.0,100549376.0,64,0.000416,4,16,1,200,0.1,6202.0
1.0078913739749364,0.5368648802950269,1.6224762201309204,1.6238210201263428,1.621131420135498,104271085568.0,918784.0,64,0.07071068,8,32,1,100,0.0,22634.0
0.9019021328006472,0.4873367760862623,1.4377546310424805,1.3502882719039917,1.5252209901809692,192398278656.0,398848.0,64,0.00347,2,32,4,200,0.1,73610.0
0.8332726330984206,0.4884681701660156,1.951708137989044,1.9516468048095703,1.951769471168518,3251521978368.0,3605184.0,64,5e-05,8,64,2,400,0.0,152970.0
0.8841644752593267,0.5094983059735525,1.905372977256775,1.908108711242676,1.902637243270874,100576296960.0,842112.0,64,0.000144,4,16,4,100,0.1,19402.0
0.5830181382951283,0.6244067620663416,1.0220344066619873,1.0050818920135498,1.0389869213104248,10001832738816.0,78233248.0,32,0.0012,2,32,1,200,0.0,22634.0
0.6598169895864668,0.5068361063798269,1.043029546737671,1.0388911962509155,1.0471678972244265,5625431982080.0,11220000.0,32,0.01,2,64,1,100,0.0,86218.0
0.7650366084916251,0.5305486811058862,1.249894142150879,1.2090526819229126,1.2907356023788452,320394100736.0,2623360.0,64,0.01,4,16,4,200,0.1,19402.0
6.208969331922985,0.4861961035501389,10.640607357025146,9.680270195007324,11.600944519042969,101893824512.0,783328.0,32,0.5,2,32,1,400,0.0,22634.0
0.8844093410741716,0.7210735820588612,1.2404844164848328,1.110466480255127,1.3705023527145386,1778447548416.0,27719232.0,32,0.00347,2,16,2,100,0.0,10602.0
0.6619518725644975,0.5559087154411134,1.0304015278816223,1.028801202774048,1.0320018529891968,562781814784.0,16830208.0,64,0.01,2,16,1,200,0.1,6202.0
0.798780701699711,0.5459101533605939,1.2947746515274048,1.2244858741760254,1.3650634288787842,5624359813120.0,11252096.0,64,0.000144,2,64,1,100,0.0,86218.0
0.8224815967537108,0.4622411217008318,1.2446894645690918,1.2273529767990112,1.2620259523391724,182106259456.0,1522944.0,64,0.01,4,32,1,400,0.1,22634.0
0.8292105027607509,0.5229438543319702,1.630433976650238,1.6306540966033936,1.6302138566970823,5629965500416.0,12732992.0,64,0.01,8,32,4,100,0.0001,73610.0
0.6180295028856823,0.5478341111115047,1.0136830508708954,0.9962131381034852,1.0311529636383057,5633386479616.0,94902464.0,64,0.01,8,16,2,400,0.1,10602.0
0.9214807067598616,0.4982715064571017,1.6152137517929075,1.6168622970581057,1.61356520652771,567187931136.0,4968512.0,32,0.07071068,8,32,1,400,0.0,22634.0
0.9098049459003268,0.5,1.617637276649475,1.618159532546997,1.6171150207519531,5623653597184.0,165405824.0,32,0.5,2,8,4,100,0.0,5354.0
0.824648862793332,0.5,1.6453675627708435,1.6433053016662598,1.6474298238754272,100874190848.0,1666240.0,64,0.5,4,16,2,100,0.0,10602.0
0.6118755674078351,0.6976032171930585,1.714817762374878,1.299023151397705,2.130612373352051,10000709713920.0,83622624.0,32,0.000416,4,16,4,100,0.0001,19402.0
0.810506630511511,0.4890304363909222,1.3497009873390198,1.3399653434753418,1.3594366312026978,564131921920.0,2401984.0,64,0.000144,4,32,2,100,0.1,39626.0
0.7812201920009795,0.5482671729155949,1.203987717628479,1.1846507787704468,1.2233246564865112,1034964172800.0,2188928.0,64,0.0012,4,64,1,400,0.0001,86218.0
0.7364097095671154,0.5448128623621804,1.2501948475837708,1.1786431074142456,1.321746587753296,3162717552640.0,6351072.0,32,0.000144,2,64,1,200,0.1,86218.0
0.6311013577949434,0.532543984907014,1.0113282203674316,1.004723072052002,1.017933368682861,3163260190720.0,104898912.0,32,0.0012,8,16,1,400,0.1,6202.0
0.5782141650006885,0.6850519364788419,1.2482628226280212,1.0778930187225342,1.4186326265335083,10000491610112.0,82664576.0,32,0.0012,4,16,4,200,0.1,19402.0
0.6673574944337209,0.5411998586995261,1.0556397438049316,1.0427217483520508,1.0685577392578125,563062439936.0,4425664.0,32,0.0012,2,32,1,100,0.1,22634.0
0.7762110758395422,0.4957926578464962,1.2507721185684204,1.2331315279006958,1.268412709236145,5627151122432.0,12748320.0,32,5e-05,8,32,4,200,0.0,73610.0
0.9299362216676984,0.5,1.6060974597930908,1.6078953742980957,1.604299545288086,1779878461440.0,14725952.0,64,0.5,4,16,4,200,0.0001,19402.0
0.929039444242205,0.5,1.6083602905273438,1.6088368892669678,1.6078836917877195,5627266990080.0,49437440.0,64,0.07071068,8,16,4,100,0.0001,19402.0
0.82309452408836,0.4734990781261807,1.9303180575370789,1.931881070137024,1.9287550449371336,178299994112.0,5211168.0,32,5e-05,2,16,1,400,0.0001,6202.0
0.7396792286918277,0.6014653983570281,1.096590220928192,1.022616267204285,1.1705641746520996,1779765608448.0,51919744.0,64,0.01,2,16,1,400,0.0,6202.0
0.8059977967114675,0.4815297112578437,1.207858681678772,1.1666096448898315,1.2491077184677124,562650087424.0,4396672.0,64,0.000416,2,32,1,100,0.0,22634.0
0.8550270313308352,0.5205550378277188,2.2334357500076294,2.232365369796753,2.234506130218506,586366320640.0,643328.0,64,5e-05,4,64,2,200,0.0,152970.0
0.6151505339713323,0.5795090922287532,1.208377480506897,1.062244534492493,1.3545104265213013,10000855465984.0,163281920.0,64,0.0012,4,16,2,200,0.0,10602.0
0.6548781245946884,0.497122069909459,1.0791261792182922,1.0545400381088257,1.1037123203277588,1786275430400.0,8013120.0,64,0.00347,8,32,2,200,0.1,39626.0
0.8085942381904239,0.4881803457226072,1.4600850343704224,1.4494478702545166,1.470722198486328,1781114601472.0,13987968.0,64,5e-05,2,16,4,200,0.1,19402.0
0.9327356190908522,0.516650718592462,1.7981404066085815,1.7985851764678955,1.7976956367492676,101593497600.0,224320.0,64,0.00347,8,32,4,400,0.0001,73610.0
0.6487550742569423,0.5727280931813377,1.0643889904022217,1.0628788471221924,1.065899133682251,3167145164800.0,7119360.0,32,0.00347,8,64,1,400,0.1,86218.0
0.607093869930222,0.5535652793589092,1.0133056640625,1.0021491050720217,1.0244622230529783,5633386479616.0,94902464.0,64,0.00347,8,16,2,400,0.1,10602.0
1.1916743914286296,0.4993903594357626,1.945913791656494,1.9500845670700075,1.941743016242981,184777326592.0,399168.0,32,0.07071068,4,32,4,200,0.0,73610.0
0.6554841697216034,0.4782116136380604,1.0932447910308838,1.090068817138672,1.0964207649230957,1001517285376.0,8811904.0,64,0.01,8,32,1,400,0.0,22634.0
0.6357693189666385,0.4853676798797789,1.1382264494895935,1.096361517906189,1.180091381072998,1003893161984.0,8079680.0,64,0.00347,4,16,4,400,0.0001,19402.0
0.6369890528065818,0.5736265693392072,1.0439497828483582,1.0393526554107666,1.0485469102859497,3162321977344.0,332652544.0,32,0.07071068,4,8,1,400,0.0001,1826.0
0.8193952441215515,0.4728020599910191,1.9620972275733948,1.9636317491531368,1.9605627059936523,100209016832.0,3197408.0,32,5e-05,4,16,1,200,0.0001,6202.0
0.6146248791898999,0.5652052249227252,1.121465086936951,1.0172700881958008,1.2256600856781006,10000229466112.0,164938048.0,32,0.000416,4,16,2,100,0.0001,10602.0
0.8277764455193565,0.5123748169058845,1.293249249458313,1.2419564723968506,1.3445420265197754,3162691076096.0,12779008.0,64,0.000144,2,32,2,100,0.1,39626.0
0.7846965364047459,0.5218063628389722,1.5548551678657532,1.5524975061416626,1.5572128295898438,179473612800.0,1515456.0,64,0.000144,4,32,1,100,0.0001,22634.0
0.8872540876978919,0.4997099226429349,1.6093634963035583,1.6095786094665527,1.609148383140564,3166588370944.0,26826752.0,64,0.07071068,8,16,4,400,0.0001,19402.0
0.8662513295809428,0.5,1.6221680641174316,1.6232255697250366,1.6211105585098269,1000767684608.0,15999616.0,64,0.5,4,16,2,400,0.1,10602.0
0.9230951070785522,0.5248992854640597,2.108234286308289,2.1115493774414062,2.104919195175171,101437964288.0,814016.0,64,0.000144,4,16,4,400,0.1,19402.0
0.9022834244228544,0.5,1.6093688011169434,1.6104507446289062,1.6082868576049805,178011635712.0,18850688.0,64,0.5,2,8,1,200,0.0001,1826.0
0.9224571684996288,0.47425158676647,2.4417855739593506,2.5427708625793457,2.3408002853393555,189078667264.0,194368.0,64,0.01,2,64,2,400,0.0,152970.0
0.6896905466204598,0.5484404620670137,1.138049066066742,1.1137386560440063,1.1623594760894775,5633874067456.0,11975808.0,64,5e-05,4,64,1,100,0.1,86218.0
1.037097229844048,0.4986927778947921,1.6423709988594055,1.647649168968201,1.6370928287506104,103581138944.0,893248.0,64,0.07071068,8,16,4,200,0.0001,19402.0
0.9389312324069796,0.5047776656491416,1.611707091331482,1.6130856275558472,1.6103285551071167,3174059737088.0,27831552.0,64,0.07071068,8,32,1,400,0.0001,22634.0
1.343269498575301,0.5229734792595818,1.5282476544380188,1.4891321659088137,1.567363142967224,1000134934528.0,110130496.0,64,0.01,2,8,1,100,0.1,1826.0
0.7818078597386678,0.4829150651182447,1.3588533997535706,1.3505712747573853,1.367135524749756,3208137146368.0,3684480.0,64,0.000144,8,64,2,200,0.1,152970.0
1.3961009553500583,0.5025632438205537,2.292277216911316,2.291663646697998,2.292890787124634,179508068352.0,812352.0,32,0.5,8,32,2,100,0.1,39626.0
0.6501990038724172,0.5134606460730234,1.092008411884308,1.0860633850097656,1.09795343875885,562689409024.0,59232928.0,32,0.07071068,4,8,1,400,0.0001,1826.0
0.8941213630494618,0.5000454357692173,1.6095598340034485,1.6103087663650513,1.6088109016418457,5630563713024.0,11998816.0,32,0.07071068,4,32,4,400,0.0,73610.0
0.9607338330575398,0.5033335359323592,1.7348526120185852,1.5864344835281372,1.8832707405090328,565571223552.0,1143008.0,32,0.00347,2,32,4,400,0.1,73610.0
0.8666602117674691,0.5078221275692895,1.654142141342163,1.6523300409317017,1.6559542417526243,101140439040.0,783808.0,64,0.07071068,2,32,1,100,0.1,22634.0
0.8414312884921119,0.5,1.631309688091278,1.6304458379745483,1.6321735382080078,178100731904.0,4653440.0,64,0.5,2,8,4,400,0.0,5354.0
0.8619413233938671,0.5,1.626272976398468,1.6270575523376465,1.6254884004592896,1000628682752.0,54230784.0,32,0.5,4,8,2,400,0.0001,3002.0
0.8262756360428674,0.5153779749359403,1.4217845797538755,1.3232829570770264,1.520286202430725,1778734202880.0,13934784.0,32,0.000144,2,16,4,200,0.1,19402.0
0.9120220797402518,0.4878956334931509,1.6094368696212769,1.610097885131836,1.6087758541107178,10003092078592.0,10239808.0,32,0.01,2,64,2,100,0.1,152970.0
0.9202362582797096,0.4847995582081023,1.8930584788322449,1.8933641910552976,1.892752766609192,577058373632.0,1155712.0,64,5e-05,2,64,1,200,0.0,86218.0
0.6264291717892602,0.5606503784656525,1.0067499279975891,0.9951094388961792,1.018390417098999,5625462390784.0,175145984.0,64,0.00347,4,16,1,400,0.0,6202.0
0.6668313386894408,0.564275222165244,1.1286696791648865,1.089529037475586,1.167810320854187,3173686444032.0,13399360.0,32,0.000416,4,32,2,400,0.0001,39626.0
0.9671619676408314,0.5262776457128071,1.608670711517334,1.6107221841812134,1.6066192388534546,316383887360.0,19496768.0,64,0.07071068,8,8,2,200,0.0001,3002.0
0.696322330406734,0.5619087659177326,1.124018669128418,1.1052095890045166,1.1428277492523191,100158341120.0,1559040.0,32,0.01,2,16,2,100,0.1,10602.0
0.9809966399556116,0.5,1.6187548637390137,1.6191110610961914,1.618398666381836,5629965500416.0,12732992.0,64,0.5,8,32,4,100,0.0,73610.0
0.7588290068365279,0.5307792581263042,1.2447749376296997,1.23250412940979,1.2570457458496094,319365513216.0,636640.0,32,0.000144,2,64,1,100,0.0,86218.0
0.6325175762176514,0.5745411025626319,1.0722545981407166,1.038110852241516,1.106398344039917,10000011362304.0,78126144.0,64,0.0012,2,32,1,400,0.0001,22634.0
0.838358896119254,0.4953822025230953,1.971350610256195,1.9714845418930051,1.9712166786193848,646483673088.0,740480.0,32,0.000144,8,64,2,400,0.0001,152970.0
0.8621717663038344,0.4933656858546393,1.500742495059967,1.486075758934021,1.515409231185913,3167072288768.0,6784448.0,64,0.000144,4,32,4,400,0.0,73610.0
0.8559638644967761,0.4887254458098184,1.4786664843559263,1.4764550924301147,1.4808778762817385,202533060608.0,453920.0,32,0.0012,8,64,1,400,0.0,86218.0
5.587183557805561,0.498715545449938,34.3332576751709,34.208465576171875,34.45804977416992,185813843968.0,720192.0,64,0.5,2,32,2,400,0.1,39626.0
0.8233949825877235,0.4791610879557473,1.6955615282058716,1.6976383924484253,1.693484663963318,178333745152.0,5325056.0,32,5e-05,2,16,1,200,0.1,6202.0
0.8720753788948059,0.499719269218899,1.614377498626709,1.6157379150390625,1.6130170822143557,3162562887680.0,104785408.0,64,0.5,8,16,1,400,0.1,6202.0
0.6666990625006812,0.5503638486067454,1.0578669905662537,1.054375410079956,1.0613585710525513,3162483195904.0,358641152.0,64,0.07071068,4,8,1,200,0.0,1826.0
0.878344056152162,0.4647542103415444,1.440729796886444,1.446797490119934,1.434662103652954,119000342528.0,127552.0,32,0.01,4,64,2,200,0.1,152970.0
0.9231594290052142,0.4989951167787824,1.6061357855796814,1.6075447797775269,1.604726791381836,10003940376576.0,83505536.0,64,0.07071068,4,32,1,200,0.1,22634.0
0.7394688689992541,0.4908423877897717,1.2153711915016174,1.186037302017212,1.244705080986023,566211051520.0,9567168.0,64,0.01,8,16,2,400,0.0,10602.0
0.8911453911236354,0.5000283320744833,1.612193942070007,1.6125366687774658,1.6118512153625488,316429893632.0,19550240.0,32,0.07071068,8,8,2,200,0.1,3002.0
0.6039335635446367,0.7513547795159476,1.4381771683692932,1.261283040046692,1.6150712966918943,5623685578752.0,44106144.0,32,0.00347,2,16,4,200,0.0001,19402.0
0.8263053525061834,0.4881959330467951,1.368451476097107,1.3675925731658936,1.3693103790283203,1778881265664.0,29924224.0,64,0.000144,8,16,2,400,0.0001,10602.0
0.877348039831434,0.5014823519048237,1.7589488625526428,1.7592098712921145,1.7586878538131714,100618838016.0,1558784.0,64,0.000144,2,16,2,100,0.1,10602.0
0.9261748279844012,0.5027645783764976,1.612519085407257,1.6124813556671145,1.6125568151474,10003634192384.0,21522176.0,64,0.01,4,32,4,100,0.1,73610.0
0.915421758379255,0.5,1.676200807094574,1.6798285245895386,1.6725730895996094,10000035479552.0,609903616.0,32,0.5,4,8,2,100,0.0001,3002.0
0.7238268909000215,0.5088458423103605,1.126312077045441,1.1045660972595217,1.14805805683136,317000613888.0,2638496.0,32,0.000416,4,32,1,100,0.1,22634.0
0.768646620568775,0.5263251719020662,1.1195585131645205,1.101590871810913,1.1375261545181274,1788684926976.0,3789984.0,32,0.000416,4,64,1,200,0.0001,86218.0
0.908575367359888,0.543502539396286,1.603659749031067,1.474518895149231,1.7328006029129028,3173787631616.0,12717888.0,64,0.0012,2,32,2,400,0.1,39626.0
0.6378618407817114,0.5496379995629901,1.0504012703895569,1.0484479665756226,1.0523545742034912,100619902976.0,6478656.0,64,0.01,8,8,2,100,0.1,3002.0
0.6648713868288767,0.5573347636631557,2.021313190460205,1.907670974731445,2.134955406188965,10006647799808.0,40054912.0,64,0.00347,2,32,2,400,0.1,39626.0
0.6712323249805541,0.5408036041827429,1.1136797070503237,1.107628583908081,1.119730830192566,318264311808.0,5375008.0,32,0.01,8,16,2,400,0.1,10602.0
0.8675256144432795,0.4791452700183505,1.6137666702270508,1.614485740661621,1.6130475997924805,5623746920448.0,304864480.0,32,0.07071068,4,8,2,400,0.0,3002.0
0.8773330308142162,0.5263679921627045,1.3195714950561523,1.312605381011963,1.3265376091003418,192560939008.0,386368.0,64,0.01,2,64,1,200,0.0001,86218.0
0.6370938945384252,0.5396455994674138,1.1650124788284302,1.1415635347366333,1.188461422920227,1004518768640.0,1048192.0,32,0.00347,2,64,2,200,0.1,152970.0
0.7983041881095796,0.5249475070408413,1.2268694043159485,1.209299921989441,1.244438886642456,1000372436992.0,8358784.0,64,0.000144,4,32,1,200,0.0001,22634.0
0.9029019588515872,0.5092266861881528,1.8970081210136411,1.8975204229354856,1.8964958190917969,346798358528.0,191552.0,64,0.000416,4,64,4,200,0.0001,286474.0
0.6650565678165072,0.5167964413052514,1.08098304271698,1.081418752670288,1.080547332763672,178408767488.0,18732480.0,64,0.07071068,4,8,1,400,0.0001,1826.0
0.7232361464273362,0.4294559054431461,1.170739471912384,1.1619035005569458,1.1795754432678225,1824966049792.0,1046272.0,64,0.0012,8,64,4,100,0.0001,286474.0
0.924967436563401,0.5,1.6108350157737732,1.6108931303024292,1.6107769012451172,3162691076096.0,12779008.0,64,0.5,2,32,2,100,0.0001,39626.0
0.8650254273698443,0.5504875246967588,1.1787496209144592,1.1417148113250732,1.2157844305038452,1782100000768.0,13978560.0,64,0.0012,2,32,1,400,0.1,22634.0
0.8963235446384975,0.5145301073789597,1.9447596073150637,1.944653272628784,1.9448659420013428,105236561920.0,220160.0,64,0.000416,4,32,4,200,0.1,73610.0
0.9011757600875128,0.5029472396487281,1.608883798122406,1.6104788780212402,1.6072887182235718,5623721754624.0,164498208.0,32,0.07071068,2,16,1,400,0.0,6202.0
0.7774719028245836,0.4658497089431399,1.2425903677940369,1.2243168354034424,1.2608639001846311,598080618496.0,1359840.0,32,0.01,8,64,1,400,0.0,86218.0
0.9125171105066936,0.5067899212950752,1.6098116636276243,1.6107571125030518,1.6088662147521973,318060298240.0,2644096.0,32,0.5,4,32,1,200,0.1,22634.0
0.8089580393972851,0.495721507640112,1.505418062210083,1.5023484230041504,1.5084877014160156,179826163712.0,2852544.0,32,0.000416,4,16,2,400,0.0,10602.0
0.7684872157516933,0.5058842131069728,1.2314913868904114,1.214877367019653,1.2481054067611694,10010817986560.0,42253376.0,64,5e-05,4,32,2,400,0.1,39626.0
0.8187686261676607,0.4734565033799126,1.8700085282325745,1.871902704238892,1.868114352226257,320796131328.0,10703104.0,64,0.000144,8,16,1,400,0.0,6202.0
0.8776904117493403,0.5091726049071267,2.1999441385269165,2.2006332874298096,2.1992549896240234,105236561920.0,220160.0,64,5e-05,4,32,4,200,0.1,73610.0
0.6331403170313153,0.5158448410885674,1.084023892879486,1.0768626928329468,1.0911850929260254,562417434624.0,16777984.0,32,0.00347,2,16,1,200,0.1,6202.0
0.8855106745447431,0.4849226347037724,1.6388928890228271,1.6400948762893677,1.6376909017562866,103735279616.0,57280.0,32,0.01,4,64,4,100,0.0,286474.0
0.5810852703594026,0.6922440926233927,0.9548264741897584,0.9513179659843444,0.958334982395172,5623445454848.0,342951744.0,64,0.01,4,8,2,100,0.0,3002.0
5.163942688987369,0.5000555997803098,45.40264892578125,45.45291519165039,45.35238265991211,1001688006656.0,4028224.0,32,0.5,2,32,2,200,0.1,39626.0
0.8123930607523236,0.4744993079276312,2.153600811958313,2.154533863067627,2.152667760848999,101883551744.0,3356416.0,64,5e-05,8,16,1,400,0.0001,6202.0
0.6519926098130998,0.5382754596925917,0.9954407513141632,0.9831302762031556,1.007751226425171,10000080568320.0,318367968.0,32,0.000416,4,16,1,200,0.0,6202.0
0.6202812975361234,0.4997613401640029,0.9865853786468506,0.9839978218078612,0.9891729354858398,10000080568320.0,78387968.0,64,0.01,2,32,1,100,0.0001,22634.0
0.6654190328859148,0.4166215913636343,1.0606520175933838,1.059664964675903,1.0616390705108645,5639238582272.0,11899360.0,32,0.01,4,64,1,400,0.0,86218.0
0.8506661653518677,0.4967874118259975,1.632802963256836,1.6348482370376587,1.6307576894760132,3170082488320.0,7180288.0,64,0.5,8,32,4,200,0.1,73610.0
0.6678667621953147,0.5586211099511101,1.1048760414123535,1.106879472732544,1.102872610092163,3162795147264.0,106978944.0,32,5e-05,8,16,1,200,0.1,6202.0
0.926873144649324,0.5101668508279891,1.8520917892456052,1.852772831916809,1.8514107465744016,1003566137344.0,2278592.0,32,5e-05,8,32,4,200,0.0,73610.0
0.7331668904849461,0.5243732581535975,1.2287023067474363,1.207092523574829,1.250312089920044,5624691163136.0,2905120.0,32,0.000144,2,64,4,400,0.0,286474.0
0.6830186098814011,0.5662215763614291,1.0830289721488953,1.073269605636597,1.0927883386611938,3163599667200.0,7134912.0,64,0.000416,8,64,1,100,0.0,86218.0
0.8034061392148336,0.5010971001216343,1.173220932483673,1.1547303199768066,1.1917115449905396,179169280000.0,1490784.0,32,0.0012,4,32,1,200,0.0,22634.0
0.8948368458520799,0.4992221664814722,1.6073461771011353,1.6083775758743286,1.606314778327942,3162850721792.0,13412352.0,64,0.07071068,4,32,2,200,0.0,39626.0
0.6469088551544008,0.5578235927082243,1.1964969038963318,1.1190037727355957,1.273990035057068,1780665286656.0,1831008.0,32,0.0012,2,64,2,100,0.0001,152970.0
0.731179993067469,0.5626039845602853,1.2365115880966189,1.2005952596664429,1.2724279165267944,10000101539840.0,301485888.0,32,5e-05,2,16,1,100,0.0,6202.0
0.9132326784588042,0.5081306852045513,1.6342895030975342,1.6348488330841064,1.633730173110962,316729491456.0,2637504.0,64,0.07071068,4,32,1,400,0.0001,22634.0
0.6448880441132046,0.482519010702769,1.1015718579292295,1.0927056074142456,1.110438108444214,178054381568.0,5387200.0,32,0.01,2,16,1,100,0.0,6202.0
0.8573372846557981,0.5126363415093649,2.357748985290528,2.3560943603515625,2.359403610229492,207250718720.0,235712.0,64,5e-05,8,64,2,100,0.1,152970.0
0.781035262913931,0.4999485101018633,1.341704785823822,1.3368983268737793,1.3465112447738647,318791483392.0,662208.0,64,0.0012,4,64,1,400,0.0001,86218.0
0.9691726167996724,0.4761679640838078,1.6199513673782349,1.6210384368896484,1.6188642978668213,565547302912.0,582336.0,32,0.01,2,64,2,100,0.0001,152970.0
0.6499246926534743,0.5231827582631793,1.3559938669204712,1.2823081016540527,1.4296796321868896,3165285777408.0,24788288.0,64,0.000416,2,32,1,200,0.0,22634.0
0.7773143429131735,0.515414141473316,1.2497783303260803,1.2030872106552124,1.2964694499969482,572110929920.0,2407872.0,32,0.0012,4,32,2,400,0.0,39626.0
0.6699311406839461,0.5062748874936785,1.115983545780182,1.1090688705444336,1.1228982210159302,5732368384000.0,6428288.0,64,0.00347,8,64,2,400,0.1,152970.0
0.7724155230181557,0.5320610865241006,1.5938637852668762,1.450452446937561,1.7372751235961914,3163481440256.0,6401408.0,32,0.0012,2,32,4,400,0.0001,73610.0
0.8390468508005142,0.5673374987783886,1.3452917337417605,1.2782268524169922,1.4123566150665283,3163781332992.0,12740096.0,32,5e-05,2,32,2,100,0.0,39626.0
1.3736386306229091,0.499487566096442,2.9616841077804565,2.961313486099243,2.96205472946167,10003835518976.0,88411776.0,64,0.5,8,32,1,200,0.1,22634.0
0.8916336979184832,0.4955834732169196,1.6081196665763855,1.6089556217193604,1.6072837114334106,5625736593408.0,46550208.0,32,0.07071068,4,32,1,400,0.0,22634.0
0.6097623088530132,0.5805660060473851,1.065264642238617,1.025406002998352,1.1051232814788818,5628734996480.0,97107968.0,64,0.000416,8,16,2,200,0.0001,10602.0
0.7985659539699554,0.5151494762727192,1.2038094997406006,1.1824543476104736,1.2251646518707275,1000900919296.0,7778176.0,32,0.000144,2,32,1,400,0.1,22634.0
0.6394925401324317,0.5872165120783306,1.0416879653930664,1.0326472520828247,1.050728678703308,3174059737088.0,27831552.0,64,0.00347,8,32,1,400,0.0,22634.0
0.8410739132336208,0.5130613297224045,2.096318006515503,2.0960750579833984,2.0965609550476074,111146221568.0,126496.0,32,0.000144,8,64,2,100,0.1,152970.0
0.6421836373351869,0.530325942096256,1.3322170972824097,1.2107912302017212,1.453642964363098,5624076697600.0,2911072.0,32,0.000416,2,64,4,100,0.0001,286474.0
0.7407075940143495,0.4886758022365116,1.1607354879379272,1.1537896394729614,1.167681336402893,1004002607104.0,16943328.0,32,0.000416,8,16,2,400,0.0,10602.0
5.7032509332611445,0.5,21.89757537841797,21.844911575317383,21.950239181518555,10001865244672.0,312470912.0,64,0.5,8,8,4,200,0.1,5354.0
0.8452189564704895,0.5107974551972889,1.2369213700294497,1.2301543951034546,1.2436883449554443,617714089984.0,677760.0,64,0.00347,8,64,2,400,0.0001,152970.0
0.8924612601598104,0.4969235843136197,1.611733317375183,1.6125986576080322,1.610867977142334,5685440937984.0,3232000.0,64,0.01,8,64,4,100,0.1,286474.0
0.9144834876060486,0.4927891521226792,1.298370540142059,1.289070963859558,1.3076701164245603,5623569186816.0,49430080.0,64,0.07071068,8,32,1,400,0.0001,22634.0
0.7677870250883556,0.506399739356268,1.4745681285858154,1.4656736850738523,1.4834625720977783,3164807626752.0,1644032.0,32,5e-05,2,64,4,200,0.0,286474.0
0.7512711215586889,0.5076764495599837,1.2277020812034607,1.2167811393737793,1.238623023033142,5725384867840.0,3111936.0,64,0.000144,4,64,4,200,0.1,286474.0
0.9266356939361208,0.5109659553993315,2.16912043094635,2.170843601226806,2.1673972606658936,1024561905664.0,568416.0,32,5e-05,8,64,4,400,0.0,286474.0
0.9785003435044062,0.6202200651168823,1.965051591396332,1.6740139722824097,2.256089210510254,10000469590016.0,78408704.0,32,0.000144,2,16,4,200,0.0001,19402.0
0.9109161694844564,0.4997969809032622,1.6449361443519592,1.6468722820281982,1.6430000066757202,1788089729024.0,4003296.0,32,0.07071068,8,32,4,400,0.0,73610.0
0.632237855877195,0.6800631568545387,1.6989519596099854,1.437669038772583,1.960234880447388,10003775750144.0,20419296.0,32,0.0012,2,32,4,200,0.0001,73610.0
0.7955905773809978,0.5212805640129816,1.3099830150604248,1.2399861812591553,1.3799798488616943,3162319355904.0,25073600.0,64,5e-05,2,16,4,100,0.1,19402.0
0.7147135323002225,0.5276853314467839,1.1432945728302002,1.144181489944458,1.1424076557159424,100209016832.0,3197408.0,32,0.0012,4,16,1,200,0.0,6202.0
0.7113378047943115,0.5669596805458977,1.1562862992286682,1.1437132358551023,1.168859362602234,181426716672.0,4987200.0,64,0.01,4,8,4,400,0.0001,5354.0
0.627206197097188,0.5775924083732423,0.9955618381500244,0.982652187347412,1.0084714889526367,10009638338560.0,42309152.0,32,0.01,4,32,2,400,0.0,39626.0
0.5899596703904015,0.6148333847522736,0.9679791033267976,0.9666625261306764,0.9692956805229188,10000199057408.0,83327648.0,32,0.00347,4,32,1,200,0.0001,22634.0
0.6897907420283272,0.5224133843467349,1.1549033522605896,1.127772569656372,1.1820341348648071,1795995860992.0,1924800.0,32,0.000416,4,64,2,200,0.0,152970.0
0.6137947227273669,0.6056887620971316,1.0523422360420227,1.0023763179779053,1.10230815410614,10000184377344.0,311196480.0,32,0.00347,4,16,1,400,0.0001,6202.0
0.6616960139501662,0.5252956769296101,1.0989059209823608,1.0971847772598269,1.100627064704895,1005817233408.0,4231872.0,32,0.01,4,32,2,400,0.0001,39626.0
0.8307023814746312,0.4873916393234616,1.9339814186096191,1.934095859527588,1.9338669776916504,1038140768256.0,1189504.0,64,5e-05,8,64,2,100,0.1,152970.0
0.6399489442507426,0.5808131063268298,1.2465978264808657,1.2070130109786987,1.2861826419830322,317074735104.0,8944256.0,64,0.01,2,8,4,200,0.1,5354.0
0.931801682426816,0.5,1.659231722354889,1.6603132486343384,1.6581501960754397,100070965248.0,5739328.0,64,0.5,2,8,2,100,0.0,3002.0
0.9243503454185668,0.506811987786066,1.2653545141220093,1.2401092052459717,1.2905998229980469,1036313755648.0,529504.0,32,0.0012,2,64,4,400,0.1,286474.0
0.6895330129634767,0.5049953659375509,1.2073935270309448,1.156595230102539,1.2581918239593506,3171453239296.0,14134336.0,64,0.01,8,32,2,400,0.0,39626.0
0.8835315839165733,0.5689617047707239,1.6467973589897156,1.5354527235031128,1.7581419944763184,10001027432448.0,40311872.0,64,0.000144,2,32,2,100,0.0,39626.0
0.9220492187000456,0.5,1.614871323108673,1.61544930934906,1.614293336868286,562862882816.0,17485120.0,64,0.07071068,4,8,4,100,0.1,5354.0
0.5892821905158815,0.7454210803622291,0.9361837208271028,0.9349876046180724,0.9373798370361328,10000915234816.0,79253248.0,64,0.01,2,16,4,100,0.0,19402.0
0.7543481034891946,0.4851236613023849,1.3030205368995669,1.302607536315918,1.303433537483215,562984845312.0,18084544.0,64,5e-05,4,16,1,100,0.0001,6202.0
0.9288526007107326,0.5082056195962996,1.6140380501747131,1.6140596866607666,1.6140164136886597,5624114446336.0,23953440.0,32,0.07071068,4,32,2,100,0.0001,39626.0
0.8619199310030256,0.5016651636078244,1.6397608518600464,1.6384518146514893,1.6410698890686035,5626181189632.0,25254944.0,32,0.5,8,32,2,200,0.1,39626.0
0.6442831726301284,0.5426757066022783,1.0090826153755188,1.0077030658721924,1.0104621648788452,3162310967296.0,101803168.0,32,0.000144,4,16,1,100,0.0001,6202.0
0.9520601686977204,0.5,1.6413229703903198,1.643928289413452,1.6387176513671875,5625649037312.0,91814656.0,64,0.5,4,16,2,200,0.0,10602.0
0.5665184465192613,0.7144355660393125,1.2280699014663696,1.092509388923645,1.3636304140090942,10009017581568.0,80917248.0,64,0.00347,4,16,4,400,0.0001,19402.0
0.6718741846936089,0.530053918560346,1.121310472488403,1.116844654083252,1.125776290893555,3251521978368.0,3605184.0,64,0.00347,8,64,2,400,0.0001,152970.0
0.7328550006662097,0.5190285940965017,1.1912094354629517,1.1612964868545532,1.22112238407135,5623519903744.0,12694528.0,64,0.000144,8,32,4,200,0.0,73610.0
0.6187164996351514,0.5578126375164304,1.057845950126648,1.0376046895980835,1.0780872106552124,5626423410688.0,49674432.0,64,0.000416,8,32,1,200,0.1,22634.0
0.6146869694902783,0.5366747563793546,1.0387737154960632,1.0068271160125732,1.0707203149795532,5625606045696.0,47704256.0,64,0.00347,8,16,4,400,0.1,19402.0
0.8362570504347483,0.4836839856136413,1.3070080876350405,1.2766194343566897,1.3373967409133911,1027739877376.0,1047104.0,64,0.000416,2,64,2,200,0.0001,152970.0
0.8834659400440398,0.5,1.6110698580741882,1.6128031015396118,1.6093366146087646,316517842944.0,17494016.0,64,0.5,2,8,2,200,0.0,3002.0
0.621565158878054,0.5426902238811765,1.1461515426635742,1.082746148109436,1.2095569372177124,1779711606784.0,29047552.0,64,0.0012,4,16,2,200,0.0,10602.0
0.6275118773891812,0.5463534494241079,1.0733838081359863,1.0493892431259155,1.0973783731460571,10000472735744.0,87871680.0,32,0.000144,8,32,1,400,0.0,22634.0
0.9334860415685744,0.4808358145611627,2.1946595907211304,2.1945948600769043,2.1947243213653564,102026723328.0,233120.0,32,5e-05,8,64,1,200,0.0,86218.0
0.9028724545524234,0.4997001446428753,1.6060339212417605,1.6077258586883545,1.604341983795166,1001732243456.0,29186880.0,32,0.07071068,8,8,4,400,0.0,5354.0
0.8239651123682658,0.5,1.6488568186759949,1.648673415184021,1.6490402221679688,177908891648.0,18833408.0,32,0.5,2,8,1,200,0.1,1826.0
0.9014194976715816,0.5112970102401007,1.7418449521064758,1.7391873598098757,1.7445025444030762,1005771489280.0,2163456.0,64,5e-05,4,32,4,100,0.0001,73610.0
0.8314773674522128,0.5187782212382271,1.4351795315742493,1.3305811882019043,1.5397778749465942,1778734202880.0,13934784.0,32,0.000144,2,16,4,200,0.0,19402.0
0.620109321815627,0.5795883039633433,1.1800969243049622,1.1004048585891724,1.259788990020752,5623840243712.0,92770880.0,32,5e-05,4,16,2,100,0.1,10602.0
0.6540851231132235,0.5560225021271479,1.094520628452301,1.0813103914260864,1.1077308654785156,1006794964992.0,2005888.0,64,0.00347,2,64,1,200,0.0,86218.0
12.08786305927095,0.5,439.5329132080078,442.6506652832031,436.4151611328125,106443694080.0,480704.0,64,0.5,8,32,2,100,0.0,39626.0
0.6559756234997794,0.4944637006237393,1.063526451587677,1.0615562200546265,1.0654966831207275,1007075917824.0,2278464.0,32,0.00347,8,64,1,100,0.1,86218.0
0.8058475539797828,0.5158433112360182,1.3903435468673706,1.3805084228515625,1.4001786708831787,179603144704.0,409856.0,64,0.00347,8,32,4,200,0.0001,73610.0
0.8689090637933641,0.5075864678337461,1.682661533355713,1.6830276250839231,1.6822954416275024,1019206369280.0,582784.0,64,0.01,8,64,4,100,0.1,286474.0
0.9358525105885096,0.4998776884306045,1.6075883507728577,1.6089861392974854,1.60619056224823,3162342948864.0,174806976.0,64,0.07071068,2,8,2,200,0.0001,3002.0
0.6558045652650651,0.5429665119875045,1.1114957928657532,1.098142147064209,1.1248494386672974,570177421312.0,1148160.0,64,0.0012,2,64,1,100,0.0,86218.0
0.7894649931362697,0.5051314589523134,1.4176665544509888,1.3507568836212158,1.4845762252807615,10005736587264.0,20420672.0,64,5e-05,2,32,4,100,0.0,73610.0
0.93373270545687,0.5048923343420029,1.3493589758872986,1.3348352909088137,1.3638826608657837,10000029188096.0,1259233024.0,64,0.07071068,8,8,1,100,0.0001,1826.0
0.7255738292421613,0.5788857000214713,1.138355314731598,1.1388999223709106,1.1378107070922852,324382687232.0,730272.0,32,0.0012,8,64,1,100,0.0,86218.0
0.6270332882801691,0.5340966851938338,1.1160999536514282,1.0656609535217283,1.166538953781128,10005477588992.0,85051456.0,32,0.000144,8,16,4,400,0.0,19402.0
0.8329465431826455,0.488010674005463,1.1945831179618835,1.1763328313827517,1.2128334045410156,179508068352.0,812352.0,32,0.0012,8,32,2,100,0.0001,39626.0
1.8585899046489167,0.519716834738141,1.9290064573287964,1.8849459886550903,1.9730669260025024,1778358026240.0,188485312.0,32,0.01,2,8,1,200,0.1,1826.0
1.036392853373573,0.5031294297604334,1.5449069142341614,1.538880467414856,1.5509333610534668,119870898176.0,60608.0,64,0.00347,2,64,4,100,0.1,286474.0
0.6428496497017997,0.4795710132235572,1.105673372745514,1.0672998428344729,1.1440469026565552,564685635584.0,8531712.0,64,0.01,2,16,2,400,0.0,10602.0
0.9292319473766144,0.5,1.6154170036315918,1.6172538995742798,1.6135801076889038,1000544468992.0,29820864.0,64,0.5,4,8,4,200,0.1,5354.0
0.9437327697163536,0.4831960818597248,1.833099901676178,1.8354277610778809,1.830772042274475,1794173304832.0,7594752.0,64,5e-05,4,32,2,400,0.0,39626.0
0.920764562629518,0.5,1.6081446409225464,1.61083722114563,1.605452060699463,5624389697536.0,186577472.0,32,0.07071068,8,16,1,400,0.1,6202.0
1.5517518463588895,0.4807965528397333,1.614769697189331,1.5445998907089231,1.6849395036697388,3162470612992.0,94558976.0,64,0.01,2,16,1,200,0.1,6202.0
0.9578854186194284,0.5,1.6372947692871094,1.6381988525390625,1.6363906860351562,10000151871488.0,618327232.0,32,0.5,8,8,2,200,0.1,3002.0
0.9519433208874294,0.5021657844384512,1.6090088486671448,1.6109395027160645,1.607078194618225,1779566903296.0,110224576.0,64,0.07071068,8,8,2,200,0.0,3002.0
0.6961043902805873,0.5344722214199248,1.1256935596466064,1.0831156969070437,1.1682714223861694,10000077422592.0,83497152.0,32,5e-05,4,32,1,100,0.1,22634.0
12.11447879246303,0.4998211988380977,147.4211196899414,147.45738220214844,147.38485717773438,568584699904.0,1292864.0,64,0.5,8,32,4,200,0.1,73610.0
0.8314810083025977,0.5167782959483919,2.2618134021759038,2.2614192962646484,2.262207508087158,192774291456.0,1701632.0,64,5e-05,8,32,1,400,0.0001,22634.0
0.9196235480762665,0.5124947499661219,2.2728670835494995,2.2740371227264404,2.2716970443725586,373151301632.0,194176.0,64,5e-05,2,64,4,200,0.1,286474.0
0.6830353261459441,0.5275961302575611,1.106181800365448,1.103668212890625,1.108695387840271,1007075917824.0,2278464.0,32,0.01,8,64,1,100,0.0,86218.0
0.8090282848903111,0.502057535307748,1.3806631565093994,1.3758060932159424,1.3855202198028564,567204118528.0,4942464.0,64,0.000416,8,16,4,200,0.0,19402.0
0.8412084551084609,0.5069963470810935,2.086303353309632,2.0851640701293945,2.087442636489868,326691422208.0,332992.0,64,5e-05,2,64,2,100,0.0,152970.0
0.6873388843876975,0.5389402849333627,1.1237990856170654,1.1186379194259644,1.1289602518081665,1791185125376.0,4032064.0,64,0.000416,8,64,1,200,0.1,86218.0
0.9084762505122592,0.4936163148709706,1.4196655750274658,1.3638203144073486,1.475510835647583,5623494737920.0,663329472.0,64,0.07071068,4,8,1,100,0.0001,1826.0
0.8578040117309207,0.5031817519948596,1.7510581612586975,1.749854326248169,1.752261996269226,563955892224.0,295616.0,64,0.000144,2,64,4,100,0.1,286474.0
0.7057341351395562,0.4384242651008424,1.2390194535255432,1.1973772048950195,1.280661702156067,1789810049024.0,2059008.0,32,0.00347,8,64,2,400,0.0001,152970.0
0.8234112205959502,0.5470967207636152,1.206981539726257,1.1599408388137815,1.254022240638733,10000269312000.0,1052012928.0,32,0.07071068,4,8,1,400,0.1,1826.0
0.7583299846876235,0.532961402620588,1.419689655303955,1.4066507816314695,1.4327285289764404,321300529152.0,330048.0,32,0.01,2,64,2,100,0.0001,152970.0
0.8208588333356948,0.4779013494650523,1.507734298706055,1.505548357963562,1.5099202394485474,10068858765312.0,11325184.0,64,5e-05,8,64,2,400,0.1,152970.0
0.868443298907507,0.5072581455821082,2.47033154964447,2.4679715633392334,2.472691535949707,128190062592.0,149248.0,64,5e-05,8,64,2,200,0.1,152970.0
0.5785571897313708,0.7772279097920373,0.9539352357387544,0.948719084262848,0.9591513872146606,10000093151232.0,575234816.0,32,0.01,2,8,2,100,0.0001,3002.0
0.795619283403669,0.5309064317317236,1.2568175196647644,1.2457548379898071,1.2678802013397217,566616129536.0,5028096.0,64,0.000144,8,32,1,100,0.0,22634.0
0.6145574883336112,0.5631483920982906,1.0258138179779053,0.9979180097579956,1.053709626197815,10001932353536.0,44653312.0,32,0.0012,8,32,2,400,0.0,39626.0
1.2929752696128118,0.4802908230395544,1.5902262926101685,1.5801533460617063,1.6002992391586304,1798813908992.0,4083328.0,64,0.01,8,32,4,200,0.0,73610.0
0.9968168621971494,0.5,1.6193073391914368,1.6213661432266235,1.61724853515625,1788768419840.0,8050816.0,64,0.5,8,32,2,100,0.0001,39626.0
0.9348322578838894,0.4807159439438865,2.1943700313568115,2.1943368911743164,2.194403171539306,202533060608.0,453920.0,32,5e-05,8,64,1,400,0.1,86218.0
0.6348203484501157,0.5602222113382249,1.0192413330078125,1.0141271352767944,1.0243555307388306,1000997650432.0,7882464.0,32,0.0012,2,32,1,100,0.0,22634.0
0.7838059408324105,0.4780153646355584,1.2943730354309082,1.2739083766937256,1.3148376941680908,3168383533056.0,12759488.0,64,5e-05,2,32,2,200,0.0,39626.0
0.6067620019117991,0.5675562251181829,1.018244206905365,1.0074574947357178,1.0290309190750122,3164297756672.0,53254016.0,64,0.01,8,16,2,400,0.0,10602.0
0.9808645702543712,0.5,1.619206786155701,1.619595289230347,1.618818283081055,100430020608.0,3278944.0,32,0.5,8,8,4,100,0.1,5354.0
11.49039920171102,0.4970484404336838,187.22210693359372,186.94110107421875,187.50311279296875,104174387200.0,857664.0,32,0.5,4,32,1,400,0.0,22634.0
1.0103307366371157,0.5,1.628384351730347,1.629840850830078,1.6269278526306152,1778538512384.0,114641728.0,32,0.5,8,8,2,100,0.1,3002.0
0.8124893953402837,0.542866526615052,1.1692740321159365,1.154579520225525,1.1839685440063477,570756890624.0,2404544.0,64,0.01,4,32,2,200,0.1,39626.0
0.9292236424627758,0.5473321491763705,1.6531545519828796,1.654062271118164,1.6522468328475952,1000641265664.0,33199072.0,32,0.07071068,8,16,1,400,0.1,6202.0
0.8391333591370356,0.505412954659689,1.436898052692413,1.4314696788787842,1.4423264265060425,1012351959040.0,8559040.0,64,0.000416,8,16,4,400,0.0,19402.0
0.7975366292964845,0.4852444437288102,1.223349630832672,1.196075677871704,1.25062358379364,317372071936.0,2436192.0,32,0.01,2,16,4,400,0.0001,19402.0
0.8648592858087449,0.5,1.6209500432014463,1.6198792457580566,1.6220208406448364,100226105344.0,10609664.0,32,0.5,4,8,1,400,0.0001,1826.0
0.6296320720797494,0.5154529895101275,1.0253338813781738,1.0247541666030884,1.0259135961532593,1000091746304.0,105866816.0,64,0.07071068,2,8,1,200,0.0001,1826.0
0.9938163331576756,0.4870088966119857,2.24495005607605,2.245689868927002,2.2442102432250977,106443694080.0,480704.0,64,5e-05,8,32,2,100,0.1,39626.0
0.8175782816750663,0.5682252581630435,1.1290640234947205,1.0611571073532104,1.1969709396362305,562482708480.0,16978752.0,64,0.01,2,16,1,100,0.0,6202.0
0.823928884097508,0.4869404392583029,1.4900884628295898,1.4855700731277466,1.494606852531433,318501683200.0,1282944.0,32,0.000144,2,32,2,200,0.0001,39626.0
0.9221124194917224,0.5,1.6116728782653809,1.6121152639389038,1.611230492591858,5626181189632.0,25254944.0,32,0.07071068,8,32,2,200,0.0,39626.0
0.6783498050201506,0.5006534875858397,1.2332167625427246,1.1994491815567017,1.2669843435287476,5624076697600.0,2911072.0,32,5e-05,2,64,4,100,0.1,286474.0
0.8990489329610553,0.4971315981376739,1.6011602282524109,1.60209059715271,1.6002298593521118,113392394240.0,61120.0,64,0.00347,4,64,4,100,0.1,286474.0
0.9253475268681844,0.4952997735568455,1.628370761871338,1.6302158832550049,1.626525640487671,321046052864.0,1364032.0,64,0.5,4,32,2,100,0.1,39626.0
0.8905456435112726,0.5007448934373402,1.6116631031036377,1.611762762069702,1.6115634441375732,100431626240.0,3119616.0,64,0.07071068,4,8,4,100,0.0001,5354.0
0.6499086398453939,0.5141658896491641,1.2409951090812683,1.1605581045150757,1.321432113647461,5677478576128.0,2936448.0,64,0.0012,2,64,4,200,0.0001,286474.0
0.7984058424120858,0.4761666336229869,1.2432090640068054,1.2055926322937012,1.2808254957199097,100896702464.0,1754304.0,32,0.01,8,16,2,200,0.0,10602.0
0.8062745992626462,0.5082543761957259,1.205872356891632,1.2086187601089478,1.2031259536743164,316248719360.0,680256.0,32,0.01,4,64,1,100,0.0001,86218.0
0.8763250396365211,0.5,1.6357111930847168,1.634937763214111,1.6364846229553225,3170697216000.0,12664064.0,32,0.5,2,32,2,400,0.0,39626.0
0.9452197239512488,0.4933393945296605,1.4236003756523132,1.4165757894515991,1.4306249618530271,582945800192.0,616512.0,32,0.01,4,64,2,200,0.0,152970.0
0.6275862966264997,0.543889005269323,1.0653698444366455,1.0628856420516968,1.0678540468215942,1000969273344.0,29920960.0,64,0.000416,2,16,1,200,0.0001,6202.0
0.6182056807336354,0.5350844718161083,0.975645273923874,0.973757028579712,0.977533519268036,10001421697024.0,42611392.0,32,0.01,4,32,2,100,0.0001,39626.0
0.7041108132827849,0.5266693106719426,1.1737481951713562,1.1645451784133911,1.1829512119293213,323936845824.0,2837632.0,64,0.00347,8,16,4,200,0.0001,19402.0
0.7786460703327542,0.5056073296637762,1.1794307827949524,1.1629056930541992,1.1959558725357056,563775012864.0,4703040.0,64,0.000416,4,32,1,200,0.0001,22634.0
0.8699751098950704,0.5093261223463785,1.6295493245124817,1.6302427053451538,1.6288559436798096,3163728379904.0,3241280.0,32,0.01,2,64,2,100,0.0001,152970.0
0.9210376881417774,0.4632588724295298,1.6120322942733765,1.6130563020706177,1.6110082864761353,100827324416.0,793920.0,32,0.01,2,16,4,100,0.0001,19402.0
0.7856100428672064,0.4774268397263118,1.2880659103393557,1.285699486732483,1.290432333946228,3165580951552.0,54614208.0,64,5e-05,8,16,2,200,0.0,10602.0
0.9519589287894112,0.530812877274695,1.5075639486312866,1.488929271697998,1.5261986255645752,107374297088.0,898016.0,32,0.01,8,16,4,400,0.0,19402.0
0.6156199276447296,0.5828344509715125,1.3393496870994568,1.2184017896652222,1.4602975845336914,5624076697600.0,2911072.0,32,0.0012,2,64,4,100,0.0,286474.0
1.4158825618880135,0.4749787222771418,1.7674087285995483,1.77491295337677,1.7599045038223269,207250718720.0,235712.0,64,0.01,8,64,2,100,0.1,152970.0
0.833597929704757,0.4915944579101744,1.967757523059845,1.9677966833114624,1.9677183628082275,1789810049024.0,2059008.0,32,5e-05,8,64,2,400,0.0,152970.0
0.8928155558449882,0.5084454097918102,1.6070218682289124,1.6085865497589111,1.6054571866989136,1780665286656.0,1831008.0,32,0.01,2,64,2,100,0.1,152970.0
0.8467144178492683,0.4951331785746983,1.3654561042785645,1.2870112657546997,1.4439009428024292,101449588736.0,207104.0,64,0.00347,2,32,4,100,0.1,73610.0
0.8486291439760298,0.4976782628468105,1.3375127911567688,1.3280493021011353,1.3469762802124023,179508068352.0,812352.0,32,0.000416,8,32,2,100,0.0,39626.0
0.7710003561916805,0.5330344048284349,1.218243956565857,1.2112717628479004,1.2252161502838137,112744701952.0,226720.0,32,0.00347,2,64,1,400,0.0,86218.0
0.8951949164980934,0.491005818049113,1.6193644404411316,1.6192145347595217,1.6195143461227417,1787581431808.0,3842944.0,32,0.01,4,32,4,200,0.0001,73610.0
0.8475193750290644,0.5005354412964412,1.9799410104751587,1.979706048965454,1.9801759719848635,100612816896.0,1604736.0,64,0.000416,4,16,2,400,0.0,10602.0
0.9108691016832988,0.5,1.6235597133636477,1.62406325340271,1.623056173324585,1000110555136.0,117859072.0,32,0.5,4,8,1,100,0.0,1826.0
0.7805764150051844,0.4317336132129033,1.1741198301315308,1.164647340774536,1.1835923194885254,572989112320.0,621376.0,64,0.00347,4,64,2,100,0.1,152970.0
0.8726666825158256,0.5090118043479466,1.7732252478599548,1.7735071182250977,1.772943377494812,1820800319488.0,1027712.0,32,0.000144,8,64,4,400,0.0,286474.0
0.7870184055396489,0.5802663436957768,1.2317648530006409,1.223832607269287,1.2396970987319946,331281793024.0,726016.0,64,0.0012,8,64,1,200,0.1,86218.0
0.6519533509299869,0.4926830714657193,1.3478642106056211,1.263279676437378,1.4324487447738647,3164041904128.0,24765120.0,64,0.01,2,32,1,400,0.1,22634.0
0.7049412840888614,0.5018232237725031,1.0901216268539429,1.086400866508484,1.093842387199402,1000024506368.0,2000512.0,32,0.01,2,64,1,100,0.0,86218.0
0.6067514760153634,0.5875253535452343,0.9851485192775726,0.977538526058197,0.9927585124969482,10000077422592.0,83497152.0,32,0.00347,4,32,1,100,0.0001,22634.0
0.9473880160422552,0.5216567629859561,2.193120837211609,2.196779251098633,2.189462423324585,109221519360.0,908928.0,64,5e-05,8,16,4,400,0.1,19402.0
0.622340589052155,0.5583575992357164,1.1987311840057373,1.124962568283081,1.2724997997283936,3162850721792.0,13412352.0,64,0.01,4,32,2,200,0.1,39626.0
0.8940004280635289,0.4907947856755483,1.5331420302391052,1.5316388607025146,1.5346451997756958,563645448192.0,1133184.0,32,0.000144,2,64,1,400,0.0,86218.0
0.97479019846235,0.5123878965775172,1.6276212334632874,1.6283199787139893,1.6269224882125854,568834326528.0,4987904.0,64,0.5,8,32,1,200,0.1,22634.0
0.7555437634388605,0.5599764457770756,1.2257311940193176,1.1670187711715698,1.2844436168670654,5623420813312.0,43959552.0,64,0.0012,2,32,1,400,0.1,22634.0
0.953239245074136,0.5,1.6171323657035828,1.6202247142791748,1.6140400171279907,3166791532544.0,91789504.0,64,0.5,8,8,4,400,0.0001,5354.0
1.0293934146563213,0.500267573765346,1.6545769572257996,1.6564940214157104,1.652659893035889,179814252544.0,1598944.0,32,0.5,8,32,1,100,0.1,22634.0
0.8884368595622835,0.5,1.620430588722229,1.6209579706192017,1.6199032068252563,5623746920448.0,304864480.0,32,0.5,4,8,2,400,0.0001,3002.0
0.8800250774338132,0.5,1.6097282767295835,1.6109116077423096,1.608544945716858,1778667618304.0,109851776.0,32,0.5,8,8,2,200,0.1,3002.0
0.6326142301162084,0.5527382202091671,1.0987760424613953,1.032872200012207,1.1646798849105835,3165129277440.0,24639808.0,32,0.01,2,32,1,400,0.1,22634.0
0.9247609263374692,0.4846942311241513,1.7220118641853333,1.7230643033981323,1.7209594249725342,328946483200.0,739904.0,32,0.000144,8,64,1,200,0.0001,86218.0
0.6566096728756314,0.5402426343588602,1.1785375475883484,1.1209666728973389,1.236108422279358,1787581431808.0,3842944.0,32,0.000416,4,32,4,200,0.1,73610.0
0.930896398567018,0.4936377789293016,1.608456313610077,1.6095397472381592,1.6073728799819946,100694171648.0,2628800.0,64,0.07071068,2,8,4,400,0.1,5354.0
0.919421448594048,0.4827775401728494,1.771242618560791,1.7738630771636963,1.7686221599578855,320324435968.0,1441472.0,32,0.000144,8,32,2,200,0.1,39626.0
0.6081402323075703,0.5353935368004299,1.0403306484222412,1.0030909776687622,1.0775703191757202,3163513421824.0,27775040.0,64,0.01,8,16,4,100,0.1,19402.0
0.7232374634061541,0.5391543500480198,1.2036796808242798,1.1812440156936646,1.226115345954895,1003314348032.0,2018560.0,64,0.000144,2,64,1,100,0.0,86218.0
0.9554764600027176,0.4866712135928018,1.6324527859687803,1.6331257820129397,1.6317797899246216,325221548032.0,664256.0,64,0.000416,2,64,1,400,0.0001,86218.0
10.600648891358148,0.5003877849805922,95.42837524414062,95.97116088867188,94.88558959960938,1006872494080.0,4506976.0,32,0.5,8,32,2,200,0.1,39626.0
0.7416557329041618,0.6807973044259208,1.243217945098877,1.1993777751922607,1.2870581150054932,3162770767872.0,48785664.0,64,0.00347,2,16,2,200,0.0001,10602.0
0.6298222775970187,0.5357585982197807,1.1994858384132383,1.081856369972229,1.317115306854248,5623884283904.0,91853088.0,32,0.000416,4,16,2,200,0.0,10602.0
0.8506033023198446,0.5,1.623694360256195,1.6237114667892456,1.6236772537231443,3168638337024.0,7170144.0,32,0.5,8,32,4,100,0.0,73610.0
0.8752599472091311,0.5002289499555316,1.612714767456055,1.613870620727539,1.6115589141845703,562587107328.0,32995648.0,32,0.07071068,4,8,2,200,0.0001,3002.0
0.7932844502585275,0.4944428453842799,1.2518459558486938,1.2478243112564087,1.255867600440979,179658915840.0,1583616.0,64,0.0012,8,16,4,100,0.1,19402.0
0.8944209132875715,0.5158466796080271,1.6072269082069397,1.6079009771347046,1.6065528392791748,10007222419456.0,10292256.0,32,0.01,2,64,2,200,0.0001,152970.0
0.9081788857777914,0.5000043043068477,1.6192448139190674,1.6193207502365112,1.6191688776016235,562650087424.0,4396672.0,64,0.5,2,32,1,100,0.1,22634.0
0.9034576472781952,0.5020531841686794,1.609920620918274,1.609892725944519,1.6099485158920288,562431328256.0,32371200.0,32,0.07071068,2,8,2,100,0.0001,3002.0
0.9890172368004208,0.5,1.6228627562522888,1.6265723705291748,1.6191531419754028,5624730484736.0,167531712.0,64,0.5,4,8,4,200,0.1,5354.0
0.9568158359754652,0.4993994108268192,1.621042788028717,1.6234952211380005,1.6185903549194336,3171453239296.0,14134336.0,64,0.07071068,8,32,2,400,0.0,39626.0
0.8122565426996776,0.5150345947061267,1.273856699466705,1.2276636362075806,1.32004976272583,5627129102336.0,5730944.0,64,0.000144,2,64,2,100,0.0001,152970.0
0.9362649981464658,0.5207784729344505,1.730061650276184,1.5189902782440186,1.9411330223083496,1782320594944.0,3616224.0,32,0.0012,2,32,4,200,0.0001,73610.0
0.8438932668595087,0.4767490824063619,1.801024615764618,1.8011057376861572,1.8009434938430786,336472768512.0,364864.0,64,0.000144,4,64,2,100,0.0,152970.0
0.879248647462754,0.5099502461297172,2.1991159915924072,2.2000396251678467,2.198192358016968,101593497600.0,224320.0,64,0.000144,8,32,4,400,0.0,73610.0
0.7715105705317997,0.5094547222057978,1.2140628099441528,1.1898113489151,1.2383142709732056,1011409747968.0,1080032.0,32,0.000416,4,64,2,200,0.0,152970.0
0.914159615834554,0.5130248885779154,1.8007147908210754,1.7997339963912964,1.8016955852508545,319424233472.0,688320.0,64,0.000144,4,32,4,100,0.0001,73610.0
0.6392541804483959,0.5651069964681353,1.14722740650177,1.1116275787353516,1.1828272342681885,3173324161024.0,3278816.0,32,0.00347,2,64,2,200,0.0,152970.0
0.8889128395489284,0.5,1.6290634870529177,1.6290465593338013,1.6290804147720337,3162604830720.0,26158528.0,64,0.5,4,16,4,200,0.0,19402.0
0.6034143077475684,0.6183060038657415,1.0118775367736816,1.0001554489135742,1.023599624633789,10013927014400.0,10218752.0,64,0.00347,2,64,2,100,0.0,152970.0
0.6094447140182767,0.5432602110363188,1.065804898738861,1.0085784196853638,1.1230313777923584,5624055726080.0,97984288.0,32,0.000416,8,16,2,100,0.0001,10602.0
0.9194932807059516,0.4845951256297883,2.044387102127075,2.044490337371826,2.044283866882324,112744701952.0,226720.0,32,0.000144,2,64,1,400,0.0001,86218.0
0.8315318418400628,0.5360427363997414,1.480745553970337,1.3550208806991575,1.606470227241516,5626038059008.0,43163648.0,32,0.000144,2,16,4,400,0.0,19402.0
0.6143162853661037,0.5703256754648118,1.1160883903503418,1.079975724220276,1.1522010564804075,1794076311552.0,4054464.0,64,0.0012,8,32,4,100,0.1,73610.0
0.7040543385914394,0.5521336779707954,1.3629918694496157,1.358613133430481,1.36737060546875,183879352320.0,200384.0,32,0.01,4,64,2,100,0.1,152970.0
0.5890527090856007,0.6411736635934739,0.9491481482982635,0.9460987448692322,0.9521975517272948,10000315449344.0,644547776.0,32,0.01,8,8,2,100,0.0001,3002.0
0.6253094034535545,0.5382119530723208,1.0999361276626587,1.0486881732940674,1.15118408203125,1778578882560.0,29327488.0,32,0.000416,4,16,2,100,0.0001,10602.0
0.6608209049417859,0.4430267938545772,1.1460321545600891,1.1345443725585938,1.1575199365615845,180518240256.0,1403200.0,32,0.01,2,32,1,400,0.0,22634.0
0.6426306480453128,0.5187758810463405,1.0358347296714785,1.0264687538146973,1.0452007055282593,178011635712.0,18850688.0,64,0.01,2,8,1,200,0.0,1826.0
0.64454086124897,0.5209619502226511,1.0456101298332214,1.0452067852020264,1.0460134744644165,317303095296.0,10871360.0,64,0.00347,8,16,1,100,0.0,6202.0
0.7529427054382506,0.514845609664917,1.1892127394676208,1.177412986755371,1.2010124921798706,319740215296.0,4803776.0,64,0.0012,2,16,2,400,0.0001,10602.0
0.94956103960673,0.5127263069152832,1.6139788627624512,1.6173677444458008,1.6105899810791016,100526080000.0,1550496.0,32,0.5,2,16,2,200,0.1,10602.0
0.962361122171084,0.5220705909388406,1.5891438126564026,1.456949234008789,1.721338391304016,569447415808.0,4468800.0,64,0.00347,2,32,1,400,0.0001,22634.0
0.8256381154060364,0.4994417712801978,1.3628423810005188,1.3601137399673462,1.3655710220336914,178110742528.0,2745152.0,64,0.000416,2,16,2,200,0.0001,10602.0
0.7543866194429851,0.5669069041808447,1.2050289511680603,1.1047875881195068,1.3052703142166138,562361597952.0,66239872.0,64,0.01,4,8,1,100,0.0001,1826.0
0.9031898918605986,0.5152216291143781,2.0114946365356445,2.012792587280273,2.010196685791016,220541730816.0,484288.0,64,0.000416,8,32,4,400,0.0001,73610.0
0.8906005067484719,0.483736976981163,1.3132404088974,1.2822262048721311,1.3442546129226685,101385879552.0,3459392.0,32,0.07071068,8,16,1,200,0.1,6202.0
0.6188779274622599,0.5382716811838604,1.3467494249343872,1.1933069229125977,1.5001919269561768,5630563713024.0,11998816.0,32,0.00347,4,32,4,400,0.1,73610.0
0.7937055797803969,0.4705921560525894,1.3061625957489014,1.3030736446380615,1.3092515468597412,3163612250112.0,47775424.0,64,5e-05,2,16,2,400,0.1,10602.0
0.9436278513499669,0.483186084599722,1.8335978984832764,1.8359249830245967,1.831270813941956,1794173304832.0,7594752.0,64,5e-05,4,32,2,400,0.1,39626.0
0.9065846602121987,0.5,1.6071446537971497,1.6079025268554688,1.6063867807388306,10000210591744.0,552429952.0,32,0.07071068,2,8,2,200,0.0,3002.0
0.627512398929823,0.5320841797760555,1.0333890318870544,1.02810537815094,1.038672685623169,563917815808.0,8699776.0,64,0.00347,2,16,2,200,0.0001,10602.0
0.975681517805372,0.49683953892617,1.6458980441093445,1.6485487222671509,1.643247365951538,1056133480448.0,549120.0,64,0.01,2,64,4,200,0.0001,286474.0
0.5525673571087065,0.7460724711418152,1.1651734709739685,1.0368797779083252,1.2934671640396118,5623571808256.0,45463936.0,32,0.00347,4,16,4,400,0.0001,19402.0
0.7841716139089494,0.5230148619129544,1.322952389717102,1.3123375177383425,1.3335672616958618,3170092711936.0,26274880.0,64,5e-05,4,32,1,400,0.1,22634.0
0.8340848315329779,0.528318716656594,1.2736548781394958,1.2531864643096924,1.294123291969299,317938565120.0,2640384.0,64,0.000416,4,32,1,200,0.1,22634.0
0.6136246735141391,0.5448905995913914,1.021331787109375,1.013486385345459,1.029177188873291,5624397561856.0,23802368.0,32,0.01,4,32,2,400,0.0001,39626.0
0.7340908788499378,0.4562945976143792,1.1986596584320068,1.192898154258728,1.2044211626052856,1778859114496.0,29059616.0,32,5e-05,4,16,2,200,0.1,10602.0
0.6607408729337511,0.5614206549667177,1.0973038077354431,1.099765062332153,1.094842553138733,563565887488.0,17897600.0,64,0.000416,4,16,1,200,0.1,6202.0
0.6205801105215436,0.5213013184922082,1.1710357666015625,1.134141445159912,1.207930088043213,317092495360.0,5162304.0,64,0.01,4,16,2,200,0.0001,10602.0
0.6201731236208052,0.6442855284327552,1.0263051092624664,0.993176281452179,1.059433937072754,10003940376576.0,83505536.0,64,0.00347,4,32,1,200,0.0001,22634.0
0.6313511246726626,0.5940700187569573,1.1115798950195312,1.0457905530929563,1.177369236946106,1778498404352.0,57247648.0,32,0.0012,4,16,1,100,0.0001,6202.0
0.7957460866087959,0.530968882498287,1.2577924132347107,1.2467899322509766,1.2687948942184448,566616129536.0,5028096.0,64,0.000144,8,32,1,100,0.1,22634.0
0.8421955605347952,0.5736578561010814,1.4828583598136902,1.2811442613601685,1.684572458267212,10005664235520.0,19933152.0,32,0.0012,2,64,1,400,0.0,86218.0
0.6615415676718667,0.5283617214077995,1.218677818775177,1.110862374305725,1.326493263244629,10008459739136.0,21350336.0,32,0.000416,4,32,4,400,0.1,73610.0
0.9382268672897702,0.4913315985883985,1.6373650431632996,1.6409505605697632,1.633779525756836,178110742528.0,2745152.0,64,0.5,2,16,2,200,0.1,10602.0
0.9490807709239778,0.4840037070569538,1.887599527835846,1.8893979787826536,1.885801076889038,569532809216.0,2278400.0,64,5e-05,2,32,2,200,0.0,39626.0
0.9276266665685744,0.5,1.6263993382453918,1.6286133527755735,1.62418532371521,100736098304.0,3177280.0,64,0.5,8,8,4,200,0.0,5354.0
0.5914806872606277,0.6100153057348161,1.1054885983467102,1.0666590929031372,1.1443181037902832,10004051525632.0,10845568.0,64,0.00347,4,64,2,200,0.0,152970.0
0.7087104654028302,0.5340003442196619,1.201394021511078,1.1945219039916992,1.2082661390304563,572263170048.0,1210432.0,64,0.01,4,64,1,200,0.1,86218.0
0.8397448772475833,0.4851180492412476,1.5094873905181885,1.5072864294052124,1.5116883516311646,1000825421824.0,4242944.0,64,5e-05,4,32,2,100,0.0,39626.0
0.641399418314298,0.5308774539402553,1.0473671555519104,1.0483828783035278,1.046351432800293,100226105344.0,10609664.0,32,0.01,4,8,1,400,0.0,1826.0
0.9247619140715826,0.4846993613810766,1.7223735451698303,1.7234292030334473,1.7213178873062134,328946483200.0,739904.0,32,0.000144,8,64,1,200,0.1,86218.0
0.6148522893587748,0.5609033136140733,0.9791319966316224,0.976621150970459,0.9816428422927856,5623816126464.0,192500832.0,32,0.0012,8,16,1,100,0.0,6202.0
0.8812701531818935,0.483352182876496,1.6536559462547302,1.653192162513733,1.6541197299957275,215813783552.0,244960.0,32,0.0012,8,64,2,400,0.1,152970.0
0.786079880737123,0.5379888812700907,1.3062875866889954,1.2981973886489868,1.314377784729004,1787457044480.0,15699392.0,64,0.000144,8,32,1,400,0.1,22634.0
0.9752439402398608,0.525580210345132,1.4138646721839905,1.3903626203536987,1.4373667240142822,191470993408.0,424480.0,32,0.00347,8,32,4,400,0.0,73610.0
0.6572577435345877,0.5607123147873652,1.093849778175354,1.0962440967559814,1.0914554595947266,563565887488.0,17897600.0,64,0.000416,4,16,1,200,0.0001,6202.0
0.6551906622591472,0.528073496052197,1.7157004475593567,1.664747953414917,1.7666529417037964,1778837225472.0,50221984.0,32,0.01,2,8,4,200,0.1,5354.0
0.927131088007064,0.4848753426756177,1.802087485790253,1.802938222885132,1.8012367486953735,186063159296.0,396352.0,32,0.000144,4,64,1,200,0.0,86218.0
0.7867311161188852,0.5006055796430224,1.2197715044021606,1.1851508617401123,1.254392147064209,1021149773824.0,1114080.0,32,0.0012,4,64,2,400,0.1,152970.0
0.6305087925422759,0.5413441132931482,1.109910070896149,1.0746147632598877,1.1452053785324097,10009638338560.0,42309152.0,32,0.000144,4,32,2,400,0.1,39626.0
2.2397919041769847,0.4815295068990616,2.187192320823669,2.105128526687622,2.269256114959717,10000459104256.0,291962880.0,64,0.01,2,16,1,400,0.1,6202.0
0.912261202221825,0.5177388801461175,2.3177878856658936,2.3197124004364014,2.3158633708953857,112681385984.0,63936.0,32,5e-05,8,64,4,100,0.0,286474.0
0.8786139289538065,0.5148448979570752,1.9890897274017332,1.9898256063461304,1.9883538484573364,592189587456.0,1277376.0,64,0.000144,4,32,4,400,0.0,73610.0
0.8536417739731925,0.5088274847893488,1.6946673393249512,1.694074034690857,1.6952606439590454,5677652115456.0,3208064.0,32,5e-05,8,64,4,400,0.0,286474.0
0.7347353427183061,0.532316967135384,1.2233633995056152,1.17431902885437,1.2724077701568604,3173310791680.0,6343392.0,32,0.000144,2,64,1,400,0.0,86218.0
0.8605105252492995,0.5128865398111797,2.362879037857056,2.3608415126800537,2.3649165630340576,108733644800.0,110656.0,64,5e-05,2,64,2,100,0.0,152970.0
0.9006784615062532,0.5058839675926027,1.6065229773521423,1.6079003810882568,1.6051455736160278,10000459104256.0,291962880.0,64,0.07071068,2,16,1,400,0.0,6202.0
0.8590820829073588,0.5,1.6309496760368347,1.6296156644821167,1.6322836875915527,1778389745664.0,15795392.0,64,0.5,8,32,1,100,0.0001,22634.0
0.7154116517021543,0.5259262131793159,1.135735273361206,1.0992201566696167,1.1722503900527954,1778569445376.0,187151488.0,32,0.07071068,4,8,1,400,0.1,1826.0
0.6298542263961974,0.5447054349240803,1.460928440093994,1.3770818710327148,1.5447750091552734,3164248211456.0,24760256.0,32,0.01,2,32,1,200,0.1,22634.0
0.9577267737615676,0.5,1.611335813999176,1.614457607269287,1.608214020729065,179386155008.0,5233088.0,32,0.5,8,8,4,400,0.1,5354.0
0.9078157288687568,0.4995241335460118,1.6109400987625122,1.611531376838684,1.6103488206863403,5623541923840.0,323462816.0,32,0.07071068,2,8,2,100,0.1,3002.0
0.950491468111674,0.5009674770491463,1.6496806740760803,1.655275583267212,1.6440857648849487,321325072384.0,693344.0,32,0.5,4,32,4,200,0.0,73610.0
0.6152446461575372,0.5594397385915121,1.0526877045631409,1.0377832651138306,1.0675921440124512,563114147840.0,9190080.0,64,0.00347,4,16,2,200,0.1,10602.0
0.8673412572769892,0.5142977493149894,1.628713846206665,1.6250054836273191,1.6324222087860107,184576344064.0,423872.0,32,0.000416,8,32,4,100,0.0,73610.0
0.9626691284633818,0.5115397728624798,1.7128410339355469,1.7112972736358645,1.7143847942352295,191470993408.0,424480.0,32,0.0012,8,32,4,400,0.1,73610.0
0.9319794575373332,0.5,1.6068955063819883,1.6081560850143433,1.6056349277496338,10008459739136.0,21350336.0,32,0.07071068,4,32,4,400,0.0001,73610.0
0.7136708796024323,0.481422327813648,1.1234188675880432,1.1032365560531616,1.1436011791229248,562515017728.0,4694432.0,32,0.000416,4,32,1,200,0.0001,22634.0
0.8107562952098393,0.4920115499269394,1.283971905708313,1.2489492893218994,1.3189945220947266,10018670772224.0,10232512.0,32,5e-05,2,64,2,400,0.1,152970.0
0.8845283559390477,0.5,1.6138969659805298,1.6152193546295166,1.612574577331543,1778320801792.0,195693824.0,32,0.5,2,8,1,100,0.0,1826.0
0.6041375902437028,0.5742480045273191,1.0172711610794067,1.0129066705703735,1.02163565158844,1004002607104.0,16943328.0,32,0.01,8,16,2,400,0.1,10602.0
0.9734338749022712,0.4871764282385508,2.0706896781921387,2.0726704597473145,2.068708896636963,571411791872.0,2546048.0,64,5e-05,8,32,2,200,0.0,39626.0
0.6450147486868358,0.5669348374718711,1.0777514576911926,1.07866370677948,1.0768392086029053,562635210752.0,18100128.0,32,0.000144,4,16,1,100,0.0001,6202.0
0.9134726808184668,0.5,1.6124511361122131,1.6123054027557373,1.612596869468689,10000921526272.0,174293728.0,32,0.07071068,8,16,2,100,0.0001,10602.0
0.846384863058726,0.5,1.640511989593506,1.6383265256881714,1.6426974534988403,572658286592.0,1305888.0,32,0.5,8,32,4,100,0.0,73610.0
