config_id,real_data/nll,real_data/roc_auc,val/large/val_loss,val/medium/val_loss,val/small/val_loss,val/val_loss,total_flops,total_cells,config/effective_batch_size,config/lr,config/max_features,config/model_config.embedding_size,config/model_config.num_layers,config/num_datapoints_max,parameters,flops_bin
1,1.0463169972369866,0.5073093203093203,1.6486565261147916,1.606331542134285,1.6084595182910562,1.6211491955133777,228487769822208.0,536870912,256,0.004733988083899,128,16,16,128,72202.0,bin_4
3,0.921782954171579,0.598243705148467,0.9762914775492392,0.9437672113999724,0.9440982472151518,0.9547189787214544,266361090052608.0,4294967296,128,0.0022390820086002,64,8,8,256,10058.0,bin_4
4,1.0783380166122796,0.4868449482616149,1.6438606105512008,1.6041151247918606,1.607859682291746,1.6186118058782692,582337218051840.0,2147483648,256,0.0055863484740257,32,8,32,512,38282.0,bin_5
5,1.0675919938464904,0.5,1.644996976479888,1.6041826335713267,1.6063686879351735,1.618516099328796,1858228526410752.0,8589934592,16,0.0169093944132328,32,16,8,256,37002.0,bin_5
8,1.0659094835615923,0.5,1.6529399142600596,1.6099937446415424,1.6107180025428534,1.6245505538148184,1009281173784576.0,4294967296,128,0.0223217513412237,64,8,32,128,38282.0,bin_5
9,0.9698741776500768,0.3937369834750787,1.1067590631428177,1.0724267694167793,1.0806665886193514,1.086617473726316,897440000501760.0,2147483648,16,0.0044748960062861,32,32,4,512,73610.0,bin_5
10,0.995416782722845,0.2558403179712703,1.1613487938520848,1.061179367825389,1.032069182489067,1.084865781388847,111330607435776.0,134217728,64,0.000210525598959,32,32,8,256,141578.0,bin_4
13,0.8961271828438142,0.7686743080552604,1.0081079972951557,0.9609239066485316,0.953460848890245,0.974164250944644,132130084776960.0,2147483648,256,0.0050084637477993,32,8,8,256,10058.0,bin_4
14,1.0626039690558926,0.4755076202457154,1.6434026926290244,1.6034574694931507,1.6065996224060657,1.61781992817608,12194153509632.0,536870912,32,0.0098478235304355,64,4,8,256,2922.0,bin_2
15,0.2639375768118009,0.9679890880724216,0.8558683939572802,0.836708806687966,0.8566272133029997,0.8497348046494153,3511176222216192.0,8589934592,16,0.0005797413177788,128,32,4,256,73610.0,bin_5
16,1.209913533723426,0.398387900459329,1.1770643767376896,1.1338130799122157,1.1358286910690367,1.1489020492396471,7533068236800.0,134217728,32,0.0012147612869739,128,16,2,512,10602.0,bin_2
17,0.825779914016711,0.8664619062595253,0.9695564568392,0.9315426363609732,0.9333137134090066,0.9448042688697266,873853258825728.0,2147483648,128,0.0008363543311133,128,32,4,128,73610.0,bin_5
20,1.054000458368108,0.4877752109002109,1.648742578807287,1.6070193061605096,1.6097408821806312,1.6218342557161425,119419871342592.0,536870912,64,0.0141778830438852,128,16,8,512,37002.0,bin_4
21,1.0327032644853158,0.591357900476948,1.751479412894696,1.7296852692961693,1.7373592741787434,1.7395079854565365,28257656451072.0,8388608,128,0.0002519481349736,32,32,32,128,549386.0,bin_3
22,1.0768683460462842,0.5014460385293718,1.6474985016975552,1.6061759823933244,1.6080065397545695,1.6205603412818164,6840566661685248.0,2147483648,128,0.0075825043022632,128,128,2,128,600842.0,bin_5
24,0.9834479760597156,0.4537515689777594,2.253149970434606,2.254104306921363,2.2519309259951115,2.2530617344503603,291492427776.0,2097152,128,0.0003099334135185,32,8,16,128,19466.0,bin_0
25,0.9250954560011326,0.730226007237912,1.202606508388271,1.039881610777229,1.0093203112483025,1.0839361434712675,484544152994304.0,8589934592,64,0.000691270106472,32,4,16,512,5578.0,bin_5
29,1.0601702584894015,0.5544228875181255,1.646423492114991,1.605980793945491,1.6075612790882587,1.619988521716247,115992469103616.0,536870912,256,0.0099622951820492,128,16,8,256,37002.0,bin_4
32,1.031829270623746,0.5079985292485293,1.648201836971566,1.6135708997026086,1.61534805316478,1.6257069299463185,6847212574396416.0,2147483648,32,0.0065779061987996,128,128,2,256,600842.0,bin_5
33,1.0184984771626977,0.5551450700974511,1.403536484343931,1.3677795389667151,1.3723769122734666,1.3812309785280377,223603105876992.0,536870912,256,0.000103155929537,64,32,4,512,73610.0,bin_4
34,1.1110110703516287,0.389697348947349,1.2084251605556346,1.1612662659026682,1.1591209368780255,1.176270787778776,11755106734080.0,134217728,32,0.0003230915754102,32,4,32,256,10890.0,bin_2
35,1.0795922119208248,0.5048451548451548,1.644684474216774,1.6037030182778835,1.6066846093162894,1.6183573672703158,7001486651891712.0,2147483648,32,0.0016802430618554,32,64,8,256,553482.0,bin_5
36,0.0659405010015842,0.9982672759339426,0.8074894306309943,0.7880606835242361,0.809750231099315,0.8017667817515152,2.81844992704512e+16,34359738368,256,0.0020194004755467,64,32,8,256,141578.0,bin_5
40,0.9611346632533554,0.703411383589955,2.239751318935305,2.236872276291251,2.2370770759880543,2.2379002237382037,8762580762624.0,134217728,256,0.0005797003977932,128,4,16,512,5578.0,bin_2
41,1.2376382477543368,0.4216485229937611,1.255692493985407,1.224048173520714,1.219167485833168,1.2329693844464298,53647790125056.0,8388608,16,0.0003701286332216,128,128,4,512,1129994.0,bin_3
42,1.07308590083844,0.5009391534391535,1.644735025940463,1.605487002059817,1.6084222318604589,1.6195480866202463,951043047565824.0,2147483648,64,0.0160004794597625,64,16,16,512,72202.0,bin_5
43,0.1660860090618329,0.9938340777388396,0.878442656052357,0.8559915157966316,0.8706085190642625,0.8683475636377503,5.470348567495066e+16,8589934592,64,0.000115235139674,128,128,4,128,1129994.0,bin_5
44,1.0780581444284878,0.6198545986641225,1.6172618160489949,1.5827056914567947,1.5816991766914723,1.5938888947324206,61271833724928.0,2097152,128,0.0024694839958101,128,256,2,512,2381322.0,bin_4
46,1.0564895741067954,0.5,1.6463409238494933,1.6056685540825129,1.6076407507061958,1.6198834095460672,1092888037561344.0,34359738368,64,0.0226433090865612,128,8,4,256,5354.0,bin_5
50,0.9216181737110816,0.7725050998384332,0.984004633843142,0.9338398221880198,0.9355418588966132,0.9511287716425916,1770634004146176.0,8589934592,128,0.0008626685594208,128,32,2,512,39626.0,bin_5
52,1.052586584134181,0.5,1.6440298571251333,1.6044391691684723,1.6066847844049337,1.6183846035661795,1.3823388928948224e+16,17179869184,32,0.0138224028050899,128,64,2,512,152970.0,bin_5
54,0.4251111317688225,0.9064100414576606,1.024310863471328,0.9063465592917056,0.9016364691779016,0.9440979639803118,1848112582497792.0,4294967296,256,0.0007849227404221,64,16,16,256,72202.0,bin_5
57,1.2102959660976182,0.520920005920006,1.784505168441683,1.7245435458607972,1.736127802170813,1.7483921721577644,7394419316736.0,2097152,16,0.0200703795999288,64,32,32,256,549386.0,bin_2
58,1.070063071773945,0.5160903818403818,1.6418562880717218,1.603456523269415,1.606901473365724,1.6174047615689535,1.3927383666794496e+16,2147483648,64,0.0033138005528599,32,128,4,512,1129994.0,bin_5
59,1.0576307799871525,0.4973928848928848,1.6428893313277513,1.6045928243547678,1.6074078567326069,1.618296670805042,7166121043304448.0,8589934592,256,0.0131481671705842,32,32,8,512,141578.0,bin_5
60,1.012923442376641,0.5733437629390011,1.0894851715638652,1.039422627072781,1.0314991693012416,1.0534689893126294,58366547718144.0,536870912,256,0.0089131826534867,128,16,4,256,19402.0,bin_4
63,0.5403685783972693,0.9436874589255542,0.9388012156232436,0.908026184188202,0.919397332239896,0.9220749106837806,2.7399915356534784e+16,8589934592,128,0.0003011820372194,128,128,2,512,600842.0,bin_5
64,0.9823092994292044,0.3936059918917061,2.289433798287064,2.28975067473948,2.2906072232872248,2.2899305654379227,1842319718400.0,8388608,128,0.000113190842967,64,16,8,256,37002.0,bin_1
65,1.0068355854372228,0.608687197722912,2.040986019652337,2.020459862425924,2.016217596828937,2.0258878263023994,988853139072.0,8388608,16,0.0002357050980208,32,4,32,512,10890.0,bin_1
67,1.0345850030774966,0.4133439673201577,1.5876358454115689,1.5584810143336654,1.5574730848893523,1.5678633148781955,112392538066944.0,2097152,256,0.0009637452894821,128,256,2,512,2381322.0,bin_4
68,0.4350066702512689,0.9322575590194638,0.9227442488772796,0.8920789535623044,0.8977790253702551,0.9042007426032797,1091967034763520.0,17179869184,16,0.0007371547399088,128,8,8,256,10058.0,bin_5
72,1.0422528614070323,0.526311301352968,1.6451091540511698,1.6069938382133842,1.608850011602044,1.620317667955533,32943749217024.0,134217728,16,0.0023235853295773,32,8,32,256,38282.0,bin_3
74,1.0546903234522764,0.6711478931121787,1.5934544724877924,1.5777076175436378,1.579279440455139,1.5834805101621896,16253519414784.0,134217728,64,0.0001745937770465,128,8,16,128,19466.0,bin_3
78,1.0720816405614857,0.6415921151159246,1.6459174475166949,1.6075351601466537,1.611077345907688,1.621509984523679,8377569153408.0,134217728,64,0.0054045361466705,128,4,16,512,5578.0,bin_2
81,0.4721334548514993,0.90320292758388,0.9569930398720315,0.9088779804296792,0.9090714359190316,0.9249808187402474,532333078155264.0,8589934592,32,0.0003025122568942,64,8,8,256,10058.0,bin_5
83,0.9609816001690542,0.6028030408744695,2.1052216654643416,2.0993662858381867,2.1003606896847486,2.101649546995759,7649964764160.0,2097152,128,0.0007304996834136,64,32,32,256,549386.0,bin_2
84,1.0521303355363667,0.5,1.6496638372773305,1.6075322311371565,1.6089050183072686,1.6220336955739183,5.458888786846925e+16,4294967296,32,0.0376176834106445,128,256,2,128,2381322.0,bin_5
85,1.0524375611124526,0.5,1.6440853013191372,1.6045929389074445,1.607324631884694,1.618667624037092,532023244006656.0,4294967296,256,0.03888850659132,64,8,16,256,19466.0,bin_5
86,0.9965683649018316,0.6932005948196425,2.06393522862345,2.058937816880644,2.0562254106625915,2.059699485388895,15724291605504.0,2097152,256,0.0193598885089159,64,64,16,256,1087498.0,bin_3
87,0.6958667110989062,0.8194415143938953,0.9743212851535644,0.9401547810994088,0.941023388877511,0.9518331517101616,137029915227648.0,8589934592,32,0.0064941388554871,128,8,2,256,3002.0,bin_4
89,1.01013394199753,0.4401441662394043,1.103161006445589,1.027577804401517,1.0208985023200512,1.0505457710557191,30259623154176.0,2147483648,64,0.0008741085766814,32,4,4,512,1594.0,bin_3
92,1.0104833438205916,0.3959987195344337,2.030543760862201,2.020809918642044,2.0247540632262826,2.0253692475768426,1926156567168.0,8388608,64,0.0025750214699655,128,16,8,512,37002.0,bin_1
93,1.0603766995508537,0.5,1.6435654209926724,1.6039096312597394,1.6064804792404177,1.6179851771642764,1.421544356915712e+16,34359738368,128,0.0248917415738105,64,32,4,512,73610.0,bin_5
97,1.0620708855682868,0.5,1.645920331357047,1.6062277453020215,1.6072651771828532,1.6198044179473072,3653370266916864.0,17179869184,16,0.0275266841053962,128,16,8,128,37002.0,bin_5
98,0.2184654256786783,0.983458069267593,0.8760907261057582,0.8541658876929432,0.8664979697205126,0.8655848611730713,2.758633077779251e+16,34359738368,16,0.0027614291757345,128,64,2,256,152970.0,bin_5
99,1.2862903329485762,0.3809916679440488,1.290818837005645,1.2136961100623012,1.184454219415784,1.22965638882791,54498343735296.0,2097152,16,0.000127131541376,32,128,16,128,4304906.0,bin_3
100,0.9975851257680544,0.2743522817570436,1.3009324612794444,1.2590003162622452,1.26405559014529,1.2746627892289932,19008125785728.0,536870912,256,0.0273604784160852,128,8,4,512,5354.0,bin_3
101,1.085844008506505,0.51498704998705,1.6500616146950051,1.6061320025473833,1.6097817979753015,1.6219918050725637,5.455871525885338e+16,2147483648,128,0.0067962063476443,128,256,4,256,4488202.0,bin_5
104,3.685847150668864,0.6125566897828802,15.424047791399062,15.557635679841042,15.284608133137226,15.42209720145911,37816423833600.0,2097152,128,0.0213676709681749,32,256,2,512,2381322.0,bin_3
106,0.9375639690497368,0.7837236194140956,1.001196253913804,0.9518556939437984,0.9507586578838528,0.9679368685804852,865136304881664.0,536870912,128,0.0004132721514906,64,64,4,128,286474.0,bin_5
112,1.0741875661668083,0.5037519610019608,1.645365837728605,1.6050037629902365,1.6076017692685127,1.6193237899957846,432790422859776.0,134217728,32,0.0132621498778462,64,64,8,128,553482.0,bin_5
114,0.8552870449919837,0.7368876837448267,0.989674706808728,0.9496993718203156,0.946924213785678,0.9620994308049072,66837887284224.0,4294967296,128,0.0054461788386106,64,8,2,256,3002.0,bin_4
115,1.1430216474985733,0.3835335246763818,1.5580362930195406,1.5240580663084984,1.5393247352913022,1.5404730315397803,66656606208.0,2097152,64,0.0095036327838897,64,8,4,128,5354.0,bin_0
116,1.040044414927331,0.4969308191808191,1.6477707258891314,1.6117076510563493,1.6128728101029992,1.6241170623494934,28947279722496.0,134217728,256,0.0203897077590227,64,16,8,256,37002.0,bin_3
119,0.3776477828623134,0.9558237282999188,0.9320885034212552,0.9064339657779784,0.9104911745525897,0.9163378812506076,955723280825856.0,17179869184,32,0.0099164461717009,128,16,2,512,10602.0,bin_5
120,0.1954247482968752,0.985916760488189,0.853630399587928,0.8275194154120982,0.8465357951354235,0.8425618700451499,1848333694390272.0,8589934592,16,0.0008446444408036,64,16,8,256,37002.0,bin_5
127,1.0956325956699542,0.2917505365005364,1.337116647628136,1.30162109201774,1.30112465005368,1.3132874632331852,7375071313920.0,2097152,64,0.0034754041116684,32,128,2,256,600842.0,bin_2
128,1.057082346514404,0.5073362193362193,1.644639618229121,1.604062905535102,1.606544795446098,1.618415773070107,194886185294208.0,2147483648,128,0.0043692928738892,64,4,32,256,10890.0,bin_4
129,7.26964241559531,0.4789367731034397,11.752207153476776,11.817535988986492,11.704921707510948,11.758221616658073,29230502240256.0,2097152,64,0.023059494793415,32,128,8,256,2188298.0,bin_3
130,1.2054881377011626,0.3598731189445474,1.2609410689619835,1.228247621562332,1.2260818951763213,1.238423528566879,27561580167168.0,2097152,16,0.0001545625273138,32,256,2,512,2381322.0,bin_3
131,0.3923128402080181,0.948058973213735,0.954201354063116,0.9251651274971664,0.9305575625039636,0.9366413480214154,1747218422123520.0,2147483648,16,0.0023758762981742,128,32,8,128,141578.0,bin_5
132,0.314983834019056,0.9550909227456846,0.9606631295173428,0.8723682858981192,0.8766099375206977,0.9032137843120532,1056141655345152.0,4294967296,32,0.0010122889652848,32,8,32,256,38282.0,bin_5
135,0.6592230188928153,0.8886388659841041,1.0213847905033615,0.9458128684200346,0.9332067877985536,0.96680148224065,218470539239424.0,134217728,16,0.0005543829174712,32,64,4,128,286474.0,bin_4
136,0.2940915994277904,0.9701452163356924,0.8911506285876385,0.8687685397453606,0.8725959460716695,0.8775050381348896,877991642818560.0,2147483648,16,0.0017488391604274,64,32,4,128,73610.0,bin_5
142,0.285179030811667,0.9864794663008948,0.9253133737875032,0.8889745341148227,0.8928958161268383,0.902394574676388,1735780196843520.0,2147483648,128,0.0016687229508534,64,64,2,256,152970.0,bin_5
143,1.0482466880196493,0.5227710955270478,1.6501200585626066,1.6163765918463469,1.618859506212175,1.6284520522070427,111108003489792.0,134217728,32,0.0052441214211285,64,32,8,512,141578.0,bin_4
145,0.3076140399244803,0.976543047781143,0.9111535831689253,0.887906676158309,0.8936181890312582,0.8975594827861642,6947090086895616.0,536870912,64,0.0006440436700358,32,128,8,128,2188298.0,bin_5
147,0.0671698779884311,0.996772807439474,0.8305811229438405,0.8026945979800075,0.8217637633206323,0.8183464947481601,1.4093442781218816e+16,17179869184,256,0.001725987996906,64,32,8,256,141578.0,bin_5
149,1.0251602186988846,0.3371975313046741,1.781424350105226,1.7578809009864926,1.7602312322705984,1.7665121611207724,35839212288.0,2097152,64,0.0353289544582366,128,4,4,256,1594.0,bin_0
150,0.1632564874076336,0.9901798505727076,0.8755934892760706,0.846633872250095,0.8538529884535819,0.8586934499932491,5.58069543333888e+16,17179869184,32,0.0003463528992142,32,128,2,512,600842.0,bin_5
152,0.2707547919737872,0.9685216203549536,0.8921785894635832,0.8674766970798373,0.872020096052438,0.8772251275319528,3501744808427520.0,2147483648,32,0.0026889925356954,32,64,4,256,286474.0,bin_5
154,0.9993184519499112,0.395714593166974,1.1062208683870267,1.0591964996419847,1.072309446055442,1.0792422713614844,433072522315776.0,134217728,64,0.0001877606991911,128,64,8,256,553482.0,bin_5
157,0.4684030415471278,0.8928989943037561,0.936462714085792,0.8813654866535217,0.8894726547878236,0.9024336185090456,475855132581120.0,2147483648,32,0.0013283414300531,64,16,8,512,37002.0,bin_5
158,0.9638725343373146,0.6603647714719143,2.082105700392276,2.0724754398688674,2.0741955395787954,2.0762588932799795,366072561408.0,8388608,128,0.0030398094095289,32,4,16,256,5578.0,bin_0
160,1.0681790193589429,0.5228708676684867,1.647093964740634,1.604954332113266,1.6069843424484134,1.6196775464341044,3638260207140864.0,4294967296,256,0.0005242643528617,64,16,32,128,142602.0,bin_5
163,1.066224214176828,0.5,1.6449677115306258,1.603880944661796,1.60728719830513,1.618711951499184,955899441828864.0,17179869184,32,0.0314312279224395,128,16,2,512,10602.0,bin_5
164,0.967707074879944,0.3989177423105994,1.0113079848524649,0.974006692878902,0.975328305736184,0.9868809944891836,260736635606016.0,17179869184,256,0.0002467987651471,128,8,2,128,3002.0,bin_4
166,0.9549973869831162,0.5327846831299211,1.0165136553623595,0.978364617563784,0.9739112192764878,0.9895964974008772,33020117981184.0,536870912,32,0.0009229895658791,32,8,8,256,10058.0,bin_3
167,1.0682622826839818,0.5,1.648349126568064,1.6058537708595395,1.6075117271393538,1.6205715415223192,5.547203341103923e+16,2147483648,32,0.0057873954065144,32,256,4,128,4488202.0,bin_5
169,1.2982630971312747,0.3290361160004016,1.2568005863577127,1.201231260318309,1.1845131660811603,1.2141816709190607,23524056707328.0,536870912,256,0.0006400176207534,32,4,16,256,5578.0,bin_3
172,0.9664050415533584,0.4536211169782598,1.4284856650047004,1.3958023595623672,1.38894615881145,1.4044113944595058,6829440544813056.0,536870912,32,0.0018528011860325,128,256,2,512,2381322.0,bin_5
173,10.070588669997091,0.4594976905810239,60.65872489946196,60.31232437491417,63.41017645597458,61.46040857678357,142208897064960.0,8388608,256,0.0256596244871616,32,256,2,512,2381322.0,bin_4
175,0.9647840381244918,0.5999446875875448,1.9312378745526075,1.9204830545932048,1.924950503744185,1.925557144296666,18576376934400.0,2097152,256,0.0002259646280435,32,64,16,256,1087498.0,bin_3
177,0.9260649974632732,0.7432451463880034,1.0603104651818285,1.0054511586204171,1.0017420928925276,1.0225012388982575,1723003292393472.0,536870912,128,0.0001664300652919,64,128,2,512,600842.0,bin_5
178,0.1215848149113874,0.9952390554771506,0.8758875013336365,0.8393576508387923,0.8490145807154477,0.8547532442959588,1794858024357888.0,4294967296,32,0.0012657559709623,32,32,4,512,73610.0,bin_5
179,1.076881100973267,0.4868888888888888,1.6479635457508266,1.605508590117097,1.607385015115142,1.6202857169943552,3440985193426944.0,2147483648,32,0.010611267760396,128,64,4,128,286474.0,bin_5
180,0.9599074587880522,0.6148997219711506,1.0574771771134692,1.0176822356879711,1.0141894831322134,1.0297829653112178,369220275711360.0,8589934592,64,0.0014500563265755,128,4,16,128,5578.0,bin_5
184,1.0731726087204756,0.4961096681096681,1.651960388990119,1.607953391969204,1.6095310598611832,1.623148280273502,737479790492544.0,8589934592,128,0.0037080398760735,128,4,32,128,10890.0,bin_5
189,0.9662615978700074,0.6160423654828416,2.098940359428525,2.0919538997113705,2.093545677140355,2.0948133120934167,167660902656.0,2097152,64,0.0217609610408544,64,4,16,512,5578.0,bin_0
191,1.0628585472499523,0.5019548414548414,1.6532242007087916,1.6108761625364425,1.6132349586114287,1.6257784406188875,3485724474310656.0,134217728,256,0.0081626689061522,32,128,16,128,4304906.0,bin_5
193,0.9366853964315894,0.7056393046988285,1.0140249854739525,0.9513616245239972,0.9517816621810198,0.9723894240596564,6899115605170176.0,536870912,128,0.0001430027332389,64,128,8,256,2188298.0,bin_5
197,1.0717677107623815,0.4694292374292374,1.6436108723282814,1.6037237588316202,1.606872348114848,1.6180689930915833,583099456527360.0,8589934592,256,0.0107008647173643,32,8,8,512,10058.0,bin_5
199,1.0316516325065854,0.50191572096334,2.978275003610179,2.9858223274350166,2.9908988811075687,2.9849987373842546,55998578429952.0,8388608,32,0.0255209933966398,32,128,4,512,1129994.0,bin_4
201,1.0567548897793295,0.5,1.648495283909142,1.607607596553862,1.6084011578932405,1.6215013461187482,459805670575104.0,8589934592,16,0.0193557161837816,32,16,2,128,10602.0,bin_5
202,0.9036606017689728,0.6722434333743857,0.989232573629124,0.9413714648690076,0.9408297631889582,0.9571446005623632,865173033345024.0,536870912,64,0.000385452149203,64,64,4,128,286474.0,bin_5
206,1.0992716046598772,0.4892510205843538,1.700045463279821,1.6464382242411375,1.6460718177258968,1.6641851684156184,7160551420416.0,8388608,64,0.0108494888991117,64,16,32,128,142602.0,bin_2
210,0.0723815069595373,0.9985897065897066,0.8789915585803101,0.7984655883628875,0.8182724094949663,0.8319098521460546,2.8047610442010624e+16,8589934592,16,0.0001179566170321,32,64,8,512,553482.0,bin_5
211,0.8549769452437962,0.8532900824924634,1.0186692118331848,0.9731507245451212,0.97619907441549,0.9893396702645988,60826062219264.0,8589934592,128,0.0211114808917045,32,4,2,512,930.0,bin_4
213,1.1004502660248745,0.4364298814060718,1.809289035620168,1.775019375607371,1.775149921886623,1.786486111038054,274232341056.0,2097152,32,0.0086108427494764,32,4,32,512,10890.0,bin_0
215,0.9792532522709608,0.3858745306721496,2.2033460871316493,2.198671905323863,2.2049996126443148,2.2023392016999424,64271671296.0,2097152,128,0.0004529235884547,32,8,4,128,5354.0,bin_0
217,0.9296179589051536,0.6934659207635397,1.0473192059944267,1.0053498363122344,1.0022039781324563,1.0182910068130393,241810449924480.0,4294967296,32,0.0009840199491009,32,4,16,512,5578.0,bin_4
218,1.0509505440090865,0.48268344045725,1.6454692692495885,1.6078711366280911,1.6099989535287025,1.6211131198021274,1721250096936960.0,536870912,256,0.0106759723275899,128,64,8,128,553482.0,bin_5
221,1.0505727659922632,0.4966412723079389,1.6459869390819222,1.6090185595676303,1.6106351977214215,1.621880232123658,1795261489152.0,2097152,32,0.0232601426541805,32,16,32,128,142602.0,bin_1
222,9.074166754823676,0.4759642227261274,222.25459289630817,210.83951115608207,212.81117886304853,215.30176097181297,61107228450816.0,2097152,64,0.034628503024578,32,256,4,256,4488202.0,bin_4
224,0.152320190864601,0.9918347402156926,0.923184319097345,0.8416118451859802,0.8520032910164446,0.8722664850999232,3584319356623872.0,4294967296,32,0.0002948998298961,32,32,8,512,141578.0,bin_5
225,1.0607016750447464,0.5,1.647203046712093,1.6052839793264866,1.608029083348811,1.6201720364624634,3652017833816064.0,8589934592,16,0.0085029667243361,128,16,16,128,72202.0,bin_5
226,0.7170543825770217,0.9047318158032444,1.075333320441132,0.9810163993388414,0.9718236047774552,1.0093911081858096,121808177158656.0,17179869184,16,0.0007046471000649,32,4,2,512,930.0,bin_4
228,0.6739915503467682,0.8348846581108486,0.970799045953754,0.9374977967236192,0.9409230845049024,0.9497399757274252,457960573470720.0,8589934592,256,0.012833721935749,128,16,2,128,10602.0,bin_5
229,0.2356118148128588,0.9909636272017224,0.8897878526331624,0.8647375558502972,0.8743569832295179,0.8762941305709925,1749047446628352.0,4294967296,64,0.0022799712605774,128,32,4,128,73610.0,bin_5
230,0.9487912476350896,0.5124091204210252,1.0171639370091723,0.9744812669232488,0.9748437716625632,0.9888296585316616,109490424803328.0,536870912,128,0.0025142307858914,128,32,2,128,39626.0,bin_4
231,0.9493480241977602,0.5988292835911883,0.9838015384775644,0.9449495284352452,0.9455991280265152,0.9581167316464416,1779547981326336.0,4294967296,16,0.0045525645837187,32,32,4,256,73610.0,bin_5
232,0.9803090898050268,0.6221933617528855,1.1098974661435932,1.060771992430091,1.0627785669639709,1.0778160085125517,953875808256.0,134217728,64,0.0086726285517215,32,4,2,512,930.0,bin_1
234,1.1006391167436065,0.5,1.6504697774071246,1.6070558708161116,1.6116717997938397,1.623065816005692,221433101205504.0,536870912,16,0.0327412858605384,32,32,4,128,73610.0,bin_4
235,0.9867819368014868,0.3843451301784635,1.073552400644985,1.0333486199378967,1.0372775299474597,1.0480595168434472,4146863081472.0,134217728,32,0.000496948021464,32,8,4,256,5354.0,bin_2
236,0.6292056701648873,0.7992373327730468,0.9861095334745188,0.9506046932656318,0.9497033432126044,0.9621391899842516,239148314767872.0,4294967296,128,0.0191569440066814,128,16,2,512,10602.0,bin_4
238,0.9937288250539812,0.3951276122466597,2.097932971082628,2.091111863031984,2.093496698886156,2.094180511000256,468164923392.0,2097152,64,0.0008303864742629,32,16,8,256,37002.0,bin_0
240,1.0538705463304778,0.4850242209289828,1.6464982243487611,1.6061074249446392,1.608168768696487,1.6202581393299624,1708324523876352.0,536870912,16,0.0029349098913371,128,128,2,128,600842.0,bin_5
241,1.0689808159563456,0.5023915158915159,1.6553924086038023,1.6187947746366262,1.617848115041852,1.6306784327607602,1054547627520.0,8388608,32,0.0153499161824584,64,8,16,256,19466.0,bin_1
243,0.8095170783884394,0.8644557655748132,1.025067069720535,0.9523230311460792,0.936944843735546,0.9714449815340536,6976469189787648.0,2147483648,256,0.0002331303985556,32,128,2,512,600842.0,bin_5
244,1.0601098358233612,0.4984334122667456,1.651778404484503,1.6091867266222837,1.6111027961596849,1.624022642422157,646418929152.0,8388608,64,0.0064511885866522,32,4,32,128,10890.0,bin_0
246,7.051006002629602,0.540444812022193,17.839525792838685,16.698600579053164,16.78231854736805,17.10681497308663,107782890135552.0,8388608,32,0.0301002450287342,32,256,2,512,2381322.0,bin_4
248,1.013225857922569,0.3641495008518818,1.822531369514764,1.8070818036794665,1.8134423522278664,1.8143518418073652,576916549632.0,2097152,64,0.0013830696698278,32,32,2,512,39626.0,bin_0
249,1.0614697697136304,0.5155555555555555,1.6439310740679502,1.6038183979690075,1.606230671517551,1.6179933811848362,1735865272504320.0,2147483648,16,0.0094095785170793,64,64,2,256,152970.0,bin_5
252,1.0977403225002076,0.4188695861017288,1.6486824392341075,1.605632989667356,1.6104526137933135,1.6215893475649257,950994818896896.0,2147483648,128,0.0026996457017958,64,16,16,512,72202.0,bin_5
256,0.2866613533996618,0.9884910133957752,0.9254651969240512,0.8981288971845061,0.898114952025935,0.9072363487114976,1751092254498816.0,2147483648,32,0.0021746470592916,32,64,2,128,152970.0,bin_5
259,0.5103335285879419,0.9011857186023852,0.975514795660274,0.9415793744847178,0.9424240314401686,0.9531727338617202,3417314432434176.0,536870912,16,0.0012295874767005,128,128,4,256,1129994.0,bin_5
260,0.9552161303690112,0.6169021102354436,2.0841137734241784,2.078957504592836,2.084656231105328,2.082575836374114,3712732428288.0,8388608,32,0.000128239771584,128,32,4,512,73610.0,bin_2
261,1.057939454281765,0.5005555555555555,1.6459234406938776,1.605544394813478,1.6070401966571808,1.6195026773881789,873999143682048.0,536870912,128,0.0447197780013084,32,64,4,128,286474.0,bin_5
262,1.0711091396602352,0.4881028015194681,1.6486008225474509,1.6060718772932887,1.6078322529792786,1.6208349842733394,114365499727872.0,134217728,16,0.0040980312041938,32,16,32,128,142602.0,bin_4
263,0.6582070284294689,0.8907693448526782,0.9331736827953137,0.9009266819339246,0.912557152332738,0.9155525056873254,953383709738496.0,4294967296,64,0.0023592966608703,128,16,8,512,37002.0,bin_5
265,0.94832987085693,0.6884862950101045,1.0341449262632525,0.9878492401912808,0.9877381552942096,1.003244107249581,18269460192768.0,536870912,16,0.0165360104292631,64,8,4,512,5354.0,bin_3
266,4.642297531610202,0.5227442200656486,7.457539289149281,7.146518473513424,7.19203600473702,7.265364589133242,7066614104064.0,2097152,64,0.0370604246854782,32,128,2,128,600842.0,bin_2
268,1.0453823327959937,0.4752049216215881,1.6467595214489847,1.6064393743872645,1.6090914513915775,1.6207634490759422,59794981319424.0,134217728,128,0.0213199686259031,64,16,16,512,72202.0,bin_4
269,1.0140407277190489,0.5821311219644553,1.985775985522196,1.975019863806665,1.974080071784556,1.978291973704472,36488627870784.0,134217728,64,0.0001312562235398,64,8,32,512,38282.0,bin_3
273,1.247719858190616,0.3496272484129627,1.315322456299327,1.2811233545653522,1.2893472560681405,1.2952643556442731,29411556447744.0,134217728,256,0.002540873363614,128,16,8,256,37002.0,bin_3
275,0.3367096654117024,0.9723348054062338,1.0046746186635571,0.9135638081934304,0.8995662266388535,0.939268217831947,888370657689600.0,4294967296,128,0.0003135610895697,32,32,2,128,39626.0,bin_5
276,0.9859540685334688,0.3939004514004514,1.8719469711650163,1.856199718080461,1.8579055070877075,1.862017398777728,534664550400.0,8388608,128,0.0068041440099477,128,16,2,512,10602.0,bin_0
278,0.9879394015861592,0.3099159997850474,1.9600770641118288,1.9442789098247888,1.949904321692884,1.9514200985431671,154548046848.0,2097152,32,0.0101122036576271,64,8,8,512,10058.0,bin_0
283,0.9645091885599424,0.4820276738252928,1.4502144844736904,1.3639316321350634,1.3028829344548285,1.372343017021194,6981720028084224.0,536870912,64,0.0003111414262093,32,64,32,128,2155530.0,bin_5
285,1.0100664237847408,0.7467354510568796,1.1008222690834373,1.055483950767666,1.0607307855971158,1.0723456684827395,4197494974464.0,536870912,64,0.0471282564103603,128,4,2,512,930.0,bin_2
287,1.069540563086813,0.5,1.6503505889559165,1.606807116419077,1.608311208896339,1.6218229714237775,3539654519685120.0,4294967296,256,0.0124353002756834,32,32,8,128,141578.0,bin_5
288,1.066576356708091,0.5,1.6460067715961486,1.604851863346994,1.6082835318520663,1.619714055598403,930277309962240.0,8589934592,32,0.0183820463716983,32,16,4,256,19402.0,bin_5
292,1.3001528962790023,0.3459124671624671,1.2607718695653602,1.2300315643660724,1.2202447466552258,1.2370160601955529,116515989319680.0,8388608,64,0.0003680834779515,64,256,2,512,2381322.0,bin_4
296,1.2257448216516582,0.5356380832571309,1.4118225073907524,1.2967776078730822,1.230882209260017,1.3131607748412837,462943781770752.0,536870912,256,0.0003996628802269,64,16,32,256,142602.0,bin_5
298,0.9890522775692654,0.3740588247731105,1.9084297479130328,1.892089897766709,1.897268542088568,1.8992627292561035,129812339712.0,8388608,32,0.000537802639883,32,8,2,256,3002.0,bin_0
299,1.051863307793493,0.5,1.647244627121836,1.6071949992328882,1.6082106363028288,1.620883420885851,161016801948672.0,4294967296,64,0.0350678823888301,32,4,16,128,5578.0,bin_4
300,1.0160545613833445,0.4933730898730899,1.6564435914624482,1.6217817040160298,1.6271246317774055,1.635116642418628,7121830619136.0,8388608,32,0.0201149117201566,64,32,8,512,141578.0,bin_2
301,1.0691742633823955,0.4842929292929293,1.6483579941559583,1.6072911322116852,1.6093810051679611,1.621676710511868,7164963956235264.0,8589934592,64,0.0064808367751538,32,32,8,512,141578.0,bin_5
303,0.9510739792466912,0.5323218360123122,1.0434885109425522,0.9997886824421583,1.0005809445865452,1.014619379323752,92766004154112.0,17179869184,16,0.0006091225659474,128,4,2,128,930.0,bin_4
304,1.0987754822236304,0.5653227204893871,1.6588592025218531,1.6192026045173409,1.6294956132769585,1.6358524734387174,64889050283520.0,8388608,128,0.0020733228884637,64,64,16,512,1087498.0,bin_4
305,1.0520110315187037,0.539767448600782,1.6440628417767584,1.606512662023306,1.6085166232660413,1.619697375688702,37883794861056.0,536870912,256,0.0265289675444364,128,8,8,512,10058.0,bin_3
306,0.9707301111947254,0.6078127071341357,1.960935354232788,1.949535331688821,1.9546924848109484,1.955054390244186,887662743552.0,2097152,64,0.0003573696303647,32,32,4,256,73610.0,bin_0
307,0.9923762797091592,0.3812799968990445,2.3114752755500376,2.3124498892575502,2.313959689810872,2.31262828487282,17440746240.0,2097152,32,0.0009837900288403,64,4,2,512,930.0,bin_0
310,1.087274379999754,0.5016249222558745,1.9953685346990824,1.980758549645543,1.9671185426414013,1.981081875662009,15887383805952.0,2097152,32,0.0200817417353391,32,64,16,512,1087498.0,bin_3
311,1.1606655731094453,0.4985820495641924,1.7362014461541548,1.7082739155739546,1.7207311699166894,1.7217355105482663,7903864448256.0,2097152,128,0.0150364646688103,64,32,32,256,549386.0,bin_2
312,0.9063486916152328,0.6982141429998573,1.0083535651574491,0.9699091445654632,0.9685998102650046,0.982287506662639,28585882963968.0,536870912,32,0.0109310271218419,64,16,2,128,10602.0,bin_3
314,1.084862916893966,0.3285579935937079,1.1794538432295667,1.128224172629416,1.131655070465058,1.1464443621080136,2216726880768.0,134217728,256,0.0329315103590488,128,8,2,256,3002.0,bin_1
315,0.9615482895257468,0.584280417554227,1.7541158995591104,1.7237108815461395,1.7197445863857863,1.7325237891636789,272435656704.0,2097152,128,0.029722087085247,64,16,4,128,19402.0,bin_0
317,1.0889986576271824,0.3377414239199953,1.2649861541576684,1.2321300734765828,1.2409184123389423,1.246011546657731,7705275446784.0,536870912,32,0.0002191361127188,64,4,4,512,1594.0,bin_2
318,1.0737863236079643,0.499111111111111,1.6525245774537325,1.6075248401612043,1.6106705209240315,1.6235733128463228,3022990206720.0,134217728,16,0.02447971701622,64,4,8,256,2922.0,bin_1
319,1.5122490609167774,0.5095903124653125,7.90475054376293,7.795526364818215,7.812521221116185,7.837599376565777,57153225572352.0,2097152,32,0.0227235220372676,32,256,4,128,4488202.0,bin_4
321,0.9922686570676816,0.6809635439516392,1.0988356210291386,1.0583445662632585,1.060390513855964,1.0725235670494535,7288797425664.0,134217728,128,0.0030207133386284,64,16,2,256,10602.0,bin_2
323,1.0284049130165134,0.5138974975641643,1.0554592379776295,1.0121648646891117,1.0125427707098424,1.0267222911255278,72616346985216.0,536870912,32,0.0002929455658886,32,8,16,512,19466.0,bin_4
327,1.1424469996332831,0.5108421485921485,1.6954174570273608,1.6448815749026835,1.6498524155467749,1.6633838158256065,484990860288.0,2097152,16,0.0205050911754369,32,16,8,512,37002.0,bin_0
331,1.165403378359895,0.503934540767874,1.675046704011038,1.629119399935007,1.632301959209144,1.645489354385063,15055013873664.0,8388608,64,0.0081741623580455,32,32,16,512,277514.0,bin_3
332,1.058291046438189,0.5,1.6475011586444452,1.6058675767853856,1.6076076151803136,1.6203254502033817,7047149180436480.0,8589934592,16,0.0054648909717798,64,32,8,256,141578.0,bin_5
333,0.9748190853345416,0.3955960181793516,1.9139525415375829,1.9004150871187449,1.901780964806676,1.905382864487668,473610565632.0,8388608,16,0.0006981946644373,128,16,2,512,10602.0,bin_0
335,0.9880253070326148,0.3776638740448264,1.9155930955894287,1.899426618590951,1.9042199198156595,1.9064132113320127,131724957696.0,8388608,16,0.0003961402981076,64,8,2,256,3002.0,bin_0
337,1.0101620637143514,0.3541288627598151,2.780091190710664,2.7922694385051727,2.7882143948227167,2.7868583413461843,34958230557696.0,2097152,256,0.0031371859367936,32,64,32,256,2155530.0,bin_3
341,1.0589922468726138,0.5,1.642974901245907,1.6036791540682316,1.6064311638474464,1.6176950730538615,2.7847078456283136e+16,4294967296,16,0.0132846757769584,32,128,4,512,1129994.0,bin_5
342,1.0656710557195626,0.347784788403836,1.6444669845514,1.603679172694683,1.60691346693784,1.6183532080613077,293023955364864.0,8589934592,128,0.0284291598945856,64,8,4,512,5354.0,bin_4
344,0.9530751681702492,0.6010500795500796,1.0160479952137391,0.9579113435465842,0.9563927012495697,0.9767840133366312,59542876331520.0,536870912,16,0.0009386978927068,64,16,4,512,19402.0,bin_4
346,1.058329651815101,0.5231386862696387,1.643443850101903,1.6044207280501723,1.6076955432072282,1.6185200404531013,3821941660139520.0,8589934592,128,0.0021955543197691,32,16,16,512,72202.0,bin_5
348,1.026560369705268,0.4967100963410487,1.6644392325542867,1.629192290827632,1.629089885391295,1.640907136257738,28109089301760.0,8388608,32,0.0034495671279728,128,32,32,256,549386.0,bin_3
349,1.121566493704251,0.6039213890166272,1.693949575885199,1.6627699472010136,1.6674974458292129,1.674738989638475,62689549897728.0,2097152,128,0.0009007512708194,64,256,4,512,4488202.0,bin_4
350,1.2004362529203951,0.6048129458724697,1.0869986339530442,1.0365796107798817,1.0435805339366198,1.0557195928898484,31037347507200.0,536870912,32,0.0022319760173559,64,4,16,512,5578.0,bin_3
351,0.123535051696056,0.9954567901234568,0.907920313104114,0.8389421617612243,0.8486196519806981,0.8651607089486788,1858607685070848.0,8589934592,32,0.0005555335083045,32,16,8,256,37002.0,bin_5
352,2.7018529518744394,0.459956306480116,3.786645514832344,3.5998648814857006,3.6464750356972218,3.677661810671756,16899922108416.0,2097152,256,0.0092130638659,32,128,4,256,1129994.0,bin_3
353,0.971126253831249,0.4579567901234567,1.839641014346853,1.8240814916789527,1.8232033997774124,1.8289753019344064,9184019923968.0,134217728,64,0.0001398454915033,32,8,8,512,10058.0,bin_2
355,0.9877841680255588,0.3944537552394694,2.1091676643118262,2.1031703129410744,2.1051647067070007,2.1058342279866338,2196057366528.0,8388608,256,0.0013765566982328,64,16,8,256,37002.0,bin_1
356,0.3251507268448694,0.9645122804884708,0.919338295912894,0.8902687230147421,0.894354711053893,0.9013205766605096,505866030038016.0,17179869184,32,0.0009093448752537,64,8,4,128,5354.0,bin_5
358,1.0430989676670972,0.5106042106042106,1.6749399420805275,1.6316271326504648,1.6362643409520388,1.6476104718943436,38763752448.0,2097152,32,0.0201019570231437,32,4,8,128,2922.0,bin_0
360,0.9361086114064912,0.713753143681715,1.0015624764200766,0.9666011189110576,0.9645876595750452,0.9775837516353932,133297347158016.0,4294967296,32,0.0001687035692157,64,8,4,256,5354.0,bin_4
361,0.4961035580375362,0.8563587281325377,1.0203370379786063,0.9686699300073088,0.9682583217509092,0.9857550965789414,242852140870656.0,17179869184,16,0.0043442635796964,32,4,4,512,1594.0,bin_4
367,1.0059109162044408,0.6379266091051806,1.0877900463237893,1.0362396906130016,1.0407016091048715,1.0549104486805545,28550648930304.0,536870912,64,0.0002624840417411,128,16,2,128,10602.0,bin_3
368,1.0724754127953875,0.5075013813347146,1.6564045596169308,1.612852250225842,1.6171927768737078,1.6288165289054934,1767642346765056.0,536870912,256,0.0077486834488809,128,32,32,256,549386.0,bin_5
371,0.9606766829580008,0.6245519288912146,2.086173949064687,2.080140708014369,2.081065846607089,2.082460167895382,7523140341504.0,8388608,256,0.0021627536043524,128,16,32,128,142602.0,bin_2
372,1.0735853201595515,0.5,1.644811516511254,1.603304191492498,1.6066275872290134,1.6182477650775884,484957473797376.0,17179869184,256,0.0342173017561435,32,4,8,512,2922.0,bin_5
373,1.0202640656821265,0.404386625719959,1.2432075149117736,1.2045982154086232,1.20389193482697,1.2172325550491223,28605175867392.0,8388608,16,0.0017621167935431,128,128,2,512,600842.0,bin_3
377,1.070859730528478,0.5,1.6437653184402734,1.6034826915711164,1.606119045056403,1.617789018355931,1.0993566213414912e+17,8589934592,64,0.0243183486163616,64,256,2,256,2381322.0,bin_5
378,1.0528698657806352,0.5,1.6475338109303266,1.6071072993800044,1.607858824543655,1.6208333116179954,336062830874112.0,8589934592,128,0.0352562554180622,64,4,16,128,5578.0,bin_5
380,1.1577929915171823,0.481757631037393,11.804424646310508,11.973198503255844,11.931176997721195,11.902933382429184,54747744362496.0,2097152,128,0.0196959748864173,32,128,16,256,4304906.0,bin_3
381,0.2313756007623836,0.9837078596007168,0.9179431534721516,0.8813846993725747,0.8814244191162288,0.8935840906536517,459788497035264.0,8589934592,64,0.0015077488496899,32,16,2,128,10602.0,bin_5
382,0.6025000806527786,0.8602681454348122,0.936406167136738,0.9021970049943776,0.9078871749807148,0.9154967823706102,133554345581568.0,8589934592,32,0.0018266063416376,64,8,2,256,3002.0,bin_4
385,1.0770530094379716,0.4401032560913513,1.67893624084536,1.6266956864856184,1.642938205972314,1.649523377767764,7069664105472.0,8388608,64,0.0078319478780031,128,32,8,128,141578.0,bin_2
386,1.051690243718045,0.499534447034447,1.6476687729591504,1.6065631145611403,1.6078262040391564,1.620686030519816,438760090048512.0,536870912,64,0.0130927367135882,64,32,8,128,141578.0,bin_5
391,1.0587072979191738,0.5,1.644093862036243,1.6041529215872288,1.6075067864730954,1.6185845233655225,2.757207221839872e+16,4294967296,32,0.0213911589235067,64,128,4,512,1129994.0,bin_5
392,0.9934413827648282,0.3401072635477397,1.9433611538261173,1.933330941013992,1.940430170856416,1.9390407552321751,7276845367296.0,2097152,128,0.0001926475088112,64,128,2,256,600842.0,bin_2
393,1.029013055618648,0.3506098398955541,1.8689368548803031,1.85186985693872,1.854981823824346,1.8585961785477896,15250965504.0,2097152,16,0.0410810112953186,128,4,2,512,930.0,bin_0
398,1.0169161282867285,0.3461176667248096,1.6984112828504294,1.6823359848931432,1.69096758402884,1.690571617257471,8144398291968.0,8388608,128,0.0017213417449966,32,32,8,512,141578.0,bin_2
403,1.061646026127722,0.4201128439461772,1.6448433008044958,1.6038075564429164,1.60706533677876,1.6185720646753907,464367667968000.0,536870912,128,0.0005310961860232,32,16,32,256,142602.0,bin_5
404,1.3252420798605005,0.5720519035638083,1.8182666933862488,1.7617794363759458,1.7804370811209085,1.7868277369610344,6755922283008.0,2097152,64,0.0378336049616336,128,64,8,512,553482.0,bin_2
406,1.0597889883983087,0.4966775235346664,1.6459794656839222,1.6047527519986031,1.6070712320506573,1.6192678165777277,1.0983292849230643e+17,4294967296,256,0.0009973978158086,64,256,4,128,4488202.0,bin_5
407,1.0890561688876754,0.4977777777777777,1.649056858732365,1.606327491812408,1.6083713276311755,1.621251892725316,232161079830528.0,2147483648,128,0.0332592017948627,128,16,4,256,19402.0,bin_4
408,0.9828754769546798,0.5098367884320266,2.0522529727313668,2.0455123260617256,2.051767647266388,2.0498443153531603,14120711270400.0,8388608,256,0.0001232386857736,32,64,4,256,286474.0,bin_3
412,0.3080535144442728,0.9678860605884416,0.9580032337726152,0.8817489743232727,0.8818638827651739,0.907205363620354,582381188183040.0,4294967296,32,0.0013509187847375,32,8,16,512,19466.0,bin_5
413,1.0754760346535337,0.5025620490620492,1.6440974776633084,1.6036666631698608,1.6064342437312007,1.6180661281881232,2.758653726676992e+16,8589934592,128,0.0103091765195131,64,128,2,512,600842.0,bin_5
416,1.0139442416607718,0.585616250592441,1.1701973553572316,1.1235026135109365,1.1241687973961234,1.1392895887547638,124048359936.0,8388608,16,0.0033395392820239,64,8,2,128,3002.0,bin_0
418,1.0729520041625802,0.343745243733339,1.324735390022397,1.2952091307379303,1.3006144468672574,1.306852989209195,12205264901760.0,134217728,16,0.0001629447651794,64,4,32,256,10890.0,bin_2
419,1.0656850371530784,0.4987345987345987,1.6454515291843563,1.60680369194597,1.6104896422475576,1.620914954459295,3536290020105216.0,4294967296,32,0.0090437242761254,128,32,8,512,141578.0,bin_5
423,2.0374689494000395,0.5743639460187079,4.242416760622291,4.158622769638896,4.409680142998695,4.270239891086628,30448472451072.0,2097152,32,0.0169650074094533,128,256,2,512,2381322.0,bin_3
424,0.9979325910481904,0.5886044141044141,1.1008498000519469,1.0426784395240247,1.0443448959849777,1.0626243785203162,2899592275968.0,536870912,32,0.0012233240995556,128,4,2,128,930.0,bin_1
425,0.97179444035756,0.4516553552267837,1.0865567590808496,1.042754679452628,1.0434025581926107,1.0575713322420297,16611524665344.0,536870912,256,0.0005899974494241,32,8,4,256,5354.0,bin_3
426,1.0150600083220835,0.3937426493259826,1.7155028961133212,1.6924042338505387,1.6943884305655956,1.700765186843152,7521376533504.0,134217728,64,0.0002987322222907,128,16,2,512,10602.0,bin_2
428,0.5039025514880481,0.8809291740006028,0.9669498304720036,0.9221445394214244,0.9135314472950996,0.9342086057295091,62903361411072.0,2147483648,64,0.0027317313943058,32,8,4,128,5354.0,bin_4
429,0.9874656793677288,0.4580184286612858,1.0778703677206067,1.031654052902013,1.0309479446150362,1.0468241217458851,637579564032.0,134217728,32,0.0179012399166822,32,4,2,128,930.0,bin_0
430,0.9349918682384748,0.6335919138181043,1.059801357154356,0.9803331033326684,0.9561756858602166,0.9987700487824136,112338656747520.0,536870912,16,0.0004632862110156,32,32,2,512,39626.0,bin_4
431,1.0776643075880965,0.5188260813260813,1.6446450231596828,1.6038729958236215,1.6082275314256549,1.6189151834696531,264676710320640.0,17179869184,128,0.0335497036576271,128,4,4,512,1594.0,bin_4
432,1.2805178021548465,0.4073458093934284,1.2471046569407918,1.210383644327521,1.2226212844252586,1.2267031952311906,15524173996416.0,536870912,16,0.0001252215588465,64,4,8,512,2922.0,bin_3
433,1.0530475320819364,0.5,1.6462603602558374,1.6058809040114284,1.6082447851076722,1.6201286831249793,457273914667008.0,536870912,16,0.01280880253762,32,16,32,128,142602.0,bin_5
434,1.094407366189173,0.5645755166350405,1.5384712098166349,1.504148272797465,1.5017943000420928,1.514804594218731,61669382406144.0,2097152,256,0.0003768595925066,64,256,4,128,4488202.0,bin_4
436,2.696858289530004,0.4878315035934082,8.042052309960127,7.891156319528818,7.775930304080248,7.903046311189731,28296630601728.0,2097152,16,0.0175143051892519,128,128,8,256,2188298.0,bin_3
437,1.048636421600713,0.4907387859054526,1.657455749576911,1.621078910306096,1.6223364723846316,1.6336237107558798,27615644762112.0,8388608,32,0.0159031469374895,32,128,2,128,600842.0,bin_3
439,0.3874073943369073,0.9712189745880222,0.9386054259375668,0.8939387153368443,0.8952365338336676,0.9092602250360264,292202377078272.0,8589934592,16,0.0005713782156817,32,8,4,512,5354.0,bin_4
442,0.3676267006966743,0.9540361842742792,0.9525530781029374,0.904614448780194,0.901498442981392,0.9195553232881744,528536053318656.0,4294967296,64,0.0003721539105754,32,8,16,256,19466.0,bin_5
446,0.4630339768204972,0.9236202994536328,0.945291726540745,0.9138407525606452,0.9193671268876642,0.9261665353296848,274093594076160.0,17179869184,128,0.0146476421505212,128,8,2,256,3002.0,bin_4
447,0.9502462566364948,0.6144356049594144,1.1008527641752153,1.0322429067455232,1.0269914628006518,1.0533623779071302,40228445117184.0,536870912,16,0.0002182553434977,32,4,32,128,10890.0,bin_3
451,0.9502285702530272,0.6728707522636094,1.0443375707473024,0.961387932067737,0.9535615490749478,0.9864290172966624,436737744752640.0,134217728,64,0.0008818611968308,32,64,8,128,553482.0,bin_5
452,1.0184522078893632,0.3164736502474597,2.3882670449092984,2.391010688617825,2.3903320655226707,2.3898699330165982,1842409788672.0,2097152,64,0.0002702939382288,128,32,8,512,141578.0,bin_1
453,1.1949715256804114,0.2535309593404831,1.153265790315345,1.0955975777469575,1.0944906338118017,1.1144513339580346,7546600250880.0,536870912,128,0.0010889479890465,32,4,4,512,1594.0,bin_2
454,0.6159806577600412,0.9125734759068092,0.968282602225372,0.9371525759343058,0.9402166921645404,0.948550623441406,1.3648703270295552e+16,536870912,32,0.0004845222865696,128,256,4,256,4488202.0,bin_5
455,1.0384400851670057,0.4835112017612017,1.6519396416842935,1.6150219859555364,1.6151560069993138,1.6273725448797147,430315121104896.0,134217728,64,0.0053785778582096,128,64,8,128,553482.0,bin_5
456,0.7673411835513163,0.8680396213134309,1.0357880052615656,0.9781715739518404,0.9699895209632814,0.9946497000588956,250767609099264.0,2147483648,128,0.0001026731479214,32,8,16,128,19466.0,bin_4
458,0.9819442411564586,0.425549843895082,1.13401668255392,1.0881961188279092,1.101506999693811,1.1079066003585467,431982113722368.0,8388608,64,0.0002629798837006,64,256,8,128,8701962.0,bin_5
459,0.9324087949555344,0.7229695965410251,1.0615021807534504,0.9957839227281512,0.9892100035212934,1.0154987023342985,110559573135360.0,536870912,128,0.0006552579579874,64,32,2,256,39626.0,bin_4
461,1.127324356822492,0.3865747783962069,1.396572544821538,1.365734193008393,1.368542529642582,1.376949755824171,30018452146176.0,536870912,256,0.0001574305788381,32,16,2,512,10602.0,bin_3
462,0.2606917687671753,0.9745605510010272,0.8920034545226372,0.8536427682265639,0.8642311887815595,0.8699591371769202,3508317467676672.0,4294967296,128,0.0009146524826064,64,32,8,128,141578.0,bin_5
463,1.1214664167966275,0.3899703519584471,1.6944953793426976,1.6460782559588552,1.6611828971654177,1.66725217748899,580468653312.0,8388608,64,0.0123780220746994,128,8,8,256,10058.0,bin_0
467,1.1496562033053388,0.5678958061339013,1.4680192829109728,1.4330274066887796,1.4266785439103842,1.442575077836712,910264430592.0,8388608,32,0.0094492090865969,64,16,4,128,19402.0,bin_1
468,1.001113406842635,0.5830300523991001,2.193336760625243,2.1889616325497627,2.19292195700109,2.191740116725365,210610395648.0,8388608,256,0.0034536849707365,64,4,8,256,2922.0,bin_0
469,1.1081764624482513,0.5,1.651749512064271,1.6076663257554171,1.6108566857874391,1.6234241745357092,1.3910431900581888e+16,2147483648,16,0.0294031556695699,32,128,4,128,1129994.0,bin_5
470,1.0693598682679706,0.512232905982906,1.6470360646490008,1.6052097715437412,1.6069861697033048,1.6197440019653488,184431133605504.0,4294967296,256,0.0139128696173429,128,4,16,128,5578.0,bin_4
473,1.1277943330281404,0.3907340014482871,1.7026789914816618,1.6670670118182898,1.6787304300814867,1.6828254777938128,1930716862464.0,8388608,256,0.006083455402404,64,16,8,128,37002.0,bin_1
477,1.0950773830827172,0.3745259916450392,1.5030178014421836,1.477466638199985,1.4889807617291808,1.4898217337904498,8263147272192.0,536870912,128,0.0009661623043939,128,4,4,512,1594.0,bin_2
479,1.0512032519868642,0.579846169262836,1.6441377170849591,1.6062548998743296,1.6087614838033917,1.61971803358756,464596648527360.0,536870912,16,0.0009493681136518,32,16,32,256,142602.0,bin_5
482,0.9920364405755868,0.5375461337604195,1.0129661878672778,0.9790520851965994,0.9766046409495176,0.9895409713377982,3477404347422720.0,4294967296,64,0.0059284521266818,64,64,2,512,152970.0,bin_5
483,0.6466363032347026,0.8309205816229626,0.9545246004345244,0.9131975539494306,0.9180688955821096,0.9285970166553548,6882616910327808.0,2147483648,256,0.00030992217944,128,64,8,128,553482.0,bin_5
484,0.961967495846832,0.7076355848736801,2.1856385050341487,2.180236864835024,2.180945133790374,2.1822735012198486,94756834944.0,2097152,16,0.0014639603905379,128,4,16,128,5578.0,bin_0
488,1.237801193262066,0.2877809364356982,1.2554596803965978,1.2170441085472703,1.227711747866124,1.233405178936664,124637235853824.0,4294967296,256,0.0002117046242346,64,4,8,512,2922.0,bin_4
491,0.9782462209257444,0.338133070192594,2.060711782891304,2.043327821418643,2.040762091986835,2.0482672320989272,209729977440.0,2097152,16,0.0012268173741176,128,4,32,256,10890.0,bin_0
492,1.0618972808100888,0.4909348491015157,1.647466705646366,1.6066655972972512,1.6091237599030137,1.6210853542822103,881551937541120.0,536870912,128,0.0037721917033195,64,32,16,256,277514.0,bin_5
495,1.0267552225797958,0.303220321125083,1.1719027054787148,1.125862552318722,1.131441850680858,1.1430690361594316,451652972544.0,8388608,32,0.0181248839944601,32,16,2,128,10602.0,bin_0
497,0.9895414161260992,0.3942081415057605,2.1634842599742115,2.159409554675221,2.1606380082666874,2.161177274305373,1875090094080.0,8388608,256,0.0005837227217853,32,16,8,256,37002.0,bin_1
500,1.6796828167075928,0.6565755937184509,2.35896660014987,2.258319201879204,2.2841118928045034,2.3004658982778587,284076312576.0,2097152,256,0.0427749752998352,32,16,4,256,19402.0,bin_0
504,0.8808120649206108,0.7254884370479608,1.0299948107567616,0.9895988684147596,0.985689444001764,1.0017610410577618,1719323037868032.0,134217728,16,0.0004322552413213,64,256,2,128,2381322.0,bin_5
2,1.193365586454567,0.6812511884059503,1.0732032924352095,1.0282049775123596,1.034769946243614,1.0453927387303945,14552757651456.0,536870912,32,0.0007286315667442,128,16,1,256,6202.0,bin_3
3,1.097061720465476,0.3053255553969839,1.1891083408845589,1.1426341440528631,1.150560254231095,1.1607675797228392,13971697090560.0,33554432,256,0.0008934646029956,32,64,1,256,86218.0,bin_2
4,1.0823256526747198,0.5145429847929847,1.6663610445102677,1.620203980244696,1.624348919838667,1.6369713148645435,1803220635648.0,8388608,16,0.0203614346683025,64,16,8,128,37002.0,bin_1
6,1.04103938557549,0.3127439562201466,1.622122444212437,1.5788717772811651,1.5817253114655614,1.594239844319721,552347418624.0,1048576,64,0.0066761365160346,64,32,4,128,73610.0,bin_0
8,1.1074411460961426,0.4540828003566098,1.6998866315698251,1.6590709583833814,1.6636898266151547,1.6742158055227871,555641880576.0,2097152,128,0.025823526084423,64,16,8,128,37002.0,bin_0
9,1.0243623041648109,0.5403615040162659,1.580112459603697,1.5562991425395012,1.5619674269109964,1.566126343018065,13983124740096.0,33554432,16,0.0001514735922683,128,32,4,512,73610.0,bin_2
10,1.3446832428462232,0.3793858363858364,1.2316881843144074,1.1979559622704985,1.1992809562943876,1.2096417009597644,3652499103744.0,134217728,128,0.00126256828662,128,16,1,256,6202.0,bin_2
11,0.9340503536749593,0.7533766586147537,1.1427047409670197,1.0560738067142663,1.039152498356998,1.079310348679428,55395165265920.0,67108864,128,0.0007748620118945,32,64,2,256,152970.0,bin_3
13,1.0471289852088488,0.3938741012074345,1.1471192280005198,1.112030018121004,1.1134127005934715,1.124187315571665,54493298442240.0,134217728,32,0.012006145901978,64,64,1,256,86218.0,bin_3
14,1.038707889086515,0.2980150872055634,1.3201409897301346,1.259707823395729,1.258687587454915,1.2795121335269262,7005404491776.0,8388608,64,0.0024170360993593,32,32,8,128,141578.0,bin_2
15,1.1691183008281747,0.3408055176745653,1.2779885343043134,1.2390717593953011,1.2355307778343558,1.2508636905113235,13963096768512.0,67108864,256,0.001021787407808,32,32,2,512,39626.0,bin_2
20,0.9481574488486144,0.610610286538858,1.0190317406922986,0.9816550039686264,0.9800291820429264,0.9935719755679504,110841523528704.0,536870912,16,0.0017359686316922,128,32,2,512,39626.0,bin_4
21,1.1036253724558158,0.6915673550435454,1.105548045510659,1.050053057260811,1.0525467284023762,1.0693826103912822,7336060833792.0,268435456,64,0.0003508644585963,32,16,1,256,6202.0,bin_2
22,0.9530073184607184,0.6647092752926087,1.0558602567980415,0.9700382789596916,0.9544387264177204,0.9934457540584845,437353518440448.0,268435456,128,0.0005983548471704,32,64,4,128,286474.0,bin_5
23,0.979780057828018,0.4793650754007897,2.248350091278553,2.248981758952141,2.255723010748625,2.2510182869931064,14431237197312.0,2097152,256,0.0002990871143992,128,64,4,512,286474.0,bin_3
24,0.9770729289709718,0.6010793822579537,1.7588823405094445,1.7342916475608945,1.815461094491184,1.7695450275205076,119028513278976.0,67108864,256,0.0061898343265056,128,64,4,512,286474.0,bin_4
25,0.8951015743222724,0.6996176640819498,1.0457298374385573,1.0096989599987864,1.0132304918952286,1.0228864297775242,110415176945664.0,1073741824,64,0.0078425575047731,128,32,1,256,22634.0,bin_4
26,0.8636882607866255,0.7810911187577855,0.9944379055159516,0.9484823518432676,0.9492160347290336,0.9640454306960844,219884188065792.0,1073741824,16,0.0002726345264818,64,32,2,128,39626.0,bin_4
27,1.0988891101179985,0.3511221089316327,1.3008687501423992,1.2596810394898057,1.2654437106102705,1.2753311667474918,486613254144.0,16777216,256,0.026286594569683,32,16,1,256,6202.0,bin_0
28,0.954148004795028,0.5923760895189466,2.2187004100997,2.2178631108254194,2.2174968998879194,2.218020140271013,846163193856.0,8388608,256,0.0004930130089633,128,32,1,256,22634.0,bin_0
29,0.9552311592406808,0.2537948317114983,1.025811916362727,0.9897368871606886,0.9890481615439056,1.0015323216891072,28412079931392.0,268435456,32,0.0073232902213931,64,16,4,128,19402.0,bin_3
30,1.1608916709616974,0.3538748403272212,1.220853500344674,1.1447187457233667,1.15427376748994,1.1732820045193268,892360937472.0,8388608,16,0.0108880065381526,64,32,1,512,22634.0,bin_0
31,0.8506292068221208,0.7865269893246083,1.0101515385540552,0.9752862208988518,0.9738399181514978,0.9864258925348016,14363288352768.0,268435456,32,0.0082848723977804,32,16,2,128,10602.0,bin_3
32,1.0468210154297284,0.4034585740538122,1.6467990835662931,1.6071645990014076,1.60825439915061,1.6207393605727702,448575301632.0,8388608,16,0.0309607591480016,32,16,2,128,10602.0,bin_0
33,0.9479631070279178,0.6883538110919062,1.1846896223723888,1.0828252639621496,1.045439561828971,1.1043181493878365,109919418494976.0,134217728,64,0.0002357698394916,32,64,2,512,152970.0,bin_4
34,1.0575863444700506,0.3999932325170419,1.2113641426258257,1.1561195817776024,1.1598227634094656,1.1757688292709645,440208728064.0,4194304,32,0.0020619384013116,64,32,1,128,22634.0,bin_0
35,0.9733795449851264,0.3486860582098677,2.163195249857381,2.158404652029276,2.1604688242077827,2.160689575364813,72274673664.0,2097152,256,0.0004833703278563,32,16,1,256,6202.0,bin_0
36,1.1595545167383865,0.3402472615567853,1.187392562365858,1.1397053729742763,1.144202399533242,1.1571001116244588,119427656893440.0,536870912,256,0.0006235205219127,64,16,8,512,37002.0,bin_4
38,1.0013841829616468,0.3538752327918994,1.157865869870875,1.1095443638041615,1.1084273485466838,1.1252791940739069,28274309640192.0,268435456,32,0.0299689304083585,32,32,1,512,22634.0,bin_3
39,0.9730540404252584,0.3480688143426238,2.133348591858521,2.1277907006442547,2.12991357780993,2.130350956770902,75506466816.0,2097152,256,0.0018067613709717,32,16,1,512,6202.0,bin_0
40,0.6166346050777421,0.8595648148148148,0.9835303225700044,0.8996310788206756,0.9002443966455758,0.927801932678752,1757983446257664.0,1073741824,128,0.0015187064418569,32,64,4,512,286474.0,bin_5
41,0.9827137989440056,0.6047367879034545,1.8853815228212625,1.8702609855681656,1.8743642820045352,1.876668930131321,1811677040640.0,4194304,16,0.0001193553616758,32,32,4,512,73610.0,bin_1
42,1.0606611542670503,0.4846661116661117,1.6467359585221857,1.6062977872788906,1.6086736544966698,1.620569133432582,15115482341376.0,134217728,256,0.0199451800435781,32,16,4,512,19402.0,bin_3
44,0.9867479165639068,0.4121708111112872,1.931128644384444,1.918672337196768,1.923068039119244,1.9242896735668185,1900934353920.0,1048576,128,0.0043426626361906,64,32,8,256,141578.0,bin_1
45,1.052931543354907,0.4248561487013868,1.132112458035408,1.103217537980527,1.1281094439327717,1.121146479982902,55246557609984.0,268435456,256,0.0127435438334941,64,32,2,256,39626.0,bin_3
46,0.9614712482382548,0.4896636938898844,1.0400433444810917,0.9764521608594804,0.9683489659801126,0.9949481571068948,110341677950976.0,268435456,32,0.0009313364862464,64,32,4,256,73610.0,bin_4
47,1.0065729690429752,0.3463792909031005,1.753577217226848,1.7347931414842606,1.7400545263662934,1.7428082950258006,461244678144.0,16777216,64,0.0003467036876827,32,16,1,256,6202.0,bin_0
48,1.1101296329788184,0.3985860691336881,1.6724579790607097,1.6291069816797972,1.638903271406889,1.646822744049132,457572839424.0,2097152,64,0.0047313431277871,32,16,8,128,37002.0,bin_0
49,0.8368491136997278,0.8162061020989593,1.05739460256882,1.0114932199940083,1.0101062613539398,1.026331361305589,7216269324288.0,268435456,32,0.0081511745229363,128,16,1,128,6202.0,bin_2
50,1.0416501251011572,0.5080333392357202,1.6291347967926413,1.6072160471230743,1.6064518839120865,1.6142675759426008,3831171895296.0,2097152,16,0.0008553994703106,128,64,4,256,286474.0,bin_2
51,0.9859688256619646,0.5181391289486528,1.910664833150804,1.8979335390031336,1.9018708672374487,1.903489746463796,58127262067200.0,33554432,256,0.0003419801942072,128,64,4,512,286474.0,bin_4
52,0.9330907751789153,0.6522351854494711,1.0208424657066644,0.9508020519278944,0.9509820882230996,0.9742088686192196,1735547604762624.0,1073741824,256,0.0006597834872081,64,64,4,256,286474.0,bin_5
53,0.973247548663938,0.3485602673340768,2.1350982836447656,2.129373861476779,2.1317687053233385,2.132080283481628,486520725504.0,16777216,128,0.0001348750956822,64,16,1,256,6202.0,bin_0
54,0.970582844561658,0.530575550551741,1.0888874084776037,1.0382725344970822,1.0374441114254296,1.0548680181333718,216680873355264.0,536870912,128,0.0011246491922065,128,64,1,512,86218.0,bin_4
55,1.5563085402004366,0.5021257054233245,2.091461522912141,2.031784015707672,2.0286113442853093,2.050618960968374,870672789504.0,8388608,32,0.0353420488536357,128,32,1,512,22634.0,bin_0
57,1.0862916975312795,0.2993878057568533,1.3070170353748836,1.2828011205419898,1.3379586851224303,1.3092589470131013,7097394650112.0,8388608,16,0.0022703548893332,128,32,8,512,141578.0,bin_2
58,0.9676536115661284,0.3032840691054977,1.0956792418437544,1.0216211597435176,1.0118638211861253,1.0430547409244657,109479815282688.0,67108864,64,0.0005319071933627,32,64,4,256,286474.0,bin_4
60,1.1177583678640286,0.3460958930839883,1.3551986959646456,1.3261605892330408,1.327341734431684,1.33623367320979,980160571392.0,16777216,128,0.0046614254824817,32,16,2,512,10602.0,bin_1
61,0.9789727373844944,0.4029616499021261,2.251742832828313,2.2501531932502985,2.248052125796676,2.2499827172917626,91520979456.0,1048576,16,0.0003608106053434,128,16,2,512,10602.0,bin_0
62,0.9847813282254866,0.3938190121166311,2.2139378739520907,2.21179274097085,2.212363565340638,2.21269806008786,8105388069888.0,33554432,256,0.0001556973875267,32,16,8,512,37002.0,bin_2
63,1.102568391768426,0.4863059995559995,1.6588563185650855,1.61266877502203,1.61475345864892,1.6287595174120115,54777024528384.0,134217728,16,0.0121997408568859,128,32,4,128,73610.0,bin_3
64,0.5337611252597712,0.8911747256271066,0.9432608258430264,0.9077974997926505,0.9107985240407288,0.9206189498921352,438089190727680.0,268435456,32,0.0015295023331418,32,64,4,256,286474.0,bin_5
65,0.9542982820681104,0.5653626743626744,1.0578851383979782,0.99918075138703,1.0007929359562695,1.0192862752470926,55428657469440.0,134217728,16,0.0011227030772715,64,32,4,512,73610.0,bin_3
66,1.0024249676027497,0.3440923001161096,2.110632261261344,2.1053393613547087,2.1108276955783367,2.1089331060647964,908073682944.0,4194304,128,0.000817229563836,128,32,2,256,39626.0,bin_1
69,0.9532632780608812,0.4561259463640415,1.11170706901612,1.002047569025308,0.9717209544032812,1.0284918641482363,221204986257408.0,268435456,32,0.0001100158333429,32,32,8,128,141578.0,bin_4
70,0.9518386791752294,0.6163588127040508,2.0997466223780066,2.0954007375985384,2.1000123377889395,2.098386565921828,479288930304.0,1048576,32,0.0001563710393384,32,32,4,256,73610.0,bin_0
72,1.099545868143091,0.3672039798825512,1.6511545449029654,1.606875597499311,1.6121702585369349,1.6234001336464037,912681879552.0,8388608,128,0.0077806762419641,128,16,4,128,19402.0,bin_1
74,0.9656090037098464,0.3985578667364381,2.0690123648382723,2.0617173947393894,2.061808074824512,2.0641792781340578,120228280320.0,2097152,32,0.0005727877141907,128,16,2,128,10602.0,bin_0
77,1.0764525586211744,0.3463042112208779,1.586040334077552,1.556734636425972,1.562927396968007,1.5685674558238436,236803227648.0,8388608,256,0.0044311778619885,32,16,1,256,6202.0,bin_0
78,1.0579375067429757,0.521067599067599,1.6452839421108365,1.605810284614563,1.6069315867498517,1.6193419378250835,3458847094370304.0,1073741824,32,0.0019692180212587,64,64,8,128,553482.0,bin_5
79,0.977827718056572,0.7056029900434663,1.1291777800070122,1.073602080810815,1.0803278372623026,1.0943692326933767,54099304531968.0,67108864,32,0.0002904112043324,128,64,2,256,152970.0,bin_3
81,0.982047570728608,0.4996950188259711,1.1725572865398135,1.122513649519533,1.1301347403787076,1.1417352254793514,27889862320128.0,33554432,64,0.0012770004104822,128,64,2,256,152970.0,bin_3
82,1.07337181605623,0.294190638726353,1.2915322468033992,1.259450912475586,1.2677092961966991,1.2728974851585615,874384404480.0,8388608,64,0.0016119667561724,128,32,1,128,22634.0,bin_0
83,1.1678211078460807,0.5586758673425339,1.6770189789822323,1.6371701741591096,1.6466388441622255,1.653609332434523,561586243584.0,1048576,16,0.0051114712841808,64,32,4,512,73610.0,bin_0
84,0.959604675425954,0.5293570159998732,2.162704975809902,2.1588554065674543,2.1591804400086403,2.160246940795332,3474278952960.0,4194304,32,0.0001179367027361,128,64,2,256,152970.0,bin_1
87,1.4167748791888506,0.3511177808082569,1.2930251696088817,1.2606517574749887,1.2587423310615122,1.2708064193817945,1018386210816.0,33554432,256,0.0161561667919158,128,16,1,256,6202.0,bin_1
88,0.9987689197096882,0.4106691399429494,1.2921131462207995,1.2392622134648263,1.2430868819355965,1.2581540805404074,3424562399232.0,16777216,16,0.004346122033894,128,32,2,256,39626.0,bin_1
89,1.031066361587584,0.3958063567825472,1.1384789099538466,1.082135010510683,1.085838328115642,1.102150749526724,214352490811392.0,67108864,128,0.0005331585998646,128,64,8,128,553482.0,bin_4
90,0.9430455121201424,0.5303166573285621,1.009878066375677,0.9734286130405962,0.9742973153479396,0.9858679982547376,29323656579072.0,1073741824,32,0.0134361190721392,32,16,1,256,6202.0,bin_3
93,0.9376967893522964,0.7565521418616656,1.0760610963843646,1.0017991256900132,0.9941470813937484,1.0240024344893754,54889547563008.0,268435456,64,0.0003852428635582,64,32,2,128,39626.0,bin_3
94,1.0656455084612146,0.3044565914684962,1.1287980234337738,1.067737768869847,1.072767085861415,1.0897676260550118,27590616364032.0,33554432,16,0.0003027581551577,64,32,8,256,141578.0,bin_3
95,0.9766131833051862,0.3952855323688657,1.9288325344678008,1.9157781889662149,1.917473473586142,1.9206947323400527,306752391168.0,4194304,256,0.0053746500052511,32,16,2,512,10602.0,bin_0
96,0.926333713987058,0.7639703153988867,0.9802507327767672,0.9425398639868944,0.9445778974331916,0.9557894980656176,436980311347200.0,1073741824,128,0.0014370064018294,128,32,4,128,73610.0,bin_5
97,0.9220205870639632,0.7551239104810533,1.1165725378450588,1.0515144364908338,1.047493260819465,1.071860078385119,110260907495424.0,134217728,128,0.0020030175801366,64,64,2,512,152970.0,bin_4
98,0.954996669995242,0.6030609491919016,1.0805892045646033,1.0116764188278466,0.997241364326328,1.029835662572926,220201950154752.0,134217728,64,0.0008043731795623,32,64,4,512,286474.0,bin_4
99,0.9686916229978704,0.397167430012668,1.9846069749910384,1.97416658885777,1.975223667919636,1.977999077256148,1923848338944.0,33554432,128,0.00095809425693,128,16,2,512,10602.0,bin_1
100,1.0649750190233185,0.4827791293803198,1.6464019252453,1.6065994072705507,1.607955719344318,1.6203190172867228,431157083695104.0,134217728,128,0.0169104095548391,128,64,8,128,553482.0,bin_5
102,1.115834863587254,0.4883133138906948,1.715192647301592,1.6594392680563033,1.6605205982923508,1.6783841712167489,54427890801408.0,16777216,16,0.0316546596586704,128,64,8,512,553482.0,bin_3
103,0.820419261008233,0.7718539251753538,1.0251282640965655,0.9670737872365862,0.9598978427238762,0.9840332980190092,439485748199424.0,1073741824,32,0.0002364343090448,32,64,1,128,86218.0,bin_5
105,0.9522595280681496,0.5565786836620169,1.0530058170188568,0.9900019760243596,0.9818980866111816,1.008301959884799,7168847474688.0,134217728,64,0.0076247253455221,32,16,2,128,10602.0,bin_2
106,0.9921835526594492,0.3078340121078216,1.0762841382165789,1.0240158676169813,1.0223408956080675,1.0408803004805425,110335625961216.0,134217728,16,0.0008133753435686,128,32,8,512,141578.0,bin_4
107,0.9542602237899694,0.584127647925267,2.073356544831768,2.0677436916157603,2.067903636023402,2.06966795749031,110755430400.0,1048576,128,0.0008711118716746,32,32,1,128,22634.0,bin_0
111,1.0319544783161438,0.4397360117836308,1.210111728811171,1.1639517256990075,1.1746748234145343,1.1829127593082376,109928077295616.0,1073741824,256,0.0001024362645694,128,32,1,256,22634.0,bin_4
112,1.2654029630738437,0.3750676232938137,1.2448799792327918,1.2108172960579395,1.2109934650361538,1.2222302467756283,3620491309056.0,134217728,256,0.0005463405395857,64,16,1,128,6202.0,bin_2
113,1.078875214106015,0.3479255761874809,1.5240421635098755,1.4990095496177671,1.5048021208494902,1.509284611325711,1836225165312.0,67108864,64,0.000526477175299,128,16,1,256,6202.0,bin_1
114,1.1133457521470966,0.5972478051049479,1.7337715202011168,1.6303591933101416,1.6295718969777226,1.6645675368296604,481804293120.0,8388608,16,0.0403888188302516,64,16,2,512,10602.0,bin_0
115,1.0618611743119244,0.5138397405064071,1.6462861292529851,1.6064321333542466,1.6079758200794458,1.6202313608955592,443095833197568.0,536870912,32,0.0253095664083957,128,32,8,512,141578.0,bin_5
117,1.0071771862203809,0.2994215171953267,1.2217435228667457,1.1360882110893726,1.1064054304733872,1.1547457214765018,7013358452736.0,16777216,256,0.0023398182820528,32,32,4,128,73610.0,bin_2
119,0.9482985372057172,0.523148633993872,1.1547695443732664,1.0752040427178144,1.0750324255786836,1.1016686708899217,13879481094144.0,67108864,128,0.0021787385921925,64,32,2,256,39626.0,bin_2
120,1.205285731141179,0.3431795312271502,1.2188268991594668,1.1746171447448432,1.1732284408062696,1.18889082823686,444618289210368.0,134217728,256,0.000447681028163,64,64,8,512,553482.0,bin_5
121,0.9776581583518203,0.5743323057013533,1.059914370016486,1.0234756325371563,1.024417127482593,1.0359357100120783,27783496273920.0,268435456,32,0.0040895589627325,128,32,1,512,22634.0,bin_3
123,0.96301844927057,0.65071994627947,1.1287247637737892,1.03452266799286,1.0114064617082477,1.0582179644916323,13834612580352.0,33554432,32,0.0009817455429583,32,32,4,128,73610.0,bin_2
124,1.0207717928954665,0.6794069977641405,1.18548740951519,1.0923592778854072,1.0673924004659057,1.115079695955501,29867096985600.0,134217728,16,0.0001739026629365,32,16,8,512,37002.0,bin_3
126,1.0161374971778825,0.3867771302771302,2.281798592768609,2.2836655378341675,2.283931640908122,2.2831319238369665,987348157440.0,2097152,256,0.0298245884478092,128,16,8,256,37002.0,bin_1
128,0.7183670948737331,0.864496547984643,1.101433231859119,0.973804784938693,0.939426951110363,1.0048883226360583,59862436012032.0,536870912,16,0.0005165850161574,32,16,4,512,19402.0,bin_4
129,1.0850099782755265,0.3678920581182485,1.6586322219809515,1.6152356388047338,1.618063734844327,1.6306438652100042,958862674944.0,8388608,32,0.0149276759475469,64,16,4,512,19402.0,bin_1
130,1.1520466865808976,0.4866186573567526,1.6658124944660813,1.6193128721788526,1.6244659023359418,1.6365304229936253,7317928372224.0,67108864,128,0.0105303470045328,32,16,4,256,19402.0,bin_2
131,1.0976225176197243,0.5178052965552966,1.6488808221183715,1.6085659796372056,1.6124405497685077,1.6232957838413615,14529341955072.0,67108864,64,0.0278786122798919,64,16,8,256,37002.0,bin_3
132,0.9489382683377288,0.4944873962016818,1.0592904732257011,0.999454808421433,0.9979513506405056,1.0188988774292131,868006360989696.0,536870912,64,0.0001235812815139,64,64,4,512,286474.0,bin_5
133,1.0520781312822278,0.4904629629629629,1.6537960029672831,1.6097593950107694,1.6108711138367653,1.624808837271606,6993884282880.0,67108864,128,0.0465529076755046,32,32,1,128,22634.0,bin_2
134,0.9537893983230784,0.5553687978687979,1.1349509707215475,1.0504673421382904,1.0297671952284873,1.0717285026961083,28670712262656.0,268435456,64,0.0001321047602687,32,16,4,128,19402.0,bin_3
136,1.095680862473922,0.3678560425465186,1.2755593260808382,1.2154059382155538,1.2254109559580684,1.2387920734181534,231428585472.0,2097152,16,0.0035650094505399,64,32,1,256,22634.0,bin_0
139,0.9814100029665112,0.3886731026909598,1.730653726728633,1.696924103423953,1.6952928826212883,1.7076235709246248,31233770139648.0,8388608,256,0.0064295195043087,64,64,8,256,553482.0,bin_3
140,0.9508246126204472,0.6382025699168556,1.0828612410987262,1.019488850608468,1.016608530189842,1.0396528739656787,223021649123328.0,536870912,128,0.0004413565620779,64,32,4,512,73610.0,bin_4
142,1.012740446824718,0.393733830983831,1.7244500778615477,1.7017269348725677,1.7037232294678688,1.7099667474006612,3622724468736.0,67108864,256,0.0003093988925684,64,16,2,128,10602.0,bin_2
143,1.014276166582743,0.5213469158707253,1.0651726287906058,1.0247355811297894,1.0247283279895782,1.0382121793033243,7264886433792.0,134217728,64,0.0175066143274307,64,16,2,256,10602.0,bin_2
144,0.9729237549284794,0.401919136859613,2.210210293065757,2.2074069399386644,2.205982943996787,2.207866725667069,477459234816.0,8388608,256,0.0002275807928526,64,16,2,128,10602.0,bin_0
145,1.2248471013037228,0.3478601094672522,1.2333486253628507,1.198035734705627,1.196275006979704,1.2092197890160603,3707751690240.0,67108864,32,0.0005853306502103,64,16,2,512,10602.0,bin_2
146,0.9865700800786366,0.452866691069072,2.234135506907478,2.235005918890238,2.234621722251177,2.2345877160162977,581364695040.0,1048576,64,0.000132746703457,128,64,1,256,86218.0,bin_0
149,0.9609728400845172,0.5939087103372818,1.1162940887297736,1.0557868327014148,1.057263343129307,1.076448088186832,215441557426176.0,134217728,256,0.0009212557924911,128,64,4,128,286474.0,bin_4
150,1.3494232884263726,0.2468537503061312,1.2219268420740264,1.176093111280352,1.1707326006144283,1.189584184656269,7576035042816.0,134217728,128,0.0092929853126406,128,16,2,512,10602.0,bin_2
151,0.9654899708941054,0.3722922174826936,1.0715744170738617,1.0297172740101814,1.030324068851769,1.043871919978604,3677213073408.0,134217728,16,0.018995776772499,32,16,1,256,6202.0,bin_2
152,1.0336786662043542,0.35058633297919,1.6383881056681275,1.6108209872618318,1.614885593764484,1.6213648955648143,274535866368.0,1048576,64,0.0031654629856348,64,32,2,128,39626.0,bin_0
153,1.039095247670207,0.6103335888097793,1.1692094750178512,1.1109476713463664,1.1009020959027112,1.1270197474223096,903590277120.0,16777216,64,0.0042294189333915,32,16,2,128,10602.0,bin_1
154,1.0315803868300948,0.5305210006043338,1.6537495364900678,1.6147495303303003,1.6153281349688768,1.627942400596415,6984090163200.0,8388608,16,0.0166878271847963,64,32,8,512,141578.0,bin_2
155,1.0004965246154858,0.4995759051354289,2.0152342561632395,2.0013364609330893,2.0027817338705063,2.006450816988945,995622024192.0,2097152,128,0.0172205846756696,64,32,4,512,73610.0,bin_1
156,1.0849359951037676,0.5433726361821599,1.4806241899495944,1.4293641326949,1.437758614309132,1.4492489789845422,1783559651328.0,8388608,32,0.0048193582333624,64,16,8,256,37002.0,bin_1
157,0.4651398120230763,0.9035800817348436,1.0409486384887714,0.9160111520905048,0.9021693307440728,0.9530430404411164,1747347317587968.0,1073741824,256,0.0007311322260648,32,64,4,128,286474.0,bin_5
158,1.0948619559296893,0.3473423476875857,1.5234533343464136,1.4974274365231397,1.5029124896973372,1.5079310868556302,462342930432.0,16777216,32,0.0009976351866498,128,16,1,256,6202.0,bin_0
159,1.0723738183025069,0.6667029676672533,1.1281004157790449,1.0775679009966552,1.0807330119423568,1.0954671095726856,1808041261056.0,67108864,16,0.0001738603750709,32,16,1,128,6202.0,bin_1
160,1.0856256135869111,0.3540742167885025,1.372155906399712,1.342205365654081,1.3451738795265555,1.353178383860116,6972892372992.0,33554432,128,0.0003514572163112,32,32,2,256,39626.0,bin_2
162,0.9529578332063826,0.6089912772412772,1.0808301736833528,1.0207856451161206,1.021138193551451,1.0409180041169748,111901495363584.0,1073741824,256,0.0011632966343313,64,32,1,512,22634.0,bin_4
163,1.1133917138568588,0.398171686338353,1.6760619577253235,1.627645317465067,1.635591278783977,1.6464328513247892,2131332837888.0,16777216,256,0.0132976174354553,64,16,4,512,19402.0,bin_1
164,0.9711424723403844,0.6358225257987162,1.9067555698566137,1.890991778112948,1.89682945329696,1.8981922670888405,509650326528.0,4194304,64,0.0010365300113335,32,16,4,512,19402.0,bin_0
165,0.9690421486223127,0.4011030684483065,2.16745812445879,2.163309283554554,2.162456626072526,2.1644080113619566,226399921152.0,4194304,16,0.0001656631502555,128,16,2,256,10602.0,bin_0
166,0.980941093173118,0.3440282746354175,1.9733004551380875,1.962116883136332,1.9659315822646024,1.9671163068463404,116316561408.0,4194304,128,0.0018105319468304,64,16,1,256,6202.0,bin_0
167,1.040064775036199,0.3844296144772336,1.688801527954638,1.6645631790161133,1.6694530108943582,1.6742725726217031,471926482944.0,2097152,16,0.0012630826095119,128,32,2,256,39626.0,bin_0
169,1.160520066345615,0.3471843451962499,1.6259940572781488,1.582413439638913,1.576519594527781,1.594975697148281,956351692800.0,4194304,256,0.0096464231610298,64,32,2,128,39626.0,bin_1
170,1.0797642040155104,0.4852109680443013,1.6511644872371107,1.6095372335985303,1.6121640112251043,1.6242885773535818,923315884032.0,4194304,128,0.0219459030777215,32,16,8,128,37002.0,bin_1
171,1.1278606592043623,0.2818995761733857,1.325014284811914,1.2745687323622406,1.281489450018853,1.293690822397669,54314486292480.0,16777216,64,0.0017007926944643,128,64,8,128,553482.0,bin_3
173,1.0669956325998071,0.3964507987603225,1.427831456239801,1.3854033071547749,1.3840554850175977,1.3990967494707245,7065120817152.0,8388608,64,0.0075084227137267,128,64,2,128,152970.0,bin_2
174,1.260963763688539,0.3018101528101528,1.522009044070728,1.4924283614382148,1.4973719893023372,1.5039364649370934,410121584640.0,2097152,128,0.0141876153647899,128,32,1,256,22634.0,bin_0
175,1.0802908658308583,0.5021480833980835,1.6468832137761638,1.6059044590219855,1.6090477593243122,1.6206118107074872,1738012574376960.0,536870912,32,0.0120401494204998,64,64,8,512,553482.0,bin_5
176,1.0068878919101425,0.346227285501095,1.9384504065383223,1.9281351463869207,1.935789038427174,1.9341248637841395,1713478139904.0,8388608,128,0.0002307937247678,64,32,2,128,39626.0,bin_1
177,1.1052787078682698,0.5045923058423059,1.6621209904551506,1.6231179973110557,1.6241240743547678,1.636454354040325,7144126507008.0,8388608,64,0.0352242104709148,32,32,8,256,141578.0,bin_2
178,1.0799215990855633,0.4019586498157926,1.213342556686257,1.1617964431643486,1.155807873699814,1.1769822911834733,450261497856.0,4194304,16,0.0031329761259257,64,32,1,256,22634.0,bin_0
179,0.5321676014896877,0.8537541691113119,1.0194079760694876,0.9315906404517592,0.9192777785938232,0.95675879837169,114471966418944.0,536870912,16,0.0002232030383311,32,16,8,128,37002.0,bin_4
180,1.1163875008849575,0.3420615116805592,1.6747843037592247,1.6431991159915924,1.650328220799565,1.6561038801834609,342665631744.0,1048576,32,0.0076569989323616,128,32,2,512,39626.0,bin_0
183,0.9646442851210488,0.5733581189533571,1.866629909723997,1.853921108879149,1.855343482457101,1.858631500353416,848053002240.0,8388608,64,0.0003942479379475,128,32,1,128,22634.0,bin_0
184,0.9471253000038188,0.6807929469119944,1.0698896026915463,0.980197608238086,0.9599469918757676,1.0033447342684667,225130281332736.0,1073741824,256,0.0037163062952458,32,32,2,512,39626.0,bin_4
185,0.9858720033555178,0.34646213706928,1.88660318730399,1.8727946868166327,1.877452035434544,1.8789499698517225,454543822848.0,16777216,32,0.0001948869612533,64,16,1,256,6202.0,bin_0
186,1.0642268803624724,0.3688175092103662,1.608321906416677,1.5820071194320915,1.583683405071497,1.591337476973422,14780920995840.0,33554432,128,0.000674411538057,64,32,4,512,73610.0,bin_3
188,0.5896560209481917,0.938151938890034,1.0017923122650243,0.940659353043884,0.9286489626392722,0.9570335426493936,438148730597376.0,536870912,16,0.0001520925434306,32,64,2,128,152970.0,bin_5
189,0.982647983387358,0.4026815164553259,2.2937615904957056,2.2933544907718897,2.291096562519669,2.292737547929088,508270483968.0,1048576,256,0.0002209352969657,128,16,2,512,10602.0,bin_0
190,1.0744065542756618,0.5238886391386391,1.653682975564152,1.6084026815369723,1.6116944728419185,1.624593376647681,14593217753088.0,134217728,64,0.0498498044908046,128,16,4,256,19402.0,bin_3
192,0.9623061163912262,0.3725649015887111,1.0552957895233703,0.9764592009596528,0.9582994934171438,0.9966848279667224,447805233122304.0,536870912,128,0.000869138573762,32,32,8,512,141578.0,bin_5
193,8.701936853532642,0.5064483113887875,25.087615448981524,25.314370587468147,25.032526537776,25.144837524741888,3701685881856.0,1048576,16,0.0474650152027606,128,64,8,256,553482.0,bin_2
195,1.0151238559443023,0.4469241904479999,1.163965235609794,1.0911455787718296,1.0842657554894686,1.113125523290364,872631502848.0,4194304,16,0.0031745233573019,32,32,2,128,39626.0,bin_0
196,0.9033377938100692,0.7408602513007274,1.0615828576264903,1.0166494674049318,1.006251996383071,1.0281614404714976,54908746653696.0,134217728,32,0.0020178921986371,32,64,1,128,86218.0,bin_3
197,0.9188160669072198,0.7492239074858121,1.026027023755887,0.972567074932158,0.969440818298608,0.9893449723288844,115466189976576.0,536870912,16,0.0002193364198319,64,16,8,256,37002.0,bin_4
198,1.1417356636920275,0.3434677328843995,1.388756473432295,1.3612582553178072,1.364312638528645,1.3714424557595823,243329845248.0,8388608,64,0.0057208542712032,128,16,1,256,6202.0,bin_0
199,1.0590719212633013,0.4738133903133903,1.6468478965107352,1.6110166814178228,1.6131716398522258,1.6236787392602612,1722724151875584.0,1073741824,32,0.0098164957016706,128,64,4,256,286474.0,bin_5
201,1.050191919398609,0.3648838806695949,1.527498286217451,1.5050790403038263,1.516301391646266,1.516292906055848,7584836210688.0,33554432,64,0.0013138841604813,64,16,8,512,37002.0,bin_2
202,0.9487118699588802,0.5769873556778319,0.996461487011402,0.9586752897594124,0.9578870134428144,0.9710079300712096,28919872118784.0,1073741824,128,0.0152359828352928,32,16,1,128,6202.0,bin_3
203,0.9561498446238956,0.5917754652754653,1.0245662103698123,0.9743572508450598,0.9747362108901144,0.9912198907016622,219707476608000.0,268435456,32,0.0009165175724774,128,32,8,256,141578.0,bin_4
205,0.9647037284846668,0.4233175884961599,1.0159873162374424,0.9679129582364112,0.9699042737483978,0.984601516074084,884872444552704.0,1073741824,128,0.001700502471067,128,32,8,512,141578.0,bin_5
207,1.0244663485831331,0.3629401321782274,1.861139182234183,1.8462970722466707,1.8508384386077523,1.852758231029536,1777724160000.0,1048576,256,0.0075129498727619,128,32,2,512,39626.0,bin_1
208,0.978377580295166,0.5664814369933416,1.0479400271433406,1.0177361415699124,1.032898125704378,1.0328580981392104,14556300226560.0,268435456,16,0.0139028560370206,128,16,2,256,10602.0,bin_3
209,0.71436675066242,0.8492600411052793,0.9991150392961572,0.9622751369606704,0.9637101078405976,0.9750334280324752,109527510263808.0,1073741824,16,0.0009584113722667,128,32,1,128,22634.0,bin_4
211,0.9394366693132294,0.7458208189517713,1.0612048341790796,1.0139115890488029,1.018787790555507,1.031301404594463,27348238749696.0,268435456,16,0.0002424704434815,128,32,1,128,22634.0,bin_3
214,0.9841198183662776,0.3631020236377378,2.161015094490722,2.159681221470237,2.160227848216892,2.16030805472595,863677833216.0,2097152,256,0.0004372959083411,64,64,1,256,86218.0,bin_0
215,0.9639692996991512,0.6126484300531919,1.0010710388742154,0.9603963647969068,0.9619477423839272,0.9744717153516832,429981565169664.0,268435456,16,0.0002839038497768,128,64,4,128,286474.0,bin_5
216,1.1339915726071752,0.3483360057050532,1.2996253038290888,1.266532277688384,1.2566610989160836,1.2742728934778522,459790909440.0,4194304,16,0.0010986721608787,32,32,1,512,22634.0,bin_0
217,1.1533837455158988,0.4726268480197051,1.6941849342547357,1.6465306095778942,1.6519539980217814,1.6642231806181371,3594356244480.0,4194304,64,0.036575511097908,32,64,2,128,152970.0,bin_1
218,2.4154745801336808,0.4996441501620072,4.544905316783115,4.586421897634864,4.565102489665151,4.56547656802771,3850706116608.0,2097152,16,0.0325384736061096,64,64,4,512,286474.0,bin_2
219,1.2739904225823029,0.6447256013386966,1.90458675858099,1.8285329835489392,1.8351148990914223,1.8560782137404503,3451397849088.0,4194304,64,0.0135941561311483,32,64,2,128,152970.0,bin_1
220,0.7838340302027249,0.8931514455562075,0.9922023687322508,0.9295827676542104,0.9283495149575174,0.950044883781326,433661306486784.0,536870912,32,0.00101596605964,64,64,2,256,152970.0,bin_5
221,1.1051483358054874,0.3313895090799852,1.2400137050426563,1.200706189032644,1.206735547631979,1.2158184805690933,222053943622656.0,268435456,128,0.0001816735166357,64,32,8,512,141578.0,bin_4
222,1.0523012021075828,0.4339299928466595,1.6361318468116224,1.5970670990645883,1.5969510013237596,1.61004998239999,3549847191552.0,4194304,256,0.0131585914641618,64,64,2,128,152970.0,bin_1
223,1.0245988364997825,0.3360562004133432,1.2522588695283048,1.1665021344088018,1.1347651262767613,1.1845087100712892,3514932019200.0,8388608,64,0.0008325361413881,32,32,4,128,73610.0,bin_1
224,0.9638228029253596,0.6048098850003613,2.0204176609404385,2.011710042133928,2.010902033187449,2.014343245420605,176864980992.0,1048576,128,0.0197404567152261,64,16,4,256,19402.0,bin_0
225,1.232804716349769,0.3637363461053937,1.264762221253477,1.234682130627334,1.2451521349139512,1.2481988289315875,6803189551104.0,2097152,16,0.000934493553359,64,64,8,128,553482.0,bin_2
226,0.973214675583688,0.21819770441199,1.0374777333126983,0.9901204193010926,0.9917182442732156,1.0064387989623356,119047448173056.0,1073741824,256,0.010097368620336,64,16,4,512,19402.0,bin_4
227,0.9446297753355242,0.6216086268229125,1.0677855019821436,0.9947410058230162,0.9875728143379092,1.0166997740476895,112892246126592.0,1073741824,64,0.0003520771861076,32,32,1,512,22634.0,bin_4
228,0.9825908802775692,0.3939577789934932,2.1362679838202894,2.1312855184078217,2.132647512480617,2.1334003382362425,944091448320.0,4194304,64,0.0006024453323334,64,16,8,256,37002.0,bin_1
230,1.2117875413127712,0.3487745376316805,1.3515182629344054,1.307686355896294,1.285261851735413,1.3148221568553708,29219162112.0,1048576,32,0.0234291870146989,32,16,1,128,6202.0,bin_0
231,1.0772508978367108,0.5102419194562052,1.2273989290988538,1.1841697916388512,1.1850884947925806,1.1988857385100953,3427165421568.0,4194304,32,0.0003124849172309,32,64,2,128,152970.0,bin_1
233,1.0151610491308392,0.3812396769896769,2.2705818326212466,2.2722371369600296,2.272679630666971,2.271832866749416,1922221894272.0,8388608,256,0.037442360073328,128,16,8,512,37002.0,bin_1
234,7.426496907768194,0.5038222826556159,10.339672583999343,9.903155162930489,9.83192189782858,10.024916548252804,27440779837440.0,8388608,64,0.0411856509745121,32,64,8,512,553482.0,bin_3
236,0.9835329741834772,0.6271578628602439,2.2035118537023664,2.196904703974724,2.204322207719088,2.2015795884653926,137272289280.0,1048576,256,0.0002034941717283,64,16,4,128,19402.0,bin_0
237,0.9445303091743744,0.6151927481689387,1.0371353809678112,1.0044867019169033,1.006327694747597,1.0159832592107705,219574312624128.0,268435456,32,0.0054171294905245,32,64,2,512,152970.0,bin_4
238,0.7418494491115292,0.8434410712744046,1.0078114217249097,0.9511436957400292,0.9488757513463496,0.9692769562704294,28489145041920.0,268435456,16,0.001388355041854,64,16,4,128,19402.0,bin_3
240,0.9161105450809588,0.7065158620039572,1.0218329167328193,0.9808903054799883,0.9788816696964204,0.993868297303076,28627346804736.0,1073741824,32,0.0004149151500314,64,16,1,128,6202.0,bin_3
241,1.01374482584105,0.392547475892714,1.892420718446374,1.880581851117313,1.8864278057590127,1.886476791774233,3555932700672.0,1048576,128,0.0002400280063739,32,64,8,128,553482.0,bin_1
242,1.0231900381844783,0.5873480928242832,1.8715086246375,1.854099960066378,1.8574644280597568,1.861024337587878,901390786560.0,2097152,256,0.0021829085890203,64,32,4,128,73610.0,bin_1
243,0.7720520639446407,0.8733921929040976,0.9901878483069596,0.9530351874418556,0.9513898673467338,0.9648709676985164,435379318800384.0,1073741824,256,0.0023340259213,64,64,1,128,86218.0,bin_5
244,0.9137531835067368,0.6993937495485114,1.069112654047785,0.9964691950008272,0.977088422048837,1.0142234236991496,219793564852224.0,536870912,32,0.0001272147346753,32,64,1,128,86218.0,bin_4
245,0.965134300308194,0.7157291993720564,2.0056916510220617,1.994031134061516,2.0004175398498774,2.000046774977818,1873406714880.0,16777216,128,0.0004681243153754,128,16,4,256,19402.0,bin_1
247,1.0808718989892183,0.3973864953388762,1.677601839066483,1.641188658773899,1.6456955159083009,1.654828671249561,17504641069056.0,4194304,128,0.0028206657152622,32,64,8,512,553482.0,bin_3
248,1.2693209960201506,0.4306037133060942,1.1930211155267898,1.1482313149608672,1.1517247939482331,1.16432574147863,228828908544.0,8388608,16,0.0079519189894199,64,16,1,256,6202.0,bin_0
249,0.9703650239073646,0.4011731112802541,2.179405536269769,2.175692336633801,2.1745148301124573,2.176537567672009,56206448640.0,1048576,16,0.000105310944491,32,16,2,128,10602.0,bin_0
250,1.0453064130458702,0.5202700465319513,1.654473913135007,1.6099731950089335,1.6115604313090444,1.6253358464843284,54881120231424.0,67108864,128,0.0192064903676509,32,64,2,256,152970.0,bin_3
252,0.9670799695390468,0.3995764839217219,2.1253044267650694,2.1197920441627502,2.119214767590165,2.121437079505995,228746575872.0,4194304,128,0.0002826778509188,32,16,2,128,10602.0,bin_0
254,0.9510069084291212,0.6210114070233117,1.0105528666535974,0.9731032166164368,0.969942840281874,0.9845329745173028,29081840885760.0,268435456,128,0.0098370146006345,32,16,4,256,19402.0,bin_3
255,0.939585613904506,0.6763008063365206,1.1349322577152634,1.086452141404152,1.0887298197485509,1.103371406289322,14010902833152.0,134217728,128,0.0012610431294888,64,32,1,512,22634.0,bin_2
256,1.03583992332983,0.363018215911073,1.3232395022641867,1.289882751647383,1.298951731994748,1.3040246619687723,1729814529024.0,8388608,16,0.0017758340109139,128,32,2,512,39626.0,bin_1
257,0.8413885932877725,0.7856352258852258,1.0074098935365328,0.9609344713389874,0.9567819181829692,0.9750420943528296,27741553582080.0,134217728,32,0.0043650320731103,32,32,2,128,39626.0,bin_3
258,1.0040232088118002,0.369845226202369,2.274764867965132,2.273591313511133,2.275142068043351,2.274499416506538,3654662138880.0,16777216,256,0.000220750371227,128,32,2,512,39626.0,bin_2
260,1.0428426004713798,0.2682329218400647,2.1053348549176008,2.096393698826432,2.099241476505995,2.100323343416676,580260200448.0,1048576,128,0.0184066500514745,64,32,4,256,73610.0,bin_0
262,1.0701939251120791,0.5007936507936508,1.6434529684484005,1.6037100246176124,1.6068272041156888,1.6179967323939006,222436162990080.0,1073741824,64,0.0392796173691749,64,32,2,512,39626.0,bin_4
263,1.0212393346003226,0.6348487086106133,1.656166393077001,1.6167570604011416,1.6159810833632946,1.6296348456138123,3680576040960.0,16777216,256,0.0124796731397509,32,16,8,128,37002.0,bin_2
264,0.94646175509294,0.581959692423978,1.0701831697806483,1.0227740765549242,1.026049496140331,1.0396689141586346,111029253206016.0,1073741824,128,0.0009229706483893,128,32,1,512,22634.0,bin_4
265,1.113868814827871,0.5234987296653962,1.6592320952331647,1.613206013571471,1.6165491193532944,1.6296624093859766,866251807119360.0,268435456,128,0.0478127710521221,64,64,8,512,553482.0,bin_5
268,1.4216196701003347,0.4143859553145267,1.4319806191779207,1.377437682822347,1.3539957809261978,1.3878046943088218,493442666496.0,4194304,32,0.0119285499677062,64,32,1,512,22634.0,bin_0
269,1.1071023944128755,0.6316963356308595,1.7124624573625624,1.6585587444715202,1.662384731695056,1.6778019778430462,13881458061312.0,4194304,16,0.0020607747137546,64,64,8,128,553482.0,bin_2
272,1.1648654569583825,0.3426964644702739,1.80221182841342,1.747043148148805,1.7564697917550802,1.7685749227724348,27155150708736.0,67108864,128,0.0498451218008995,128,64,1,256,86218.0,bin_3
273,1.0755175381831297,0.5309155258321924,1.6550717318896204,1.611715163104236,1.6150082675740125,1.6272650541892897,440354746349568.0,536870912,32,0.0030533780809491,64,32,8,256,141578.0,bin_5
274,1.0541145280918145,0.474542402042402,1.6515725654317066,1.6087506422773004,1.6119737308472395,1.6240989795187488,7175945951232.0,268435456,16,0.0401579327881336,64,16,1,128,6202.0,bin_2
275,0.9889699240398118,0.2936892794154699,2.3043162818066776,2.3057701271027327,2.305018328130245,2.305034912346552,1066514878464.0,1048576,256,0.0002888128510676,32,32,8,128,141578.0,bin_1
276,1.1063251156480045,0.5135131966798634,1.7031634086742995,1.660048265941441,1.658135105855763,1.673782260157168,54782635616256.0,16777216,64,0.0127646895125508,64,64,8,256,553482.0,bin_3
277,1.4683637112575862,0.3857456044836997,1.853582093026489,1.7984261116944251,1.8199802907183769,1.8239961651464305,522628366848.0,2097152,32,0.0194649044424295,64,16,8,512,37002.0,bin_0
278,0.983225865858904,0.393442356144737,2.2704284018836915,2.2701901514083147,2.270902119576931,2.2705068909563124,496472283648.0,2097152,32,0.0002591507800389,64,16,8,512,37002.0,bin_0
281,0.9822841055263324,0.3934862399505256,2.25057155219838,2.2498416863381863,2.250353448092937,2.250255562209835,2057711562624.0,8388608,128,0.0006854109815321,128,16,8,512,37002.0,bin_1
282,1.0635012390295004,0.3514074699550889,1.3702543936669829,1.3434624066576362,1.338484337553382,1.3507337126260002,140975284224.0,1048576,128,0.0113497618585824,64,32,1,128,22634.0,bin_0
284,0.9478386203464164,0.5527024646429409,0.9981526986593964,0.9601132371462882,0.9607968614436686,0.973020932416451,219549659860992.0,536870912,32,0.0012703404063358,128,32,4,256,73610.0,bin_4
285,1.035516342258638,0.4170323419966277,1.2078531827428378,1.1358476034365594,1.1245855041779578,1.1560954301191184,445521778864128.0,134217728,256,0.0014908930752426,32,64,8,512,553482.0,bin_5
286,0.9553769118825204,0.595953613846471,2.2961064376868308,2.297615183517337,2.296773279085756,2.2968316334299743,431647531008.0,2097152,128,0.0001846381346695,128,32,1,512,22634.0,bin_0
287,1.0875451062564885,0.3481896978682692,1.5216457635397092,1.4956555180251598,1.501175755634904,1.5061590123999242,3811987943424.0,134217728,128,0.0011012190952897,128,16,1,512,6202.0,bin_2
290,1.0143213647791811,0.3438116579188008,1.7416323663201183,1.7246459210291505,1.7263701669871807,1.7308828181121498,1783870169088.0,2097152,64,0.0007933931774459,32,32,8,128,141578.0,bin_1
292,1.614967693487512,0.5760096600929934,2.114461831341032,2.0454978812485933,2.0716473683714867,2.07720236032037,2240089810944.0,1048576,32,0.0135790221393108,128,64,4,256,286474.0,bin_1
293,0.9932120315926032,0.511295288045288,1.6942428309703246,1.659148346632719,1.6577690644189715,1.6703867473406715,1800388386816.0,2097152,32,0.0289587881416082,64,32,8,128,141578.0,bin_1
294,0.987248902712564,0.6498701267867935,1.1686228201142512,1.1121106622740626,1.099350112024695,1.1266945314710028,3428139810816.0,8388608,16,0.0030801151879131,64,64,1,256,86218.0,bin_1
295,1.0298813283251718,0.5067229503300932,1.6573471915908158,1.62349012773484,1.623891148716211,1.634909489347289,219493738020864.0,67108864,256,0.0206843111664056,64,64,8,128,553482.0,bin_4
296,0.9709520854128852,0.4294999444999445,1.0569859612587609,1.0086091863922777,1.00864274520427,1.024745964285103,55029000548352.0,134217728,32,0.0002438899828121,64,32,4,128,73610.0,bin_3
297,1.026906614859484,0.4010778886016981,1.9009200856089592,1.885656926780939,1.889344627968967,1.8919738801196213,7596725776128.0,33554432,32,0.0002338581107323,64,16,8,512,37002.0,bin_2
298,1.211789821927134,0.3351974106140772,1.6983421084005386,1.6495176297612488,1.6582482932135465,1.6687026771251112,62747188224.0,1048576,16,0.0144994650036096,64,16,2,512,10602.0,bin_0
299,1.0562069521845114,0.4965176582676582,1.6436230055987835,1.6078485324978828,1.6122996117919683,1.6212570499628782,13940058120192.0,67108864,32,0.039201233536005,32,32,2,256,39626.0,bin_2
300,1.058692667015279,0.34504707109469,1.5758951787138358,1.5396308139897883,1.5423367507755756,1.5526209144930665,57375095808.0,1048576,16,0.0069895852357149,128,16,2,128,10602.0,bin_0
301,0.5137299814545598,0.8527070737904072,1.0588683011228568,0.9436174316797404,0.923306902172044,0.9752642116582138,114502085652480.0,536870912,64,0.0005611093365587,32,16,8,128,37002.0,bin_4
302,1.1419144865581845,0.407824536794775,1.3474746102001518,1.3058990924619138,1.31017281441018,1.321182172357415,7148095432704.0,67108864,32,0.0079922936856746,64,16,4,128,19402.0,bin_2
304,0.9847808660628834,0.3465975695380456,1.916821951046586,1.9038893524557352,1.90812723338604,1.9096128456294537,61367150592.0,2097152,16,0.0008072442142292,32,16,1,512,6202.0,bin_0
305,1.0717260569807276,0.4907128889628889,1.644485273398459,1.602998074144125,1.6065898882225156,1.6180244119216998,14488600817664.0,134217728,128,0.0332104563713073,64,16,4,256,19402.0,bin_3
306,0.9899623833926572,0.5718461908461908,1.7358697976451367,1.718099699355662,1.720194436609745,1.7247213112035145,896333168640.0,8388608,32,0.0002518450783099,64,32,1,256,22634.0,bin_0
307,1.1006202955809872,0.5023734986354033,1.1129939257225487,1.063355291262269,1.0717956204898655,1.0827149458248944,14562145529856.0,268435456,32,0.0003835969546344,128,16,2,256,10602.0,bin_3
308,0.937999858356736,0.6966060777846493,1.050664764843532,0.9976230496540666,0.9947144947946072,1.0143341030974018,110311019642880.0,1073741824,256,0.0004352627729531,64,32,1,128,22634.0,bin_4
309,0.9676502523640726,0.7260371132394944,1.079113658881397,1.0384093141183257,1.0404704636894166,1.0526644788963797,27824599836672.0,268435456,32,0.0011868573492392,128,32,1,512,22634.0,bin_3
310,1.7957510936945704,0.5226952240880812,2.054635704815155,2.0208156937733293,2.0113357305526733,2.0289290430470523,1153555660800.0,2097152,256,0.0096600661054253,32,64,1,256,86218.0,bin_1
311,1.0082775660692354,0.4524889788342169,1.66483185114339,1.6343428185209632,1.6345467371866107,1.644573802283655,6736591527936.0,16777216,16,0.0436758287250995,128,64,1,128,86218.0,bin_2
312,1.0505804164444217,0.484052614052614,1.6453657422680408,1.608457151800394,1.6107261031866074,1.6215163324183477,864902035691520.0,1073741824,64,0.0211326107382774,128,64,2,512,152970.0,bin_5
314,0.98380763136695,0.3460836020240781,1.9148217774927616,1.902186015620828,1.9063287274912,1.9077788402015965,227185830912.0,8388608,16,0.0001814401184674,64,16,1,256,6202.0,bin_0
318,1.0942757415367077,0.507992389885247,1.6718771310988814,1.6250602565705776,1.628767678514123,1.6419016887278606,27382691758080.0,33554432,16,0.0121327703818678,128,32,8,128,141578.0,bin_3
319,0.9114470099280164,0.6993019735995926,1.0323558223899454,0.9735861464869232,0.9693679376505316,0.9917699688424668,434264642494464.0,536870912,64,0.0003606950049288,64,64,2,256,152970.0,bin_5
320,0.9534547547178726,0.6237031442983824,2.1129110013134778,2.10861443169415,2.11295647546649,2.1114939694913724,1929125830656.0,4194304,256,0.0001164925779448,32,32,4,128,73610.0,bin_1
321,1.1023527102083317,0.4495326415207367,1.2968178063529194,1.266770335379988,1.2991376286372542,1.2875752567900538,6905682800640.0,16777216,16,0.0073534599505364,128,64,1,512,86218.0,bin_2
322,0.9668055053332276,0.3995323922109636,2.1245641072746366,2.119076518341899,2.1183935031294823,2.120678042915339,884987344896.0,8388608,256,0.0018848236650228,128,16,2,512,10602.0,bin_0
323,1.1540124985383569,0.4794529390362723,1.6675369079457596,1.6220405213534832,1.6237368946895003,1.637771441329581,1854115408896.0,8388608,64,0.0242127422243356,64,16,8,256,37002.0,bin_1
325,0.4820351430281753,0.8786732293279912,0.9886350226370269,0.9203342187684028,0.9162222212180496,0.9417304875411596,113786814093312.0,1073741824,128,0.0030274328310042,64,16,4,128,19402.0,bin_4
327,1.0639324953594025,0.5094023000808715,1.6551471049897373,1.6098781628534198,1.6129182316362858,1.6259811664931476,55248760922112.0,16777216,128,0.0043798475526273,32,64,8,128,553482.0,bin_3
328,0.9990653647670152,0.5181961253032682,2.024995784042403,2.017256436869502,2.0243164831772447,2.0221895680297166,1678094966784.0,1048576,32,0.0001204609216074,64,64,4,128,286474.0,bin_1
329,1.0549493272002568,0.4817107244607244,1.6477639800868928,1.607241451740265,1.608284412883222,1.62109661490346,221378017849344.0,268435456,64,0.0047453832812607,32,32,8,128,141578.0,bin_4
330,0.9130495313691216,0.7426006053029862,1.0004581450775731,0.9557472867891192,0.9524807073175908,0.9695620463947612,864291720904704.0,268435456,32,0.0005931969499215,64,64,8,128,553482.0,bin_5
331,1.0566060668801005,0.5080614240257098,1.6545707324985417,1.618464189581573,1.617793888784945,1.630276270288353,1788910657536.0,4194304,32,0.0370033904910087,64,32,4,128,73610.0,bin_1
332,1.197423216811646,0.5425906051620336,2.7861335054039955,2.7821034397929907,2.761085666716099,2.776440870637695,543242108928.0,2097152,128,0.0420370772480964,32,32,2,256,39626.0,bin_0
334,0.9024730196221968,0.7456583156702203,1.0711505424042116,0.9818009587470442,0.9598251711577176,1.004258890769658,220496321243136.0,268435456,16,0.0006466124905273,64,32,8,256,141578.0,bin_4
336,1.1742118837521018,0.4944573539335444,1.2578056823695078,1.2241055076010523,1.2246353034861386,1.2355154978188996,56130604594176.0,33554432,64,0.0003835069655906,64,64,4,512,286474.0,bin_4
337,0.926341664281351,0.6554372369253322,1.1023274233957636,1.048057613428682,1.0392454550601542,1.0632101639615332,14918835428352.0,268435456,16,0.013925633393228,128,16,2,512,10602.0,bin_3
338,1.0220868888810164,0.3002942930085787,1.386573781259358,1.361027381848544,1.408209997229278,1.38527038677906,3498147161088.0,4194304,32,0.0016627261647954,128,32,8,128,141578.0,bin_1
339,0.9486036022652716,0.6333996484115533,1.0388928452375694,0.985566266812384,0.986420891713351,1.0036266679211014,7188377745408.0,134217728,32,0.0045198057778179,32,16,2,128,10602.0,bin_2
341,1.03743754977866,0.6778888906507955,1.1670297572563868,1.1161681907251475,1.115287170279771,1.1328283727537685,3729760690176.0,67108864,256,0.0061347335577011,32,16,2,256,10602.0,bin_2
343,0.9685838263447182,0.5720366036080321,1.026940998286591,0.9902280792593956,0.9904568511992692,1.002541976248419,7168117874688.0,268435456,32,0.0043984870426356,64,16,1,128,6202.0,bin_2
344,0.8748121376110266,0.7821181146895433,1.0389835916175798,0.9763787381816657,0.964461067225784,0.9932744656750098,440868932296704.0,1073741824,256,0.0025330476928502,32,64,1,512,86218.0,bin_5
345,1.0774550758737755,0.4525873449742497,1.651421180926263,1.6071830606088042,1.609796524979174,1.6228002555047472,119973718995456.0,536870912,256,0.0087062316015362,32,16,8,512,37002.0,bin_4
346,0.9886835003714988,0.471595616464664,1.1419338595005684,1.0647195293568077,1.0555650927126408,1.087406160523339,3541791995904.0,16777216,16,0.0049350438639521,32,32,2,512,39626.0,bin_1
347,1.10026911704142,0.5102555927317832,1.6535478448495269,1.608440308831632,1.6110456567257645,1.6243446034689744,217038142783488.0,268435456,256,0.0218895301222801,128,64,2,256,152970.0,bin_4
348,1.0155292765512896,0.5286551297027487,1.66634220816195,1.6447308575734496,1.6459450516849756,1.6523393724734583,115258519283712.0,67108864,256,0.0002120742137776,128,64,4,256,286474.0,bin_4
349,0.9737287283941152,0.4278990026728121,1.134308954802691,1.089705920778215,1.0906692552380264,1.1048947102729774,54449699758080.0,134217728,128,0.0078872572630643,128,64,1,256,86218.0,bin_3
350,1.1487133403603906,0.4470802129968796,1.5994506748393178,1.5081357415765524,1.4772469876334071,1.528277801349759,14010645442560.0,4194304,16,0.0018879971466958,64,64,8,256,553482.0,bin_2
351,1.421059690422762,0.480598894051275,1.6252916161902249,1.592328849248588,1.5998097658157349,1.6058100770848494,1716891924480.0,2097152,16,0.0083674928173422,64,64,2,512,152970.0,bin_1
352,1.0843148441978767,0.5107646242646242,1.6861307254293934,1.6350897368974984,1.6352232499048114,1.6521479040772344,13588986667008.0,8388608,32,0.0084853190928697,32,64,4,128,286474.0,bin_2
353,1.0387766008155006,0.4774771480723862,1.611728648422286,1.5839993264526129,1.5851168548688293,1.5936149432479094,29865365467392.0,268435456,256,0.00076339073712,128,16,4,512,19402.0,bin_3
354,0.9852535366632236,0.3931221701578844,2.2637126641348004,2.2632821537554264,2.264027206227184,2.263674008039137,265196418048.0,1048576,64,0.0005802706582471,128,16,8,128,37002.0,bin_0
355,6.32696018964367,0.4750972691329834,8.900888554591802,8.589809326454997,8.699902292340994,8.730200057795932,14103996002304.0,16777216,256,0.0311543326824903,32,64,2,512,152970.0,bin_3
357,0.9735180157994012,0.3494205767777196,2.169384676264599,2.1648160126060247,2.16676495410502,2.166988547658548,62210334720.0,2097152,256,0.0002001800166908,32,16,1,128,6202.0,bin_0
358,1.082776441656653,0.4922880668714001,1.6444486504187807,1.6044531874358654,1.6072596739977598,1.618720503950802,444370593176064.0,536870912,32,0.0281898491084575,64,32,8,512,141578.0,bin_5
359,0.971860702104315,0.4030341915580011,1.1644553320511477,1.1180220725946128,1.1377191189676523,1.1400655078711377,6965540265984.0,67108864,256,0.0059247585013508,128,32,1,256,22634.0,bin_2
360,1.1397571491349054,0.563556108794204,1.2929792620707303,1.2473903726786375,1.2395600345917046,1.2599765564470242,6803695927296.0,8388608,64,0.0088120298460125,32,64,2,128,152970.0,bin_2
362,1.1244455742681387,0.3646449516092373,1.303353408817202,1.2736605601385236,1.2755146892741325,1.2841762194099526,217060008572928.0,536870912,256,0.0001389153039781,128,64,1,512,86218.0,bin_4
363,1.248550381211283,0.5097260640593974,1.8209797134622927,1.7616846607998011,1.7714396808296442,1.784701351697246,1721636649984.0,2097152,16,0.0309059470891952,128,32,8,128,141578.0,bin_1
364,0.8974627314831997,0.6759585546728405,0.975780511238554,0.9365590666420758,0.9387141740880908,0.9503512506562402,1725721731158016.0,1073741824,16,0.0001611979096196,128,64,4,256,286474.0,bin_5
365,0.9519629538218004,0.6649909442409442,2.183206096291542,2.1816912665963173,2.1847753282636404,2.1832242303838334,931358871552.0,2097152,128,0.00012378381507,32,32,4,256,73610.0,bin_1
366,0.974542860676632,0.5074114809352904,1.0631639184211965,0.9968650275841356,0.9902630555443466,1.0167640005165597,7294836523008.0,134217728,16,0.0040937401354312,32,16,2,256,10602.0,bin_2
367,0.9249333618025783,0.7285248164533877,1.0213554809015477,0.9826532350853086,0.9807793460786344,0.99492935402183,439735769137152.0,1073741824,64,0.0001351855753455,32,64,1,256,86218.0,bin_5
368,1.409816354455984,0.445272292962769,1.3371167728910225,1.31736727245152,1.3197132810018957,1.3247324421148126,117235187712.0,2097152,64,0.0125405546277761,32,16,2,128,10602.0,bin_0
369,0.975906702996697,0.5463753733039447,1.1636320514880936,1.081028072629124,1.0709948153235018,1.1052183131469064,13727427207168.0,8388608,16,0.0019652538467198,32,64,4,256,286474.0,bin_2
372,1.166849619525877,0.4292346507108411,1.4130487235670444,1.3523774640634656,1.3265518904663622,1.3639926926989574,1771859189760.0,4194304,32,0.0150072891265153,32,64,1,256,86218.0,bin_1
373,1.105276496054007,0.500692702359369,1.6725134795997292,1.6262549138627946,1.6282442612573504,1.6423375515732914,13633461559296.0,8388608,64,0.0174542441964149,32,64,4,128,286474.0,bin_2
374,1.072647468350117,0.4289520706365944,1.6516257710754871,1.6081976322457194,1.609387063421309,1.6230701555808384,108780667207680.0,268435456,64,0.0304113905876874,64,64,1,128,86218.0,bin_4
375,0.9214694636979632,0.7640609007394722,1.055715810478432,1.014455164782703,1.0157205876894295,1.0286305209835216,217538143715328.0,536870912,64,0.000100561461295,64,64,1,128,86218.0,bin_4
377,1.060644242635303,0.4902177447772686,1.6624564457451925,1.627442873083055,1.6287483349442482,1.6395492179241653,3619295434752.0,8388608,64,0.0185717791318893,128,32,4,256,73610.0,bin_2
378,0.9359973409089736,0.6245167843620224,1.0525959855440306,0.9947058164980264,0.9852420412935315,1.0108479477785297,30030631197696.0,536870912,16,0.0004701364960055,32,16,2,512,10602.0,bin_3
379,1.0465207438705963,0.5,1.6516223659273237,1.61060721706599,1.6102048624306915,1.6241448151413351,1720093710286848.0,536870912,32,0.0188272986561059,128,64,8,128,553482.0,bin_5
380,3.301577791243772,0.5070475309522928,4.409450027394996,4.283764006569982,4.275368824601173,4.322860952855383,27689575931904.0,16777216,128,0.0310149881988763,64,64,4,512,286474.0,bin_3
381,0.9643516989446936,0.332331985034366,2.187108689453453,2.186478490009904,2.1853072308003902,2.186298136754582,3476226699264.0,2097152,256,0.0006691826856695,128,32,8,128,141578.0,bin_1
382,1.0286450308871655,0.3605035823964395,1.1506180520664202,1.0983998160809278,1.0970601798035204,1.1153593493169562,215740569768960.0,67108864,64,0.0003798084508161,128,64,8,256,553482.0,bin_4
383,1.0441647623695631,0.6057991415550938,1.6441417338792237,1.6050497777760029,1.607798890210688,1.6189968006219717,27133508935680.0,67108864,32,0.0450325831770896,64,64,1,256,86218.0,bin_3
384,1.058932283724231,0.5044620921406635,1.6427010905463248,1.6050138473510742,1.6074395794421434,1.6183848391131808,58097197129728.0,268435456,128,0.0057532605715096,32,16,8,256,37002.0,bin_4
385,0.9919843859966372,0.4417153895487228,1.1011736345244572,1.0501817069016397,1.0561555251479149,1.069170288858004,3463382028288.0,33554432,16,0.0013617459917441,64,32,1,128,22634.0,bin_1
386,1.0959171707921522,0.2976038199014389,1.222029080730863,1.175992417614907,1.1753731723874807,1.1911315569110836,3442922422272.0,33554432,16,0.0002524847513996,128,32,1,256,22634.0,bin_1
387,0.9642982945155364,0.7050127187627186,1.980300888651982,1.968042239546776,1.973287671804428,1.9738769333343955,506079833088.0,4194304,32,0.0005718320026062,64,16,4,512,19402.0,bin_0
388,0.9640938336293288,0.5995336299502967,1.1108136351103894,1.061162466648966,1.0634653572924435,1.0784804863505997,216068825604096.0,536870912,256,0.0001337336288997,128,64,1,128,86218.0,bin_4
389,1.431922602631974,0.6122708001874667,1.863486164715141,1.7952224211767316,1.8066346999257803,1.821781095272551,250170451968.0,4194304,16,0.0407949946820735,128,16,2,256,10602.0,bin_0
390,0.9868796872388204,0.5917202052797291,1.255925224540988,1.1331797894090414,1.08672925690189,1.1586114236173064,1812419788800.0,16777216,64,0.0071848132647573,32,16,4,128,19402.0,bin_1
391,0.9543847862634236,0.5886363076958315,2.108218300389126,2.1041732151061296,2.1045422982424498,2.105644604579235,442143166464.0,4194304,16,0.0001221616694238,128,32,1,256,22634.0,bin_0
392,0.9795061306830778,0.571067457234124,1.774738223059103,1.7590205119922755,1.7605351926758883,1.7647646425757555,891798675456.0,8388608,32,0.0002290940028615,64,32,1,256,22634.0,bin_0
393,1.0828651264764226,0.4878232477399143,1.6487627106253058,1.611343950033188,1.6154141640290618,1.6251736082291852,3604346118144.0,16777216,32,0.0156303420662879,64,16,8,256,37002.0,bin_1
395,1.1206165907706618,0.4110914189426094,1.6448908469174055,1.605535864830017,1.6074464032426476,1.6192910383300234,110838452981760.0,1073741824,128,0.0385724082589149,64,32,1,256,22634.0,bin_4
396,1.0729018355524222,0.3196247989224179,1.3176146654877812,1.2736880537122488,1.2616553655825555,1.2843193615941952,438187284480.0,1048576,16,0.0008921584812924,32,32,4,128,73610.0,bin_0
399,1.1098002525942012,0.3672605410462553,1.303608964313753,1.2695897798985245,1.2752346540801227,1.2828111327641334,111449613656064.0,536870912,256,0.0001555270282551,64,32,2,512,39626.0,bin_4
401,0.974141525856594,0.475483135030754,1.136404854914872,1.0446954080834985,1.0340795535594225,1.0717266055192642,7248893414400.0,33554432,16,0.0033698410261422,32,16,8,256,37002.0,bin_2
402,1.1725523647323952,0.675006675423342,1.06155035415577,1.017967602238059,1.0212590503506362,1.0335923355814884,29150972012544.0,1073741824,16,0.0002311836287844,128,16,1,256,6202.0,bin_3
403,1.061452784999536,0.4768017168017167,1.6441662216093391,1.6043393881991506,1.6065718857571485,1.618359165188546,114018962989056.0,1073741824,256,0.0323370732367038,64,16,4,128,19402.0,bin_4
404,3.2298259412669594,0.5191003824218111,5.583887671586126,5.322339739650488,5.375298215076327,5.42717520877098,1133114966016.0,1048576,128,0.0323647148907184,64,64,2,128,152970.0,bin_1
405,1.0350040809263878,0.4452811024953882,1.1352958174829837,1.0891893338412046,1.0989618375897408,1.1078156629713096,55803484581120.0,67108864,16,0.0005669284728355,128,32,8,512,141578.0,bin_4
406,1.0198999716180568,0.3822035129773224,1.7353244523983449,1.7114813905209303,1.7153630703687668,1.720722971096014,114732957696.0,2097152,256,0.0117045426741242,64,16,2,128,10602.0,bin_0
407,0.9707910433633784,0.6083301526515812,1.9775090496987104,1.9675889341160653,1.9744153320789333,1.9731711052979035,3765093273600.0,8388608,256,0.0004938165075145,128,32,4,128,73610.0,bin_2
408,1.0478919171299952,0.3413457371552609,1.6031425481196493,1.5782662332057953,1.5786279439926147,1.586678908439353,7314375352320.0,2097152,32,0.0002966803731396,64,64,8,128,553482.0,bin_2
409,0.9887718152656668,0.5185206927111689,1.128308792169264,1.0826636580750346,1.1002001091837883,1.103724186476029,7499233714176.0,67108864,32,0.0029388561379164,64,16,4,512,19402.0,bin_2
411,1.1480843248429908,0.3562544752425704,1.3859017377253622,1.3541022925637662,1.3611663272604346,1.3670567858498544,116085216033792.0,536870912,128,0.0001351227983832,128,16,8,256,37002.0,bin_4
413,0.9549742039083928,0.5909613305565686,1.0590530677873176,0.9948302053380758,0.9715251508168876,1.008469474647427,439729366130688.0,268435456,256,0.0039110733196139,32,64,4,256,286474.0,bin_5
414,0.9776488052850668,0.6358625285649094,1.1368998993493733,1.0343716265633702,1.0207637562416494,1.064011760718131,29118815950848.0,134217728,16,0.0001731397787807,32,16,8,256,37002.0,bin_3
415,1.0130183541609483,0.3966782450353878,2.2999697038903832,2.301884727552533,2.301302030682564,2.3010521540418267,935139482112.0,1048576,256,0.0138799110427498,128,16,8,256,37002.0,bin_1
417,1.009597129801315,0.431309635690588,1.1189642362151062,1.0554625722579658,1.0605175313539803,1.0783147799423507,28919274301440.0,134217728,64,0.0007026081439107,64,16,8,256,37002.0,bin_3
418,0.9675300647974608,0.5849914450628736,1.0771067013265565,1.0361267300322652,1.03160784766078,1.0482804263398673,108860524904448.0,268435456,256,0.0059738527052104,64,64,1,128,86218.0,bin_4
419,1.2571796219126794,0.3692853561782133,1.23106362260296,1.1943627772852778,1.1906576221808791,1.2053613406897057,13709607595008.0,16777216,16,0.0005918554379604,128,64,2,512,152970.0,bin_2
420,1.279787819255338,0.38031487427916,1.2177383734378964,1.179024272132665,1.1824639714322984,1.193075539000953,29125960310784.0,1073741824,128,0.0001423266658093,128,16,1,256,6202.0,bin_3
421,1.010942178780262,0.3189103180769846,1.1768815140530933,1.1266164779663086,1.1361298221163452,1.1465426047119156,6803946061824.0,67108864,32,0.0003819340490736,128,32,1,256,22634.0,bin_2
422,1.0378748685558783,0.3677440870417061,1.699633606011048,1.675040372647345,1.680859500542283,1.6851778264002253,1740099686400.0,4194304,256,0.0055785519070923,64,32,2,512,39626.0,bin_1
423,1.0629551016119196,0.5115954878454878,1.6458360509714112,1.604797437787056,1.6071119727566838,1.619248487171717,895813583557632.0,1073741824,32,0.0052461172454059,32,32,8,512,141578.0,bin_5
424,0.9719388304978572,0.4160401939330511,1.1006705535692165,1.0227385759353638,1.0150672299787402,1.0461587864944402,434095201311744.0,134217728,16,0.0001101816233131,64,64,8,512,553482.0,bin_5
426,0.9824589092523132,0.4924236429355477,1.7741369646973908,1.7582039730623364,1.7591213090345263,1.763820748931418,1698902667264.0,16777216,64,0.0004277690895833,128,32,1,256,22634.0,bin_1
427,1.0828399901243115,0.3339419374716993,1.652132690884173,1.6129264226183295,1.61511464510113,1.6267245862012107,108623163439104.0,33554432,128,0.0023729507811367,128,64,8,256,553482.0,bin_4
428,1.047753200962965,0.5125568351401685,1.6542319739237428,1.6108030192553997,1.6122905584052205,1.6257751838614545,108978987847680.0,33554432,32,0.0157600175589323,64,64,8,256,553482.0,bin_4
429,1.082208222627681,0.5002688083521417,1.6463317921152338,1.6058509731665254,1.611063500866294,1.6210820887160178,109284617597952.0,67108864,32,0.0220973659306764,64,64,4,512,286474.0,bin_4
430,0.9315597919859918,0.6525530316244602,1.0946840736505692,1.0173508985899389,0.9999192534014584,1.0373180752139888,14635372584960.0,268435456,64,0.0011115799425169,32,16,2,256,10602.0,bin_3
431,0.9287888885339236,0.7093392982678698,1.0591554010825348,1.0047342055477202,0.9964409261010588,1.0201101775771046,29875377282048.0,536870912,16,0.0113379592075943,64,16,2,512,10602.0,bin_3
434,0.9427898327998956,0.6130823915942963,1.1298641121102264,0.9950964809395372,0.9566706251353024,1.027210406061689,1747397298868224.0,536870912,256,0.0001000722040771,32,64,8,128,553482.0,bin_5
435,0.9721928678346512,0.376717142645714,2.1607084826100618,2.156212351284921,2.155982762575149,2.157634532156711,1884976324608.0,2097152,128,0.0075736762955784,128,32,8,256,141578.0,bin_1
436,0.9556168552929885,0.3431164950569712,1.059296877356246,1.0122476955875754,1.0153944152407348,1.0289796627281855,111068458983936.0,268435456,64,0.0021247605327516,128,32,4,512,73610.0,bin_4
437,1.0044131291734315,0.3730046840284935,2.322775552049279,2.3228177186101675,2.3232719600200653,2.322955076893171,862449125376.0,2097152,128,0.0001179215250886,128,32,2,512,39626.0,bin_0
438,0.9738273504340148,0.6070513705870849,1.0946913686057087,1.0327388462610545,1.0324482950381937,1.0532928366349854,231380872876032.0,1073741824,256,0.0002895100042223,64,16,8,256,37002.0,bin_4
439,1.2008392521005786,0.4334848123657647,1.27311917609768,1.2397452020086348,1.232328245881945,1.24839754132942,2131367903232.0,4194304,256,0.0063606463372707,32,64,1,256,86218.0,bin_1
440,1.0638024745929868,0.5,1.6468702463898808,1.6059136167168615,1.6077871825546026,1.6201903485537816,221989896781824.0,1073741824,16,0.0161641798913478,32,32,2,128,39626.0,bin_4
441,0.9832708666669816,0.3930048941358464,2.249976600985974,2.2492100410163403,2.2497308272868395,2.249639156429718,916781451264.0,4194304,256,0.0006958392332307,128,16,8,128,37002.0,bin_1
442,0.9801158496058796,0.2928118750737798,2.260037364438176,2.261000582948327,2.260403512045741,2.2604804864774146,1192112243712.0,1048576,64,0.0004075466713402,32,32,8,512,141578.0,bin_1
444,1.2925708209017264,0.5616023848285753,1.7318668434163556,1.7065158849582076,1.7060907976701856,1.714824508681583,156148494336.0,1048576,64,0.0191102940589189,128,32,1,128,22634.0,bin_0
445,1.4302597823360916,0.6902322844703797,1.997494830749929,2.0103773791342974,2.061484521254897,2.023118910379708,219638931456.0,2097152,64,0.0209349170327186,128,32,1,256,22634.0,bin_0
446,1.80550046867847,0.535304522637856,2.327578769880347,2.231533957179636,2.258867075666785,2.272659934242256,1299469615104.0,2097152,256,0.0247513931244611,32,32,4,256,73610.0,bin_1
447,1.3026458671735954,0.4482818182699135,1.2869271577801555,1.2574489661492407,1.2600078131072223,1.2681279790122062,3678046187520.0,33554432,128,0.0057818759232759,128,16,4,256,19402.0,bin_2
448,1.273364313104913,0.4194720700375462,1.3718580667627975,1.3511842270381749,1.3796410784125328,1.3675611240711685,439535339212800.0,536870912,16,0.0053925425745546,32,64,2,512,152970.0,bin_5
449,0.5431151031946045,0.8520149762054525,1.0342842051322805,0.9151887975167484,0.9096414968371392,0.9530381664953892,119697036616704.0,1073741824,16,0.0006143761565908,32,16,4,512,19402.0,bin_4
450,0.9580264837677558,0.60915988332655,1.3540258278371766,1.3001995477825403,1.3029513363726437,1.3190589039974536,13868272880640.0,33554432,64,0.0084039401262998,128,32,4,256,73610.0,bin_2
452,1.0501507867184736,0.5038181725681725,1.6470457781106234,1.6083600539714098,1.609851634129882,1.621752488737305,873764712271872.0,268435456,256,0.0086170947179198,32,64,8,128,553482.0,bin_5
454,1.1538122689665575,0.609446629208534,1.223848704888951,1.182817648164928,1.186403000727296,1.1976897845937249,57665204465664.0,268435456,64,0.0001147648654296,64,16,8,256,37002.0,bin_4
455,0.99447478157988,0.3617612854517616,1.9152952425647527,1.901037155650556,1.9057937311008573,1.907375376438722,257212904448.0,2097152,256,0.0119894985109567,128,16,1,512,6202.0,bin_0
457,1.0472563878080543,0.4333380746237889,1.1518274417321663,1.106419845018536,1.1144585418514907,1.124235276200731,868760754438144.0,536870912,256,0.0001174372591776,128,64,4,256,286474.0,bin_5
458,0.2817296823993607,0.9884099256123068,0.9573020207535592,0.8968825072515756,0.89654605765827,0.9169101952211348,874243662827520.0,536870912,16,0.0006261128582991,32,64,4,128,286474.0,bin_5
459,0.9441379226247948,0.7587671407076169,1.140722347132396,1.0728100962005556,1.0680349338799715,1.0938557924043075,13612149424128.0,16777216,128,0.0015544042689725,32,64,2,128,152970.0,bin_2
460,0.9278380166983474,0.7295340343078438,1.054805457693874,0.9987567411735654,0.99325791047886,1.0156067031154332,14993636241408.0,268435456,64,0.0068791448138654,32,16,2,512,10602.0,bin_3
461,0.9746811848387754,0.6006657870348348,1.1269414163252804,1.055443000048399,1.0538720851764083,1.0787521671833626,215488535095296.0,134217728,128,0.0017285874346271,128,64,4,256,286474.0,bin_4
463,1.057385031535177,0.4942911255411255,1.6516565571073445,1.6086937012150884,1.6096451440826058,1.6233318008016795,1721116504903680.0,536870912,16,0.0093179978430271,128,64,8,128,553482.0,bin_5
464,0.9891108768915382,0.3180775014227394,1.1059821085946169,1.0620537581853569,1.0856347605586052,1.0845568757795263,1757149489152.0,16777216,16,0.0065783862955868,64,32,1,256,22634.0,bin_1
465,0.2335200569267458,0.9891323500133024,0.9005392265098635,0.8723736063111573,0.878184475004673,0.8836991026085647,3458671156580352.0,1073741824,32,0.0005022384575568,64,64,8,128,553482.0,bin_5
466,0.9847694080090136,0.3442159326564089,1.9438714894931763,1.9325104784220457,1.9349462585523725,1.937109408822532,894523023360.0,1048576,128,0.00199616397731,32,32,8,128,141578.0,bin_0
467,1.0823527986510335,0.5949147298909204,1.1129040872401674,1.0791696459054947,1.081448440439999,1.0911740578618871,435193877544960.0,536870912,128,0.0085529061034321,64,64,2,512,152970.0,bin_5
469,1.0167104635921245,0.339328370923609,1.7843538539018482,1.7693320093676448,1.7713348045945168,1.775006889288003,6955631763456.0,8388608,64,0.0001193603675346,32,32,8,128,141578.0,bin_2
471,1.058888848024822,0.5035913099246433,1.6467247288674116,1.6075514163821936,1.608951142989099,1.6210757627462349,439608741285888.0,536870912,256,0.0295836459845304,64,32,8,128,141578.0,bin_5
472,0.9551244782606232,0.5490135856207284,1.0841888514260063,0.9952347632497548,0.9678453770466148,1.0157563305741253,55307793678336.0,134217728,64,0.0007887738174758,32,32,4,128,73610.0,bin_3
473,1.0833893477667005,0.4964927849927849,1.6542917491169646,1.6110241543501616,1.613060780800879,1.6261255614226684,55666918533120.0,268435456,32,0.047684222459793,64,32,2,512,39626.0,bin_4
474,1.2435665736005015,0.346654444321111,1.3822885890840553,1.3509671660140157,1.3359957276843488,1.356417160927473,69702561792.0,2097152,64,0.0252821017056703,32,16,1,256,6202.0,bin_0
475,0.9869139488353904,0.4614246022936499,2.225529172224924,2.2261277865618467,2.225899225100875,2.225852061295882,962071240704.0,2097152,256,0.0001672357611823,64,64,1,256,86218.0,bin_1
476,1.0886137593397216,0.5730560048417191,1.6530822892673314,1.609185584820807,1.6130425669252872,1.6251034803378086,905893681152.0,8388608,32,0.0160819105803966,32,16,4,128,19402.0,bin_1
477,1.0879480173303178,0.4276193528693528,1.667189811123535,1.6278546852990985,1.633660826832056,1.64290177441823,13802912907264.0,4194304,32,0.0034019243903458,32,64,8,256,553482.0,bin_2
478,1.0483423890983228,0.5787005375576805,1.6475345592480153,1.6115098828449843,1.61311115603894,1.62405186604398,7150763550720.0,67108864,16,0.0128335747867822,128,16,4,128,19402.0,bin_2
479,0.9793690880749172,0.4875254049301669,2.21440910641104,2.2138450164347887,2.2207970563322306,2.216350393059353,16191153825792.0,8388608,256,0.0001811776310205,64,64,4,512,286474.0,bin_3
480,0.4864851717109776,0.9466132513870608,0.979124896839494,0.9252502773888408,0.915577835170552,0.9399843364662956,439230141702144.0,536870912,32,0.0013436356093734,32,64,2,256,152970.0,bin_5
481,1.0655938272971133,0.3962571299952253,1.5946969676297158,1.5639143018051982,1.565432052128017,1.5746811071876436,894938548224.0,16777216,64,0.0009060048614628,128,16,2,128,10602.0,bin_0
482,0.3640261202509812,0.9563285471142614,0.9321241091129197,0.890828522387892,0.8918411012273282,0.9049312442427132,442440100988928.0,536870912,16,0.0004232081992086,32,32,8,128,141578.0,bin_5
484,0.9755726898465028,0.5110485277509087,1.1394723363628143,1.0871382202021778,1.090430117212236,1.1056802245924091,55018979426304.0,67108864,32,0.0001059283022186,64,32,8,128,141578.0,bin_3
485,1.1602864434585076,0.5161140719950243,1.3056884481338784,1.2731885048560798,1.270608195103705,1.283161716031221,28034807820288.0,16777216,128,0.0003799934056587,32,64,4,256,286474.0,bin_3
486,0.4951190150511916,0.900933144456954,1.0431099650231772,0.924500070977956,0.9117623039055616,0.9597907799688984,232294491623424.0,1073741824,32,0.0002528999757487,32,16,8,256,37002.0,bin_4
487,1.2275255062590364,0.4153049230311134,1.2259179551911077,1.1811286890879271,1.172276850324124,1.1931078315343864,3683052195840.0,67108864,64,0.0003742206026799,32,16,2,256,10602.0,bin_2
488,1.0127921935048894,0.3587006472363614,1.8314067050814629,1.8166972128674388,1.824495241045952,1.824199719664951,27814732369920.0,134217728,256,0.0001524545805295,128,32,2,256,39626.0,bin_3
489,1.0680175118548012,0.5,1.6487477084156126,1.613775028847158,1.618895372375846,1.6271393698795389,59460166685184.0,536870912,16,0.030695118010044,64,16,4,512,19402.0,bin_4
490,0.9935260826044536,0.4956529814982196,1.227309753652662,1.182479852810502,1.1953486446291208,1.201712750364095,28325235188736.0,67108864,64,0.0004079650971107,64,32,4,512,73610.0,bin_3
491,0.9612000104283388,0.6442490212609261,1.0801299759623362,1.0300504537299275,1.028817026410252,1.0463324853675051,110186390495232.0,268435456,32,0.0001659713598201,32,64,1,512,86218.0,bin_4
492,1.3012134787950966,0.5745996635639493,1.748114878195338,1.713917820714414,1.7251816540956495,1.7290714510018006,2257378713600.0,4194304,256,0.0144369537010788,64,64,1,512,86218.0,bin_1
494,1.0642917209947202,0.5693512492798207,1.6480414883699268,1.6075331214815378,1.6085778437554836,1.6213841512023162,111258791192064.0,134217728,32,0.0072728893719613,64,32,8,512,141578.0,bin_4
496,0.979917623390676,0.4996081264414597,1.1080156763346167,1.0501618459820747,1.0491741667501628,1.0691172296889515,27069125971968.0,67108864,32,0.0014398727798834,128,64,1,256,86218.0,bin_3
497,1.0242712374845695,0.6239591916020487,1.813027986325324,1.7930404748767614,1.7955147624015808,1.800527741201222,29094555205632.0,67108864,128,0.0002722331264521,128,32,4,512,73610.0,bin_3
498,0.9503178488646724,0.5316827837065933,1.0765926497551843,0.9861354785971344,0.9734211605973542,1.0120497629832244,876592151519232.0,268435456,128,0.0007967552519403,32,64,8,512,553482.0,bin_5
499,1.0840366079452866,0.3432464114368876,1.6382811402436346,1.5991100883111358,1.6082888580858707,1.6152266955468804,203204898816.0,4194304,256,0.0198228694498538,128,16,1,256,6202.0,bin_0
501,1.596763575206455,0.257000632524442,1.2808704375347588,1.2331735361367464,1.230118092149496,1.2480540219403338,884370413568.0,8388608,16,0.0169629529118537,32,32,1,256,22634.0,bin_0
502,0.629475648756561,0.9314109461966604,0.997082741720078,0.9373008178081365,0.9344016080722212,0.9562617225334784,222120323383296.0,1073741824,64,0.0007993265171535,32,32,2,128,39626.0,bin_4
503,1.3193322650735704,0.2325389341698865,1.1732124048285186,1.1315393266268077,1.136370066087693,1.1470405991810064,7219352830464.0,33554432,16,0.0016855280846357,128,16,8,256,37002.0,bin_2
505,0.9512159647403584,0.630326668921907,2.154703117441386,2.152161743491888,2.155702892690897,2.154189251208057,1243496091648.0,2097152,128,0.0002747377147898,32,32,4,512,73610.0,bin_1
506,1.0929320194062384,0.4947455507455507,1.679420331842266,1.6299392702057958,1.6311711929738522,1.646843598340638,54818893111296.0,16777216,128,0.0307054091244936,32,64,8,128,553482.0,bin_3
507,0.3405281247457833,0.9580298127798128,0.9960857103360468,0.9075713627971708,0.8930737958289683,0.9322436229873952,1748137148301312.0,1073741824,256,0.0015137987211346,32,64,4,128,286474.0,bin_5
508,1.0586368556234744,0.4615769473031378,1.6965812100097537,1.661250432021916,1.6668395586311815,1.6748904002209504,805699964928.0,1048576,128,0.0460448749363422,128,32,2,512,39626.0,bin_0
509,1.0457257849653565,0.255335219454267,1.235018468403723,1.186693990137428,1.188846340868622,1.2035195998032575,7043483289600.0,16777216,128,0.0026723346672952,128,32,4,128,73610.0,bin_2
510,1.0788105815624982,0.5099215577191768,1.6437449358636511,1.6030324334278705,1.607272212393582,1.6180165272283678,1736450799538176.0,1073741824,256,0.0173553340137004,64,64,4,256,286474.0,bin_5
511,0.9683479470039056,0.623161995852472,1.0893038788199192,1.0389920230954883,1.0292492993175983,1.0525150670776686,3621315870720.0,134217728,64,0.0171481985598802,32,16,1,128,6202.0,bin_2
512,1.0610393107556462,0.556331844742559,1.5122020506532865,1.4715834129601717,1.4585056696087122,1.4807637110740568,109985667723264.0,536870912,256,0.0226425193250179,128,32,2,256,39626.0,bin_4
513,0.479968955658367,0.8829074730384253,0.9434184121673752,0.9109366175252944,0.9202098776586354,0.9248549691171016,1726347714293760.0,1073741824,16,0.0005694462452083,128,64,4,512,286474.0,bin_5
514,0.9823857898686734,0.3713704884181075,1.1469020874937996,1.0884078508242965,1.092845764476806,1.1093852342649673,27659415177216.0,33554432,16,0.0005074763321317,128,32,8,256,141578.0,bin_3
515,1.17216162158757,0.3531955535646012,1.3330488393548876,1.306168311741203,1.3093154169619083,1.3161775226859995,953223300096.0,33554432,16,0.0002307578397449,32,16,1,512,6202.0,bin_1
516,1.0444368677436118,0.5104706404706405,1.6428881851024926,1.6057635471224785,1.6090301536023617,1.6192272952757776,1724550367368192.0,536870912,32,0.0249281711876392,128,64,8,256,553482.0,bin_5
517,0.95788976273113,0.5427896635991875,1.1761014079820598,1.1007563108578324,1.089212232735008,1.1220233171916334,3439402475520.0,8388608,64,0.0013397361617535,32,32,4,128,73610.0,bin_1
518,0.981658583483456,0.7445983086578324,1.1340368953970028,1.0596691109240055,1.0523266945965588,1.0820109003058558,6890186563584.0,16777216,16,0.0007855368312448,32,64,1,256,86218.0,bin_2
519,1.2705051951223405,0.3450524338976721,1.7433645764831454,1.6913501033559442,1.707102001644671,1.71393889382792,956834572800.0,1048576,16,0.009640141390264,128,32,8,256,141578.0,bin_1
520,0.9586868198682318,0.5790811450454307,1.986049283994361,1.9776240168139336,1.9787547457963228,1.980809348868206,875796971520.0,8388608,64,0.0002590833173599,64,32,1,256,22634.0,bin_0
521,0.999878568399315,0.2596963107439298,1.164747571456246,1.111153463833034,1.1175096831284463,1.1311369061392422,866569850880.0,8388608,16,0.0005980008281767,64,32,1,128,22634.0,bin_0
522,0.9783189582812014,0.4029183598588361,2.258941287640482,2.2575580403208733,2.2556771896779537,2.2573921725464365,257597263872.0,4194304,256,0.0002161551383323,64,16,2,128,10602.0,bin_0
524,0.9706150605991448,0.6230542094589714,1.0822279853455257,1.0316786714829504,1.0308478074148295,1.048251488081102,1838580455424.0,67108864,16,0.0021528850775212,32,16,1,256,6202.0,bin_1
525,1.0894812496274795,0.4592512161559781,1.6621208862634376,1.6178774377331138,1.6196583034470675,1.6332188758145396,1731560841216.0,4194304,32,0.0132068237289786,32,32,4,128,73610.0,bin_1
528,1.074338899647301,0.3054220928982833,1.43255507980939,1.4084453214891255,1.4067229954525828,1.4159077989170328,55379966324736.0,67108864,256,0.0002606965717859,32,64,2,512,152970.0,bin_3
529,1.1405677476735303,0.4585869020749973,1.740741871180944,1.713008706457913,1.7250650255009532,1.72627186771327,4429276372992.0,1048576,256,0.0179174561053514,32,64,8,256,553482.0,bin_2
531,1.0009066439994727,0.395017302803017,2.04623825638555,2.0374010913074017,2.0402593882754445,2.041299578656132,7688798714880.0,33554432,256,0.0004915044410154,64,16,8,256,37002.0,bin_2
532,0.9689243778590554,0.6082724325938611,1.984588434919715,1.9753584852442143,1.9820280643180013,1.980658328160644,495313127424.0,1048576,64,0.0010092939483001,64,32,4,256,73610.0,bin_0
533,0.9370005654924768,0.5612665738141929,1.0889299264235888,1.034867801703513,1.0294418460689485,1.05107985806535,14368983982080.0,536870912,256,0.0380910485982894,64,16,1,128,6202.0,bin_3
534,1.12211132303035,0.3741702072178263,1.3041897887014784,1.2683077440597117,1.2651893394067883,1.279228957389326,1855147708416.0,8388608,32,0.00166246376466,64,32,2,512,39626.0,bin_1
535,0.9915958509685436,0.3975489536918108,1.2906265266356058,1.2533101341687145,1.2530955686233938,1.265677409809238,1923465652224.0,67108864,128,0.0301952231675386,128,16,1,512,6202.0,bin_1
536,0.9428861103002748,0.6785963586677872,1.1766525136335986,1.0962112434208393,1.089554947335273,1.1208062347965704,6818601615360.0,33554432,128,0.0017981888959184,64,32,2,128,39626.0,bin_2
537,0.9203952688274948,0.724126552019409,1.0214346767606912,0.9701968885492532,0.9641682733781636,0.985266612896036,219773939816448.0,1073741824,16,0.0001072375816875,64,32,2,128,39626.0,bin_4
538,1.0776687802667564,0.4899976874976874,1.6475373287685215,1.6054196562618015,1.6092077940702438,1.6207215930335224,232284444804096.0,1073741824,16,0.0077034905552864,32,16,8,256,37002.0,bin_4
539,1.0606153960323677,0.6301338934434173,1.2135400414845208,1.1268306621350348,1.1025152504444122,1.147628651354656,1834823467008.0,16777216,32,0.003924477379769,32,16,4,256,19402.0,bin_1
541,1.1165922833810693,0.3410220048910524,1.7260588466888294,1.6744144354015589,1.6816045306622982,1.6940259375842288,1787978803200.0,2097152,64,0.0093263061717152,128,32,8,128,141578.0,bin_1
542,1.013669152716051,0.3477580787818883,1.7301525343209505,1.7097811410203576,1.7150138290598989,1.7183158348004024,2013002698752.0,67108864,256,0.001184843131341,64,16,1,512,6202.0,bin_1
543,1.0531340711094972,0.5016602806364711,1.6516674817539752,1.6099074371159077,1.609412251971662,1.623662390280515,219650303471616.0,268435456,128,0.0235116574913263,64,32,8,128,141578.0,bin_4
544,1.0048997577707728,0.3410098640336735,2.0646533886902034,2.058126084506512,2.064507740549743,2.06242907124882,831258255360.0,2097152,256,0.0020716832950711,128,32,2,256,39626.0,bin_0
545,1.1340327468244096,0.3574333876000543,1.4018004052340984,1.371586206369102,1.374504942446947,1.3826305180167158,15043453913088.0,268435456,256,0.0003339282702654,32,16,2,512,10602.0,bin_3
547,1.0398381856551209,0.4938639200305866,1.6482892842032015,1.6132369516417384,1.615916771814227,1.625814335886389,27698106734592.0,67108864,64,0.0279904343187809,128,32,4,256,73610.0,bin_3
548,1.0929808612105507,0.3912405817286769,1.7280841552419588,1.701815851032734,1.7131074024364352,1.7143358029037092,3852966543360.0,1048576,64,0.002321946201846,64,64,8,256,553482.0,bin_2
550,0.9424040347870716,0.5784553273005654,1.1061684486849117,1.0006732176989317,0.9644687534309924,1.0237701399382786,110821455175680.0,268435456,64,0.0003520021273288,32,32,4,128,73610.0,bin_4
551,0.9791268804396844,0.2919578701721558,2.269158508162945,2.270077032968402,2.2694261763244867,2.2695539058186114,14440315410432.0,16777216,128,0.0001759473670972,128,32,8,512,141578.0,bin_3
553,0.9606364929278244,0.6104725904606857,1.0611359476970392,1.0134725337848067,1.01597766764462,1.0301953830421553,27774335969280.0,134217728,32,0.0020213879179209,64,32,2,512,39626.0,bin_3
554,1.1532499805861027,0.591280319768415,1.3683140340726825,1.3410074077546597,1.3443869706243277,1.35123613748389,1812600526848.0,16777216,32,0.0007396048749797,64,16,4,256,19402.0,bin_1
556,1.0800506203670637,0.4896508299901157,1.7025416046380997,1.6548992842435837,1.663112910464406,1.6735179331153631,6991973855232.0,8388608,64,0.0151030188426375,128,64,2,128,152970.0,bin_2
558,1.0735495918010336,0.3329163336663336,1.4994367264444008,1.4756697500124574,1.4792294753715396,1.484778650609466,223082473918464.0,67108864,256,0.0003263285034336,64,64,8,512,553482.0,bin_4
559,1.072836727356431,0.5009424464424465,1.6465575809124855,1.6053708093240855,1.6086167553439736,1.620181715193515,58098453590016.0,268435456,16,0.0187968276441097,32,16,8,256,37002.0,bin_4
562,0.977786931551765,0.4029183598588361,2.256248727440834,2.254791157320142,2.2529343720525503,2.254658085604509,525532348416.0,8388608,256,0.0001309375365963,32,16,2,256,10602.0,bin_0
563,0.9376460739806132,0.7207076596243264,1.0568504666662193,1.0129876341670752,1.011037201154977,1.0269584339960904,27716040388608.0,268435456,128,0.0033863405697047,64,32,1,256,22634.0,bin_3
564,0.9714901815494904,0.5736987205915778,1.2678137285402045,1.2313380506820977,1.239166744519025,1.2461061745804425,13690357039104.0,33554432,64,0.0082229431718587,128,32,4,128,73610.0,bin_2
565,0.9603590278496748,0.4404832143165476,1.013311005808646,0.9749883699696512,0.9726765947416424,0.9869919901733132,55522624229376.0,268435456,32,0.0118751851841807,32,32,2,128,39626.0,bin_4
566,1.0851445209144874,0.4551678105844772,1.6475007554981858,1.6085623623803258,1.6144895916804671,1.623517569852993,27945337820160.0,134217728,32,0.014085411094129,128,32,2,512,39626.0,bin_3
567,0.9710618486051292,0.6488237679428156,1.1178407656116178,1.0713159032166004,1.07240931969136,1.0871886628398597,27324678955008.0,67108864,128,0.0047827796079218,128,64,1,128,86218.0,bin_3
569,1.0798931694518057,0.3889416326618707,1.723161907750182,1.686435878276825,1.6867391634732485,1.6987789831667517,14784884951040.0,4194304,128,0.0046585611999034,128,64,8,128,553482.0,bin_3
571,1.1083831939048665,0.3731543883805788,1.6910299992887303,1.8998294109478595,2.0898225158452988,1.893560642027296,254696005632.0,1048576,32,0.0150668956339359,32,32,2,256,39626.0,bin_0
573,0.9554518269983318,0.462341837615647,1.0410130306408971,0.997380532324314,1.0010928506962955,1.013162137887169,110066988417024.0,268435456,256,0.002838933141902,128,32,4,128,73610.0,bin_4
576,0.9887190716387928,0.3931712401355258,2.23159216158092,2.2300790399312973,2.230660045519471,2.2307770823438964,618895257600.0,2097152,64,0.0004426696687005,32,16,8,512,37002.0,bin_0
577,1.000480114619874,0.3463795283200044,1.9195117054041475,1.9104883605614305,1.9130646288394928,1.914354898268357,1182702587904.0,2097152,64,0.0008483377168886,64,64,1,512,86218.0,bin_1
578,1.0020454523728155,0.3481707494445589,1.962755982065573,1.954826352186501,1.9579754564911127,1.9585192635810624,7238361526272.0,16777216,64,0.0002038233942585,128,64,1,512,86218.0,bin_2
579,0.9328355495024248,0.7077876396090682,1.0594945304983412,0.9644499425776304,0.9422173136845232,0.9887205955868316,879320869109760.0,1073741824,64,0.0002927014720626,32,64,2,512,152970.0,bin_5
580,1.001964163953846,0.3516455215859977,2.002680259058252,1.9946242617443204,2.001868979074061,1.9997244999588777,868716708864.0,4194304,16,0.0003778153622988,128,32,2,512,39626.0,bin_0
581,0.97953016972491,0.3472352651757414,1.9817658381070944,1.970791444182396,1.97459432668984,1.9757172029931096,32936835072.0,1048576,32,0.0017452877946197,64,16,1,256,6202.0,bin_0
582,0.9684839534767375,0.3581802276207038,2.0371892077382654,2.030066513456404,2.031810517422855,2.0330220795391747,2056829761536.0,2097152,256,0.0022101232316344,64,32,8,128,141578.0,bin_1
583,1.0241062060931734,0.60664080672414,1.6551741322036833,1.630977062508464,1.6308864215388894,1.6390125387503456,14116482785280.0,33554432,64,0.0001493878371547,32,32,4,512,73610.0,bin_3
584,1.1655670121913368,0.5203392141368332,1.1896597150771413,1.1408079070970416,1.1441177329979837,1.1581951183907222,54651623510016.0,33554432,32,0.0003190020506735,64,64,4,512,286474.0,bin_3
586,1.055666732421786,0.5120586450586452,1.6441434556618333,1.6042319862172008,1.606584548950195,1.6183199969430764,3463746478030848.0,1073741824,128,0.0117381336167454,64,64,8,256,553482.0,bin_5
587,1.085589255528201,0.4970040515040514,1.6541150562698022,1.6088268226012588,1.612548106350005,1.625163328407022,55432939327488.0,67108864,16,0.0163343157619237,32,32,8,256,141578.0,bin_4
588,1.250840994643442,0.3760233285233285,1.2228789583023172,1.185449631884694,1.185675930697471,1.198001506961494,1801850830848.0,67108864,64,0.000337191770086,64,16,1,128,6202.0,bin_1
589,0.977369572191608,0.3647813716266097,2.004522184841335,1.9989476092159748,2.003414874896407,2.002294889651239,7083235835904.0,2097152,32,0.0001490248396294,128,64,8,512,553482.0,bin_2
590,1.1799410122385907,0.3466322553108267,1.5734110394259917,1.538907803595066,1.5493234684690833,1.5538807704967137,58302852096.0,2097152,16,0.0076371189206838,128,16,1,256,6202.0,bin_0
591,1.0007824756695385,0.5942762643000737,2.138223021524027,2.1291498970240355,2.1279689725488424,2.131780630365635,3886925563392.0,4194304,256,0.0185095220804214,128,32,4,512,73610.0,bin_2
592,1.006192593391036,0.6311083832393356,1.7180992958601564,1.6914853071793914,1.6959670297801497,1.7018505442732323,1803894988800.0,16777216,64,0.0002432484179735,64,16,4,128,19402.0,bin_1
593,1.0480729688459045,0.3884601452339547,1.6478505707345903,1.6087037967517972,1.6097834445536137,1.6221126040133338,13850755129344.0,134217728,128,0.047154601663351,64,32,1,128,22634.0,bin_2
595,0.9769226050310084,0.5529578314102124,1.2630762258922914,1.1817977647297084,1.1563609233126044,1.2004116379782015,6871919026176.0,16777216,64,0.0087271761149168,32,64,1,512,86218.0,bin_2
596,1.0075498822959257,0.3415666868404963,2.0563368131406605,2.04966289550066,2.0560459615662694,2.05401522340253,499712237568.0,2097152,128,0.0006983614875935,32,32,2,256,39626.0,bin_0
597,0.9659251158993462,0.6693248880748882,1.129156031740422,1.0805397457443178,1.0821522632613778,1.097282680248706,7089898254336.0,67108864,32,0.0026527119334787,128,32,1,512,22634.0,bin_2
598,0.9950005628897864,0.3946191929763357,2.010241657262668,1.999640521593392,2.002406857907772,2.004096345587944,485963446272.0,2097152,32,0.0015403667930513,128,16,8,128,37002.0,bin_0
599,0.9835678607237458,0.3494520563211039,2.129322231048718,2.127198453061282,2.128029322251677,2.1281833354538926,3639483107328.0,8388608,128,0.0002894429198931,128,64,1,512,86218.0,bin_2
600,1.0268021442255983,0.3965906289477718,1.972138945478946,1.9597381204366684,1.9643948711454868,1.9654239790203671,473099231232.0,2097152,64,0.0017717537702992,64,16,8,128,37002.0,bin_0
601,1.083419786752302,0.5,1.6494878930971026,1.6073480304330587,1.6107709938660264,1.622535639132063,862471226044416.0,1073741824,16,0.0333518385887146,128,64,2,128,152970.0,bin_5
602,1.0613493450333802,0.3180738776214967,1.6057318763341757,1.5669240774586797,1.56628842279315,1.5796481255286683,3643155744768.0,8388608,128,0.0045431680046021,128,32,4,256,73610.0,bin_2
603,1.006829612574936,0.3469046407736884,1.9234901093877848,1.91260904725641,1.920279009267688,1.918792721970628,448985284608.0,2097152,32,0.0002481776173226,64,32,2,128,39626.0,bin_0
605,1.191180203525472,0.3029334091834091,1.2485372012597509,1.2156521170400083,1.221508513670415,1.228565943990058,14287155271680.0,16777216,64,0.0009828869951888,128,64,2,256,152970.0,bin_3
606,0.9525171581928076,0.4143152055175865,1.0424372013731045,1.0033332956954837,1.0029021757654846,1.0162242242780242,29356865869824.0,1073741824,16,0.0184252057224512,32,16,1,256,6202.0,bin_3
607,1.0354710952546526,0.4068625699697128,1.8938308882061392,1.8773727314546704,1.882205159403384,1.8844695930213973,1845544751616.0,8388608,16,0.0003204390814062,32,16,8,512,37002.0,bin_1
609,0.8809489444081505,0.7669583551369265,0.9931852092631744,0.9450918701477348,0.9459941061213611,0.9614237285107567,861234739937280.0,1073741824,32,0.0002935582888312,128,64,2,128,152970.0,bin_5
610,0.951500591241506,0.6740849613349612,2.198977602180093,2.198025893419981,2.20079305395484,2.1992655165183046,990203440128.0,2097152,128,0.000274411169812,128,32,4,256,73610.0,bin_1
612,1.282858787435941,0.5069723466568704,3.3437129626981914,3.178880625404417,3.1258167792111635,3.2161367891045907,2031033065472.0,1048576,64,0.0367173515260219,32,64,4,128,286474.0,bin_1
613,1.0370412544919756,0.3188071809143237,1.1788617402489765,1.1290329950861633,1.1341613032855091,1.1473520128735497,27150087487488.0,67108864,128,0.0001597856607986,64,64,1,128,86218.0,bin_3
614,1.0309619865353454,0.3452535251344775,1.6082025587093085,1.5844003604725003,1.588651642203331,1.5937515204617132,3563528196096.0,16777216,64,0.0003435982216615,128,32,2,128,39626.0,bin_1
615,0.9740117004222836,0.3488717398122159,2.064367365790531,2.05639979429543,2.058914854191244,2.059894004759068,65705687040.0,2097152,128,0.0040302132256329,64,16,1,512,6202.0,bin_0
616,1.0933895107324862,0.4261068873806968,1.2955486329155974,1.2122685043141246,1.191852115560323,1.2332230842633485,6937426077696.0,33554432,32,0.0106644229963421,128,32,2,256,39626.0,bin_2
617,1.0918769390226764,0.3807146623218051,1.8007443302776664,1.778172300197184,1.7879687836393714,1.7889618047047406,1320115531776.0,4194304,256,0.0217370986938476,32,16,8,512,37002.0,bin_1
620,0.9443960325243218,0.4767220024243834,1.021573599507974,0.9732166174799204,0.9723713230341672,0.9890538466740204,113111260286976.0,1073741824,128,0.0154388174414634,32,32,1,512,22634.0,bin_4
621,0.9599110367533964,0.5139478625431005,1.0318813815174508,0.9923857850953935,0.9925323980860412,1.0055998548996286,28742318469120.0,1073741824,256,0.0036311736330389,128,16,1,128,6202.0,bin_3
622,0.9988813244146986,0.3604723429128191,2.11038480210118,2.1051613073796034,2.110335383564234,2.108627164348339,2058363002880.0,8388608,128,0.0004048611444886,64,32,2,512,39626.0,bin_1
623,1.411411110621452,0.3652784393736774,1.3547255115117878,1.3147320067510009,1.297066269442439,1.3221745959017426,481715933184.0,1048576,32,0.0053254957310855,64,32,4,128,73610.0,bin_0
624,0.9531524247413252,0.4078593487641106,1.074694027629448,1.032670022919774,1.035272307228297,1.0475454525925063,107729870364672.0,268435456,32,0.0001215151714859,128,64,1,128,86218.0,bin_4
625,1.0899323922131057,0.5,1.6446660350775346,1.6040855450555682,1.6085122292861342,1.619087936473079,56089257682944.0,134217728,16,0.0485480688512325,32,32,4,512,73610.0,bin_4
626,0.9805168236729962,0.495354060842156,2.135509249055758,2.1321109561249614,2.138986635953188,2.135535613711302,8408503904256.0,2097152,256,0.0005538576515391,128,64,4,256,286474.0,bin_2
628,0.9989778226067632,0.3159861412837603,1.1250091073452495,1.0800879346206784,1.0959802400320768,1.1003590939993348,54407153381376.0,16777216,16,0.000981961376965,64,64,8,128,553482.0,bin_3
629,1.1111599556216671,0.3085065388755865,1.1762890346581116,1.1345256492495537,1.1693330891430378,1.1600492576835677,27797914251264.0,134217728,128,0.0137447621673345,128,32,2,256,39626.0,bin_3
630,1.0609069779319416,0.3522624751791419,1.6215242050820962,1.5900812931358814,1.5975528582930565,1.603052785503678,29249077248.0,1048576,64,0.0104952873662114,64,16,1,128,6202.0,bin_0
631,1.0831245407084806,0.5,1.645198512240313,1.6055497154593468,1.6083460049703715,1.6196980775566772,239222625209856.0,1073741824,32,0.0320059806108474,32,16,8,512,37002.0,bin_4
632,0.98707598641254,0.6340645522907428,1.1043619225820294,1.056018364150077,1.0590094635263083,1.073129916752805,6886150828032.0,67108864,32,0.0022397695574909,128,32,1,128,22634.0,bin_2
633,0.9829015177522,0.3840304395780585,1.9385855430737136,1.926338537596166,1.9305768525227904,1.9318336443975568,2295564761088.0,2097152,256,0.0043194494210183,32,32,8,256,141578.0,bin_1
634,1.1577514558602329,0.3431574681931824,1.6216589328832924,1.5780120315030215,1.5841082828119395,1.594593082399418,29916512256.0,1048576,128,0.0208648368716239,32,16,1,128,6202.0,bin_0
635,1.0130968183563562,0.4915284468617801,1.680537641281262,1.6521971262991428,1.6513784592971206,1.6613710756258415,14068048614144.0,16777216,32,0.012894295156002,128,32,8,512,141578.0,bin_2
636,1.028153695415144,0.4030305981496457,1.952877884265036,1.939345790073276,1.944381886161864,1.945535186833392,495883441920.0,2097152,16,0.0025826615747064,64,16,8,512,37002.0,bin_0
637,0.9378293442802752,0.6511498545546165,1.1160281857228256,1.030295054893941,1.0173368342220783,1.054553358279615,14492933296128.0,134217728,32,0.0004646889283321,32,16,4,256,19402.0,bin_3
638,0.9712911824658856,0.3651218635861493,1.1752834332874045,1.126134930178523,1.1331127043813467,1.1448436892824247,6988766969856.0,8388608,32,0.0004397101001814,32,32,8,128,141578.0,bin_2
640,0.9539997011067952,0.5877242488552011,2.115918798372149,2.1117882607504725,2.112183256074786,2.113296771732469,509112913920.0,4194304,32,0.000527671247255,128,32,1,512,22634.0,bin_0
641,0.9879991815083085,0.3744044584163632,1.9721615402959287,1.964950019493699,1.9698664098978045,1.968992656562477,6830679601152.0,2097152,256,0.0001254636154044,32,64,8,128,553482.0,bin_2
644,1.0798733418211688,0.3086590843019414,1.939252426265739,1.9351720549166205,2.216719614341855,2.030381365174738,112083480576.0,1048576,32,0.0221147369593381,32,32,1,256,22634.0,bin_0
645,1.072925894995026,0.3311990130680606,1.6804319604998454,1.6501106033101678,1.609603222459555,1.646715262089856,279604568064.0,4194304,64,0.0172747746109962,32,16,2,512,10602.0,bin_0
647,0.9213606837099668,0.7501381383167097,1.0368042497575516,0.9951713131740688,0.9968697428703308,1.0096151019339838,14512941407232.0,268435456,16,0.0007997314096428,64,16,2,256,10602.0,bin_3
648,1.0571593045635836,0.4310998573736668,1.1528565875487402,1.0953563814982772,1.091702417936176,1.1133051289943978,27099932012544.0,33554432,16,0.0001357384899165,64,64,2,256,152970.0,bin_3
652,0.934112482322306,0.7029103224817511,1.0017737719535944,0.964664387749508,0.9649770320393144,0.9771383972474724,429623966834688.0,268435456,32,0.0009486576309427,128,64,4,128,286474.0,bin_5
653,1.0779094419515942,0.3041441191084048,1.3313075012993068,1.3012629356235266,1.3041864642873406,1.3122523004033912,869417730048.0,8388608,64,0.0007311726221814,64,32,1,128,22634.0,bin_0
654,1.0684234494247942,0.5,1.6465614516055211,1.605130961164832,1.6081136893481016,1.6199353673728183,3442971837794304.0,1073741824,32,0.0464290492236614,128,64,8,256,553482.0,bin_5
655,1.044775894108377,0.5,1.6487150937318802,1.609199358150363,1.6096547963097692,1.6225230827306707,873310392127488.0,268435456,16,0.0241309776902198,32,64,8,128,553482.0,bin_5
656,0.9549807101258566,0.5947004318432891,2.2699358938261867,2.2706801556050777,2.2700110469013453,2.27020903211087,288540205056.0,1048576,256,0.0004515727632679,128,32,1,128,22634.0,bin_0
657,0.9777418571228416,0.4961314998934047,1.9672325958963484,1.9573375433683395,1.96265631634742,1.9624088185373687,6892277356032.0,4194304,32,0.0002670756366569,128,64,4,512,286474.0,bin_2
658,0.9827971907825906,0.3616755162826591,1.1046554828062654,1.0167764923535287,1.0002925470471382,1.040574840735644,119661220210176.0,536870912,256,0.0027568298391997,32,16,8,512,37002.0,bin_4
659,1.0889460527400716,0.343492689409356,1.4052471298491582,1.382606544997543,1.3805885165929794,1.3894807304798935,121727404032.0,4194304,32,0.0083309765905141,128,16,1,256,6202.0,bin_0
660,0.9744146777162866,0.6072379670593957,1.9497269007842988,1.9382239459082484,1.9442830625921488,1.944077969761565,3479779651584.0,8388608,128,0.0002820673689711,128,32,4,128,73610.0,bin_1
661,0.958106996893231,0.5862903745284698,2.337256058119237,2.337398514151573,2.335059329867363,2.3365713007127247,1923938807808.0,2097152,128,0.0001971419260371,64,64,2,256,152970.0,bin_1
662,0.9700260430104976,0.6712987594416165,1.0882491897427826,1.0417464701458812,1.0457160035148263,1.05857055446783,901090096128.0,33554432,16,0.0012585392687469,32,16,1,128,6202.0,bin_1
663,1.0653792291634987,0.3935237654761463,1.6665872137527913,1.620551691390574,1.622560540214181,1.6365664817858487,466188902400.0,4194304,32,0.0149975819513201,32,16,4,256,19402.0,bin_0
664,1.3521938262571958,0.3547087784349689,1.234176277939696,1.1994550633244216,1.2016044151969254,1.211745252153681,945306753024.0,16777216,32,0.0038101435638964,128,16,2,256,10602.0,bin_1
665,0.9870976218623362,0.3836374520541187,1.7421347736380994,1.7195982616394758,1.722277881577611,1.7280036389517288,130536010752.0,1048576,64,0.011732873506844,128,16,2,256,10602.0,bin_0
666,0.9477182142564036,0.4798348705967752,1.026324437742005,0.9867262579500676,0.9899065420031548,1.000985745898409,431147758178304.0,268435456,64,0.0008436079369857,128,64,4,256,286474.0,bin_5
668,0.9977190389995786,0.3409072087524469,1.1255348165286705,1.0703278593719006,1.0537234977819026,1.0831953912274912,6968536455168.0,33554432,16,0.0077734082005918,32,32,2,256,39626.0,bin_2
669,0.95761819770627,0.6023056546627975,1.1335814433987252,1.086680338717997,1.0942264515906572,1.1048294112357933,27665158072320.0,268435456,32,0.0002545218158047,128,32,1,512,22634.0,bin_3
672,1.0281449306963455,0.5,1.6494185288902372,1.6109522003680468,1.6118335295468569,1.6240680862683805,119373032679936.0,1073741824,16,0.0493140965700149,128,16,4,512,19402.0,bin_4
673,1.0858214177029877,0.5046129672796339,1.6515282273758205,1.6082895621657372,1.611336251720786,1.6237180137541145,218266716561408.0,67108864,64,0.0094171650707721,64,64,8,256,553482.0,bin_4
674,0.952756413391674,0.4270377986211319,1.021273059697705,0.9830885222181678,0.9811961315572262,0.9951859044910332,437592156567552.0,1073741824,256,0.0065967021510005,128,32,4,128,73610.0,bin_5
675,1.0084291530993814,0.398935899197804,1.872698160354048,1.85040214471519,1.8493311246857047,1.857477143251648,1827317366784.0,2097152,64,0.0161064062267541,32,64,2,128,152970.0,bin_1
677,0.9789468934057494,0.3631173222720842,1.137167047971161,1.0883068973198533,1.0906161204911768,1.1053633552607305,215770093264896.0,134217728,32,0.0039000858087092,128,64,4,128,286474.0,bin_4
678,1.0706854418260516,0.2807717071288499,1.3097072377277073,1.2506907894276085,1.2116783000528812,1.2573587757360656,3485528211456.0,8388608,128,0.0029115343932062,64,32,4,128,73610.0,bin_1
679,0.952438470381868,0.5451989461156128,0.9916362000294612,0.948935341089964,0.9522306430153548,0.9642673947115932,441135769866240.0,536870912,64,0.0029531877953559,64,32,8,256,141578.0,bin_5
680,1.066145287000544,0.3468669192359668,1.6308203651569784,1.5915292911231518,1.593277357518673,1.605209004599601,29636648955648.0,33554432,128,0.0033440296538174,128,32,8,512,141578.0,bin_3
681,0.9345706550558884,0.6049938888272222,1.0611055140107055,0.9866026849485934,0.9766504508443176,1.0081195499345388,59502956841216.0,268435456,16,0.0017064539715647,64,16,8,512,37002.0,bin_4
684,1.1655009651845931,0.4929457099338052,1.6652577886125073,1.62152314838022,1.6240804567933085,1.6369537979286786,110002671900672.0,134217728,256,0.0413402840495109,128,64,2,256,152970.0,bin_4
685,1.0400780782307515,0.3350972638472638,1.5108071196591482,1.487308943644166,1.4891141122207046,1.4957433918413396,7009166647296.0,2097152,32,0.0003441109438426,64,64,8,128,553482.0,bin_2
686,1.158334020369934,0.3460518440994631,1.4640849047573283,1.4389631040394306,1.4431692296639085,1.448739079486889,30219604617984.0,134217728,128,0.0013201006222516,128,16,8,512,37002.0,bin_3
687,1.0544717002329094,0.3808853126591221,1.224051022174535,1.183556566014886,1.1944408863782885,1.2006828248559032,3514519142400.0,16777216,32,0.0012704191030934,128,32,2,256,39626.0,bin_1
688,1.051681164638862,0.5088636621315193,1.6465730196796358,1.6061870586127045,1.60738143324852,1.62004717051362,56115703554048.0,536870912,256,0.0377105884253978,32,32,1,256,22634.0,bin_4
690,0.9460247850930068,0.6276813627289818,1.1032574248092717,1.045348673593253,1.043352385982871,1.0639861614617985,109795388080128.0,268435456,256,0.0002515860542189,64,32,4,128,73610.0,bin_4
692,0.9212992787147898,0.6665658790063552,1.103391786266002,1.028040557168424,1.0088168648071587,1.0467497360805282,13891968786432.0,67108864,64,0.000833558209706,32,32,2,128,39626.0,bin_2
693,1.0536042750158854,0.5066509879009878,1.648415969917551,1.605694817379117,1.6073531694710257,1.6204879855892311,437797178597376.0,268435456,32,0.0142255574464797,32,64,4,256,286474.0,bin_5
694,0.6108780579080125,0.882813841801937,1.0245023929564925,0.9336486824322492,0.9221866554580628,0.9601125769489348,221771994710016.0,536870912,256,0.0014744458021596,32,32,4,128,73610.0,bin_4
696,0.9472398083089588,0.6467222231031755,1.109802710721851,1.03706617327407,1.0264540798962116,1.0577743212973776,3577806317568.0,16777216,16,0.0013952039880678,32,16,8,128,37002.0,bin_1
697,0.98903322195046,0.4611648576291434,1.0887524803329145,1.037516727577895,1.03078420041129,1.0523511361073663,15102670135296.0,536870912,128,0.0292017832398414,32,16,1,512,6202.0,bin_3
698,1.0507057727673783,0.3365711735354593,1.5968370956834406,1.5706937843933702,1.57246146351099,1.5799974478626002,900135376896.0,4194304,16,0.0005275049479678,32,32,2,512,39626.0,bin_1
699,1.2089325272425928,0.3877568159353874,1.2008222794393075,1.1569823296740651,1.160486055072397,1.17276355472859,14924602924032.0,268435456,32,0.0001869190309662,64,16,2,512,10602.0,bin_3
701,0.9550674048542972,0.6334688706355373,1.0295128282086807,0.9852485246956348,0.98493771860376,0.999899690502692,438700350892032.0,268435456,128,0.0037591895088553,32,64,4,512,286474.0,bin_5
703,1.0845464937809937,0.372741559146321,1.1109695967461448,1.0623932108283043,1.0768141075968742,1.0833923050571077,28605198071808.0,134217728,128,0.0020462279208004,128,16,8,128,37002.0,bin_3
706,1.0650896068853746,0.4904932428682428,1.6438313201069832,1.6057636374607682,1.6085966750979424,1.6193972108885646,1758067904016384.0,1073741824,256,0.0054853484034538,32,64,4,512,286474.0,bin_5
707,0.9543301685262492,0.6575182524706334,1.0244586444750894,0.9758962304331362,0.976868886500597,0.9924079204696076,433805229649920.0,268435456,64,0.0003657692286651,64,64,4,256,286474.0,bin_5
708,0.9646309998342092,0.5748040389945152,1.864811401348561,1.852141817100346,1.853039271198213,1.8566641632157068,217124499456.0,2097152,16,0.0002113449445459,32,32,1,256,22634.0,bin_0
709,0.975599853609945,0.3886927922166017,1.034965072220075,0.9996478348039092,1.001443122047931,1.012018676357305,13762593202176.0,134217728,32,0.0046744956634938,64,32,1,128,22634.0,bin_2
711,0.9624023789858068,0.5403650194602576,1.0299610149813816,0.9847674039192498,0.9861849169246852,1.0003044452751055,111505951085568.0,268435456,64,0.002674225019291,64,32,4,512,73610.0,bin_4
712,1.0321749089404288,0.3324020904139951,1.4934683884494009,1.463407546747476,1.4637810122221708,1.473552315806349,251639881728.0,4194304,128,0.0094046760350465,64,16,2,128,10602.0,bin_0
713,1.0173011448495335,0.3453915432010669,1.1697897410631413,1.1270969384349885,1.1237379051744938,1.1402081948908744,27049886552064.0,67108864,16,0.0087267849594354,128,64,1,128,86218.0,bin_3
714,1.0025842997752994,0.505057495855115,1.671429280540906,1.6298674792051315,1.6291653495281937,1.643487369758077,27516340936704.0,8388608,32,0.0046269986778497,32,64,8,128,553482.0,bin_3
715,1.0813093740864244,0.5781811195858815,1.5743758560856804,1.53506451100111,1.5350986262783408,1.5481796644550438,32305721001984.0,16777216,256,0.0033544488251209,64,64,4,512,286474.0,bin_3
716,1.0137308350093823,0.3467065099803195,1.887801131233573,1.877452210523188,1.8805336486548183,1.88192899680386,2299382759424.0,4194304,128,0.0004721077857539,32,64,1,512,86218.0,bin_1
718,1.0868359184682403,0.646439252986872,1.2630843427032232,1.2098623509518802,1.2035463764332237,1.2254976900294423,239641292825088.0,1073741824,256,0.0001094101244234,32,16,8,512,37002.0,bin_4
719,0.9287457425564036,0.6045344527606432,1.0254183240394923,0.9873291440308094,0.9860914102755488,0.9996129594486168,217228696657920.0,536870912,64,0.0005265060462988,64,64,1,256,86218.0,bin_4
720,1.045211877761522,0.5055677316510649,1.6530486503615975,1.618054036051035,1.621592752635479,1.6308984796827035,6925212936192.0,8388608,16,0.0228436235338449,64,32,8,128,141578.0,bin_2
721,0.982597197882653,0.5429886048695572,1.033025558092049,0.9809443042613566,0.9782486390322448,0.9974061671285502,222246523478016.0,1073741824,256,0.0042255688458681,64,32,2,512,39626.0,bin_4
722,1.0237037484580425,0.3368397819112104,1.7865619140211493,1.7704166937619448,1.769931717775762,1.7756367751862854,910809673728.0,1048576,64,0.0015162288909778,64,64,2,256,152970.0,bin_1
724,1.0636541254529923,0.3478229548229548,1.548177459742874,1.5194153133779764,1.5197172099724412,1.529103327697764,14074138245120.0,4194304,16,0.0003402703150641,128,64,8,256,553482.0,bin_3
725,1.0906856942025165,0.5874260950689522,1.38909427204635,1.361525815911591,1.3606771873310208,1.370432425096321,447464970240.0,4194304,16,0.0003395482490304,32,16,4,128,19402.0,bin_0
726,1.0501120808194937,0.4976864431864432,1.6490164580754936,1.613174555823207,1.6157841859385371,1.6259917332790792,116316293560320.0,536870912,256,0.031986191868782,128,16,8,256,37002.0,bin_4
727,1.2050390728454428,0.4308772693356026,1.7653311114991084,1.7056892258115113,1.707591657526791,1.7262039982791368,3318373625856.0,4194304,16,0.0166979599744081,64,64,2,256,152970.0,bin_1
728,1.5128227558381762,0.3502432792075649,1.2534152133739551,1.211621837224811,1.210696634836495,1.2252445618117538,1849452926976.0,67108864,256,0.0244880877435207,128,16,1,256,6202.0,bin_1
729,0.9874344414332966,0.4343097863335958,2.196465604007244,2.196327682584524,2.1965596806257963,2.1964509890725217,2032573341696.0,4194304,256,0.0002866525028366,64,64,1,512,86218.0,bin_1
730,1.1115131855498248,0.4255849494420923,1.9421651849988848,1.9901680825278163,2.2038313196972013,2.045388195741301,3955913207808.0,4194304,256,0.0050016329623758,32,32,8,128,141578.0,bin_2
731,1.4001920557864374,0.3815646293741532,1.6097965853405185,1.5931414877995849,1.60210885386914,1.6016823090030812,60427441152.0,1048576,16,0.0147032737731933,64,16,2,256,10602.0,bin_0
732,1.0415589763388131,0.3460854040139754,1.629564098548144,1.60462764557451,1.6105579836294055,1.6149165759173532,934109921280.0,33554432,128,0.0008036799845285,128,16,1,128,6202.0,bin_1
733,1.1903662822319376,0.4947383546788308,1.670499635161832,1.6332963509485126,1.6368657890707254,1.64688725839369,13845821620224.0,16777216,16,0.0214637629687786,128,64,2,512,152970.0,bin_2
734,1.0001326237090469,0.6484236398522113,1.0335850887713605,0.9794273043517024,0.9799816445447505,0.9976646792226044,55707901691904.0,268435456,16,0.0016990491421893,64,32,2,512,39626.0,bin_4
736,0.953321583932538,0.6137249822487918,1.0258917842329538,0.9754510940983891,0.9644710458815098,0.9886046414042844,448148904536064.0,536870912,16,0.0022583247628062,32,32,8,512,141578.0,bin_5
737,1.0161145602336434,0.4872527895385037,1.6631640595151111,1.6222653165459633,1.6233396073803306,1.6362563278138016,13805695021056.0,16777216,128,0.0270715989172458,64,32,8,128,141578.0,bin_2
738,1.0954980520279791,0.3654174934413028,1.2280647121951915,1.1862762933596969,1.2000240297056737,1.204788345086854,858130268160.0,4194304,32,0.0016358633292838,64,32,2,128,39626.0,bin_0
739,1.1265813849753803,0.5000068284889714,1.7374647562392056,1.695603516884148,1.703852117061615,1.712306796728323,7180068274176.0,8388608,128,0.0393939800560474,64,64,2,128,152970.0,bin_2
740,0.9594935819076856,0.5359886224886224,2.183787307003513,2.1800727527588606,2.1801561024039984,2.181338720722124,1934907494400.0,2097152,256,0.0007919935160316,128,64,2,128,152970.0,bin_1
741,0.9569435340772152,0.4912146896313563,1.2418948352569714,1.2160081802867353,1.2188018574379385,1.2255682909938816,28148310589440.0,268435456,256,0.0418466031551361,32,32,1,256,22634.0,bin_3
742,6.225022334509241,0.5023099585599585,15.338120031017752,14.706088604405522,14.939290970563889,14.994499868662388,4228108541952.0,2097152,64,0.0490524359047412,64,64,4,256,286474.0,bin_2
743,1.0997644321218427,0.2995220894625656,1.249172807263676,1.213917893357575,1.216271290089935,1.2264539969037287,3786944716800.0,8388608,128,0.0023556251544505,64,64,1,256,86218.0,bin_2
744,1.040470893029826,0.4001720924578067,1.9152553600724789,1.899964266456664,1.90510527882725,1.9067749684521311,1896613217280.0,8388608,32,0.0006038477295078,32,16,8,512,37002.0,bin_1
745,1.067147965633658,0.2954513427489618,1.189164274561335,1.1420668428763747,1.141292637679726,1.1575079183724786,438544669722624.0,134217728,256,0.0011010421440005,128,64,8,256,553482.0,bin_5
746,1.0933265751986116,0.6164334250405679,1.1285407278191997,1.0795845445245504,1.0856470032595098,1.0979240918677533,909893004288.0,33554432,16,0.0015482091112062,64,16,1,256,6202.0,bin_1
748,0.964685161003692,0.4645346884156408,2.0739303082227707,2.067462502978742,2.0682275909930468,2.0698734673981867,13930135756800.0,16777216,256,0.0001540867087896,64,64,2,256,152970.0,bin_2
749,0.953727540508344,0.6352203400655781,1.0615437877277143,1.014632147271186,1.02938134316355,1.0351857593874834,7483368582144.0,134217728,16,0.0103426678106188,32,16,2,512,10602.0,bin_2
750,0.988824739342862,0.238764026537836,1.286801437730901,1.2497413167729974,1.2589837089180946,1.265175487807331,13439722856448.0,4194304,16,0.0013751448132097,64,64,8,128,553482.0,bin_2
751,1.0285378209988376,0.3742150389293247,1.6357802285347134,1.6104114968329668,1.612897228449583,1.6196963179390875,913647845376.0,4194304,128,0.0007347876089625,32,32,2,128,39626.0,bin_1
752,1.1480550619397372,0.4121522051581576,1.3980876056011766,1.352211772929877,1.357640399131924,1.3693132592209925,30075571241472.0,536870912,128,0.0438228994607925,128,16,2,512,10602.0,bin_3
753,1.0537186057867023,0.5642039763587382,1.1280869968468323,1.0687754955142736,1.0738425552845,1.0902350158818688,218710007688192.0,134217728,64,0.0002493274805601,64,64,4,512,286474.0,bin_4
754,1.064117689728843,0.5755559625559625,1.6464165572542695,1.6052749380469322,1.6079917335882783,1.619894409629827,875126400663552.0,1073741824,128,0.0126278456300497,32,64,2,128,152970.0,bin_5
755,0.980381968239918,0.5039128578652389,2.022155966144055,2.013500191271305,2.0168933933600783,2.0175165169251463,8280792086016.0,1048576,128,0.0010446516098454,128,64,4,512,286474.0,bin_2
756,1.0450491650645912,0.4911982184482184,1.6467287538107485,1.609931125305593,1.6110727172344923,1.6225775321169449,27677050601472.0,67108864,256,0.0306468550115823,32,32,4,128,73610.0,bin_3
758,0.962064164166076,0.2747186415876891,1.3637843937322032,1.232578981667757,1.1394001892767849,1.245254521558915,1738250231808.0,4194304,16,0.0041558900848031,32,32,4,128,73610.0,bin_1
759,1.037682227490918,0.6211738125190506,1.0582884084396935,1.0136449257843196,1.0091234440915289,1.0270189261051808,1805750685696.0,67108864,16,0.0026716555003076,32,16,1,128,6202.0,bin_1
761,0.9439188021697976,0.6368181294014628,1.0806899754024926,1.0247488599270582,1.0214452939108014,1.042294709746784,434535966050304.0,268435456,128,0.000558759260457,64,64,4,512,286474.0,bin_5
762,1.0088043713966317,0.364248079521889,1.1982518433069345,1.1587901026941836,1.2194560174830258,1.192165987828048,877585102848.0,4194304,16,0.0021366570144891,128,32,2,128,39626.0,bin_0
763,0.9585420243649506,0.4829362722815104,1.0419355644553434,0.9838080073241144,0.9790655062533916,1.00160302601095,219994110001152.0,536870912,256,0.0006266161217354,64,32,4,128,73610.0,bin_4
765,0.9577997736864572,0.6275844208701351,1.1455584854411427,1.0950475232675672,1.1003158297389746,1.1136406128158949,27240022130688.0,33554432,128,0.0073640397749841,64,64,2,128,152970.0,bin_3
766,1.0588704526730386,0.5108562209395543,1.6457141845021397,1.604868478141725,1.6076424391940236,1.619408367279296,60259935498240.0,1073741824,256,0.0494093038141727,32,16,2,512,10602.0,bin_4
767,1.0792952217608909,0.3041140680307346,1.2673485127161257,1.236417043954134,1.2411298961378634,1.2482984842693745,7159942840320.0,16777216,256,0.0010323515161871,32,64,1,256,86218.0,bin_2
768,0.964797906870389,0.6359512700703176,1.0536808351243965,0.9862791250925512,0.983485072851181,1.0078150110227095,115655336454144.0,1073741824,32,0.000170828658156,64,16,4,256,19402.0,bin_4
769,1.0406514412010544,0.4042850117254879,1.8320328628178688,1.813162222504616,1.8163594231009483,1.8205181694744776,1818357639168.0,8388608,32,0.0003727824660018,32,16,8,256,37002.0,bin_1
770,2.60291453572295,0.3916419832372213,3.660932416292781,3.5493971733376384,3.5789333302527666,3.596420973294395,1193364983808.0,1048576,32,0.0176677126437425,32,64,2,512,152970.0,bin_1
771,0.9796029621863236,0.3188475052284575,1.88927745888941,1.877133504487574,1.8761665653437376,1.8808591762402405,1091966152704.0,1048576,128,0.0025072344578802,64,64,2,256,152970.0,bin_1
773,1.0404961180386414,0.4799385715695239,1.4777341891312972,1.452074121683836,1.449788031168282,1.459865447327805,14950025601024.0,8388608,256,0.0010717496043071,32,64,4,256,286474.0,bin_3
774,0.7731851276454061,0.8038734149448435,1.0263264837012684,0.9484185490291566,0.9382367501966656,0.9709939276423636,878674246520832.0,1073741824,16,0.0001287808554479,32,64,2,512,152970.0,bin_5
775,1.0038728913509565,0.3561037917109346,2.1001412835903466,2.094335166737437,2.100073372945189,2.0981832744243243,871076210688.0,4194304,16,0.0001186232111649,64,32,2,512,39626.0,bin_0
776,0.9467124783231536,0.7273303548303548,1.0883225338475313,1.0440431647002697,1.0448364443145692,1.0590673809541231,27943429152768.0,268435456,32,0.0006654276512563,128,32,1,512,22634.0,bin_3
778,1.0284113447003247,0.3885684778184778,1.7205071926582605,1.6953491028398275,1.6989332865923643,1.7049298606968175,1024128787968.0,16777216,128,0.0055693369358778,128,16,2,512,10602.0,bin_1
781,1.0047473291085085,0.3492384009288771,2.14518564613536,2.140883741900325,2.1453804094344378,2.1438165991567075,259743227904.0,1048576,256,0.0013759477296844,64,32,2,128,39626.0,bin_0
782,0.9739755733756468,0.3492101390672819,2.184341859538108,2.1802680790424347,2.182072877883911,2.182227605488152,42115411968.0,1048576,128,0.0004031896824017,128,16,1,256,6202.0,bin_0
783,0.9552390354832414,0.5959095221357126,2.299694541376084,2.3013017792254686,2.300581431016326,2.30052591720596,576057532416.0,2097152,256,0.0001452613505534,64,32,1,512,22634.0,bin_0
784,1.0239276690470511,0.4464631796774653,1.841002460801974,1.8228384368121624,1.819340961053968,1.8277272862227008,1134568906752.0,1048576,256,0.0180362295359373,64,64,2,128,152970.0,bin_1
785,1.093453139219536,0.6718355965022633,1.0842359767702874,1.0360308247618375,1.0384436775930226,1.0529034930417158,7314933141504.0,268435456,64,0.0031291630584746,128,16,1,256,6202.0,bin_2
786,0.9650766284603364,0.613270812080336,1.977135689929128,1.9665206940844653,1.9673669412732124,1.9703411084289355,553048470528.0,1048576,256,0.0127798244357109,128,16,4,256,19402.0,bin_0
787,0.9268419854256396,0.7561979435908007,1.050594650914718,0.9902387410402298,0.9775831466540694,1.0061388462030056,109893530075136.0,268435456,64,0.0007426469237543,32,64,1,128,86218.0,bin_4
788,1.057217060128066,0.4917203444703444,1.6495098553132266,1.607769045047462,1.609480107203126,1.6222530025212716,27848518336512.0,67108864,128,0.0166501831263303,32,32,4,128,73610.0,bin_3
789,1.052680123968516,0.489136971934591,1.6457346405368298,1.6054561929777265,1.60797581076622,1.6197222147602588,438655194169344.0,536870912,128,0.0193182900547981,64,32,8,128,141578.0,bin_5
790,1.6562111894060936,0.6078946437160723,1.4672771857585758,1.4133360227569938,1.3484726501628757,1.4096952862261485,28057100765184.0,67108864,128,0.0092973336577415,64,32,4,512,73610.0,bin_3
791,1.1735644301116457,0.3229382843787605,1.305105885490775,1.275523642078042,1.2733308081515131,1.2846534452401102,54683106754560.0,67108864,64,0.0001613040076335,64,64,2,512,152970.0,bin_3
792,0.9551021315291722,0.596063843123367,2.295424902345985,2.296896744519472,2.296169025823474,2.296163557562977,492392626176.0,2097152,256,0.0001884116354631,64,32,1,512,22634.0,bin_0
793,1.0537648748928472,0.7375380285499333,1.085225468763383,1.0489249820820987,1.0552046913653612,1.0631183807369478,29963370754560.0,536870912,64,0.0010140044614672,128,16,2,512,10602.0,bin_3
794,1.928932933084624,0.5764438656581513,2.402517589333001,2.3162642642855644,2.3456474179402,2.354809757186255,14498505154560.0,8388608,128,0.0182417538017034,128,64,4,512,286474.0,bin_3
795,1.1058667779673712,0.4060723901319139,1.6812781668268144,1.632700847927481,1.6339969784021378,1.6493253310521443,3553177583616.0,33554432,64,0.0406012050807476,32,32,1,512,22634.0,bin_1
796,1.0169724022685191,0.5635717087145659,1.552278274903074,1.5300650419667363,1.5343508580699563,1.5388980583132554,29045864850432.0,268435456,128,0.0001579816453158,128,16,4,256,19402.0,bin_3
797,0.9873560199693788,0.3507300252657394,2.149280575104058,2.147596190683544,2.148468181490898,2.1484483157595,750715748352.0,1048576,256,0.0002434600755805,64,64,1,128,86218.0,bin_0
798,0.9711448453105818,0.4995860845503703,1.09002558211796,1.0134996064007282,0.9899822589941324,1.03116914917094,27682649788416.0,67108864,32,0.0005866159917786,32,32,4,128,73610.0,bin_3
799,1.094390883353296,0.4137727492965588,1.6836865198565647,1.647358133457601,1.6578031443059444,1.66294926587337,3558291541248.0,1048576,16,0.0056220502592623,128,64,8,512,553482.0,bin_1
800,0.9829218642489732,0.4025372163110258,2.296200569253415,2.295862263068557,2.293578200042248,2.29521367745474,120179705856.0,1048576,256,0.000176835907041,32,16,2,512,10602.0,bin_0
802,0.9679756605878032,0.675334399727257,1.1641024592609028,1.063265688251704,1.034006712026894,1.0871249531798337,55056675151872.0,33554432,16,0.0004039197519887,32,64,4,512,286474.0,bin_3
803,2.294330642166933,0.6124506355637308,3.374920725938864,3.2220989344641566,3.258384548127651,3.285134736176891,13503762210816.0,16777216,256,0.0428885109722614,64,64,2,128,152970.0,bin_2
807,0.9739606880375344,0.3487994386565814,2.181119533488527,2.176960712298751,2.178734907880425,2.178938384555901,55905337344.0,1048576,256,0.0004908715491183,128,16,1,128,6202.0,bin_0
808,0.9469590666154204,0.6748805555115078,1.0482855340378592,1.0088912923820317,1.0103135132230818,1.022496779880991,217501445750784.0,536870912,64,0.0001353645056951,64,64,1,128,86218.0,bin_4
809,0.961296356630014,0.4821812041573945,2.10423789662309,2.098778832703829,2.0989224333316088,2.1006463875528425,7503217118208.0,8388608,256,0.001048389240168,128,64,2,512,152970.0,bin_2
810,1.08444715321978,0.4964297739297739,1.6525446358136833,1.6090840389952064,1.6121966559439898,1.6246084435842931,59938818619392.0,268435456,128,0.0499416440725326,32,16,8,512,37002.0,bin_4
813,0.989591863294226,0.3606835360406789,1.200637433808879,1.112458617426455,1.0767051931470633,1.1299337481274658,3416166064128.0,16777216,32,0.0045477021485567,64,32,2,128,39626.0,bin_1
814,1.1614842393213292,0.3471744917340154,1.4616485224105418,1.4323265813291073,1.4264534674584866,1.4401428570660453,3770110969344.0,16777216,64,0.0016314605018123,32,16,8,512,37002.0,bin_2
815,0.9398390507046004,0.6907722797484702,1.0891160938190296,1.0409076460637152,1.0449147927574811,1.0583128442134089,3609328324608.0,67108864,128,0.0019980533979833,32,16,2,128,10602.0,bin_2
816,0.9985550983402156,0.392351639101639,1.0889799643773586,1.0500259771943092,1.0437827999703586,1.0609295805140089,3588567601152.0,134217728,16,0.0207303036004304,64,16,1,128,6202.0,bin_1
817,1.008800389592526,0.3379844956630671,1.744505024747923,1.7278841976076365,1.729258818551898,1.7338826803024858,3528348561408.0,4194304,16,0.0001376507425447,32,32,8,256,141578.0,bin_1
819,1.065019048047026,0.4578047869238345,1.828630642965436,1.810281028971076,1.819162767380476,1.819358146438996,3354615705600.0,1048576,64,0.0097396150231361,128,64,8,256,553482.0,bin_1
820,1.1746348260022677,0.4136207350850207,1.2158019703929313,1.1717128599993885,1.167099158745259,1.1848713297125262,3741425590272.0,67108864,32,0.0004288429336156,32,16,2,512,10602.0,bin_2
821,1.0856090936882117,0.5046059244987817,1.6447106490377337,1.6055954582989216,1.6098463321104646,1.62005081314904,111638022104064.0,134217728,128,0.0063320309855043,64,32,8,512,141578.0,bin_4
822,1.0045438489085197,0.368298399572209,2.262090368196368,2.260664103552699,2.2624424900859594,2.261732320611676,1919077109760.0,8388608,256,0.000131768931169,64,32,2,256,39626.0,bin_1
823,1.0786402399333406,0.3258945217040455,1.373568254406564,1.34325875621289,1.3557228986173868,1.3575166364122804,1763783092224.0,4194304,32,0.0012976496946066,64,32,4,256,73610.0,bin_1
824,0.9670228818035302,0.6877005300695777,1.920604198938236,1.9056000234559176,1.9121813215315344,1.9127951813085624,14728509932544.0,134217728,256,0.0001686612522462,128,16,4,256,19402.0,bin_3
825,0.9826719254287276,0.6330191417929513,2.1989539503119886,2.1922386903315783,2.199640834704041,2.1969444917825363,149439645696.0,1048576,256,0.0002600092848297,64,16,4,128,19402.0,bin_0
826,1.0255226103910589,0.3298342314651838,1.679915911750868,1.6570473220199349,1.6604132177308202,1.6657921505005409,425140838400.0,2097152,16,0.0003486771020106,64,32,2,128,39626.0,bin_0
827,0.5756703835186529,0.8310109339514101,1.034509813238401,0.9454921542201192,0.9369581271894276,0.972320031549316,239126434644480.0,1073741824,128,0.0008420622907578,32,16,8,512,37002.0,bin_4
828,1.0706985219404992,0.4539355131200369,1.6490546576678753,1.6116118002682924,1.6133496016263962,1.624672019854188,917260105728.0,8388608,32,0.0217755045741796,32,16,4,256,19402.0,bin_1
829,0.992388260100785,0.3959017080802796,1.964017114369199,1.955860560759902,1.960856662131846,1.960244779086982,7489354792704.0,2097152,16,0.0001082253220374,128,64,8,512,553482.0,bin_2
830,0.9397095628586752,0.5808703606798845,1.10025698847312,1.04799979692325,1.0552221722900867,1.0678263192288189,215950174202880.0,268435456,128,0.0017532360507175,128,64,2,512,152970.0,bin_4
831,0.9752126144876442,0.3473211237615999,2.0426566216629,2.0340727558359504,2.037180203013122,2.0379698601706573,981517498368.0,33554432,32,0.0001458040205761,128,16,1,512,6202.0,bin_1
832,1.1355570079916455,0.50755687676521,1.680537568521686,1.6334281493909657,1.638228585012257,1.6507314343083028,107987781328896.0,67108864,256,0.0182455293834209,128,64,4,128,286474.0,bin_4
833,1.132746934067218,0.2907890619081094,1.4155371015658602,1.3865876235067844,1.3904174221679568,1.3975140490802005,233595052032.0,2097152,64,0.0077555626630783,32,32,1,512,22634.0,bin_0
836,1.0135679266124151,0.3400923877709592,1.81581682804972,1.8006971860304477,1.801230514422059,1.8059148428340752,5316505012224.0,4194304,128,0.0008407607092522,128,64,2,256,152970.0,bin_2
837,1.0024145532954825,0.298744865363913,2.3347283909097314,2.336705381050706,2.33619693852961,2.335876903496682,1097740452864.0,1048576,128,0.0004758983850479,32,32,8,512,141578.0,bin_1
838,1.1410110311127932,0.5527690413642795,1.304725214780774,1.2736279177479446,1.2751417462714016,1.2844982929333737,119581116286464.0,1073741824,128,0.0001383285998599,128,16,4,512,19402.0,bin_4
839,1.0688332073536928,0.5014912402412403,1.6431943820789456,1.6034189146012068,1.60668190009892,1.617765065593024,3499520151957504.0,1073741824,16,0.0056513175368309,32,64,8,256,553482.0,bin_5
840,1.2587291247165582,0.374471925340973,1.2516476308228448,1.2184087270870805,1.2192485774867237,1.229768311798883,1782086701056.0,67108864,64,0.0004590555327013,128,16,1,128,6202.0,bin_1
841,0.9229912614497434,0.7189324502657836,1.042716329342511,1.0055955946445465,1.0076612434349954,1.0186577224740176,14317948219392.0,268435456,16,0.0009717325447127,128,16,2,128,10602.0,bin_3
842,1.0083782514997306,0.4174696533625104,1.7833558626007289,1.76221979316324,1.7651411183178425,1.7702389246939372,300650520576.0,1048576,128,0.0187739320099353,64,32,2,256,39626.0,bin_0
843,1.0625178051850928,0.6344450844569892,1.6538680559024217,1.6202994911000133,1.6212275149300694,1.6317983539775014,14340989405184.0,67108864,256,0.0052078911103308,128,16,8,128,37002.0,bin_3
844,0.9393389554589678,0.7193983115649782,1.0469197733036708,1.006891361437738,1.0122675304301083,1.022026221723839,7259308443648.0,134217728,32,0.0050514484755694,64,16,2,256,10602.0,bin_2
845,1.073661664662539,0.3470636391826867,1.4509380805538967,1.4270351706072688,1.4274745397269726,1.4351492636293794,54799810289664.0,134217728,256,0.0001023840159177,64,64,1,256,86218.0,bin_3
846,1.06090960346034,0.5702988378464569,1.65545209182892,1.6107811713591218,1.611107336357236,1.6257801998484258,28634120478720.0,536870912,128,0.0319719016551971,128,16,2,128,10602.0,bin_3
847,0.9772914103649284,0.4029183598588361,2.249111328739673,2.247450675815344,2.245666719973088,2.247409574842701,91363823616.0,1048576,128,0.0003514686250127,64,16,2,128,10602.0,bin_0
848,3.5631593394772865,0.6332539475515665,6.647047080332413,6.756086710840464,6.715614061802626,6.706249284325168,3341579538432.0,1048576,128,0.0341186672449111,128,64,4,128,286474.0,bin_1
849,0.9826782654490392,0.632634684979923,2.197916828328744,2.1911798901855946,2.198557935655117,2.195884884723152,164478560256.0,1048576,128,0.0001368548983009,32,16,4,256,19402.0,bin_0
850,1.074649205797764,0.6396358689811069,1.128412817546632,1.0779298753477633,1.0802749125286937,1.0955392018076964,897878353920.0,33554432,32,0.0040551768615841,128,16,1,128,6202.0,bin_1
853,1.0275645851018849,0.5173760683760683,1.6518639500718564,1.6128427274525166,1.6163845490664244,1.6270304088635992,108699995664384.0,33554432,32,0.0324006490409374,128,64,8,256,553482.0,bin_4
854,0.961339979450714,0.4056353249924678,1.1446933324623387,1.0748175820335746,1.0705415392294526,1.0966841512417886,888611149824.0,8388608,16,0.0022759533021599,32,32,1,256,22634.0,bin_0
855,0.9653410878866392,0.683563418063418,1.1346455664461246,1.084214813541621,1.0890330811962483,1.102631153727998,7073640026112.0,67108864,64,0.0019062749342992,64,32,1,512,22634.0,bin_2
856,0.9542156613798928,0.491094613939852,1.0415430652647046,1.0020635551773012,1.0001728162169456,1.0145931455529835,56097809596416.0,268435456,128,0.013702867552638,32,32,2,512,39626.0,bin_4
859,0.9611681394844424,0.407664224223748,1.0237629331677454,0.9775156718678772,0.9788640700280666,0.9933808916878965,436311964157952.0,536870912,16,0.0001050136852427,128,32,8,128,141578.0,bin_5
860,1.016065406108047,0.3406559600011981,1.8313013061415404,1.8169748475775125,1.8188739605247968,1.8223833714146167,14127059100672.0,16777216,32,0.0001983834808925,64,32,8,512,141578.0,bin_3
861,0.987213018307533,0.3460993640398402,1.8959703329019248,1.882599813863635,1.8870630897581573,1.8885444121745725,1879608391680.0,67108864,128,0.0006224885000847,128,16,1,512,6202.0,bin_1
862,1.0095087303270636,0.5758478382287905,1.603740582242608,1.5830769212916491,1.5852740621194243,1.590697188551227,440655630336.0,4194304,16,0.0001521922240499,64,32,1,128,22634.0,bin_0
863,1.0875690563989426,0.5293501610823039,1.651759700034745,1.61224795691669,1.6166655952110889,1.6268910840541746,30052020817920.0,536870912,16,0.0270522683858871,32,16,2,512,10602.0,bin_3
864,1.1337078364802269,0.2784473401378163,1.2249477245204616,1.1767943245358763,1.1735338950529697,1.191758648036436,880226942976.0,8388608,32,0.0020493995398283,32,32,1,512,22634.0,bin_0
865,0.934204322789241,0.5819927087903278,1.0349205774837174,0.9674776569008828,0.9624839881435036,0.9882940741760344,866513134559232.0,1073741824,128,0.0001443150831619,64,64,2,128,152970.0,bin_5
866,1.075594040254319,0.5,1.6508904970251024,1.6078832997009158,1.609361340291798,1.622711712339272,876685953583104.0,1073741824,32,0.0111964615061879,64,32,8,128,141578.0,bin_5
867,0.9423395294194992,0.6572991378110427,1.0724277218760108,1.022032824344933,1.0270860292948782,1.040515525171941,57226326540288.0,536870912,256,0.0013360736193135,128,16,4,128,19402.0,bin_4
868,0.9404856104955938,0.6695897021849403,1.0972459160693688,1.0169881545007229,1.0062738782726228,1.040169316280905,14254201196544.0,134217728,64,0.0013860089238733,64,16,4,128,19402.0,bin_3
869,0.9667658597745395,0.7156946422184517,2.0565760352183133,2.046367386355996,2.0529736345633864,2.051972352045899,262008238080.0,2097152,64,0.0011780086206272,128,16,4,256,19402.0,bin_0
870,1.025116971169447,0.2997973300949491,1.1172043330007,1.0680614579468966,1.0696648489683869,1.0849768799719943,1794122425344.0,8388608,16,0.0023489615414291,32,16,8,128,37002.0,bin_1
871,0.9783777026530496,0.4027740597145359,2.2608868456445634,2.2595664877444506,2.257711239159107,2.2593881908493736,962304024576.0,16777216,256,0.0001034901652019,128,16,2,128,10602.0,bin_1
872,1.0368380443201028,0.5064419654419654,1.6829511243849993,1.652948621660471,1.657048674300313,1.664316140115261,881714171904.0,1048576,16,0.0158817172050476,32,32,8,128,141578.0,bin_0
873,1.2064990115990082,0.3440897629707153,1.17944288867875,1.135754205752164,1.1386818229220808,1.1512929724509984,948071657472.0,33554432,16,0.0020199089776724,64,16,1,512,6202.0,bin_1
874,0.9845110633868652,0.5117482799387562,2.005104556446895,1.9962645126506688,2.0012228032574058,2.0008639574516565,3749658365952.0,2097152,256,0.000484867603518,64,64,4,128,286474.0,bin_2
875,1.0662742299663632,0.584804048685001,1.4514262282755226,1.4257947755977511,1.427789346314967,1.4350034500627469,871897141248.0,8388608,32,0.0002327008114662,64,32,1,128,22634.0,bin_0
876,0.9826423766462808,0.3952377776544443,1.865676187211648,1.8497902797535064,1.8515664767473936,1.8556776479041828,1012418090496.0,16777216,64,0.0015425806632265,128,16,2,512,10602.0,bin_1
877,0.9531995970941808,0.6606813274908513,1.111232608098362,1.0580201307311654,1.054403971415013,1.07455223674818,7078167748608.0,67108864,128,0.0181438401341438,32,32,1,256,22634.0,bin_2
878,0.9862110285022292,0.56898898235803,1.379257500928361,1.3120533102191985,1.319340239278972,1.3368836834755105,3533911265280.0,8388608,16,0.0051002451218664,64,32,4,512,73610.0,bin_1
879,1.063195368202214,0.3174867817367817,1.196064588293666,1.1485886611044407,1.1578536261804402,1.1675022918595157,7691097894912.0,134217728,256,0.0125751178711652,64,16,2,512,10602.0,bin_2
880,0.9395368473556224,0.6619792557530654,1.0323558749005315,0.966379078105092,0.9645822648890316,0.987772405964885,110267852534784.0,134217728,16,0.0009143812349066,64,32,8,256,141578.0,bin_4
881,0.9398929068344803,0.6625039634087253,1.0058971279213438,0.9640845449175686,0.9668345316313208,0.978938734823411,114253219418112.0,536870912,16,0.000371154223103,128,16,8,128,37002.0,bin_4
882,1.259726312709429,0.3269072369429512,1.2067113844677806,1.1688244864344597,1.1685814945958557,1.1813724551660318,921901289472.0,33554432,128,0.0020181566942483,32,16,1,256,6202.0,bin_1
883,1.05436427332798,0.3012068663259138,1.2229255479760468,1.1613783808425069,1.149997441098094,1.1781004566388826,1758672125952.0,8388608,128,0.0021282315719872,32,32,2,128,39626.0,bin_1
884,0.4938411393204062,0.9499548159071968,1.0026941797295876,0.9396448258776218,0.9315183870494366,0.957952464218882,219009362903040.0,268435456,32,0.0008735244045965,32,64,2,128,152970.0,bin_4
885,1.1823834915590938,0.3724468084825227,1.3243473516777158,1.2910981052555144,1.2948614843189716,1.3034356470840671,1791272936448.0,8388608,16,0.0018049625214189,128,32,2,512,39626.0,bin_1
887,1.0541633170418896,0.5229241935313363,1.650800792966038,1.6154356766492128,1.61756921838969,1.6279352293349802,27354446831616.0,67108864,32,0.0198055990040302,64,64,1,256,86218.0,bin_3
888,1.0406622292397558,0.4940387993840374,1.6478520842501894,1.6116292839869857,1.615724199451506,1.6250685225628938,3474339072387072.0,1073741824,256,0.0233778413385152,64,64,8,512,553482.0,bin_5
889,0.989105117673188,0.4361898009398009,1.1170255616743816,1.044343979563564,1.0355900027789176,1.0656531813389545,3575280642048.0,16777216,16,0.0029113176278769,32,16,8,128,37002.0,bin_1
890,1.0607411576146724,0.4648363997113997,1.64714836247731,1.6076315753161907,1.6103014256805182,1.6216937878246729,55531032646656.0,134217728,32,0.0084174955263733,64,32,4,512,73610.0,bin_4
891,1.0974771750672954,0.3779179462512795,1.6782799978973344,1.6322735184803605,1.63872345443815,1.6497589902719485,60384129024.0,1048576,128,0.0239585842937231,32,16,2,128,10602.0,bin_0
892,1.0791611507373593,0.5041613694947028,1.64915448857937,1.6061748648062348,1.6098870253190398,1.6217387929015483,444255918501120.0,134217728,128,0.011185048148036,128,64,8,512,553482.0,bin_5
893,0.9930356618527576,0.2943644437573008,2.311814060434699,2.3133152332156897,2.312750045210123,2.312626446286837,1811702633472.0,2097152,128,0.0002705611113924,64,32,8,256,141578.0,bin_1
894,1.0616361173836952,0.4995045510045509,1.645462266402319,1.605675016529858,1.6066811475902796,1.6192728101741525,218619072344064.0,134217728,32,0.0058237519115209,32,64,4,256,286474.0,bin_4
895,1.0421575507366905,0.5036421946660041,1.6507737878710032,1.6093661151826382,1.609647543169558,1.6232624820743995,438443955277824.0,134217728,256,0.0039794249460101,32,64,8,128,553482.0,bin_5
896,0.9789535023424928,0.2935715483810722,1.0418440573266707,0.982372313272208,0.977034711278975,1.0004170272926178,109879654225920.0,134217728,64,0.0008456164505332,64,32,8,128,141578.0,bin_4
897,1.0585746886352685,0.5,1.6468035446014255,1.6075586769729853,1.6081047365441918,1.6208223193728677,3492667183828992.0,1073741824,128,0.0384499989449977,32,64,8,128,553482.0,bin_5
898,0.7446198488303374,0.8095552547100165,0.9752136643473932,0.9431163349654526,0.9423535550013185,0.953561184771388,57084027856896.0,1073741824,16,0.0076198223978281,64,16,2,128,10602.0,bin_4
901,0.9767557176194956,0.6657825776516253,2.154790205648169,2.1470305137336254,2.154418701305985,2.1520798068959266,1028764087296.0,8388608,128,0.0002066735178232,128,16,4,256,19402.0,bin_1
902,0.9926667832566616,0.5991019020661877,1.143725140937022,1.044068189803511,1.0314893438480794,1.0730942248628708,59614400022528.0,268435456,16,0.0001240047567989,32,16,8,512,37002.0,bin_4
903,1.0413419291512696,0.4951310726310726,1.6504459305433556,1.6096718916669488,1.6100863683968782,1.6234013968690608,3603498679296.0,67108864,16,0.0385578833520412,32,16,2,128,10602.0,bin_1
904,1.1018441026419954,0.3793674231412327,1.2786068603163585,1.2447392148897052,1.2528640036471188,1.2587366929510608,55917447892992.0,268435456,128,0.0001697540428722,64,32,2,512,39626.0,bin_4
906,0.9736287506685296,0.3493103475008237,2.1689849724061787,2.164409425109625,2.166355170309544,2.166583189275116,70465732608.0,2097152,128,0.0002034569188253,64,16,1,128,6202.0,bin_0
907,1.0498789888226905,0.2907701258177448,1.26440405176254,1.2279992275871336,1.2371683679521084,1.243190549100594,6931145895936.0,67108864,64,0.0001731749653117,128,32,1,128,22634.0,bin_2
908,1.0876488951905436,0.5054831059592965,1.6467190464027226,1.6053734747692945,1.6080137742683291,1.620035431813449,438723020625408.0,536870912,32,0.0116490311920642,128,32,8,256,141578.0,bin_5
909,0.5908150633932295,0.9338462397390968,0.9373564516354236,0.9060021366458386,0.9100949487183244,0.9178178456665288,3436261811748864.0,1073741824,32,0.0002183569449698,128,64,8,128,553482.0,bin_5
910,0.9593318117677482,0.4895159382064145,1.056230519337987,1.017725691199303,1.0147241232916713,1.0295601112763204,7479975241728.0,268435456,16,0.0190368611365556,64,16,1,512,6202.0,bin_2
911,1.0859871196815718,0.5115206182706182,1.649825378204696,1.6088769594207406,1.610527727752924,1.6230766884594534,13773204169728.0,16777216,16,0.0076964739710092,64,32,8,256,141578.0,bin_2
912,1.0786131173421254,0.2959945301611968,1.1904104317218298,1.144531880505383,1.144409686792642,1.1597839996732848,456307989504.0,16777216,16,0.0291203279048204,128,16,1,256,6202.0,bin_0
913,1.354159532753667,0.3189486549605597,1.205910604840028,1.1655234908685088,1.1658647684380412,1.1790996213821927,964066277376.0,33554432,128,0.0175986066460609,64,16,1,512,6202.0,bin_1
914,1.1066373321696366,0.4452315303743875,1.711496023577638,1.657493353355676,1.6578847942873836,1.6756247237402324,3534880628736.0,4194304,32,0.0240978728979825,64,64,2,128,152970.0,bin_1
915,0.9568214165986828,0.5376958588149064,1.1101255997637054,1.059868400450796,1.0618841559626162,1.0772927187257058,27790565253120.0,67108864,128,0.0024032359942793,32,64,1,512,86218.0,bin_3
917,0.9656955272494252,0.399443854205759,2.10100936726667,2.094827324151993,2.0947435591369867,2.09686008351855,503226439680.0,8388608,64,0.0010812530526891,128,16,2,512,10602.0,bin_0
918,0.939340436106434,0.7220285221832841,1.069177335506538,1.0280834096483886,1.028527536895126,1.0419294273500177,216348974100480.0,536870912,128,0.0005189705407246,128,64,1,256,86218.0,bin_4
919,1.023247453922726,0.3672851958447196,1.4846677132882178,1.456140799447894,1.4586007939651608,1.4664697689004242,442800488448.0,2097152,64,0.0024701789952814,64,32,2,128,39626.0,bin_0
920,0.9731403020630246,0.3898569750355464,1.0315945849797572,0.9643904755357652,0.9599156687036156,0.985300243073046,882549832756224.0,1073741824,128,0.0002667429216671,64,32,8,256,141578.0,bin_5
921,0.9256153451947536,0.627848675574866,1.014444045984419,0.9480756365228444,0.94544865982607,0.969322780777778,115595606347776.0,1073741824,64,0.0016690412303432,64,16,4,256,19402.0,bin_4
922,0.9350287052046924,0.7019278305468782,1.1646431375775137,1.066450293175876,1.0486456691287458,1.0932463666273786,7295335329792.0,67108864,128,0.0046863332390785,32,16,4,256,19402.0,bin_2
923,0.956017174659237,0.4938598931932265,1.0407110167870997,0.9944291445426644,0.992046508938074,1.0090622234226128,112089158836224.0,1073741824,32,0.0143209025263786,32,32,1,256,22634.0,bin_4
924,0.9580360597774832,0.6371124017076397,1.0224868641234934,0.986833515111357,0.9894072017632424,0.9995758603326976,216507226570752.0,134217728,16,0.0021554655395448,64,64,4,256,286474.0,bin_4
925,0.9602390803481962,0.5118509189223476,1.297692758962512,1.2607429488562047,1.2598148924298584,1.2727502000828583,27755198631936.0,134217728,32,0.0135214393958449,32,32,2,128,39626.0,bin_3
926,0.9655552846001824,0.6689910045862426,1.9303291433025151,1.9160186555236576,1.9214258287101984,1.9225912091787905,1814363437056.0,16777216,256,0.0006540929316543,128,16,4,128,19402.0,bin_1
927,1.0679382445607175,0.3531879725213058,1.5856413953006268,1.5585622675716877,1.5551326358690858,1.5664454329138,246895239168.0,2097152,32,0.0042525213211774,128,32,1,256,22634.0,bin_0
928,1.0094636363179816,0.3481656082013225,1.9036453708540648,1.891878725029528,1.899937798269093,1.898487298050896,13954899075072.0,67108864,256,0.000121923192637,64,32,2,256,39626.0,bin_2
930,0.9656557630527168,0.7198077077243744,2.0242206160910428,2.013031462207437,2.019891547039151,2.019047875112544,3812828624640.0,33554432,64,0.0001902914664242,128,16,4,512,19402.0,bin_2
933,1.1021450661515175,0.3597026077978458,1.4008641336113214,1.3700085375458002,1.3684530518949032,1.3797752410173416,14561106988032.0,33554432,256,0.0023351279087364,128,32,4,256,73610.0,bin_3
934,0.949003952390354,0.5884829403400832,1.0308854132381384,0.995948244817555,0.9939926108345388,1.0069420896300774,55370661568512.0,536870912,32,0.0171920489519834,64,32,1,256,22634.0,bin_3
935,1.028496511605929,0.5928015476586905,1.2013502807094485,1.158268905710429,1.161764848511666,1.1737946783105144,6897278681088.0,16777216,128,0.0078272325918078,64,64,1,128,86218.0,bin_2
936,0.8800126214381973,0.7214169516550468,1.123128954153799,1.015201489906758,0.9879090879112482,1.0420798439906018,14299287714816.0,67108864,16,0.0004323723260313,32,16,8,128,37002.0,bin_3
938,1.0593061502601786,0.4954070189070189,1.6527804343495518,1.6090055899694562,1.6103591360151768,1.6240483867780615,13882857474048.0,33554432,16,0.0098851220682263,32,32,4,128,73610.0,bin_2
939,0.9895666422231796,0.4220405846358228,1.192217335003079,1.130729571916163,1.1304087722674012,1.151118559728881,14287640727552.0,67108864,128,0.0011132684303447,32,32,2,512,39626.0,bin_3
940,0.9825907508214085,0.3903630461249509,1.1212451274623163,1.0539644295349715,1.052564105950296,1.075924554315861,6950332858368.0,16777216,32,0.0016118523199111,64,32,4,128,73610.0,bin_2
941,1.1660493959046752,0.5354448501234216,1.2545761057408529,1.217136477585882,1.2150735114701092,1.228928698265615,1806110810112.0,16777216,256,0.002972965594381,32,16,4,128,19402.0,bin_1
943,0.9647901551141947,0.7137488133559561,2.0062686402816325,1.9946926198899744,2.0007232539355755,2.0005615047023944,118357248000.0,1048576,32,0.0008447559666819,64,16,4,256,19402.0,bin_0
944,0.961110252817606,0.5757454864359626,1.888935157097876,1.8771209390833967,1.8780786246061325,1.8813782402624688,907089008640.0,8388608,32,0.0004122351238038,64,32,1,512,22634.0,bin_1
945,1.332011853697762,0.3306042766757052,1.224292425409658,1.1882145800627768,1.186627737712115,1.1997115810615169,903668253696.0,16777216,16,0.001620887662284,128,16,2,256,10602.0,bin_1
946,1.061408232427512,0.4938509176009176,1.6503552065696567,1.6096137017011642,1.6129432152956724,1.6243040411888312,221974420521984.0,268435456,32,0.0168958697468042,64,32,8,512,141578.0,bin_4
947,1.1673449835951324,0.3549537094298999,1.6703733878675848,1.6283945078030229,1.637506503611803,1.6454247997608036,446113210368.0,2097152,64,0.0101432856172323,128,32,2,256,39626.0,bin_0
948,0.9742291225624372,0.3491176759748187,2.1935776858590543,2.1897689886391163,2.1914997827261686,2.1916154857414463,83680696320.0,2097152,64,0.0001676383253652,128,16,1,512,6202.0,bin_0
950,0.5467489653622837,0.9034438550867124,1.0060272647679085,0.9179358703549952,0.910212288144976,0.9447251410892932,442885660065792.0,1073741824,64,0.0003251002926845,32,32,4,128,73610.0,bin_5
952,1.01526494877674,0.3493305662591377,1.7308090110309422,1.710467032156885,1.7162014115601778,1.7191591515826683,926221228032.0,33554432,128,0.0011892785551026,128,16,1,256,6202.0,bin_1
953,0.9469822898755152,0.6718214796667178,1.023108643348678,0.987360608531162,0.9865179262124002,0.9989957260307468,59694822475776.0,1073741824,64,0.0111163090914487,128,16,2,512,10602.0,bin_4
954,1.2783400377275649,0.4584101414458557,1.3677046319353394,1.317558060400188,1.3351002838462591,1.3401209920605954,231399871488.0,4194304,16,0.0263053532689809,32,16,2,256,10602.0,bin_0
955,1.155001474171773,0.4197082122022598,1.701275663683191,1.6527130170725286,1.6628377884626389,1.6722754897394527,546253307904.0,2097152,128,0.0221407879143953,32,16,8,256,37002.0,bin_0
956,1.0434963806063071,0.4080395812300574,1.8285341279115528,1.8103325245901944,1.81391603127122,1.817594227924322,7483138777344.0,33554432,16,0.000156058333232,64,16,8,512,37002.0,bin_2
957,0.9559741098134626,0.7327380939166653,1.2899221177212894,1.2415707712061703,1.239867176860571,1.2571200219293437,54638383715328.0,33554432,32,0.0039635361172258,64,64,4,512,286474.0,bin_3
958,0.6158735319114467,0.8859338637552923,0.9747021902076084,0.9342283899895848,0.9348536105826496,0.947928063593281,222065461862400.0,1073741824,128,0.0034617325291037,32,32,2,128,39626.0,bin_4
959,0.955555444257862,0.482075402551593,1.028285033244174,0.9901498174294828,0.9855913454666734,1.0013420653801102,27667070318592.0,268435456,16,0.0035984842106699,64,32,1,256,22634.0,bin_3
960,0.9560407229058052,0.6034601839958983,1.1126155973179266,1.0625517568551004,1.0645852903835475,1.0799175481855248,6919462170624.0,67108864,64,0.0021511325612664,128,32,1,128,22634.0,bin_2
962,1.04345741927085,0.4447437227675322,1.508914181147702,1.4861587034538388,1.4860235815867782,1.493698822062773,14212048982016.0,134217728,128,0.0001004276709863,32,32,1,512,22634.0,bin_3
963,1.0681330844039798,0.385717944753659,1.206707119679777,1.1631485125981271,1.169036918785423,1.1796308503544424,6978572285952.0,33554432,16,0.0001437732862541,64,32,2,256,39626.0,bin_2
964,1.0820933201088117,0.4869071206571205,1.6479391338070857,1.6056099208071828,1.608528538607061,1.6206925310737763,14497053038592.0,134217728,64,0.0318278074264526,64,16,4,256,19402.0,bin_3
965,0.5540195654703481,0.9081105376105376,1.0387886749231257,0.9340906196739523,0.9136249418370426,0.9621680788113736,884642324877312.0,1073741824,64,0.00014820281649,32,32,8,128,141578.0,bin_5
966,1.014350340437305,0.659769396388444,1.090289778294391,1.044888297561556,1.0539502114988863,1.0630427624516112,54025209925632.0,67108864,16,0.0003409753844607,128,64,2,256,152970.0,bin_3
968,0.7448446560331675,0.789409361802219,0.9609291593333182,0.9269072215538472,0.9273546463809909,0.9383970090893854,879253908713472.0,1073741824,16,0.0024354460183531,32,64,2,512,152970.0,bin_5
969,1.0857893190917345,0.5681681488705298,1.7476139074424282,1.6897276621311903,1.6909797843545675,1.7094404513093953,455061848064.0,1048576,16,0.0165699906647205,32,64,1,128,86218.0,bin_0
970,0.984015299769096,0.3948972786472786,1.857901523821056,1.841690988279879,1.8434937549754973,1.847695422358811,1895128962048.0,33554432,256,0.0018210344715043,64,16,2,512,10602.0,bin_1
971,0.9523054521089748,0.3752356268070553,1.0673394841505797,1.0174161894246936,1.0147935627028346,1.0331830787593692,54836785803264.0,268435456,256,0.0045505263842642,128,32,2,128,39626.0,bin_3
972,1.0343716377270396,0.294881210500258,1.289000318327453,1.2517784107476473,1.2692031329497695,1.2699939540082898,1076454254592.0,8388608,128,0.0083706453442573,64,32,1,512,22634.0,bin_1
975,1.0372376118485722,0.3466352725757488,1.7551964721642437,1.7398167243227365,1.7433358505368233,1.7461163490079343,1019740545024.0,2097152,32,0.0004899014020338,64,64,1,256,86218.0,bin_1
977,1.1348816175881682,0.4885999674928246,1.3691683873184957,1.3302707513794303,1.3515140041708946,1.3503177142896068,7609552880640.0,4194304,16,0.0034065491054207,128,64,4,512,286474.0,bin_2
978,1.0689769411274936,0.504983201983202,1.6750623562838882,1.62875931058079,1.6294182343408463,1.6444133004018415,27623011087872.0,33554432,16,0.0145095558837056,128,32,8,256,141578.0,bin_3
979,1.024711221125557,0.3681722911127673,1.7937691835686564,1.7706456994637847,1.7746062548831103,1.7796737126385171,100128491520.0,1048576,256,0.0377548858523368,64,16,2,256,10602.0,bin_0
980,0.9493140231653864,0.7478611260873166,1.0345108102555969,0.9842142523266376,0.9788757003843784,0.9992002543222044,438180641439744.0,268435456,256,0.0037380028516054,32,64,4,256,286474.0,bin_5
981,0.9663696722507488,0.5345690601285839,1.0446717465529218,0.9953393978066742,0.9943883568048476,1.011466500388148,28530200318976.0,134217728,16,0.0033710352145135,128,16,8,128,37002.0,bin_3
983,1.050035099096824,0.3475731530374387,1.3982461628038436,1.3705355715937912,1.3773627132177353,1.3820481492051233,7130152046592.0,33554432,128,0.0005686897202394,64,32,2,256,39626.0,bin_2
984,0.9547149318056226,0.5879806454568359,2.06885211286135,2.063818662427366,2.063250418752432,2.0653070646803826,127874985984.0,1048576,64,0.0013496278552338,64,32,1,256,22634.0,bin_0
987,0.9487376900449612,0.64740947280233,1.160604501812486,1.0930249029770494,1.087327538523823,1.113652314437786,7034486341632.0,67108864,128,0.000753101252485,32,32,1,256,22634.0,bin_2
988,0.9738745940640984,0.3477764153835582,2.0874717640690506,2.0802461691200733,2.082986015826464,2.083567983005196,28363929600.0,1048576,32,0.0002965728635899,32,16,1,128,6202.0,bin_0
989,0.2179189546292886,0.9885496003115052,0.9378451513621258,0.9108888951595872,0.9073260189034044,0.9186866884750392,1731073480851456.0,1073741824,32,0.0018528983928263,64,64,4,128,286474.0,bin_5
992,0.955126395891957,0.5868285083523178,1.0430430699707358,0.9934377148747444,0.9968907115980984,1.0111238321478595,109938007615488.0,536870912,16,0.0001908490376081,128,32,2,256,39626.0,bin_4
993,1.0740924115966477,0.5029427516927517,1.642511301441118,1.6033753920346498,1.6065995264798405,1.6174954066518694,433971148959744.0,268435456,32,0.0255395714193582,64,64,4,256,286474.0,bin_5
994,1.265341461208595,0.3278159459588031,1.148164749640273,1.0851270710118115,1.0865302085876465,1.1066073430799104,7147632052224.0,33554432,64,0.0013030361151322,64,16,8,128,37002.0,bin_2
995,1.261396924379573,0.3205743731577065,1.191513768106233,1.1490692752413452,1.1508213919587431,1.163801478435441,3758662748160.0,134217728,128,0.0020485650748014,64,16,1,512,6202.0,bin_2
996,0.9954909245800384,0.7970639259329736,1.0460375163238496,0.9972422230057418,1.0001445752568543,1.0144747715288152,238365137277312.0,1073741824,32,0.0003380105190444,128,16,8,512,37002.0,bin_4
997,0.8882818861149545,0.7379575662432805,1.009823688531469,0.9548218955751508,0.9509660811163484,0.9718705550743229,866935217725440.0,1073741824,64,0.0001199692051159,64,64,2,128,152970.0,bin_5
1000,1.0237354939049257,0.3615086047109856,1.1616897941275963,1.102948701940477,1.1037078043445945,1.122782100137556,55030137034752.0,67108864,128,0.0003738547966349,64,32,8,128,141578.0,bin_3
1001,0.8237964495271979,0.7543733153971249,0.9979500113331596,0.9538170739542692,0.9486853340640664,0.9668174731171651,218472961130496.0,268435456,64,0.0046267514117062,32,64,2,128,152970.0,bin_4
1002,1.5595021268888682,0.3338050868884202,2.1342950999969617,2.0492303879000247,2.070100724697113,2.0845420708647,219932000256.0,1048576,64,0.0201016124337911,128,32,2,128,39626.0,bin_0
1003,1.2496104832565262,0.336046460153603,1.527506994199939,1.4956317050382495,1.4933161530643702,1.5054849507675196,2113438279680.0,4194304,64,0.0067813415080308,128,64,1,512,86218.0,bin_1
1005,1.075000792916763,0.4964714220964221,1.6476939668646082,1.6057785656303167,1.6088783284649253,1.6207836203199502,220096003270656.0,268435456,32,0.0061925710178911,64,32,8,256,141578.0,bin_4
1006,0.9694914621837836,0.4014588255659683,2.181572417728603,2.17794100381434,2.176859514787793,2.178790978776912,69124638720.0,1048576,64,0.0012193290749564,32,16,2,512,10602.0,bin_0
1007,0.9731969159618612,0.3480688143426238,2.129313283599913,2.1234745662659407,2.1258727200329304,2.1262201899662614,502568226816.0,16777216,256,0.0002379387442488,64,16,1,256,6202.0,bin_0
1008,0.9755519696825812,0.389072207334112,1.7904317558277398,1.7752891052514317,1.7757523441687226,1.7804910684159647,452179992576.0,4194304,64,0.0009051023516803,128,32,1,128,22634.0,bin_0
1010,1.1316008984929276,0.4883911108732537,1.6579102744581178,1.614406925626099,1.6182108810171485,1.6301760270337884,28356798692352.0,33554432,128,0.0310656819492578,32,32,8,512,141578.0,bin_3
1011,0.8869786092904682,0.8624552000028191,1.0647367134515662,0.968491590116173,0.947820670902729,0.993682991490156,885027186769920.0,1073741824,256,0.0002871392352972,32,32,8,128,141578.0,bin_5
1012,1.3797331255673644,0.3492645449788306,1.2451229221187532,1.2113904901780188,1.2131701624020934,1.2232278582329552,7189962476544.0,33554432,64,0.0012027042685076,128,16,8,128,37002.0,bin_2
1013,1.050262854315208,0.6075945694517123,1.1556352406332735,1.1001695948652923,1.09399030264467,1.1165983793810783,13732978274304.0,33554432,32,0.0008481447584927,64,64,1,512,86218.0,bin_2
1014,0.5897322057388886,0.9014202155868823,1.0164477603975683,0.9246882935985924,0.9158403556793928,0.9523254698918512,885055082323968.0,1073741824,128,0.0002752262807916,32,32,8,128,141578.0,bin_5
1015,1.3472672736289872,0.4997570161320161,2.138294122181833,2.1244791941717267,2.137528048828244,2.1334337883939347,3771665501184.0,8388608,64,0.0465695336461067,128,32,4,256,73610.0,bin_2
1016,1.048594155125956,0.6017492538325871,1.6525968424975872,1.6133939512073994,1.614513852633536,1.6268348821128409,14370700013568.0,134217728,64,0.0174637511372566,32,16,4,128,19402.0,bin_3
1017,1.0576936737674771,0.3857066932185979,1.503320296178572,1.4759427243843677,1.4773018853738904,1.4855216353122769,1799965605888.0,33554432,128,0.0002744077937677,32,16,2,128,10602.0,bin_1
1018,1.003604241700519,0.347289610301515,1.8701524415519089,1.856810244731605,1.857076614163816,1.8613464334824432,13779773936640.0,16777216,128,0.0003967011289205,128,32,8,128,141578.0,bin_2
1021,0.964645974009468,0.3986219754672135,2.055639189435169,2.047755578532815,2.047147389501333,2.050180719156439,148374306816.0,1048576,128,0.006084784399718,128,16,2,256,10602.0,bin_0
1022,1.0817241904626709,0.6716410102243436,1.110510398764745,1.0596377640031278,1.0630360930226743,1.0777280852635158,14385658699776.0,536870912,32,0.0001418962347088,128,16,1,128,6202.0,bin_3
1025,0.9829413320127768,0.7241107076345171,1.1161567415983882,1.054782945662737,1.0586890592239795,1.076542915495035,15012376780800.0,134217728,64,0.0056586517021059,64,16,4,512,19402.0,bin_3
1026,0.9850628826649016,0.3923167154714773,2.2413077652454376,2.240529425442219,2.2399028819054365,2.2405800241976976,1088828628480.0,1048576,256,0.0023766502272337,64,16,8,512,37002.0,bin_1
1028,0.7801899087960802,0.8183830847283228,1.0265814073572983,0.98916656547226,0.9960302878171206,1.0039260868822264,54819317176320.0,536870912,16,0.0016924671363085,128,32,1,128,22634.0,bin_3
1031,0.9499765267401746,0.5979853215567501,1.0993870152342424,1.0444898577407002,1.0409677405841649,1.061614871186369,14002812076032.0,134217728,256,0.0107181146740913,32,32,1,256,22634.0,bin_2
1032,1.0754639472643273,0.5681575959314055,1.6445396346971393,1.609014293178916,1.61097607947886,1.6215100024516385,436759659995136.0,1073741824,256,0.029127549380064,64,64,1,512,86218.0,bin_5
1033,0.9318464854555618,0.7509234345901011,1.0190240000811173,0.9590401877649128,0.9563661557622254,0.9781434478694184,438973000943616.0,268435456,64,0.0014835165347903,32,64,4,512,286474.0,bin_5
1034,1.3143595391913776,0.3427828921519397,1.2521464136079885,1.2134351157583296,1.219844225794077,1.2284752517201316,2150284996608.0,4194304,32,0.0049373786896467,64,64,1,512,86218.0,bin_1
1035,0.9740600363968668,0.3492186860758288,2.1866347240284085,2.1826250441372395,2.18440549261868,2.184555086928109,87922470912.0,2097152,64,0.0001733289536787,128,16,1,256,6202.0,bin_0
1036,1.1595973296620532,0.3166532162722639,1.2195172684150748,1.180709748994559,1.184080961626023,1.194769326345219,27147980734464.0,67108864,128,0.0002281529741594,64,64,1,256,86218.0,bin_3
1037,1.2380288200255825,0.5786423166780309,1.293358540860936,1.2614471199922264,1.2616007532924414,1.272135471381868,1848313436160.0,16777216,128,0.0024781068786978,32,16,4,256,19402.0,bin_1
1038,1.2211396969218946,0.3129937359818311,1.2082910503086168,1.153194237034768,1.1460791896097362,1.1691881589843736,26832449058816.0,8388608,16,0.0007753447280265,128,64,8,128,553482.0,bin_3
1039,0.9838678102742318,0.4814389851770803,2.293091753963381,2.2952541317790747,2.3018247801810503,2.296723555307836,29606897312256.0,16777216,256,0.0001075646214303,128,64,4,512,286474.0,bin_3
1040,1.0262949695297647,0.3869307117045212,1.8626959677785635,1.848999969661236,1.8561123283579943,1.8559360885992648,57529693138176.0,16777216,256,0.0004985322593711,128,64,8,512,553482.0,bin_4
1041,1.0466148485486544,0.3909600205790681,1.8888114006258547,1.8716212064027784,1.8779945755377407,1.8794757275221248,448547954688.0,2097152,128,0.0057179578579962,64,16,8,128,37002.0,bin_0
1042,0.9902207673377612,0.393619794226937,1.1452527640212793,1.1029044152237475,1.0976980137638748,1.1152850643363006,27378547912704.0,33554432,16,0.0049217282794415,32,64,2,256,152970.0,bin_3
1043,1.0472406478061054,0.3785760520343853,1.6807289556600151,1.6421269355341792,1.6467326311394572,1.6565295074445503,270459577344.0,1048576,16,0.0126016791909933,32,16,8,512,37002.0,bin_0
1044,9.074166754823676,0.4678910100041052,12.038981543897536,11.892050236463549,11.761478301137686,11.89750336049959,6952530653184.0,8388608,32,0.0457792542874813,128,64,2,512,152970.0,bin_2
1045,1.1142792747090984,0.3139660700851177,1.1903742545546263,1.1400329410098493,1.1343057760968804,1.1549043238871188,7217933918208.0,16777216,64,0.0015638304175809,32,64,1,512,86218.0,bin_2
1046,1.0228242022010274,0.5105004162504162,1.65393120306544,1.6185809196904302,1.6187562812119722,1.630422801322614,58055542588416.0,268435456,128,0.0289353635162115,64,16,8,256,37002.0,bin_4
1047,0.9599038898992376,0.5766791810482287,1.9496314167045057,1.9397367490455508,1.94056836143136,1.943312175727139,449126768640.0,4194304,64,0.0006875550607219,32,32,1,512,22634.0,bin_0
1048,1.1630805078858153,0.4241883724740867,1.2197142500372138,1.176849044859409,1.1778179542161524,1.1914604163709253,3565767272448.0,33554432,32,0.0002675712166819,64,16,4,128,19402.0,bin_1
1049,1.051082694234921,0.5,1.6452660833019763,1.6062696315348148,1.6076229261234405,1.6197195469867438,861723389399040.0,536870912,32,0.0321911796927452,128,64,4,256,286474.0,bin_5
1051,1.017520546395268,0.3687754630730821,1.7744233256671578,1.756635564379394,1.7622938640415668,1.7644509180293728,236947513344.0,1048576,32,0.0011193685932084,32,32,2,256,39626.0,bin_0
1052,1.0429165471793924,0.503798602631936,1.6529687761794776,1.6114238621667027,1.6123249530792236,1.6255725304751347,222705870563328.0,134217728,256,0.0308160930871963,64,64,4,512,286474.0,bin_4
1053,0.9855543492555016,0.3935496593353736,2.119650157634169,2.11405807826668,2.1156523190438747,2.116453518314908,1962987706368.0,8388608,256,0.0008144340827129,32,16,8,256,37002.0,bin_1
1054,0.6474260153426592,0.916575408718266,1.014133135027805,0.9412161139771342,0.9322135522961617,0.9625209337670336,222863828287488.0,1073741824,64,0.001889215549454,32,32,2,256,39626.0,bin_4
1055,1.2519366709248805,0.5138241872765682,1.397107383294497,1.3714233343489468,1.362666747532785,1.3770658217254097,3484483264512.0,33554432,256,0.0412897728383541,64,32,1,128,22634.0,bin_1
1056,0.8167524933523772,0.7079370091989139,0.9858470810395374,0.9526495258323848,0.9556731334887444,0.9647232467868888,59647716182016.0,1073741824,64,0.0153790526092052,64,16,2,512,10602.0,bin_4
1057,1.0072687456910476,0.3972033389890532,1.9969432190991936,1.9860362075269224,1.9895494654774664,1.9908429640345275,3670947468288.0,16777216,64,0.0003351159975863,64,16,8,256,37002.0,bin_2
1058,1.035612481138083,0.5018599486932821,1.6819100053980949,1.6533308001235127,1.658275544643402,1.6645054500550032,107910413955072.0,67108864,64,0.0344664379954338,128,64,4,256,286474.0,bin_4
1059,1.1617704653383936,0.3999279930827549,1.4389426074922085,1.3868012516759336,1.3731724824756384,1.399638780547927,224144401496064.0,67108864,256,0.0024399992544203,32,64,8,512,553482.0,bin_4
1060,0.9445799034388724,0.572967638181924,1.232312375039328,1.1783704399131238,1.1746637090109289,1.1951155079877935,6926845870080.0,16777216,128,0.0080773318186402,64,64,1,128,86218.0,bin_2
1061,1.0595043573706773,0.4933997988343226,1.6465912708081305,1.6058481885120273,1.6082272054627538,1.6202222215943038,3449178651939840.0,1073741824,64,0.0102662527933716,128,64,8,256,553482.0,bin_5
1062,1.0450068287155634,0.3135933814862385,1.43385967775248,1.410383061505854,1.4105261228978634,1.4182562873853992,6885994364928.0,8388608,32,0.000266103161266,32,64,2,512,152970.0,bin_2
1063,1.0711522176803712,0.4027139302496444,1.734330209204927,1.7069380749017,1.7154832342639563,1.7189171727901946,968490165504.0,4194304,16,0.0022809673100709,64,16,8,512,37002.0,bin_1
1064,0.9976611316787114,0.3937338001504668,1.7822486946824938,1.762202781625092,1.764084375463426,1.7695119505903374,921234395136.0,16777216,128,0.0007089617429301,32,16,2,256,10602.0,bin_1
1065,0.9475869778364276,0.5528060991037181,1.076149387678015,1.0196837442927065,1.0178456120193005,1.0378929146633409,54910646464512.0,134217728,16,0.0001024724188027,64,32,4,128,73610.0,bin_3
1066,0.964075511767444,0.6067394624775577,1.1822118647469324,1.074611417017877,1.0479618404060602,1.1015950407236232,223921988407296.0,134217728,256,0.0021920050494372,32,64,4,512,286474.0,bin_4
1067,1.142644830232628,0.3664699453985169,1.5772639084607365,1.5474904468283055,1.549120075069368,1.5579581434528034,536377073664.0,1048576,64,0.0032893295865505,64,64,1,256,86218.0,bin_0
1068,1.0242739336903413,0.5624364427459666,2.4336006231606007,2.4356146827340126,2.428916070610285,2.432710458834966,556006600704.0,1048576,64,0.0338123217225074,32,32,4,256,73610.0,bin_0
1069,0.9773508555002132,0.4492299860633193,1.0254856683750404,0.9666666875127704,0.9644562164321542,0.9855361907733216,877794967486464.0,1073741824,256,0.0003095337597187,64,32,8,128,141578.0,bin_5
1071,0.9321549345314484,0.7061484247674724,1.0615841965081927,1.0036625554785132,0.996290434151888,1.0205123953795312,54308734992384.0,67108864,16,0.0012800290714949,64,64,2,256,152970.0,bin_3
1072,1.1590025231803198,0.3024191985263413,1.3991007782751694,1.3692435547709465,1.368428198620677,1.3789241772222642,110449374222336.0,33554432,64,0.00010756811389,32,64,8,512,553482.0,bin_4
1073,0.9427837835134448,0.722008419270324,1.0354631941736443,0.9770888260100036,0.977642641402781,0.996731553862143,433344792999936.0,134217728,32,0.0002270996919833,64,64,8,256,553482.0,bin_5
1074,1.0659406183718654,0.5805310619715381,1.205452529102331,1.1508758557029068,1.1411725021898746,1.1658336289983708,7044802209792.0,67108864,16,0.0001031863357638,32,32,1,512,22634.0,bin_2
1076,1.004771515862792,0.372824950182093,2.320527443662286,2.3205054458230734,2.321010435000062,2.320681108161807,1909984868352.0,4194304,256,0.0001329006045125,128,32,2,512,39626.0,bin_1
1077,1.0615111709462932,0.4054516387492577,1.6540326119866222,1.6188430460169911,1.6207494782283902,1.6312083787440013,1827272871936.0,16777216,256,0.0266062449663877,32,16,4,256,19402.0,bin_1
1079,1.0440109762885643,0.4976558247748723,1.1311550170357805,1.0790164144709706,1.0882353209890423,1.099468917498598,119542634075136.0,536870912,64,0.0004729825013782,128,16,8,512,37002.0,bin_4
1080,0.9733842189220772,0.3489947001851763,2.1548144116532058,2.149755148217082,2.1518966145813465,2.1521553914838782,57877069824.0,2097152,64,0.000135009700898,64,16,1,128,6202.0,bin_0
1081,0.9911422978104836,0.4068846770513437,1.2010804273013491,1.1180953495204449,1.09983939724043,1.139671724687408,6924655263744.0,33554432,64,0.0026936356443911,64,32,2,256,39626.0,bin_2
1082,0.980570132035233,0.6430629071105262,2.182750852080062,2.17563808336854,2.18305498175323,2.180481305733944,1045715413248.0,8388608,256,0.0004621871630661,128,16,4,512,19402.0,bin_1
1084,1.078547701844782,0.5233115665198999,1.6453823907068,1.6055182041600349,1.6075806645676494,1.619493753144828,445883647342848.0,536870912,256,0.0292685441672801,128,32,8,512,141578.0,bin_5
1085,0.9880025664123768,0.4951879689974927,1.343006080482155,1.31362783908844,1.3091912041418254,1.3219417079041402,3480596520960.0,2097152,32,0.005182079039514,32,64,4,128,286474.0,bin_1
1086,1.044751270152598,0.5246581874915207,1.6747664219001308,1.6232204651460052,1.6240352457389235,1.6406740442616865,29408188208640.0,16777216,64,0.0090257292613387,128,64,4,512,286474.0,bin_3
1087,1.468708173802851,0.508402207580779,1.4070960440440103,1.351352363359183,1.3624835521914065,1.3736439865315333,7122754314240.0,67108864,256,0.0373479947447776,32,32,1,256,22634.0,bin_2
1088,1.008067351965135,0.3410883781121876,2.098022969905287,2.092680711299181,2.098154490813613,2.0962860573393605,244577120256.0,1048576,32,0.000442162505351,64,32,2,256,39626.0,bin_0
1089,0.9752462487509316,0.3616198536912822,1.777079977095127,1.7562314243987205,1.7520842095836997,1.761798537025849,526032783360.0,2097152,256,0.0089742699638009,64,32,1,512,22634.0,bin_0
1090,1.2656111611811982,0.3609358362096457,1.276004963903688,1.2466929517686367,1.2499579284340143,1.2575519480354462,1875086542848.0,67108864,32,0.0009508251096121,128,16,1,512,6202.0,bin_1
1092,0.9541303863052696,0.5872658725753964,2.097511636093259,2.092737954109907,2.0927785579115152,2.094342716038227,304252526592.0,2097152,128,0.0005847956053912,64,32,1,128,22634.0,bin_0
1093,0.9710205747732203,0.6866895533919344,1.1589628662623,1.0942230909131467,1.0815820707939563,1.1115893426564678,13806985396224.0,33554432,128,0.0003926107601728,32,64,1,128,86218.0,bin_2
1096,1.0415714197548769,0.4618492799088037,1.139005695382366,1.0878630876541138,1.0935995867475867,1.106822789928022,7429297797120.0,134217728,32,0.0008970624767243,64,16,2,512,10602.0,bin_2
1098,1.0810255207172343,0.504995992103135,1.4289276124036403,1.3010910521261394,1.2043366800062358,1.3114517815120053,868362301440.0,4194304,32,0.0110279135406017,32,32,2,128,39626.0,bin_0
1100,1.176103166546236,0.3064437815271148,1.2401286686654205,1.2054200996644795,1.2015478438697755,1.215698870733225,230613516288.0,4194304,64,0.0097835417836904,32,16,2,128,10602.0,bin_0
1101,1.033471153054084,0.5,1.649019806180149,1.6145129706710577,1.6156817013397813,1.6264048260636628,875908805855232.0,268435456,16,0.0311756115406751,32,64,8,512,553482.0,bin_5
1102,0.9735389868775512,0.3486046581284676,2.165194589179009,2.1605200115591288,2.162506701424718,2.1627404340542853,29074673664.0,1048576,32,0.0001156269281636,64,16,1,128,6202.0,bin_0
1103,0.9288659847603404,0.7160948733805875,1.127022978842433,1.037638123612851,1.0050226477906108,1.056561250081965,54816549961728.0,67108864,64,0.0032820848282426,32,64,2,256,152970.0,bin_3
1104,0.5683508709407681,0.8968382486120582,0.985403347583997,0.9292219635099171,0.9262920184992254,0.9469724431977132,224678988791808.0,1073741824,16,0.0014952580677345,32,32,2,512,39626.0,bin_4
1105,1.0337963871531206,0.4325917363060221,1.7852795952931046,1.7646396337077022,1.7690727803856134,1.77299733646214,502534889472.0,2097152,128,0.0198853723704814,64,32,2,512,39626.0,bin_0
1106,0.974325684767456,0.4019632285703713,2.227739835623652,2.2254397440701723,2.2238290887326,2.2256695561421416,136140524544.0,2097152,64,0.0007477185572497,64,16,2,512,10602.0,bin_0
1107,0.9621607313981652,0.6353679248441153,1.1252026580368693,1.044934967532754,1.028735631145537,1.06629108557172,1811371665408.0,67108864,32,0.0078475400805473,32,16,1,128,6202.0,bin_1
1108,3.6863508267831535,0.4564743898077231,4.82748402674406,3.5528317242860794,3.148310411721468,3.842875387583869,1017288056832.0,2097152,64,0.0293282121419906,32,64,1,512,86218.0,bin_1
1109,0.3097509609910772,0.9902075125051316,0.934621277709084,0.9061493759509176,0.9070621163118632,0.9159442566572884,866904133410816.0,1073741824,64,0.0013347574276849,64,64,2,128,152970.0,bin_5
1110,1.2574917328597548,0.3442671336599907,1.2559468043618836,1.2201732411049306,1.2230625385418534,1.2330608613362226,7381119787008.0,134217728,256,0.0010042925132438,64,16,2,256,10602.0,bin_2
1111,0.9577324369703528,0.5518774263655216,2.2204820341430604,2.217835733667016,2.2170498594641685,2.2184558757580817,7578716012544.0,8388608,256,0.0001683198061073,64,64,2,256,152970.0,bin_2
1112,1.039852468677599,0.3903944706087562,1.936631908873096,1.9224925246089697,1.928513697348535,1.929212710276867,264686453760.0,1048576,32,0.0125269815325737,64,16,8,512,37002.0,bin_0
1113,0.2231514084551873,0.9873518831256926,0.9166483365261228,0.8896892913617194,0.8917289557866752,0.8993555278915059,1748612769546240.0,1073741824,128,0.0022764711175113,32,64,4,128,286474.0,bin_5
1115,1.0580274637701204,0.3487684841613412,1.6725983363576231,1.6456023138016462,1.651859370060265,1.6566866734065115,28712010332160.0,8388608,64,0.0005574767710641,64,64,8,512,553482.0,bin_3
1117,1.1136768665932957,0.3599228879586022,1.599521064083092,1.5753418393433094,1.578707437030971,1.584523446819124,6990224769024.0,16777216,128,0.0006878058775328,128,64,1,256,86218.0,bin_2
1119,1.0650883600858745,0.3500031705507895,1.3479456610511988,1.3167082383297384,1.3166929865255952,1.3271156286355108,449324347392.0,2097152,16,0.0008288017706945,32,32,2,256,39626.0,bin_0
1121,1.02528321206882,0.3204687125044268,2.4265399985015392,2.429746275767684,2.428400726988912,2.4282290004193783,3641835316992.0,4194304,128,0.000142052755109,128,32,8,512,141578.0,bin_2
1122,1.2990168917518272,0.3128421472707187,1.332370479707606,1.2905660909600556,1.2890402865596116,1.3039922857424244,28146901819392.0,8388608,128,0.0019612677861005,32,64,8,128,553482.0,bin_3
1124,1.0553227652281332,0.3142240687002591,1.1911208702076692,1.1488490058109164,1.158849276136607,1.1662730507183976,55324982983680.0,67108864,32,0.0001227448665304,64,32,8,256,141578.0,bin_3
1126,1.16382635106843,0.5258947897340756,1.6688085517380389,1.623786014970392,1.629096363671124,1.6405636434598516,3484297617408.0,4194304,16,0.0051531307399272,32,32,8,256,141578.0,bin_1
1129,0.9345785577089014,0.6967407935979364,1.0637327794938756,1.010681217070669,1.0061811138875782,1.0268650368173742,14907070430208.0,268435456,16,0.001953350380063,64,16,2,512,10602.0,bin_3
1130,0.9644163679110824,0.2949281419638562,1.135008635734266,1.0452508092857895,1.0231543071568012,1.0678045840589525,28298892337152.0,67108864,64,0.0027292419690638,32,32,4,512,73610.0,bin_3
1131,1.0626703945774043,0.3792492833445215,1.7046384545974431,1.6608264679089189,1.6609620051458478,1.6754756425507369,279869509632.0,4194304,32,0.0282994676381349,128,16,2,256,10602.0,bin_0
1132,1.074237906275603,0.4342234802234803,1.6446025234181434,1.605447276495397,1.609511882066727,1.6198538939934224,26905013256192.0,67108864,16,0.0110331308096647,128,64,1,128,86218.0,bin_3
1134,1.234310417696957,0.2842763647287457,1.195444856857648,1.146555395796895,1.14951674034819,1.1638389976675778,905569886208.0,33554432,64,0.0037562062498182,128,16,1,128,6202.0,bin_1
1136,0.956265762103192,0.7245609042632853,1.061117356424802,1.0211725300177932,1.02524338895455,1.0358444251323815,435902140846080.0,1073741824,256,0.0014721205225214,128,64,1,512,86218.0,bin_5
1137,1.0726951442351336,0.5236026473526474,1.6446488522924485,1.6065352950245142,1.6099118031561377,1.6203653168243666,59743177027584.0,1073741824,128,0.04933787509799,64,16,2,512,10602.0,bin_4
1140,1.1767387757869625,0.4168434598910789,1.1961186745029408,1.1525385305285454,1.1539063537493348,1.1675211862602737,1790776455168.0,33554432,64,0.0009147074306383,64,16,2,128,10602.0,bin_1
1141,1.1314899220343786,0.3306558591320496,1.613031876157038,1.5819768458604813,1.5849838890135288,1.5933308703436826,1839438876672.0,2097152,128,0.0041925455443561,128,64,2,128,152970.0,bin_1
1142,1.0756475842669362,0.3781314523219285,1.672927331062965,1.6280159493908286,1.6257959408685565,1.64224640710745,14320901572608.0,16777216,256,0.0066709397360682,64,32,8,128,141578.0,bin_3
1143,1.0029510433155215,0.480583981714934,1.1246219029271742,1.0894408486783504,1.0818226216360929,1.098628457747206,110220251283456.0,268435456,128,0.0118586057797074,32,64,1,512,86218.0,bin_4
1144,0.9737757980771288,0.3954740308192688,1.9518996691331267,1.9398984108120203,1.941351167857647,1.944383082600932,1038644087808.0,16777216,256,0.0048304661177098,128,16,2,512,10602.0,bin_1
1145,1.0554664816027906,0.336979788289312,1.1020155333681032,1.050203999504447,1.049601270351559,1.067273601074703,3567179900928.0,67108864,16,0.014157947152853,128,16,2,128,10602.0,bin_1
1146,0.9591077212102228,0.6130499161332494,2.0412413810845464,2.0340587198734283,2.039667584002018,2.038322561653331,3469980573696.0,8388608,256,0.0001192581912619,32,32,4,128,73610.0,bin_1
1147,0.9737972176687054,0.6704889228936848,1.059524827709538,1.0158386887051165,1.0151145588606596,1.0301593584251048,7330771230720.0,134217728,128,0.0138122234493494,32,16,2,256,10602.0,bin_2
1148,0.9384519224245808,0.6766343255509922,1.1115926074853633,1.0550884995609522,1.0560298385098577,1.0742369818520576,1756458516480.0,16777216,64,0.0036073955707252,32,32,1,128,22634.0,bin_1
1149,1.031682791323553,0.3502043705853229,1.8745001801289616,1.8607449503615496,1.865966368466616,1.867070499652376,1034644445184.0,2097152,128,0.006721619516611,128,32,2,512,39626.0,bin_1
1152,1.0044225958697437,0.3713329606901035,2.279244394041598,2.278186161071062,2.279551101848483,2.278993885653714,1210984869888.0,4194304,256,0.0002051643386948,32,32,2,512,39626.0,bin_1
1153,0.9826831603412312,0.4027256081660843,2.2935890876688063,2.2931693717837334,2.290887761861086,2.292548740437875,60260275200.0,1048576,32,0.0001132827383116,64,16,2,512,10602.0,bin_0
1154,1.0568398894142368,0.5180277161110495,1.6608880143612623,1.6185685712844131,1.6171471634879708,1.6322012497112155,3440056092672.0,8388608,16,0.0248431246727705,64,32,4,128,73610.0,bin_1
1155,1.0295979203955925,0.4841673969769208,1.6671920091612265,1.621670234017074,1.6225286507979035,1.637130297992068,13883037640704.0,67108864,32,0.0339517667889595,128,32,2,512,39626.0,bin_2
1156,0.9542634556056808,0.587932323408514,2.0913261885289103,2.086439974606037,2.087154857814312,2.0883070069830865,434155345920.0,4194304,16,0.0001918188645504,128,32,1,256,22634.0,bin_0
1157,1.0831902359350931,0.6956005006897864,2.942890760023147,2.960958356037736,2.957339469343424,2.953729528468102,27501309505536.0,8388608,16,0.0021633899305015,32,64,8,256,553482.0,bin_3
1158,1.0642639179635776,0.5056881068666783,1.644361188984476,1.6051581408828497,1.6083231335505843,1.6192808211393033,432276704741376.0,134217728,128,0.0091805811971426,128,64,8,128,553482.0,bin_5
1159,0.9835574902708664,0.6737970777018395,1.1594146462157369,1.082640735898167,1.0600890484638512,1.100714810192585,7510566598656.0,134217728,64,0.0013632584596052,32,16,2,512,10602.0,bin_2
1160,1.152545286332149,0.3366472112543541,1.2916191389085725,1.2547202124260366,1.2422905736602845,1.2628766416649644,898756263936.0,8388608,128,0.0017173924716189,32,32,1,256,22634.0,bin_1
1161,1.081999202591681,0.357894420834897,1.6599480230361223,1.6396168796345592,1.643727700226009,1.6477642009655635,3529828048896.0,8388608,64,0.000271745986538,128,64,1,128,86218.0,bin_1
1162,1.026921431005135,0.2964824342324342,1.1525344826077344,1.0826080404222012,1.0810732655227184,1.1054052628508846,7339081519104.0,33554432,32,0.0008251841063611,32,16,8,256,37002.0,bin_2
1163,1.0148156030118154,0.4600315064124587,1.1725721361290198,1.0780388629063964,1.0552856414578855,1.1019655468311005,3600776110080.0,67108864,32,0.0002714949660003,32,16,2,128,10602.0,bin_1
1164,1.0184100509703462,0.3936591375996137,1.205171549168881,1.1593427625484765,1.1776810572482646,1.1807317896552074,3565670535168.0,16777216,128,0.0033404184505343,128,32,2,128,39626.0,bin_1
1165,1.3494182938305423,0.4169061198942151,1.948680805042386,1.8758915085345509,1.8911907952278848,1.9052543696016075,8049737293824.0,16777216,256,0.0275699291378259,32,32,4,512,73610.0,bin_2
1168,0.920740736663452,0.6526528383433146,1.0008868608201738,0.9629514557309448,0.9619222041219472,0.975253506891022,217593678446592.0,536870912,64,0.0032574753277003,64,64,1,256,86218.0,bin_4
1169,0.9511071014258028,0.5675311601978269,1.0081436805267003,0.9669501907192172,0.965098112821579,0.9800639946891656,867744320855040.0,268435456,16,0.0010261592688038,64,64,8,512,553482.0,bin_5
1170,1.1849788847450002,0.3555800810741287,1.7269487386802211,1.676607531029731,1.6806970154866576,1.694751095065537,27491233032192.0,8388608,64,0.0023650366347283,128,64,8,128,553482.0,bin_3
1171,1.0607942544673117,0.4789947561257084,1.51020789751783,1.4838745752349496,1.482012351974845,1.4920316082425416,57833928592896.0,33554432,128,0.0008429122972302,128,64,4,512,286474.0,bin_4
1172,0.947259409020722,0.6525438357938359,1.0619671278727765,0.98181787179783,0.9703735639341176,1.0047195212015747,218587122622464.0,134217728,16,0.0001709355565253,32,64,4,256,286474.0,bin_4
1173,0.5296953441809732,0.8489894911085387,1.087791467729403,0.9705913059879094,0.9384289719164371,0.9989372485445832,59883452550144.0,536870912,64,0.0040015638805925,32,16,4,512,19402.0,bin_4
1174,0.9902686712934002,0.3938751178274988,2.088284003315493,2.081354915164411,2.083526039496064,2.0843883193253228,3743954260992.0,16777216,64,0.000412897701608,64,16,8,512,37002.0,bin_2
1175,0.998846505333845,0.6172570344117964,1.3990853056311607,1.383668147958815,1.4111233251169324,1.397958926235636,427430873088.0,4194304,16,0.0196978244930505,128,32,1,128,22634.0,bin_0
1176,0.8463548013019754,0.812370546120546,0.9777288744808176,0.9396476719994098,0.9421992674469948,0.9531919379757406,110135831420928.0,536870912,64,0.0051566925831139,64,32,2,128,39626.0,bin_4
1177,1.0033515402626978,0.6852940494250017,1.1088898076995974,1.0629937718622386,1.0619008135981858,1.0779281310533406,904939991040.0,33554432,64,0.0073558413423597,64,16,1,128,6202.0,bin_1
1178,1.128394502204437,0.5184394102370292,1.4012526114238426,1.376393738202751,1.382743425667286,1.3867965917646263,3601680943104.0,33554432,256,0.0012824581936001,64,16,4,128,19402.0,bin_1
1179,0.9574429433111796,0.5765633841467176,2.289683560375124,2.288563385605812,2.286988211795688,2.2884117192588747,4016207425536.0,4194304,128,0.0001258853735635,64,64,2,256,152970.0,bin_2
1180,1.1812405258353282,0.53519051098813,1.274705444346182,1.2430411339737475,1.2436076141893864,1.2537847308364387,3736560061440.0,33554432,16,0.0004568112199194,64,16,4,512,19402.0,bin_2
1181,1.0774769951764989,0.3091993216219407,1.6436566256452352,1.6050966009497645,1.607717664912343,1.6188236305024477,7567358304768.0,33554432,128,0.0071873730048537,32,16,8,512,37002.0,bin_2
1182,1.0936463868117794,0.4949999999999999,1.6475684002507478,1.6062187682837248,1.609263302758336,1.6210168237642697,438561036498432.0,536870912,16,0.0444277450442314,128,32,8,256,141578.0,bin_5
1183,1.027201172371961,0.4059808370641704,2.0974921425804496,2.0867594331502914,2.086171191185713,2.0901409223054848,4339690544640.0,1048576,256,0.0192348379641771,128,32,4,512,73610.0,bin_2
1185,1.262938084191797,0.3548795776533871,1.6248696701368317,1.577215934172273,1.5720198955386877,1.591368499949264,495950966784.0,4194304,32,0.005377382505685,32,16,4,512,19402.0,bin_0
1187,0.952218189023962,0.7263698981794221,1.0851959534120397,1.0180715476162732,1.0160249304026363,1.0397641438103165,56883658604544.0,268435456,64,0.000243150308961,64,16,8,128,37002.0,bin_4
1191,0.9238029777317148,0.7447805047686001,1.069758302081027,0.9976473338901996,0.982273886911571,1.0165598409609329,28722545774592.0,536870912,16,0.0001417152961948,32,16,2,128,10602.0,bin_3
1192,1.0419693088864523,0.4467494692256597,1.2152690466318743,1.1480830856598914,1.132107034791261,1.1651530556943424,13921417537536.0,16777216,32,0.0016571680316701,64,64,2,512,152970.0,bin_2
1193,1.0890504398499894,0.5161070741427884,1.6731704416451976,1.625944775994867,1.6254271734505892,1.6415141303635512,2020293323904.0,8388608,16,0.0385193452239036,128,16,8,512,37002.0,bin_1
1195,0.9447338138181236,0.6291403825451444,1.0924991283391137,0.988932496868074,0.9673373852856456,1.0162563368309443,438304834639872.0,134217728,16,0.0001914024178404,32,64,8,512,553482.0,bin_5
1196,0.9661711475580588,0.3987101588887302,2.0276705126743764,2.018867284990847,2.0192686077207327,2.021935468461985,1811780576256.0,33554432,128,0.0004434559959918,128,16,2,256,10602.0,bin_1
1198,0.9795651524740152,0.3654558232772518,1.9143583150580523,1.903235496953129,1.9037675354629755,1.907120449158053,2051768033280.0,2097152,64,0.0004451803688425,64,64,2,256,152970.0,bin_1
1199,1.0049842952467285,0.4218093520236377,1.6520978778135031,1.6140447845682502,1.6152301067486403,1.627124256376798,115150706485248.0,33554432,256,0.0018710995791479,128,64,8,256,553482.0,bin_4
1200,0.6913420444887936,0.8419281186185948,1.0107602035204764,0.9658334290143102,0.9626846686005592,0.979759433711782,440603831623680.0,1073741824,32,0.0012842923169955,32,64,1,512,86218.0,bin_5
1202,1.127110577216068,0.5689954278525707,1.6818051532609388,1.650635365396738,1.6594863897189498,1.6639756361255422,3607253606400.0,2097152,64,0.0050467560067772,128,64,4,256,286474.0,bin_1
1203,1.1340187916107258,0.3035177053986578,1.214874302939279,1.164858963806182,1.1612815586850047,1.1803382751434883,13836677468160.0,16777216,64,0.0006176360184326,64,32,8,128,141578.0,bin_2
1204,0.973036060899498,0.3638332267379887,1.1129650429356843,1.0497592948377132,1.036785957403481,1.066503431725626,13789842923520.0,67108864,32,0.002507540397346,128,32,2,128,39626.0,bin_2
1206,1.2434089150814795,0.3014008350555969,1.2527718047203962,1.208002577535808,1.2176077431067824,1.2261273751209956,456145778688.0,8388608,32,0.0130758909508585,128,16,2,128,10602.0,bin_0
1207,1.1046155160689908,0.4939044029163077,1.6613795971497891,1.621660285629332,1.6273880917578936,1.6368093248456717,13873456459776.0,67108864,64,0.046203538775444,128,32,2,256,39626.0,bin_2
1208,0.9465112879736962,0.4492323646371265,1.068112076849502,1.0256972243078053,1.0345647046342492,1.0427913352638525,55582635386880.0,268435456,16,0.0003641280345618,128,32,2,512,39626.0,bin_4
1209,0.9050989926443616,0.6690316989007465,1.087810659322713,0.9971893476322292,0.9779173918068408,1.0209724662539277,14388907118592.0,268435456,64,0.0059555759653449,32,16,2,128,10602.0,bin_3
1210,1.0409553675625995,0.3581134460777317,1.581808562623337,1.5546278255060315,1.557228752411902,1.56455504684709,3455926370304.0,16777216,256,0.0009140948532149,64,32,2,128,39626.0,bin_1
1211,1.1161416349094544,0.5768078526411858,1.1964312893687747,1.1510504796169698,1.1558565674349666,1.1677794454735704,238270379760384.0,1073741824,256,0.0002554098027758,64,16,8,512,37002.0,bin_4
1212,1.0872536957270256,0.5226226359619216,1.645888430881314,1.6039861692115664,1.6078021731227636,1.6192255910718814,231695313942528.0,1073741824,256,0.0076240417547523,64,16,8,256,37002.0,bin_4
1213,1.0922313015000116,0.5030957052207052,2.1447503844974563,2.1109646447002888,2.1003468688577414,2.1186872993518286,8389179383808.0,2097152,128,0.0141440872102975,64,64,8,128,553482.0,bin_2
1214,1.1519890636768848,0.2884439458248982,1.3543388115940616,1.322593528777361,1.3254960575141013,1.3341427992951749,108780663619584.0,33554432,128,0.000100077362731,64,64,8,128,553482.0,bin_4
1215,1.1495018419842615,0.4734864553435982,1.2746294474345632,1.23711526254192,1.2339332550764084,1.2485593216842972,55235795159040.0,33554432,64,0.0002007148868869,32,64,4,512,286474.0,bin_3
1216,0.9248567071319398,0.7260854348473397,1.0639441915045609,1.0251579596661031,1.0262537123635411,1.0384519545114017,54516985085952.0,134217728,32,0.0005608124192804,64,64,1,256,86218.0,bin_3
1217,1.0814195881615074,0.5000174719460433,1.649833406205289,1.6071369899436831,1.610229107551277,1.6223998345667496,28388777822208.0,33554432,128,0.0103954980149865,32,32,8,256,141578.0,bin_3
1218,1.0568697127000186,0.4688078812721669,1.6900253691710532,1.6500895833596587,1.6585565833374858,1.6662238452893992,1944347999232.0,16777216,256,0.0062583945691585,128,16,4,256,19402.0,bin_1
1220,0.9378714322613048,0.6191556076198933,1.118238441165886,1.0650109481066463,1.0583253600634634,1.080524916445332,54191900553216.0,134217728,16,0.0066622742451727,64,64,1,128,86218.0,bin_3
1221,0.9650812787859046,0.5614501812120859,1.103896351356525,1.046501860488206,1.045948250219226,1.0654488206879855,111159082512384.0,268435456,64,0.0002580016443971,64,32,4,512,73610.0,bin_4
1222,1.041767698465972,0.3224787866454532,1.7501199515536427,1.732126785442233,1.7318260315805674,1.7380242561921475,8288689938432.0,8388608,256,0.0018256102921441,64,64,2,512,152970.0,bin_2
1223,1.0003454525243651,0.4610750807834141,1.6686570586171,1.6305077634751797,1.6337068136781454,1.6442905452568084,512380631040.0,2097152,64,0.0202447474002838,64,16,8,128,37002.0,bin_0
1224,0.8295418872715388,0.8027086722801009,0.9906885028431134,0.9545933911576868,0.9539109831675888,0.9663976257227964,436326611091456.0,1073741824,256,0.0049922973848879,64,64,1,256,86218.0,bin_5
1225,1.3670032194557804,0.2584556884914027,1.181226461485494,1.1350445970892906,1.1415785197168589,1.1526165260972143,7481330181120.0,33554432,16,0.0019699318800121,64,16,8,512,37002.0,bin_2
1227,1.04487873482386,0.5,1.6536437671165911,1.6120891571044922,1.6117120422422886,1.625814988821124,109174839828480.0,33554432,16,0.0365179702639579,32,64,8,128,553482.0,bin_4
1228,1.143164930085156,0.5388439140224855,1.6648457436822357,1.618892460130155,1.6254611751064658,1.636399792972952,109698917105664.0,33554432,16,0.0023506735451519,32,64,8,256,553482.0,bin_4
1230,0.967800089963636,0.3938239868597011,1.136969780360232,1.0986672206781805,1.122696581762284,1.1194445276002325,13943593451520.0,33554432,128,0.0023150078486651,64,32,4,256,73610.0,bin_2
1231,1.0590039251213026,0.5488489473489474,1.6469998699612916,1.606638479977846,1.6079732356593013,1.6205371951994796,227701300672512.0,1073741824,128,0.009167636744678,64,16,8,128,37002.0,bin_4
1233,1.0598561936977535,0.4889189514189514,1.6445423611439764,1.6054113069549203,1.607364248484373,1.6191059721944232,876612946249728.0,1073741824,128,0.0303108897060155,64,32,8,128,141578.0,bin_5
1234,0.9852053638899362,0.3941830876354684,2.111792965559289,2.105843026190996,2.107684103772044,2.108440031840777,14959717461888.0,67108864,128,0.0003197589539922,128,16,8,512,37002.0,bin_3
1235,1.05917426509267,0.5555637277184896,1.6483428543433547,1.6088683251291511,1.609958347864449,1.6223898424456518,1849742330880.0,33554432,32,0.0499185249209404,128,16,2,256,10602.0,bin_1
1237,0.9662669539866928,0.7129256369732561,2.064280352089554,2.054252411238849,2.060475980862975,2.059669581397126,466393669632.0,1048576,256,0.0022873596753925,128,16,4,256,19402.0,bin_0
1238,0.9700747421775068,0.451927350867827,1.1926272776036058,1.1160213416442275,1.1216156827285886,1.1434214339921407,7082930159616.0,33554432,64,0.0022341185249388,32,32,2,512,39626.0,bin_2
1239,1.0755923985097005,0.5101182089515424,1.665258663590066,1.6183587554842234,1.619844287633896,1.6344872355693951,14314558436352.0,16777216,128,0.0135853821411728,32,32,8,512,141578.0,bin_3
1241,1.087842956043373,0.3456102288364192,1.4154540322488174,1.3913193331100049,1.3922608867287636,1.3996780840291951,60245990400.0,2097152,16,0.0074233077466487,64,16,1,512,6202.0,bin_0
1242,0.9749599054784926,0.6333702708226517,1.073885621437512,1.0307328384369612,1.0308984676375983,1.0451723091706906,54352863338496.0,134217728,16,0.0003029248036909,64,64,1,256,86218.0,bin_3
1243,0.938905576330592,0.6510355429403049,1.081534787932469,1.0179769359529018,1.011268604081124,1.0369267759888317,218057610473472.0,134217728,32,0.0005935084773227,64,64,4,512,286474.0,bin_4
1244,0.9967755703131655,0.3457165347879634,1.6761987062636765,1.643256147392094,1.647164637222886,1.6555398302928854,7271039508480.0,33554432,128,0.0054680658504366,128,16,8,256,37002.0,bin_2
1245,0.9667398777445716,0.6707082463391987,1.1566153383610072,1.0951016480103135,1.0905279158614576,1.1140816340775928,13544417697792.0,33554432,32,0.0001405443472322,64,64,1,128,86218.0,bin_2
1246,0.9668123788303524,0.4139695925767354,1.862620766274631,1.847528981976211,1.845717966556549,1.851955904935797,291891394560.0,1048576,128,0.0063753095455467,64,32,1,512,22634.0,bin_0
1248,0.9710347412231598,0.6083862693743646,1.9677855735644696,1.9574341345578432,1.9639765257015824,1.963065411274632,3645310722048.0,8388608,64,0.0002564468886703,128,32,4,256,73610.0,bin_2
1249,1.0825785755679898,0.3453851752304133,1.5550535563379526,1.5236445385962725,1.529858073219657,1.5361853893846271,114096783360.0,4194304,64,0.0028990744613111,32,16,1,256,6202.0,bin_0
1250,0.9756548437290944,0.5443570296546487,1.2885507677565329,1.237610686104745,1.291913500986993,1.2726916516160902,1713851793408.0,4194304,32,0.0103532671928405,64,64,1,128,86218.0,bin_1
1255,0.9504039456276754,0.5646525357358692,1.0187703644114663,0.9758340243715792,0.9769699922762812,0.9905247936864422,216922163023872.0,134217728,32,0.0014203711180016,64,64,4,128,286474.0,bin_4
1256,1.1005130618341523,0.3530337281765852,1.6100014697294682,1.5738607915118337,1.5757618341594934,1.5865413651335984,720933126144.0,2097152,64,0.0058491774834692,128,32,2,256,39626.0,bin_0
1258,1.3732660304829338,0.6626383885074362,1.294505136931548,1.2439445797353983,1.2439271761104465,1.260792297592464,13737879158784.0,16777216,32,0.0083922632038593,32,64,2,512,152970.0,bin_2
1259,0.9733966510074312,0.3495590494161922,2.1427562593016773,2.137314656749368,2.1395439729094505,2.1398716296534985,34478776320.0,1048576,64,0.0007770406082272,64,16,1,256,6202.0,bin_0
1260,0.938994431829459,0.7957962822010441,1.0413649486654322,0.9481759315822272,0.944584263022989,0.9780417144235496,438201452912640.0,134217728,16,0.0004868033865932,32,64,8,256,553482.0,bin_5
1261,1.0394744210118612,0.2998846462179795,1.3018813888193108,1.274349351413548,1.278908287640661,1.285046342624507,3767733731328.0,8388608,128,0.0015030994545668,128,64,1,128,86218.0,bin_2
1262,1.0619221738011662,0.5355375757399566,1.4526975308544934,1.4283419894054532,1.4321408523246646,1.437726790861537,14614375302144.0,134217728,64,0.0002123235317412,128,16,4,256,19402.0,bin_3
1263,0.9894688568490468,0.3455218427956523,1.8583041247911751,1.843469719402492,1.8473135568201544,1.8496958003379405,467718666240.0,16777216,32,0.0007464464288204,128,16,1,512,6202.0,bin_0
1264,0.977877427742385,0.5813971799805132,1.1505415981373517,1.0716235470026731,1.0597335281781852,1.0939662244394033,29203636267008.0,268435456,256,0.0006026016781106,32,16,4,256,19402.0,bin_3
1265,0.975369568240915,0.4026588045992808,2.2352649541571736,2.233208695426584,2.231643922626972,2.233372524070243,516684312576.0,8388608,256,0.0003293336194474,128,16,2,128,10602.0,bin_0
1266,1.1230654602770518,0.3474350451136165,1.4839478614740074,1.4540993804112077,1.459612631238997,1.4658866243747373,1982797602816.0,67108864,256,0.0028505446389317,64,16,1,512,6202.0,bin_1
1267,1.0908315949324552,0.3687592975807261,1.683548195869662,1.6387900258414447,1.645163057371974,1.6558337596943602,3444775501824.0,4194304,32,0.0180706735700368,32,64,2,512,152970.0,bin_1
1268,0.9972858613733409,0.532029278922136,1.0812725356954616,1.0339233907870948,1.0372197669930756,1.050805231158544,110204337480192.0,134217728,64,0.0020111659541726,128,32,8,256,141578.0,bin_4
1269,0.9219342350219588,0.7393337685242448,1.0065388286820962,0.9703890145756304,0.9711653562262654,0.9826977331613308,109640302620672.0,1073741824,64,0.0032546061556786,128,32,1,256,22634.0,bin_4
1270,0.9662634119964324,0.4593357436214578,1.0515301387640648,0.9968764907680452,1.0043099927715955,1.0175722074345686,55062568845312.0,67108864,32,0.001638900488615,64,32,8,128,141578.0,bin_3
1271,0.963192588750116,0.3473913714151809,2.1756702542770654,2.1745146568864584,2.172828938812017,2.174337949991847,1167302277120.0,1048576,128,0.0007988726720213,32,32,8,256,141578.0,bin_1
1273,6.362957295228157,0.4757495062256966,7.930640716804191,7.917686805129051,7.8781380616128445,7.908821861182029,1342442274816.0,2097152,128,0.0408881232142448,128,64,1,128,86218.0,bin_1
1275,1.0770771242896326,0.3900144308953832,1.864154023118317,1.8449033508077264,1.8528710007667544,1.8539761248975992,1993592812032.0,8388608,128,0.0061765341088175,128,16,8,256,37002.0,bin_1
1276,1.096336894621084,0.5225629062295729,1.6465770252980292,1.6098849773406982,1.614953844808042,1.6238052824822564,28267845703680.0,33554432,64,0.036278873682022,64,32,8,512,141578.0,bin_3
1277,1.083728934341753,0.3120661190661191,1.320328031491954,1.2873017429374158,1.288528413511813,1.2987193959803942,27874281136128.0,268435456,256,0.0001355635904474,64,32,1,256,22634.0,bin_3
1279,1.0163728310338267,0.3928948388472197,2.0042817366775125,1.9929565591737628,1.997094636783004,1.99811097754476,2086473916800.0,8388608,64,0.003197694895789,128,16,8,512,37002.0,bin_1
1280,1.1447931837192182,0.3267591511222463,1.7023131657624615,1.6644787322729826,1.6780344508588314,1.6816087829647586,1210257838080.0,1048576,256,0.0143410814926028,32,32,8,128,141578.0,bin_1
1281,1.010308335387012,0.3940890780295541,2.292644311208278,2.29456708021462,2.294089706614613,2.2937670326791704,978540969216.0,2097152,128,0.0105398669838905,128,16,8,512,37002.0,bin_1
1282,1.126357038918959,0.5190018455970836,1.1891324099851772,1.141774907708168,1.140738167334348,1.1572151616758977,447309459456.0,8388608,16,0.0017031697789207,64,16,2,128,10602.0,bin_0
1284,1.0699507053129251,0.5011111111111112,1.649947580997832,1.608270300552249,1.6103259455412626,1.6228479423637812,1719097131055104.0,536870912,32,0.0102089568972587,128,64,8,128,553482.0,bin_5
1285,1.09242859209887,0.4407928958167053,1.6512085294816643,1.61327881552279,1.6158267827704549,1.6267713759249698,217086416094720.0,134217728,64,0.009418242610991,128,64,4,512,286474.0,bin_4
1286,1.0596938002943206,0.5559414800367182,1.6809128569439054,1.654558771289885,1.6576447924599051,1.664372140231232,889219282944.0,4194304,16,0.0430917590856552,64,32,2,512,39626.0,bin_0
1287,0.9832135117188902,0.3205415796725321,1.1948077624692814,1.1477556605823338,1.152537113521248,1.1650335121909543,944195779584.0,33554432,16,0.0137806925922632,128,16,1,512,6202.0,bin_1
1288,1.1115207427415006,0.3920952019761544,1.7536768086720258,1.7255876138806343,1.7358553633093834,1.7383732619540144,3771463085568.0,16777216,256,0.0057057831436395,32,16,8,512,37002.0,bin_2
1289,0.9744538020751228,0.3962681071133451,1.881803560303524,1.8673126958310604,1.8686587633565068,1.872591673163697,1811271054336.0,33554432,32,0.0001779224257916,128,16,2,256,10602.0,bin_1
1290,0.9856019583492612,0.4165354574878383,1.931234903400764,1.9187276251614087,1.9234213577583432,1.924461295440172,15507924839424.0,16777216,256,0.0043422668240964,128,32,8,512,141578.0,bin_3
1291,1.079754559203859,0.3723690584107251,1.6618462909245864,1.6195374680683017,1.6197092328220606,1.6336976639383165,15141569347584.0,16777216,256,0.0083650788292288,128,32,8,128,141578.0,bin_3
1293,0.9870705927113376,0.7186832277070371,1.0503253297138144,1.0108286859467626,1.0117452680133283,1.0242997612246352,14338768011264.0,536870912,32,0.0002721225318964,64,16,1,128,6202.0,bin_3
1295,0.9755772051347148,0.2931606356606356,1.03177774593496,0.996196725871414,0.9958116062916816,1.0079286926993518,14339882176512.0,536870912,256,0.0242341700941324,64,16,1,128,6202.0,bin_3
1296,1.1134034584681902,0.3499103242436576,1.6580015280051157,1.611272757872939,1.614286337979138,1.627853541285731,1877047406592.0,8388608,64,0.0047783753834664,32,16,8,256,37002.0,bin_1
1297,1.0006502422556225,0.6834528073337597,1.369138962123543,1.3108002175576985,1.2828457136638465,1.3209282977816958,13969744699392.0,33554432,256,0.0092922942712903,32,32,4,128,73610.0,bin_2
1298,0.9886784317200188,0.5453868472797044,1.1319930441532051,1.0872580371797085,1.0816308851353824,1.1002939888227654,1802078392320.0,67108864,32,0.0152934193611145,64,16,1,128,6202.0,bin_1
1299,1.5492251532966492,0.3671968648635315,1.4307442033605184,1.3911876222118735,1.393001580610871,1.4049778020610877,3795270623232.0,8388608,128,0.0096515342593193,64,64,1,256,86218.0,bin_2
1300,1.0765533411730646,0.5,1.6478531388565898,1.6060860054567456,1.6083099339157343,1.6207496927430232,439592148664320.0,1073741824,32,0.0243695862591266,32,64,1,128,86218.0,bin_5
1301,1.1887722239809946,0.3742263415596749,1.7570454976521432,1.7279804330319166,1.741250571794808,1.742092167492956,660354422784.0,2097152,128,0.027872072532773,32,16,8,512,37002.0,bin_0
1302,0.9685170321700026,0.6706826150040435,1.8877928389701992,1.8713869797065847,1.877205343917012,1.8787950541979324,3735092471808.0,33554432,128,0.0002123818558175,64,16,4,256,19402.0,bin_2
1303,1.1683521129664165,0.3602810073524358,1.7241189250489697,1.6711398060433569,1.6782339420169592,1.6911642243697618,14220449452032.0,8388608,256,0.0076385862194001,32,64,4,256,286474.0,bin_3
1304,0.9617169585856074,0.3731549821430773,1.108879824692849,1.0272934441454709,1.0146461497060957,1.050273139514805,29839881535488.0,134217728,16,0.0038830139674246,32,16,8,512,37002.0,bin_3
1305,0.9523771703230433,0.7264016851754946,1.1837537912942937,1.0771987801417708,1.0506393774412572,1.1038639829591073,55185912152064.0,67108864,64,0.000677614705637,32,64,2,512,152970.0,bin_3
1306,1.0789784336267638,0.3085675043651233,1.3835807823343202,1.355958653613925,1.3776286505162716,1.3723893621548389,14026634741760.0,134217728,64,0.0304022133350372,128,32,1,512,22634.0,bin_2
1307,1.0314363029266873,0.5282169959669959,1.6565642815548929,1.6223958991467953,1.623164159245789,1.634041446649159,27660622417920.0,67108864,16,0.0074771428480744,32,32,4,128,73610.0,bin_3
1308,0.955187093214254,0.5960189497451402,2.291032722219825,2.2924010530114174,2.29163384065032,2.2916892052938542,455002791936.0,1048576,256,0.000233244485571,64,32,1,512,22634.0,bin_0
1309,1.0280593767524782,0.2776939017772351,1.212459470378235,1.1692988267168405,1.185922243166715,1.18922684675393,1743833561088.0,4194304,16,0.0015982224140316,64,32,4,256,73610.0,bin_1
1310,0.9972874178519796,0.584915354486783,1.9194043891038743,1.905247075483203,1.9100692756474016,1.91157358007816,2364602707968.0,4194304,256,0.0015349783934652,32,32,4,512,73610.0,bin_1
1311,1.0297249867133365,0.4054701044105805,1.8684010298457,1.851353019475937,1.8545489320531487,1.858100993791595,7566596702208.0,33554432,64,0.000314132485073,32,16,8,512,37002.0,bin_2
1312,0.9789403599422762,0.3455680681752109,1.972510124091059,1.961714562959969,1.9654256803914905,1.9665501224808395,1925965099008.0,67108864,128,0.0001418725587427,32,16,1,512,6202.0,bin_1
1313,1.194050715118202,0.5909271033199605,1.2388949927408248,1.2002563122659922,1.2040345626883209,1.2143952892317127,28965146201088.0,134217728,32,0.0001101689122151,64,16,8,256,37002.0,bin_3
1314,1.2290949934599646,0.5429297232749614,1.2350858975260053,1.1846009311266243,1.1747780577279627,1.198154962126864,28318430871552.0,16777216,256,0.0005835610209032,32,64,4,128,286474.0,bin_3
1315,0.9744972323139406,0.387929789346456,1.9790981996338808,1.969845663756132,1.971200224943459,1.9733813627778245,7533958471680.0,8388608,256,0.0003607892722357,128,64,2,128,152970.0,bin_2
1316,0.8728192276848249,0.7929145440097821,1.0330449401735675,0.9851324136834592,0.9814047580584884,0.9998607039718383,13936031576064.0,134217728,32,0.0018832964124158,32,32,1,128,22634.0,bin_2
1317,1.0284331106539577,0.3668664479259717,1.7146430951543152,1.6921901451423764,1.693989733234048,1.7002743245102463,3632508966912.0,1048576,16,0.0003803552244789,128,64,8,128,553482.0,bin_2
1318,1.0521593574251489,0.3175908214360595,1.1541912165557733,1.0944697526283562,1.0953269749879837,1.1146626480573711,216550935653376.0,67108864,32,0.0005715119768865,128,64,8,512,553482.0,bin_4
1319,1.041522038826144,0.4474914450628737,1.2564498999563511,1.2263927101157606,1.2985684759914875,1.2604703620211997,6814734729216.0,16777216,64,0.0141092948615551,64,64,1,128,86218.0,bin_2
1321,1.1000336114221851,0.3136262472095805,1.6536001531640068,1.612013716250658,1.6163178123533726,1.627310560589346,14149427453952.0,67108864,128,0.0294484756886959,64,32,2,512,39626.0,bin_3
1322,0.9361609469827226,0.600603786425215,1.0605392545112409,1.0142973782494664,1.015722829848528,1.0301864875364115,440071695759360.0,1073741824,128,0.0001894854212878,128,32,4,256,73610.0,bin_5
1325,1.028997785365031,0.3430447982352744,1.7417961203027517,1.723551258444786,1.724113686941564,1.729820355229701,861431906304.0,1048576,32,0.0008041813853196,32,32,8,128,141578.0,bin_0
1326,1.0608881161074917,0.4953025123025122,1.67069443652872,1.6321149757131934,1.630733484402299,1.644514298881404,7484932638720.0,33554432,32,0.0193158667534589,128,16,8,512,37002.0,bin_2
1327,1.0726357368540709,0.5022696747696748,1.652098945225589,1.6086215395480394,1.6098286751657724,1.623516386646467,866034355359744.0,268435456,128,0.0211286507546901,64,64,8,128,553482.0,bin_5
1328,1.0615493818905868,0.638565824387253,1.1415162890261854,1.07231080904603,1.063708940986544,1.0925120130195864,13906485669888.0,67108864,64,0.004428269341588,64,32,2,256,39626.0,bin_2
1329,1.319610756597516,0.333310861537052,1.158258470968576,1.0952108325436711,1.0992839061655104,1.1175844032259192,30130438450176.0,268435456,256,0.0068863751366734,64,16,4,512,19402.0,bin_3
1331,0.9764367740827424,0.4029191615263044,2.242246470414102,2.2403884399682283,2.238691233098507,2.240442047826946,243836915712.0,4194304,128,0.0001695081446086,64,16,2,128,10602.0,bin_0
1334,1.0066833354468754,0.3375523250999442,1.723407803568989,1.702906516380608,1.7072962438687682,1.7112035212727883,887718801408.0,4194304,16,0.0014811931177973,128,32,2,512,39626.0,bin_0
1335,0.9324232818525032,0.7064723807938093,1.0907956070732323,0.9895682246424258,0.9676816542632878,1.016015161992982,439021564723200.0,536870912,256,0.0004654409131035,32,64,2,256,152970.0,bin_5
1336,1.0531877062030055,0.5078353432282003,1.6486833650851622,1.6088191848248243,1.610264510847628,1.6225890202525382,29244814222848.0,134217728,256,0.0346864126622676,128,16,8,256,37002.0,bin_3
1337,1.0968564784204289,0.348610786479834,1.6613004822283983,1.6200475469231606,1.627025912515819,1.636124647222459,30245188916736.0,33554432,128,0.0027925337199121,128,32,8,512,141578.0,bin_3
1338,0.3482858071177928,0.9768523522333048,0.9603147564739628,0.8949401178397238,0.8942316491156816,0.9164955078097896,877660774195200.0,536870912,16,0.0008181645534932,32,64,4,512,286474.0,bin_5
1339,0.956430613666124,0.3854601452339547,1.059965345193632,1.018450987059623,1.0211793310008943,1.0331985544180498,27393821054976.0,67108864,16,0.0005359215429052,128,32,4,128,73610.0,bin_3
1340,1.2949057327878255,0.5880244420482515,1.773737599258311,1.721551536116749,1.7382630091160536,1.7445173814970378,7457429342208.0,4194304,64,0.0095942420884966,128,64,4,512,286474.0,bin_2
1341,0.9919590119559208,0.5691365239698573,1.723194238031283,1.7054513208568096,1.7056629471480846,1.7114361686787258,3525365293056.0,33554432,128,0.0003067046345677,32,32,1,512,22634.0,bin_1
1342,1.044492027158145,0.3989080139437282,1.786825813818723,1.7640530252829194,1.770323677919805,1.7737341723404825,231105552384.0,1048576,16,0.0015833496581763,64,16,8,128,37002.0,bin_0
1344,1.1769018771426332,0.4073723379794808,1.1720257209672127,1.1281964932568371,1.1300461804494262,1.143422798224492,897353115648.0,16777216,16,0.0016502359649166,128,16,2,128,10602.0,bin_0
1345,1.1913742670534424,0.3853470550613407,1.7262161654653028,1.6905746972188354,1.7039072811603546,1.7068993812814977,2223688212480.0,8388608,256,0.0089701330289244,128,16,8,128,37002.0,bin_1
1347,0.9789691287456264,0.3938661175684985,2.136346382088959,2.131393948569894,2.132497724145651,2.1334126849348345,8346254138496.0,33554432,128,0.0005269440589472,128,16,8,512,37002.0,bin_2
1348,1.0239601575475965,0.5434935721245244,1.136996285626083,1.0766292880289257,1.0767710423097014,1.096798871988237,29806334261760.0,268435456,64,0.000481498253066,64,16,4,512,19402.0,bin_3
1349,0.9830575050191064,0.4025813080217841,2.29687834950164,2.2965648528188467,2.294275810942054,2.29590633775418,303311462400.0,4194304,256,0.0001643216091906,128,16,2,256,10602.0,bin_0
1350,0.9623064693675812,0.5856564973826878,1.1295975493485455,1.010594048537314,0.9723257264122368,1.037505774766032,443449914310656.0,1073741824,256,0.0001315861009061,32,32,4,128,73610.0,bin_5
1351,1.1607081845053375,0.4078335280240042,1.2356792681093791,1.1829265323467553,1.1764326263219118,1.1983461422593489,909485506560.0,8388608,256,0.0104900784790515,64,32,1,128,22634.0,bin_1
1352,1.086806152658439,0.4137485715342858,1.6882276182295757,1.6457352312281728,1.6553225312381985,1.663095126898649,473772367872.0,4194304,256,0.0067407297901809,64,16,4,128,19402.0,bin_0
1353,1.1212611044490504,0.3929153324629515,1.1725540754850954,1.1258407072164118,1.132510632276535,1.1436351383260142,3579285851136.0,67108864,16,0.000301185180433,128,16,2,128,10602.0,bin_1
1354,1.0609198775080335,0.4774678172356743,1.650312758749351,1.6147406864911318,1.618156861513853,1.627736768918112,108369303278592.0,33554432,64,0.0392496585845947,128,64,8,256,553482.0,bin_4
1355,0.9691996131017278,0.4160500370440847,1.841469780774787,1.8220286164432764,1.818646978586912,1.827381791934992,539390005248.0,4194304,128,0.0425112470984458,128,16,4,128,19402.0,bin_0
1356,1.021871755077578,0.3622579845198893,1.073359553862247,1.0195674407295885,1.02034275745973,1.0377565840171885,432252061782528.0,134217728,16,0.0007171819452196,128,64,8,512,553482.0,bin_5
1357,0.9954000589550424,0.3454377399496447,1.8389727158937603,1.8244363470003009,1.820582096464932,1.8279970531196643,887590127616.0,1048576,16,0.0002512546780053,32,32,8,128,141578.0,bin_0
1358,1.006156764437927,0.3469549929788025,1.7546461678575724,1.7365036737173796,1.741925767622888,1.74435853639928,7489018570752.0,268435456,128,0.0001289937499677,64,16,1,512,6202.0,bin_2
1359,1.088173542588356,0.549841288781765,1.1335826365248067,1.0848628785461187,1.0844600978307426,1.1009685376338894,13845401382912.0,33554432,16,0.0088733034208416,32,64,1,256,86218.0,bin_2
1360,0.9595895352373705,0.6878656682823351,1.1249371142475866,1.0744511452503502,1.0779194636270404,1.0924359077083257,13813191081984.0,134217728,128,0.001596612855792,128,32,1,256,22634.0,bin_2
1361,0.9506032834223516,0.7429341311246075,1.0687184832058847,1.0282338103279471,1.0309772179462016,1.0426431704933443,58212589682688.0,1073741824,256,0.0013381777098402,128,16,2,256,10602.0,bin_4
1363,1.307414474317757,0.3933586003943146,1.3329161197179928,1.287514717783779,1.2823315202258527,1.3009207859092082,3469217341440.0,33554432,256,0.0269711632281541,64,32,1,128,22634.0,bin_1
1364,1.0547484622238936,0.347050052681005,1.7473768396303058,1.725843827240169,1.7333572451025248,1.7355259706576665,60157631969280.0,16777216,128,0.0005369749269448,128,64,8,512,553482.0,bin_4
1365,1.0967371951755205,0.3867545325045325,1.4278746565105394,1.4021507557481527,1.3997346591204405,1.4099200237930445,224639815680.0,2097152,32,0.0009933828841894,32,32,1,256,22634.0,bin_0
1367,0.9548442255071532,0.6310656600894696,1.0526538170306594,1.0080102193169296,1.011114816647023,1.023926284331537,864169661896704.0,536870912,128,0.0023378264158964,128,64,4,512,286474.0,bin_5
1368,1.034479014665287,0.3242643749548511,1.2056558397889603,1.165427155327052,1.1842306195758283,1.1851045382306136,1816935653376.0,8388608,64,0.0014612168306484,64,32,2,128,39626.0,bin_1
1369,1.1522193476557694,0.4474032647246933,1.2319510742090642,1.191765473689884,1.1967668356373906,1.2068277945121129,220707930347520.0,134217728,256,0.0004038425104226,128,64,4,256,286474.0,bin_4
1370,1.2241220916002904,0.3661269673888721,1.5602280668681487,1.528459177352488,1.5332820871844888,1.5406564438017083,1674168864768.0,4194304,64,0.0038641921710222,128,64,1,512,86218.0,bin_1
1371,1.1091058569207737,0.36201535435464,1.6586326354881749,1.612541186157614,1.6155989840626717,1.628924268569487,3799424372736.0,33554432,128,0.0096568977460265,64,16,4,512,19402.0,bin_2
1373,0.9448558515468588,0.6477830718664052,1.0417331566568464,0.95722630713135,0.9521149285137652,0.983691464100654,864511299465216.0,268435456,32,0.000189276994206,64,64,8,128,553482.0,bin_5
1375,1.12115279591712,0.5730207424850282,1.2993935662088916,1.2559222225099802,1.2662351452745495,1.2738503113311406,225175120896.0,8388608,16,0.0390228107571601,32,16,1,128,6202.0,bin_0
1376,0.9823657360507866,0.5136842271485128,1.829529185313732,1.8097295816987755,1.814766644500196,1.8180084705042343,1203341174784.0,8388608,256,0.0026020302902907,32,16,4,512,19402.0,bin_1
1378,0.9468461557277552,0.5278642737333213,0.998117776820436,0.958662774413824,0.9597456096671522,0.9721753869671376,873616728244224.0,268435456,128,0.0017629127250984,32,64,8,128,553482.0,bin_5
1379,0.9486882331598532,0.7032506558697035,1.0956028071886976,1.050103152170777,1.0485693076625466,1.064758422340674,1797354998784.0,67108864,16,0.0056561077944934,128,16,1,128,6202.0,bin_1
1380,1.0996446023024802,0.3478134193848479,1.549860464525409,1.525791366584599,1.5302351377904415,1.53529565630015,29040369137664.0,134217728,128,0.0002322283835383,64,16,8,256,37002.0,bin_3
1382,1.2199611762543083,0.302169742074504,1.167382390864077,1.0973480576649308,1.0966767156496644,1.1204690547262242,7249795000320.0,33554432,16,0.0021066660992801,64,16,8,256,37002.0,bin_2
1383,0.9895625721133294,0.5080692354382831,1.819811267312616,1.8029630417004228,1.8057001428678632,1.809491483960301,3826013466624.0,2097152,32,0.0002520192647352,128,64,4,128,286474.0,bin_2
1384,1.0232334236141232,0.537981599088742,1.8750035930424929,1.8603348666802049,1.86486447416246,1.8667343112950523,493780982784.0,1048576,32,0.0021303270477801,64,32,4,512,73610.0,bin_0
1385,1.0911415837733822,0.5618795697248078,1.4235633977223188,1.3983338801190257,1.4033543951809406,1.4084172243407618,30160419710976.0,268435456,256,0.0004903419176116,64,16,4,512,19402.0,bin_3
1386,1.0690782015350495,0.5,1.653448249795474,1.6100382981821897,1.6107282722368836,1.624738273404849,228800268343296.0,1073741824,16,0.0311438459903001,32,16,8,128,37002.0,bin_4
1387,1.0310282870644012,0.5424777541682303,1.2395319998904597,1.1837395504117012,1.1730834431946278,1.1987849978322629,913860734976.0,8388608,64,0.0140138622373342,64,32,1,256,22634.0,bin_1
1388,0.9729946974809764,0.4572047626095245,1.0600488292475347,1.005553632043302,0.9999647177755832,1.0218557263554733,220200323057664.0,536870912,256,0.0028114044107496,128,32,4,256,73610.0,bin_4
1390,1.2119009792490445,0.2755183009230628,1.1775100088998445,1.127446806523949,1.1258550896309316,1.1436039683515749,7297949481984.0,67108864,64,0.0048344619572162,128,16,4,256,19402.0,bin_2
1392,1.016675472115237,0.4765806569973236,1.6678296870086342,1.6342444168403745,1.634694474749267,1.6455895261994251,3623363174400.0,16777216,128,0.0486975200474262,64,16,8,256,37002.0,bin_2
1394,0.9640991296805812,0.6071964362797697,1.9818358421325684,1.971143752336502,1.9717256147414448,1.974901736403505,129841821696.0,1048576,256,0.0153182484209537,64,16,4,128,19402.0,bin_0
1395,3.481748589061466,0.3430579156293441,2.286934515046596,2.2915556505322456,2.217901026830077,2.265463730802973,119819182080.0,1048576,64,0.0316611975431442,64,32,1,128,22634.0,bin_0
1396,0.9876860773729276,0.3521984717222812,2.097520693903789,2.0944174295291305,2.0958925168961287,2.095943546776349,6874903670784.0,16777216,128,0.0001032887230394,64,64,1,512,86218.0,bin_2
1397,1.278477451170262,0.4309548392524582,1.239535575179616,1.209023610688746,1.2066547577269375,1.2184046478650998,3623527471104.0,4194304,32,0.0030726778786629,128,64,2,256,152970.0,bin_2
1398,1.151356212937355,0.7118264041954517,1.189110362174688,1.1395414536818862,1.1404191795736551,1.156356998476743,904396111872.0,33554432,256,0.0035029174759984,32,16,1,128,6202.0,bin_1
1399,1.0523593705111245,0.3509791205267396,1.7620797322597357,1.7412191750481725,1.7490439778193831,1.750780961709097,13725166006272.0,4194304,256,0.0007348633371293,32,64,8,256,553482.0,bin_2
1400,1.0615878210585177,0.5049059952393287,1.6465313284425065,1.6054730918258429,1.6077152555808425,1.6199065586163972,28477508296704.0,134217728,256,0.0238095391541719,64,16,8,128,37002.0,bin_3
1402,1.0625380765795298,0.4777489331655997,1.654101342544891,1.610567939467728,1.611966071650386,1.6255451178876683,228709241306112.0,1073741824,128,0.0162744279950857,128,16,8,128,37002.0,bin_4
1403,1.040455437374385,0.4426538924038923,1.650163422105834,1.6117331460118294,1.6115503665059805,1.6244823115412146,57104038886400.0,268435456,32,0.0113236466422677,128,16,8,128,37002.0,bin_4
1405,1.0792635524226917,0.5630553985256367,1.6587066993815824,1.6124798860400915,1.6114397030323744,1.6275420961513494,27958249973760.0,268435456,32,0.0378231965005397,64,32,1,512,22634.0,bin_3
1406,0.9554705493956974,0.6810862955386764,1.0378791949988226,0.9605861890595406,0.9513669456355274,0.9832774432312968,113836934768640.0,1073741824,64,0.0005792748997919,64,16,4,128,19402.0,bin_4
1407,0.9508461834786276,0.6757242488552012,1.0115598144839169,0.952350641367957,0.9511134144850076,0.9716746234456272,60142907025408.0,1073741824,64,0.0032175539527088,32,16,2,512,10602.0,bin_4
1408,1.1536703507875885,0.5738385195051862,1.681855330010876,1.6372368256561458,1.644144905731082,1.654412353799368,117710128128.0,1048576,16,0.0058210366405546,128,16,4,128,19402.0,bin_0
1409,1.0480755429632256,0.4405030014077633,1.3370101948967203,1.215864973142743,1.1630518101155758,1.2386423260516797,3465617608704.0,8388608,16,0.0041926372796297,64,32,4,256,73610.0,bin_1
1410,0.9441100493470542,0.6736002687788402,1.1243862793817243,0.9985330807976424,0.9594063111580908,1.0274418904458191,112030932695040.0,268435456,16,0.0004996029310859,32,32,4,512,73610.0,bin_4
1411,0.9613032739369158,0.4062122498312974,1.13548112562421,1.0454833409748971,1.0282597071491182,1.0697413912494085,27799242141696.0,67108864,128,0.0012526975478976,32,32,4,256,73610.0,bin_3
1413,0.9980630963028916,0.4390188523998047,1.7639340322930366,1.7377261072397232,1.7440872322767973,1.7485824572698525,130796967936.0,1048576,128,0.0086344759911298,64,16,4,128,19402.0,bin_0
1414,0.987647971777712,0.3934517127493317,2.225854492746293,2.2242052890360355,2.224463315680623,2.224841032487651,599913424896.0,2097152,256,0.0010324987815693,64,16,8,128,37002.0,bin_0
1415,0.9262489296931528,0.7692835718073813,1.0867945139616495,1.0385812548920512,1.0411953567527237,1.0555237085354747,13715918401536.0,134217728,16,0.0003538126475177,128,32,1,128,22634.0,bin_2
1416,0.783818730478953,0.8087527679551489,0.9687877344695152,0.9350755887571722,0.9369926759973168,0.9469519997413348,874432071742464.0,1073741824,64,0.0021511160302907,128,32,8,128,141578.0,bin_5
1417,0.938127163939066,0.7351230762183144,1.0337513259946718,0.97367890086025,0.9702335088513792,0.9925545785687668,219654198190080.0,1073741824,256,0.0007156474166549,64,32,2,128,39626.0,bin_4
1418,0.9541901426806362,0.5919340500769072,2.206662314943969,2.2053795270621777,2.205464538186789,2.205835460064312,125961879552.0,1048576,128,0.0011120183626189,128,32,1,128,22634.0,bin_0
1419,1.1187893557045625,0.3482581911034292,1.425797013216652,1.3978622718714178,1.4002629313617945,1.4079740721499547,458098888704.0,16777216,256,0.0033191805705428,64,16,1,128,6202.0,bin_0
1420,0.9669116356917384,0.5293983481245386,1.1278037966694685,1.0472979727201164,1.034126174170524,1.0697426478533696,27880712429568.0,67108864,64,0.0004758178256452,32,32,4,256,73610.0,bin_3
1421,1.1136669479968395,0.3247734095710285,1.41779551806394,1.389899973757565,1.3938040882349014,1.400499860018802,28178201726976.0,8388608,128,0.0004234474035911,64,64,8,128,553482.0,bin_3
1422,1.1657173227801418,0.6700030980923838,1.9674666746286675,1.898025061003864,1.9172462103888392,1.9275793153404568,3642478402560.0,16777216,64,0.0439079664647579,128,32,2,512,39626.0,bin_2
1423,1.143435759239095,0.4991677890011223,1.6562659888295457,1.6125958720222116,1.6166596487164495,1.628507169856069,13648675740672.0,16777216,16,0.0181917119771242,128,32,8,256,141578.0,bin_2
1425,0.9751384951335804,0.4960109427609427,2.01143614249304,2.0033526066690683,2.0097233029082417,2.0081706840234497,7359130859520.0,4194304,32,0.0001237245596712,64,64,4,512,286474.0,bin_2
1426,1.027284201041923,0.5107100320314606,1.6851121736690402,1.6555724553763866,1.6580886580049992,1.666257762350142,27562288545792.0,67108864,32,0.0320163443684577,32,64,1,512,86218.0,bin_3
1427,0.9745269242817132,0.4224653234772282,1.1093794268963393,1.0708919069729743,1.0632161675021052,1.0811625004571397,215520572497920.0,536870912,32,0.0107811419293284,128,64,1,128,86218.0,bin_4
1428,1.0817162086195071,0.6255512543012544,1.658442007843405,1.616676009260118,1.620285291224718,1.6318011027760804,1019619778560.0,8388608,64,0.0218981020152568,32,16,4,512,19402.0,bin_1
1429,0.9793657728934644,0.4554147776826348,1.4230768280103805,1.3098247833549976,1.282671713270247,1.3385244415452082,218707613761536.0,67108864,32,0.0023240707814693,32,64,8,256,553482.0,bin_4
1430,1.1078436316728404,0.4360335854621569,1.185151069497806,1.1327105672098696,1.1265351199544966,1.148132252220724,7458196199424.0,67108864,16,0.0002075309021165,32,16,4,512,19402.0,bin_2
1431,1.0044161310376418,0.5715894229227562,1.694294777000323,1.675354765728116,1.6778332265093925,1.6824942564126104,1770227632128.0,16777216,16,0.0001298202259931,64,32,1,512,22634.0,bin_1
1432,1.0092717501629755,0.3456358645763407,1.94848121679388,1.9402126027271152,1.943262964487076,1.943985594669357,3821503868928.0,8388608,256,0.0007574611809104,64,64,1,512,86218.0,bin_2
1433,1.0579329024964343,0.4912774879441546,1.6521749501116574,1.6094030793756249,1.6104366276413202,1.6240048857095342,220278989783040.0,268435456,64,0.0448222942650318,32,64,2,512,152970.0,bin_4
1435,0.971374998337674,0.4495523977785882,1.1964034735428868,1.090601644013077,1.094930613413453,1.127311910323139,27530122801152.0,67108864,64,0.0082840705290436,64,32,4,128,73610.0,bin_3
1436,0.9680902923502456,0.308040868302773,1.1206724476796808,1.0606321929953992,1.0646671848371625,1.081990608504081,7137159376896.0,33554432,16,0.0047080144286155,64,16,8,128,37002.0,bin_2
1437,1.0546197286077073,0.4876675231734755,1.6660620941547677,1.6204842189326882,1.621629503555596,1.636058605547684,28196029630464.0,33554432,256,0.0263925977051258,32,32,8,256,141578.0,bin_3
1438,0.9613097693463168,0.3195520026710503,1.3007829858688638,1.2533582947216928,1.2571020615287123,1.2704144473730896,27260945276928.0,67108864,64,0.011822341941297,128,64,1,128,86218.0,bin_3
1439,1.1193762617448548,0.5037513597513598,1.696641968912445,1.6428664289414885,1.6412045555189252,1.6602376511242862,109488832757760.0,33554432,32,0.0316510535776615,32,64,8,256,553482.0,bin_4
1440,0.4540684059201931,0.9681519776519776,0.9316477559841588,0.9040449936874212,0.9038153558503836,0.9131693685073212,228938713448448.0,1073741824,64,0.0036267437972128,32,16,8,128,37002.0,bin_4
1442,0.9582529209178792,0.5917958307124973,2.347491316962987,2.347772680222988,2.3453223947435617,2.346862130643179,7307309481984.0,4194304,256,0.0003724445123225,128,64,2,512,152970.0,bin_2
1443,0.9960764956894618,0.6129620084501036,1.9076908042188727,1.893176288343966,1.8985034804791208,1.899790191013987,7622171824128.0,16777216,256,0.0007390542305074,128,32,4,256,73610.0,bin_2
1444,1.1158320153682606,0.3465116030354125,1.6949969416018575,1.6522478344850242,1.6514381356537342,1.666227637246872,1932376467456.0,8388608,64,0.0209755450487136,128,32,2,256,39626.0,bin_1
1445,1.5675989121033016,0.3704111501373406,2.147746317907149,2.101443184539676,2.007056074216962,2.0854151922212623,113466187776.0,1048576,64,0.0310634598135948,64,32,1,128,22634.0,bin_0
1446,1.3190803216982327,0.3481775235346663,1.808786464331206,1.764040499459952,1.7726848274469376,1.7818372637460318,69607895040.0,2097152,256,0.0389433987438678,32,16,1,128,6202.0,bin_0
1447,1.0346478636989438,0.6335089575327669,1.656724478234537,1.6136872973293066,1.617114438675344,1.6291754047463958,478681442304.0,4194304,16,0.0168435983359813,64,16,4,512,19402.0,bin_0
1449,1.1217337017101894,0.3131759695331124,1.4182526605436578,1.3909024796448648,1.3911228412762284,1.4000926604882504,56050899737088.0,67108864,64,0.000273772602668,64,32,8,512,141578.0,bin_4
1450,1.0072642751945606,0.3376264850669612,1.8343563580419868,1.818685756064952,1.817352082580328,1.823464732229089,1736289546240.0,2097152,128,0.0088758049532771,64,64,2,512,152970.0,bin_1
1452,0.9482079646647582,0.5935805997353616,1.0621746847464235,1.0015314347110689,0.9941144618205726,1.0192735270926885,28034805829632.0,134217728,32,0.0037005187477916,32,32,2,512,39626.0,bin_3
1453,1.094743455425695,0.2977571335190382,1.1868666352820585,1.140789978671819,1.146071414928883,1.1579093429609202,108329645629440.0,268435456,128,0.0001225909218192,128,64,1,256,86218.0,bin_4
1454,0.9727578975835244,0.6854066845852561,1.0315060738757893,0.9927360306028276,0.9951125029474496,1.006451535808689,14370427404288.0,536870912,128,0.0075033442117273,64,16,1,128,6202.0,bin_3
1456,1.2082216058988884,0.4747248901891758,1.75440431968309,1.7053084969520569,1.7151333475485444,1.7249487213945638,1393920513024.0,1048576,64,0.0344100780785083,64,32,8,256,141578.0,bin_1
1457,0.9862309920602538,0.4170282768378006,1.0206007341039367,0.9731092795263976,0.9734620884992182,0.9890573673765176,15141265661952.0,536870912,32,0.0045559434220194,32,16,1,512,6202.0,bin_3
1459,0.4556914792928583,0.9333359528478576,0.9496974500907528,0.8983899955637753,0.9051145596895368,0.9177340017813548,227679965687808.0,1073741824,64,0.0014867131831124,64,16,8,128,37002.0,bin_4
1460,0.970605187445457,0.3981696130148509,1.9612037451006472,1.949853830970824,1.951113567687571,1.9540570479196808,3589125697536.0,67108864,256,0.0001419645850546,64,16,2,128,10602.0,bin_1
1461,0.9597956703998493,0.3478743698981794,1.13593241066701,1.0420813816599548,1.0209939302876592,1.066335907538208,882543399247872.0,268435456,256,0.0004259492270648,32,64,8,512,553482.0,bin_5
1462,1.0673295772271076,0.3514042386185242,1.727751743979752,1.7001918042078614,1.7061052229255438,1.7113495903710525,1876197310464.0,8388608,64,0.0012043076567351,32,16,8,256,37002.0,bin_1
1464,1.4368007608717015,0.5798799654930608,5.790457282215357,5.848028894513845,5.842973724007607,5.827153300245603,1752598311936.0,2097152,16,0.0109748039394617,64,32,8,256,141578.0,bin_1
1465,1.0521383228957637,0.4557639785258832,1.2252020701562287,1.2305522076785564,1.3056298652663827,1.253794714367056,3515974514688.0,4194304,32,0.0042521157301962,128,64,2,256,152970.0,bin_1
1466,1.061779776127506,0.5376062293086102,1.6639380179112775,1.624199403449893,1.626610073260963,1.6382491648740445,13710139502592.0,67108864,64,0.0356234833598136,128,32,2,256,39626.0,bin_2
1467,0.7478492275313616,0.8454222122674503,1.0004121320016566,0.9606936855707318,0.957085312344134,0.9727303766388408,439647451447296.0,1073741824,64,0.0002512776991352,32,64,1,128,86218.0,bin_5
1469,0.97130992015409,0.3731071366904701,1.0734521375779875,1.026685457676649,1.0306613710708916,1.0435996554418427,55248975409152.0,134217728,64,0.0014127343893051,128,32,4,256,73610.0,bin_3
1470,0.9829610008341474,0.593706977326025,1.158686863083858,1.0945807821117342,1.0924882222898304,1.115251955828474,3468335806464.0,33554432,16,0.0003426015609875,64,32,1,256,22634.0,bin_1
1472,0.9406870482262318,0.5802566771852485,1.1818317651050163,1.0840018261224031,1.0606856495141983,1.1088397469138729,13927843565568.0,33554432,32,0.0001394480932503,32,32,4,128,73610.0,bin_2
1473,1.028217355153313,0.3284799314442171,1.668369910446927,1.6475984174758196,1.653902368620038,1.6566235655142616,27723115683840.0,134217728,64,0.0001262267905985,128,32,2,512,39626.0,bin_3
1475,0.9729809963709464,0.3513121248240295,2.046565169468522,2.0425448827445507,2.046185472048819,2.045098508087297,4754376978432.0,1048576,256,0.0001087431301129,32,64,8,128,553482.0,bin_2
1476,1.0441256574653446,0.3814464323154798,1.2281573024811223,1.1832102797925472,1.1886022416874766,1.199989941320382,111716877312.0,4194304,16,0.0234014857560396,64,16,1,128,6202.0,bin_0
1477,1.1001885264975495,0.3142670592194401,1.2978820028947666,1.264387059956789,1.25999970221892,1.2740895883568253,453204504576.0,4194304,32,0.000838408304844,32,32,1,256,22634.0,bin_0
1478,1.0696694750378175,0.5546464646464647,1.646164888748899,1.604148262180388,1.606521014124155,1.6189447216844808,219796282368000.0,1073741824,128,0.0346784554421901,64,32,2,128,39626.0,bin_4
1479,1.0781558038436518,0.3875579028555219,1.6537349007558078,1.6162112383171916,1.6202853433787825,1.6300771608172606,6944277866496.0,16777216,16,0.0075506060384213,32,32,4,256,73610.0,bin_2
1480,0.9916838508581384,0.3159384006645911,1.2170428301324137,1.1776504321023822,1.1994585818611083,1.1980506146986347,6848228290560.0,16777216,128,0.0009663180098868,64,32,4,128,73610.0,bin_2
1481,0.9545817145936611,0.5980008457151315,1.065943999827141,0.981122235301882,0.964481589384377,1.0038492748378,437343441666048.0,268435456,128,0.0002339419879717,32,64,4,128,286474.0,bin_5
1484,1.0524581294011135,0.5239273874273874,1.6486310882028192,1.612881192937493,1.6147484555840492,1.6254202455747873,224999876527104.0,268435456,128,0.0260776039212942,32,32,8,512,141578.0,bin_4
1485,0.9665661779279384,0.3998035408154456,2.115557317622006,2.109749494120478,2.109276076778769,2.111527629507085,955828070400.0,16777216,64,0.0001554374612169,32,16,2,512,10602.0,bin_1
1486,1.0540566679394463,0.5034189329189329,1.6929831376764923,1.645437242463231,1.6498961430042982,1.6627721743813406,6974961097728.0,16777216,16,0.0447710715234279,128,32,4,256,73610.0,bin_2
1487,0.9999122576906904,0.5419928149451959,1.7686390168964865,1.7499938290566206,1.7527871821075678,1.7571400093535583,28140864491520.0,16777216,256,0.0001501349470345,64,64,4,128,286474.0,bin_3
1489,0.9122952965324234,0.7111670719051671,1.0624920357331575,0.9636179474182428,0.9441430466249584,0.9900843432587862,878865393647616.0,1073741824,128,0.0006955575663596,32,64,2,512,152970.0,bin_5
1490,0.9742426680601104,0.3477619853691282,2.0783923796843737,2.070939096622169,2.073891792446375,2.0744077562509724,7539391088640.0,268435456,256,0.0001170258328784,128,16,1,512,6202.0,bin_2
1491,1.030564216552177,0.3018820082034367,1.2300581400922963,1.1900329999625685,1.1943343337625263,1.2048084912724637,27439804796928.0,8388608,64,0.0007288188789971,32,64,8,256,553482.0,bin_3
1492,0.9817750408451182,0.5839037756775852,1.2997388574294746,1.2624194491654634,1.2801114758476615,1.2807565941475332,7459967498496.0,33554432,16,0.0056587248109281,64,16,8,512,37002.0,bin_2
1495,1.0740992311847326,0.5,1.6509489275049418,1.6079969787970183,1.6091939425095916,1.622713282937184,3605886277632.0,67108864,16,0.0336541570723056,32,16,2,128,10602.0,bin_1
1496,1.003598417183616,0.3929674461341128,1.741942819673568,1.7196281049400568,1.7217511273920536,1.727774017335226,123095884800.0,2097152,16,0.001624520518817,32,16,2,512,10602.0,bin_0
1497,0.9752143956130788,0.6736255349588683,2.1352304741740227,2.126971769146621,2.134238427504897,2.1321468902751803,116259563520.0,1048576,64,0.0005520980921573,128,16,4,128,19402.0,bin_0
1498,1.1609588780698286,0.3469004747457128,1.6892158788396046,1.6454006456770005,1.657616950571537,1.6640778250293806,8103565696512.0,8388608,128,0.0067185531370341,64,32,8,512,141578.0,bin_2
1499,1.1483582412501658,0.4022324721134244,1.2836802829406224,1.2391445045359433,1.227209450211376,1.2500114125626471,1736956157952.0,4194304,32,0.0009415238164365,32,32,4,256,73610.0,bin_1
1501,1.025064932877244,0.3999470071374832,1.903417378431186,1.8879627333953977,1.891495302319527,1.89429180471537,3708799414272.0,16777216,64,0.0002787936828099,32,16,8,256,37002.0,bin_2
1502,0.9391068326186344,0.7042014559514559,1.1647061655967264,1.0864001950249076,1.0747763132676482,1.108627557963094,113263962697728.0,1073741824,256,0.0001323860051343,32,32,1,512,22634.0,bin_4
1503,1.0573139006737686,0.5,1.6444707235787064,1.604291926138103,1.606466026045382,1.6184095585873972,438243614828544.0,536870912,32,0.0148184383288025,64,32,8,128,141578.0,bin_5
1505,0.976107421340842,0.5356924015138299,1.85717540467158,1.839735426008701,1.8443592805415392,1.84709003707394,112658792448.0,1048576,32,0.0012528278166428,64,16,4,128,19402.0,bin_0
1506,1.004440451129141,0.3492074812312907,2.1414051081519574,2.1368639022111893,2.1415617018938065,2.1399435707523176,900898873344.0,4194304,256,0.0006976485601626,64,32,2,256,39626.0,bin_1
1507,0.9527117299641928,0.6448336073097978,1.0036944026651329,0.9465078066568822,0.9481416554190218,0.9661146215803456,3440253597149184.0,1073741824,128,0.0001511442969786,128,64,8,128,553482.0,bin_5
1508,0.993678863682266,0.4651314937267318,1.0465395657447516,0.9844485358335078,0.9788385722786188,1.0032755579522927,28489647498240.0,268435456,16,0.0003858881827909,64,16,4,128,19402.0,bin_3
1509,0.9739239184500786,0.3491219556457651,2.1809032168239355,2.1767191737890244,2.178527882322669,2.17871675764521,84191016960.0,2097152,128,0.0004942112718708,128,16,1,256,6202.0,bin_0
1511,1.094784141965315,0.3716524573310287,1.131474089474068,1.083374433685094,1.096003553364426,1.103617358841196,871247555640576.0,268435456,128,0.0002996552793774,128,64,8,512,553482.0,bin_5
1512,1.0731540364449763,0.5084599078170507,1.1597783614561197,1.113565786741674,1.1169423991814256,1.130095515793073,29949239611392.0,536870912,256,0.0037123034708201,128,16,2,512,10602.0,bin_3
1513,0.9920405433902396,0.3763675394270632,2.506332751829177,2.5145812798291445,2.5074394550174475,2.509451162225256,2040780853248.0,1048576,256,0.021380491554737,64,64,4,128,286474.0,bin_1
1514,1.0219347905721532,0.3390935752959562,1.968397798016668,1.958856239914894,1.9672891441732645,1.964847727368276,926989808640.0,4194304,16,0.0004422120691742,128,32,2,512,39626.0,bin_1
1516,1.392579850748492,0.4798864726543297,2.7042182055301964,2.694991536438465,2.673189263790846,2.6907996685865023,7987197560832.0,2097152,64,0.0142492782324552,128,64,8,128,553482.0,bin_2
1517,0.9881673970760256,0.3639210996234805,2.1731278735678643,2.1721261143684387,2.172826524823904,2.1726935042534024,934813900800.0,2097152,128,0.0003851300862152,128,64,1,256,86218.0,bin_1
1518,1.004905078531192,0.5095330960926199,1.7019939729943871,1.6734721260145309,1.6715872455388308,1.6823511148492496,3680533824000.0,8388608,16,0.042509987950325,128,32,4,512,73610.0,bin_2
1519,1.1279677993996715,0.4963996409234504,1.675355015555397,1.6252888292074203,1.6309687830507755,1.6438708759378642,54517832491008.0,33554432,16,0.004809642676264,64,64,4,256,286474.0,bin_3
1520,1.09171462798221,0.357229147395814,1.774862126680091,1.749493938870728,1.7574812853708863,1.7606124503072351,152909936640.0,4194304,256,0.0448443554341793,64,16,1,512,6202.0,bin_0
1521,0.9492363916589878,0.6680704410228219,1.003435128019191,0.959290338680148,0.9581505409441888,0.973625335881176,218848475258880.0,1073741824,64,0.0009262314415536,128,32,2,128,39626.0,bin_4
1522,0.9690829838754896,0.4021922372160467,1.164710140801617,1.1158501459285617,1.132456877734512,1.137672388154897,1753180766208.0,16777216,32,0.0024610050022602,128,32,1,256,22634.0,bin_1
1523,0.9777453759982624,0.3477055942294038,1.996156106935814,1.9858085503801703,1.9895159816369408,1.9904935463176416,113440029696.0,4194304,16,0.0004595090867951,128,16,1,256,6202.0,bin_0
1524,1.057789594629149,0.3776681935789078,1.662280520540662,1.621468996629119,1.6252903221175077,1.636346613095763,1895379582720.0,8388608,32,0.0105102062225341,64,16,8,512,37002.0,bin_1
1525,0.9251037554494648,0.7025070846261322,1.0483444584606332,1.0053251888602972,1.0032638739794493,1.01897784043346,14334990262272.0,536870912,64,0.0019635180942714,128,16,1,128,6202.0,bin_3
1527,0.9690078667550752,0.661719799600752,1.0833742687827908,1.0288909245282412,1.0197640275582671,1.0440097402897663,27616243802112.0,134217728,256,0.0036095050163567,64,32,2,128,39626.0,bin_3
1528,1.105762743370733,0.5140594306487163,1.6536143944831565,1.6206628191284835,1.5993714658543468,1.6245495598219957,218170376374272.0,268435456,64,0.010500974021852,64,64,2,512,152970.0,bin_4
1532,0.961550720170616,0.7006913928223452,1.113828381159692,1.0319743119180202,1.0166501984931529,1.054150963856955,14600097705984.0,268435456,64,0.0005344335222616,32,16,2,256,10602.0,bin_3
1533,3.8761538060026304,0.6360851401684735,7.188273205887526,7.309721786528826,7.268311180174351,7.255435390863568,7689900466176.0,4194304,256,0.0354270860552787,128,64,4,128,286474.0,bin_2
1534,1.0402762761328423,0.3551280809137951,1.3618796917726286,1.3018779177218676,1.2779866000637412,1.3139147365194124,1938032716800.0,8388608,32,0.0077824834734201,128,32,2,512,39626.0,bin_1
1535,0.9412805611817876,0.5850338219981077,1.083147270786867,1.0146609437651932,1.0101249222643671,1.0359777122721423,57042351310848.0,536870912,256,0.0006909036310389,64,16,4,128,19402.0,bin_4
1536,1.2175582909249687,0.4221653395105776,1.344136239378713,1.2804152467288077,1.2739766025915742,1.2995093628996983,13694539226112.0,16777216,32,0.0074419323354959,128,64,2,512,152970.0,bin_2
1537,1.0598309394978511,0.4790467997610854,1.6563754278467968,1.6122495783492925,1.6134569151327014,1.6273606404429302,14883121076736.0,134217728,128,0.0466529726982116,64,16,4,512,19402.0,bin_3
1538,0.9514392956285704,0.7054724644843692,1.0874731646472355,1.0307733886875212,1.0313931475393474,1.049879900291368,55147372388352.0,268435456,128,0.0004911412834189,64,32,2,256,39626.0,bin_3
1539,1.0605204985439414,0.6434363427577714,1.6457404393004254,1.6063994746655226,1.609292797744274,1.620477570570074,28182123933696.0,268435456,64,0.0366930775344371,32,32,1,512,22634.0,bin_3
1540,0.9651265152728792,0.7153710526686717,2.0452704480849206,2.034818677231669,2.040548832155764,2.040212652490785,233749569024.0,1048576,128,0.0027146146167069,64,16,4,512,19402.0,bin_0
1541,0.9982412649265662,0.3528907507836079,1.8668152091559025,1.8548961840569973,1.856581914238632,1.859431102483844,1944163829760.0,2097152,32,0.0011175328399986,128,64,2,512,152970.0,bin_1
1542,1.0843728352222268,0.5123336848336848,1.6473900361452252,1.6048516100272536,1.60913953371346,1.620460393295313,1749761460498432.0,536870912,16,0.0032857412006706,32,64,8,256,553482.0,bin_5
1543,1.065507060639417,0.4978786028786028,1.6440593699226156,1.6038403464481237,1.6073734955862164,1.618424403985652,219144746422272.0,67108864,16,0.0268396865576505,32,64,8,256,553482.0,bin_4
1545,1.139259174081654,0.5363493294624246,1.672012415714562,1.6242178310640156,1.628517359495163,1.64158253542458,27619416428544.0,8388608,16,0.0046411980874836,32,64,8,256,553482.0,bin_3
1546,0.9370177793976794,0.6330547521261806,1.0863076310051838,1.0013406169600785,0.9822203158400952,1.0232895212684523,439684293550080.0,536870912,64,0.0001799706224119,32,64,2,512,152970.0,bin_5
1548,0.7267224106897703,0.8382513672394625,0.9924703979268088,0.9549619588069618,0.9544943165965378,0.9673088911101028,110827350626304.0,1073741824,32,0.0024671019054949,64,32,1,256,22634.0,bin_4
1550,0.9633611250896824,0.3845863519196852,1.207885080599226,1.1705018319189548,1.169964331202209,1.1827837479067966,221235364288512.0,268435456,16,0.0024620180483907,128,32,8,512,141578.0,bin_4
1551,1.075416570937293,0.3330835619407047,1.6471689651953056,1.6053323270753026,1.6081628892570734,1.6202213938425605,863932991238144.0,268435456,32,0.0017098619136959,64,64,8,128,553482.0,bin_5
1553,1.073000060986522,0.5257820283772665,1.643844764912501,1.6053911363705993,1.6076254742220044,1.618953791835035,515565447168.0,4194304,32,0.0036764512769877,64,16,4,512,19402.0,bin_0
1554,0.9732775354836196,0.6818612868612869,2.1191562835592777,2.110315525904298,2.117633413523436,2.11570174099567,133079840256.0,1048576,32,0.0013280070852488,128,16,4,512,19402.0,bin_0
1555,0.9161074895076008,0.7650524299333824,1.044019848064636,1.0023567103780806,1.0026100296527147,1.016328862698477,215673994764288.0,536870912,16,0.0001082788003259,128,64,1,128,86218.0,bin_4
1556,0.9206700163692746,0.5799515436063053,1.0583915592578703,1.0205378774553535,1.0162943196482956,1.0317412521205065,108705753833472.0,268435456,32,0.0091542480513453,64,64,1,128,86218.0,bin_4
1557,0.946542923178188,0.6415160782779831,1.129232091421727,1.0794460624456406,1.0882623409852386,1.0989801649508688,111661418164224.0,1073741824,256,0.0004964350373484,128,32,1,512,22634.0,bin_4
1558,0.9709898001989932,0.4442718850814089,1.1242868980698404,1.0649390271864831,1.0713388263247907,1.0868549171937048,912895635456.0,16777216,16,0.0106846652925014,32,16,2,256,10602.0,bin_1
1559,1.1004334244201397,0.5,1.6526432873215526,1.6082904366776347,1.6117157759144902,1.624216499971226,875180122509312.0,536870912,16,0.0287285111844539,32,64,4,256,286474.0,bin_5
1561,8.43512609939065,0.4973860275526942,19.05662585562095,19.10963624715805,18.89843760430813,19.021566569029044,54013822104576.0,16777216,64,0.0474174842238426,128,64,8,256,553482.0,bin_3
1563,1.0588740824190916,0.4012572359298549,1.6482821954414248,1.6072048339992762,1.6087454538792372,1.6214108277733128,27630532755456.0,268435456,64,0.0435823574662208,64,32,1,256,22634.0,bin_3
1564,0.9453515209256744,0.6897487490463682,1.0784634767624084,1.0266897161491215,1.0335807302035391,1.0462446410383563,13612013740032.0,67108864,32,0.001088916324079,128,32,2,128,39626.0,bin_2
1565,1.0036502131320215,0.3687531207769303,2.251289233099669,2.249510681256652,2.251443587243557,2.250747833866626,525877727232.0,2097152,64,0.0001507112028775,32,32,2,512,39626.0,bin_0
1566,1.08400280117048,0.3805500315381267,1.224203288409626,1.1720583382993937,1.1637750915251672,1.1866789060780625,903221993472.0,33554432,64,0.0249761808663606,128,16,1,128,6202.0,bin_1
1567,0.99382501189588,0.3191628688771545,1.1730130668438503,1.11645720154047,1.1147017423063517,1.1347240035635573,6936300776448.0,16777216,16,0.0015835203230381,128,32,4,256,73610.0,bin_2
1569,1.1148228288912054,0.5647353889496746,1.7356321837287396,1.6888893824070692,1.6902813501656055,1.7049343054338049,1972797272064.0,4194304,256,0.0136776892468333,64,32,4,128,73610.0,bin_1
1570,0.9496710411854746,0.5230737437166009,1.0118915274724714,0.9700596753973514,0.9728065729141236,0.9849192585946488,58268314558464.0,1073741824,32,0.0019040610641241,128,16,2,256,10602.0,bin_4
1571,1.0691626247154928,0.4003961554318697,1.837729499908164,1.8170828446745872,1.8246869556605816,1.8264997667477776,3720121943040.0,16777216,128,0.0032799977343529,128,16,8,256,37002.0,bin_2
1572,0.973976909088537,0.3490599559170986,2.188605250790715,2.1846344992518425,2.1864341739565134,2.186557974666357,78151858176.0,2097152,64,0.0001485231478,64,16,1,512,6202.0,bin_0
1574,1.0294016832508148,0.3550599418218466,1.6789621722418815,1.653299638070166,1.6594797419384122,1.6639138507501532,37944877056.0,1048576,64,0.0060837571509182,32,16,1,256,6202.0,bin_0
1575,1.323205660718559,0.3920585164394688,1.6870390309486538,1.6407525660470128,1.6467354223132131,1.65817567310296,2320956641280.0,2097152,128,0.0066239074803888,32,64,2,512,152970.0,bin_1
1576,1.0198237879449594,0.3669043892615322,1.7051994022913275,1.6809931779280305,1.687491294927895,1.6912279583824177,75111641088.0,2097152,128,0.0118371210992336,32,16,1,512,6202.0,bin_0
1577,0.9554927256706686,0.6720579794984557,1.0960402674827492,1.017784300725907,1.002698289230466,1.038840952479707,55379903877120.0,134217728,32,0.0001192942509078,32,32,4,128,73610.0,bin_3
1579,1.0452403082695094,0.3634040373207039,1.3354808430885896,1.305581307504326,1.3015732965432107,1.3142118157120422,444243738624.0,1048576,64,0.0020159264095127,32,64,1,128,86218.0,bin_0
1581,0.9952237529760344,0.5630180322323179,1.1110413103888277,1.0539634758606553,1.053239876870066,1.0727482210398496,1777245275136.0,33554432,16,0.0012547923251986,64,16,2,128,10602.0,bin_1
1584,1.0262288132854962,0.4213113566327852,1.1610718957381323,1.095796789508313,1.0952130681835115,1.1173605844766523,55530947432448.0,67108864,128,0.0015408751787617,64,32,8,256,141578.0,bin_4
1585,1.004423784130933,0.3740803614375041,2.3196466704830527,2.319584531709552,2.3201186433434486,2.319783281845351,430113297408.0,1048576,64,0.0001392712001688,128,32,2,512,39626.0,bin_0
1587,0.9744731314125578,0.3484879260950689,2.0620498219504952,2.0540528343990445,2.056942095980048,2.057681584109863,509414114304.0,16777216,256,0.0019979218486696,128,16,1,512,6202.0,bin_0
1588,0.9402094799683404,0.6947407015383206,1.059467676699569,0.9994819527491928,0.9910533730871977,1.0166676675119863,28695557210112.0,536870912,256,0.0010622678091749,32,16,2,128,10602.0,bin_3
1590,0.9593470713958766,0.6058231380612332,1.0319700557884062,0.9893749349284916,0.9841320482082664,1.0018256796417215,14335875280896.0,536870912,64,0.0065136025659739,64,16,1,128,6202.0,bin_3
1591,1.0994347447876118,0.3024015217586646,1.2032569001603406,1.1593443625606596,1.1646816628053784,1.1757609751754596,13688267292672.0,33554432,128,0.0002351734001422,64,64,1,128,86218.0,bin_2
1592,1.0771138519821928,0.4729504137837471,1.6480184550164267,1.6057079061865809,1.6094384994357824,1.6210549535462633,14523939938304.0,134217728,128,0.0339170880615711,32,16,4,256,19402.0,bin_3
1593,0.7588089672179213,0.800837252253919,1.0209732386210817,0.9751425092108548,0.9719642736017704,0.989360007144569,220205035413504.0,268435456,64,0.0021562674082815,32,64,2,512,152970.0,bin_4
1597,0.9491091387647236,0.6387412684317446,1.1116693702933844,1.016937025822699,1.000472241546959,1.0430262125543477,218652864909312.0,67108864,64,0.0001272353692911,32,64,8,128,553482.0,bin_4
1598,1.073221191734672,0.314795227259513,1.518389664357528,1.4962548511102796,1.4960904996842146,1.5035783383840071,6732596477952.0,8388608,32,0.0001578236697241,128,64,2,128,152970.0,bin_2
1602,1.0766622223023057,0.3792966138799472,1.4492589362198487,1.423436009325087,1.4210552675649524,1.4312500710366294,1767217938432.0,16777216,128,0.0005409485893324,32,32,1,256,22634.0,bin_1
1604,1.0226174588219676,0.354620226334512,1.6089772545965388,1.5599781880155206,1.5436818012967706,1.5708790813029434,1833744141312.0,2097152,32,0.0046106348745524,64,32,8,256,141578.0,bin_1
1605,1.023331504228752,0.3614982627601675,1.8056179713457825,1.7880483092740178,1.7912820987403393,1.7949827931200464,746609181696.0,134217728,256,0.00069213390816,32,4,2,256,930.0,bin_0
1606,1.2113546600293703,0.2974425195615672,1.2196545439655893,1.1901866025291383,1.1924784029833972,1.2007731831593749,7169966923776.0,2097152,32,0.0008460290264338,32,128,2,256,600842.0,bin_2
1609,0.9900567127703414,0.4046900898924708,2.3260797997936606,2.327655266970396,2.328823769465089,2.3275196120763817,13659546624.0,2097152,64,0.0001198671889142,32,4,2,256,930.0,bin_0
1610,0.2353045968914253,0.9789672673006008,0.9639153530006296,0.8679246378596872,0.8648410502355546,0.8988936803652905,2.780846473450291e+16,2147483648,128,0.0001051766521413,32,128,8,256,2188298.0,bin_5
1611,1.1071309722072589,0.4581148137576709,1.6850125970086085,1.6360223591327667,1.646947636269033,1.655994197470136,41819381760.0,2097152,64,0.0166980158537626,32,4,8,128,2922.0,bin_0
1612,1.361600654293155,0.3092705869967774,1.290525209507905,1.2585003059357405,1.2545511526986957,1.2678588893807805,28181927780352.0,8388608,256,0.0012298525543883,32,128,2,256,600842.0,bin_3
1613,1.0478135096389696,0.4267766314373456,1.6995304296724498,1.6722751408815384,1.6693245032802224,1.6803766912780702,1717099585536.0,2097152,32,0.0183198396116495,32,64,2,128,152970.0,bin_1
1615,1.0591085464760868,0.453553354053354,1.6441910213325173,1.6042475160211325,1.6062532160431149,1.6182305844655882,187789743776256.0,2147483648,16,0.000817789346911,32,4,32,256,10890.0,bin_4
1616,1.0663899609152592,0.5,1.6493724421598015,1.6067138453945518,1.6081694550812244,1.621418580878526,1.3969427481587712e+16,2147483648,128,0.0159016381949186,32,64,16,128,1087498.0,bin_5
1620,1.0693118815088338,0.5005128205128205,1.6444210920017213,1.6030694050714374,1.6063241120427847,1.6179382030386478,1754324009312256.0,2147483648,32,0.0099577317014336,32,64,2,256,152970.0,bin_5
1621,0.9937209238630166,0.6482132329751377,1.7219778313301504,1.7035862440243363,1.7037850394845009,1.7097830382796626,33200078069760.0,2097152,128,0.000154096254846,32,128,8,256,2188298.0,bin_3
1623,1.1363173412835608,0.4967776449740735,1.6632468074094504,1.6171293323859572,1.6239048456773162,1.634760328490908,56088248143872.0,2097152,32,0.0012866392498835,32,128,16,128,4304906.0,bin_4
1626,3.761886384500517,0.5037644179013226,166.4448187809321,157.12976909428835,160.11581444740295,161.23013410754115,143724051013632.0,2097152,128,0.029692905023694,32,256,8,256,8701962.0,bin_4
1627,1.064654466871729,0.4972369125583411,1.646342500578612,1.6069107046350837,1.6096718655899167,1.6209750236012042,1749448288825344.0,536870912,128,0.0050797965377569,32,64,8,256,553482.0,bin_5
1628,0.2341156670164077,0.99256581689915,0.9376349588419544,0.899365512188524,0.8989314334467053,0.9119773014923944,1751330560745472.0,2147483648,16,0.0017004699911922,32,64,2,128,152970.0,bin_5
1629,1.0627034573095435,0.5277850667850666,1.6471458671148866,1.606178157031536,1.6073619024828076,1.6202286422097434,1746735807688704.0,536870912,32,0.0030726806726306,32,64,8,128,553482.0,bin_5
1630,1.9834616437874648,0.4796243265112312,2.424483008158859,2.379513847641647,2.363136471249163,2.3890444423498898,462199690973184.0,8388608,128,0.0048739197663962,32,256,8,256,8701962.0,bin_5
1632,1.1334976882899002,0.5090037828133066,1.9528130333637816,1.8778352243825795,1.886210300028324,1.9056195192582284,112636577636352.0,8388608,64,0.0307319220155477,32,128,8,256,2188298.0,bin_4
1633,1.0665126489432908,0.5034856021403641,1.6459390013478696,1.605908085592091,1.6070035574957728,1.619616881478578,6986385848733696.0,536870912,256,0.0006045766058377,32,64,32,128,2155530.0,bin_5
1634,1.079633455886535,0.4299321758488424,1.4968674349365756,1.4733290737494826,1.4716969542205334,1.4806311543021973,7207111901184.0,2097152,32,0.0001462442160118,32,128,2,256,600842.0,bin_2
1635,1.534240917828466,0.4259892466440085,1.1420558567915575,1.0570495864376426,1.0405230927281082,1.0798761786524362,20125073621760.0,536870912,16,0.0001086302509065,32,4,16,128,5578.0,bin_3
1636,0.9647856815669386,0.572571784917023,1.178229000477586,1.0816605812869966,1.057961301878095,1.105950294547559,438988236374016.0,134217728,256,0.0001877812901511,32,64,8,256,553482.0,bin_5
1639,1.0972173317061646,0.4961475187070425,1.6586203856859356,1.6132162767462432,1.6155320713296533,1.629122911253944,3479565666281472.0,134217728,64,0.0033564215991646,32,128,16,256,4304906.0,bin_5
1641,0.7570538901761266,0.8558721926221926,1.035159536037099,0.9481761055067182,0.9341482371091844,0.9724946262176672,1755136872284160.0,2147483648,128,0.0001962299429578,32,64,2,256,152970.0,bin_5
1642,9.074166754823676,0.5,314.95904557651374,313.16629338264465,311.07160782814026,313.06564892909955,27729044029440.0,2097152,128,0.0494495145976543,32,256,2,128,2381322.0,bin_3
1643,1.250037164858328,0.4650562061395394,1.8019964589038864,1.768795669078827,1.955239709466696,1.8420106124831364,1770945404928.0,2097152,32,0.0261521562933921,32,64,2,128,152970.0,bin_1
1644,0.9284774126428528,0.5852448358519787,1.111873157475202,0.9587596938945352,0.9359976751729846,1.0022101755142403,1747730981167104.0,536870912,128,0.0001697622938081,32,64,8,128,553482.0,bin_5
1645,1.0352250135289642,0.4969483611626468,1.648652263917029,1.6111674159765244,1.612165302969515,1.6239949942876897,1745776112701440.0,536870912,256,0.0031452083494514,32,64,8,128,553482.0,bin_5
1648,0.9878096815382026,0.4898520553520553,1.6747995135374367,1.6402125749737024,1.639307358302176,1.6514398156044383,109237090603008.0,8388608,16,0.008012750186026,32,128,8,256,2188298.0,bin_4
1649,1.0664695471409866,0.5,1.6463601186405867,1.6047898950055242,1.606522012501955,1.619224008716022,6990357732384768.0,2147483648,256,0.0277995076030492,32,64,8,128,553482.0,bin_5
1650,0.952278941489816,0.4321388602579079,1.1075533607508987,1.0286084478721025,1.0172804021276534,1.0511474035835515,2964452079360.0,536870912,16,0.0017784041119739,32,4,2,256,930.0,bin_1
1651,1.006604904259593,0.351893067910925,1.930903150932864,1.90733602643013,1.905945590697229,1.914728256020074,247201476096.0,2097152,128,0.0083110947161912,32,4,32,256,10890.0,bin_0
1653,1.1043766718045311,0.4156231378850426,1.4871215126477182,1.4594346024096012,1.456027675420046,1.4675279301591218,8890883751936.0,2097152,256,0.0005586180486716,32,128,2,128,600842.0,bin_2
1654,1.0783184271412694,0.473539516039516,1.6448098251130432,1.6038821516558528,1.6066236635670066,1.6184385467786342,2.7965871303069696e+16,2147483648,128,0.0142971305176615,32,64,32,256,2155530.0,bin_5
1656,1.0524578658894013,0.5023579691913026,1.6477115836460143,1.6098091751337051,1.611953160725534,1.6231579731684178,6946325341120512.0,134217728,32,0.0055057778954505,32,128,32,128,8538122.0,bin_5
1657,1.1714685400890528,0.5467492489873442,1.253649307298474,1.186633225064725,1.169443164486438,1.203241898949879,6841893863424.0,2097152,16,0.0004619373066816,32,128,2,128,600842.0,bin_2
1659,0.9150880108952334,0.7580379312045978,1.224129075242672,1.16080232989043,1.1721405033022163,1.1856906361451065,27936907984896.0,8388608,128,0.0038629099726676,32,128,2,128,600842.0,bin_3
1660,1.0717874042243454,0.4645833474285855,1.6460183517774567,1.6056412030011415,1.60908676777035,1.6202487741829827,874196331171840.0,134217728,16,0.0012263284297659,32,64,16,256,1087498.0,bin_5
1662,1.1738460102035366,0.296108111905731,1.331170521225431,1.25812906678766,1.230021566618234,1.273107051543775,1753222250496.0,2097152,32,0.0041284062899649,32,64,2,128,152970.0,bin_1
1664,1.085451119961668,0.4932763563596896,1.6456464736256748,1.603672442957759,1.607389102689922,1.6189026730911185,2.7972114044476416e+16,2147483648,16,0.0001879353658296,32,64,32,256,2155530.0,bin_5
1665,0.9545115569097056,0.4624555999555999,1.163084464336862,1.0726381558924911,1.0423634741455317,1.0926953647916282,434091678154752.0,8388608,32,0.0001113381440518,32,256,8,128,8701962.0,bin_5
1666,0.3431154049962546,0.9792965469274992,0.9355678234642256,0.9016304791439324,0.9025624515488744,0.9132535847190107,6966536447213568.0,2147483648,256,0.000378395547159,32,128,2,128,600842.0,bin_5
1669,1.0493995295309368,0.4960773930654882,1.6549773474689573,1.614033074118197,1.6201417222619057,1.62971738128302,109171504619520.0,2097152,16,0.0095366304740309,32,256,8,128,8701962.0,bin_4
1670,1.1291632592003606,0.5634061795787987,1.7007182422094047,1.6663192864507437,1.6654192954301834,1.6774856080301106,27723608813568.0,2097152,16,0.0022446021903306,32,128,8,256,2188298.0,bin_3
1671,1.069255507877314,0.5,1.6489286563592032,1.6055703880265355,1.6087845722213387,1.621094538869026,80519638017024.0,2147483648,16,0.0307031851261854,32,4,16,128,5578.0,bin_4
1675,1.0070295687127908,0.3602734183805612,1.81578617496416,1.7933580912649632,1.79832146409899,1.8024885767760377,56363714985984.0,2097152,256,0.0002182326570618,32,128,16,128,4304906.0,bin_4
1676,1.0813470448887437,0.3855863479553955,1.6665363487554714,1.624825520440936,1.6319019170477986,1.6410879287480686,9401072467968.0,2097152,256,0.0029171430505812,32,64,8,128,553482.0,bin_2
1680,0.9525151945959124,0.3194207388731198,1.1266171044189832,1.0308814281597731,1.02322253677994,1.0602403564528988,11721466440192.0,536870912,64,0.0013850396499037,32,4,8,256,2922.0,bin_2
1681,1.06308287286452,0.4967903839987173,1.6493049300042912,1.6068409904837608,1.6082173334434628,1.6214544179771715,5.558347686071501e+16,2147483648,256,0.0014447144931182,32,128,16,128,4304906.0,bin_5
1683,1.0517094565574154,0.5009522237022237,1.656884676660411,1.6185780549421906,1.621529541909695,1.6323307578374322,437068156661760.0,8388608,16,0.0437496565282344,32,256,8,256,8701962.0,bin_5
1686,1.1828918260827794,0.5148616753616754,1.7038663558196276,1.668226902373135,1.668259189464152,1.6801174825523049,436867908827136.0,8388608,256,0.0073191463015973,32,128,32,128,8538122.0,bin_5
1687,1.041597961652627,0.5010442930085787,1.647200659615919,1.6063841227442026,1.6094979010522366,1.6210275611374527,1745767878220800.0,134217728,32,0.0047014858573675,32,64,32,256,2155530.0,bin_5
1689,0.963821403316541,0.5230849547278118,1.0797947897372069,0.9780166624113916,0.9645713102072476,1.007460920785282,873105307557888.0,134217728,16,0.0004667450848501,32,64,16,128,1087498.0,bin_5
1690,1.0651774281929955,0.5,1.6527933545876294,1.6083861533552408,1.6102660661563275,1.6238151913663994,11925516073728.0,134217728,256,0.0339789912104606,32,4,32,256,10890.0,bin_2
1693,0.9332820391289116,0.6976761214975499,1.1034432844098774,0.9540497569832952,0.931279086973518,0.9962573761222302,3492923251734528.0,536870912,64,0.0001929952413775,32,64,16,256,1087498.0,bin_5
1694,1.147894836802635,0.4802650017530969,1.6719314580550415,1.6339602023363111,1.6439141295850277,1.6499352633254605,232073622528000.0,2097152,32,0.0018258496420457,32,256,16,256,17129482.0,bin_4
1695,0.9572740582046896,0.3619823959109673,1.2068872371746693,1.131476806011051,1.1143474271520972,1.1509038234459392,27678605463552.0,8388608,64,0.0008101958082988,32,64,8,128,553482.0,bin_3
1696,7.196724789620643,0.5035672924958638,11.511362639721485,11.492470368742945,11.47596760839224,11.493266872285558,110132435404800.0,2097152,128,0.035031784325838,32,128,32,128,8538122.0,bin_4
1698,1.0042944663405162,0.2994795341342959,1.1925668588955889,1.1467552883550525,1.1624734890647233,1.1672652121051217,46872168960.0,8388608,16,0.0142439929768443,32,4,2,256,930.0,bin_0
1699,1.0426636458974687,0.5605860475503333,1.1696711368858814,1.1128429183736444,1.1078234682790935,1.1301125078462064,108554077913088.0,8388608,64,0.0001011857966659,32,256,2,128,2381322.0,bin_4
1700,8.747941265420591,0.639148785517833,70.92336855828762,69.92138412594795,69.17267948389053,70.0058107227087,30964795244544.0,2097152,64,0.0228342898190021,32,256,2,256,2381322.0,bin_3
1701,1.000990545324982,0.5605296180891419,1.1271493485910469,1.061353322584182,1.0497348909266293,1.079412520700619,635188172544.0,134217728,16,0.0007149148150347,32,4,2,128,930.0,bin_0
1702,0.9840317945874238,0.6275421588993018,2.094552767695859,2.0769946249201894,2.073218150064349,2.0815885142268,197761054464.0,2097152,32,0.0002612241660244,32,4,32,256,10890.0,bin_0
1703,1.066559801096717,0.4894735819735819,1.6486676373751834,1.6067657805979252,1.608472112566233,1.6213018435131137,2.778687997899571e+16,2147483648,128,0.0087646637111902,32,128,8,128,2188298.0,bin_5
1704,0.960089840719144,0.3984868922964161,1.067498740791052,1.0166535219177604,1.0143655128777027,1.0328392585288384,6974827256745984.0,134217728,256,0.0004602107801474,32,256,8,256,8701962.0,bin_5
1707,0.4140591129982442,0.8477081375414709,0.970418706543569,0.9022442284040152,0.9007947172503918,0.924485884065992,3494474415095808.0,536870912,32,0.0005622339667752,32,64,16,128,1087498.0,bin_5
1708,1.0638418575856414,0.5022673098506432,1.6445368707645684,1.605690979398787,1.6085307067260146,1.61958618562979,6954868267352064.0,536870912,64,0.002096225740388,32,128,8,256,2188298.0,bin_5
1714,1.094951042890565,0.5099242424242423,1.656553881475702,1.6114105358719826,1.6142799891531467,1.6274148021669437,5041232128512.0,134217728,32,0.0123169897124171,32,4,16,128,5578.0,bin_2
1715,0.9793226736157208,0.6007306273972941,1.1145395824569275,1.0569865708239377,1.0564014101400971,1.0759758544736542,732209114112.0,134217728,128,0.0148490443825721,32,4,2,256,930.0,bin_0
1717,1.0447490104499613,0.5132305287305287,1.6433150002267212,1.6055717477574944,1.6078652748838067,1.6189173409560074,109780354719744.0,134217728,128,0.0479246154427528,32,64,2,256,152970.0,bin_4
1718,1.255320258836285,0.3529123345790012,1.2733387601329014,1.237831697333604,1.2327152150683105,1.2479618908449386,5047036357632.0,134217728,256,0.0011248582741245,32,4,16,128,5578.0,bin_2
1721,1.053220161962283,0.5,1.6497061552945524,1.6071372237056494,1.6082896059378982,1.6217109949793669,6949265530454016.0,536870912,128,0.0314841046929359,32,128,8,128,2188298.0,bin_5
1725,1.076344470681727,0.5,1.6464489669306204,1.6050382759422064,1.607125592418015,1.619537611763614,40319872241664.0,2147483648,16,0.0208987724035978,32,4,8,128,2922.0,bin_3
1727,1.1376400839119696,0.5090809422059422,1.689558197162114,1.6377047044225037,1.6413733307272196,1.656212077437279,7096696320000.0,2097152,64,0.0147624891251325,32,64,8,256,553482.0,bin_2
1729,1.068121733124402,0.3921217904670285,1.5623044189997015,1.537471161223948,1.5372972041368484,1.545690928120166,639856020480.0,134217728,128,0.0002227056975243,32,4,2,128,930.0,bin_0
1731,0.9991767298975056,0.4825885547433166,1.4183707177871838,1.3925866675563157,1.3841265961527824,1.3983613271654274,125334249603072.0,2097152,128,0.0001249734050361,32,256,8,128,8701962.0,bin_4
