config_id,global_batch_size,beta1,beta2,eps,lr,text_width,vision_width,warmup_fraction,wd,total_samples_planned,failed
2,4096.0,0.939552128314972,0.975070059299469,2.05681516263212e-08,0.0024844072759151,320,32,0.0703612715005874,0.0003982668858952,47481472.0,0
3,512.0,0.9602198600769044,0.955198049545288,3.1663924460190174e-07,0.0334771685302257,64,64,0.267697274684906,0.006868508644402,1995526.0,0
5,4096.0,0.935051202774048,0.9654356837272644,1.716584989708281e-07,0.0002062911080429,64,512,0.0046241283416748,7.271415233844891e-05,23718000.0,0
6,4096.0,0.9488157629966736,0.9608128666877748,3.0100512304898075e-08,0.0001041674549924,192,384,0.1170181632041931,4.605255526257679e-05,28500425.0,0
8,4096.0,0.9405221343040466,0.9857852458953856,4.306022276523436e-07,1.6754856915213168e-05,128,64,0.1426088511943817,0.123972900211811,20493608.0,0
9,4096.0,0.967900276184082,0.974153995513916,5.789536885458801e-07,2.366927219554782e-05,192,32,0.6089562773704529,2.206659473813488e-06,27891480.0,0
13,512.0,0.9215642213821412,0.9776845574378968,7.18259229870455e-08,0.000299912848277,192,192,0.6959601640701294,0.003645681310445,1591938.0,0
14,4096.0,0.922819435596466,0.9906257390975952,2.242360608306626e-08,3.932072650059126e-05,320,128,0.3035789430141449,1.5025031643745024e-05,25710880.0,0
15,4096.0,0.9526613354682922,0.9753556847572328,3.504356982375612e-08,0.0004736500850412,192,32,0.6075625419616699,0.0548508204519748,30253458.0,0
17,2048.0,0.9880528450012208,0.9770125150680542,3.4325086772923896e-08,0.0017912023467943,384,384,0.0485581755638122,0.011259171180427,3426190.0,0
18,2048.0,0.9673140048980712,0.9700823426246644,1.5686898890976412e-08,8.55856851558201e-05,128,128,0.666706919670105,0.0035858585033565,9602876.0,0
19,4096.0,0.9160237312316896,0.974476397037506,1.742326460885124e-08,8.028660522541031e-05,192,64,0.3528659641742706,0.0189179014414548,46656416.0,0
20,2048.0,0.9436997175216676,0.9727994203567504,4.603834469207868e-08,0.0016585602425038,128,384,0.1331182122230529,0.0835592970252037,5058242.0,0
21,4096.0,0.9446507096290588,0.9577580690383912,1.7170238209018865e-07,0.0128900045529007,384,32,0.4483631551265716,0.0027857348322868,26093810.0,0
22,512.0,0.9238728284835817,0.9914549589157104,4.368992279069062e-07,0.0089186709374189,32,192,0.2134377658367157,0.0007689918274991,2466986.0,0
23,4096.0,0.9244394898414612,0.9617484211921692,2.9577096327670915e-08,0.0019600400701165,512,64,0.2451402246952057,7.253618605318479e-06,17861568.0,0
24,512.0,0.9713346362113952,0.9767688512802124,1.285321928889971e-07,0.0476622618734836,64,384,0.2463256269693374,0.0012455714168027,3011216.0,1
25,4096.0,0.9462140202522278,0.9889663457870485,1.1379716724491118e-08,0.0001880963827716,64,512,0.3107916712760925,0.0027828658930957,47006216.0,0
26,4096.0,0.9604687094688416,0.9656068086624146,1.4525260105813233e-08,0.0385139472782611,384,384,0.2095236182212829,0.0210046917200088,27766225.0,0
27,2048.0,0.9306063055992126,0.9973229765892028,7.903776122475392e-08,5.540063284570351e-05,32,32,0.4977114200592041,0.0311409495770931,9916538.0,0
28,512.0,0.9771973490715028,0.9863424897193908,1.0452563969920449e-07,8.527169120498002e-05,384,448,0.45500248670578,0.0002807143318932,1813844.0,0
29,4096.0,0.913397490978241,0.9923408031463624,1.0193190291829525e-07,0.0209976024925708,192,128,0.6601641774177551,0.0013224941212683,20589708.0,0
33,512.0,0.9809404611587524,0.9627367854118348,1.4277228288506194e-08,0.0001225977030117,256,256,0.4981131255626678,0.0525911897420883,2028878.0,0
34,4096.0,0.9037052392959596,0.9794602990150452,5.2508692505170984e-08,2.1694660972571e-05,320,32,0.0406583547592163,0.0003443097230046,21122004.0,0
35,2048.0,0.965776801109314,0.9673072099685668,6.804584273822911e-08,0.0016245445003733,128,512,0.5306755900382996,0.0339986830949783,5907936.0,0
37,4096.0,0.9478629231452942,0.9846839904785156,7.086439524073286e-08,0.0003286151622887,128,448,0.4108245968818664,0.0001268234773306,36251341.0,0
38,4096.0,0.9133097529411316,0.967554211616516,1.5169062805853173e-07,0.0056125200353562,384,128,0.3028985559940338,0.0025016167201101,25565035.0,0
39,4096.0,0.9838911294937134,0.9918552041053772,2.810165540267917e-07,0.0001790936657926,32,256,0.0511930882930755,1.3377074310483297e-06,20660452.0,0
41,4096.0,0.9460817575454712,0.9705663323402404,3.766624345757919e-08,6.747669249307364e-05,320,256,0.7366222143173218,0.0187335386872291,17953191.0,0
42,512.0,0.9450837969779968,0.9553576111793518,1.4784959034841453e-08,6.369067705236375e-05,448,320,0.1455414444208145,0.0020441780798137,2455920.0,0
44,4096.0,0.98338520526886,0.992238461971283,2.380610553132101e-08,0.0001531064481241,64,32,0.147726908326149,4.931863077217713e-05,28954825.0,0
45,4096.0,0.9515222907066344,0.9906646013259888,1.5157125332621035e-08,0.0063564255833625,128,32,0.6786580681800842,0.0004995014169253,46912240.0,0
46,2048.0,0.9291868805885316,0.9798333048820496,1.5603017544663093e-08,9.343870624434204e-05,32,320,0.719680905342102,3.636832843767479e-05,12833283.0,0
47,2048.0,0.9472320079803468,0.9805814623832704,8.805118909549492e-07,0.0252361763268709,64,32,0.522852897644043,0.0019000141182914,11074388.0,0
48,4096.0,0.9361671209335328,0.9948140978813172,1.5503144368267385e-07,0.0002657810691744,64,512,0.6074765920639038,0.0009926616912707,20576856.0,0
49,4096.0,0.9438997507095336,0.9910207390785216,6.566758088411007e-07,5.599106225417927e-05,64,64,0.1395426839590072,0.1635149121284485,19768536.0,0
50,512.0,0.9149473309516908,0.9911600947380066,3.384012359219924e-07,0.0059731602668762,448,32,0.2044743597507476,0.0144466701894998,1035652.0,0
51,4096.0,0.9609073996543884,0.9715087413787842,1.6221733289967233e-07,0.0062587228603661,32,32,0.2271479219198227,0.0049872579984366,27170820.0,0
52,4096.0,0.9238885045051576,0.9715593457221984,1.3088183870024752e-08,0.0402599722146987,32,32,0.1384290754795074,0.1735631078481674,31204992.0,0
53,4096.0,0.9185702800750732,0.9546360373497008,1.104010749486406e-07,0.0023872177116572,512,128,0.2042276859283447,1.0652112223397123e-06,34141080.0,0
54,4096.0,0.9241006374359132,0.9658178687095642,1.279917825058874e-07,0.0013227912131696,32,32,0.2213676273822784,1.2439889360393863e-05,18165220.0,0
55,4096.0,0.979528546333313,0.9786330461502076,1.5134644115732956e-07,0.0002522279683034,64,384,0.0983084142208099,0.0037813186645507,46254360.0,0
56,2048.0,0.9631971716880798,0.9853867888450624,5.416891326603945e-07,0.0457455590367317,64,128,0.5226688385009766,0.0073938383720815,8805102.0,0
58,4096.0,0.976504921913147,0.9985494017601012,2.309459432581207e-07,0.0015128360828384,384,256,0.7471108436584473,7.329920481424779e-05,51213915.0,0
59,2048.0,0.9343504905700684,0.9568358659744264,1.3089431760704429e-08,0.0122647229582071,192,384,0.4153341650962829,3.884367288264912e-06,6140612.0,0
60,4096.0,0.9023233652114868,0.966623842716217,9.5394625532208e-07,0.0017183606978505,64,192,0.2218485027551651,0.0001244754967046,26347220.0,0
61,2048.0,0.904952108860016,0.959224820137024,8.140961682556735e-08,5.404368130257353e-05,320,384,0.0813572108745575,0.002077437704429,8136574.0,0
62,4096.0,0.9891427755355836,0.9659518599510192,5.913913128097192e-07,0.0042927586473524,32,32,0.6423392295837402,0.0001599077659193,25003120.0,0
63,4096.0,0.9801499843597412,0.9913294911384584,2.3735547927117293e-07,0.000906293047592,256,32,0.1965417265892028,0.0552186854183673,58972010.0,0
64,4096.0,0.9283177256584167,0.9757853150367736,3.606060658967181e-07,0.0008562878938391,128,384,0.0725845992565155,0.0229301881045103,52675002.0,0
65,4096.0,0.9058539271354676,0.998344659805298,2.503165319467371e-07,0.0001443723449483,256,256,0.1924635171890258,0.0002965884341392,22850220.0,0
66,512.0,0.9454421997070312,0.9952958226203918,5.483807399286889e-07,1.5375913790194318e-05,192,320,0.3674934506416321,0.000432988803368,2294626.0,0
67,2048.0,0.9720876216888428,0.95713609457016,5.042966790824721e-07,2.5612363970139995e-05,64,128,0.6709086894989014,0.0002730602282099,3490294.0,0
68,512.0,0.964408278465271,0.9856752157211304,2.3006158755833894e-07,0.0012715888442471,256,320,0.7490286827087402,0.0009434059029445,1402730.0,0
69,4096.0,0.9583898782730104,0.9970405101776124,1.4601592823737521e-08,0.0179029460996389,64,320,0.6779568195343018,0.0003816990065388,56633910.0,0
70,4096.0,0.965415060520172,0.9855694770812988,9.290728542055149e-08,0.0142133189365267,512,256,0.6915398240089417,1.2681820408033673e-05,37710134.0,1
71,512.0,0.9747830629348756,0.9701761603355408,1.228217882953686e-08,0.000437860522652,256,192,0.448616087436676,0.0515428110957145,1784640.0,0
72,2048.0,0.9417716264724731,0.9751042127609252,6.207283576031841e-08,0.0077654724009335,320,384,0.5132209658622742,0.1876967102289199,9042574.0,0
73,4096.0,0.9077215790748596,0.9517253637313844,7.896663589690436e-08,7.392843690467998e-05,256,448,0.5678932666778564,0.0020404190290719,15080799.0,0
74,2048.0,0.961287796497345,0.9555884599685668,1.5844014100707682e-08,0.0015515444101765,32,256,0.4779924154281616,0.000304157991195,10553116.0,0
75,4096.0,0.9396474361419678,0.9601978659629822,3.068478235945804e-07,0.0002856024657376,32,512,0.0093833953142166,1.2364817848720122e-05,57834440.0,0
76,2048.0,0.9506915211677552,0.9505658745765686,1.480090787708832e-07,5.235356366029009e-05,192,512,0.1362183988094329,0.0025255400687456,13115364.0,0
78,512.0,0.9426164031028748,0.9653398990631104,2.5398373182383693e-08,0.00013389493688,32,448,0.1094714105129242,1.1769344610002008e-06,2482440.0,0
79,4096.0,0.930288553237915,0.998643696308136,3.655857483408909e-07,9.212632721755654e-05,64,384,0.087335854768753,0.1315142810344696,18336576.0,0
81,2048.0,0.9380766153335572,0.95155668258667,4.303187495224847e-08,9.152435814030468e-05,384,32,0.4732999801635742,0.000347258610418,4930942.0,0
82,4096.0,0.9285104274749756,0.9745481610298156,1.164378673479405e-07,0.0006545259966515,32,192,0.3293767869472503,0.019555851817131,50487759.0,0
83,4096.0,0.9341083765029908,0.97105473279953,5.044222461947356e-07,7.856008596718311e-05,512,320,0.0770637989044189,0.0063029462471604,29920750.0,0
84,2048.0,0.9138432145118712,0.9926550984382628,6.93343849889061e-07,0.0038972860202193,192,128,0.2087847143411636,0.0001302567688981,9119234.0,0
85,2048.0,0.967467963695526,0.952117919921875,2.246981409825821e-07,0.0010613884078338,128,384,0.465435266494751,0.0030737037304788,5157832.0,0
86,2048.0,0.9086018800735474,0.9581594467163086,3.722939254657831e-07,0.0144293485209345,320,64,0.1489633619785308,2.403568214504048e-05,5778404.0,0
88,4096.0,0.9243451952934264,0.9882623553276062,4.390193169001577e-07,0.0080948453396558,320,256,0.1645640730857849,0.1849348396062851,23996752.0,0
89,2048.0,0.9778311252593994,0.9539820551872252,5.566840286519437e-07,0.0485812313854694,448,32,0.6834771633148193,1.870275264082011e-05,4737146.0,1
90,4096.0,0.90214341878891,0.955414652824402,2.268318155529414e-07,6.052541721146554e-05,320,512,0.3140628933906555,0.00327910319902,41184857.0,0
91,2048.0,0.9876755475997924,0.9542956948280334,6.90148226567544e-07,0.0005159048596397,512,320,0.652244508266449,0.0167040042579174,3531374.0,0
92,2048.0,0.9186347126960754,0.9680664539337158,4.341730175383418e-08,0.0041263476014137,384,384,0.3303582668304443,0.1427559107542038,5519746.0,0
93,4096.0,0.9039781093597412,0.9663201570510864,2.8784629790834515e-08,0.0013663907302543,192,32,0.619088351726532,0.0014071145560592,28116520.0,0
94,512.0,0.9157462120056152,0.9725245833396912,3.4060306575156574e-08,0.0171997565776109,32,384,0.3868565559387207,1.2497566785896197e-06,2461586.0,0
95,4096.0,0.9121151566505432,0.9709802269935608,6.55007355021553e-08,0.0405770502984523,32,128,0.663079023361206,0.1193792223930358,37308558.0,0
96,2048.0,0.988896906375885,0.9945908188819884,7.929203604817303e-08,3.442414163146168e-05,384,192,0.0529001355171203,2.212103208876215e-05,4624118.0,0
97,512.0,0.9290127158164978,0.9767693877220154,1.1047284864673657e-08,0.0001237920660059,32,128,0.5802243947982788,0.0003688794095069,2170706.0,0
99,2048.0,0.9161849617958068,0.9815999269485474,8.605295676034076e-08,0.0067151803523302,32,64,0.3456814289093017,0.0122952600941061,4880168.0,0
101,2048.0,0.9805684089660645,0.9511405825614928,1.807362650652067e-07,0.000418620678829,512,32,0.0139345228672027,0.1874879300594329,8526598.0,0
102,2048.0,0.9272701144218444,0.9901829957962036,6.619890200454392e-07,0.000429847947089,128,192,0.2063391208648681,0.0028291842900216,5368212.0,0
103,512.0,0.9235385060310364,0.9775492548942566,2.9467237538938207e-08,0.0157886613160371,512,448,0.5711007714271545,0.0018885328900068,1510018.0,0
104,4096.0,0.928107976913452,0.9956152439117432,8.172968932740332e-07,0.0004121376259718,32,64,0.5757010579109192,0.0033152196556329,22740840.0,0
108,2048.0,0.9257383942604064,0.9743443131446838,5.412254040493281e-07,1.49495072037098e-05,64,256,0.457783967256546,0.0086345421150326,14464980.0,0
109,512.0,0.9093673229217528,0.9575188755989076,3.167458544339752e-07,9.733338083606212e-05,384,192,0.5961770415306091,4.834334504266735e-06,1852760.0,0
110,2048.0,0.9070789217948914,0.956441044807434,1.2012958627849455e-08,0.0341770239174366,32,64,0.6890164613723755,9.828565089264885e-05,6461894.0,0
111,4096.0,0.9874424934387208,0.9769561290740968,1.032485297258745e-08,1.2158396202721631e-05,128,128,0.3997856378555298,5.625372068607248e-06,52504254.0,0
112,2048.0,0.9611555337905884,0.9658613204956056,3.284602030362294e-07,0.0248868986964225,64,384,0.3393579125404358,9.183045767713338e-05,12260772.0,1
113,4096.0,0.9417418241500854,0.9791802167892456,4.654841347928597e-07,0.0029968656599521,192,384,0.6972081065177917,4.576826904667541e-05,18937216.0,0
114,2048.0,0.9082221388816832,0.963513195514679,3.2855339782145165e-08,0.0002090042544296,128,320,0.4239038825035095,1.199744588120666e-06,4794674.0,0
115,4096.0,0.9691846966743468,0.962849259376526,7.2363448566648e-08,0.0005864503909833,448,128,0.0145732909440994,0.0001053136584232,14955480.0,0
116,2048.0,0.949834406375885,0.9553133249282836,6.212397920535295e-07,0.0001072933300747,192,64,0.5135079622268677,0.0012684379471465,4802754.0,0
117,4096.0,0.934027910232544,0.9530887603759766,3.141406921258749e-07,0.0005288496031425,32,384,0.0118941217660903,0.0164513383060693,49486338.0,0
118,4096.0,0.9613685607910156,0.9614749550819396,1.0669069183677491e-08,0.0007288153865374,32,192,0.123606652021408,0.0040235193446278,29152640.0,0
119,2048.0,0.9658415913581848,0.9892430305480956,4.179993027264573e-07,0.0004300472210161,32,448,0.4271430969238281,0.0043601104989647,12005337.0,0
120,512.0,0.9435707330703736,0.9594913721084596,1.0190837684831425e-07,0.0007413961575366,512,256,0.6647658944129944,4.43865756096784e-05,3325792.0,0
121,4096.0,0.9461930394172668,0.9648245573043824,1.1426548951476437e-07,0.0039070956408977,32,128,0.3902381062507629,0.0002141933800885,20375520.0,0
122,2048.0,0.922574520111084,0.967422902584076,5.45532202522736e-07,0.0484285801649093,256,192,0.6465301513671875,0.1320226043462753,3659394.0,0
123,512.0,0.9707135558128356,0.9823510646820068,1.4634018441483933e-08,1.0673054930521175e-05,32,64,0.5817351341247559,0.0006175261805765,2964368.0,0
125,4096.0,0.9179940819740297,0.980738878250122,1.1127581522885066e-08,0.0035723180044442,320,320,0.4879285991191864,0.1440795958042144,41461098.0,0
126,4096.0,0.98218035697937,0.960821807384491,1.0723403676138341e-07,0.0002831532619893,64,32,0.6239274740219116,4.012791123386705e-06,17943714.0,0
127,4096.0,0.9820191264152528,0.9856053590774536,2.1428336083317845e-07,0.0128975668922066,512,320,0.5959287881851196,0.0055437474511563,15061698.0,0
129,512.0,0.9731281399726868,0.9620108604431152,3.6349792509327024e-08,0.0006279831286519,128,512,0.5057006478309631,4.740255917567993e-06,2732686.0,0
130,2048.0,0.917255401611328,0.9666924476623536,2.4432178946653952e-08,0.0008893025806173,128,32,0.1871989220380783,0.0364790186285972,7801626.0,0
131,512.0,0.9253131747245787,0.9986433386802672,1.9672319240271466e-07,0.008752760477364,32,64,0.5096957087516785,0.0001765566848916,2670942.0,0
133,512.0,0.9166461825370787,0.9817200303077698,2.833756980180624e-07,0.0080829495564103,192,256,0.5035451650619507,0.0581019930541515,882576.0,0
134,2048.0,0.9660572409629822,0.9935483932495116,2.5326922781232497e-08,0.0172940697520971,32,448,0.0990295261144638,0.0009376626694574,5162254.0,0
135,4096.0,0.9340766072273254,0.9600998759269714,1.0030183972276065e-07,0.0090635102242231,128,384,0.348520815372467,0.0217626839876174,20227264.0,0
136,4096.0,0.9812213778495787,0.97284734249115,1.2552882289185165e-08,2.830475386872422e-05,32,256,0.3475310504436493,0.0865926891565322,34495926.0,0
137,4096.0,0.9271263480186462,0.9604644775390624,5.901681561226724e-07,0.0035601865965873,512,32,0.0459572821855545,1.173154123534914e-05,40019959.0,0
139,4096.0,0.9595297574996948,0.9977482557296752,3.2989547094075533e-07,0.0003287891449872,32,256,0.2824171185493469,0.0330665484070777,18278500.0,0
140,2048.0,0.952336609363556,0.9637288451194764,6.554175797646167e-07,0.0065848040394485,64,256,0.228449061512947,0.0002076263190247,3941726.0,0
141,2048.0,0.9045932292938232,0.995667040348053,1.3977947688204042e-08,0.0026485258713364,192,64,0.6155256032943726,0.0402108170092105,7453138.0,0
142,2048.0,0.9717857241630554,0.9878318309783936,3.317448999951012e-07,2.0980374756618403e-05,320,384,0.060647964477539,0.0102383727207779,5784060.0,0
143,2048.0,0.9245320558547974,0.950820803642273,3.849980245718143e-08,0.002838573185727,64,192,0.2960929274559021,0.0014814636670053,8264024.0,0
146,2048.0,0.9196649193763732,0.993325412273407,5.906574642722262e-07,6.754197966074571e-05,32,384,0.3443919718265533,0.0025068493559956,3562768.0,0
147,2048.0,0.956176221370697,0.9815132021903992,4.402716911044991e-07,1.818203963921405e-05,192,32,0.6237143278121948,0.0172132868319749,5599956.0,0
149,4096.0,0.9868009090423584,0.9801464676856996,1.6834522398312401e-07,0.0017576573882251,192,512,0.3254048824310303,0.0002359905192861,19869636.0,0
150,2048.0,0.9162340760231018,0.9663853645324708,2.9247641464280605e-07,1.009953393804608e-05,32,512,0.2634046375751495,9.229085844708608e-05,6997490.0,0
151,512.0,0.985748052597046,0.9972275495529176,3.687191849621741e-07,0.0007555208285339,32,192,0.0489103496074676,0.000577485829126,718272.0,0
152,512.0,0.9581255316734314,0.983069121837616,2.810787407270255e-07,0.0037098650354892,192,192,0.4795122146606445,6.965409556869417e-05,2119858.0,0
153,4096.0,0.9664273262023926,0.9699953198432922,5.212951350586081e-07,0.0386961884796619,128,448,0.163700670003891,0.0160459391772747,24130660.0,1
154,2048.0,0.9654660820961,0.9635900855064392,1.30091883931982e-08,0.0180723275989294,256,256,0.2663283944129944,2.660051904967986e-06,13764243.0,1
155,2048.0,0.91788911819458,0.9910928606987,6.703994586132467e-07,9.648781997384503e-05,512,320,0.3369289040565491,5.845170744578354e-05,10578242.0,0
156,4096.0,0.975958287715912,0.9632131457328796,6.542095576378415e-08,3.894053588737734e-05,32,32,0.2872796058654785,0.146099179983139,53516538.0,0
157,2048.0,0.93186616897583,0.9666175842285156,1.771894631019677e-07,0.0033486955799162,448,320,0.1297618299722671,0.0005027912557125,9855478.0,0
158,4096.0,0.940846621990204,0.9806869626045228,7.520966960328224e-07,0.010553571395576,448,32,0.5755792856216431,8.56212318467442e-06,18713988.0,0
159,4096.0,0.9492548108100892,0.9962319135665894,8.257236459030537e-07,0.0011250643292441,384,32,0.4244008660316467,0.0020068837329745,47032192.0,0
160,512.0,0.9321174025535583,0.9807300567626952,8.022857969081088e-07,0.0134608335793018,32,448,0.7147794961929321,4.647469540941529e-05,2305370.0,1
161,4096.0,0.9237747192382812,0.9614484906196594,1.2823528550143237e-07,6.157231837278232e-05,64,512,0.0432605445384979,0.167576715350151,37743104.0,0
162,4096.0,0.9759472012519836,0.9944198727607728,3.640328571918872e-08,6.711549940519035e-05,512,128,0.1479205638170242,1.1558100595721044e-05,16153098.0,0
163,4096.0,0.9073044657707214,0.9861547946929932,6.502054930024315e-07,0.001545006991364,256,320,0.4612898826599121,0.0059761772863566,45004448.0,0
164,512.0,0.9804025888442992,0.9735864996910096,2.3185503295053426e-08,3.570468470570631e-05,320,128,0.2332867383956909,0.0046668122522532,2901074.0,0
165,2048.0,0.9488112926483154,0.9911138415336608,1.3167206880382313e-08,0.0009711192105896,256,512,0.0017428547143936,0.0048624915070831,4562828.0,0
167,512.0,0.9692521691322328,0.9589242339134216,1.6144619863212032e-08,0.0001207136883749,32,32,0.5743787288665771,0.0010097604244947,1053790.0,0
168,2048.0,0.9118936061859132,0.998184859752655,1.12910294447488e-08,0.0396906062960624,256,128,0.7033908367156982,0.0186746567487716,14548791.0,1
169,4096.0,0.9360971450805664,0.9688762426376344,1.2949328720424091e-08,1.5165071999945212e-05,64,64,0.7049053907394409,0.0016244321595877,36559348.0,0
171,512.0,0.9251163005828856,0.9641326069831848,7.913324395758536e-08,1.928792335093021e-05,320,320,0.5699145197868347,9.090408639167435e-06,1972600.0,0
172,4096.0,0.912316918373108,0.9602814316749572,3.025810428880505e-07,0.0011041957186535,32,448,0.1134518533945083,0.0013997940113767,58357700.0,0
173,4096.0,0.9477982521057128,0.9907059669494628,2.362576907444236e-07,0.0083712358027696,320,320,0.6974097490310669,1.1834038105007494e-06,14593941.0,0
175,4096.0,0.9661117792129515,0.9565173387527466,1.517321521760096e-07,0.0019311252981424,32,128,0.5662241578102112,9.22582985367626e-05,25244325.0,0
176,4096.0,0.9034120440483092,0.9745261669158936,8.936464155340218e-07,0.0003530613321345,384,192,0.3226196765899658,0.0024115147534757,17000124.0,0
177,4096.0,0.9457584619522096,0.9821727275848388,1.0664842875485193e-07,0.0002530198835302,128,384,0.6340246796607971,0.0016118845669552,50669820.0,0
179,512.0,0.9663881063461304,0.9730678796768188,1.0772686209747917e-07,1.965979208762292e-05,32,512,0.5298783779144287,0.0030439724214375,924802.0,0
182,4096.0,0.9152284264564514,0.9545785188674928,1.785489445182975e-08,0.0021229539997875,32,64,0.0384130775928497,0.0044446941465139,39981144.0,0
184,512.0,0.9105007648468018,0.9851144552230836,2.0132199907152423e-08,0.0070421751588582,320,64,0.1739222556352615,3.332915002829395e-05,3116386.0,0
185,4096.0,0.9043506979942322,0.965174674987793,3.163966866281953e-08,0.0279748495668172,384,512,0.5466600656509399,0.0029250727966427,45247760.0,1
186,4096.0,0.966629445552826,0.9833620190620422,8.65497838731244e-07,0.00099860469345,320,448,0.0312250256538391,5.929392864345573e-05,31775082.0,0
188,2048.0,0.9680725336074828,0.9815455675125122,5.091858383821091e-07,0.0002773230080492,192,320,0.458749383687973,0.0285633280873298,9135830.0,0
189,4096.0,0.9809783697128296,0.9927764534950256,3.517906748129463e-07,0.0018942201277241,64,32,0.5561575889587402,4.699031251220731e-06,15024372.0,0
190,4096.0,0.9507922530174256,0.9824168682098388,2.2745395256151826e-07,0.0007487803231924,448,64,0.2613246738910675,5.447874627861893e-06,15767859.0,0
191,2048.0,0.9225752353668212,0.997426688671112,7.347465498241945e-07,0.0089281219989061,64,128,0.3092161417007446,0.0003717957879416,10942080.0,0
192,4096.0,0.9329554438591005,0.9728965759277344,1.8091284914589778e-07,0.0079461419954895,384,128,0.5702059268951416,8.902961781132035e-06,44829472.0,0
193,2048.0,0.9592524766921996,0.9562809467315674,2.8206518010165386e-08,0.0099343787878751,256,192,0.6748785376548767,0.0874405428767204,4417800.0,0
194,2048.0,0.9097780585289,0.9833700656890868,8.35625542094931e-08,0.0045599644072353,384,320,0.5458036661148071,0.0338164642453193,10566176.0,0
195,4096.0,0.9369683265686036,0.9918204545974731,6.384431827655136e-08,8.776715549174696e-05,320,512,0.6558666229248047,0.1240755692124366,56550950.0,0
196,4096.0,0.9445744156837464,0.9729049205780028,6.938981869097915e-07,0.0045818933285772,32,32,0.3438252806663513,0.0004896344617009,41728890.0,0
197,4096.0,0.9343437552452089,0.9876110553741456,4.724043094483932e-07,0.0002483985444996,64,128,0.4581263065338135,0.1260761171579361,56131120.0,0
198,4096.0,0.9547717571258544,0.9769254326820374,5.942135317127395e-07,0.0416234545409679,32,256,0.2058180570602417,0.0717901885509491,17549022.0,0
199,2048.0,0.96566903591156,0.9906343817710876,4.206800952033518e-08,2.461381518514827e-05,32,192,0.1839428544044494,0.013661315664649,8092030.0,0
200,4096.0,0.9409927129745485,0.9669044017791748,4.1374512704805966e-08,0.0016334719257429,256,384,0.4818466901779175,0.0018262955127283,55031540.0,0
201,2048.0,0.976851224899292,0.9879213571548462,1.1314226000536113e-08,2.740221680141985e-05,64,384,0.7091578245162964,1.6664129134369432e-06,7080530.0,0
202,512.0,0.950819969177246,0.9591512680053712,1.237911817497661e-07,0.004240539856255,320,32,0.036914438009262,0.0009717876673676,2609816.0,0
204,2048.0,0.9151291251182556,0.9857466220855712,6.417420195248269e-08,0.0010497939074411,192,448,0.2630279660224914,8.14426221040776e-06,4919414.0,0
205,4096.0,0.9696682095527648,0.9808438420295716,8.616896138846641e-07,2.327251058886759e-05,64,512,0.0841020941734314,0.008509979583323,48774168.0,0
206,2048.0,0.9501408338546752,0.950760304927826,2.2838838731331642e-07,1.3916664101998322e-05,192,384,0.2768811583518982,0.078382171690464,12825588.0,0
207,4096.0,0.9437652230262756,0.9654286503791808,8.033970999576925e-08,0.0026077353395521,448,32,0.0247085988521575,0.0005683985655196,23658288.0,0
208,4096.0,0.931431770324707,0.956779956817627,1.4663187997143725e-08,3.071883475058712e-05,128,64,0.7298903465270996,0.0002631625393405,24661980.0,0
210,4096.0,0.9022524952888488,0.987395405769348,6.112354355991556e-08,0.0090483482927083,32,64,0.0590661317110061,8.486738806823269e-06,42204480.0,0
211,4096.0,0.920322835445404,0.9709872603416444,1.4725162600370822e-07,0.0209295284003019,256,32,0.6651418209075928,0.0147177595645189,21962784.0,0
212,2048.0,0.9540911912918092,0.9859567880630492,3.573433460246633e-08,0.0020174803212285,448,192,0.1186974495649337,0.0957648530602455,7955768.0,0
214,2048.0,0.9736651182174684,0.9596421122550964,5.64831523774956e-08,0.0001586194703122,320,128,0.5493720769882202,0.0318656675517559,6271420.0,0
215,4096.0,0.9883081912994384,0.972693681716919,3.681120404053218e-07,0.0001617112575331,192,32,0.1142248660326004,9.072148532141e-05,33306276.0,0
219,4096.0,0.9128282070159912,0.986711323261261,2.782134345125087e-07,0.0004366462235338,192,64,0.1765640527009964,1.3502348110705498e-06,42592224.0,0
220,2048.0,0.970290184020996,0.9935837984085084,7.966605721776432e-07,2.26763695536647e-05,128,384,0.6769677400588989,1.8443679437041285e-06,5744126.0,0
222,512.0,0.9655841588974,0.9699827432632446,1.4097611256147502e-07,0.0010449803667142,32,192,0.2353547215461731,1.947476221175748e-06,2937460.0,0
223,2048.0,0.9158430695533752,0.9765172600746156,6.841371487098513e-07,0.0019908759277313,512,64,0.6121302247047424,0.0254630353301763,5641786.0,0
224,2048.0,0.9136910438537598,0.9619911313056946,2.597878108190344e-07,4.4811091356677935e-05,64,384,0.3487257063388824,0.0840083509683609,10983164.0,0
226,4096.0,0.9643983840942384,0.9509897828102112,5.0602981360725614e-08,0.0024670206476002,384,384,0.211519718170166,1.751477066136431e-05,23565068.0,0
228,4096.0,0.976701557636261,0.9887880086898804,8.260071808763314e-07,0.005339503288269,384,448,0.5746856927871704,2.792073928503669e-06,49923972.0,0
229,2048.0,0.9115915298461914,0.9572937488555908,2.5893322685988096e-07,0.0001820280012907,192,128,0.5912845134735107,7.77051318436861e-05,10623060.0,0
230,4096.0,0.9440009593963624,0.9511173367500304,3.2097428714905625e-08,0.000227764918236,128,384,0.2167736738920211,0.0041136466898024,21006932.0,0
231,4096.0,0.9415791034698486,0.975906491279602,5.470018322739634e-07,4.132898538955487e-05,64,128,0.0420754551887512,0.0003693712060339,37152115.0,0
232,2048.0,0.9396902322769164,0.9751251339912416,2.573464641386636e-08,1.2242028788023164e-05,384,32,0.4942046105861664,8.917985724110622e-06,7260150.0,0
233,2048.0,0.9480687975883484,0.9515196084976196,7.438347893184982e-08,0.0003044301702175,256,256,0.2248678207397461,2.34399567489163e-06,3615644.0,0
235,2048.0,0.9070456624031068,0.9645783305168152,3.0861496469469785e-08,0.0094433035701513,128,512,0.1613529771566391,4.361540777608752e-05,11240308.0,1
236,4096.0,0.9049550890922546,0.9643632173538208,7.550111291720897e-08,0.0085937418043613,64,320,0.0868713408708572,1.2509533007687423e-05,20170788.0,0
237,4096.0,0.974080502986908,0.9731237888336182,7.09347489191714e-07,0.0002335385215701,128,448,0.2635270953178406,0.0374941900372505,41380675.0,0
238,2048.0,0.9240825176239014,0.988044261932373,6.306970590230776e-08,0.000248074211413,384,128,0.1455480605363845,0.0616499111056327,4029324.0,0
239,4096.0,0.9693732857704164,0.9855382442474364,1.574304775431301e-07,0.0021851079072803,32,256,0.1228216141462326,0.1095082089304924,38925761.0,0
240,4096.0,0.9446658492088318,0.9760336875915528,6.024114185265719e-08,0.001995962113142,448,448,0.3325165808200836,7.182973058661446e-05,26854995.0,0
241,2048.0,0.9270145297050476,0.958041250705719,1.5884289439327404e-08,2.8535105229821056e-05,320,256,0.3142189979553222,2.012143340834882e-06,13687467.0,0
242,2048.0,0.9298267364501952,0.9516119956970216,1.1916063691330692e-08,0.000109184977191,448,320,0.3382703065872192,0.0001638621470192,8424578.0,0
243,2048.0,0.9238179922103882,0.9922501444816588,1.2809802285573826e-07,1.1962389180553146e-05,512,32,0.4473425149917602,6.242517429200234e-06,8974664.0,0
244,2048.0,0.9469451308250428,0.9748523235321044,4.246648472872039e-07,0.0021437720861285,64,32,0.1786233633756637,0.0001985417184187,5224694.0,0
245,4096.0,0.936744749546051,0.996231496334076,8.630329517700377e-08,0.008442498743534,128,32,0.6085090637207031,0.0002222232578787,50896080.0,0
246,4096.0,0.9889693260192872,0.97015380859375,3.164612749628759e-08,0.0068891700357198,32,320,0.1613147109746933,0.0030852099880576,24919725.0,0
248,4096.0,0.9075093865394592,0.9784846305847168,3.963100994042179e-07,0.0007261221762746,64,512,0.0350163727998733,6.224733806448057e-05,18414556.0,0
249,2048.0,0.931243896484375,0.985747754573822,1.8063975915083574e-07,0.015914587303996,64,64,0.5089986324310303,6.474646397691686e-06,7634228.0,0
251,4096.0,0.944788932800293,0.9785234332084656,5.917546559430775e-07,2.465293073328212e-05,32,32,0.3958580493927002,3.3141714084194973e-06,28100145.0,0
255,2048.0,0.979109525680542,0.9728984832763672,3.649566338026489e-07,0.0002465738798491,64,384,0.71788489818573,2.3101390524971066e-06,7863854.0,0
256,4096.0,0.916869044303894,0.9520432353019714,2.377820891297233e-07,4.225342854624614e-05,64,128,0.5405372977256775,5.710314326279331e-06,45056792.0,0
257,2048.0,0.9176608920097352,0.9794469475746156,4.269089259878456e-08,0.0051633580587804,64,192,0.1873278468847274,1.1281988463451853e-06,8955568.0,0
258,2048.0,0.9044930338859558,0.9634659886360168,2.203413771439955e-07,0.0268455874174833,384,256,0.5005632638931274,3.850681878247997e-06,10002484.0,1
259,512.0,0.9424517750740052,0.956408679485321,8.541766050029764e-08,3.980502515332773e-05,192,384,0.0916529148817062,0.0171946324408054,3047366.0,0
260,2048.0,0.9005189538002014,0.9906643033027648,1.160042728542976e-07,0.030709246173501,64,192,0.7140357494354248,0.0034121708013117,7712800.0,0
261,2048.0,0.9112370610237122,0.9588411450386048,1.8566895576555e-08,0.0032820927444845,320,384,0.7345687747001648,3.951494363718666e-06,9402036.0,0
262,4096.0,0.9496681094169616,0.97837895154953,7.081173976075661e-07,1.5900044672889635e-05,32,32,0.5969995260238647,1.4316927263280377e-05,15145968.0,0
263,4096.0,0.9427134394645692,0.9894150495529176,3.0791881044933695e-08,5.866397259524092e-05,256,32,0.6325898170471191,0.0283402074128389,24367780.0,0
264,2048.0,0.9572715759277344,0.9527769088745116,3.866484519221558e-07,2.7708414563676342e-05,128,384,0.4935606122016907,0.0179448947310447,12182586.0,0
265,2048.0,0.9771142601966858,0.9730241894721984,1.5008597031851423e-08,0.0131898503750562,256,256,0.6871440410614014,0.0005204355693422,13544193.0,0
266,4096.0,0.9252969026565552,0.9749232530593872,1.017248578705221e-07,0.0058915517292916,192,320,0.2990626692771911,0.0003017576236743,59025940.0,0
267,512.0,0.9829652905464172,0.9800330996513368,1.818039940815197e-08,0.0097659975290298,64,128,0.0645502656698226,0.0001688627526164,1799068.0,0
268,512.0,0.9180306196212769,0.9983726739883424,4.0890631680667866e-07,0.0494601018726825,256,320,0.5747087597846985,8.708722452865914e-05,1933984.0,1
269,2048.0,0.9774272441864014,0.9851602911949158,2.1093325131005258e-07,0.0003863766614813,64,320,0.0227513015270233,2.406959538348019e-06,10229480.0,0
271,512.0,0.961199939250946,0.9712154865264891,1.4643986467888226e-08,0.0001654110383242,256,192,0.0177611410617828,0.018131885677576,1300032.0,0
272,4096.0,0.9121688008308412,0.9677757024765016,3.022391226181753e-08,0.001980303088203,320,384,0.1555877476930618,0.0017898182850331,29096500.0,0
273,4096.0,0.9247922897338868,0.9843778610229492,5.511216727427382e-07,4.603762499755248e-05,256,448,0.5910617113113403,0.0031580633949488,33577608.0,0
274,2048.0,0.947062849998474,0.9544374346733092,6.268832208888854e-08,1.1095554327766877e-05,32,256,0.3655867874622345,0.1258086413145065,6644750.0,0
275,512.0,0.9754274487495422,0.9588937163352966,7.66810188679301e-08,0.0054004294797778,32,512,0.1138577610254287,0.0601048581302166,3275758.0,0
276,2048.0,0.9544801712036132,0.951254665851593,4.433314302332292e-07,0.0043983301147818,192,512,0.7130715847015381,8.229866580222733e-06,3791522.0,0
277,2048.0,0.910883367061615,0.9546353816986084,2.634315592331405e-07,2.64465907093836e-05,192,128,0.1892493367195129,0.0396551191806793,9863612.0,0
278,4096.0,0.9333156943321228,0.9525127410888672,2.7841130290084948e-08,0.0050199283286929,32,448,0.5579022169113159,0.0001173809359897,30244356.0,0
279,4096.0,0.9631031155586244,0.952771782875061,2.933104781277507e-07,0.0001264319580513,64,384,0.5003498792648315,0.0237991418689489,54294050.0,0
281,4096.0,0.9810067415237428,0.9912580251693726,1.4871106124303424e-08,0.0013922824291512,384,32,0.2649118602275848,0.0275712572038173,26642970.0,0
282,4096.0,0.946094274520874,0.9629969000816344,6.863138537482882e-07,1.0490573004062751e-05,32,192,0.6297903060913086,0.0070747081190347,41566686.0,0
283,4096.0,0.9560552835464478,0.9847594499588012,3.145297853279772e-07,0.0016197102377191,512,320,0.0022821575403213,0.0321427099406719,18204296.0,0
284,2048.0,0.9611902236938475,0.9533795714378356,5.335053998578587e-08,0.0290333405137062,192,128,0.3252973556518554,4.190464096609503e-06,14386692.0,0
285,4096.0,0.9075424075126648,0.9582341909408568,5.039010488872009e-07,0.0364169739186763,128,384,0.0095589458942413,9.21840182854794e-06,22972480.0,1
286,2048.0,0.9131884574890136,0.9984616041183472,1.998590448692994e-07,0.0259638745337724,320,64,0.0042764693498611,4.973443537892308e-06,3612096.0,0
287,4096.0,0.9495146870613098,0.9977056384086608,4.445878332148823e-08,0.0195671673864126,64,64,0.0192410945892334,3.2423657103208825e-05,53947359.0,0
288,4096.0,0.9101855158805848,0.987321674823761,5.729818894906202e-07,0.0001606092700967,320,256,0.6357350945472717,0.0965799391269683,24373675.0,0
289,2048.0,0.9001644849777222,0.9528557658195496,1.0449414133972824e-07,6.413886876543984e-05,448,32,0.5154052972793579,1.3770712939731313e-05,12774642.0,0
290,4096.0,0.9447647929191588,0.963446319103241,2.646576433562587e-07,0.0004228243487887,320,512,0.4990754723548889,0.0163541659712791,52771617.0,0
291,4096.0,0.974515736103058,0.9585105776786804,1.0450444953846729e-08,0.0013709362829104,512,320,0.5002931952476501,3.1471372494706884e-05,49783374.0,0
292,4096.0,0.9426130056381226,0.9929392337799072,2.44888781253394e-07,7.85359661676921e-05,384,384,0.4770710468292236,0.027215214446187,26950490.0,0
293,4096.0,0.9332538843154908,0.993156373500824,9.027669278793837e-08,0.0060814977623522,192,32,0.1285766512155532,1.5086528037500102e-05,52184790.0,0
294,2048.0,0.9647623896598816,0.9617258310317992,1.5177745638084161e-07,2.535061867092736e-05,32,384,0.1227412372827529,0.0005298994365148,9379616.0,0
295,4096.0,0.9066804051399232,0.9772922396659852,6.603036695196352e-07,0.004560777451843,32,128,0.4219957888126373,2.8030285648128483e-06,42418664.0,0
296,2048.0,0.9406575560569764,0.9854277968406676,1.3483340666198274e-08,0.0004331980017013,384,192,0.7357295155525208,0.0717213451862335,7856996.0,0
297,2048.0,0.9783321619033812,0.9782412648200988,9.87764337878616e-07,0.0007514776661992,32,128,0.5221065282821655,0.0003365503507666,9417212.0,0
298,2048.0,0.948151171207428,0.9885987043380736,6.217118198037498e-08,2.0036690330016427e-05,384,64,0.3833843469619751,0.0513919778168201,5629014.0,0
299,2048.0,0.979749083518982,0.9681128859519958,2.8457378675739164e-07,0.0072386818937957,32,64,0.4472744464874267,0.0071059479378163,10231444.0,0
300,4096.0,0.9047191739082336,0.962166666984558,1.1175908198879373e-08,0.0001852782588684,512,64,0.3337307274341583,3.267739884904586e-05,20235504.0,0
301,4096.0,0.9287683963775636,0.9830664396286012,4.69049524554066e-07,0.0006056220154277,512,32,0.6791457533836365,0.0141528099775314,54364570.0,0
302,2048.0,0.9679986238479614,0.9531461596488952,3.0655399996248895e-08,1.248663647857029e-05,128,192,0.1568431556224823,0.0049844291061162,13005579.0,0
303,2048.0,0.9272283911705016,0.9866287112236024,1.7183857892177912e-08,0.0048179565928876,512,448,0.221018761396408,0.0240659490227699,9709550.0,0
304,4096.0,0.9733642935752868,0.9909923672676086,5.442502128971682e-07,1.0820544957823586e-05,32,64,0.0832573324441909,1.2967668681085345e-06,31736604.0,0
305,4096.0,0.966437816619873,0.9893736243247986,6.290775900197333e-08,2.773437518044375e-05,192,512,0.4730993509292602,2.954788897113758e-06,53609643.0,0
306,512.0,0.9586108922958374,0.964457869529724,7.727399520263134e-07,3.435887265368365e-05,128,384,0.0262907445430755,7.92889386502793e-06,2649488.0,0
307,2048.0,0.9001577496528625,0.951255977153778,3.6476681231079056e-08,1.6461906852782704e-05,256,448,0.0846203863620758,0.0011424551485106,12324936.0,0
308,2048.0,0.9549615383148192,0.9839059710502625,2.204029527774765e-07,0.000732040614821,64,256,0.6597024202346802,1.943315692187753e-05,5714082.0,0
309,2048.0,0.9007627367973328,0.9693282842636108,9.60852943876489e-08,0.0014635458355769,384,192,0.6079461574554443,0.0026356289163231,3613716.0,0
310,4096.0,0.9337217211723328,0.963232696056366,1.7534313556666348e-08,4.698581324191764e-05,32,64,0.384400725364685,0.0202237628400325,32137926.0,0
311,2048.0,0.944771647453308,0.9746335744857788,1.4733189779292388e-08,0.0017648690845817,128,128,0.6204668879508972,0.0003983945352956,4679120.0,0
312,4096.0,0.9415323734283448,0.9687078595161438,6.211396339494968e-07,0.0004162198456469,64,384,0.0311919450759887,0.0160968862473964,25729015.0,0
314,512.0,0.94407719373703,0.9632300734519958,7.893410725046125e-08,0.0151509577408432,128,320,0.5963767766952515,0.0002628347137942,1503034.0,1
315,2048.0,0.9196898341178894,0.9623408317565918,1.3421153255421814e-07,0.0001366530195809,448,128,0.5509567260742188,0.0004048601840622,13644282.0,0
316,2048.0,0.9094667434692384,0.9817524552345276,3.852779073554302e-08,0.0145588656887412,192,64,0.0815656632184982,0.0357386358082294,11561670.0,0
317,4096.0,0.9115656614303588,0.957277536392212,4.200973648949002e-07,0.0003055217384826,32,384,0.5285481214523315,0.0128970379009842,18049840.0,0
318,4096.0,0.98288494348526,0.9527571201324464,3.92601897658551e-08,0.0116817886009812,32,192,0.5225251913070679,0.0288801025599241,35106660.0,0
320,4096.0,0.9493890404701232,0.966379940509796,1.0312223253095001e-07,0.0002266842348035,512,256,0.5499027967453003,0.0017946159932762,26345265.0,0
321,4096.0,0.958473026752472,0.9685349464416504,4.823027097700106e-07,0.020553957670927,32,128,0.6903095245361328,0.0986494049429893,29702985.0,0
322,512.0,0.944412350654602,0.9959219098091124,1.3292239309237177e-08,0.0002867963339667,256,192,0.434054434299469,0.0283965896815061,3212456.0,0
323,2048.0,0.96953284740448,0.9913572669029236,9.2406133944678e-07,4.4874599552713335e-05,32,64,0.5087902545928955,6.04431625106372e-05,13588995.0,0
325,4096.0,0.982410728931427,0.9620386362075806,3.9177626831588e-07,0.0125693324953317,320,32,0.0602095127105712,0.0032251020893454,56699320.0,1
326,4096.0,0.9238616228103638,0.9789910316467284,2.8826439901763482e-08,0.0001334231783403,64,64,0.5445926189422607,0.0828467532992363,41421569.0,0
327,2048.0,0.9406169056892396,0.9724880456924438,5.825747848575702e-07,0.0011455995263531,192,448,0.6802458763122559,0.0125557584688067,5985034.0,0
328,4096.0,0.9307562708854676,0.9750441312789916,3.036294629055192e-07,1.4498889868264088e-05,64,512,0.4944332838058471,5.487870112119708e-06,29623780.0,0
329,2048.0,0.9648898243904114,0.9923163056373596,4.900840622212854e-08,0.0005826309788972,192,384,0.383391261100769,0.1081267595291137,10390502.0,0
330,2048.0,0.9604833126068116,0.9862347841262816,4.262066113369656e-07,0.0001259824202861,448,32,0.6097096800804138,4.1134855564450845e-05,12227214.0,0
331,4096.0,0.987304389476776,0.9735807180404664,5.50760717032972e-07,0.0001058123889379,128,64,0.4741230607032776,0.1568848192691803,33718644.0,0
332,2048.0,0.9642521142959596,0.9966922998428344,2.683918154389176e-08,0.0378185771405696,192,32,0.7464611530303955,6.552744889631867e-05,5081002.0,0
333,4096.0,0.9208038449287416,0.994704008102417,4.360708487638476e-07,0.0006609809934161,32,64,0.1088301390409469,0.0013759818393737,58507770.0,0
334,2048.0,0.9035165905952454,0.9641786813735962,1.4508065859786257e-08,0.0007960143266245,256,32,0.5667333006858826,0.0009313715272583,9841512.0,0
336,2048.0,0.950498342514038,0.9643600583076476,1.0562323460305834e-08,6.684204709017649e-05,192,192,0.5167336463928223,0.0097763733938336,7778354.0,0
337,2048.0,0.935608983039856,0.951380491256714,9.939433311956236e-07,1.3516964827431366e-05,320,128,0.4062290489673614,1.011861741062603e-06,9756776.0,0
339,4096.0,0.9256111979484558,0.9703864455223083,1.27799495430736e-08,1.3032727110839916e-05,448,384,0.2168966978788375,0.156235322356224,44066016.0,0
340,4096.0,0.9624525904655457,0.9715896248817444,2.461229975381229e-08,0.0004686335450969,384,384,0.6014399528503418,1.6221927126025548e-06,43627064.0,0
342,4096.0,0.9224618077278136,0.9957606196403505,1.248282472943174e-07,0.0009555844007991,192,64,0.0547196120023727,9.793893696041778e-06,23435116.0,0
343,512.0,0.9554584622383118,0.9679242968559264,1.3803484577579184e-08,0.0026787761598825,128,384,0.4161657392978668,0.0007756394334137,2867018.0,0
344,512.0,0.9884957671165466,0.9814572334289552,6.897938931160752e-08,0.0001418975880369,384,32,0.3267599940299988,0.0098426826298236,2888222.0,0
345,2048.0,0.9440589547157288,0.967841863632202,2.7792742329779685e-08,0.0314689315855503,32,192,0.4252388477325439,0.0009214745950885,5230288.0,1
348,2048.0,0.9703623056411744,0.9937188625335692,8.578158627869925e-08,0.0007277891854755,64,512,0.371656984090805,4.273234299034812e-05,7277184.0,0
349,4096.0,0.922070562839508,0.9515504837036132,3.218415827177523e-07,0.000125521182781,384,384,0.0842816680669784,2.664756948433933e-06,22271996.0,0
350,4096.0,0.9222792387008668,0.9625860452651978,4.648125297990191e-07,0.000511419668328,32,32,0.0230514854192733,9.454368409933522e-06,35676114.0,0
351,2048.0,0.902370274066925,0.9575658440589904,3.219938662368804e-07,0.0069694835692644,384,448,0.7096185088157654,0.0245377756655216,9030438.0,0
352,512.0,0.9494093656539916,0.9673484563827516,3.134115900138568e-08,0.0027122765313833,192,128,0.5714379549026489,0.0009624437661841,3137870.0,0
353,4096.0,0.9558601379394532,0.9749491810798644,2.6660861962568564e-08,8.317889296449721e-05,128,384,0.3038265109062195,0.0084443017840385,17322930.0,0
354,4096.0,0.9571171402931212,0.982260763645172,4.374353750336013e-07,8.313931903103366e-05,64,128,0.4124623537063598,0.0081201242282986,44798840.0,0
355,4096.0,0.981048345565796,0.9628521203994752,3.395579142306815e-07,0.0306041985750198,384,32,0.5851089954376221,0.0007976904162205,19118348.0,1
356,4096.0,0.9508854150772096,0.9580984115600586,3.002999164891662e-07,0.0069441031664609,256,256,0.2716255784034729,0.0008200721931643,15388011.0,0
357,512.0,0.9159784913063048,0.9890676736831664,3.4791490577390505e-08,4.6739605750190094e-05,320,32,0.2367857247591018,0.000299332808936,2613172.0,0
360,2048.0,0.9117820262908936,0.9801682829856871,6.732756219207658e-07,0.0100189000368118,128,448,0.6524085998535156,3.165455154885421e-06,5334976.0,0
361,4096.0,0.9764686226844788,0.9627243876457214,2.45583862579224e-07,4.780868403031491e-05,384,128,0.5965607166290283,8.597454325354192e-06,27316435.0,0
362,2048.0,0.9261126518249512,0.9739734530448914,4.2329372718086233e-07,0.0198244862258434,32,256,0.1611283421516418,5.6143207984860055e-06,4452078.0,0
363,4096.0,0.91392183303833,0.998878002166748,1.6259670942986304e-08,0.0019266515737399,448,448,0.3120563626289367,1.0785068980112555e-06,17219559.0,0
365,2048.0,0.9671379923820496,0.9571456909179688,1.9859850652892426e-08,3.9602375181857497e-05,448,320,0.5998581051826477,0.0219921637326478,7389912.0,0
366,4096.0,0.9740045070648192,0.9504221677780152,8.118756511521499e-08,0.0001204393265652,512,32,0.1827324628829956,3.47784225596115e-06,15312372.0,0
367,512.0,0.9461460113525392,0.9941361546516418,2.548055704210128e-07,0.0002212064282502,64,32,0.2945489287376404,0.0888368487358093,1507788.0,0
368,2048.0,0.9061218500137328,0.982470452785492,6.509633010409743e-08,0.0017971148481592,128,32,0.5262988805770874,0.0027416215743869,6807430.0,0
369,512.0,0.9694203734397888,0.9827966690063475,8.408043186136638e-07,0.0081572486087679,32,320,0.4510221481323242,2.1892888071306515e-06,2000136.0,0
370,2048.0,0.906633734703064,0.9839931726455688,1.034577365999212e-07,0.0066665867343544,64,32,0.2360596507787704,0.0064115268178284,3725734.0,0
371,2048.0,0.931319773197174,0.9744003415107728,1.4690537675221549e-08,0.0012559524038806,64,512,0.028746485710144,2.050889270321932e-05,7235416.0,0
372,512.0,0.9194933772087096,0.9632911086082458,8.980925372270576e-07,0.0014878967776894,64,64,0.0308323949575424,2.5209004888893105e-05,1663022.0,0
373,512.0,0.938350260257721,0.98630553483963,2.622599311052909e-07,7.350956730078906e-05,448,32,0.5487969517707825,0.0179364755749702,3256498.0,0
374,512.0,0.9716619849205016,0.96693754196167,1.379839744686251e-07,3.680759255075827e-05,32,32,0.3448160290718078,0.0773429051041603,3128066.0,0
375,4096.0,0.9191222190856934,0.9927296042442322,3.379558393135085e-07,4.764991899719462e-05,32,32,0.6563138961791992,0.0025281908456236,47675728.0,0
376,4096.0,0.91455739736557,0.9660642743110656,1.9433498366083768e-08,6.36342738289386e-05,512,128,0.5489155054092407,2.013532139244489e-05,20343468.0,0
377,2048.0,0.9418931007385254,0.9592326879501344,8.286716592920129e-07,0.0135150840505957,32,32,0.5142992734909058,9.451578807784244e-05,10667230.0,0
379,4096.0,0.9275819659233092,0.9835336208343506,8.16125051983363e-08,5.526443783310242e-05,64,128,0.2106137573719024,0.0001789019588613,55156320.0,0
380,4096.0,0.962973177433014,0.9929170608520508,1.4160800532181383e-08,2.521653186704497e-05,64,192,0.4962148666381836,0.0119513124227523,40174953.0,0
381,512.0,0.9807772636413574,0.9728125333786012,9.16006257511981e-08,0.0012576160952448,384,256,0.6229363679885864,0.0229117386043071,1987620.0,0
383,2048.0,0.9499499797821044,0.982821762561798,3.1397398458921095e-08,0.045303851366043,64,192,0.1136164516210556,0.0001571130560478,8734164.0,0
385,4096.0,0.9059322476387024,0.9715782999992372,1.353242851109826e-07,0.0005080653936602,32,32,0.3388347029685974,0.1365867704153061,21188012.0,0
386,2048.0,0.9360778331756592,0.9794895052909852,8.301468596982886e-07,0.0014016949571669,256,32,0.1683436185121536,9.430087811779232e-05,10420434.0,0
387,4096.0,0.9152861833572388,0.9961727857589722,1.4700320072336126e-08,0.0004672884533647,128,384,0.2483699172735214,0.0077571566216647,58535140.0,0
388,4096.0,0.9372822642326356,0.9775078892707824,5.365382094169036e-08,0.0449184700846672,256,256,0.465451180934906,0.0003797325771301,54967810.0,1
390,512.0,0.9246557354927064,0.9730866551399232,1.900781398944673e-08,6.491918611573055e-05,64,128,0.4825418293476105,0.0011960393749177,2667918.0,0
392,4096.0,0.9201606512069702,0.9650714993476868,4.339120494023519e-07,0.0001037501569953,64,320,0.7026670575141907,2.894887074944563e-06,56813440.0,0
393,2048.0,0.909537434577942,0.992526113986969,1.050779445677108e-07,1.030350449582329e-05,512,256,0.410563051700592,0.0177664719521999,4507016.0,0
395,4096.0,0.9195833802223206,0.9795041084289552,3.2917185421865724e-08,0.0114398756995797,320,384,0.1508588790893554,0.0014903742121532,21667436.0,0
396,2048.0,0.9780469536781312,0.9909073710441588,2.7430152371721306e-08,0.0006186812533996,256,448,0.2308509796857834,0.0081791067495942,12137451.0,0
397,2048.0,0.9634764194488524,0.965505063533783,9.076911311467485e-08,0.043406419456005,32,256,0.4038727879524231,2.729696007008897e-06,12322776.0,1
398,4096.0,0.955066978931427,0.9688236713409424,2.8525170137072564e-07,0.0155099937692284,32,512,0.3138638138771057,0.0003206295368727,26647435.0,1
399,4096.0,0.9863744974136353,0.9873499274253844,1.952425350282283e-07,0.0029857927002012,192,512,0.7116913795471191,7.820710743544623e-05,44269528.0,0
400,4096.0,0.942156195640564,0.9910601377487184,4.586561885844276e-07,2.736709029704798e-05,192,128,0.3396971821784973,0.0001284184399992,41729002.0,0
401,4096.0,0.9287973642349244,0.9570464491844176,4.7039407036209013e-08,0.0004417494637891,32,448,0.602736234664917,0.0055537591688334,27000310.0,0
402,4096.0,0.955264449119568,0.9740851521492004,5.088484726911702e-07,0.0003781626874115,64,384,0.6421854496002197,2.774080348899588e-05,26805045.0,0
403,4096.0,0.9533594250679016,0.9707133769989014,2.501294318335568e-07,0.0029891233425587,64,32,0.3425752520561218,0.0002536652027629,19730932.0,0
404,4096.0,0.9639984369277954,0.9773821234703064,2.40524311578838e-08,1.3042624232184608e-05,384,32,0.6195917129516602,0.0215513557195663,15585774.0,0
405,4096.0,0.9877928495407104,0.9976921677589417,3.503327761222863e-08,0.0001033165099215,32,192,0.2502339482307434,1.0193531124969011e-05,46615880.0,0
406,4096.0,0.9369351863861084,0.9986690282821656,2.027056389408699e-08,0.0104984156787395,512,320,0.2751893699169159,0.0002175270201405,15843117.0,0
407,4096.0,0.9616584181785583,0.973809540271759,1.1628916496420061e-07,0.0034817603882402,192,128,0.2023427188396453,1.4674743624709663e-06,17614341.0,0
408,2048.0,0.9658188819885254,0.9627504348754884,3.1704246339359094e-08,0.0045413640327751,128,384,0.3103311061859131,5.507460446096957e-05,9647446.0,0
410,4096.0,0.9555612802505492,0.9669061303138732,4.937773496749287e-07,0.0063091432675719,64,64,0.4189720451831817,0.0118770254775881,54406250.0,0
411,2048.0,0.905896544456482,0.9745102524757384,1.4807790549298261e-08,0.0011450183810666,320,256,0.207144409418106,0.0006538316374644,10235824.0,0
415,4096.0,0.9539200067520142,0.9970408082008362,1.3776649154806364e-07,0.0194150693714618,384,384,0.092491865158081,7.892334906500764e-06,36757329.0,1
417,4096.0,0.9252552390098572,0.9931311011314392,6.627161042160878e-07,0.0142627712339162,32,384,0.6226528882980347,0.0001674333325354,50386338.0,0
418,4096.0,0.9310920238494872,0.9828841090202332,1.2971328899880064e-08,8.394471660722047e-05,32,128,0.1461740434169769,6.118790770415217e-05,32336634.0,0
419,512.0,0.9844573736190796,0.9802988171577454,9.217518481818844e-07,2.2023801648174413e-05,384,192,0.119230180978775,0.0179612450301647,3171264.0,0
420,4096.0,0.9383673667907716,0.979982852935791,5.603624799732643e-07,0.0008646861533634,32,128,0.1371565461158752,0.0001739351719152,45480200.0,0
422,4096.0,0.9119672775268556,0.9659227728843688,2.5947322512820392e-08,5.561290527111851e-05,32,64,0.2722913026809692,1.1725657714123372e-05,36661415.0,0
424,4096.0,0.9233120679855348,0.9551859498023988,5.014879178588672e-08,0.0004972936003468,512,32,0.2379816770553589,0.0004711236688308,26012630.0,0
425,4096.0,0.9159548282623292,0.956420361995697,2.979344060349831e-08,0.0008334973827004,128,192,0.0490878224372863,0.0016388621879741,58437560.0,0
426,2048.0,0.97472482919693,0.9951744079589844,4.4414200317532966e-08,0.0019400614546611,512,448,0.3862336277961731,0.0844202786684036,8195166.0,0
427,2048.0,0.913881778717041,0.9854520559310912,6.860243217943207e-08,0.0003674186882562,32,64,0.4586766064167022,4.262887523509562e-05,12090609.0,0
428,4096.0,0.9362754225730896,0.9559402465820312,1.0270545303114886e-08,0.0047460938803851,192,512,0.4201477468013763,1.796660512809467e-06,41476099.0,0
429,2048.0,0.9633959531784058,0.9570513367652892,8.471321848446678e-07,1.1174081009812651e-05,128,384,0.0820530652999877,0.0005526269669644,6296174.0,0
430,2048.0,0.9766746163368224,0.9584364295005798,4.112784779408685e-08,1.732040982460603e-05,256,448,0.3478973507881164,8.611400699010119e-05,4731164.0,0
431,2048.0,0.9768427014350892,0.9955405592918396,4.440325369614584e-07,1.6854861314641312e-05,64,256,0.415438711643219,0.0679778158664703,4540044.0,0
432,4096.0,0.9801443815231324,0.9788771271705629,2.6604375591432472e-08,0.0003238572389818,384,192,0.7487562894821167,0.0029999769758433,35505612.0,0
434,4096.0,0.92899888753891,0.976571798324585,2.365900257927933e-07,0.0056374375708401,128,128,0.2408714443445205,0.0565694160759449,58072180.0,0
436,4096.0,0.9870736002922058,0.9581050276756288,3.725066619608697e-07,0.0096880849450826,192,384,0.5831683278083801,0.0002303064829902,30120462.0,0
438,2048.0,0.9843600988388062,0.9686437249183656,4.263094410816848e-07,1.26222757899086e-05,448,128,0.4723449349403381,1.6426738511654548e-06,7350246.0,0
440,2048.0,0.9598509073257446,0.9828214049339294,6.126737162048812e-07,0.0153588624671101,32,384,0.6517813205718994,0.0040383734740316,5031620.0,0
441,512.0,0.9812111854553224,0.964563488960266,8.70215444592759e-07,0.0002123863087035,32,192,0.0889350324869155,0.0002699541510082,1933798.0,0
443,4096.0,0.9829639196395874,0.9631747007369996,3.3408017685587765e-08,0.0001257322874153,512,256,0.5215528011322021,0.0002247912925668,19527356.0,0
444,4096.0,0.9374885559082032,0.9510260224342346,4.847597878665511e-08,0.0038657567929476,32,128,0.5299972295761108,5.182651875657029e-06,28783145.0,0
445,512.0,0.964879274368286,0.9740028977394104,3.852446468499693e-07,0.0172598809003829,256,192,0.6748408079147339,2.324029537703609e-06,2276942.0,0
446,2048.0,0.9793189764022828,0.974977731704712,2.2624794482339894e-08,0.0077432096004486,32,64,0.2175138294696808,3.68750152119901e-05,10306400.0,0
447,4096.0,0.9808914661407472,0.9939985275268556,1.2992481401852274e-07,0.012088119983673,448,320,0.3642763495445251,0.1019040271639823,19614776.0,0
449,2048.0,0.9190412759780884,0.998889148235321,1.5723474078299663e-08,0.0105878161266446,64,32,0.4385340213775635,0.0299545284360647,4310856.0,0
450,4096.0,0.919344961643219,0.9933115839958192,3.542216404639476e-07,0.001317813177593,512,320,0.5782425999641418,0.0761420726776123,46936040.0,0
451,512.0,0.9475743174552916,0.9528696537017822,3.1386683474465826e-08,0.0305774472653865,32,512,0.0815172493457794,0.0011031531030312,1607984.0,1
452,4096.0,0.9166978597640992,0.9957133531570436,3.7082283910194747e-08,0.0468305647373199,128,512,0.6013175249099731,7.736200132058002e-06,33852564.0,1
453,4096.0,0.950047492980957,0.9918407797813416,4.1002216732977104e-08,0.0409118384122848,128,32,0.0581438094377517,0.0473089888691902,30498198.0,0
454,2048.0,0.9630572199821472,0.9615551233291626,9.34010557784859e-08,0.0177914965897798,32,64,0.2578161954879761,1.8704258764046244e-06,12387720.0,0
455,4096.0,0.9809572100639344,0.9602840542793274,5.124209110363154e-07,0.0016314224340021,64,448,0.1372623145580291,0.000181021328899,55876350.0,0
457,4096.0,0.91446191072464,0.9775612354278564,2.6444405776260282e-08,0.0202456749975681,32,448,0.4230595529079437,0.0076004192233085,52275771.0,1
458,4096.0,0.9377533793449402,0.9546886682510376,1.085158771729767e-07,0.0237050354480743,128,384,0.0462665408849716,0.0052002752199769,18137348.0,1
459,4096.0,0.9446113705635072,0.9690947532653807,1.8813395286088053e-07,0.0025012576952576,32,256,0.1613941043615341,2.357040830247569e-05,18465452.0,0
461,512.0,0.9105340838432312,0.9504613876342772,5.727272878175427e-07,0.009078012779355,320,32,0.0031963884830474,0.0328117273747921,3397026.0,0
462,2048.0,0.9098339080810548,0.9705544114112854,1.7643513317011642e-08,0.0181315839290618,32,256,0.7288640141487122,1.178165234705375e-06,8764314.0,0
463,4096.0,0.9078853130340576,0.9953945875167848,3.394837619907776e-07,0.0364602394402027,64,256,0.2762988805770874,0.0539584793150424,19841976.0,1
464,512.0,0.9123026728630066,0.9853461980819702,6.464795774263621e-07,0.0010785111226141,192,64,0.2934434115886688,0.0004159400996286,1298222.0,0
466,4096.0,0.9474668502807616,0.964075803756714,2.567827266375389e-07,5.864909326191992e-05,64,192,0.342011958360672,1.4055559631742651e-06,30244938.0,0
467,4096.0,0.9557701349258424,0.9651663899421692,9.452871552184661e-08,3.9478123653680086e-05,256,128,0.5106624364852905,0.0001960823428817,17943081.0,0
468,2048.0,0.962881863117218,0.976168930530548,8.799825934602269e-08,0.0009657877963036,384,32,0.437918484210968,0.0002388299180893,9437428.0,0
469,512.0,0.9750572443008424,0.9816152453422546,4.6317371271698e-08,7.146369898691773e-05,32,384,0.6101711988449097,1.5790519682923332e-05,2987746.0,0
470,4096.0,0.9324085116386414,0.9628525972366332,2.622216754843976e-07,0.0005052597844041,192,32,0.6378279328346252,0.0003832005895674,16825188.0,0
472,4096.0,0.9242034554481506,0.9892935156822203,9.087028018939237e-08,0.0175911057740449,192,512,0.512278139591217,0.084585964679718,23759420.0,0
473,2048.0,0.9258188009262084,0.9774429202079772,1.5309723266909714e-08,4.322789391153492e-05,32,512,0.6254041194915771,1.1356419236108195e-06,3671914.0,0
474,2048.0,0.9828118681907654,0.960170030593872,3.685448177748185e-07,0.0015926664927974,32,192,0.188610166311264,6.983015191508457e-05,10847398.0,0
475,4096.0,0.944466769695282,0.9806562066078186,5.0311566468508324e-08,0.015196613036096,192,192,0.3200221657752991,0.1165306493639946,24129640.0,0
476,512.0,0.9239112138748168,0.959031879901886,2.5986796714505545e-08,0.0020916715729981,128,448,0.5576345920562744,0.0042179515585303,827890.0,0
477,4096.0,0.9613730907440186,0.9547695517539978,6.257832865230739e-07,2.025959838647396e-05,256,256,0.5694968104362488,4.348849870439153e-06,51699465.0,0
478,512.0,0.9461455345153807,0.9753347039222716,9.15646438670592e-08,0.0016867332160472,512,320,0.3884252309799194,5.286796294967644e-06,1757188.0,0
479,4096.0,0.9153991937637328,0.9961835741996764,1.0289112672978716e-08,0.0006530598620884,32,32,0.1597228646278381,0.1705507189035415,18096292.0,0
480,2048.0,0.9090961217880248,0.9929899573326112,1.3225601946942334e-08,0.0022466473747044,448,320,0.3066243529319763,0.0048259212635457,7842724.0,0
481,2048.0,0.927707850933075,0.9713128805160522,2.1158651719588303e-08,6.522855255752802e-05,448,32,0.5045181512832642,0.0329469963908195,4572144.0,0
482,2048.0,0.9512175917625428,0.9850844144821168,1.8754825248379348e-08,0.0001384069764753,384,32,0.5903276205062866,7.404796633636579e-05,12094923.0,0
483,2048.0,0.936470866203308,0.9648019671440125,4.766314134485583e-07,0.0127778919413685,32,448,0.1455070674419403,0.000415976770455,12694068.0,1
487,512.0,0.9041284322738647,0.985432744026184,2.822423823545251e-07,0.0007316999835893,320,128,0.6573156714439392,0.0272234175354242,1540832.0,0
488,2048.0,0.9158315658569336,0.95931214094162,1.4164474038125265e-08,3.941259637940675e-05,256,512,0.1954546719789505,3.281217868789099e-05,9477388.0,0
489,4096.0,0.9116228818893432,0.9727743864059448,4.989835815649712e-07,1.3392347682383844e-05,256,64,0.6132661700248718,0.002511273836717,39492299.0,0
490,4096.0,0.9342924356460572,0.9907172918319702,1.282897272858463e-07,0.0001704169844742,32,32,0.3573593497276306,0.0001503722305642,22351780.0,0
494,2048.0,0.948534607887268,0.963431477546692,5.2443631659571124e-08,5.301925921230577e-05,320,320,0.4562099575996399,0.0001564098056405,6547024.0,0
495,4096.0,0.9108583331108092,0.9894300699234008,9.67061509982159e-07,0.0031830675434321,32,448,0.1555885970592498,8.954217628343031e-05,53811135.0,0
496,512.0,0.9300768971443176,0.966495394706726,1.536363569698551e-08,0.0393608957529068,320,320,0.0397037118673324,0.001979112625122,2764488.0,1
498,2048.0,0.9750930666923524,0.962183713912964,7.343262495851377e-07,0.0021360008977353,32,128,0.4688144326210022,0.0493567213416099,10960446.0,0
500,2048.0,0.9696112871170044,0.9813668131828308,1.389954551456185e-08,5.483760833158158e-05,128,384,0.7333930134773254,0.0047123446129262,12663912.0,0
501,2048.0,0.927432894706726,0.9786605834960938,2.5758856381230544e-08,0.0034150064457207,320,32,0.4005651175975799,0.0311508104205131,9443238.0,0
502,2048.0,0.9107934832572936,0.9533690214157104,7.059377793439128e-08,5.8185189118376e-05,64,64,0.6298353672027588,0.0433615706861019,6248450.0,0
503,512.0,0.9404992461204528,0.9834008812904358,1.984675748190057e-07,0.0001520597725175,192,448,0.5859223008155823,0.0009224694804288,1855758.0,0
504,2048.0,0.9539493918418884,0.98552006483078,2.478536771377549e-07,1.0523348464630544e-05,64,512,0.1667356789112091,2.592196142359171e-05,12126612.0,0
505,4096.0,0.9767776727676392,0.9735149145126344,9.294167568896229e-08,0.0001450048730475,192,384,0.3391205668449402,1.3782189398625633e-06,17491536.0,0
506,2048.0,0.9582570791244508,0.9625268578529358,1.2573322827336142e-08,0.0002024081768468,448,32,0.1776252686977386,0.0004870288248639,14092797.0,0
507,4096.0,0.9354593753814696,0.9636695384979248,2.6951319398449414e-08,0.0005500513943843,128,64,0.5227116346359253,0.0405617281794548,48900402.0,0
509,4096.0,0.9254408478736876,0.9716668725013732,2.1810500072660946e-07,2.1396441297838464e-05,32,64,0.689719557762146,0.0001142931287176,48435966.0,0
510,2048.0,0.9358118176460266,0.9681920409202576,6.55906262636563e-08,0.000183598647709,256,32,0.4071023464202881,2.858208608813584e-05,3499352.0,0
511,2048.0,0.9015527963638306,0.9565774202346802,5.054965868112049e-07,0.0173265170305967,448,192,0.1864077150821685,0.0078472103923559,7615076.0,0
512,512.0,0.9687540531158448,0.9502734541893004,1.5325500868357267e-08,0.000576797814574,192,192,0.5972590446472168,0.0007803106564097,992278.0,0
513,4096.0,0.9731708765029908,0.9957258105278016,7.36606523332739e-07,1.38609939313028e-05,320,128,0.0362309664487838,0.0001953339087776,21181108.0,0
514,512.0,0.9048189520835876,0.990893542766571,3.4536746795765794e-08,0.0074462378397583,192,32,0.2681614756584167,0.018947098404169,1201198.0,0
515,4096.0,0.9469406008720398,0.9928245544433594,2.064763862108521e-07,0.000117250259791,448,384,0.7488433122634888,9.752315236255528e-06,16081695.0,0
516,4096.0,0.9328871369361876,0.9811775088310242,8.30608897217644e-08,2.334159398742485e-05,384,384,0.0899040699005127,4.045508103445172e-05,16082154.0,0
517,2048.0,0.9175623655319214,0.9883963465690612,2.2475246552744466e-08,0.0038647081237286,128,128,0.0423888266086578,5.0541853852337226e-05,4120148.0,0
518,2048.0,0.9217539429664612,0.9686515927314758,6.298798780335346e-07,3.057649519178085e-05,192,64,0.0022414326667785,0.0051393425092101,3890932.0,0
519,2048.0,0.9209076762199402,0.9711288809776306,3.689961758368554e-08,2.859577216440812e-05,128,384,0.3148995041847229,0.0368681773543357,7114598.0,0
521,2048.0,0.9119567275047302,0.9567641615867616,6.78002152199042e-08,0.0058423341251909,32,192,0.1874228417873382,0.0002115300449077,10129216.0,0
523,4096.0,0.9212890267372132,0.9950220584869384,1.828640172618634e-08,3.4978384064743295e-05,64,384,0.599826455116272,0.0010842884657904,19830148.0,0
524,2048.0,0.9855239391326904,0.9867884516716005,2.125981524159215e-07,0.0302773471921682,64,512,0.4795398116111755,0.0017771546263247,14179110.0,1
525,2048.0,0.905386209487915,0.9906688928604126,1.3428520517777542e-08,0.0006119383033365,384,384,0.3500354886054992,6.449806824093685e-05,7386064.0,0
527,512.0,0.9576161503791808,0.9536921977996826,1.372035463020893e-08,0.0009107916848734,384,448,0.2902753949165344,7.540250226156786e-05,2353430.0,0
528,2048.0,0.9214155673980712,0.9576125741004944,2.892738564241881e-07,0.0090924901887774,192,128,0.4836580157279968,7.777957216603681e-05,4147922.0,0
529,4096.0,0.9438319206237792,0.973183572292328,3.64028522881199e-07,1.281901768379612e-05,128,384,0.1860775798559188,0.0083864945918321,20975808.0,0
530,4096.0,0.9583048820495604,0.9871974587440492,3.110123358851524e-08,0.0233461372554302,64,128,0.3701075315475464,5.569848781306064e-06,45869400.0,0
531,4096.0,0.9070293307304382,0.9749112725257874,2.812040911237545e-08,9.274905460188164e-05,384,32,0.2711455225944519,0.0001421440974809,21841004.0,0
532,4096.0,0.9320510029792786,0.9667340517044068,4.990252122638594e-08,0.0073257242329418,256,256,0.2172039002180099,1.625395998416934e-05,44607280.0,0
533,2048.0,0.9319378733634948,0.9960970282554626,5.306053481035633e-07,0.0011665188940241,320,32,0.3852332234382629,0.0004898972110822,5140898.0,0
534,512.0,0.9457994103431702,0.9934869408607484,4.774626063408505e-07,0.0015120125608518,128,512,0.7400760650634766,9.81343910098076e-05,1126152.0,0
535,4096.0,0.9017726182937622,0.9970886707305908,7.293096473404148e-07,3.365923839737661e-05,64,320,0.5212286710739136,0.0560102127492427,20199360.0,0
536,4096.0,0.9279038906097412,0.9797109365463256,2.9297220294211e-07,3.568841202650219e-05,128,448,0.1842517554759979,1.8881274854720689e-06,38321976.0,0
537,512.0,0.9120582342147828,0.9818681478500366,1.609518029965784e-08,0.023966958746314,384,128,0.1659877449274063,0.0001660681009525,3253138.0,1
538,2048.0,0.9295766353607178,0.9976868629455566,6.014312248225906e-07,0.0036149963270872,32,256,0.369223952293396,0.1887260973453521,9214164.0,0
539,2048.0,0.9878091812133788,0.997081458568573,3.450371082180937e-07,5.704025534214452e-05,448,448,0.5259694457054138,0.000535633356776,11457182.0,0
540,2048.0,0.9274755120277404,0.9601625800132751,1.1553763279437136e-08,0.0032415913883596,320,256,0.5756227374076843,1.2808985047740862e-05,8137492.0,0
541,2048.0,0.931854486465454,0.952174723148346,1.2959731066075621e-08,1.256968516827328e-05,448,320,0.0429579466581344,0.0379631221294403,9487376.0,0
542,4096.0,0.9246008396148682,0.9775309562683104,9.71700870877612e-08,2.4311355446116067e-05,512,32,0.6456990242004395,1.706624789221678e-05,29820760.0,0
543,4096.0,0.9404711723327636,0.9503046870231628,1.082432206089834e-07,0.0040307356975972,64,32,0.2003318220376968,0.0017198477871716,19247792.0,0
544,2048.0,0.9158647656440736,0.9866558313369752,1.0242296788476324e-08,0.0002809242869261,128,32,0.0395923107862472,0.0020307814702391,5716430.0,0
547,2048.0,0.9591882824897766,0.9738872051239014,9.335817594546824e-07,0.0011145044118165,64,512,0.7141865491867065,0.0075340336188673,6014008.0,0
548,4096.0,0.91968834400177,0.9735825657844543,1.3054650693788972e-08,7.191362965386361e-05,64,64,0.2240233272314071,0.0009077479480765,37975392.0,0
549,2048.0,0.9826178550720216,0.9907442927360536,6.719631642226886e-07,0.0064519145525991,448,32,0.4907476305961609,0.0173450820147991,4289428.0,0
550,2048.0,0.9704095721244812,0.9521496891975404,2.1579342757149792e-08,0.0031777189578861,32,32,0.2785324454307556,6.715218478348106e-05,4152732.0,0
551,512.0,0.966079592704773,0.956864058971405,7.68037182297121e-07,0.011033141054213,32,32,0.400229275226593,0.0176612604409456,1899310.0,0
553,2048.0,0.98219895362854,0.9591672420501708,6.190022361352021e-08,1.7606023902771994e-05,32,32,0.2396169751882553,0.1234008148312568,6505184.0,0
555,4096.0,0.9131687879562378,0.9848467111587524,7.523441922785423e-07,0.0109208570793271,64,128,0.6453490257263184,0.0707570388913154,16250271.0,0
556,4096.0,0.9560278654098512,0.9804591536521912,1.0652665594079737e-07,0.0011819128412753,64,192,0.0301159769296646,0.0209989435970783,45971752.0,0
557,4096.0,0.9714154601097108,0.9771428108215332,3.0357718117102195e-08,7.671836647205055e-05,384,256,0.7241033911705017,0.0002641154278535,53374518.0,0
558,4096.0,0.9863441586494446,0.9884369373321532,4.8055547097192175e-08,0.0003792313218582,192,384,0.7213752865791321,0.1678728014230728,19806688.0,0
559,4096.0,0.9397193789482116,0.973209798336029,3.696787942431001e-08,0.0069039650261402,64,192,0.2530041337013244,3.358364892847021e-06,15323448.0,0
561,4096.0,0.9198466539382936,0.9503141045570374,5.7945491960254e-08,0.0003934160340577,32,32,0.0111700147390365,0.0002266291267005,55269780.0,0
563,4096.0,0.903433918952942,0.9800245761871338,3.0591618127573383e-08,6.746247527189553e-05,128,384,0.5253050327301025,0.0167734920978546,15965256.0,0
564,2048.0,0.9359512329101562,0.9623067378997804,1.1321765924776629e-07,2.065063381451182e-05,256,256,0.420015424489975,0.000793827988673,8397206.0,0
565,4096.0,0.9552738070487976,0.9795043468475342,7.851787131585297e-08,0.0022955217864364,192,320,0.3039854168891907,0.0001329277292825,38057334.0,0
567,4096.0,0.9248450994491576,0.9725136160850524,1.3242564378401768e-08,0.0237337294965982,256,320,0.4094858765602112,1.064820753526874e-05,51092289.0,1
568,512.0,0.9273807406425476,0.983612060546875,3.115448876656046e-08,1.298419556405861e-05,64,320,0.0942699015140533,0.0203498266637325,2118156.0,0
569,2048.0,0.9573278427124025,0.9873058795928956,1.3112720687047386e-08,0.0014756479067727,512,256,0.6154847741127014,5.286209125188179e-05,4722316.0,0
570,512.0,0.9394293427467346,0.9651044607162476,1.7201861268745233e-08,2.881980435631704e-05,256,192,0.0362689197063446,0.0026293299160897,1565058.0,0
571,4096.0,0.9551514387130736,0.9837976694107056,4.898786869489413e-07,0.0007131025195121,320,384,0.4450546503067016,0.0009044138132594,22011192.0,0
572,2048.0,0.9422271251678468,0.982819676399231,6.052942325140975e-08,4.527251439867541e-05,256,448,0.4286032319068908,0.0001235572417499,8400688.0,0
573,512.0,0.9282788634300232,0.978323221206665,2.68718611806662e-08,0.0002153502136934,32,256,0.1911072134971618,2.129538916051388e-05,1460058.0,0
574,2048.0,0.9142345786094666,0.961353600025177,1.644290534841275e-07,0.0042124218307435,32,512,0.6771070957183838,1.8271603039465845e-06,4119568.0,0
575,4096.0,0.9048212170600892,0.9775692820549012,1.853211806235322e-08,2.881117507058661e-05,192,512,0.3204575181007385,0.0482015125453472,21377164.0,0
576,4096.0,0.9226481914520264,0.974751889705658,6.76913828101533e-07,0.0017696589929983,192,128,0.6415706872940063,2.218662075392785e-06,17288148.0,0
577,2048.0,0.9279110431671144,0.9933561682701112,5.103521516502951e-07,3.393300357856788e-05,32,448,0.3432162702083587,5.499522103491472e-06,9182540.0,0
582,2048.0,0.925813615322113,0.9840431213378906,4.4331429194244265e-08,7.566976273665205e-05,512,320,0.4613511562347412,0.0003403462469577,7480664.0,0
583,4096.0,0.9773902893066406,0.9676903486251832,4.924253858007432e-07,0.0007904315716587,192,128,0.7255768775939941,4.711598376161419e-05,19338432.0,0
585,4096.0,0.9570154547691344,0.97025465965271,1.441203156815618e-08,0.0028920948971062,320,64,0.7078591585159302,1.7368602129863575e-06,38594451.0,0
586,2048.0,0.9418233036994934,0.9540234804153442,4.5557822403452526e-08,6.743179255863652e-05,64,64,0.0489793717861175,6.667965863016434e-06,5848014.0,0
587,2048.0,0.9568058252334596,0.9545325636863708,3.2618068246392795e-08,0.0039956951513886,320,256,0.0177917182445526,0.0105420984327793,13987554.0,0
588,4096.0,0.9541635513305664,0.9595516324043274,3.2889573731154094e-08,0.0001680615532677,448,32,0.5495682954788208,1.0169935194426216e-05,38776703.0,0
589,4096.0,0.9019376039505004,0.9832404851913452,1.6610339770295468e-08,1.0939566891465802e-05,320,512,0.146624743938446,7.804021151969209e-05,26811275.0,0
590,4096.0,0.9702348709106444,0.9857034087181092,7.134581778700522e-07,0.0001000278352876,512,320,0.4191955924034118,0.0001428172399755,52255278.0,0
591,4096.0,0.9797956943511964,0.9561318159103394,2.2152443079903605e-07,0.01854551397264,384,384,0.6276324987411499,0.0013576982310041,43210704.0,1
592,2048.0,0.9474709033966064,0.961650848388672,1.6143457060024957e-07,0.0002067127352347,192,32,0.0358181297779083,1.4175576325214934e-05,11382518.0,0
594,2048.0,0.964449107646942,0.9521690011024476,2.0785371646070416e-08,0.0004703587037511,32,128,0.1241462230682373,0.0004647788882721,10663316.0,0
596,512.0,0.931390941143036,0.9739788174629213,5.117557861922251e-07,0.0014693237608298,32,128,0.1363516598939895,0.0118328658863902,2940158.0,0
597,4096.0,0.939914345741272,0.9769604206085204,5.336913773135166e-07,0.0017998461844399,384,64,0.0412337779998779,0.0091143557801842,49559895.0,0
598,4096.0,0.9839817881584167,0.9816817045211792,1.8021836467596586e-07,0.0063776383176445,32,64,0.4353354871273041,0.0026327311061322,35761002.0,0
599,4096.0,0.9552373886108398,0.960250735282898,2.1930249616275432e-08,0.0001285017497139,512,64,0.4065382182598114,4.705295850726543e-06,43568224.0,0
600,2048.0,0.929335117340088,0.9897221326828004,3.178279257554095e-07,1.753730066411663e-05,512,32,0.3775257468223572,1.0101441148435695e-05,13970943.0,0
601,4096.0,0.972945749759674,0.97233384847641,1.803537585942649e-08,0.0031232121400535,64,384,0.6960204243659973,0.0001944551331689,46163912.0,0
602,4096.0,0.9376351237297058,0.9618775248527528,1.6424591464669902e-08,1.5473899111384526e-05,320,32,0.121428832411766,2.75219690593076e-06,22204660.0,0
603,4096.0,0.970081388950348,0.96405690908432,1.0876889433575344e-07,0.0002880553074646,64,64,0.0824232101440429,8.735193659958895e-06,26542310.0,0
604,512.0,0.957423448562622,0.9648780822753906,9.958247346730786e-07,0.0024164980277419,192,448,0.3933517336845398,2.1261013898765668e-05,1406844.0,0
605,4096.0,0.9044790863990784,0.95298033952713,2.804211760576436e-07,0.0003691361343953,64,512,0.5173424482345581,1.8817845557350665e-05,33108456.0,0
606,2048.0,0.9417816996574402,0.9692267179489136,1.3693034262018957e-08,1.6008942111511715e-05,192,384,0.4949209094047546,1.56531120865111e-06,13887486.0,0
607,2048.0,0.9748393893241882,0.980555772781372,2.0527794220015494e-07,2.872160439437721e-05,448,32,0.3063898086547851,0.0703532472252845,5929110.0,0
608,512.0,0.9620143175125122,0.9965766072273254,3.755113198167237e-07,0.0013466899981722,128,64,0.5860077142715454,0.0054440810345113,1069438.0,0
610,2048.0,0.9234536290168762,0.9819709658622742,1.3642649321354838e-07,0.0026708506047725,32,64,0.1332570612430572,0.0002517377433832,4814644.0,0
612,512.0,0.927855372428894,0.9954308867454528,5.468951513876164e-08,0.0010855708969756,448,192,0.4766917824745178,0.0017784261144697,2907830.0,0
613,4096.0,0.9523240923881532,0.9982956647872924,1.2525497972148969e-08,0.0019131893059238,192,192,0.2481489479541778,0.0028198345098644,19438500.0,0
614,512.0,0.9832329154014589,0.9836390018463136,4.282719316961449e-07,0.0254573300480842,320,128,0.4001862108707428,1.557239556859713e-06,2125110.0,1
615,2048.0,0.9153156876564026,0.9988648891448976,1.855124942551356e-08,0.0002847341238521,192,32,0.1442660093307495,0.0534320697188377,3947664.0,0
617,2048.0,0.9320321679115297,0.9945608377456664,4.351946643055271e-07,0.0012628302210941,384,384,0.1313526928424835,0.1268084198236465,14489148.0,0
618,2048.0,0.9231488704681396,0.9979633092880248,5.2606331735205465e-08,0.0002864472626242,128,128,0.6128820776939392,0.0003767833986785,9369876.0,0
619,512.0,0.9400634169578552,0.9784320592880248,2.5866594910439744e-07,0.0017411059234291,192,64,0.4314323365688324,0.0040349778719246,3217452.0,0
621,4096.0,0.9141165018081664,0.9736430644989014,3.751961230591405e-08,0.0222020428627729,384,32,0.7227433919906616,0.0009416324901394,20719920.0,1
622,4096.0,0.9120633006095886,0.9780238270759584,1.0972050290547489e-07,0.0048271366395056,32,192,0.6743279695510864,0.1261554956436157,29372465.0,0
623,4096.0,0.904181182384491,0.9604039788246156,8.23916820991144e-07,2.9161554266465828e-05,512,64,0.4229159951210022,2.6969975806423463e-05,30043980.0,0
624,4096.0,0.9824429154396056,0.99844092130661,1.7588510203836453e-08,0.0346920676529407,64,384,0.0190799385309219,0.0007148347212933,16553079.0,1
626,512.0,0.9858536124229432,0.957973837852478,9.242252758667746e-07,0.0438010469079017,384,384,0.2213183641433715,0.0048839673399925,1556314.0,1
627,4096.0,0.9399964809417723,0.9695013165473938,7.957565628657903e-08,7.050050044199452e-05,32,32,0.4394524693489074,0.0006757638184353,37504334.0,0
628,4096.0,0.9868149161338806,0.9921312928199768,6.601890731872118e-07,0.0007059967610985,384,448,0.3437809348106384,2.161078373319469e-05,41188259.0,0
629,4096.0,0.9652023315429688,0.9918975830078124,9.27642176407062e-08,3.077997826039791e-05,192,128,0.280975341796875,0.0030079123098403,50849262.0,0
630,4096.0,0.9075934290885924,0.9876022338867188,3.256603520185308e-08,0.001420997781679,128,384,0.201090931892395,7.73870215198258e-06,27641555.0,0
631,4096.0,0.9156171083450316,0.978343665599823,5.7235901351759854e-08,1.1268757589277811e-05,64,128,0.3681164979934692,0.0762464180588722,53490645.0,0
633,4096.0,0.9765568375587464,0.9964908361434937,1.6168193894827713e-08,0.0059289098717272,256,256,0.3560764789581299,9.937699360307306e-05,17666274.0,0
635,4096.0,0.9543140530586244,0.9968761205673218,1.2401881299695106e-08,0.027168458327651,128,512,0.0233760774135589,7.608468877151608e-05,40409768.0,1
636,2048.0,0.9135581254959106,0.97311270236969,6.083420203140122e-07,0.0051455781795084,64,320,0.5004854202270508,1.7298983948421665e-05,10766198.0,0
638,4096.0,0.9177784323692322,0.9893468022346495,6.129528173914879e-08,5.157385749043897e-05,384,128,0.5694607496261597,1.1545348570507483e-06,18510784.0,0
639,2048.0,0.9214648008346558,0.9504024386405944,1.3000104104321508e-07,0.0253109671175479,32,256,0.0022160410881042,0.0005538198747672,5703410.0,0
640,4096.0,0.9662690162658693,0.9519349336624146,1.265365909830507e-07,0.0147323850542306,448,448,0.0986573249101638,0.0028583668172359,40856984.0,1
641,4096.0,0.9442967176437378,0.953956663608551,1.0355881840951042e-07,0.0164798386394977,320,256,0.4303067326545715,3.253668546676636e-05,47730280.0,1
642,4096.0,0.9252483248710632,0.9771443605422974,7.800367711752187e-07,0.0047387601807713,448,320,0.1346963346004486,1.981545938178897e-05,42253152.0,0
643,4096.0,0.9799062609672546,0.9689739346504213,3.5821614119413425e-08,0.0081442790105938,512,32,0.1968551874160766,2.0390221834531985e-05,45111800.0,1
644,4096.0,0.974787414073944,0.9653000235557556,1.3006689414396533e-07,0.0056553715839982,64,32,0.0595750361680984,0.000218669330934,49725261.0,0
647,2048.0,0.9417965412139891,0.9692105650901794,7.01758651189266e-08,1.658179644437041e-05,64,32,0.7397527694702148,0.0223849806934595,6774824.0,0
649,2048.0,0.9388424158096312,0.9928675293922424,1.5738747194404823e-08,0.0014197522541508,64,64,0.5595291256904602,9.204425623465797e-06,6641242.0,0
650,2048.0,0.9663858413696288,0.9683375954627992,2.1762700086469522e-08,0.0009821265703067,448,32,0.1497975289821624,0.049710065126419,11953276.0,0
651,2048.0,0.9012496471405028,0.9809962511062622,7.350037662945397e-07,6.479319563368335e-05,32,32,0.2575350701808929,0.0014293347485363,13698345.0,0
652,512.0,0.955345094203949,0.97847181558609,2.1575567643594693e-07,0.0008926976006478,32,32,0.6993412375450134,1.617532871023286e-05,2750660.0,0
653,2048.0,0.928910791873932,0.9597864747047424,1.7257541173876237e-07,0.0010133514879271,512,128,0.5548056960105896,0.0001542144600534,11423104.0,0
654,4096.0,0.9310564994812012,0.9890447854995728,2.822450539952115e-07,0.001858317060396,32,32,0.1840082108974456,8.708472887519747e-05,57012680.0,0
656,4096.0,0.9075915813446044,0.9938440918922424,9.396745213052782e-07,0.0010813149856403,64,128,0.5567436814308167,0.1614801883697509,22101032.0,0
657,2048.0,0.9800041317939758,0.9958540797233582,3.842858404823346e-07,0.0037597722839564,64,192,0.2966202199459076,0.0031287691090255,4709746.0,0
659,4096.0,0.964143693447113,0.9538285732269288,2.2837062019220863e-08,0.0129208164289593,192,384,0.2986141443252563,0.0170149207115173,17704371.0,0
661,4096.0,0.9305168390274048,0.9753404259681702,8.360894554471089e-08,8.945315494202077e-05,320,384,0.6673142313957214,0.000215571722947,55255500.0,0
662,4096.0,0.9243627190589904,0.964320421218872,2.579632152333033e-08,0.013908983208239,32,32,0.2357822209596634,0.000161528456374,23482384.0,0
663,4096.0,0.9511858820915222,0.9535460472106934,1.1902161922705544e-08,2.041337575064972e-05,256,32,0.0174856334924697,0.0241695661097764,49903353.0,0
664,512.0,0.965986967086792,0.9716015458106996,1.3145826649463288e-08,0.0304269697517156,128,384,0.5645552277565002,0.0002165133046219,800658.0,1
666,4096.0,0.9288300275802612,0.9835487604141236,4.2941767475213055e-08,0.0045375521294772,192,320,0.4898113310337066,1.202578096126672e-05,31920612.0,0
669,2048.0,0.9240200519561768,0.956932008266449,3.834497022126017e-07,0.0199246574193239,64,320,0.071401834487915,0.000731129432097,4475502.0,0
670,4096.0,0.9047068357467652,0.9924823045730592,9.658843964643893e-07,0.0487985908985137,512,256,0.3122217059135437,0.0461601763963699,58027500.0,1
671,2048.0,0.906103491783142,0.957736313343048,4.370479871340649e-07,8.509841427439824e-05,256,192,0.0879657268524169,0.0011193562531843,5520636.0,0
672,2048.0,0.9280298948287964,0.991129457950592,1.2030729301670816e-08,0.0001139674714067,320,384,0.1998597979545593,2.0238885554135777e-06,11342522.0,0
674,4096.0,0.9342371225357056,0.9614412784576416,5.1914793175456e-07,0.0013369984226301,32,256,0.1008476614952087,0.0701526552438736,17188080.0,0
675,512.0,0.9619473218917848,0.9632145166397096,6.580405624845298e-07,0.0002173602988477,32,512,0.5283353328704834,0.0396969690918922,3018110.0,0
676,512.0,0.963975429534912,0.98209148645401,1.3432157608406214e-08,0.0470233149826526,192,512,0.6559659242630005,0.1784661710262298,1880890.0,0
677,512.0,0.9389488101005554,0.9921340942382812,1.5802102382167504e-07,3.6348945286590606e-05,192,128,0.0510201752185821,0.000650295172818,3261206.0,0
678,2048.0,0.9555275440216064,0.9960711002349854,3.26152687080139e-08,0.0022207463625818,32,448,0.0073816180229187,0.0301304440945386,12824862.0,0
679,4096.0,0.930255889892578,0.9504504203796388,3.0073998402713193e-08,0.0027214849833399,64,384,0.4001735150814056,8.034783604671247e-06,30728250.0,0
682,2048.0,0.9285551309585572,0.989688515663147,2.234827860547739e-07,1.861742202891037e-05,32,192,0.4061712920665741,0.0348409712314605,8041072.0,0
683,2048.0,0.971824586391449,0.960230827331543,1.870085064581417e-08,0.0036168445367366,512,320,0.7480868697166443,0.0106929279863834,3515356.0,0
684,512.0,0.9624322056770324,0.9688680768013,1.803222033913699e-07,0.014600140042603,192,128,0.2748097479343414,0.0057219183072447,1802716.0,0
685,2048.0,0.9896178245544434,0.9603399634361268,6.346627401399019e-07,0.0007169914897531,128,384,0.446647971868515,0.0231850873678922,10288928.0,0
686,512.0,0.9127867817878724,0.9639087319374084,1.5646969586669004e-07,0.0001369142992189,320,64,0.5575223565101624,2.0695890725619392e-06,3220678.0,0
687,4096.0,0.9674606323242188,0.9832861423492432,1.2064853116555696e-08,0.0001118841828429,64,64,0.2611145973205566,5.621827313007088e-06,16787334.0,0
688,4096.0,0.9739858508110046,0.9512640237808228,8.204065125028137e-07,0.000516812200658,320,256,0.4560167193412781,0.0009114094427786,18331216.0,0
689,512.0,0.9596716165542604,0.9501060843467712,1.0094511893044e-08,0.0352042950689792,448,32,0.7323180437088013,0.0027729391586035,967568.0,0
690,4096.0,0.9766128659248352,0.96916401386261,8.02216533202227e-08,0.002238973043859,320,512,0.1370327174663543,0.0005032424232922,16338921.0,0
691,4096.0,0.910982072353363,0.98928701877594,3.083130195591366e-07,2.642694926180411e-05,512,320,0.0659257471561431,4.0348852053284645e-05,45765416.0,0
694,512.0,0.9813023805618286,0.972300946712494,3.954034966113795e-08,4.366268331068568e-05,32,384,0.4465217292308807,5.255744326859713e-06,2660710.0,0
696,2048.0,0.9461186528205872,0.9673557877540588,4.3675882466232e-07,0.0410270988941192,384,192,0.3396582305431366,0.0015228871488943,6422308.0,1
697,512.0,0.9021421074867249,0.9808470606803894,1.33984334738102e-08,0.0022720443084836,32,128,0.5116174221038818,0.0016168419970199,3157344.0,0
698,4096.0,0.9764643907546996,0.9621509909629822,1.2474173161081126e-07,0.0019214826170355,384,64,0.0755297988653183,0.0079108923673629,36724800.0,0
701,4096.0,0.96660178899765,0.9641590118408204,2.4355410133125588e-08,0.0034398003481328,64,384,0.2313497364521026,7.953200110932812e-05,50518602.0,0
702,4096.0,0.9040809869766236,0.9589679837226868,6.79089282584755e-08,0.0099093606695532,320,32,0.5856932401657104,8.063027780735865e-05,18088500.0,0
703,4096.0,0.9763227701187134,0.9552684426307678,8.539306151078564e-08,3.2214193197432905e-05,64,64,0.1137152016162872,0.0135002378374338,41755798.0,0
704,4096.0,0.9418999552726746,0.9625991582870485,1.0890881441127941e-07,0.0118537722155451,192,448,0.2188452780246734,0.0031466633081436,18887008.0,1
705,2048.0,0.9890995025634766,0.9819403886795044,9.211191240865446e-07,7.884996011853218e-05,64,512,0.5406507253646851,0.0019073406001552,12568272.0,0
706,4096.0,0.9002363681793213,0.9758925437927246,3.073930443520112e-08,1.326266738033155e-05,192,384,0.1991525888442993,2.624945182105876e-06,19005300.0,0
707,2048.0,0.963424026966095,0.9563716650009156,1.2457119780151515e-08,0.0001560352538945,448,32,0.6161974668502808,0.0004278058186173,3665568.0,0
708,2048.0,0.9025150537490844,0.9606370329856871,5.427299925031548e-07,1.2715536286123095e-05,128,64,0.6656632423400879,0.000453272514278,3958914.0,0
709,4096.0,0.9752888679504396,0.96268892288208,3.0522625138473813e-07,3.5886499972548336e-05,192,32,0.6989135146141052,0.0045973351225256,45286280.0,0
710,4096.0,0.94383704662323,0.978172242641449,7.24334256574366e-07,0.0024542140308767,32,64,0.4633446931838989,0.0240133106708526,28767015.0,0
711,4096.0,0.9840881824493408,0.9651283025741576,4.8100940119866216e-08,0.0097386492416262,256,32,0.2233378887176513,0.0007276867982,17364312.0,0
712,2048.0,0.9258572459220886,0.992051362991333,1.5755746929357883e-08,4.115482806810178e-05,448,192,0.6223254203796387,0.0001205115913762,11707312.0,0
713,4096.0,0.9122406244277954,0.9677098393440248,1.4364965217339432e-08,0.0002077247481793,192,192,0.4810972809791565,2.320498242625036e-05,19053168.0,0
714,4096.0,0.96254563331604,0.966092586517334,1.0786832405074165e-07,1.8686172552406788e-05,320,128,0.4949513673782348,0.0139028094708919,34889952.0,0
715,2048.0,0.9133076667785645,0.98757404088974,6.465618440643084e-08,0.0058751315809786,192,32,0.7283106446266174,0.0002331143914489,4231208.0,0
716,2048.0,0.91781884431839,0.9628180861473083,2.709506077280821e-07,2.469330866006203e-05,448,384,0.4318156242370605,5.1312272262293845e-05,12869547.0,0
717,4096.0,0.9784989356994628,0.9577159285545348,2.52343905771113e-08,1.769793925632257e-05,384,384,0.272748589515686,8.690532013133634e-06,16800936.0,0
720,4096.0,0.96131032705307,0.9874699115753174,2.089882755740291e-08,0.0008325019734911,128,384,0.6408007144927979,3.273274387538549e-06,23801340.0,0
721,4096.0,0.9657939672470092,0.9803287386894226,1.3001927356981469e-07,0.0496924817562103,384,32,0.3120264410972595,6.917732389410958e-05,35203236.0,1
722,2048.0,0.9480264186859132,0.9630764126777648,7.150691772039863e-07,1.5105070815479849e-05,32,192,0.1220760494470596,8.709323992661666e-06,11678280.0,0
723,512.0,0.9071304202079772,0.9638051390647888,2.018568245887309e-08,0.0201700422912836,512,64,0.2678531408309936,3.3990236261161044e-05,955768.0,1
724,512.0,0.9014256596565248,0.9920201301574708,2.0810732337395168e-07,1.4972692952142095e-05,64,384,0.3884475231170654,3.707542646225193e-06,2959272.0,0
725,2048.0,0.9555522203445436,0.990818977355957,4.673069042837597e-07,0.0169538799673318,64,512,0.1732200980186462,0.007868860848248,5688022.0,1
726,2048.0,0.9342331886291504,0.9857233762741088,6.99803095471907e-08,0.0145653719082474,384,384,0.2594542503356933,4.8856491048354656e-05,7805154.0,1
727,512.0,0.9317865967750548,0.9710580110549928,1.1919495612744413e-08,0.008015589788556,32,32,0.6861693263053894,4.044642082590144e-06,1332274.0,0
729,4096.0,0.9010194540023804,0.9597573280334472,1.264323046257232e-08,1.78710379259428e-05,192,128,0.1728154420852661,0.0898274704813957,17951082.0,0
730,4096.0,0.984088897705078,0.9556021094322203,2.625855302085256e-07,0.0018088025972247,128,384,0.0586971491575241,0.067154012620449,35037330.0,0
731,4096.0,0.9691925644874572,0.965609848499298,1.0288882634768016e-07,1.7267271687160246e-05,64,128,0.2915956377983093,0.0308339074254035,20983520.0,0
732,512.0,0.9723543524742126,0.9621240496635436,4.326444980051748e-08,0.0062649007886648,384,32,0.0102930217981338,0.001160682993941,2020408.0,0
733,4096.0,0.9839032888412476,0.9567092657089232,5.3988788550896094e-08,0.0132553661242127,256,256,0.5602428913116455,2.690505971258972e-05,23067520.0,0
734,4096.0,0.9598166942596436,0.9590059518814088,3.5400230302684577e-08,0.0002172703534597,320,32,0.0946898907423019,0.0001169921306427,28964395.0,0
736,4096.0,0.9189704656600952,0.9553720951080322,5.240696054897853e-07,3.943297269870527e-05,64,320,0.0534755140542984,0.0003057254652958,22963516.0,0
737,4096.0,0.9012885689735411,0.992712676525116,5.001470526622143e-07,0.0001349028752883,128,448,0.3917472660541534,0.0090733431279659,22236092.0,0
738,2048.0,0.9579198956489564,0.9621215462684632,6.47694946565025e-08,0.0033341199159622,384,128,0.6152057647705078,0.0002679483732208,5980120.0,0
739,4096.0,0.9163507223129272,0.9613075256347656,4.070113845955348e-08,0.0019643928389996,32,256,0.5866997241973877,0.1613524109125137,40777457.0,0
740,2048.0,0.9483132362365724,0.9610872268676758,8.582986765759416e-08,4.775086199515499e-05,448,448,0.5668057799339294,2.006620434258366e-06,5267268.0,0
741,2048.0,0.9079995155334472,0.9989610314369202,4.598709324454831e-08,0.0012695441255345,320,256,0.7387323379516602,0.0185438431799411,9404188.0,0
742,4096.0,0.9809274077415466,0.9988934397697448,1.1389080611934332e-07,0.0173607133328914,448,320,0.5512298345565796,1.1735988891814486e-06,36316980.0,1
743,2048.0,0.9342462420463562,0.9815286993980408,4.91044318096101e-07,0.0005058076931163,512,32,0.6628249287605286,4.038101451442344e-06,6481422.0,0
744,2048.0,0.94681978225708,0.9588746428489684,9.457740901552825e-08,0.0051872413605451,64,32,0.634840726852417,4.039497798657976e-05,4421888.0,0
745,2048.0,0.9889791011810304,0.9728335738182068,7.907843837529072e-07,0.001187025452964,128,32,0.449052482843399,0.0030985763296484,5315140.0,0
746,512.0,0.942402720451355,0.9850707650184632,7.906479027042224e-07,3.944053241866641e-05,32,320,0.2156352549791336,4.069887290825136e-05,2207996.0,0
747,2048.0,0.953227162361145,0.9636657238006592,8.338359691606456e-08,0.0220566987991333,64,32,0.2910996675491333,0.1570553183555603,10903734.0,0
748,2048.0,0.9052739143371582,0.9566965103149414,9.36220885705552e-07,0.0098565844818949,64,512,0.0007840991020202,1.749976036080625e-05,9136882.0,0
750,4096.0,0.9197207093238832,0.994812786579132,1.9041161536392792e-08,1.584659366926644e-05,448,32,0.2266998589038849,0.0436613336205482,31528902.0,0
752,4096.0,0.9168118834495544,0.9611911177635192,1.1773975217010957e-07,0.0001370772224618,32,32,0.2631535828113556,0.0319370403885841,51436620.0,0
753,2048.0,0.9748008847236632,0.9794965982437134,1.2278003680421534e-07,3.057410503970459e-05,512,128,0.7370010614395142,5.404584589996375e-05,4919522.0,0
754,4096.0,0.9448335766792296,0.9646621942520142,1.456114802067532e-07,0.0112835932523012,32,32,0.197946086525917,0.0551307089626789,28051490.0,0
755,2048.0,0.913621723651886,0.9873483777046204,2.1807451844324532e-08,4.802061812370084e-05,64,384,0.3292054533958435,1.649262776481919e-05,14514744.0,0
756,4096.0,0.9343958497047424,0.9512946009635924,5.344069791135553e-07,0.0175274964421987,64,128,0.2545636296272278,1.6545449398108758e-05,15564588.0,0
757,4096.0,0.9392225742340088,0.9820179343223572,3.4312338925701624e-07,8.692376286489889e-05,64,384,0.1799782812595367,2.754057277343236e-05,53358381.0,0
758,4096.0,0.9701554179191588,0.9979196786880492,9.554762669949925e-08,1.1661612006719224e-05,384,256,0.2844052910804748,2.3788518319634022e-06,37733367.0,0
759,4096.0,0.958126187324524,0.9615432024002076,1.1651889231245605e-08,6.552714330609888e-05,192,384,0.284724622964859,0.0258540567010641,48872214.0,0
760,2048.0,0.9742568135261536,0.96431165933609,6.505720762106648e-07,0.018398217856884,64,192,0.3676738739013672,7.243560048664221e-06,14534991.0,0
761,2048.0,0.908309280872345,0.9663039445877076,8.891697689250577e-07,1.010285814118106e-05,320,384,0.1951172947883606,8.68879578774795e-05,10671920.0,0
762,4096.0,0.9340527653694152,0.9608696103096008,8.849293919865887e-08,0.0015056761913001,32,32,0.3935686349868774,1.6622304883640029e-06,18988456.0,0
763,512.0,0.9631739258766174,0.9874343276023864,3.001636343924474e-07,0.0014528289902955,256,32,0.60080885887146,0.0942187681794166,2800870.0,0
764,4096.0,0.9208267331123352,0.9575875997543336,3.8389515566450434e-08,0.0028791909571737,128,384,0.2039975076913833,0.0001482353254687,35332998.0,0
765,2048.0,0.965058207511902,0.962397038936615,1.53309667183521e-08,0.0357696302235126,256,256,0.691774845123291,6.314084657788044e-06,9965102.0,1
766,2048.0,0.9740434885025024,0.995771050453186,1.4161367190013152e-08,0.0128183588385581,192,320,0.6975204944610596,2.965417479572352e-06,5026544.0,0
768,512.0,0.972015142440796,0.9977912902832032,2.8245375460755895e-07,0.0013951162109151,256,320,0.0707978457212448,5.293829417496454e-06,2628324.0,0
769,4096.0,0.9567492008209229,0.9884928464889526,4.862878100198032e-08,9.905802289722487e-05,64,320,0.6534211039543152,2.4917055725381942e-06,55523060.0,0
770,2048.0,0.9573999643325806,0.9738330245018004,2.3083485345409843e-08,0.0001578947267262,512,256,0.6928189992904663,2.001404936891049e-06,5707712.0,0
771,4096.0,0.9744071364402772,0.9914757609367372,5.092927040095674e-07,0.0078484453260898,256,192,0.5714648365974426,0.0203507002443075,54807760.0,0
772,4096.0,0.931934118270874,0.9734877347946168,9.152832092240717e-08,0.0152658205479383,320,384,0.1283087432384491,6.888433745189104e-06,31294008.0,0
773,2048.0,0.9855205416679382,0.9800970554351808,1.6564213112246762e-08,0.0001335832203039,256,448,0.2687022686004638,2.257896085211541e-05,8460038.0,0
774,2048.0,0.936820149421692,0.9941741824150084,3.145411824334588e-07,0.0034961826168,32,256,0.6709988117218018,0.081955075263977,5614806.0,0
777,2048.0,0.9048242568969728,0.975762128829956,1.549486654539578e-07,0.0062576993368566,192,128,0.6147018074989319,0.0168697293847799,6129798.0,0
778,4096.0,0.9244187474250792,0.9508848786354064,1.7698452481340613e-08,4.378582161734812e-05,32,448,0.2600797712802887,0.0003106169460806,21321604.0,0
780,4096.0,0.9022136926651,0.9803157448768616,2.0805998701689532e-08,3.427028423175216e-05,64,32,0.6190658807754517,4.964387699146755e-06,48255129.0,0
781,4096.0,0.9626160264015198,0.988148868083954,6.890861072861298e-07,0.028719238936901,384,32,0.2007056325674057,0.0095717506483197,31668882.0,1
786,4096.0,0.9228271842002868,0.9930325746536256,1.5604112491018898e-07,6.738762749591842e-05,320,64,0.2260340899229049,4.064224413014017e-05,15133827.0,0
787,2048.0,0.9141964316368104,0.9957840442657472,4.2115237874895683e-07,0.038391500711441,64,64,0.1905502527952194,1.504314582234656e-06,9525990.0,0
788,4096.0,0.9178927540779114,0.9894633293151855,1.720646451985886e-07,1.5723124306532554e-05,320,256,0.3976460099220276,0.0021288830321282,37835924.0,0
789,4096.0,0.9056898951530457,0.955510437488556,7.101570531631296e-07,0.0019389414228498,448,32,0.2423549741506576,3.359382026246749e-05,47008112.0,0
790,4096.0,0.9307803511619568,0.991560161113739,4.158059851988583e-08,0.0051150601357221,320,512,0.1444709748029709,0.0041589308530092,42990224.0,0
791,4096.0,0.949961483478546,0.9735727906227112,6.230761186998279e-07,2.0933786800014783e-05,512,320,0.6051905751228333,0.1484565287828445,27667330.0,0
792,4096.0,0.9041739106178284,0.9776235818862916,1.4159078887132637e-07,3.384916271897964e-05,384,384,0.7087945342063904,0.0019665691070258,48666834.0,0
793,4096.0,0.9349603056907654,0.9951770901679992,2.4587524904973186e-08,0.0047711580991744,192,32,0.2504310011863708,5.214207249082392e-06,31732290.0,0
794,4096.0,0.9323176145553588,0.997827172279358,3.086698825427448e-07,8.15734892967157e-05,32,384,0.104977011680603,0.0788063332438469,44898568.0,0
795,4096.0,0.9786415100097656,0.9624011516571044,4.7668004299339373e-07,7.696393004152924e-05,32,128,0.2532883286476135,0.0013598317746073,41636035.0,0
796,4096.0,0.970549464225769,0.9731929302215576,8.37042009038669e-08,0.0010280851274728,384,192,0.4538588225841522,1.8815100702340715e-05,34073322.0,0
797,2048.0,0.9302574396133424,0.9902585744857788,2.508482452867611e-07,0.0039508049376308,32,128,0.4345879554748535,0.0115659581497311,6580056.0,0
798,2048.0,0.9206139445304872,0.9961204528808594,2.052955636600018e-07,0.0453689657151699,384,64,0.0394379943609237,0.0249320585280656,11339370.0,0
799,4096.0,0.9055331945419312,0.9728256464004515,1.1686187129100745e-08,1.7073523849830963e-05,32,64,0.0013937652111053,0.0346840620040893,30445428.0,0
800,2048.0,0.9203229546546936,0.9546242356300354,7.08158864881625e-08,4.050368443131447e-05,512,64,0.3865078091621399,0.0001569216838106,9399006.0,0
801,2048.0,0.9212656021118164,0.9936155080795288,4.693976904945885e-07,0.000280933396425,64,384,0.3170581459999084,0.0007225332665257,5552468.0,0
802,512.0,0.903960645198822,0.9563000202178956,1.7714526734380346e-08,0.0004454702429939,320,32,0.0026345551013946,4.498830094235018e-06,3047860.0,0
805,4096.0,0.962011992931366,0.9612217545509338,7.115813787095249e-07,1.1347611689416226e-05,64,512,0.0358800441026687,1.5670102584408596e-05,26342620.0,0
806,4096.0,0.9509441256523132,0.9512495398521424,9.368277176236006e-08,0.0086355339735746,192,384,0.4403904676437378,9.465461334912106e-05,22610360.0,0
807,512.0,0.9018624424934388,0.9737197160720824,2.066263782296573e-08,0.0040093413554131,448,32,0.7306811809539795,1.3540336567530176e-06,1007144.0,0
808,4096.0,0.9651268720626832,0.974484384059906,8.363115853171621e-07,0.0001721596199786,128,64,0.6431725025177002,0.0175964329391717,35439888.0,0
809,4096.0,0.9864567518234252,0.972605049610138,2.193875445755112e-07,0.0003741977852769,192,32,0.4195998609066009,0.0031486325897276,24404510.0,0
810,4096.0,0.954338788986206,0.9621790647506714,1.0080663770395405e-07,0.0251575279980897,32,64,0.2353689819574356,1.9554190657800063e-06,44566320.0,0
811,512.0,0.957794427871704,0.9860699772834778,2.0974192693756777e-07,0.005601670127362,256,32,0.1726487427949905,0.0022230369504541,2141012.0,0
812,4096.0,0.9265134334564208,0.9910634756088256,3.377187169917306e-07,0.0356392860412597,448,192,0.4400448203086853,0.0707631781697273,49368861.0,0
814,4096.0,0.9414361119270324,0.993569314479828,7.7710645030038e-08,0.0006994932773523,320,128,0.2569262981414795,1.381927177135367e-05,32005344.0,0
816,512.0,0.9802072644233704,0.9965373277664183,1.9337658585527613e-08,0.0021238813642412,448,384,0.1648499965667724,0.052200935781002,1553558.0,0
817,4096.0,0.92986661195755,0.979430615901947,1.5957228427510017e-08,0.00091148680076,384,384,0.604487955570221,0.0213064309209585,53608761.0,0
818,4096.0,0.9135906100273132,0.9741359353065492,3.102989154513125e-08,0.0113556301221251,128,128,0.1485518664121627,0.0823094248771667,23021308.0,0
819,4096.0,0.9126949310302734,0.9912066459655762,2.769625950804766e-07,0.0281521435827016,192,64,0.6373867988586426,0.0118168639019131,55192850.0,0
820,4096.0,0.9401702880859376,0.973501443862915,2.432441021937848e-07,1.21111334010493e-05,128,384,0.6800131797790527,0.0124425897374749,24233540.0,0
821,512.0,0.959567129611969,0.9855000972747804,9.46288309933152e-08,0.0002048263268079,384,32,0.6589243412017822,0.0002735220768954,2603734.0,0
824,2048.0,0.96798974275589,0.9726138710975648,9.207023765611669e-08,0.0001293810928473,64,384,0.0425725132226944,0.0002962602302432,3752074.0,0
825,4096.0,0.9536207318305968,0.9572393894195556,8.736013796806219e-07,0.0006112019764259,64,512,0.0319204777479171,1.0213537279923912e-05,22806688.0,0
826,2048.0,0.903805375099182,0.974668025970459,4.7353665877381e-08,0.0010804733028635,384,384,0.6085948348045349,0.0019681355915963,4568826.0,0
827,2048.0,0.9216320514678956,0.9614999294281006,1.888033729358085e-08,4.567160431179218e-05,32,32,0.18329519033432,0.0046436642296612,12070977.0,0
828,512.0,0.9333948493003844,0.9591659307479858,2.27410353659252e-07,0.0110076498240232,384,448,0.6567091941833496,1.67309292464779e-06,713882.0,0
829,4096.0,0.95371675491333,0.9822376370429992,2.606767850465985e-07,0.0357790142297744,192,128,0.7123664617538452,0.0002560272987466,31473936.0,1
830,2048.0,0.9657792448997498,0.994937777519226,1.343140922926978e-07,0.0003090508980676,128,384,0.0449823886156082,2.7281839720672e-06,7662770.0,0
833,512.0,0.9171444773674012,0.9785397052764891,3.572717943711724e-08,2.9937975341454148e-05,256,256,0.0231311917304992,0.0001104260954889,1670142.0,0
835,4096.0,0.9759035110473632,0.9906141757965088,1.646978944336297e-07,0.0003542992053553,128,512,0.2778286337852478,0.0001674766099313,16566129.0,0
837,2048.0,0.985905647277832,0.9738970398902892,1.978925467938097e-08,0.000150941486936,128,448,0.1583831906318664,0.0143261682242155,14413836.0,0
838,4096.0,0.9792423248291016,0.9877562522888184,1.1275292877144238e-07,0.0446127541363239,384,128,0.391059935092926,0.0023751412518322,14737959.0,1
839,2048.0,0.9780057668685912,0.9606963992118835,7.246455169251932e-08,0.0173257738351821,32,256,0.633814811706543,0.0012690206058323,14525994.0,1
841,4096.0,0.9802428483963012,0.9640346765518188,6.969525401245846e-08,0.0001382264017593,320,256,0.0252053439617156,6.401036807801574e-05,55853240.0,0
842,512.0,0.9059628844261168,0.976640284061432,1.411071224310945e-07,0.0022008549422025,448,320,0.596746027469635,0.0299151893705129,2620728.0,0
843,2048.0,0.9789599776268004,0.9784963130950928,4.8446494815834746e-08,0.0004094562027603,512,32,0.0027768462896347,1.0956565347441938e-05,3897120.0,0
844,2048.0,0.9347883462905884,0.9956400394439696,2.0666343303332724e-08,0.0099401837214827,64,32,0.2457489520311355,8.949074072006624e-06,14232912.0,0
848,512.0,0.9364815354347228,0.95985347032547,3.716392527053358e-08,0.0008171683875843,64,512,0.6266960501670837,1.6682510022292265e-06,2031148.0,0
850,512.0,0.978471338748932,0.9691247344017028,8.175724275361065e-08,0.0042905998416244,448,32,0.2805434465408325,3.332423602842028e-06,1523568.0,0
852,4096.0,0.920281171798706,0.9863195419311525,3.238448442743902e-08,0.0003470699011813,32,32,0.3158733248710632,3.4444747143425047e-06,17050383.0,0
853,4096.0,0.9282532334327698,0.9804882407188416,8.343960189449717e-08,0.0087082162499427,512,128,0.1703979223966598,0.0002922069688793,18181208.0,0
854,4096.0,0.9866247177124025,0.9838254451751708,1.5348843973583826e-08,0.0052194166928529,32,32,0.0366493016481399,0.0079351924359798,47003256.0,0
856,4096.0,0.938825249671936,0.9718747138977052,2.509299434905188e-08,7.618204836035147e-05,64,128,0.3657178580760956,0.0027139130979776,30057666.0,0
857,512.0,0.9354344606399536,0.9884693622589112,1.6685190473708644e-07,0.0023688187357038,64,192,0.1949064284563064,9.069155203178524e-05,1722662.0,0
859,2048.0,0.9489009380340576,0.9951341152191162,3.165489772527508e-07,0.0037872644606977,192,384,0.5465030670166016,0.0235807858407497,7858272.0,0
860,4096.0,0.9465381503105164,0.9847990870475768,1.2750780875592229e-08,0.0001862682693172,64,192,0.5623468160629272,0.0003977419401053,39421648.0,0
861,4096.0,0.9054633975028992,0.966497838497162,1.2141680549859757e-08,0.023803636431694,320,384,0.4966344833374023,0.0003878235875163,31125438.0,1
862,4096.0,0.9001145362854004,0.9507279396057128,7.002544322176618e-08,0.0428736433386802,32,32,0.4231431484222412,2.508474153728457e-06,24727915.0,0
864,4096.0,0.9338601231575012,0.9617069959640504,7.385183380392846e-07,0.0066357278265058,128,384,0.329445481300354,0.0254602916538715,51220800.0,0
865,2048.0,0.9378552436828612,0.9604586362838744,1.043817388080015e-08,0.0002586046757642,256,256,0.3966005444526672,2.732265420490876e-05,10219854.0,0
866,512.0,0.9498537182807922,0.9886526465415956,1.1253233012098462e-08,0.010241424664855,192,320,0.7003205418586731,0.0009484690381214,1713302.0,0
867,512.0,0.9167924523353576,0.97778582572937,1.8787773115036546e-07,0.0336230061948299,64,128,0.3743017911911011,6.286029383772984e-05,2320342.0,1
868,2048.0,0.9003260731697083,0.9969547390937804,1.2371953062029206e-07,2.5411834940314293e-05,256,320,0.4693037271499634,0.0012047034688293,6074512.0,0
870,4096.0,0.9583988189697266,0.9611250162124634,1.0152191975976168e-07,4.851846460951492e-05,512,256,0.3449926972389221,3.790246773860417e-05,40409222.0,0
871,512.0,0.9151410460472108,0.9601653218269348,3.6525156588140817e-07,0.0001091152371373,256,192,0.2778809070587158,0.0042731571011245,2291952.0,0
872,4096.0,0.959298849105835,0.956121027469635,7.963635653140955e-07,0.0437891446053981,320,384,0.6218627691268921,2.173353095713537e-05,42582816.0,1
874,2048.0,0.9318030476570128,0.9574135541915894,3.3675757293849535e-08,0.0166655294597148,32,256,0.4063424468040466,0.0032194387167692,8924702.0,0
875,2048.0,0.9233314394950868,0.9631063938140868,2.2166760871300546e-08,0.0116441380232572,32,512,0.482609748840332,9.177088031719904e-06,11494572.0,1
876,4096.0,0.9761517643928528,0.9616665244102478,2.703508705792501e-08,0.0103695122525095,192,512,0.0024199336767196,0.0106680337339639,32548740.0,1
877,4096.0,0.930586874485016,0.9658735394477844,3.1682546364208974e-08,0.0014515367802232,192,128,0.0121020376682281,0.0575047135353088,23262504.0,0
878,2048.0,0.9604252576828004,0.9509064555168152,1.6612027309292898e-07,0.0151257794350385,32,448,0.6582374572753906,0.0032777087762951,12876921.0,1
879,512.0,0.9556375741958618,0.9931798577308656,5.722203511027146e-08,0.0016838017618283,64,384,0.3539154231548309,2.7599323857430136e-06,2240088.0,0
880,2048.0,0.9336204528808594,0.9718897938728333,5.00612529208411e-08,0.0010263501899316,64,32,0.4568657875061035,1.0455589745106408e-06,8173404.0,0
881,512.0,0.954407036304474,0.9509003162384032,2.954540789801285e-08,0.0007034358568489,384,32,0.4033979177474975,9.289746230933815e-06,2664016.0,0
882,512.0,0.9334491491317748,0.9966832995414734,6.152860976271768e-08,0.0013433947460725,32,192,0.7467470765113831,0.0025893128477036,2813136.0,0
883,2048.0,0.9465934038162231,0.9579403400421144,7.21942896575456e-08,0.0221783202141523,512,320,0.7313108444213867,2.5148121949314373e-06,10975280.0,1
885,4096.0,0.9029327630996704,0.990623414516449,2.8109736760484345e-08,2.1578141968348064e-05,128,384,0.7248189449310303,0.003903028788045,30215442.0,0
886,2048.0,0.9236569404602052,0.9655573964118958,2.139843928716801e-07,3.840590579784475e-05,320,64,0.4736369848251343,1.2092649512851494e-06,4974744.0,0
887,512.0,0.9817160367965698,0.9697253108024596,1.5801370878421043e-08,0.0301086138933897,64,64,0.0816415697336196,1.6485126252518967e-05,2196104.0,1
888,4096.0,0.9592329263687134,0.9531940817832948,4.73717136628693e-07,0.0001255312381545,320,256,0.078046828508377,0.0106534752994775,46866000.0,0
889,2048.0,0.9876316785812378,0.9595489501953124,8.68074820914444e-08,1.0358816325606313e-05,448,32,0.0153205543756484,8.535903361917008e-06,4466530.0,0
890,512.0,0.9588276743888856,0.9844489097595216,7.62455343306101e-08,0.002785519696772,320,512,0.2621996104717254,0.000106779676571,3025832.0,0
891,2048.0,0.9360676407814026,0.96804279088974,8.561012521113298e-08,0.0276701152324676,512,320,0.5103093385696411,2.880228748836089e-06,5669730.0,1
892,4096.0,0.965106964111328,0.9684517979621888,1.2530827042667171e-08,0.0004972710739821,384,384,0.3973467946052551,0.0030136003624647,39942049.0,0
893,4096.0,0.9495134949684144,0.9899086356163024,3.2309522168816336e-08,8.155380783136934e-05,192,32,0.0328592956066131,6.477363967860583e-06,21333860.0,0
894,2048.0,0.926680624485016,0.9554418921470642,1.8108035959585322e-08,0.0351381823420524,32,384,0.0694222748279571,8.007807628018782e-05,9295674.0,1
897,512.0,0.9517539739608764,0.9620374441146852,5.7582244750165046e-08,0.0004161571268923,32,128,0.0610123425722122,6.779824616387486e-05,2896216.0,0
899,2048.0,0.9648025631904602,0.9796586632728576,9.564249694449245e-07,0.0048744357191026,32,64,0.6127667427062988,5.808971400256269e-05,11595450.0,0
900,4096.0,0.9752203822135924,0.9736139178276062,4.2485378770606985e-08,0.0012197867035865,512,64,0.6269912123680115,1.0124302889380488e-06,39315640.0,0
901,4096.0,0.9353951811790466,0.97463721036911,2.9560965231212322e-08,3.2243053283309564e-05,64,384,0.557374894618988,0.0022799365688115,15960858.0,0
902,512.0,0.9034699201583862,0.9757331013679504,6.021210765538854e-07,3.713974729180336e-05,320,32,0.2127751260995865,3.309566409370745e-06,2053006.0,0
903,2048.0,0.9567198753356934,0.9812389612197876,2.3458985864976973e-08,4.122510290471837e-05,64,64,0.1013104766607284,1.416163854628394e-06,3787212.0,0
904,4096.0,0.9690492749214172,0.9735523462295532,6.67050343849951e-08,0.0002915700897574,192,448,0.6852701306343079,0.0254795532673597,17189700.0,0
905,4096.0,0.903095841407776,0.950857937335968,7.853464722984428e-08,0.0002663052291609,64,512,0.1768603026866912,5.996103482175386e-06,30091242.0,0
906,2048.0,0.9150217175483704,0.9766896963119508,1.3793982844845232e-08,0.000331607501721,192,384,0.5785601139068604,0.0054661547765135,14422968.0,0
907,4096.0,0.950392246246338,0.9978445768356324,2.9031991743977414e-07,0.0001032099535223,448,32,0.082018107175827,0.0103661157190799,19098056.0,0
908,4096.0,0.9559999704360962,0.9959539771080016,2.6321872681478453e-08,0.0001889896666398,128,64,0.2379984855651855,3.7846952182007954e-05,57021860.0,0
909,512.0,0.9488944411277772,0.950988233089447,2.840808406290307e-07,0.031265664845705,192,32,0.0316940993070602,0.0004373480333015,981010.0,0
910,2048.0,0.9387935400009156,0.9757742285728456,5.582574402751561e-08,0.0002561401342973,32,64,0.4550697803497314,0.0096151353791356,12420651.0,0
911,4096.0,0.9185203313827516,0.9800794124603271,7.2851651111705e-07,0.0012725132983177,256,32,0.7069388628005981,0.0002842606627382,20737932.0,0
912,4096.0,0.9253856539726256,0.9642283916473388,6.511276069431915e-07,7.928179547889158e-05,448,192,0.4373739957809448,3.4602617233758792e-06,22426408.0,0
913,4096.0,0.9298305511474608,0.9697719812393188,1.4365183709230678e-08,0.0076021733693778,192,192,0.3483842015266418,0.0001414171856595,27136175.0,0
914,2048.0,0.93035089969635,0.9852902889251708,6.498270010979469e-08,0.0005131518119014,320,128,0.1037446707487106,1.094768686016323e-05,9424254.0,0
915,512.0,0.9169730544090272,0.9559515118598938,2.8944231900140952e-08,0.0327703841030597,192,32,0.0369299948215484,0.0007658298709429,2698908.0,0
916,4096.0,0.9491263031959534,0.9818517565727234,3.6055155305803055e-08,0.0001115685809054,448,384,0.5497170686721802,1.5635141608072445e-05,34335216.0,0
917,4096.0,0.9034745693206788,0.9961061477661132,6.134384875622345e-07,0.0170059483498334,384,384,0.2437978684902191,2.785127662718878e-06,34522116.0,1
919,4096.0,0.9009919762611388,0.9898918271064758,2.208758509425479e-08,0.0028506396338343,192,64,0.3274022340774536,0.0029042644891887,25042670.0,0
924,2048.0,0.965827226638794,0.977765679359436,6.487994141934905e-07,0.0030764939729124,64,384,0.4999421834945678,0.0004601190448738,12137388.0,0
925,4096.0,0.9799003005027772,0.995864748954773,5.571349674937665e-07,0.0044379024766385,64,512,0.2040920108556747,0.1496531367301941,20362128.0,0
926,2048.0,0.9650481343269348,0.9867159128189088,4.061653058329284e-08,6.599612243007869e-05,384,384,0.2212663292884826,0.0025518983602523,11937064.0,0
927,4096.0,0.950027585029602,0.957307755947113,9.18237049063464e-07,4.163923222222365e-05,32,32,0.6562358140945435,6.169630978547502e-06,29009910.0,0
928,4096.0,0.945814609527588,0.951765477657318,2.2604435656603528e-08,0.0001012462234939,384,448,0.3971575498580932,1.6589405277045444e-05,26709290.0,0
930,2048.0,0.9895525574684144,0.962471604347229,3.238942625216623e-08,0.0209293384104967,128,384,0.267594575881958,9.91823326330632e-05,8866370.0,1
931,2048.0,0.9643346667289734,0.9978066086769104,2.378161099159115e-07,1.3770371879218146e-05,64,128,0.6540777087211609,1.6636452073726105e-06,7517180.0,0
932,2048.0,0.9082124829292296,0.9578933715820312,3.3867774362761345e-08,0.0059196301735937,384,32,0.4468632936477661,7.479584837710718e-06,14420877.0,0
934,2048.0,0.9551915526390076,0.982729196548462,4.197463354671528e-08,0.0040004574693739,320,32,0.2424505054950714,1.0760273653431796e-05,5728648.0,0
935,512.0,0.970060646533966,0.9619068503379822,5.714277335755469e-07,0.0098652737215161,128,512,0.4720997214317322,4.845259809371783e-06,1917188.0,1
936,4096.0,0.9771870970726012,0.9744402766227722,3.190587847257121e-07,0.0002091916976496,64,320,0.3785356283187866,0.0003020530275534,54200510.0,0
937,512.0,0.9574475288391112,0.9695826172828674,1.1551757772565452e-08,0.0053363190963864,128,448,0.5279293656349182,0.0078684333711862,1916266.0,0
939,2048.0,0.9181739687919616,0.9674157500267028,1.2327762988206814e-07,0.0112659810110926,32,256,0.676060676574707,0.0006029560463503,12052620.0,0
940,4096.0,0.9439440369606018,0.9803242683410645,2.0576704784502908e-08,0.0110581591725349,448,448,0.5227735042572021,4.745742444356438e-06,24876020.0,1
941,2048.0,0.912068486213684,0.9761834740638732,2.2008105560189506e-08,5.8715690101962537e-05,320,256,0.5603099465370178,1.4359336546476698e-06,13427670.0,0
942,512.0,0.9140613079071044,0.9940654039382936,6.385613460224704e-08,0.0117537323385477,448,320,0.5772553086280823,2.827720709319692e-05,2723284.0,0
943,2048.0,0.9701330661773682,0.9518476724624634,1.0675929473791257e-08,0.0018301652744412,512,32,0.1801823079586029,2.317296093679033e-05,5632554.0,0
944,4096.0,0.9899874329566956,0.9641075730323792,2.99594518082813e-07,8.356084435945377e-05,64,32,0.1019901931285858,2.203961230407004e-06,37004058.0,0
945,4096.0,0.9706755876541138,0.9903382658958436,1.219299861077161e-07,0.000206814482226,128,32,0.6050506234169006,0.0423245951533317,19337004.0,0
946,4096.0,0.9483504891395568,0.9741882085800172,9.63057004810253e-07,0.0001507406705059,32,320,0.0249261260032653,0.0020883500110358,17057562.0,0
950,4096.0,0.9365485310554504,0.9953007102012634,2.86958794504244e-08,0.0009684528340585,448,32,0.545688271522522,0.0004470613203011,27100685.0,0
951,2048.0,0.9748901724815368,0.9719886183738708,1.3473880677850048e-08,4.093620736966841e-05,32,32,0.2517769336700439,0.0130625236779451,10250056.0,0
952,2048.0,0.9062938690185548,0.95552396774292,2.2846124991815493e-08,2.7875285013578832e-05,32,32,0.3389242887496948,0.0101441564038395,4360678.0,0
953,4096.0,0.9073980450630188,0.9703652262687684,7.418961445182504e-07,0.001208615489304,512,128,0.1572148203849792,2.215279209849541e-06,14839956.0,0
954,512.0,0.90065997838974,0.9922245144844056,3.762983880051252e-08,0.0189199056476354,32,32,0.0535957664251327,1.2412087926350068e-05,2333200.0,0
955,2048.0,0.9264796376228333,0.9850746393203736,8.405794460486504e-08,0.0002268797543365,64,384,0.6060153245925903,0.0006720831152051,4545960.0,0
957,2048.0,0.9525042772293092,0.9835413694381714,5.7720356494428415e-08,0.0003261430829297,64,192,0.7237932682037354,0.0038756961002945,6612010.0,0
958,2048.0,0.9107767939567566,0.9948987364768982,1.1883317796446137e-07,1.5296000128728338e-05,384,256,0.1357907205820083,3.233640427424689e-06,7030232.0,0
960,4096.0,0.9027913212776184,0.9911764860153198,1.4143092919027822e-08,2.382894672336988e-05,64,192,0.2218309789896011,1.6226158550125547e-05,40081685.0,0
961,4096.0,0.9360532164573668,0.9884565472602844,1.9841676746068515e-08,9.753473568707705e-05,320,384,0.1169467717409133,0.0268358085304498,37337671.0,0
962,512.0,0.9214980006217957,0.993612825870514,1.7658123852015706e-08,7.599012315040454e-05,32,32,0.5896716117858887,1.838855860114564e-05,1343688.0,0
964,2048.0,0.9881706237792968,0.9699535965919496,5.9160988996609376e-08,0.0001549907319713,128,384,0.1769262850284576,0.0002389085129834,8596006.0,0
965,4096.0,0.969756245613098,0.9767453670501708,6.19519582301109e-08,0.0047324690967798,256,256,0.7365576028823853,0.0005060393013991,39903521.0,0
966,4096.0,0.988236367702484,0.962989866733551,1.7991217760027214e-07,0.0079970089718699,192,320,0.6027228832244873,8.411431736021768e-06,20080020.0,0
968,512.0,0.9293003678321838,0.9826459288597108,7.643383810318483e-07,2.3743699784972705e-05,256,320,0.2943489253520965,0.0003000347351189,1297008.0,0
969,4096.0,0.9677883982658386,0.97110253572464,6.547001163426104e-08,0.0047490075230598,64,320,0.5207046270370483,4.799257567356108e-06,28738890.0,0
970,512.0,0.9697017669677734,0.9565339684486388,2.3851555397413904e-08,0.0016505467938259,512,256,0.4474427700042724,6.469835352618247e-05,910568.0,0
971,2048.0,0.9299144744873048,0.968867003917694,3.5911298823521065e-08,0.0072974250651896,256,192,0.1331056505441665,1.2925110013384256e-06,7818956.0,0
972,512.0,0.963946521282196,0.9957209825515748,1.3480608629379276e-07,0.0263585783541202,320,384,0.1919470131397247,0.0004282801528461,786932.0,0
974,4096.0,0.9202646017074584,0.9822224974632264,2.8247434613604128e-08,0.0339621305465698,32,256,0.4977263510227203,1.4456770713877631e-06,39139114.0,1
975,512.0,0.9345202445983888,0.9747648239135742,2.13671583537689e-07,0.0111498441547155,32,512,0.4561014771461487,2.2300791897578165e-06,2799382.0,1
976,2048.0,0.9064795970916748,0.9705727100372314,1.0331511646199942e-08,0.0032554396893829,192,512,0.5692749619483948,0.00026964279823,6094858.0,0
979,4096.0,0.9183148741722108,0.9793691039085388,1.476616944273701e-07,1.0404637578176336e-05,64,384,0.2777623534202575,0.009800486266613,38962329.0,0
981,2048.0,0.935717225074768,0.9975441694259644,8.637658055477004e-08,4.149810411036015e-05,384,32,0.5663676261901855,0.0021680216304957,11598348.0,0
982,2048.0,0.9479864239692688,0.9552313089370728,3.2106140679388773e-07,1.6227195374085568e-05,32,192,0.4941562414169311,0.0001923633244587,3572548.0,0
983,4096.0,0.9088097214698792,0.9796894788742064,1.3619581018531337e-08,0.0007802328909747,512,320,0.3035598993301391,0.1506394296884536,38527013.0,0
985,2048.0,0.91596257686615,0.975830852985382,2.6200705605106133e-08,0.0052939914166927,128,384,0.6325629949569702,4.04678939958103e-05,9406884.0,0
986,2048.0,0.9055492281913756,0.9835726022720336,3.718954246778594e-07,0.0067944210022687,320,64,0.310975968837738,7.504459790652618e-05,9151248.0,0
987,2048.0,0.9509448409080504,0.955258846282959,1.8185394523584364e-08,0.001946353004314,64,64,0.3419134020805359,1.638109824853018e-05,13761936.0,0
989,2048.0,0.9861358404159546,0.9680466651916504,6.675887220808363e-08,0.0025760508142411,448,32,0.0902232080698013,1.6831705806907848e-06,9033054.0,0
991,4096.0,0.913416624069214,0.9923024773597716,7.778508859246358e-08,0.0205771401524543,512,320,0.4030052423477173,4.157013336225646e-06,50081778.0,0
992,2048.0,0.9341087937355042,0.9692599773406982,2.4085679228846857e-07,0.0241916812956333,384,384,0.1057503372430801,0.016970807686448,7992092.0,1
993,4096.0,0.9808788895606996,0.9843316078186036,2.159782184207871e-07,0.000699924363289,192,32,0.7127930521965027,7.715500396443531e-05,42351744.0,0
994,4096.0,0.9488863945007324,0.9901116490364076,4.1097484881902346e-07,0.0011274208081886,32,384,0.2494719922542572,7.811281102476642e-05,35698230.0,0
995,512.0,0.9250624179840088,0.9517728686332704,6.094798976619131e-08,0.0237547997385263,32,128,0.1675426214933395,0.0001558370277052,1452756.0,1
996,4096.0,0.9278287291526794,0.96283221244812,2.3152746564392146e-07,8.658834849484265e-05,384,192,0.6587563753128052,3.098091474385001e-05,21763620.0,0
998,4096.0,0.9600234627723694,0.9734484553337096,8.022276460906141e-07,0.0003936607099603,384,64,0.3749504685401916,0.0009050820954144,19834272.0,0
999,4096.0,0.9318838119506836,0.995125651359558,1.4621937438619172e-08,0.0258877724409103,32,64,0.3256233036518097,7.391796316369437e-06,42931896.0,0
1000,4096.0,0.9776288270950316,0.9780775308609008,1.0193184962759004e-08,9.51019610511139e-05,512,64,0.5654303431510925,0.0002312555152457,18672456.0,0
